ISO-10303-21;
HEADER;
/* Generated by software containing ST-Developer
 * from STEP Tools, Inc. (www.steptools.com) 
 */
/* OPTION: using custom renumber hook */

FILE_DESCRIPTION(
/* description */ ('STEP AP214',
'CAx-IF Rec.Pracs.---User Defined Attributes---1.5---2016-08-15'),
/* implementation_level */ '2;1');

FILE_NAME(
/* name */ '6aba8ed1044beb9250fbf868',
/* time_stamp */ '2026-09-28T15:59:14Z',
/* author */ (''),
/* organization */ (''),
/* preprocessor_version */ 'ST-DEVELOPER v20',
/* originating_system */ 'ONSHAPE BY PTC INC, 1.221',
/* authorisation */ '  ');

FILE_SCHEMA (('AUTOMOTIVE_DESIGN {1 0 10303 214 3 1 1}'));
ENDSEC;

DATA;
#10=PROPERTY_DEFINITION_REPRESENTATION(#14,#12);
#11=PROPERTY_DEFINITION_REPRESENTATION(#15,#13);
#12=REPRESENTATION('',(#16),#8610);
#13=REPRESENTATION('',(#17),#8610);
#14=PROPERTY_DEFINITION('pmi validation property','',#8770);
#15=PROPERTY_DEFINITION('pmi validation property','',#8770);
#16=VALUE_REPRESENTATION_ITEM('number of annotations',COUNT_MEASURE(0.));
#17=VALUE_REPRESENTATION_ITEM('number of views',COUNT_MEASURE(0.));
#18=SHAPE_REPRESENTATION_RELATIONSHIP('','',#5305,#50);
#19=SHAPE_REPRESENTATION_RELATIONSHIP('','',#5306,#51);
#20=SHAPE_REPRESENTATION_RELATIONSHIP('','',#5307,#52);
#21=SHAPE_REPRESENTATION_RELATIONSHIP('','',#5308,#53);
#22=SHAPE_REPRESENTATION_RELATIONSHIP('','',#5309,#54);
#23=SHAPE_REPRESENTATION_RELATIONSHIP('','',#5310,#55);
#24=SHAPE_REPRESENTATION_RELATIONSHIP('','',#5311,#56);
#25=SHAPE_REPRESENTATION_RELATIONSHIP('','',#5312,#57);
#26=SHAPE_REPRESENTATION_RELATIONSHIP('','',#5313,#58);
#27=SHAPE_REPRESENTATION_RELATIONSHIP('','',#5314,#59);
#28=SHAPE_REPRESENTATION_RELATIONSHIP('','',#5315,#60);
#29=SHAPE_REPRESENTATION_RELATIONSHIP('','',#5316,#61);
#30=SHAPE_REPRESENTATION_RELATIONSHIP('','',#5317,#62);
#31=SHAPE_REPRESENTATION_RELATIONSHIP('','',#5318,#63);
#32=SHAPE_REPRESENTATION_RELATIONSHIP('','',#5319,#64);
#33=SHAPE_REPRESENTATION_RELATIONSHIP('','',#5320,#65);
#34=SHAPE_REPRESENTATION_RELATIONSHIP('','',#5321,#66);
#35=SHAPE_REPRESENTATION_RELATIONSHIP('','',#5322,#67);
#36=SHAPE_REPRESENTATION_RELATIONSHIP('','',#5323,#68);
#37=SHAPE_REPRESENTATION_RELATIONSHIP('','',#5324,#69);
#38=SHAPE_REPRESENTATION_RELATIONSHIP('','',#5325,#70);
#39=SHAPE_REPRESENTATION_RELATIONSHIP('','',#5326,#71);
#40=SHAPE_REPRESENTATION_RELATIONSHIP('','',#5327,#72);
#41=SHAPE_REPRESENTATION_RELATIONSHIP('','',#5328,#73);
#42=SHAPE_REPRESENTATION_RELATIONSHIP('','',#5329,#74);
#43=SHAPE_REPRESENTATION_RELATIONSHIP('','',#5330,#75);
#44=SHAPE_REPRESENTATION_RELATIONSHIP('','',#5331,#76);
#45=SHAPE_REPRESENTATION_RELATIONSHIP('','',#5332,#77);
#46=SHAPE_REPRESENTATION_RELATIONSHIP('','',#5333,#78);
#47=SHAPE_REPRESENTATION_RELATIONSHIP('','',#5334,#79);
#48=SHAPE_REPRESENTATION_RELATIONSHIP('','',#5335,#80);
#49=SHAPE_REPRESENTATION_RELATIONSHIP('','',#5336,#81);
#50=ADVANCED_BREP_SHAPE_REPRESENTATION('',(#5241),#8579);
#51=ADVANCED_BREP_SHAPE_REPRESENTATION('',(#5242),#8580);
#52=ADVANCED_BREP_SHAPE_REPRESENTATION('',(#5243),#8581);
#53=ADVANCED_BREP_SHAPE_REPRESENTATION('',(#5244),#8582);
#54=ADVANCED_BREP_SHAPE_REPRESENTATION('',(#5245),#8583);
#55=ADVANCED_BREP_SHAPE_REPRESENTATION('',(#5246),#8584);
#56=ADVANCED_BREP_SHAPE_REPRESENTATION('',(#5247),#8585);
#57=ADVANCED_BREP_SHAPE_REPRESENTATION('',(#5248),#8586);
#58=ADVANCED_BREP_SHAPE_REPRESENTATION('',(#5249),#8587);
#59=ADVANCED_BREP_SHAPE_REPRESENTATION('',(#5250),#8588);
#60=ADVANCED_BREP_SHAPE_REPRESENTATION('',(#5251),#8589);
#61=ADVANCED_BREP_SHAPE_REPRESENTATION('',(#5252),#8590);
#62=ADVANCED_BREP_SHAPE_REPRESENTATION('',(#5253),#8591);
#63=ADVANCED_BREP_SHAPE_REPRESENTATION('',(#5254),#8592);
#64=ADVANCED_BREP_SHAPE_REPRESENTATION('',(#5255),#8593);
#65=ADVANCED_BREP_SHAPE_REPRESENTATION('',(#5256),#8594);
#66=ADVANCED_BREP_SHAPE_REPRESENTATION('',(#5257),#8595);
#67=ADVANCED_BREP_SHAPE_REPRESENTATION('',(#5258),#8596);
#68=ADVANCED_BREP_SHAPE_REPRESENTATION('',(#5259),#8597);
#69=ADVANCED_BREP_SHAPE_REPRESENTATION('',(#5260),#8598);
#70=ADVANCED_BREP_SHAPE_REPRESENTATION('',(#5261),#8599);
#71=ADVANCED_BREP_SHAPE_REPRESENTATION('',(#5262),#8600);
#72=ADVANCED_BREP_SHAPE_REPRESENTATION('',(#5263),#8601);
#73=ADVANCED_BREP_SHAPE_REPRESENTATION('',(#5264),#8602);
#74=ADVANCED_BREP_SHAPE_REPRESENTATION('',(#5265),#8603);
#75=ADVANCED_BREP_SHAPE_REPRESENTATION('',(#5266),#8604);
#76=ADVANCED_BREP_SHAPE_REPRESENTATION('',(#5267),#8605);
#77=ADVANCED_BREP_SHAPE_REPRESENTATION('',(#5268),#8606);
#78=ADVANCED_BREP_SHAPE_REPRESENTATION('',(#5269),#8607);
#79=ADVANCED_BREP_SHAPE_REPRESENTATION('',(#5270),#8608);
#80=ADVANCED_BREP_SHAPE_REPRESENTATION('',(#5271),#8609);
#81=ADVANCED_BREP_SHAPE_REPRESENTATION('',(#5272),#8610);
#82=CYLINDRICAL_SURFACE('',#5345,0.003);
#83=CYLINDRICAL_SURFACE('',#5350,0.005);
#84=CYLINDRICAL_SURFACE('',#5354,0.005);
#85=CYLINDRICAL_SURFACE('',#5361,0.001);
#86=CYLINDRICAL_SURFACE('',#5373,0.002);
#87=CYLINDRICAL_SURFACE('',#5375,0.003);
#88=CYLINDRICAL_SURFACE('',#5378,0.009);
#89=CYLINDRICAL_SURFACE('',#5384,0.005);
#90=CYLINDRICAL_SURFACE('',#5387,0.005);
#91=CYLINDRICAL_SURFACE('',#5401,0.002);
#92=CYLINDRICAL_SURFACE('',#5403,0.00500000000000009);
#93=CYLINDRICAL_SURFACE('',#5406,0.005);
#94=CYLINDRICAL_SURFACE('',#5433,0.002);
#95=CYLINDRICAL_SURFACE('',#5434,0.002);
#96=CYLINDRICAL_SURFACE('',#5447,0.002);
#97=CYLINDRICAL_SURFACE('',#5460,0.008);
#98=CYLINDRICAL_SURFACE('',#5464,0.005);
#99=CYLINDRICAL_SURFACE('',#5479,0.01);
#100=CYLINDRICAL_SURFACE('',#5483,0.002);
#101=CYLINDRICAL_SURFACE('',#5530,0.002);
#102=CYLINDRICAL_SURFACE('',#5531,0.002);
#103=CYLINDRICAL_SURFACE('',#5541,0.004);
#104=CYLINDRICAL_SURFACE('',#5566,0.003);
#105=CYLINDRICAL_SURFACE('',#5578,0.00150000000000006);
#106=CYLINDRICAL_SURFACE('',#5599,0.005);
#107=CYLINDRICAL_SURFACE('',#5603,0.005);
#108=CYLINDRICAL_SURFACE('',#5607,0.005);
#109=CYLINDRICAL_SURFACE('',#5611,0.005);
#110=CYLINDRICAL_SURFACE('',#5614,0.002);
#111=CYLINDRICAL_SURFACE('',#5617,0.002);
#112=CYLINDRICAL_SURFACE('',#5620,0.002);
#113=CYLINDRICAL_SURFACE('',#5623,0.002);
#114=CYLINDRICAL_SURFACE('',#5644,0.002);
#115=CYLINDRICAL_SURFACE('',#5645,0.002);
#116=CYLINDRICAL_SURFACE('',#5646,0.002);
#117=CYLINDRICAL_SURFACE('',#5647,0.002);
#118=CYLINDRICAL_SURFACE('',#5661,0.002);
#119=CYLINDRICAL_SURFACE('',#5662,0.002);
#120=CYLINDRICAL_SURFACE('',#5663,0.002);
#121=CYLINDRICAL_SURFACE('',#5696,0.002);
#122=CYLINDRICAL_SURFACE('',#5697,0.002);
#123=CYLINDRICAL_SURFACE('',#5698,0.002);
#124=CYLINDRICAL_SURFACE('',#5707,0.004);
#125=CYLINDRICAL_SURFACE('',#5719,0.002);
#126=CYLINDRICAL_SURFACE('',#5721,0.004);
#127=CYLINDRICAL_SURFACE('',#5749,0.00500000000000009);
#128=CYLINDRICAL_SURFACE('',#5752,0.005);
#129=CIRCLE('',#5343,0.003);
#130=CIRCLE('',#5346,0.003);
#131=CIRCLE('',#5351,0.005);
#132=CIRCLE('',#5352,0.005);
#133=CIRCLE('',#5355,0.005);
#134=CIRCLE('',#5356,0.005);
#135=CIRCLE('',#5358,0.001);
#136=CIRCLE('',#5360,0.001);
#137=CIRCLE('',#5368,0.002);
#138=CIRCLE('',#5370,0.002);
#139=CIRCLE('',#5376,0.003);
#140=CIRCLE('',#5377,0.003);
#141=CIRCLE('',#5379,0.009);
#142=CIRCLE('',#5380,0.009);
#143=CIRCLE('',#5385,0.005);
#144=CIRCLE('',#5386,0.005);
#145=CIRCLE('',#5388,0.005);
#146=CIRCLE('',#5389,0.005);
#147=CIRCLE('',#5398,0.002);
#148=CIRCLE('',#5400,0.002);
#149=CIRCLE('',#5404,0.00500000000000009);
#150=CIRCLE('',#5405,0.00500000000000009);
#151=CIRCLE('',#5407,0.005);
#152=CIRCLE('',#5408,0.005);
#153=CIRCLE('',#5424,0.002);
#154=CIRCLE('',#5426,0.002);
#155=CIRCLE('',#5430,0.002);
#156=CIRCLE('',#5432,0.002);
#157=CIRCLE('',#5444,0.002);
#158=CIRCLE('',#5446,0.002);
#159=CIRCLE('',#5459,0.008);
#160=CIRCLE('',#5461,0.008);
#161=CIRCLE('',#5463,0.005);
#162=CIRCLE('',#5465,0.005);
#163=CIRCLE('',#5478,0.01);
#164=CIRCLE('',#5480,0.01);
#165=CIRCLE('',#5482,0.002);
#166=CIRCLE('',#5484,0.002);
#167=CIRCLE('',#5521,0.002);
#168=CIRCLE('',#5524,0.002);
#169=CIRCLE('',#5527,0.002);
#170=CIRCLE('',#5529,0.002);
#171=CIRCLE('',#5538,0.004);
#172=CIRCLE('',#5540,0.004);
#173=CIRCLE('',#5567,0.003);
#174=CIRCLE('',#5568,0.003);
#175=CIRCLE('',#5579,0.00150000000000006);
#176=CIRCLE('',#5580,0.00150000000000006);
#177=CIRCLE('',#5600,0.005);
#178=CIRCLE('',#5601,0.005);
#179=CIRCLE('',#5604,0.005);
#180=CIRCLE('',#5605,0.005);
#181=CIRCLE('',#5608,0.005);
#182=CIRCLE('',#5609,0.005);
#183=CIRCLE('',#5612,0.005);
#184=CIRCLE('',#5613,0.005);
#185=CIRCLE('',#5615,0.002);
#186=CIRCLE('',#5616,0.002);
#187=CIRCLE('',#5618,0.002);
#188=CIRCLE('',#5619,0.002);
#189=CIRCLE('',#5621,0.002);
#190=CIRCLE('',#5622,0.002);
#191=CIRCLE('',#5624,0.002);
#192=CIRCLE('',#5625,0.002);
#193=CIRCLE('',#5635,0.002);
#194=CIRCLE('',#5636,0.002);
#195=CIRCLE('',#5637,0.002);
#196=CIRCLE('',#5638,0.002);
#197=CIRCLE('',#5640,0.002);
#198=CIRCLE('',#5641,0.002);
#199=CIRCLE('',#5642,0.002);
#200=CIRCLE('',#5643,0.002);
#201=CIRCLE('',#5654,0.002);
#202=CIRCLE('',#5655,0.002);
#203=CIRCLE('',#5656,0.002);
#204=CIRCLE('',#5658,0.002);
#205=CIRCLE('',#5659,0.002);
#206=CIRCLE('',#5660,0.002);
#207=CIRCLE('',#5689,0.002);
#208=CIRCLE('',#5690,0.002);
#209=CIRCLE('',#5691,0.002);
#210=CIRCLE('',#5693,0.002);
#211=CIRCLE('',#5694,0.002);
#212=CIRCLE('',#5695,0.002);
#213=CIRCLE('',#5705,0.004);
#214=CIRCLE('',#5708,0.004);
#215=CIRCLE('',#5716,0.004);
#216=CIRCLE('',#5718,0.002);
#217=CIRCLE('',#5720,0.002);
#218=CIRCLE('',#5722,0.004);
#219=CIRCLE('',#5750,0.00500000000000009);
#220=CIRCLE('',#5751,0.00500000000000009);
#221=CIRCLE('',#5753,0.005);
#222=CIRCLE('',#5754,0.005);
#223=ORIENTED_EDGE('',*,*,#1495,.F.);
#224=ORIENTED_EDGE('',*,*,#1496,.F.);
#225=ORIENTED_EDGE('',*,*,#1497,.T.);
#226=ORIENTED_EDGE('',*,*,#1498,.T.);
#227=ORIENTED_EDGE('',*,*,#1499,.T.);
#228=ORIENTED_EDGE('',*,*,#1500,.F.);
#229=ORIENTED_EDGE('',*,*,#1501,.F.);
#230=ORIENTED_EDGE('',*,*,#1496,.T.);
#231=ORIENTED_EDGE('',*,*,#1502,.T.);
#232=ORIENTED_EDGE('',*,*,#1503,.F.);
#233=ORIENTED_EDGE('',*,*,#1504,.F.);
#234=ORIENTED_EDGE('',*,*,#1500,.T.);
#235=ORIENTED_EDGE('',*,*,#1505,.F.);
#236=ORIENTED_EDGE('',*,*,#1498,.F.);
#237=ORIENTED_EDGE('',*,*,#1506,.T.);
#238=ORIENTED_EDGE('',*,*,#1503,.T.);
#239=ORIENTED_EDGE('',*,*,#1507,.T.);
#240=ORIENTED_EDGE('',*,*,#1497,.F.);
#241=ORIENTED_EDGE('',*,*,#1501,.T.);
#242=ORIENTED_EDGE('',*,*,#1504,.T.);
#243=ORIENTED_EDGE('',*,*,#1506,.F.);
#244=ORIENTED_EDGE('',*,*,#1495,.T.);
#245=ORIENTED_EDGE('',*,*,#1505,.T.);
#246=ORIENTED_EDGE('',*,*,#1502,.F.);
#247=ORIENTED_EDGE('',*,*,#1499,.F.);
#248=ORIENTED_EDGE('',*,*,#1507,.F.);
#249=ORIENTED_EDGE('',*,*,#1508,.F.);
#250=ORIENTED_EDGE('',*,*,#1508,.T.);
#251=ORIENTED_EDGE('',*,*,#1509,.T.);
#252=ORIENTED_EDGE('',*,*,#1510,.F.);
#253=ORIENTED_EDGE('',*,*,#1511,.F.);
#254=ORIENTED_EDGE('',*,*,#1512,.T.);
#255=ORIENTED_EDGE('',*,*,#1513,.T.);
#256=ORIENTED_EDGE('',*,*,#1514,.F.);
#257=ORIENTED_EDGE('',*,*,#1515,.F.);
#258=ORIENTED_EDGE('',*,*,#1510,.T.);
#259=ORIENTED_EDGE('',*,*,#1516,.T.);
#260=ORIENTED_EDGE('',*,*,#1517,.F.);
#261=ORIENTED_EDGE('',*,*,#1518,.F.);
#262=ORIENTED_EDGE('',*,*,#1514,.T.);
#263=ORIENTED_EDGE('',*,*,#1519,.T.);
#264=ORIENTED_EDGE('',*,*,#1512,.F.);
#265=ORIENTED_EDGE('',*,*,#1520,.F.);
#266=ORIENTED_EDGE('',*,*,#1517,.T.);
#267=ORIENTED_EDGE('',*,*,#1521,.T.);
#268=ORIENTED_EDGE('',*,*,#1511,.T.);
#269=ORIENTED_EDGE('',*,*,#1515,.T.);
#270=ORIENTED_EDGE('',*,*,#1518,.T.);
#271=ORIENTED_EDGE('',*,*,#1520,.T.);
#272=ORIENTED_EDGE('',*,*,#1522,.F.);
#273=ORIENTED_EDGE('',*,*,#1509,.F.);
#274=ORIENTED_EDGE('',*,*,#1519,.F.);
#275=ORIENTED_EDGE('',*,*,#1516,.F.);
#276=ORIENTED_EDGE('',*,*,#1513,.F.);
#277=ORIENTED_EDGE('',*,*,#1521,.F.);
#278=ORIENTED_EDGE('',*,*,#1522,.T.);
#279=ORIENTED_EDGE('',*,*,#1523,.F.);
#280=ORIENTED_EDGE('',*,*,#1524,.F.);
#281=ORIENTED_EDGE('',*,*,#1525,.T.);
#282=ORIENTED_EDGE('',*,*,#1526,.T.);
#283=ORIENTED_EDGE('',*,*,#1527,.T.);
#284=ORIENTED_EDGE('',*,*,#1528,.F.);
#285=ORIENTED_EDGE('',*,*,#1529,.F.);
#286=ORIENTED_EDGE('',*,*,#1530,.F.);
#287=ORIENTED_EDGE('',*,*,#1531,.F.);
#288=ORIENTED_EDGE('',*,*,#1524,.T.);
#289=ORIENTED_EDGE('',*,*,#1532,.T.);
#290=ORIENTED_EDGE('',*,*,#1533,.F.);
#291=ORIENTED_EDGE('',*,*,#1534,.F.);
#292=ORIENTED_EDGE('',*,*,#1528,.T.);
#293=ORIENTED_EDGE('',*,*,#1535,.F.);
#294=ORIENTED_EDGE('',*,*,#1526,.F.);
#295=ORIENTED_EDGE('',*,*,#1536,.T.);
#296=ORIENTED_EDGE('',*,*,#1537,.T.);
#297=ORIENTED_EDGE('',*,*,#1538,.T.);
#298=ORIENTED_EDGE('',*,*,#1533,.T.);
#299=ORIENTED_EDGE('',*,*,#1539,.T.);
#300=ORIENTED_EDGE('',*,*,#1540,.F.);
#301=ORIENTED_EDGE('',*,*,#1529,.T.);
#302=ORIENTED_EDGE('',*,*,#1534,.T.);
#303=ORIENTED_EDGE('',*,*,#1538,.F.);
#304=ORIENTED_EDGE('',*,*,#1541,.F.);
#305=ORIENTED_EDGE('',*,*,#1523,.T.);
#306=ORIENTED_EDGE('',*,*,#1535,.T.);
#307=ORIENTED_EDGE('',*,*,#1532,.F.);
#308=ORIENTED_EDGE('',*,*,#1527,.F.);
#309=ORIENTED_EDGE('',*,*,#1540,.T.);
#310=ORIENTED_EDGE('',*,*,#1537,.F.);
#311=ORIENTED_EDGE('',*,*,#1542,.F.);
#312=ORIENTED_EDGE('',*,*,#1530,.T.);
#313=ORIENTED_EDGE('',*,*,#1525,.F.);
#314=ORIENTED_EDGE('',*,*,#1531,.T.);
#315=ORIENTED_EDGE('',*,*,#1542,.T.);
#316=ORIENTED_EDGE('',*,*,#1536,.F.);
#317=ORIENTED_EDGE('',*,*,#1539,.F.);
#318=ORIENTED_EDGE('',*,*,#1541,.T.);
#319=ORIENTED_EDGE('',*,*,#1543,.T.);
#320=ORIENTED_EDGE('',*,*,#1544,.F.);
#321=ORIENTED_EDGE('',*,*,#1545,.F.);
#322=ORIENTED_EDGE('',*,*,#1546,.T.);
#323=ORIENTED_EDGE('',*,*,#1543,.F.);
#324=ORIENTED_EDGE('',*,*,#1545,.T.);
#325=ORIENTED_EDGE('',*,*,#1544,.T.);
#326=ORIENTED_EDGE('',*,*,#1546,.F.);
#327=ORIENTED_EDGE('',*,*,#1547,.F.);
#328=ORIENTED_EDGE('',*,*,#1548,.F.);
#329=ORIENTED_EDGE('',*,*,#1549,.T.);
#330=ORIENTED_EDGE('',*,*,#1550,.T.);
#331=ORIENTED_EDGE('',*,*,#1551,.T.);
#332=ORIENTED_EDGE('',*,*,#1550,.F.);
#333=ORIENTED_EDGE('',*,*,#1552,.F.);
#334=ORIENTED_EDGE('',*,*,#1548,.T.);
#335=ORIENTED_EDGE('',*,*,#1549,.F.);
#336=ORIENTED_EDGE('',*,*,#1552,.T.);
#337=ORIENTED_EDGE('',*,*,#1547,.T.);
#338=ORIENTED_EDGE('',*,*,#1551,.F.);
#339=ORIENTED_EDGE('',*,*,#1553,.F.);
#340=ORIENTED_EDGE('',*,*,#1554,.F.);
#341=ORIENTED_EDGE('',*,*,#1555,.T.);
#342=ORIENTED_EDGE('',*,*,#1556,.T.);
#343=ORIENTED_EDGE('',*,*,#1557,.T.);
#344=ORIENTED_EDGE('',*,*,#1558,.F.);
#345=ORIENTED_EDGE('',*,*,#1559,.F.);
#346=ORIENTED_EDGE('',*,*,#1554,.T.);
#347=ORIENTED_EDGE('',*,*,#1560,.T.);
#348=ORIENTED_EDGE('',*,*,#1561,.F.);
#349=ORIENTED_EDGE('',*,*,#1562,.F.);
#350=ORIENTED_EDGE('',*,*,#1558,.T.);
#351=ORIENTED_EDGE('',*,*,#1563,.F.);
#352=ORIENTED_EDGE('',*,*,#1556,.F.);
#353=ORIENTED_EDGE('',*,*,#1564,.T.);
#354=ORIENTED_EDGE('',*,*,#1561,.T.);
#355=ORIENTED_EDGE('',*,*,#1565,.T.);
#356=ORIENTED_EDGE('',*,*,#1555,.F.);
#357=ORIENTED_EDGE('',*,*,#1559,.T.);
#358=ORIENTED_EDGE('',*,*,#1562,.T.);
#359=ORIENTED_EDGE('',*,*,#1564,.F.);
#360=ORIENTED_EDGE('',*,*,#1566,.F.);
#361=ORIENTED_EDGE('',*,*,#1553,.T.);
#362=ORIENTED_EDGE('',*,*,#1563,.T.);
#363=ORIENTED_EDGE('',*,*,#1560,.F.);
#364=ORIENTED_EDGE('',*,*,#1557,.F.);
#365=ORIENTED_EDGE('',*,*,#1565,.F.);
#366=ORIENTED_EDGE('',*,*,#1566,.T.);
#367=ORIENTED_EDGE('',*,*,#1567,.F.);
#368=ORIENTED_EDGE('',*,*,#1568,.F.);
#369=ORIENTED_EDGE('',*,*,#1569,.T.);
#370=ORIENTED_EDGE('',*,*,#1570,.T.);
#371=ORIENTED_EDGE('',*,*,#1571,.T.);
#372=ORIENTED_EDGE('',*,*,#1570,.F.);
#373=ORIENTED_EDGE('',*,*,#1572,.F.);
#374=ORIENTED_EDGE('',*,*,#1568,.T.);
#375=ORIENTED_EDGE('',*,*,#1569,.F.);
#376=ORIENTED_EDGE('',*,*,#1572,.T.);
#377=ORIENTED_EDGE('',*,*,#1567,.T.);
#378=ORIENTED_EDGE('',*,*,#1571,.F.);
#379=ORIENTED_EDGE('',*,*,#1573,.F.);
#380=ORIENTED_EDGE('',*,*,#1574,.F.);
#381=ORIENTED_EDGE('',*,*,#1575,.T.);
#382=ORIENTED_EDGE('',*,*,#1576,.T.);
#383=ORIENTED_EDGE('',*,*,#1577,.T.);
#384=ORIENTED_EDGE('',*,*,#1578,.F.);
#385=ORIENTED_EDGE('',*,*,#1579,.F.);
#386=ORIENTED_EDGE('',*,*,#1574,.T.);
#387=ORIENTED_EDGE('',*,*,#1580,.T.);
#388=ORIENTED_EDGE('',*,*,#1581,.F.);
#389=ORIENTED_EDGE('',*,*,#1582,.F.);
#390=ORIENTED_EDGE('',*,*,#1578,.T.);
#391=ORIENTED_EDGE('',*,*,#1583,.F.);
#392=ORIENTED_EDGE('',*,*,#1576,.F.);
#393=ORIENTED_EDGE('',*,*,#1584,.T.);
#394=ORIENTED_EDGE('',*,*,#1581,.T.);
#395=ORIENTED_EDGE('',*,*,#1575,.F.);
#396=ORIENTED_EDGE('',*,*,#1579,.T.);
#397=ORIENTED_EDGE('',*,*,#1582,.T.);
#398=ORIENTED_EDGE('',*,*,#1584,.F.);
#399=ORIENTED_EDGE('',*,*,#1573,.T.);
#400=ORIENTED_EDGE('',*,*,#1583,.T.);
#401=ORIENTED_EDGE('',*,*,#1580,.F.);
#402=ORIENTED_EDGE('',*,*,#1577,.F.);
#403=ORIENTED_EDGE('',*,*,#1585,.F.);
#404=ORIENTED_EDGE('',*,*,#1586,.F.);
#405=ORIENTED_EDGE('',*,*,#1587,.T.);
#406=ORIENTED_EDGE('',*,*,#1588,.T.);
#407=ORIENTED_EDGE('',*,*,#1589,.T.);
#408=ORIENTED_EDGE('',*,*,#1590,.T.);
#409=ORIENTED_EDGE('',*,*,#1591,.F.);
#410=ORIENTED_EDGE('',*,*,#1592,.F.);
#411=ORIENTED_EDGE('',*,*,#1593,.T.);
#412=ORIENTED_EDGE('',*,*,#1594,.F.);
#413=ORIENTED_EDGE('',*,*,#1595,.F.);
#414=ORIENTED_EDGE('',*,*,#1586,.T.);
#415=ORIENTED_EDGE('',*,*,#1596,.T.);
#416=ORIENTED_EDGE('',*,*,#1597,.F.);
#417=ORIENTED_EDGE('',*,*,#1598,.F.);
#418=ORIENTED_EDGE('',*,*,#1594,.T.);
#419=ORIENTED_EDGE('',*,*,#1599,.F.);
#420=ORIENTED_EDGE('',*,*,#1588,.F.);
#421=ORIENTED_EDGE('',*,*,#1600,.T.);
#422=ORIENTED_EDGE('',*,*,#1597,.T.);
#423=ORIENTED_EDGE('',*,*,#1601,.T.);
#424=ORIENTED_EDGE('',*,*,#1587,.F.);
#425=ORIENTED_EDGE('',*,*,#1595,.T.);
#426=ORIENTED_EDGE('',*,*,#1598,.T.);
#427=ORIENTED_EDGE('',*,*,#1600,.F.);
#428=ORIENTED_EDGE('',*,*,#1602,.F.);
#429=ORIENTED_EDGE('',*,*,#1585,.T.);
#430=ORIENTED_EDGE('',*,*,#1599,.T.);
#431=ORIENTED_EDGE('',*,*,#1596,.F.);
#432=ORIENTED_EDGE('',*,*,#1593,.F.);
#433=ORIENTED_EDGE('',*,*,#1603,.T.);
#434=ORIENTED_EDGE('',*,*,#1604,.F.);
#435=ORIENTED_EDGE('',*,*,#1605,.F.);
#436=ORIENTED_EDGE('',*,*,#1589,.F.);
#437=ORIENTED_EDGE('',*,*,#1591,.T.);
#438=ORIENTED_EDGE('',*,*,#1606,.T.);
#439=ORIENTED_EDGE('',*,*,#1607,.T.);
#440=ORIENTED_EDGE('',*,*,#1608,.F.);
#441=ORIENTED_EDGE('',*,*,#1609,.T.);
#442=ORIENTED_EDGE('',*,*,#1605,.T.);
#443=ORIENTED_EDGE('',*,*,#1610,.T.);
#444=ORIENTED_EDGE('',*,*,#1606,.F.);
#445=ORIENTED_EDGE('',*,*,#1590,.F.);
#446=ORIENTED_EDGE('',*,*,#1611,.F.);
#447=ORIENTED_EDGE('',*,*,#1592,.T.);
#448=ORIENTED_EDGE('',*,*,#1608,.T.);
#449=ORIENTED_EDGE('',*,*,#1612,.F.);
#450=ORIENTED_EDGE('',*,*,#1603,.F.);
#451=ORIENTED_EDGE('',*,*,#1611,.T.);
#452=ORIENTED_EDGE('',*,*,#1602,.T.);
#453=ORIENTED_EDGE('',*,*,#1601,.F.);
#454=ORIENTED_EDGE('',*,*,#1609,.F.);
#455=ORIENTED_EDGE('',*,*,#1612,.T.);
#456=ORIENTED_EDGE('',*,*,#1607,.F.);
#457=ORIENTED_EDGE('',*,*,#1610,.F.);
#458=ORIENTED_EDGE('',*,*,#1604,.T.);
#459=ORIENTED_EDGE('',*,*,#1613,.F.);
#460=ORIENTED_EDGE('',*,*,#1614,.F.);
#461=ORIENTED_EDGE('',*,*,#1615,.T.);
#462=ORIENTED_EDGE('',*,*,#1616,.T.);
#463=ORIENTED_EDGE('',*,*,#1617,.F.);
#464=ORIENTED_EDGE('',*,*,#1616,.F.);
#465=ORIENTED_EDGE('',*,*,#1618,.T.);
#466=ORIENTED_EDGE('',*,*,#1619,.T.);
#467=ORIENTED_EDGE('',*,*,#1620,.F.);
#468=ORIENTED_EDGE('',*,*,#1619,.F.);
#469=ORIENTED_EDGE('',*,*,#1621,.T.);
#470=ORIENTED_EDGE('',*,*,#1622,.T.);
#471=ORIENTED_EDGE('',*,*,#1623,.T.);
#472=ORIENTED_EDGE('',*,*,#1624,.T.);
#473=ORIENTED_EDGE('',*,*,#1625,.F.);
#474=ORIENTED_EDGE('',*,*,#1622,.F.);
#475=ORIENTED_EDGE('',*,*,#1626,.F.);
#476=ORIENTED_EDGE('',*,*,#1627,.T.);
#477=ORIENTED_EDGE('',*,*,#1628,.T.);
#478=ORIENTED_EDGE('',*,*,#1629,.T.);
#479=ORIENTED_EDGE('',*,*,#1630,.F.);
#480=ORIENTED_EDGE('',*,*,#1629,.F.);
#481=ORIENTED_EDGE('',*,*,#1631,.T.);
#482=ORIENTED_EDGE('',*,*,#1614,.T.);
#483=ORIENTED_EDGE('',*,*,#1615,.F.);
#484=ORIENTED_EDGE('',*,*,#1631,.F.);
#485=ORIENTED_EDGE('',*,*,#1628,.F.);
#486=ORIENTED_EDGE('',*,*,#1632,.T.);
#487=ORIENTED_EDGE('',*,*,#1623,.F.);
#488=ORIENTED_EDGE('',*,*,#1621,.F.);
#489=ORIENTED_EDGE('',*,*,#1618,.F.);
#490=ORIENTED_EDGE('',*,*,#1613,.T.);
#491=ORIENTED_EDGE('',*,*,#1617,.T.);
#492=ORIENTED_EDGE('',*,*,#1620,.T.);
#493=ORIENTED_EDGE('',*,*,#1625,.T.);
#494=ORIENTED_EDGE('',*,*,#1633,.T.);
#495=ORIENTED_EDGE('',*,*,#1626,.T.);
#496=ORIENTED_EDGE('',*,*,#1630,.T.);
#497=ORIENTED_EDGE('',*,*,#1632,.F.);
#498=ORIENTED_EDGE('',*,*,#1627,.F.);
#499=ORIENTED_EDGE('',*,*,#1633,.F.);
#500=ORIENTED_EDGE('',*,*,#1624,.F.);
#501=ORIENTED_EDGE('',*,*,#1634,.F.);
#502=ORIENTED_EDGE('',*,*,#1635,.F.);
#503=ORIENTED_EDGE('',*,*,#1636,.T.);
#504=ORIENTED_EDGE('',*,*,#1637,.T.);
#505=ORIENTED_EDGE('',*,*,#1638,.T.);
#506=ORIENTED_EDGE('',*,*,#1639,.F.);
#507=ORIENTED_EDGE('',*,*,#1640,.F.);
#508=ORIENTED_EDGE('',*,*,#1635,.T.);
#509=ORIENTED_EDGE('',*,*,#1641,.F.);
#510=ORIENTED_EDGE('',*,*,#1642,.F.);
#511=ORIENTED_EDGE('',*,*,#1643,.T.);
#512=ORIENTED_EDGE('',*,*,#1639,.T.);
#513=ORIENTED_EDGE('',*,*,#1644,.F.);
#514=ORIENTED_EDGE('',*,*,#1645,.F.);
#515=ORIENTED_EDGE('',*,*,#1646,.T.);
#516=ORIENTED_EDGE('',*,*,#1642,.T.);
#517=ORIENTED_EDGE('',*,*,#1647,.T.);
#518=ORIENTED_EDGE('',*,*,#1648,.F.);
#519=ORIENTED_EDGE('',*,*,#1649,.F.);
#520=ORIENTED_EDGE('',*,*,#1645,.T.);
#521=ORIENTED_EDGE('',*,*,#1650,.T.);
#522=ORIENTED_EDGE('',*,*,#1637,.F.);
#523=ORIENTED_EDGE('',*,*,#1651,.F.);
#524=ORIENTED_EDGE('',*,*,#1648,.T.);
#525=ORIENTED_EDGE('',*,*,#1636,.F.);
#526=ORIENTED_EDGE('',*,*,#1640,.T.);
#527=ORIENTED_EDGE('',*,*,#1643,.F.);
#528=ORIENTED_EDGE('',*,*,#1646,.F.);
#529=ORIENTED_EDGE('',*,*,#1649,.T.);
#530=ORIENTED_EDGE('',*,*,#1651,.T.);
#531=ORIENTED_EDGE('',*,*,#1634,.T.);
#532=ORIENTED_EDGE('',*,*,#1650,.F.);
#533=ORIENTED_EDGE('',*,*,#1647,.F.);
#534=ORIENTED_EDGE('',*,*,#1644,.T.);
#535=ORIENTED_EDGE('',*,*,#1641,.T.);
#536=ORIENTED_EDGE('',*,*,#1638,.F.);
#537=ORIENTED_EDGE('',*,*,#1652,.T.);
#538=ORIENTED_EDGE('',*,*,#1653,.T.);
#539=ORIENTED_EDGE('',*,*,#1652,.F.);
#540=ORIENTED_EDGE('',*,*,#1654,.T.);
#541=ORIENTED_EDGE('',*,*,#1653,.F.);
#542=ORIENTED_EDGE('',*,*,#1655,.T.);
#543=ORIENTED_EDGE('',*,*,#1654,.F.);
#544=ORIENTED_EDGE('',*,*,#1655,.F.);
#545=ORIENTED_EDGE('',*,*,#1656,.F.);
#546=ORIENTED_EDGE('',*,*,#1657,.F.);
#547=ORIENTED_EDGE('',*,*,#1658,.T.);
#548=ORIENTED_EDGE('',*,*,#1659,.T.);
#549=ORIENTED_EDGE('',*,*,#1660,.T.);
#550=ORIENTED_EDGE('',*,*,#1661,.F.);
#551=ORIENTED_EDGE('',*,*,#1662,.F.);
#552=ORIENTED_EDGE('',*,*,#1657,.T.);
#553=ORIENTED_EDGE('',*,*,#1663,.F.);
#554=ORIENTED_EDGE('',*,*,#1664,.F.);
#555=ORIENTED_EDGE('',*,*,#1665,.T.);
#556=ORIENTED_EDGE('',*,*,#1661,.T.);
#557=ORIENTED_EDGE('',*,*,#1666,.T.);
#558=ORIENTED_EDGE('',*,*,#1667,.F.);
#559=ORIENTED_EDGE('',*,*,#1668,.F.);
#560=ORIENTED_EDGE('',*,*,#1664,.T.);
#561=ORIENTED_EDGE('',*,*,#1669,.T.);
#562=ORIENTED_EDGE('',*,*,#1670,.F.);
#563=ORIENTED_EDGE('',*,*,#1671,.F.);
#564=ORIENTED_EDGE('',*,*,#1667,.T.);
#565=ORIENTED_EDGE('',*,*,#1672,.F.);
#566=ORIENTED_EDGE('',*,*,#1659,.F.);
#567=ORIENTED_EDGE('',*,*,#1673,.T.);
#568=ORIENTED_EDGE('',*,*,#1670,.T.);
#569=ORIENTED_EDGE('',*,*,#1658,.F.);
#570=ORIENTED_EDGE('',*,*,#1662,.T.);
#571=ORIENTED_EDGE('',*,*,#1665,.F.);
#572=ORIENTED_EDGE('',*,*,#1668,.T.);
#573=ORIENTED_EDGE('',*,*,#1671,.T.);
#574=ORIENTED_EDGE('',*,*,#1673,.F.);
#575=ORIENTED_EDGE('',*,*,#1656,.T.);
#576=ORIENTED_EDGE('',*,*,#1672,.T.);
#577=ORIENTED_EDGE('',*,*,#1669,.F.);
#578=ORIENTED_EDGE('',*,*,#1666,.F.);
#579=ORIENTED_EDGE('',*,*,#1663,.T.);
#580=ORIENTED_EDGE('',*,*,#1660,.F.);
#581=ORIENTED_EDGE('',*,*,#1674,.T.);
#582=ORIENTED_EDGE('',*,*,#1675,.T.);
#583=ORIENTED_EDGE('',*,*,#1676,.T.);
#584=ORIENTED_EDGE('',*,*,#1677,.T.);
#585=ORIENTED_EDGE('',*,*,#1678,.T.);
#586=ORIENTED_EDGE('',*,*,#1679,.T.);
#587=ORIENTED_EDGE('',*,*,#1680,.T.);
#588=ORIENTED_EDGE('',*,*,#1674,.F.);
#589=ORIENTED_EDGE('',*,*,#1681,.T.);
#590=ORIENTED_EDGE('',*,*,#1682,.F.);
#591=ORIENTED_EDGE('',*,*,#1681,.F.);
#592=ORIENTED_EDGE('',*,*,#1683,.T.);
#593=ORIENTED_EDGE('',*,*,#1682,.T.);
#594=ORIENTED_EDGE('',*,*,#1684,.T.);
#595=ORIENTED_EDGE('',*,*,#1685,.F.);
#596=ORIENTED_EDGE('',*,*,#1686,.F.);
#597=ORIENTED_EDGE('',*,*,#1676,.F.);
#598=ORIENTED_EDGE('',*,*,#1687,.T.);
#599=ORIENTED_EDGE('',*,*,#1688,.F.);
#600=ORIENTED_EDGE('',*,*,#1684,.F.);
#601=ORIENTED_EDGE('',*,*,#1675,.F.);
#602=ORIENTED_EDGE('',*,*,#1689,.T.);
#603=ORIENTED_EDGE('',*,*,#1690,.F.);
#604=ORIENTED_EDGE('',*,*,#1687,.F.);
#605=ORIENTED_EDGE('',*,*,#1680,.F.);
#606=ORIENTED_EDGE('',*,*,#1691,.T.);
#607=ORIENTED_EDGE('',*,*,#1692,.F.);
#608=ORIENTED_EDGE('',*,*,#1689,.F.);
#609=ORIENTED_EDGE('',*,*,#1679,.F.);
#610=ORIENTED_EDGE('',*,*,#1693,.T.);
#611=ORIENTED_EDGE('',*,*,#1694,.F.);
#612=ORIENTED_EDGE('',*,*,#1691,.F.);
#613=ORIENTED_EDGE('',*,*,#1678,.F.);
#614=ORIENTED_EDGE('',*,*,#1686,.T.);
#615=ORIENTED_EDGE('',*,*,#1695,.F.);
#616=ORIENTED_EDGE('',*,*,#1693,.F.);
#617=ORIENTED_EDGE('',*,*,#1677,.F.);
#618=ORIENTED_EDGE('',*,*,#1683,.F.);
#619=ORIENTED_EDGE('',*,*,#1685,.T.);
#620=ORIENTED_EDGE('',*,*,#1688,.T.);
#621=ORIENTED_EDGE('',*,*,#1690,.T.);
#622=ORIENTED_EDGE('',*,*,#1692,.T.);
#623=ORIENTED_EDGE('',*,*,#1694,.T.);
#624=ORIENTED_EDGE('',*,*,#1695,.T.);
#625=ORIENTED_EDGE('',*,*,#1696,.T.);
#626=ORIENTED_EDGE('',*,*,#1697,.F.);
#627=ORIENTED_EDGE('',*,*,#1698,.F.);
#628=ORIENTED_EDGE('',*,*,#1699,.T.);
#629=ORIENTED_EDGE('',*,*,#1700,.T.);
#630=ORIENTED_EDGE('',*,*,#1701,.F.);
#631=ORIENTED_EDGE('',*,*,#1702,.F.);
#632=ORIENTED_EDGE('',*,*,#1697,.T.);
#633=ORIENTED_EDGE('',*,*,#1703,.T.);
#634=ORIENTED_EDGE('',*,*,#1704,.F.);
#635=ORIENTED_EDGE('',*,*,#1705,.F.);
#636=ORIENTED_EDGE('',*,*,#1701,.T.);
#637=ORIENTED_EDGE('',*,*,#1706,.T.);
#638=ORIENTED_EDGE('',*,*,#1707,.F.);
#639=ORIENTED_EDGE('',*,*,#1708,.F.);
#640=ORIENTED_EDGE('',*,*,#1704,.T.);
#641=ORIENTED_EDGE('',*,*,#1709,.T.);
#642=ORIENTED_EDGE('',*,*,#1710,.F.);
#643=ORIENTED_EDGE('',*,*,#1711,.F.);
#644=ORIENTED_EDGE('',*,*,#1707,.T.);
#645=ORIENTED_EDGE('',*,*,#1712,.T.);
#646=ORIENTED_EDGE('',*,*,#1713,.F.);
#647=ORIENTED_EDGE('',*,*,#1714,.F.);
#648=ORIENTED_EDGE('',*,*,#1710,.T.);
#649=ORIENTED_EDGE('',*,*,#1715,.T.);
#650=ORIENTED_EDGE('',*,*,#1716,.F.);
#651=ORIENTED_EDGE('',*,*,#1717,.F.);
#652=ORIENTED_EDGE('',*,*,#1713,.T.);
#653=ORIENTED_EDGE('',*,*,#1718,.T.);
#654=ORIENTED_EDGE('',*,*,#1719,.F.);
#655=ORIENTED_EDGE('',*,*,#1720,.F.);
#656=ORIENTED_EDGE('',*,*,#1716,.T.);
#657=ORIENTED_EDGE('',*,*,#1721,.T.);
#658=ORIENTED_EDGE('',*,*,#1722,.F.);
#659=ORIENTED_EDGE('',*,*,#1723,.F.);
#660=ORIENTED_EDGE('',*,*,#1719,.T.);
#661=ORIENTED_EDGE('',*,*,#1724,.T.);
#662=ORIENTED_EDGE('',*,*,#1725,.F.);
#663=ORIENTED_EDGE('',*,*,#1726,.F.);
#664=ORIENTED_EDGE('',*,*,#1722,.T.);
#665=ORIENTED_EDGE('',*,*,#1727,.T.);
#666=ORIENTED_EDGE('',*,*,#1728,.F.);
#667=ORIENTED_EDGE('',*,*,#1729,.F.);
#668=ORIENTED_EDGE('',*,*,#1725,.T.);
#669=ORIENTED_EDGE('',*,*,#1730,.T.);
#670=ORIENTED_EDGE('',*,*,#1731,.F.);
#671=ORIENTED_EDGE('',*,*,#1732,.F.);
#672=ORIENTED_EDGE('',*,*,#1728,.T.);
#673=ORIENTED_EDGE('',*,*,#1733,.T.);
#674=ORIENTED_EDGE('',*,*,#1734,.F.);
#675=ORIENTED_EDGE('',*,*,#1735,.F.);
#676=ORIENTED_EDGE('',*,*,#1731,.T.);
#677=ORIENTED_EDGE('',*,*,#1736,.T.);
#678=ORIENTED_EDGE('',*,*,#1737,.F.);
#679=ORIENTED_EDGE('',*,*,#1738,.F.);
#680=ORIENTED_EDGE('',*,*,#1734,.T.);
#681=ORIENTED_EDGE('',*,*,#1739,.T.);
#682=ORIENTED_EDGE('',*,*,#1740,.F.);
#683=ORIENTED_EDGE('',*,*,#1741,.F.);
#684=ORIENTED_EDGE('',*,*,#1737,.T.);
#685=ORIENTED_EDGE('',*,*,#1742,.T.);
#686=ORIENTED_EDGE('',*,*,#1743,.F.);
#687=ORIENTED_EDGE('',*,*,#1744,.F.);
#688=ORIENTED_EDGE('',*,*,#1740,.T.);
#689=ORIENTED_EDGE('',*,*,#1745,.T.);
#690=ORIENTED_EDGE('',*,*,#1746,.F.);
#691=ORIENTED_EDGE('',*,*,#1747,.F.);
#692=ORIENTED_EDGE('',*,*,#1743,.T.);
#693=ORIENTED_EDGE('',*,*,#1748,.T.);
#694=ORIENTED_EDGE('',*,*,#1749,.F.);
#695=ORIENTED_EDGE('',*,*,#1750,.F.);
#696=ORIENTED_EDGE('',*,*,#1746,.T.);
#697=ORIENTED_EDGE('',*,*,#1751,.T.);
#698=ORIENTED_EDGE('',*,*,#1752,.F.);
#699=ORIENTED_EDGE('',*,*,#1753,.F.);
#700=ORIENTED_EDGE('',*,*,#1749,.T.);
#701=ORIENTED_EDGE('',*,*,#1754,.T.);
#702=ORIENTED_EDGE('',*,*,#1755,.F.);
#703=ORIENTED_EDGE('',*,*,#1756,.F.);
#704=ORIENTED_EDGE('',*,*,#1752,.T.);
#705=ORIENTED_EDGE('',*,*,#1757,.T.);
#706=ORIENTED_EDGE('',*,*,#1758,.F.);
#707=ORIENTED_EDGE('',*,*,#1759,.F.);
#708=ORIENTED_EDGE('',*,*,#1755,.T.);
#709=ORIENTED_EDGE('',*,*,#1760,.T.);
#710=ORIENTED_EDGE('',*,*,#1761,.F.);
#711=ORIENTED_EDGE('',*,*,#1762,.F.);
#712=ORIENTED_EDGE('',*,*,#1758,.T.);
#713=ORIENTED_EDGE('',*,*,#1763,.T.);
#714=ORIENTED_EDGE('',*,*,#1764,.F.);
#715=ORIENTED_EDGE('',*,*,#1765,.F.);
#716=ORIENTED_EDGE('',*,*,#1761,.T.);
#717=ORIENTED_EDGE('',*,*,#1766,.T.);
#718=ORIENTED_EDGE('',*,*,#1699,.F.);
#719=ORIENTED_EDGE('',*,*,#1767,.F.);
#720=ORIENTED_EDGE('',*,*,#1764,.T.);
#721=ORIENTED_EDGE('',*,*,#1698,.T.);
#722=ORIENTED_EDGE('',*,*,#1702,.T.);
#723=ORIENTED_EDGE('',*,*,#1705,.T.);
#724=ORIENTED_EDGE('',*,*,#1708,.T.);
#725=ORIENTED_EDGE('',*,*,#1711,.T.);
#726=ORIENTED_EDGE('',*,*,#1714,.T.);
#727=ORIENTED_EDGE('',*,*,#1717,.T.);
#728=ORIENTED_EDGE('',*,*,#1720,.T.);
#729=ORIENTED_EDGE('',*,*,#1723,.T.);
#730=ORIENTED_EDGE('',*,*,#1726,.T.);
#731=ORIENTED_EDGE('',*,*,#1729,.T.);
#732=ORIENTED_EDGE('',*,*,#1732,.T.);
#733=ORIENTED_EDGE('',*,*,#1735,.T.);
#734=ORIENTED_EDGE('',*,*,#1738,.T.);
#735=ORIENTED_EDGE('',*,*,#1741,.T.);
#736=ORIENTED_EDGE('',*,*,#1744,.T.);
#737=ORIENTED_EDGE('',*,*,#1747,.T.);
#738=ORIENTED_EDGE('',*,*,#1750,.T.);
#739=ORIENTED_EDGE('',*,*,#1753,.T.);
#740=ORIENTED_EDGE('',*,*,#1756,.T.);
#741=ORIENTED_EDGE('',*,*,#1759,.T.);
#742=ORIENTED_EDGE('',*,*,#1762,.T.);
#743=ORIENTED_EDGE('',*,*,#1765,.T.);
#744=ORIENTED_EDGE('',*,*,#1767,.T.);
#745=ORIENTED_EDGE('',*,*,#1696,.F.);
#746=ORIENTED_EDGE('',*,*,#1766,.F.);
#747=ORIENTED_EDGE('',*,*,#1763,.F.);
#748=ORIENTED_EDGE('',*,*,#1760,.F.);
#749=ORIENTED_EDGE('',*,*,#1757,.F.);
#750=ORIENTED_EDGE('',*,*,#1754,.F.);
#751=ORIENTED_EDGE('',*,*,#1751,.F.);
#752=ORIENTED_EDGE('',*,*,#1748,.F.);
#753=ORIENTED_EDGE('',*,*,#1745,.F.);
#754=ORIENTED_EDGE('',*,*,#1742,.F.);
#755=ORIENTED_EDGE('',*,*,#1739,.F.);
#756=ORIENTED_EDGE('',*,*,#1736,.F.);
#757=ORIENTED_EDGE('',*,*,#1733,.F.);
#758=ORIENTED_EDGE('',*,*,#1730,.F.);
#759=ORIENTED_EDGE('',*,*,#1727,.F.);
#760=ORIENTED_EDGE('',*,*,#1724,.F.);
#761=ORIENTED_EDGE('',*,*,#1721,.F.);
#762=ORIENTED_EDGE('',*,*,#1718,.F.);
#763=ORIENTED_EDGE('',*,*,#1715,.F.);
#764=ORIENTED_EDGE('',*,*,#1712,.F.);
#765=ORIENTED_EDGE('',*,*,#1709,.F.);
#766=ORIENTED_EDGE('',*,*,#1706,.F.);
#767=ORIENTED_EDGE('',*,*,#1703,.F.);
#768=ORIENTED_EDGE('',*,*,#1700,.F.);
#769=ORIENTED_EDGE('',*,*,#1768,.T.);
#770=ORIENTED_EDGE('',*,*,#1769,.F.);
#771=ORIENTED_EDGE('',*,*,#1770,.F.);
#772=ORIENTED_EDGE('',*,*,#1771,.T.);
#773=ORIENTED_EDGE('',*,*,#1772,.T.);
#774=ORIENTED_EDGE('',*,*,#1773,.T.);
#775=ORIENTED_EDGE('',*,*,#1774,.F.);
#776=ORIENTED_EDGE('',*,*,#1775,.F.);
#777=ORIENTED_EDGE('',*,*,#1770,.T.);
#778=ORIENTED_EDGE('',*,*,#1776,.F.);
#779=ORIENTED_EDGE('',*,*,#1777,.T.);
#780=ORIENTED_EDGE('',*,*,#1778,.F.);
#781=ORIENTED_EDGE('',*,*,#1779,.F.);
#782=ORIENTED_EDGE('',*,*,#1774,.T.);
#783=ORIENTED_EDGE('',*,*,#1780,.F.);
#784=ORIENTED_EDGE('',*,*,#1772,.F.);
#785=ORIENTED_EDGE('',*,*,#1781,.T.);
#786=ORIENTED_EDGE('',*,*,#1778,.T.);
#787=ORIENTED_EDGE('',*,*,#1782,.T.);
#788=ORIENTED_EDGE('',*,*,#1771,.F.);
#789=ORIENTED_EDGE('',*,*,#1775,.T.);
#790=ORIENTED_EDGE('',*,*,#1779,.T.);
#791=ORIENTED_EDGE('',*,*,#1781,.F.);
#792=ORIENTED_EDGE('',*,*,#1783,.F.);
#793=ORIENTED_EDGE('',*,*,#1769,.T.);
#794=ORIENTED_EDGE('',*,*,#1780,.T.);
#795=ORIENTED_EDGE('',*,*,#1777,.F.);
#796=ORIENTED_EDGE('',*,*,#1773,.F.);
#797=ORIENTED_EDGE('',*,*,#1782,.F.);
#798=ORIENTED_EDGE('',*,*,#1783,.T.);
#799=ORIENTED_EDGE('',*,*,#1768,.F.);
#800=ORIENTED_EDGE('',*,*,#1776,.T.);
#801=ORIENTED_EDGE('',*,*,#1784,.F.);
#802=ORIENTED_EDGE('',*,*,#1785,.F.);
#803=ORIENTED_EDGE('',*,*,#1786,.T.);
#804=ORIENTED_EDGE('',*,*,#1787,.T.);
#805=ORIENTED_EDGE('',*,*,#1788,.T.);
#806=ORIENTED_EDGE('',*,*,#1789,.F.);
#807=ORIENTED_EDGE('',*,*,#1790,.F.);
#808=ORIENTED_EDGE('',*,*,#1785,.T.);
#809=ORIENTED_EDGE('',*,*,#1791,.T.);
#810=ORIENTED_EDGE('',*,*,#1792,.T.);
#811=ORIENTED_EDGE('',*,*,#1793,.F.);
#812=ORIENTED_EDGE('',*,*,#1789,.T.);
#813=ORIENTED_EDGE('',*,*,#1794,.T.);
#814=ORIENTED_EDGE('',*,*,#1795,.T.);
#815=ORIENTED_EDGE('',*,*,#1796,.F.);
#816=ORIENTED_EDGE('',*,*,#1787,.F.);
#817=ORIENTED_EDGE('',*,*,#1793,.T.);
#818=ORIENTED_EDGE('',*,*,#1797,.T.);
#819=ORIENTED_EDGE('',*,*,#1794,.F.);
#820=ORIENTED_EDGE('',*,*,#1786,.F.);
#821=ORIENTED_EDGE('',*,*,#1790,.T.);
#822=ORIENTED_EDGE('',*,*,#1796,.T.);
#823=ORIENTED_EDGE('',*,*,#1798,.T.);
#824=ORIENTED_EDGE('',*,*,#1791,.F.);
#825=ORIENTED_EDGE('',*,*,#1788,.F.);
#826=ORIENTED_EDGE('',*,*,#1784,.T.);
#827=ORIENTED_EDGE('',*,*,#1797,.F.);
#828=ORIENTED_EDGE('',*,*,#1792,.F.);
#829=ORIENTED_EDGE('',*,*,#1798,.F.);
#830=ORIENTED_EDGE('',*,*,#1795,.F.);
#831=ORIENTED_EDGE('',*,*,#1799,.T.);
#832=ORIENTED_EDGE('',*,*,#1800,.F.);
#833=ORIENTED_EDGE('',*,*,#1801,.F.);
#834=ORIENTED_EDGE('',*,*,#1802,.T.);
#835=ORIENTED_EDGE('',*,*,#1803,.T.);
#836=ORIENTED_EDGE('',*,*,#1804,.F.);
#837=ORIENTED_EDGE('',*,*,#1805,.F.);
#838=ORIENTED_EDGE('',*,*,#1800,.T.);
#839=ORIENTED_EDGE('',*,*,#1806,.T.);
#840=ORIENTED_EDGE('',*,*,#1807,.F.);
#841=ORIENTED_EDGE('',*,*,#1808,.F.);
#842=ORIENTED_EDGE('',*,*,#1804,.T.);
#843=ORIENTED_EDGE('',*,*,#1809,.T.);
#844=ORIENTED_EDGE('',*,*,#1810,.F.);
#845=ORIENTED_EDGE('',*,*,#1811,.F.);
#846=ORIENTED_EDGE('',*,*,#1807,.T.);
#847=ORIENTED_EDGE('',*,*,#1812,.T.);
#848=ORIENTED_EDGE('',*,*,#1813,.F.);
#849=ORIENTED_EDGE('',*,*,#1814,.F.);
#850=ORIENTED_EDGE('',*,*,#1810,.T.);
#851=ORIENTED_EDGE('',*,*,#1815,.T.);
#852=ORIENTED_EDGE('',*,*,#1816,.F.);
#853=ORIENTED_EDGE('',*,*,#1817,.F.);
#854=ORIENTED_EDGE('',*,*,#1813,.T.);
#855=ORIENTED_EDGE('',*,*,#1818,.T.);
#856=ORIENTED_EDGE('',*,*,#1819,.F.);
#857=ORIENTED_EDGE('',*,*,#1820,.F.);
#858=ORIENTED_EDGE('',*,*,#1816,.T.);
#859=ORIENTED_EDGE('',*,*,#1821,.T.);
#860=ORIENTED_EDGE('',*,*,#1822,.F.);
#861=ORIENTED_EDGE('',*,*,#1823,.F.);
#862=ORIENTED_EDGE('',*,*,#1819,.T.);
#863=ORIENTED_EDGE('',*,*,#1824,.T.);
#864=ORIENTED_EDGE('',*,*,#1825,.F.);
#865=ORIENTED_EDGE('',*,*,#1826,.F.);
#866=ORIENTED_EDGE('',*,*,#1822,.T.);
#867=ORIENTED_EDGE('',*,*,#1827,.T.);
#868=ORIENTED_EDGE('',*,*,#1828,.F.);
#869=ORIENTED_EDGE('',*,*,#1829,.F.);
#870=ORIENTED_EDGE('',*,*,#1825,.T.);
#871=ORIENTED_EDGE('',*,*,#1830,.T.);
#872=ORIENTED_EDGE('',*,*,#1831,.F.);
#873=ORIENTED_EDGE('',*,*,#1832,.F.);
#874=ORIENTED_EDGE('',*,*,#1828,.T.);
#875=ORIENTED_EDGE('',*,*,#1833,.T.);
#876=ORIENTED_EDGE('',*,*,#1834,.F.);
#877=ORIENTED_EDGE('',*,*,#1835,.F.);
#878=ORIENTED_EDGE('',*,*,#1831,.T.);
#879=ORIENTED_EDGE('',*,*,#1836,.T.);
#880=ORIENTED_EDGE('',*,*,#1837,.F.);
#881=ORIENTED_EDGE('',*,*,#1838,.F.);
#882=ORIENTED_EDGE('',*,*,#1834,.T.);
#883=ORIENTED_EDGE('',*,*,#1839,.T.);
#884=ORIENTED_EDGE('',*,*,#1840,.F.);
#885=ORIENTED_EDGE('',*,*,#1841,.F.);
#886=ORIENTED_EDGE('',*,*,#1837,.T.);
#887=ORIENTED_EDGE('',*,*,#1842,.T.);
#888=ORIENTED_EDGE('',*,*,#1843,.F.);
#889=ORIENTED_EDGE('',*,*,#1844,.F.);
#890=ORIENTED_EDGE('',*,*,#1840,.T.);
#891=ORIENTED_EDGE('',*,*,#1845,.T.);
#892=ORIENTED_EDGE('',*,*,#1846,.F.);
#893=ORIENTED_EDGE('',*,*,#1847,.F.);
#894=ORIENTED_EDGE('',*,*,#1843,.T.);
#895=ORIENTED_EDGE('',*,*,#1848,.T.);
#896=ORIENTED_EDGE('',*,*,#1849,.F.);
#897=ORIENTED_EDGE('',*,*,#1850,.F.);
#898=ORIENTED_EDGE('',*,*,#1846,.T.);
#899=ORIENTED_EDGE('',*,*,#1851,.T.);
#900=ORIENTED_EDGE('',*,*,#1852,.F.);
#901=ORIENTED_EDGE('',*,*,#1853,.F.);
#902=ORIENTED_EDGE('',*,*,#1849,.T.);
#903=ORIENTED_EDGE('',*,*,#1854,.T.);
#904=ORIENTED_EDGE('',*,*,#1855,.F.);
#905=ORIENTED_EDGE('',*,*,#1856,.F.);
#906=ORIENTED_EDGE('',*,*,#1852,.T.);
#907=ORIENTED_EDGE('',*,*,#1857,.T.);
#908=ORIENTED_EDGE('',*,*,#1858,.F.);
#909=ORIENTED_EDGE('',*,*,#1859,.F.);
#910=ORIENTED_EDGE('',*,*,#1855,.T.);
#911=ORIENTED_EDGE('',*,*,#1860,.T.);
#912=ORIENTED_EDGE('',*,*,#1861,.F.);
#913=ORIENTED_EDGE('',*,*,#1862,.F.);
#914=ORIENTED_EDGE('',*,*,#1858,.T.);
#915=ORIENTED_EDGE('',*,*,#1863,.T.);
#916=ORIENTED_EDGE('',*,*,#1864,.F.);
#917=ORIENTED_EDGE('',*,*,#1865,.F.);
#918=ORIENTED_EDGE('',*,*,#1861,.T.);
#919=ORIENTED_EDGE('',*,*,#1866,.T.);
#920=ORIENTED_EDGE('',*,*,#1867,.F.);
#921=ORIENTED_EDGE('',*,*,#1868,.F.);
#922=ORIENTED_EDGE('',*,*,#1864,.T.);
#923=ORIENTED_EDGE('',*,*,#1869,.T.);
#924=ORIENTED_EDGE('',*,*,#1870,.F.);
#925=ORIENTED_EDGE('',*,*,#1871,.T.);
#926=ORIENTED_EDGE('',*,*,#1802,.F.);
#927=ORIENTED_EDGE('',*,*,#1872,.F.);
#928=ORIENTED_EDGE('',*,*,#1867,.T.);
#929=ORIENTED_EDGE('',*,*,#1869,.F.);
#930=ORIENTED_EDGE('',*,*,#1801,.T.);
#931=ORIENTED_EDGE('',*,*,#1805,.T.);
#932=ORIENTED_EDGE('',*,*,#1808,.T.);
#933=ORIENTED_EDGE('',*,*,#1811,.T.);
#934=ORIENTED_EDGE('',*,*,#1814,.T.);
#935=ORIENTED_EDGE('',*,*,#1817,.T.);
#936=ORIENTED_EDGE('',*,*,#1820,.T.);
#937=ORIENTED_EDGE('',*,*,#1823,.T.);
#938=ORIENTED_EDGE('',*,*,#1826,.T.);
#939=ORIENTED_EDGE('',*,*,#1829,.T.);
#940=ORIENTED_EDGE('',*,*,#1832,.T.);
#941=ORIENTED_EDGE('',*,*,#1835,.T.);
#942=ORIENTED_EDGE('',*,*,#1838,.T.);
#943=ORIENTED_EDGE('',*,*,#1841,.T.);
#944=ORIENTED_EDGE('',*,*,#1844,.T.);
#945=ORIENTED_EDGE('',*,*,#1847,.T.);
#946=ORIENTED_EDGE('',*,*,#1850,.T.);
#947=ORIENTED_EDGE('',*,*,#1853,.T.);
#948=ORIENTED_EDGE('',*,*,#1856,.T.);
#949=ORIENTED_EDGE('',*,*,#1859,.T.);
#950=ORIENTED_EDGE('',*,*,#1862,.T.);
#951=ORIENTED_EDGE('',*,*,#1865,.T.);
#952=ORIENTED_EDGE('',*,*,#1868,.T.);
#953=ORIENTED_EDGE('',*,*,#1872,.T.);
#954=ORIENTED_EDGE('',*,*,#1870,.T.);
#955=ORIENTED_EDGE('',*,*,#1799,.F.);
#956=ORIENTED_EDGE('',*,*,#1871,.F.);
#957=ORIENTED_EDGE('',*,*,#1866,.F.);
#958=ORIENTED_EDGE('',*,*,#1863,.F.);
#959=ORIENTED_EDGE('',*,*,#1860,.F.);
#960=ORIENTED_EDGE('',*,*,#1857,.F.);
#961=ORIENTED_EDGE('',*,*,#1854,.F.);
#962=ORIENTED_EDGE('',*,*,#1851,.F.);
#963=ORIENTED_EDGE('',*,*,#1848,.F.);
#964=ORIENTED_EDGE('',*,*,#1845,.F.);
#965=ORIENTED_EDGE('',*,*,#1842,.F.);
#966=ORIENTED_EDGE('',*,*,#1839,.F.);
#967=ORIENTED_EDGE('',*,*,#1836,.F.);
#968=ORIENTED_EDGE('',*,*,#1833,.F.);
#969=ORIENTED_EDGE('',*,*,#1830,.F.);
#970=ORIENTED_EDGE('',*,*,#1827,.F.);
#971=ORIENTED_EDGE('',*,*,#1824,.F.);
#972=ORIENTED_EDGE('',*,*,#1821,.F.);
#973=ORIENTED_EDGE('',*,*,#1818,.F.);
#974=ORIENTED_EDGE('',*,*,#1815,.F.);
#975=ORIENTED_EDGE('',*,*,#1812,.F.);
#976=ORIENTED_EDGE('',*,*,#1809,.F.);
#977=ORIENTED_EDGE('',*,*,#1806,.F.);
#978=ORIENTED_EDGE('',*,*,#1803,.F.);
#979=ORIENTED_EDGE('',*,*,#1873,.T.);
#980=ORIENTED_EDGE('',*,*,#1874,.F.);
#981=ORIENTED_EDGE('',*,*,#1875,.F.);
#982=ORIENTED_EDGE('',*,*,#1876,.T.);
#983=ORIENTED_EDGE('',*,*,#1877,.T.);
#984=ORIENTED_EDGE('',*,*,#1878,.F.);
#985=ORIENTED_EDGE('',*,*,#1879,.F.);
#986=ORIENTED_EDGE('',*,*,#1874,.T.);
#987=ORIENTED_EDGE('',*,*,#1880,.T.);
#988=ORIENTED_EDGE('',*,*,#1881,.F.);
#989=ORIENTED_EDGE('',*,*,#1882,.F.);
#990=ORIENTED_EDGE('',*,*,#1878,.T.);
#991=ORIENTED_EDGE('',*,*,#1883,.T.);
#992=ORIENTED_EDGE('',*,*,#1884,.F.);
#993=ORIENTED_EDGE('',*,*,#1885,.F.);
#994=ORIENTED_EDGE('',*,*,#1881,.T.);
#995=ORIENTED_EDGE('',*,*,#1886,.T.);
#996=ORIENTED_EDGE('',*,*,#1887,.F.);
#997=ORIENTED_EDGE('',*,*,#1888,.F.);
#998=ORIENTED_EDGE('',*,*,#1884,.T.);
#999=ORIENTED_EDGE('',*,*,#1889,.T.);
#1000=ORIENTED_EDGE('',*,*,#1890,.F.);
#1001=ORIENTED_EDGE('',*,*,#1891,.T.);
#1002=ORIENTED_EDGE('',*,*,#1876,.F.);
#1003=ORIENTED_EDGE('',*,*,#1892,.F.);
#1004=ORIENTED_EDGE('',*,*,#1887,.T.);
#1005=ORIENTED_EDGE('',*,*,#1889,.F.);
#1006=ORIENTED_EDGE('',*,*,#1875,.T.);
#1007=ORIENTED_EDGE('',*,*,#1879,.T.);
#1008=ORIENTED_EDGE('',*,*,#1882,.T.);
#1009=ORIENTED_EDGE('',*,*,#1885,.T.);
#1010=ORIENTED_EDGE('',*,*,#1888,.T.);
#1011=ORIENTED_EDGE('',*,*,#1892,.T.);
#1012=ORIENTED_EDGE('',*,*,#1890,.T.);
#1013=ORIENTED_EDGE('',*,*,#1873,.F.);
#1014=ORIENTED_EDGE('',*,*,#1891,.F.);
#1015=ORIENTED_EDGE('',*,*,#1886,.F.);
#1016=ORIENTED_EDGE('',*,*,#1883,.F.);
#1017=ORIENTED_EDGE('',*,*,#1880,.F.);
#1018=ORIENTED_EDGE('',*,*,#1877,.F.);
#1019=ORIENTED_EDGE('',*,*,#1893,.T.);
#1020=ORIENTED_EDGE('',*,*,#1894,.F.);
#1021=ORIENTED_EDGE('',*,*,#1895,.F.);
#1022=ORIENTED_EDGE('',*,*,#1896,.T.);
#1023=ORIENTED_EDGE('',*,*,#1897,.T.);
#1024=ORIENTED_EDGE('',*,*,#1898,.F.);
#1025=ORIENTED_EDGE('',*,*,#1899,.F.);
#1026=ORIENTED_EDGE('',*,*,#1894,.T.);
#1027=ORIENTED_EDGE('',*,*,#1900,.T.);
#1028=ORIENTED_EDGE('',*,*,#1901,.F.);
#1029=ORIENTED_EDGE('',*,*,#1902,.F.);
#1030=ORIENTED_EDGE('',*,*,#1898,.T.);
#1031=ORIENTED_EDGE('',*,*,#1903,.F.);
#1032=ORIENTED_EDGE('',*,*,#1896,.F.);
#1033=ORIENTED_EDGE('',*,*,#1904,.T.);
#1034=ORIENTED_EDGE('',*,*,#1901,.T.);
#1035=ORIENTED_EDGE('',*,*,#1895,.T.);
#1036=ORIENTED_EDGE('',*,*,#1899,.T.);
#1037=ORIENTED_EDGE('',*,*,#1902,.T.);
#1038=ORIENTED_EDGE('',*,*,#1904,.F.);
#1039=ORIENTED_EDGE('',*,*,#1893,.F.);
#1040=ORIENTED_EDGE('',*,*,#1903,.T.);
#1041=ORIENTED_EDGE('',*,*,#1900,.F.);
#1042=ORIENTED_EDGE('',*,*,#1897,.F.);
#1043=ORIENTED_EDGE('',*,*,#1905,.T.);
#1044=ORIENTED_EDGE('',*,*,#1906,.F.);
#1045=ORIENTED_EDGE('',*,*,#1907,.F.);
#1046=ORIENTED_EDGE('',*,*,#1908,.T.);
#1047=ORIENTED_EDGE('',*,*,#1909,.T.);
#1048=ORIENTED_EDGE('',*,*,#1910,.F.);
#1049=ORIENTED_EDGE('',*,*,#1911,.F.);
#1050=ORIENTED_EDGE('',*,*,#1906,.T.);
#1051=ORIENTED_EDGE('',*,*,#1912,.T.);
#1052=ORIENTED_EDGE('',*,*,#1913,.F.);
#1053=ORIENTED_EDGE('',*,*,#1914,.F.);
#1054=ORIENTED_EDGE('',*,*,#1910,.T.);
#1055=ORIENTED_EDGE('',*,*,#1915,.T.);
#1056=ORIENTED_EDGE('',*,*,#1908,.F.);
#1057=ORIENTED_EDGE('',*,*,#1916,.F.);
#1058=ORIENTED_EDGE('',*,*,#1913,.T.);
#1059=ORIENTED_EDGE('',*,*,#1907,.T.);
#1060=ORIENTED_EDGE('',*,*,#1911,.T.);
#1061=ORIENTED_EDGE('',*,*,#1914,.T.);
#1062=ORIENTED_EDGE('',*,*,#1916,.T.);
#1063=ORIENTED_EDGE('',*,*,#1905,.F.);
#1064=ORIENTED_EDGE('',*,*,#1915,.F.);
#1065=ORIENTED_EDGE('',*,*,#1912,.F.);
#1066=ORIENTED_EDGE('',*,*,#1909,.F.);
#1067=ORIENTED_EDGE('',*,*,#1917,.T.);
#1068=ORIENTED_EDGE('',*,*,#1918,.F.);
#1069=ORIENTED_EDGE('',*,*,#1919,.F.);
#1070=ORIENTED_EDGE('',*,*,#1920,.T.);
#1071=ORIENTED_EDGE('',*,*,#1921,.T.);
#1072=ORIENTED_EDGE('',*,*,#1922,.F.);
#1073=ORIENTED_EDGE('',*,*,#1923,.F.);
#1074=ORIENTED_EDGE('',*,*,#1918,.T.);
#1075=ORIENTED_EDGE('',*,*,#1924,.T.);
#1076=ORIENTED_EDGE('',*,*,#1925,.F.);
#1077=ORIENTED_EDGE('',*,*,#1926,.F.);
#1078=ORIENTED_EDGE('',*,*,#1922,.T.);
#1079=ORIENTED_EDGE('',*,*,#1927,.T.);
#1080=ORIENTED_EDGE('',*,*,#1928,.F.);
#1081=ORIENTED_EDGE('',*,*,#1929,.F.);
#1082=ORIENTED_EDGE('',*,*,#1925,.T.);
#1083=ORIENTED_EDGE('',*,*,#1930,.T.);
#1084=ORIENTED_EDGE('',*,*,#1931,.F.);
#1085=ORIENTED_EDGE('',*,*,#1932,.F.);
#1086=ORIENTED_EDGE('',*,*,#1928,.T.);
#1087=ORIENTED_EDGE('',*,*,#1933,.T.);
#1088=ORIENTED_EDGE('',*,*,#1934,.F.);
#1089=ORIENTED_EDGE('',*,*,#1935,.F.);
#1090=ORIENTED_EDGE('',*,*,#1931,.T.);
#1091=ORIENTED_EDGE('',*,*,#1936,.T.);
#1092=ORIENTED_EDGE('',*,*,#1937,.F.);
#1093=ORIENTED_EDGE('',*,*,#1938,.F.);
#1094=ORIENTED_EDGE('',*,*,#1934,.T.);
#1095=ORIENTED_EDGE('',*,*,#1939,.T.);
#1096=ORIENTED_EDGE('',*,*,#1940,.F.);
#1097=ORIENTED_EDGE('',*,*,#1941,.T.);
#1098=ORIENTED_EDGE('',*,*,#1942,.F.);
#1099=ORIENTED_EDGE('',*,*,#1943,.T.);
#1100=ORIENTED_EDGE('',*,*,#1944,.F.);
#1101=ORIENTED_EDGE('',*,*,#1945,.T.);
#1102=ORIENTED_EDGE('',*,*,#1946,.F.);
#1103=ORIENTED_EDGE('',*,*,#1947,.T.);
#1104=ORIENTED_EDGE('',*,*,#1920,.F.);
#1105=ORIENTED_EDGE('',*,*,#1948,.F.);
#1106=ORIENTED_EDGE('',*,*,#1937,.T.);
#1107=ORIENTED_EDGE('',*,*,#1945,.F.);
#1108=ORIENTED_EDGE('',*,*,#1943,.F.);
#1109=ORIENTED_EDGE('',*,*,#1941,.F.);
#1110=ORIENTED_EDGE('',*,*,#1939,.F.);
#1111=ORIENTED_EDGE('',*,*,#1919,.T.);
#1112=ORIENTED_EDGE('',*,*,#1923,.T.);
#1113=ORIENTED_EDGE('',*,*,#1926,.T.);
#1114=ORIENTED_EDGE('',*,*,#1929,.T.);
#1115=ORIENTED_EDGE('',*,*,#1932,.T.);
#1116=ORIENTED_EDGE('',*,*,#1935,.T.);
#1117=ORIENTED_EDGE('',*,*,#1938,.T.);
#1118=ORIENTED_EDGE('',*,*,#1948,.T.);
#1119=ORIENTED_EDGE('',*,*,#1946,.T.);
#1120=ORIENTED_EDGE('',*,*,#1944,.T.);
#1121=ORIENTED_EDGE('',*,*,#1942,.T.);
#1122=ORIENTED_EDGE('',*,*,#1940,.T.);
#1123=ORIENTED_EDGE('',*,*,#1917,.F.);
#1124=ORIENTED_EDGE('',*,*,#1947,.F.);
#1125=ORIENTED_EDGE('',*,*,#1936,.F.);
#1126=ORIENTED_EDGE('',*,*,#1933,.F.);
#1127=ORIENTED_EDGE('',*,*,#1930,.F.);
#1128=ORIENTED_EDGE('',*,*,#1927,.F.);
#1129=ORIENTED_EDGE('',*,*,#1924,.F.);
#1130=ORIENTED_EDGE('',*,*,#1921,.F.);
#1131=ORIENTED_EDGE('',*,*,#1949,.F.);
#1132=ORIENTED_EDGE('',*,*,#1950,.F.);
#1133=ORIENTED_EDGE('',*,*,#1951,.T.);
#1134=ORIENTED_EDGE('',*,*,#1952,.T.);
#1135=ORIENTED_EDGE('',*,*,#1953,.T.);
#1136=ORIENTED_EDGE('',*,*,#1954,.F.);
#1137=ORIENTED_EDGE('',*,*,#1955,.F.);
#1138=ORIENTED_EDGE('',*,*,#1950,.T.);
#1139=ORIENTED_EDGE('',*,*,#1956,.T.);
#1140=ORIENTED_EDGE('',*,*,#1957,.F.);
#1141=ORIENTED_EDGE('',*,*,#1958,.F.);
#1142=ORIENTED_EDGE('',*,*,#1954,.T.);
#1143=ORIENTED_EDGE('',*,*,#1959,.F.);
#1144=ORIENTED_EDGE('',*,*,#1952,.F.);
#1145=ORIENTED_EDGE('',*,*,#1960,.T.);
#1146=ORIENTED_EDGE('',*,*,#1957,.T.);
#1147=ORIENTED_EDGE('',*,*,#1961,.T.);
#1148=ORIENTED_EDGE('',*,*,#1962,.T.);
#1149=ORIENTED_EDGE('',*,*,#1963,.T.);
#1150=ORIENTED_EDGE('',*,*,#1964,.T.);
#1151=ORIENTED_EDGE('',*,*,#1951,.F.);
#1152=ORIENTED_EDGE('',*,*,#1955,.T.);
#1153=ORIENTED_EDGE('',*,*,#1958,.T.);
#1154=ORIENTED_EDGE('',*,*,#1960,.F.);
#1155=ORIENTED_EDGE('',*,*,#1965,.F.);
#1156=ORIENTED_EDGE('',*,*,#1966,.F.);
#1157=ORIENTED_EDGE('',*,*,#1967,.F.);
#1158=ORIENTED_EDGE('',*,*,#1968,.F.);
#1159=ORIENTED_EDGE('',*,*,#1949,.T.);
#1160=ORIENTED_EDGE('',*,*,#1959,.T.);
#1161=ORIENTED_EDGE('',*,*,#1956,.F.);
#1162=ORIENTED_EDGE('',*,*,#1953,.F.);
#1163=ORIENTED_EDGE('',*,*,#1964,.F.);
#1164=ORIENTED_EDGE('',*,*,#1968,.T.);
#1165=ORIENTED_EDGE('',*,*,#1963,.F.);
#1166=ORIENTED_EDGE('',*,*,#1967,.T.);
#1167=ORIENTED_EDGE('',*,*,#1962,.F.);
#1168=ORIENTED_EDGE('',*,*,#1966,.T.);
#1169=ORIENTED_EDGE('',*,*,#1961,.F.);
#1170=ORIENTED_EDGE('',*,*,#1965,.T.);
#1171=ORIENTED_EDGE('',*,*,#1969,.F.);
#1172=ORIENTED_EDGE('',*,*,#1970,.F.);
#1173=ORIENTED_EDGE('',*,*,#1971,.T.);
#1174=ORIENTED_EDGE('',*,*,#1972,.T.);
#1175=ORIENTED_EDGE('',*,*,#1973,.T.);
#1176=ORIENTED_EDGE('',*,*,#1974,.F.);
#1177=ORIENTED_EDGE('',*,*,#1975,.F.);
#1178=ORIENTED_EDGE('',*,*,#1970,.T.);
#1179=ORIENTED_EDGE('',*,*,#1976,.T.);
#1180=ORIENTED_EDGE('',*,*,#1977,.F.);
#1181=ORIENTED_EDGE('',*,*,#1978,.F.);
#1182=ORIENTED_EDGE('',*,*,#1974,.T.);
#1183=ORIENTED_EDGE('',*,*,#1979,.F.);
#1184=ORIENTED_EDGE('',*,*,#1972,.F.);
#1185=ORIENTED_EDGE('',*,*,#1980,.T.);
#1186=ORIENTED_EDGE('',*,*,#1977,.T.);
#1187=ORIENTED_EDGE('',*,*,#1981,.T.);
#1188=ORIENTED_EDGE('',*,*,#1982,.T.);
#1189=ORIENTED_EDGE('',*,*,#1983,.T.);
#1190=ORIENTED_EDGE('',*,*,#1971,.F.);
#1191=ORIENTED_EDGE('',*,*,#1975,.T.);
#1192=ORIENTED_EDGE('',*,*,#1978,.T.);
#1193=ORIENTED_EDGE('',*,*,#1980,.F.);
#1194=ORIENTED_EDGE('',*,*,#1984,.F.);
#1195=ORIENTED_EDGE('',*,*,#1985,.F.);
#1196=ORIENTED_EDGE('',*,*,#1986,.F.);
#1197=ORIENTED_EDGE('',*,*,#1969,.T.);
#1198=ORIENTED_EDGE('',*,*,#1979,.T.);
#1199=ORIENTED_EDGE('',*,*,#1976,.F.);
#1200=ORIENTED_EDGE('',*,*,#1973,.F.);
#1201=ORIENTED_EDGE('',*,*,#1983,.F.);
#1202=ORIENTED_EDGE('',*,*,#1986,.T.);
#1203=ORIENTED_EDGE('',*,*,#1982,.F.);
#1204=ORIENTED_EDGE('',*,*,#1985,.T.);
#1205=ORIENTED_EDGE('',*,*,#1981,.F.);
#1206=ORIENTED_EDGE('',*,*,#1984,.T.);
#1207=ORIENTED_EDGE('',*,*,#1987,.F.);
#1208=ORIENTED_EDGE('',*,*,#1988,.F.);
#1209=ORIENTED_EDGE('',*,*,#1989,.T.);
#1210=ORIENTED_EDGE('',*,*,#1990,.T.);
#1211=ORIENTED_EDGE('',*,*,#1991,.T.);
#1212=ORIENTED_EDGE('',*,*,#1992,.F.);
#1213=ORIENTED_EDGE('',*,*,#1993,.F.);
#1214=ORIENTED_EDGE('',*,*,#1988,.T.);
#1215=ORIENTED_EDGE('',*,*,#1994,.T.);
#1216=ORIENTED_EDGE('',*,*,#1995,.F.);
#1217=ORIENTED_EDGE('',*,*,#1996,.F.);
#1218=ORIENTED_EDGE('',*,*,#1992,.T.);
#1219=ORIENTED_EDGE('',*,*,#1997,.F.);
#1220=ORIENTED_EDGE('',*,*,#1990,.F.);
#1221=ORIENTED_EDGE('',*,*,#1998,.T.);
#1222=ORIENTED_EDGE('',*,*,#1995,.T.);
#1223=ORIENTED_EDGE('',*,*,#1989,.F.);
#1224=ORIENTED_EDGE('',*,*,#1993,.T.);
#1225=ORIENTED_EDGE('',*,*,#1996,.T.);
#1226=ORIENTED_EDGE('',*,*,#1998,.F.);
#1227=ORIENTED_EDGE('',*,*,#1987,.T.);
#1228=ORIENTED_EDGE('',*,*,#1997,.T.);
#1229=ORIENTED_EDGE('',*,*,#1994,.F.);
#1230=ORIENTED_EDGE('',*,*,#1991,.F.);
#1231=ORIENTED_EDGE('',*,*,#1999,.F.);
#1232=ORIENTED_EDGE('',*,*,#2000,.T.);
#1233=ORIENTED_EDGE('',*,*,#2001,.T.);
#1234=ORIENTED_EDGE('',*,*,#2002,.F.);
#1235=ORIENTED_EDGE('',*,*,#2003,.F.);
#1236=ORIENTED_EDGE('',*,*,#2004,.T.);
#1237=ORIENTED_EDGE('',*,*,#2005,.T.);
#1238=ORIENTED_EDGE('',*,*,#2006,.F.);
#1239=ORIENTED_EDGE('',*,*,#2007,.F.);
#1240=ORIENTED_EDGE('',*,*,#2008,.F.);
#1241=ORIENTED_EDGE('',*,*,#1999,.T.);
#1242=ORIENTED_EDGE('',*,*,#2009,.T.);
#1243=ORIENTED_EDGE('',*,*,#2010,.T.);
#1244=ORIENTED_EDGE('',*,*,#2011,.F.);
#1245=ORIENTED_EDGE('',*,*,#2000,.F.);
#1246=ORIENTED_EDGE('',*,*,#2008,.T.);
#1247=ORIENTED_EDGE('',*,*,#2012,.T.);
#1248=ORIENTED_EDGE('',*,*,#2013,.F.);
#1249=ORIENTED_EDGE('',*,*,#2001,.F.);
#1250=ORIENTED_EDGE('',*,*,#2011,.T.);
#1251=ORIENTED_EDGE('',*,*,#2014,.F.);
#1252=ORIENTED_EDGE('',*,*,#2009,.F.);
#1253=ORIENTED_EDGE('',*,*,#2002,.T.);
#1254=ORIENTED_EDGE('',*,*,#2013,.T.);
#1255=ORIENTED_EDGE('',*,*,#2007,.T.);
#1256=ORIENTED_EDGE('',*,*,#2014,.T.);
#1257=ORIENTED_EDGE('',*,*,#2012,.F.);
#1258=ORIENTED_EDGE('',*,*,#2010,.F.);
#1259=ORIENTED_EDGE('',*,*,#2015,.T.);
#1260=ORIENTED_EDGE('',*,*,#2016,.F.);
#1261=ORIENTED_EDGE('',*,*,#2004,.F.);
#1262=ORIENTED_EDGE('',*,*,#2017,.T.);
#1263=ORIENTED_EDGE('',*,*,#2018,.F.);
#1264=ORIENTED_EDGE('',*,*,#2017,.F.);
#1265=ORIENTED_EDGE('',*,*,#2003,.T.);
#1266=ORIENTED_EDGE('',*,*,#2019,.T.);
#1267=ORIENTED_EDGE('',*,*,#2020,.F.);
#1268=ORIENTED_EDGE('',*,*,#2019,.F.);
#1269=ORIENTED_EDGE('',*,*,#2006,.T.);
#1270=ORIENTED_EDGE('',*,*,#2021,.T.);
#1271=ORIENTED_EDGE('',*,*,#2022,.T.);
#1272=ORIENTED_EDGE('',*,*,#2021,.F.);
#1273=ORIENTED_EDGE('',*,*,#2005,.F.);
#1274=ORIENTED_EDGE('',*,*,#2016,.T.);
#1275=ORIENTED_EDGE('',*,*,#2015,.F.);
#1276=ORIENTED_EDGE('',*,*,#2018,.T.);
#1277=ORIENTED_EDGE('',*,*,#2020,.T.);
#1278=ORIENTED_EDGE('',*,*,#2022,.F.);
#1279=ORIENTED_EDGE('',*,*,#2023,.F.);
#1280=ORIENTED_EDGE('',*,*,#2024,.F.);
#1281=ORIENTED_EDGE('',*,*,#2025,.T.);
#1282=ORIENTED_EDGE('',*,*,#2026,.T.);
#1283=ORIENTED_EDGE('',*,*,#2027,.T.);
#1284=ORIENTED_EDGE('',*,*,#2028,.F.);
#1285=ORIENTED_EDGE('',*,*,#2029,.F.);
#1286=ORIENTED_EDGE('',*,*,#2024,.T.);
#1287=ORIENTED_EDGE('',*,*,#2030,.T.);
#1288=ORIENTED_EDGE('',*,*,#2031,.F.);
#1289=ORIENTED_EDGE('',*,*,#2032,.F.);
#1290=ORIENTED_EDGE('',*,*,#2028,.T.);
#1291=ORIENTED_EDGE('',*,*,#2033,.F.);
#1292=ORIENTED_EDGE('',*,*,#2026,.F.);
#1293=ORIENTED_EDGE('',*,*,#2034,.T.);
#1294=ORIENTED_EDGE('',*,*,#2031,.T.);
#1295=ORIENTED_EDGE('',*,*,#2035,.T.);
#1296=ORIENTED_EDGE('',*,*,#2036,.T.);
#1297=ORIENTED_EDGE('',*,*,#2037,.T.);
#1298=ORIENTED_EDGE('',*,*,#2025,.F.);
#1299=ORIENTED_EDGE('',*,*,#2029,.T.);
#1300=ORIENTED_EDGE('',*,*,#2032,.T.);
#1301=ORIENTED_EDGE('',*,*,#2034,.F.);
#1302=ORIENTED_EDGE('',*,*,#2038,.F.);
#1303=ORIENTED_EDGE('',*,*,#2039,.F.);
#1304=ORIENTED_EDGE('',*,*,#2040,.F.);
#1305=ORIENTED_EDGE('',*,*,#2023,.T.);
#1306=ORIENTED_EDGE('',*,*,#2033,.T.);
#1307=ORIENTED_EDGE('',*,*,#2030,.F.);
#1308=ORIENTED_EDGE('',*,*,#2027,.F.);
#1309=ORIENTED_EDGE('',*,*,#2037,.F.);
#1310=ORIENTED_EDGE('',*,*,#2040,.T.);
#1311=ORIENTED_EDGE('',*,*,#2036,.F.);
#1312=ORIENTED_EDGE('',*,*,#2039,.T.);
#1313=ORIENTED_EDGE('',*,*,#2035,.F.);
#1314=ORIENTED_EDGE('',*,*,#2038,.T.);
#1315=ORIENTED_EDGE('',*,*,#2041,.F.);
#1316=ORIENTED_EDGE('',*,*,#2042,.F.);
#1317=ORIENTED_EDGE('',*,*,#2043,.T.);
#1318=ORIENTED_EDGE('',*,*,#2044,.T.);
#1319=ORIENTED_EDGE('',*,*,#2045,.T.);
#1320=ORIENTED_EDGE('',*,*,#2046,.F.);
#1321=ORIENTED_EDGE('',*,*,#2047,.F.);
#1322=ORIENTED_EDGE('',*,*,#2042,.T.);
#1323=ORIENTED_EDGE('',*,*,#2048,.T.);
#1324=ORIENTED_EDGE('',*,*,#2049,.F.);
#1325=ORIENTED_EDGE('',*,*,#2050,.F.);
#1326=ORIENTED_EDGE('',*,*,#2046,.T.);
#1327=ORIENTED_EDGE('',*,*,#2051,.F.);
#1328=ORIENTED_EDGE('',*,*,#2044,.F.);
#1329=ORIENTED_EDGE('',*,*,#2052,.T.);
#1330=ORIENTED_EDGE('',*,*,#2049,.T.);
#1331=ORIENTED_EDGE('',*,*,#2053,.F.);
#1332=ORIENTED_EDGE('',*,*,#2043,.F.);
#1333=ORIENTED_EDGE('',*,*,#2047,.T.);
#1334=ORIENTED_EDGE('',*,*,#2050,.T.);
#1335=ORIENTED_EDGE('',*,*,#2052,.F.);
#1336=ORIENTED_EDGE('',*,*,#2041,.T.);
#1337=ORIENTED_EDGE('',*,*,#2051,.T.);
#1338=ORIENTED_EDGE('',*,*,#2048,.F.);
#1339=ORIENTED_EDGE('',*,*,#2045,.F.);
#1340=ORIENTED_EDGE('',*,*,#2054,.F.);
#1341=ORIENTED_EDGE('',*,*,#2053,.T.);
#1342=ORIENTED_EDGE('',*,*,#2054,.T.);
#1343=ORIENTED_EDGE('',*,*,#2055,.F.);
#1344=ORIENTED_EDGE('',*,*,#2056,.F.);
#1345=ORIENTED_EDGE('',*,*,#2057,.T.);
#1346=ORIENTED_EDGE('',*,*,#2058,.T.);
#1347=ORIENTED_EDGE('',*,*,#2059,.T.);
#1348=ORIENTED_EDGE('',*,*,#2060,.F.);
#1349=ORIENTED_EDGE('',*,*,#2061,.F.);
#1350=ORIENTED_EDGE('',*,*,#2056,.T.);
#1351=ORIENTED_EDGE('',*,*,#2062,.T.);
#1352=ORIENTED_EDGE('',*,*,#2063,.F.);
#1353=ORIENTED_EDGE('',*,*,#2064,.F.);
#1354=ORIENTED_EDGE('',*,*,#2060,.T.);
#1355=ORIENTED_EDGE('',*,*,#2065,.F.);
#1356=ORIENTED_EDGE('',*,*,#2058,.F.);
#1357=ORIENTED_EDGE('',*,*,#2066,.T.);
#1358=ORIENTED_EDGE('',*,*,#2063,.T.);
#1359=ORIENTED_EDGE('',*,*,#2067,.T.);
#1360=ORIENTED_EDGE('',*,*,#2057,.F.);
#1361=ORIENTED_EDGE('',*,*,#2061,.T.);
#1362=ORIENTED_EDGE('',*,*,#2064,.T.);
#1363=ORIENTED_EDGE('',*,*,#2066,.F.);
#1364=ORIENTED_EDGE('',*,*,#2068,.F.);
#1365=ORIENTED_EDGE('',*,*,#2055,.T.);
#1366=ORIENTED_EDGE('',*,*,#2065,.T.);
#1367=ORIENTED_EDGE('',*,*,#2062,.F.);
#1368=ORIENTED_EDGE('',*,*,#2059,.F.);
#1369=ORIENTED_EDGE('',*,*,#2069,.T.);
#1370=ORIENTED_EDGE('',*,*,#2068,.T.);
#1371=ORIENTED_EDGE('',*,*,#2067,.F.);
#1372=ORIENTED_EDGE('',*,*,#2070,.F.);
#1373=ORIENTED_EDGE('',*,*,#2069,.F.);
#1374=ORIENTED_EDGE('',*,*,#2070,.T.);
#1375=ORIENTED_EDGE('',*,*,#2071,.T.);
#1376=ORIENTED_EDGE('',*,*,#2072,.F.);
#1377=ORIENTED_EDGE('',*,*,#2073,.F.);
#1378=ORIENTED_EDGE('',*,*,#2074,.T.);
#1379=ORIENTED_EDGE('',*,*,#2075,.T.);
#1380=ORIENTED_EDGE('',*,*,#2076,.F.);
#1381=ORIENTED_EDGE('',*,*,#2077,.F.);
#1382=ORIENTED_EDGE('',*,*,#2072,.T.);
#1383=ORIENTED_EDGE('',*,*,#2078,.T.);
#1384=ORIENTED_EDGE('',*,*,#2079,.F.);
#1385=ORIENTED_EDGE('',*,*,#2080,.F.);
#1386=ORIENTED_EDGE('',*,*,#2076,.T.);
#1387=ORIENTED_EDGE('',*,*,#2081,.F.);
#1388=ORIENTED_EDGE('',*,*,#2082,.F.);
#1389=ORIENTED_EDGE('',*,*,#2083,.T.);
#1390=ORIENTED_EDGE('',*,*,#2084,.T.);
#1391=ORIENTED_EDGE('',*,*,#2085,.F.);
#1392=ORIENTED_EDGE('',*,*,#2086,.F.);
#1393=ORIENTED_EDGE('',*,*,#2087,.T.);
#1394=ORIENTED_EDGE('',*,*,#2082,.T.);
#1395=ORIENTED_EDGE('',*,*,#2088,.F.);
#1396=ORIENTED_EDGE('',*,*,#2089,.F.);
#1397=ORIENTED_EDGE('',*,*,#2090,.T.);
#1398=ORIENTED_EDGE('',*,*,#2086,.T.);
#1399=ORIENTED_EDGE('',*,*,#2091,.F.);
#1400=ORIENTED_EDGE('',*,*,#2084,.F.);
#1401=ORIENTED_EDGE('',*,*,#2092,.T.);
#1402=ORIENTED_EDGE('',*,*,#2089,.T.);
#1403=ORIENTED_EDGE('',*,*,#2093,.T.);
#1404=ORIENTED_EDGE('',*,*,#2074,.F.);
#1405=ORIENTED_EDGE('',*,*,#2094,.F.);
#1406=ORIENTED_EDGE('',*,*,#2079,.T.);
#1407=ORIENTED_EDGE('',*,*,#2083,.F.);
#1408=ORIENTED_EDGE('',*,*,#2087,.F.);
#1409=ORIENTED_EDGE('',*,*,#2090,.F.);
#1410=ORIENTED_EDGE('',*,*,#2092,.F.);
#1411=ORIENTED_EDGE('',*,*,#2073,.T.);
#1412=ORIENTED_EDGE('',*,*,#2077,.T.);
#1413=ORIENTED_EDGE('',*,*,#2080,.T.);
#1414=ORIENTED_EDGE('',*,*,#2094,.T.);
#1415=ORIENTED_EDGE('',*,*,#2081,.T.);
#1416=ORIENTED_EDGE('',*,*,#2091,.T.);
#1417=ORIENTED_EDGE('',*,*,#2088,.T.);
#1418=ORIENTED_EDGE('',*,*,#2085,.T.);
#1419=ORIENTED_EDGE('',*,*,#2071,.F.);
#1420=ORIENTED_EDGE('',*,*,#2093,.F.);
#1421=ORIENTED_EDGE('',*,*,#2078,.F.);
#1422=ORIENTED_EDGE('',*,*,#2075,.F.);
#1423=ORIENTED_EDGE('',*,*,#2095,.T.);
#1424=ORIENTED_EDGE('',*,*,#2096,.F.);
#1425=ORIENTED_EDGE('',*,*,#2097,.F.);
#1426=ORIENTED_EDGE('',*,*,#2098,.T.);
#1427=ORIENTED_EDGE('',*,*,#2099,.T.);
#1428=ORIENTED_EDGE('',*,*,#2100,.F.);
#1429=ORIENTED_EDGE('',*,*,#2101,.F.);
#1430=ORIENTED_EDGE('',*,*,#2096,.T.);
#1431=ORIENTED_EDGE('',*,*,#2102,.T.);
#1432=ORIENTED_EDGE('',*,*,#2103,.F.);
#1433=ORIENTED_EDGE('',*,*,#2104,.F.);
#1434=ORIENTED_EDGE('',*,*,#2100,.T.);
#1435=ORIENTED_EDGE('',*,*,#2105,.T.);
#1436=ORIENTED_EDGE('',*,*,#2106,.F.);
#1437=ORIENTED_EDGE('',*,*,#2107,.F.);
#1438=ORIENTED_EDGE('',*,*,#2103,.T.);
#1439=ORIENTED_EDGE('',*,*,#2108,.T.);
#1440=ORIENTED_EDGE('',*,*,#2109,.F.);
#1441=ORIENTED_EDGE('',*,*,#2110,.F.);
#1442=ORIENTED_EDGE('',*,*,#2106,.T.);
#1443=ORIENTED_EDGE('',*,*,#2111,.T.);
#1444=ORIENTED_EDGE('',*,*,#2098,.F.);
#1445=ORIENTED_EDGE('',*,*,#2112,.F.);
#1446=ORIENTED_EDGE('',*,*,#2109,.T.);
#1447=ORIENTED_EDGE('',*,*,#2113,.F.);
#1448=ORIENTED_EDGE('',*,*,#2114,.F.);
#1449=ORIENTED_EDGE('',*,*,#2115,.T.);
#1450=ORIENTED_EDGE('',*,*,#2116,.T.);
#1451=ORIENTED_EDGE('',*,*,#2097,.T.);
#1452=ORIENTED_EDGE('',*,*,#2101,.T.);
#1453=ORIENTED_EDGE('',*,*,#2104,.T.);
#1454=ORIENTED_EDGE('',*,*,#2107,.T.);
#1455=ORIENTED_EDGE('',*,*,#2110,.T.);
#1456=ORIENTED_EDGE('',*,*,#2112,.T.);
#1457=ORIENTED_EDGE('',*,*,#2117,.T.);
#1458=ORIENTED_EDGE('',*,*,#2118,.T.);
#1459=ORIENTED_EDGE('',*,*,#2119,.F.);
#1460=ORIENTED_EDGE('',*,*,#2120,.F.);
#1461=ORIENTED_EDGE('',*,*,#2095,.F.);
#1462=ORIENTED_EDGE('',*,*,#2111,.F.);
#1463=ORIENTED_EDGE('',*,*,#2108,.F.);
#1464=ORIENTED_EDGE('',*,*,#2105,.F.);
#1465=ORIENTED_EDGE('',*,*,#2102,.F.);
#1466=ORIENTED_EDGE('',*,*,#2099,.F.);
#1467=ORIENTED_EDGE('',*,*,#2113,.T.);
#1468=ORIENTED_EDGE('',*,*,#2121,.T.);
#1469=ORIENTED_EDGE('',*,*,#2118,.F.);
#1470=ORIENTED_EDGE('',*,*,#2122,.F.);
#1471=ORIENTED_EDGE('',*,*,#2123,.T.);
#1472=ORIENTED_EDGE('',*,*,#2119,.T.);
#1473=ORIENTED_EDGE('',*,*,#2121,.F.);
#1474=ORIENTED_EDGE('',*,*,#2116,.F.);
#1475=ORIENTED_EDGE('',*,*,#2124,.T.);
#1476=ORIENTED_EDGE('',*,*,#2120,.T.);
#1477=ORIENTED_EDGE('',*,*,#2123,.F.);
#1478=ORIENTED_EDGE('',*,*,#2115,.F.);
#1479=ORIENTED_EDGE('',*,*,#2114,.T.);
#1480=ORIENTED_EDGE('',*,*,#2122,.T.);
#1481=ORIENTED_EDGE('',*,*,#2117,.F.);
#1482=ORIENTED_EDGE('',*,*,#2124,.F.);
#1483=ORIENTED_EDGE('',*,*,#2125,.T.);
#1484=ORIENTED_EDGE('',*,*,#2126,.F.);
#1485=ORIENTED_EDGE('',*,*,#2127,.F.);
#1486=ORIENTED_EDGE('',*,*,#2128,.T.);
#1487=ORIENTED_EDGE('',*,*,#2129,.T.);
#1488=ORIENTED_EDGE('',*,*,#2128,.F.);
#1489=ORIENTED_EDGE('',*,*,#2130,.F.);
#1490=ORIENTED_EDGE('',*,*,#2126,.T.);
#1491=ORIENTED_EDGE('',*,*,#2127,.T.);
#1492=ORIENTED_EDGE('',*,*,#2130,.T.);
#1493=ORIENTED_EDGE('',*,*,#2125,.F.);
#1494=ORIENTED_EDGE('',*,*,#2129,.F.);
#1495=EDGE_CURVE('',#2131,#2132,#2577,.T.);
#1496=EDGE_CURVE('',#2133,#2131,#2578,.T.);
#1497=EDGE_CURVE('',#2133,#2134,#2579,.T.);
#1498=EDGE_CURVE('',#2134,#2132,#2580,.T.);
#1499=EDGE_CURVE('',#2131,#2135,#2581,.T.);
#1500=EDGE_CURVE('',#2136,#2135,#2582,.T.);
#1501=EDGE_CURVE('',#2133,#2136,#2583,.T.);
#1502=EDGE_CURVE('',#2135,#2137,#2584,.T.);
#1503=EDGE_CURVE('',#2138,#2137,#2585,.T.);
#1504=EDGE_CURVE('',#2136,#2138,#2586,.T.);
#1505=EDGE_CURVE('',#2132,#2137,#2587,.T.);
#1506=EDGE_CURVE('',#2134,#2138,#2588,.T.);
#1507=EDGE_CURVE('',#2139,#2139,#129,.F.);
#1508=EDGE_CURVE('',#2140,#2140,#130,.T.);
#1509=EDGE_CURVE('',#2141,#2142,#2589,.T.);
#1510=EDGE_CURVE('',#2143,#2142,#2590,.T.);
#1511=EDGE_CURVE('',#2144,#2143,#2591,.T.);
#1512=EDGE_CURVE('',#2144,#2141,#2592,.T.);
#1513=EDGE_CURVE('',#2142,#2145,#131,.T.);
#1514=EDGE_CURVE('',#2146,#2145,#2593,.T.);
#1515=EDGE_CURVE('',#2143,#2146,#132,.T.);
#1516=EDGE_CURVE('',#2145,#2147,#2594,.T.);
#1517=EDGE_CURVE('',#2148,#2147,#2595,.T.);
#1518=EDGE_CURVE('',#2146,#2148,#2596,.T.);
#1519=EDGE_CURVE('',#2147,#2141,#133,.T.);
#1520=EDGE_CURVE('',#2148,#2144,#134,.T.);
#1521=EDGE_CURVE('',#2149,#2149,#135,.F.);
#1522=EDGE_CURVE('',#2150,#2150,#136,.F.);
#1523=EDGE_CURVE('',#2151,#2152,#2597,.T.);
#1524=EDGE_CURVE('',#2153,#2151,#2598,.T.);
#1525=EDGE_CURVE('',#2153,#2154,#2599,.T.);
#1526=EDGE_CURVE('',#2154,#2152,#2600,.T.);
#1527=EDGE_CURVE('',#2151,#2155,#2601,.T.);
#1528=EDGE_CURVE('',#2156,#2155,#2602,.T.);
#1529=EDGE_CURVE('',#2157,#2156,#2603,.T.);
#1530=EDGE_CURVE('',#2158,#2157,#2604,.T.);
#1531=EDGE_CURVE('',#2153,#2158,#2605,.T.);
#1532=EDGE_CURVE('',#2155,#2159,#2606,.T.);
#1533=EDGE_CURVE('',#2160,#2159,#2607,.T.);
#1534=EDGE_CURVE('',#2156,#2160,#2608,.T.);
#1535=EDGE_CURVE('',#2152,#2159,#2609,.T.);
#1536=EDGE_CURVE('',#2154,#2161,#2610,.T.);
#1537=EDGE_CURVE('',#2161,#2162,#2611,.T.);
#1538=EDGE_CURVE('',#2162,#2160,#2612,.T.);
#1539=EDGE_CURVE('',#2163,#2163,#137,.F.);
#1540=EDGE_CURVE('',#2157,#2162,#2613,.T.);
#1541=EDGE_CURVE('',#2164,#2164,#138,.F.);
#1542=EDGE_CURVE('',#2158,#2161,#2614,.T.);
#1543=EDGE_CURVE('',#2165,#2165,#139,.T.);
#1544=EDGE_CURVE('',#2166,#2166,#140,.T.);
#1545=EDGE_CURVE('',#2167,#2167,#141,.T.);
#1546=EDGE_CURVE('',#2168,#2168,#142,.T.);
#1547=EDGE_CURVE('',#2169,#2170,#143,.T.);
#1548=EDGE_CURVE('',#2171,#2169,#2615,.T.);
#1549=EDGE_CURVE('',#2171,#2172,#144,.T.);
#1550=EDGE_CURVE('',#2172,#2170,#2616,.T.);
#1551=EDGE_CURVE('',#2169,#2170,#145,.T.);
#1552=EDGE_CURVE('',#2171,#2172,#146,.T.);
#1553=EDGE_CURVE('',#2173,#2174,#2617,.T.);
#1554=EDGE_CURVE('',#2175,#2173,#2618,.T.);
#1555=EDGE_CURVE('',#2175,#2176,#2619,.T.);
#1556=EDGE_CURVE('',#2176,#2174,#2620,.T.);
#1557=EDGE_CURVE('',#2173,#2177,#2621,.T.);
#1558=EDGE_CURVE('',#2178,#2177,#2622,.T.);
#1559=EDGE_CURVE('',#2175,#2178,#2623,.T.);
#1560=EDGE_CURVE('',#2177,#2179,#2624,.T.);
#1561=EDGE_CURVE('',#2180,#2179,#2625,.T.);
#1562=EDGE_CURVE('',#2178,#2180,#2626,.T.);
#1563=EDGE_CURVE('',#2174,#2179,#2627,.T.);
#1564=EDGE_CURVE('',#2176,#2180,#2628,.T.);
#1565=EDGE_CURVE('',#2181,#2181,#147,.F.);
#1566=EDGE_CURVE('',#2182,#2182,#148,.F.);
#1567=EDGE_CURVE('',#2183,#2184,#149,.T.);
#1568=EDGE_CURVE('',#2185,#2183,#2629,.T.);
#1569=EDGE_CURVE('',#2185,#2186,#150,.T.);
#1570=EDGE_CURVE('',#2186,#2184,#2630,.T.);
#1571=EDGE_CURVE('',#2183,#2184,#151,.T.);
#1572=EDGE_CURVE('',#2185,#2186,#152,.T.);
#1573=EDGE_CURVE('',#2187,#2188,#2631,.T.);
#1574=EDGE_CURVE('',#2189,#2187,#2632,.T.);
#1575=EDGE_CURVE('',#2189,#2190,#2633,.T.);
#1576=EDGE_CURVE('',#2190,#2188,#2634,.T.);
#1577=EDGE_CURVE('',#2187,#2191,#2635,.T.);
#1578=EDGE_CURVE('',#2192,#2191,#2636,.T.);
#1579=EDGE_CURVE('',#2189,#2192,#2637,.T.);
#1580=EDGE_CURVE('',#2191,#2193,#2638,.T.);
#1581=EDGE_CURVE('',#2194,#2193,#2639,.T.);
#1582=EDGE_CURVE('',#2192,#2194,#2640,.T.);
#1583=EDGE_CURVE('',#2188,#2193,#2641,.T.);
#1584=EDGE_CURVE('',#2190,#2194,#2642,.T.);
#1585=EDGE_CURVE('',#2195,#2196,#2643,.T.);
#1586=EDGE_CURVE('',#2197,#2195,#2644,.T.);
#1587=EDGE_CURVE('',#2197,#2198,#2645,.T.);
#1588=EDGE_CURVE('',#2198,#2196,#2646,.T.);
#1589=EDGE_CURVE('',#2199,#2200,#2647,.T.);
#1590=EDGE_CURVE('',#2200,#2201,#2648,.T.);
#1591=EDGE_CURVE('',#2202,#2201,#2649,.T.);
#1592=EDGE_CURVE('',#2199,#2202,#2650,.T.);
#1593=EDGE_CURVE('',#2195,#2203,#2651,.T.);
#1594=EDGE_CURVE('',#2204,#2203,#2652,.T.);
#1595=EDGE_CURVE('',#2197,#2204,#2653,.T.);
#1596=EDGE_CURVE('',#2203,#2205,#2654,.T.);
#1597=EDGE_CURVE('',#2206,#2205,#2655,.T.);
#1598=EDGE_CURVE('',#2204,#2206,#2656,.T.);
#1599=EDGE_CURVE('',#2196,#2205,#2657,.T.);
#1600=EDGE_CURVE('',#2198,#2206,#2658,.T.);
#1601=EDGE_CURVE('',#2207,#2207,#153,.F.);
#1602=EDGE_CURVE('',#2208,#2208,#154,.F.);
#1603=EDGE_CURVE('',#2199,#2209,#2659,.T.);
#1604=EDGE_CURVE('',#2210,#2209,#2660,.T.);
#1605=EDGE_CURVE('',#2200,#2210,#2661,.T.);
#1606=EDGE_CURVE('',#2201,#2211,#2662,.T.);
#1607=EDGE_CURVE('',#2211,#2212,#2663,.T.);
#1608=EDGE_CURVE('',#2202,#2212,#2664,.T.);
#1609=EDGE_CURVE('',#2213,#2213,#155,.T.);
#1610=EDGE_CURVE('',#2210,#2211,#2665,.T.);
#1611=EDGE_CURVE('',#2214,#2214,#156,.T.);
#1612=EDGE_CURVE('',#2209,#2212,#2666,.T.);
#1613=EDGE_CURVE('',#2215,#2216,#2667,.T.);
#1614=EDGE_CURVE('',#2217,#2215,#2668,.T.);
#1615=EDGE_CURVE('',#2217,#2218,#2669,.T.);
#1616=EDGE_CURVE('',#2218,#2216,#2670,.T.);
#1617=EDGE_CURVE('',#2216,#2219,#2671,.T.);
#1618=EDGE_CURVE('',#2218,#2220,#2672,.T.);
#1619=EDGE_CURVE('',#2220,#2219,#2673,.T.);
#1620=EDGE_CURVE('',#2219,#2221,#2674,.T.);
#1621=EDGE_CURVE('',#2220,#2222,#2675,.T.);
#1622=EDGE_CURVE('',#2222,#2221,#2676,.T.);
#1623=EDGE_CURVE('',#2222,#2223,#2677,.T.);
#1624=EDGE_CURVE('',#2223,#2224,#2678,.T.);
#1625=EDGE_CURVE('',#2221,#2224,#2679,.T.);
#1626=EDGE_CURVE('',#2225,#2226,#2680,.T.);
#1627=EDGE_CURVE('',#2225,#2227,#2681,.F.);
#1628=EDGE_CURVE('',#2227,#2228,#2682,.T.);
#1629=EDGE_CURVE('',#2228,#2226,#2683,.T.);
#1630=EDGE_CURVE('',#2226,#2215,#2684,.T.);
#1631=EDGE_CURVE('',#2228,#2217,#2685,.T.);
#1632=EDGE_CURVE('',#2227,#2223,#157,.T.);
#1633=EDGE_CURVE('',#2224,#2225,#158,.F.);
#1634=EDGE_CURVE('',#2229,#2230,#2686,.T.);
#1635=EDGE_CURVE('',#2231,#2229,#2687,.T.);
#1636=EDGE_CURVE('',#2231,#2232,#2688,.T.);
#1637=EDGE_CURVE('',#2232,#2230,#2689,.T.);
#1638=EDGE_CURVE('',#2229,#2233,#2690,.T.);
#1639=EDGE_CURVE('',#2234,#2233,#2691,.T.);
#1640=EDGE_CURVE('',#2231,#2234,#2692,.T.);
#1641=EDGE_CURVE('',#2235,#2233,#2693,.T.);
#1642=EDGE_CURVE('',#2236,#2235,#2694,.T.);
#1643=EDGE_CURVE('',#2236,#2234,#2695,.T.);
#1644=EDGE_CURVE('',#2237,#2235,#2696,.T.);
#1645=EDGE_CURVE('',#2238,#2237,#2697,.T.);
#1646=EDGE_CURVE('',#2238,#2236,#2698,.T.);
#1647=EDGE_CURVE('',#2237,#2239,#2699,.T.);
#1648=EDGE_CURVE('',#2240,#2239,#2700,.T.);
#1649=EDGE_CURVE('',#2238,#2240,#2701,.T.);
#1650=EDGE_CURVE('',#2239,#2230,#2702,.T.);
#1651=EDGE_CURVE('',#2240,#2232,#2703,.T.);
#1652=EDGE_CURVE('',#2241,#2241,#159,.T.);
#1653=EDGE_CURVE('',#2242,#2242,#160,.T.);
#1654=EDGE_CURVE('',#2243,#2243,#161,.T.);
#1655=EDGE_CURVE('',#2244,#2244,#162,.T.);
#1656=EDGE_CURVE('',#2245,#2246,#2704,.T.);
#1657=EDGE_CURVE('',#2247,#2245,#2705,.T.);
#1658=EDGE_CURVE('',#2247,#2248,#2706,.T.);
#1659=EDGE_CURVE('',#2248,#2246,#2707,.T.);
#1660=EDGE_CURVE('',#2245,#2249,#2708,.T.);
#1661=EDGE_CURVE('',#2250,#2249,#2709,.T.);
#1662=EDGE_CURVE('',#2247,#2250,#2710,.T.);
#1663=EDGE_CURVE('',#2251,#2249,#2711,.T.);
#1664=EDGE_CURVE('',#2252,#2251,#2712,.T.);
#1665=EDGE_CURVE('',#2252,#2250,#2713,.T.);
#1666=EDGE_CURVE('',#2251,#2253,#2714,.T.);
#1667=EDGE_CURVE('',#2254,#2253,#2715,.T.);
#1668=EDGE_CURVE('',#2252,#2254,#2716,.T.);
#1669=EDGE_CURVE('',#2253,#2255,#2717,.T.);
#1670=EDGE_CURVE('',#2256,#2255,#2718,.T.);
#1671=EDGE_CURVE('',#2254,#2256,#2719,.T.);
#1672=EDGE_CURVE('',#2246,#2255,#2720,.T.);
#1673=EDGE_CURVE('',#2248,#2256,#2721,.T.);
#1674=EDGE_CURVE('',#2257,#2257,#163,.T.);
#1675=EDGE_CURVE('',#2258,#2259,#2722,.T.);
#1676=EDGE_CURVE('',#2259,#2260,#2723,.T.);
#1677=EDGE_CURVE('',#2260,#2261,#2724,.T.);
#1678=EDGE_CURVE('',#2261,#2262,#2725,.T.);
#1679=EDGE_CURVE('',#2262,#2263,#2726,.T.);
#1680=EDGE_CURVE('',#2263,#2258,#2727,.T.);
#1681=EDGE_CURVE('',#2264,#2264,#164,.T.);
#1682=EDGE_CURVE('',#2265,#2265,#165,.F.);
#1683=EDGE_CURVE('',#2266,#2266,#166,.T.);
#1684=EDGE_CURVE('',#2259,#2267,#2728,.T.);
#1685=EDGE_CURVE('',#2268,#2267,#2729,.T.);
#1686=EDGE_CURVE('',#2260,#2268,#2730,.T.);
#1687=EDGE_CURVE('',#2258,#2269,#2731,.T.);
#1688=EDGE_CURVE('',#2267,#2269,#2732,.T.);
#1689=EDGE_CURVE('',#2263,#2270,#2733,.T.);
#1690=EDGE_CURVE('',#2269,#2270,#2734,.T.);
#1691=EDGE_CURVE('',#2262,#2271,#2735,.T.);
#1692=EDGE_CURVE('',#2270,#2271,#2736,.T.);
#1693=EDGE_CURVE('',#2261,#2272,#2737,.T.);
#1694=EDGE_CURVE('',#2271,#2272,#2738,.T.);
#1695=EDGE_CURVE('',#2272,#2268,#2739,.T.);
#1696=EDGE_CURVE('',#2273,#2274,#2740,.T.);
#1697=EDGE_CURVE('',#2275,#2274,#2741,.T.);
#1698=EDGE_CURVE('',#2276,#2275,#2742,.T.);
#1699=EDGE_CURVE('',#2276,#2273,#2743,.T.);
#1700=EDGE_CURVE('',#2274,#2277,#2744,.T.);
#1701=EDGE_CURVE('',#2278,#2277,#2745,.T.);
#1702=EDGE_CURVE('',#2275,#2278,#2746,.T.);
#1703=EDGE_CURVE('',#2277,#2279,#2747,.T.);
#1704=EDGE_CURVE('',#2280,#2279,#2748,.T.);
#1705=EDGE_CURVE('',#2278,#2280,#2749,.T.);
#1706=EDGE_CURVE('',#2279,#2281,#2750,.T.);
#1707=EDGE_CURVE('',#2282,#2281,#2751,.T.);
#1708=EDGE_CURVE('',#2280,#2282,#2752,.T.);
#1709=EDGE_CURVE('',#2281,#2283,#2753,.T.);
#1710=EDGE_CURVE('',#2284,#2283,#2754,.T.);
#1711=EDGE_CURVE('',#2282,#2284,#2755,.T.);
#1712=EDGE_CURVE('',#2283,#2285,#2756,.T.);
#1713=EDGE_CURVE('',#2286,#2285,#2757,.T.);
#1714=EDGE_CURVE('',#2284,#2286,#2758,.T.);
#1715=EDGE_CURVE('',#2285,#2287,#2759,.T.);
#1716=EDGE_CURVE('',#2288,#2287,#2760,.T.);
#1717=EDGE_CURVE('',#2286,#2288,#2761,.T.);
#1718=EDGE_CURVE('',#2287,#2289,#2762,.T.);
#1719=EDGE_CURVE('',#2290,#2289,#2763,.T.);
#1720=EDGE_CURVE('',#2288,#2290,#2764,.T.);
#1721=EDGE_CURVE('',#2289,#2291,#2765,.T.);
#1722=EDGE_CURVE('',#2292,#2291,#2766,.T.);
#1723=EDGE_CURVE('',#2290,#2292,#2767,.T.);
#1724=EDGE_CURVE('',#2291,#2293,#2768,.T.);
#1725=EDGE_CURVE('',#2294,#2293,#2769,.T.);
#1726=EDGE_CURVE('',#2292,#2294,#2770,.T.);
#1727=EDGE_CURVE('',#2293,#2295,#2771,.T.);
#1728=EDGE_CURVE('',#2296,#2295,#2772,.T.);
#1729=EDGE_CURVE('',#2294,#2296,#2773,.T.);
#1730=EDGE_CURVE('',#2295,#2297,#2774,.T.);
#1731=EDGE_CURVE('',#2298,#2297,#2775,.T.);
#1732=EDGE_CURVE('',#2296,#2298,#2776,.T.);
#1733=EDGE_CURVE('',#2297,#2299,#2777,.T.);
#1734=EDGE_CURVE('',#2300,#2299,#2778,.T.);
#1735=EDGE_CURVE('',#2298,#2300,#2779,.T.);
#1736=EDGE_CURVE('',#2299,#2301,#2780,.T.);
#1737=EDGE_CURVE('',#2302,#2301,#2781,.T.);
#1738=EDGE_CURVE('',#2300,#2302,#2782,.T.);
#1739=EDGE_CURVE('',#2301,#2303,#2783,.T.);
#1740=EDGE_CURVE('',#2304,#2303,#2784,.T.);
#1741=EDGE_CURVE('',#2302,#2304,#2785,.T.);
#1742=EDGE_CURVE('',#2303,#2305,#2786,.T.);
#1743=EDGE_CURVE('',#2306,#2305,#2787,.T.);
#1744=EDGE_CURVE('',#2304,#2306,#2788,.T.);
#1745=EDGE_CURVE('',#2305,#2307,#2789,.T.);
#1746=EDGE_CURVE('',#2308,#2307,#2790,.T.);
#1747=EDGE_CURVE('',#2306,#2308,#2791,.T.);
#1748=EDGE_CURVE('',#2307,#2309,#2792,.T.);
#1749=EDGE_CURVE('',#2310,#2309,#2793,.T.);
#1750=EDGE_CURVE('',#2308,#2310,#2794,.T.);
#1751=EDGE_CURVE('',#2309,#2311,#2795,.T.);
#1752=EDGE_CURVE('',#2312,#2311,#2796,.T.);
#1753=EDGE_CURVE('',#2310,#2312,#2797,.T.);
#1754=EDGE_CURVE('',#2311,#2313,#2798,.T.);
#1755=EDGE_CURVE('',#2314,#2313,#2799,.T.);
#1756=EDGE_CURVE('',#2312,#2314,#2800,.T.);
#1757=EDGE_CURVE('',#2313,#2315,#2801,.T.);
#1758=EDGE_CURVE('',#2316,#2315,#2802,.T.);
#1759=EDGE_CURVE('',#2314,#2316,#2803,.T.);
#1760=EDGE_CURVE('',#2315,#2317,#2804,.T.);
#1761=EDGE_CURVE('',#2318,#2317,#2805,.T.);
#1762=EDGE_CURVE('',#2316,#2318,#2806,.T.);
#1763=EDGE_CURVE('',#2317,#2319,#2807,.T.);
#1764=EDGE_CURVE('',#2320,#2319,#2808,.T.);
#1765=EDGE_CURVE('',#2318,#2320,#2809,.T.);
#1766=EDGE_CURVE('',#2319,#2273,#2810,.T.);
#1767=EDGE_CURVE('',#2320,#2276,#2811,.T.);
#1768=EDGE_CURVE('',#2321,#2321,#167,.F.);
#1769=EDGE_CURVE('',#2322,#2323,#2812,.T.);
#1770=EDGE_CURVE('',#2324,#2322,#2813,.T.);
#1771=EDGE_CURVE('',#2324,#2325,#2814,.T.);
#1772=EDGE_CURVE('',#2325,#2323,#2815,.T.);
#1773=EDGE_CURVE('',#2322,#2326,#2816,.T.);
#1774=EDGE_CURVE('',#2327,#2326,#2817,.T.);
#1775=EDGE_CURVE('',#2324,#2327,#2818,.T.);
#1776=EDGE_CURVE('',#2328,#2328,#168,.F.);
#1777=EDGE_CURVE('',#2326,#2329,#2819,.T.);
#1778=EDGE_CURVE('',#2330,#2329,#2820,.T.);
#1779=EDGE_CURVE('',#2327,#2330,#2821,.T.);
#1780=EDGE_CURVE('',#2323,#2329,#2822,.T.);
#1781=EDGE_CURVE('',#2325,#2330,#2823,.T.);
#1782=EDGE_CURVE('',#2331,#2331,#169,.F.);
#1783=EDGE_CURVE('',#2332,#2332,#170,.F.);
#1784=EDGE_CURVE('',#2333,#2334,#2824,.T.);
#1785=EDGE_CURVE('',#2335,#2333,#2825,.T.);
#1786=EDGE_CURVE('',#2335,#2336,#2826,.T.);
#1787=EDGE_CURVE('',#2336,#2334,#2827,.T.);
#1788=EDGE_CURVE('',#2333,#2337,#2828,.T.);
#1789=EDGE_CURVE('',#2338,#2337,#2829,.T.);
#1790=EDGE_CURVE('',#2335,#2338,#2830,.T.);
#1791=EDGE_CURVE('',#2337,#2339,#2831,.T.);
#1792=EDGE_CURVE('',#2339,#2340,#2832,.F.);
#1793=EDGE_CURVE('',#2338,#2340,#2833,.T.);
#1794=EDGE_CURVE('',#2336,#2341,#2834,.T.);
#1795=EDGE_CURVE('',#2341,#2342,#2835,.T.);
#1796=EDGE_CURVE('',#2334,#2342,#2836,.T.);
#1797=EDGE_CURVE('',#2340,#2341,#171,.T.);
#1798=EDGE_CURVE('',#2342,#2339,#172,.F.);
#1799=EDGE_CURVE('',#2343,#2344,#2837,.T.);
#1800=EDGE_CURVE('',#2345,#2344,#2838,.T.);
#1801=EDGE_CURVE('',#2346,#2345,#2839,.T.);
#1802=EDGE_CURVE('',#2346,#2343,#2840,.T.);
#1803=EDGE_CURVE('',#2344,#2347,#2841,.T.);
#1804=EDGE_CURVE('',#2348,#2347,#2842,.T.);
#1805=EDGE_CURVE('',#2345,#2348,#2843,.T.);
#1806=EDGE_CURVE('',#2347,#2349,#2844,.T.);
#1807=EDGE_CURVE('',#2350,#2349,#2845,.T.);
#1808=EDGE_CURVE('',#2348,#2350,#2846,.T.);
#1809=EDGE_CURVE('',#2349,#2351,#2847,.T.);
#1810=EDGE_CURVE('',#2352,#2351,#2848,.T.);
#1811=EDGE_CURVE('',#2350,#2352,#2849,.T.);
#1812=EDGE_CURVE('',#2351,#2353,#2850,.T.);
#1813=EDGE_CURVE('',#2354,#2353,#2851,.T.);
#1814=EDGE_CURVE('',#2352,#2354,#2852,.T.);
#1815=EDGE_CURVE('',#2353,#2355,#2853,.T.);
#1816=EDGE_CURVE('',#2356,#2355,#2854,.T.);
#1817=EDGE_CURVE('',#2354,#2356,#2855,.T.);
#1818=EDGE_CURVE('',#2355,#2357,#2856,.T.);
#1819=EDGE_CURVE('',#2358,#2357,#2857,.T.);
#1820=EDGE_CURVE('',#2356,#2358,#2858,.T.);
#1821=EDGE_CURVE('',#2357,#2359,#2859,.T.);
#1822=EDGE_CURVE('',#2360,#2359,#2860,.T.);
#1823=EDGE_CURVE('',#2358,#2360,#2861,.T.);
#1824=EDGE_CURVE('',#2359,#2361,#2862,.T.);
#1825=EDGE_CURVE('',#2362,#2361,#2863,.T.);
#1826=EDGE_CURVE('',#2360,#2362,#2864,.T.);
#1827=EDGE_CURVE('',#2361,#2363,#2865,.T.);
#1828=EDGE_CURVE('',#2364,#2363,#2866,.T.);
#1829=EDGE_CURVE('',#2362,#2364,#2867,.T.);
#1830=EDGE_CURVE('',#2363,#2365,#2868,.T.);
#1831=EDGE_CURVE('',#2366,#2365,#2869,.T.);
#1832=EDGE_CURVE('',#2364,#2366,#2870,.T.);
#1833=EDGE_CURVE('',#2365,#2367,#2871,.T.);
#1834=EDGE_CURVE('',#2368,#2367,#2872,.T.);
#1835=EDGE_CURVE('',#2366,#2368,#2873,.T.);
#1836=EDGE_CURVE('',#2367,#2369,#2874,.T.);
#1837=EDGE_CURVE('',#2370,#2369,#2875,.T.);
#1838=EDGE_CURVE('',#2368,#2370,#2876,.T.);
#1839=EDGE_CURVE('',#2369,#2371,#2877,.T.);
#1840=EDGE_CURVE('',#2372,#2371,#2878,.T.);
#1841=EDGE_CURVE('',#2370,#2372,#2879,.T.);
#1842=EDGE_CURVE('',#2371,#2373,#2880,.T.);
#1843=EDGE_CURVE('',#2374,#2373,#2881,.T.);
#1844=EDGE_CURVE('',#2372,#2374,#2882,.T.);
#1845=EDGE_CURVE('',#2373,#2375,#2883,.T.);
#1846=EDGE_CURVE('',#2376,#2375,#2884,.T.);
#1847=EDGE_CURVE('',#2374,#2376,#2885,.T.);
#1848=EDGE_CURVE('',#2375,#2377,#2886,.T.);
#1849=EDGE_CURVE('',#2378,#2377,#2887,.T.);
#1850=EDGE_CURVE('',#2376,#2378,#2888,.T.);
#1851=EDGE_CURVE('',#2377,#2379,#2889,.T.);
#1852=EDGE_CURVE('',#2380,#2379,#2890,.T.);
#1853=EDGE_CURVE('',#2378,#2380,#2891,.T.);
#1854=EDGE_CURVE('',#2379,#2381,#2892,.T.);
#1855=EDGE_CURVE('',#2382,#2381,#2893,.T.);
#1856=EDGE_CURVE('',#2380,#2382,#2894,.T.);
#1857=EDGE_CURVE('',#2381,#2383,#2895,.T.);
#1858=EDGE_CURVE('',#2384,#2383,#2896,.T.);
#1859=EDGE_CURVE('',#2382,#2384,#2897,.T.);
#1860=EDGE_CURVE('',#2383,#2385,#2898,.T.);
#1861=EDGE_CURVE('',#2386,#2385,#2899,.T.);
#1862=EDGE_CURVE('',#2384,#2386,#2900,.T.);
#1863=EDGE_CURVE('',#2385,#2387,#2901,.T.);
#1864=EDGE_CURVE('',#2388,#2387,#2902,.T.);
#1865=EDGE_CURVE('',#2386,#2388,#2903,.T.);
#1866=EDGE_CURVE('',#2387,#2389,#2904,.T.);
#1867=EDGE_CURVE('',#2390,#2389,#2905,.T.);
#1868=EDGE_CURVE('',#2388,#2390,#2906,.T.);
#1869=EDGE_CURVE('',#2391,#2391,#173,.T.);
#1870=EDGE_CURVE('',#2392,#2392,#174,.T.);
#1871=EDGE_CURVE('',#2389,#2343,#2907,.T.);
#1872=EDGE_CURVE('',#2390,#2346,#2908,.T.);
#1873=EDGE_CURVE('',#2393,#2394,#2909,.T.);
#1874=EDGE_CURVE('',#2395,#2394,#2910,.T.);
#1875=EDGE_CURVE('',#2396,#2395,#2911,.T.);
#1876=EDGE_CURVE('',#2396,#2393,#2912,.T.);
#1877=EDGE_CURVE('',#2394,#2397,#2913,.T.);
#1878=EDGE_CURVE('',#2398,#2397,#2914,.T.);
#1879=EDGE_CURVE('',#2395,#2398,#2915,.T.);
#1880=EDGE_CURVE('',#2397,#2399,#2916,.T.);
#1881=EDGE_CURVE('',#2400,#2399,#2917,.T.);
#1882=EDGE_CURVE('',#2398,#2400,#2918,.T.);
#1883=EDGE_CURVE('',#2399,#2401,#2919,.T.);
#1884=EDGE_CURVE('',#2402,#2401,#2920,.T.);
#1885=EDGE_CURVE('',#2400,#2402,#2921,.T.);
#1886=EDGE_CURVE('',#2401,#2403,#2922,.T.);
#1887=EDGE_CURVE('',#2404,#2403,#2923,.T.);
#1888=EDGE_CURVE('',#2402,#2404,#2924,.T.);
#1889=EDGE_CURVE('',#2405,#2405,#175,.T.);
#1890=EDGE_CURVE('',#2406,#2406,#176,.T.);
#1891=EDGE_CURVE('',#2403,#2393,#2925,.T.);
#1892=EDGE_CURVE('',#2404,#2396,#2926,.T.);
#1893=EDGE_CURVE('',#2407,#2408,#2927,.T.);
#1894=EDGE_CURVE('',#2409,#2408,#2928,.T.);
#1895=EDGE_CURVE('',#2410,#2409,#2929,.T.);
#1896=EDGE_CURVE('',#2410,#2407,#2930,.T.);
#1897=EDGE_CURVE('',#2408,#2411,#2931,.T.);
#1898=EDGE_CURVE('',#2412,#2411,#2932,.T.);
#1899=EDGE_CURVE('',#2409,#2412,#2933,.T.);
#1900=EDGE_CURVE('',#2411,#2413,#2934,.T.);
#1901=EDGE_CURVE('',#2414,#2413,#2935,.T.);
#1902=EDGE_CURVE('',#2412,#2414,#2936,.T.);
#1903=EDGE_CURVE('',#2407,#2413,#2937,.T.);
#1904=EDGE_CURVE('',#2410,#2414,#2938,.T.);
#1905=EDGE_CURVE('',#2415,#2416,#2939,.T.);
#1906=EDGE_CURVE('',#2417,#2416,#2940,.T.);
#1907=EDGE_CURVE('',#2418,#2417,#2941,.T.);
#1908=EDGE_CURVE('',#2418,#2415,#2942,.T.);
#1909=EDGE_CURVE('',#2416,#2419,#2943,.T.);
#1910=EDGE_CURVE('',#2420,#2419,#2944,.T.);
#1911=EDGE_CURVE('',#2417,#2420,#2945,.T.);
#1912=EDGE_CURVE('',#2419,#2421,#2946,.T.);
#1913=EDGE_CURVE('',#2422,#2421,#2947,.T.);
#1914=EDGE_CURVE('',#2420,#2422,#2948,.T.);
#1915=EDGE_CURVE('',#2421,#2415,#2949,.T.);
#1916=EDGE_CURVE('',#2422,#2418,#2950,.T.);
#1917=EDGE_CURVE('',#2423,#2424,#177,.T.);
#1918=EDGE_CURVE('',#2425,#2424,#2951,.T.);
#1919=EDGE_CURVE('',#2426,#2425,#178,.T.);
#1920=EDGE_CURVE('',#2426,#2423,#2952,.T.);
#1921=EDGE_CURVE('',#2424,#2427,#2953,.T.);
#1922=EDGE_CURVE('',#2428,#2427,#2954,.T.);
#1923=EDGE_CURVE('',#2425,#2428,#2955,.T.);
#1924=EDGE_CURVE('',#2427,#2429,#179,.T.);
#1925=EDGE_CURVE('',#2430,#2429,#2956,.T.);
#1926=EDGE_CURVE('',#2428,#2430,#180,.T.);
#1927=EDGE_CURVE('',#2429,#2431,#2957,.T.);
#1928=EDGE_CURVE('',#2432,#2431,#2958,.T.);
#1929=EDGE_CURVE('',#2430,#2432,#2959,.T.);
#1930=EDGE_CURVE('',#2431,#2433,#181,.T.);
#1931=EDGE_CURVE('',#2434,#2433,#2960,.T.);
#1932=EDGE_CURVE('',#2432,#2434,#182,.T.);
#1933=EDGE_CURVE('',#2433,#2435,#2961,.T.);
#1934=EDGE_CURVE('',#2436,#2435,#2962,.T.);
#1935=EDGE_CURVE('',#2434,#2436,#2963,.T.);
#1936=EDGE_CURVE('',#2435,#2437,#183,.T.);
#1937=EDGE_CURVE('',#2438,#2437,#2964,.T.);
#1938=EDGE_CURVE('',#2436,#2438,#184,.T.);
#1939=EDGE_CURVE('',#2439,#2439,#185,.T.);
#1940=EDGE_CURVE('',#2440,#2440,#186,.T.);
#1941=EDGE_CURVE('',#2441,#2441,#187,.T.);
#1942=EDGE_CURVE('',#2442,#2442,#188,.T.);
#1943=EDGE_CURVE('',#2443,#2443,#189,.T.);
#1944=EDGE_CURVE('',#2444,#2444,#190,.T.);
#1945=EDGE_CURVE('',#2445,#2445,#191,.T.);
#1946=EDGE_CURVE('',#2446,#2446,#192,.T.);
#1947=EDGE_CURVE('',#2437,#2423,#2965,.T.);
#1948=EDGE_CURVE('',#2438,#2426,#2966,.T.);
#1949=EDGE_CURVE('',#2447,#2448,#2967,.T.);
#1950=EDGE_CURVE('',#2449,#2447,#2968,.T.);
#1951=EDGE_CURVE('',#2449,#2450,#2969,.T.);
#1952=EDGE_CURVE('',#2450,#2448,#2970,.T.);
#1953=EDGE_CURVE('',#2447,#2451,#2971,.T.);
#1954=EDGE_CURVE('',#2452,#2451,#2972,.T.);
#1955=EDGE_CURVE('',#2449,#2452,#2973,.T.);
#1956=EDGE_CURVE('',#2451,#2453,#2974,.T.);
#1957=EDGE_CURVE('',#2454,#2453,#2975,.T.);
#1958=EDGE_CURVE('',#2452,#2454,#2976,.T.);
#1959=EDGE_CURVE('',#2448,#2453,#2977,.T.);
#1960=EDGE_CURVE('',#2450,#2454,#2978,.T.);
#1961=EDGE_CURVE('',#2455,#2455,#193,.F.);
#1962=EDGE_CURVE('',#2456,#2456,#194,.F.);
#1963=EDGE_CURVE('',#2457,#2457,#195,.F.);
#1964=EDGE_CURVE('',#2458,#2458,#196,.F.);
#1965=EDGE_CURVE('',#2459,#2459,#197,.F.);
#1966=EDGE_CURVE('',#2460,#2460,#198,.F.);
#1967=EDGE_CURVE('',#2461,#2461,#199,.F.);
#1968=EDGE_CURVE('',#2462,#2462,#200,.F.);
#1969=EDGE_CURVE('',#2463,#2464,#2979,.T.);
#1970=EDGE_CURVE('',#2465,#2463,#2980,.T.);
#1971=EDGE_CURVE('',#2465,#2466,#2981,.T.);
#1972=EDGE_CURVE('',#2466,#2464,#2982,.T.);
#1973=EDGE_CURVE('',#2463,#2467,#2983,.T.);
#1974=EDGE_CURVE('',#2468,#2467,#2984,.T.);
#1975=EDGE_CURVE('',#2465,#2468,#2985,.T.);
#1976=EDGE_CURVE('',#2467,#2469,#2986,.T.);
#1977=EDGE_CURVE('',#2470,#2469,#2987,.T.);
#1978=EDGE_CURVE('',#2468,#2470,#2988,.T.);
#1979=EDGE_CURVE('',#2464,#2469,#2989,.T.);
#1980=EDGE_CURVE('',#2466,#2470,#2990,.T.);
#1981=EDGE_CURVE('',#2471,#2471,#201,.F.);
#1982=EDGE_CURVE('',#2472,#2472,#202,.F.);
#1983=EDGE_CURVE('',#2473,#2473,#203,.F.);
#1984=EDGE_CURVE('',#2474,#2474,#204,.F.);
#1985=EDGE_CURVE('',#2475,#2475,#205,.F.);
#1986=EDGE_CURVE('',#2476,#2476,#206,.F.);
#1987=EDGE_CURVE('',#2477,#2478,#2991,.T.);
#1988=EDGE_CURVE('',#2479,#2477,#2992,.T.);
#1989=EDGE_CURVE('',#2479,#2480,#2993,.T.);
#1990=EDGE_CURVE('',#2480,#2478,#2994,.T.);
#1991=EDGE_CURVE('',#2477,#2481,#2995,.T.);
#1992=EDGE_CURVE('',#2482,#2481,#2996,.T.);
#1993=EDGE_CURVE('',#2479,#2482,#2997,.T.);
#1994=EDGE_CURVE('',#2481,#2483,#2998,.T.);
#1995=EDGE_CURVE('',#2484,#2483,#2999,.T.);
#1996=EDGE_CURVE('',#2482,#2484,#3000,.T.);
#1997=EDGE_CURVE('',#2478,#2483,#3001,.T.);
#1998=EDGE_CURVE('',#2480,#2484,#3002,.T.);
#1999=EDGE_CURVE('',#2485,#2486,#3003,.T.);
#2000=EDGE_CURVE('',#2485,#2487,#3004,.T.);
#2001=EDGE_CURVE('',#2487,#2488,#3005,.T.);
#2002=EDGE_CURVE('',#2486,#2488,#3006,.T.);
#2003=EDGE_CURVE('',#2489,#2490,#3007,.T.);
#2004=EDGE_CURVE('',#2489,#2491,#3008,.T.);
#2005=EDGE_CURVE('',#2491,#2492,#3009,.T.);
#2006=EDGE_CURVE('',#2490,#2492,#3010,.T.);
#2007=EDGE_CURVE('',#2493,#2494,#3011,.T.);
#2008=EDGE_CURVE('',#2485,#2493,#3012,.T.);
#2009=EDGE_CURVE('',#2486,#2494,#3013,.T.);
#2010=EDGE_CURVE('',#2493,#2495,#3014,.T.);
#2011=EDGE_CURVE('',#2487,#2495,#3015,.T.);
#2012=EDGE_CURVE('',#2495,#2496,#3016,.T.);
#2013=EDGE_CURVE('',#2488,#2496,#3017,.T.);
#2014=EDGE_CURVE('',#2494,#2496,#3018,.T.);
#2015=EDGE_CURVE('',#2497,#2498,#3019,.T.);
#2016=EDGE_CURVE('',#2491,#2498,#3020,.T.);
#2017=EDGE_CURVE('',#2489,#2497,#3021,.T.);
#2018=EDGE_CURVE('',#2497,#2499,#3022,.T.);
#2019=EDGE_CURVE('',#2490,#2499,#3023,.T.);
#2020=EDGE_CURVE('',#2499,#2500,#3024,.T.);
#2021=EDGE_CURVE('',#2492,#2500,#3025,.T.);
#2022=EDGE_CURVE('',#2498,#2500,#3026,.T.);
#2023=EDGE_CURVE('',#2501,#2502,#3027,.T.);
#2024=EDGE_CURVE('',#2503,#2501,#3028,.T.);
#2025=EDGE_CURVE('',#2503,#2504,#3029,.T.);
#2026=EDGE_CURVE('',#2504,#2502,#3030,.T.);
#2027=EDGE_CURVE('',#2501,#2505,#3031,.T.);
#2028=EDGE_CURVE('',#2506,#2505,#3032,.T.);
#2029=EDGE_CURVE('',#2503,#2506,#3033,.T.);
#2030=EDGE_CURVE('',#2505,#2507,#3034,.T.);
#2031=EDGE_CURVE('',#2508,#2507,#3035,.T.);
#2032=EDGE_CURVE('',#2506,#2508,#3036,.T.);
#2033=EDGE_CURVE('',#2502,#2507,#3037,.T.);
#2034=EDGE_CURVE('',#2504,#2508,#3038,.T.);
#2035=EDGE_CURVE('',#2509,#2509,#207,.F.);
#2036=EDGE_CURVE('',#2510,#2510,#208,.F.);
#2037=EDGE_CURVE('',#2511,#2511,#209,.F.);
#2038=EDGE_CURVE('',#2512,#2512,#210,.F.);
#2039=EDGE_CURVE('',#2513,#2513,#211,.F.);
#2040=EDGE_CURVE('',#2514,#2514,#212,.F.);
#2041=EDGE_CURVE('',#2515,#2516,#3039,.T.);
#2042=EDGE_CURVE('',#2517,#2515,#3040,.T.);
#2043=EDGE_CURVE('',#2517,#2518,#3041,.T.);
#2044=EDGE_CURVE('',#2518,#2516,#3042,.T.);
#2045=EDGE_CURVE('',#2515,#2519,#3043,.T.);
#2046=EDGE_CURVE('',#2520,#2519,#3044,.T.);
#2047=EDGE_CURVE('',#2517,#2520,#3045,.T.);
#2048=EDGE_CURVE('',#2519,#2521,#3046,.T.);
#2049=EDGE_CURVE('',#2522,#2521,#3047,.T.);
#2050=EDGE_CURVE('',#2520,#2522,#3048,.T.);
#2051=EDGE_CURVE('',#2516,#2521,#3049,.T.);
#2052=EDGE_CURVE('',#2518,#2522,#3050,.T.);
#2053=EDGE_CURVE('',#2523,#2523,#213,.T.);
#2054=EDGE_CURVE('',#2524,#2524,#214,.T.);
#2055=EDGE_CURVE('',#2525,#2526,#3051,.T.);
#2056=EDGE_CURVE('',#2527,#2525,#3052,.T.);
#2057=EDGE_CURVE('',#2527,#2528,#3053,.T.);
#2058=EDGE_CURVE('',#2528,#2526,#3054,.T.);
#2059=EDGE_CURVE('',#2525,#2529,#3055,.T.);
#2060=EDGE_CURVE('',#2530,#2529,#3056,.T.);
#2061=EDGE_CURVE('',#2527,#2530,#3057,.T.);
#2062=EDGE_CURVE('',#2529,#2531,#3058,.T.);
#2063=EDGE_CURVE('',#2532,#2531,#3059,.T.);
#2064=EDGE_CURVE('',#2530,#2532,#3060,.T.);
#2065=EDGE_CURVE('',#2526,#2531,#3061,.T.);
#2066=EDGE_CURVE('',#2528,#2532,#3062,.T.);
#2067=EDGE_CURVE('',#2533,#2533,#215,.F.);
#2068=EDGE_CURVE('',#2534,#2534,#216,.F.);
#2069=EDGE_CURVE('',#2535,#2535,#217,.T.);
#2070=EDGE_CURVE('',#2536,#2536,#218,.T.);
#2071=EDGE_CURVE('',#2537,#2538,#3063,.T.);
#2072=EDGE_CURVE('',#2539,#2538,#3064,.T.);
#2073=EDGE_CURVE('',#2540,#2539,#3065,.T.);
#2074=EDGE_CURVE('',#2540,#2537,#3066,.T.);
#2075=EDGE_CURVE('',#2538,#2541,#3067,.T.);
#2076=EDGE_CURVE('',#2542,#2541,#3068,.T.);
#2077=EDGE_CURVE('',#2539,#2542,#3069,.T.);
#2078=EDGE_CURVE('',#2541,#2543,#3070,.T.);
#2079=EDGE_CURVE('',#2544,#2543,#3071,.T.);
#2080=EDGE_CURVE('',#2542,#2544,#3072,.T.);
#2081=EDGE_CURVE('',#2545,#2546,#3073,.T.);
#2082=EDGE_CURVE('',#2547,#2545,#3074,.T.);
#2083=EDGE_CURVE('',#2547,#2548,#3075,.T.);
#2084=EDGE_CURVE('',#2548,#2546,#3076,.T.);
#2085=EDGE_CURVE('',#2549,#2545,#3077,.T.);
#2086=EDGE_CURVE('',#2550,#2549,#3078,.T.);
#2087=EDGE_CURVE('',#2550,#2547,#3079,.T.);
#2088=EDGE_CURVE('',#2551,#2549,#3080,.T.);
#2089=EDGE_CURVE('',#2552,#2551,#3081,.T.);
#2090=EDGE_CURVE('',#2552,#2550,#3082,.T.);
#2091=EDGE_CURVE('',#2546,#2551,#3083,.T.);
#2092=EDGE_CURVE('',#2548,#2552,#3084,.T.);
#2093=EDGE_CURVE('',#2543,#2537,#3085,.T.);
#2094=EDGE_CURVE('',#2544,#2540,#3086,.T.);
#2095=EDGE_CURVE('',#2553,#2554,#3087,.T.);
#2096=EDGE_CURVE('',#2555,#2554,#3088,.T.);
#2097=EDGE_CURVE('',#2556,#2555,#3089,.T.);
#2098=EDGE_CURVE('',#2556,#2553,#3090,.T.);
#2099=EDGE_CURVE('',#2554,#2557,#3091,.T.);
#2100=EDGE_CURVE('',#2558,#2557,#3092,.T.);
#2101=EDGE_CURVE('',#2555,#2558,#3093,.T.);
#2102=EDGE_CURVE('',#2557,#2559,#3094,.T.);
#2103=EDGE_CURVE('',#2560,#2559,#3095,.T.);
#2104=EDGE_CURVE('',#2558,#2560,#3096,.T.);
#2105=EDGE_CURVE('',#2559,#2561,#3097,.T.);
#2106=EDGE_CURVE('',#2562,#2561,#3098,.T.);
#2107=EDGE_CURVE('',#2560,#2562,#3099,.T.);
#2108=EDGE_CURVE('',#2561,#2563,#3100,.T.);
#2109=EDGE_CURVE('',#2564,#2563,#3101,.T.);
#2110=EDGE_CURVE('',#2562,#2564,#3102,.T.);
#2111=EDGE_CURVE('',#2563,#2553,#3103,.T.);
#2112=EDGE_CURVE('',#2564,#2556,#3104,.T.);
#2113=EDGE_CURVE('',#2565,#2566,#3105,.T.);
#2114=EDGE_CURVE('',#2567,#2565,#3106,.T.);
#2115=EDGE_CURVE('',#2567,#2568,#3107,.T.);
#2116=EDGE_CURVE('',#2568,#2566,#3108,.T.);
#2117=EDGE_CURVE('',#2569,#2570,#3109,.T.);
#2118=EDGE_CURVE('',#2570,#2571,#3110,.T.);
#2119=EDGE_CURVE('',#2572,#2571,#3111,.T.);
#2120=EDGE_CURVE('',#2569,#2572,#3112,.T.);
#2121=EDGE_CURVE('',#2566,#2571,#3113,.T.);
#2122=EDGE_CURVE('',#2565,#2570,#3114,.T.);
#2123=EDGE_CURVE('',#2568,#2572,#3115,.T.);
#2124=EDGE_CURVE('',#2567,#2569,#3116,.T.);
#2125=EDGE_CURVE('',#2573,#2574,#219,.T.);
#2126=EDGE_CURVE('',#2575,#2574,#3117,.T.);
#2127=EDGE_CURVE('',#2576,#2575,#220,.T.);
#2128=EDGE_CURVE('',#2576,#2573,#3118,.T.);
#2129=EDGE_CURVE('',#2574,#2573,#221,.T.);
#2130=EDGE_CURVE('',#2575,#2576,#222,.T.);
#2131=VERTEX_POINT('',#7142);
#2132=VERTEX_POINT('',#7143);
#2133=VERTEX_POINT('',#7145);
#2134=VERTEX_POINT('',#7147);
#2135=VERTEX_POINT('',#7151);
#2136=VERTEX_POINT('',#7153);
#2137=VERTEX_POINT('',#7157);
#2138=VERTEX_POINT('',#7159);
#2139=VERTEX_POINT('',#7166);
#2140=VERTEX_POINT('',#7170);
#2141=VERTEX_POINT('',#7175);
#2142=VERTEX_POINT('',#7176);
#2143=VERTEX_POINT('',#7178);
#2144=VERTEX_POINT('',#7180);
#2145=VERTEX_POINT('',#7184);
#2146=VERTEX_POINT('',#7186);
#2147=VERTEX_POINT('',#7190);
#2148=VERTEX_POINT('',#7192);
#2149=VERTEX_POINT('',#7199);
#2150=VERTEX_POINT('',#7202);
#2151=VERTEX_POINT('',#7207);
#2152=VERTEX_POINT('',#7208);
#2153=VERTEX_POINT('',#7210);
#2154=VERTEX_POINT('',#7212);
#2155=VERTEX_POINT('',#7216);
#2156=VERTEX_POINT('',#7218);
#2157=VERTEX_POINT('',#7220);
#2158=VERTEX_POINT('',#7222);
#2159=VERTEX_POINT('',#7226);
#2160=VERTEX_POINT('',#7228);
#2161=VERTEX_POINT('',#7233);
#2162=VERTEX_POINT('',#7235);
#2163=VERTEX_POINT('',#7239);
#2164=VERTEX_POINT('',#7243);
#2165=VERTEX_POINT('',#7251);
#2166=VERTEX_POINT('',#7253);
#2167=VERTEX_POINT('',#7256);
#2168=VERTEX_POINT('',#7258);
#2169=VERTEX_POINT('',#7264);
#2170=VERTEX_POINT('',#7265);
#2171=VERTEX_POINT('',#7267);
#2172=VERTEX_POINT('',#7269);
#2173=VERTEX_POINT('',#7279);
#2174=VERTEX_POINT('',#7280);
#2175=VERTEX_POINT('',#7282);
#2176=VERTEX_POINT('',#7284);
#2177=VERTEX_POINT('',#7288);
#2178=VERTEX_POINT('',#7290);
#2179=VERTEX_POINT('',#7294);
#2180=VERTEX_POINT('',#7296);
#2181=VERTEX_POINT('',#7303);
#2182=VERTEX_POINT('',#7306);
#2183=VERTEX_POINT('',#7311);
#2184=VERTEX_POINT('',#7312);
#2185=VERTEX_POINT('',#7314);
#2186=VERTEX_POINT('',#7316);
#2187=VERTEX_POINT('',#7326);
#2188=VERTEX_POINT('',#7327);
#2189=VERTEX_POINT('',#7329);
#2190=VERTEX_POINT('',#7331);
#2191=VERTEX_POINT('',#7335);
#2192=VERTEX_POINT('',#7337);
#2193=VERTEX_POINT('',#7341);
#2194=VERTEX_POINT('',#7343);
#2195=VERTEX_POINT('',#7353);
#2196=VERTEX_POINT('',#7354);
#2197=VERTEX_POINT('',#7356);
#2198=VERTEX_POINT('',#7358);
#2199=VERTEX_POINT('',#7362);
#2200=VERTEX_POINT('',#7363);
#2201=VERTEX_POINT('',#7365);
#2202=VERTEX_POINT('',#7367);
#2203=VERTEX_POINT('',#7370);
#2204=VERTEX_POINT('',#7372);
#2205=VERTEX_POINT('',#7376);
#2206=VERTEX_POINT('',#7378);
#2207=VERTEX_POINT('',#7385);
#2208=VERTEX_POINT('',#7388);
#2209=VERTEX_POINT('',#7391);
#2210=VERTEX_POINT('',#7393);
#2211=VERTEX_POINT('',#7397);
#2212=VERTEX_POINT('',#7399);
#2213=VERTEX_POINT('',#7403);
#2214=VERTEX_POINT('',#7407);
#2215=VERTEX_POINT('',#7415);
#2216=VERTEX_POINT('',#7416);
#2217=VERTEX_POINT('',#7418);
#2218=VERTEX_POINT('',#7420);
#2219=VERTEX_POINT('',#7424);
#2220=VERTEX_POINT('',#7426);
#2221=VERTEX_POINT('',#7430);
#2222=VERTEX_POINT('',#7432);
#2223=VERTEX_POINT('',#7436);
#2224=VERTEX_POINT('',#7438);
#2225=VERTEX_POINT('',#7442);
#2226=VERTEX_POINT('',#7443);
#2227=VERTEX_POINT('',#7445);
#2228=VERTEX_POINT('',#7447);
#2229=VERTEX_POINT('',#7460);
#2230=VERTEX_POINT('',#7461);
#2231=VERTEX_POINT('',#7463);
#2232=VERTEX_POINT('',#7465);
#2233=VERTEX_POINT('',#7469);
#2234=VERTEX_POINT('',#7471);
#2235=VERTEX_POINT('',#7475);
#2236=VERTEX_POINT('',#7477);
#2237=VERTEX_POINT('',#7481);
#2238=VERTEX_POINT('',#7483);
#2239=VERTEX_POINT('',#7487);
#2240=VERTEX_POINT('',#7489);
#2241=VERTEX_POINT('',#7499);
#2242=VERTEX_POINT('',#7502);
#2243=VERTEX_POINT('',#7505);
#2244=VERTEX_POINT('',#7508);
#2245=VERTEX_POINT('',#7513);
#2246=VERTEX_POINT('',#7514);
#2247=VERTEX_POINT('',#7516);
#2248=VERTEX_POINT('',#7518);
#2249=VERTEX_POINT('',#7522);
#2250=VERTEX_POINT('',#7524);
#2251=VERTEX_POINT('',#7528);
#2252=VERTEX_POINT('',#7530);
#2253=VERTEX_POINT('',#7534);
#2254=VERTEX_POINT('',#7536);
#2255=VERTEX_POINT('',#7540);
#2256=VERTEX_POINT('',#7542);
#2257=VERTEX_POINT('',#7552);
#2258=VERTEX_POINT('',#7554);
#2259=VERTEX_POINT('',#7555);
#2260=VERTEX_POINT('',#7557);
#2261=VERTEX_POINT('',#7559);
#2262=VERTEX_POINT('',#7561);
#2263=VERTEX_POINT('',#7563);
#2264=VERTEX_POINT('',#7567);
#2265=VERTEX_POINT('',#7570);
#2266=VERTEX_POINT('',#7573);
#2267=VERTEX_POINT('',#7576);
#2268=VERTEX_POINT('',#7578);
#2269=VERTEX_POINT('',#7582);
#2270=VERTEX_POINT('',#7586);
#2271=VERTEX_POINT('',#7590);
#2272=VERTEX_POINT('',#7594);
#2273=VERTEX_POINT('',#7602);
#2274=VERTEX_POINT('',#7603);
#2275=VERTEX_POINT('',#7605);
#2276=VERTEX_POINT('',#7607);
#2277=VERTEX_POINT('',#7611);
#2278=VERTEX_POINT('',#7613);
#2279=VERTEX_POINT('',#7617);
#2280=VERTEX_POINT('',#7619);
#2281=VERTEX_POINT('',#7623);
#2282=VERTEX_POINT('',#7625);
#2283=VERTEX_POINT('',#7629);
#2284=VERTEX_POINT('',#7631);
#2285=VERTEX_POINT('',#7635);
#2286=VERTEX_POINT('',#7637);
#2287=VERTEX_POINT('',#7641);
#2288=VERTEX_POINT('',#7643);
#2289=VERTEX_POINT('',#7647);
#2290=VERTEX_POINT('',#7649);
#2291=VERTEX_POINT('',#7653);
#2292=VERTEX_POINT('',#7655);
#2293=VERTEX_POINT('',#7659);
#2294=VERTEX_POINT('',#7661);
#2295=VERTEX_POINT('',#7665);
#2296=VERTEX_POINT('',#7667);
#2297=VERTEX_POINT('',#7671);
#2298=VERTEX_POINT('',#7673);
#2299=VERTEX_POINT('',#7677);
#2300=VERTEX_POINT('',#7679);
#2301=VERTEX_POINT('',#7683);
#2302=VERTEX_POINT('',#7685);
#2303=VERTEX_POINT('',#7689);
#2304=VERTEX_POINT('',#7691);
#2305=VERTEX_POINT('',#7695);
#2306=VERTEX_POINT('',#7697);
#2307=VERTEX_POINT('',#7701);
#2308=VERTEX_POINT('',#7703);
#2309=VERTEX_POINT('',#7707);
#2310=VERTEX_POINT('',#7709);
#2311=VERTEX_POINT('',#7713);
#2312=VERTEX_POINT('',#7715);
#2313=VERTEX_POINT('',#7719);
#2314=VERTEX_POINT('',#7721);
#2315=VERTEX_POINT('',#7725);
#2316=VERTEX_POINT('',#7727);
#2317=VERTEX_POINT('',#7731);
#2318=VERTEX_POINT('',#7733);
#2319=VERTEX_POINT('',#7737);
#2320=VERTEX_POINT('',#7739);
#2321=VERTEX_POINT('',#7749);
#2322=VERTEX_POINT('',#7751);
#2323=VERTEX_POINT('',#7752);
#2324=VERTEX_POINT('',#7754);
#2325=VERTEX_POINT('',#7756);
#2326=VERTEX_POINT('',#7760);
#2327=VERTEX_POINT('',#7762);
#2328=VERTEX_POINT('',#7766);
#2329=VERTEX_POINT('',#7768);
#2330=VERTEX_POINT('',#7770);
#2331=VERTEX_POINT('',#7777);
#2332=VERTEX_POINT('',#7780);
#2333=VERTEX_POINT('',#7786);
#2334=VERTEX_POINT('',#7787);
#2335=VERTEX_POINT('',#7789);
#2336=VERTEX_POINT('',#7791);
#2337=VERTEX_POINT('',#7795);
#2338=VERTEX_POINT('',#7797);
#2339=VERTEX_POINT('',#7801);
#2340=VERTEX_POINT('',#7803);
#2341=VERTEX_POINT('',#7807);
#2342=VERTEX_POINT('',#7809);
#2343=VERTEX_POINT('',#7819);
#2344=VERTEX_POINT('',#7820);
#2345=VERTEX_POINT('',#7822);
#2346=VERTEX_POINT('',#7824);
#2347=VERTEX_POINT('',#7828);
#2348=VERTEX_POINT('',#7830);
#2349=VERTEX_POINT('',#7834);
#2350=VERTEX_POINT('',#7836);
#2351=VERTEX_POINT('',#7840);
#2352=VERTEX_POINT('',#7842);
#2353=VERTEX_POINT('',#7846);
#2354=VERTEX_POINT('',#7848);
#2355=VERTEX_POINT('',#7852);
#2356=VERTEX_POINT('',#7854);
#2357=VERTEX_POINT('',#7858);
#2358=VERTEX_POINT('',#7860);
#2359=VERTEX_POINT('',#7864);
#2360=VERTEX_POINT('',#7866);
#2361=VERTEX_POINT('',#7870);
#2362=VERTEX_POINT('',#7872);
#2363=VERTEX_POINT('',#7876);
#2364=VERTEX_POINT('',#7878);
#2365=VERTEX_POINT('',#7882);
#2366=VERTEX_POINT('',#7884);
#2367=VERTEX_POINT('',#7888);
#2368=VERTEX_POINT('',#7890);
#2369=VERTEX_POINT('',#7894);
#2370=VERTEX_POINT('',#7896);
#2371=VERTEX_POINT('',#7900);
#2372=VERTEX_POINT('',#7902);
#2373=VERTEX_POINT('',#7906);
#2374=VERTEX_POINT('',#7908);
#2375=VERTEX_POINT('',#7912);
#2376=VERTEX_POINT('',#7914);
#2377=VERTEX_POINT('',#7918);
#2378=VERTEX_POINT('',#7920);
#2379=VERTEX_POINT('',#7924);
#2380=VERTEX_POINT('',#7926);
#2381=VERTEX_POINT('',#7930);
#2382=VERTEX_POINT('',#7932);
#2383=VERTEX_POINT('',#7936);
#2384=VERTEX_POINT('',#7938);
#2385=VERTEX_POINT('',#7942);
#2386=VERTEX_POINT('',#7944);
#2387=VERTEX_POINT('',#7948);
#2388=VERTEX_POINT('',#7950);
#2389=VERTEX_POINT('',#7954);
#2390=VERTEX_POINT('',#7956);
#2391=VERTEX_POINT('',#7960);
#2392=VERTEX_POINT('',#7962);
#2393=VERTEX_POINT('',#7971);
#2394=VERTEX_POINT('',#7972);
#2395=VERTEX_POINT('',#7974);
#2396=VERTEX_POINT('',#7976);
#2397=VERTEX_POINT('',#7980);
#2398=VERTEX_POINT('',#7982);
#2399=VERTEX_POINT('',#7986);
#2400=VERTEX_POINT('',#7988);
#2401=VERTEX_POINT('',#7992);
#2402=VERTEX_POINT('',#7994);
#2403=VERTEX_POINT('',#7998);
#2404=VERTEX_POINT('',#8000);
#2405=VERTEX_POINT('',#8004);
#2406=VERTEX_POINT('',#8006);
#2407=VERTEX_POINT('',#8015);
#2408=VERTEX_POINT('',#8016);
#2409=VERTEX_POINT('',#8018);
#2410=VERTEX_POINT('',#8020);
#2411=VERTEX_POINT('',#8024);
#2412=VERTEX_POINT('',#8026);
#2413=VERTEX_POINT('',#8030);
#2414=VERTEX_POINT('',#8032);
#2415=VERTEX_POINT('',#8042);
#2416=VERTEX_POINT('',#8043);
#2417=VERTEX_POINT('',#8045);
#2418=VERTEX_POINT('',#8047);
#2419=VERTEX_POINT('',#8051);
#2420=VERTEX_POINT('',#8053);
#2421=VERTEX_POINT('',#8057);
#2422=VERTEX_POINT('',#8059);
#2423=VERTEX_POINT('',#8069);
#2424=VERTEX_POINT('',#8070);
#2425=VERTEX_POINT('',#8072);
#2426=VERTEX_POINT('',#8074);
#2427=VERTEX_POINT('',#8078);
#2428=VERTEX_POINT('',#8080);
#2429=VERTEX_POINT('',#8084);
#2430=VERTEX_POINT('',#8086);
#2431=VERTEX_POINT('',#8090);
#2432=VERTEX_POINT('',#8092);
#2433=VERTEX_POINT('',#8096);
#2434=VERTEX_POINT('',#8098);
#2435=VERTEX_POINT('',#8102);
#2436=VERTEX_POINT('',#8104);
#2437=VERTEX_POINT('',#8108);
#2438=VERTEX_POINT('',#8110);
#2439=VERTEX_POINT('',#8114);
#2440=VERTEX_POINT('',#8116);
#2441=VERTEX_POINT('',#8119);
#2442=VERTEX_POINT('',#8121);
#2443=VERTEX_POINT('',#8124);
#2444=VERTEX_POINT('',#8126);
#2445=VERTEX_POINT('',#8129);
#2446=VERTEX_POINT('',#8131);
#2447=VERTEX_POINT('',#8140);
#2448=VERTEX_POINT('',#8141);
#2449=VERTEX_POINT('',#8143);
#2450=VERTEX_POINT('',#8145);
#2451=VERTEX_POINT('',#8149);
#2452=VERTEX_POINT('',#8151);
#2453=VERTEX_POINT('',#8155);
#2454=VERTEX_POINT('',#8157);
#2455=VERTEX_POINT('',#8164);
#2456=VERTEX_POINT('',#8166);
#2457=VERTEX_POINT('',#8168);
#2458=VERTEX_POINT('',#8170);
#2459=VERTEX_POINT('',#8173);
#2460=VERTEX_POINT('',#8175);
#2461=VERTEX_POINT('',#8177);
#2462=VERTEX_POINT('',#8179);
#2463=VERTEX_POINT('',#8187);
#2464=VERTEX_POINT('',#8188);
#2465=VERTEX_POINT('',#8190);
#2466=VERTEX_POINT('',#8192);
#2467=VERTEX_POINT('',#8196);
#2468=VERTEX_POINT('',#8198);
#2469=VERTEX_POINT('',#8202);
#2470=VERTEX_POINT('',#8204);
#2471=VERTEX_POINT('',#8211);
#2472=VERTEX_POINT('',#8213);
#2473=VERTEX_POINT('',#8215);
#2474=VERTEX_POINT('',#8218);
#2475=VERTEX_POINT('',#8220);
#2476=VERTEX_POINT('',#8222);
#2477=VERTEX_POINT('',#8229);
#2478=VERTEX_POINT('',#8230);
#2479=VERTEX_POINT('',#8232);
#2480=VERTEX_POINT('',#8234);
#2481=VERTEX_POINT('',#8238);
#2482=VERTEX_POINT('',#8240);
#2483=VERTEX_POINT('',#8244);
#2484=VERTEX_POINT('',#8246);
#2485=VERTEX_POINT('',#8256);
#2486=VERTEX_POINT('',#8257);
#2487=VERTEX_POINT('',#8259);
#2488=VERTEX_POINT('',#8261);
#2489=VERTEX_POINT('',#8264);
#2490=VERTEX_POINT('',#8265);
#2491=VERTEX_POINT('',#8267);
#2492=VERTEX_POINT('',#8269);
#2493=VERTEX_POINT('',#8273);
#2494=VERTEX_POINT('',#8274);
#2495=VERTEX_POINT('',#8279);
#2496=VERTEX_POINT('',#8283);
#2497=VERTEX_POINT('',#8290);
#2498=VERTEX_POINT('',#8291);
#2499=VERTEX_POINT('',#8296);
#2500=VERTEX_POINT('',#8300);
#2501=VERTEX_POINT('',#8308);
#2502=VERTEX_POINT('',#8309);
#2503=VERTEX_POINT('',#8311);
#2504=VERTEX_POINT('',#8313);
#2505=VERTEX_POINT('',#8317);
#2506=VERTEX_POINT('',#8319);
#2507=VERTEX_POINT('',#8323);
#2508=VERTEX_POINT('',#8325);
#2509=VERTEX_POINT('',#8332);
#2510=VERTEX_POINT('',#8334);
#2511=VERTEX_POINT('',#8336);
#2512=VERTEX_POINT('',#8339);
#2513=VERTEX_POINT('',#8341);
#2514=VERTEX_POINT('',#8343);
#2515=VERTEX_POINT('',#8350);
#2516=VERTEX_POINT('',#8351);
#2517=VERTEX_POINT('',#8353);
#2518=VERTEX_POINT('',#8355);
#2519=VERTEX_POINT('',#8359);
#2520=VERTEX_POINT('',#8361);
#2521=VERTEX_POINT('',#8365);
#2522=VERTEX_POINT('',#8367);
#2523=VERTEX_POINT('',#8374);
#2524=VERTEX_POINT('',#8378);
#2525=VERTEX_POINT('',#8383);
#2526=VERTEX_POINT('',#8384);
#2527=VERTEX_POINT('',#8386);
#2528=VERTEX_POINT('',#8388);
#2529=VERTEX_POINT('',#8392);
#2530=VERTEX_POINT('',#8394);
#2531=VERTEX_POINT('',#8398);
#2532=VERTEX_POINT('',#8400);
#2533=VERTEX_POINT('',#8407);
#2534=VERTEX_POINT('',#8410);
#2535=VERTEX_POINT('',#8413);
#2536=VERTEX_POINT('',#8416);
#2537=VERTEX_POINT('',#8421);
#2538=VERTEX_POINT('',#8422);
#2539=VERTEX_POINT('',#8424);
#2540=VERTEX_POINT('',#8426);
#2541=VERTEX_POINT('',#8430);
#2542=VERTEX_POINT('',#8432);
#2543=VERTEX_POINT('',#8436);
#2544=VERTEX_POINT('',#8438);
#2545=VERTEX_POINT('',#8442);
#2546=VERTEX_POINT('',#8443);
#2547=VERTEX_POINT('',#8445);
#2548=VERTEX_POINT('',#8447);
#2549=VERTEX_POINT('',#8451);
#2550=VERTEX_POINT('',#8453);
#2551=VERTEX_POINT('',#8457);
#2552=VERTEX_POINT('',#8459);
#2553=VERTEX_POINT('',#8472);
#2554=VERTEX_POINT('',#8473);
#2555=VERTEX_POINT('',#8475);
#2556=VERTEX_POINT('',#8477);
#2557=VERTEX_POINT('',#8481);
#2558=VERTEX_POINT('',#8483);
#2559=VERTEX_POINT('',#8487);
#2560=VERTEX_POINT('',#8489);
#2561=VERTEX_POINT('',#8493);
#2562=VERTEX_POINT('',#8495);
#2563=VERTEX_POINT('',#8499);
#2564=VERTEX_POINT('',#8501);
#2565=VERTEX_POINT('',#8508);
#2566=VERTEX_POINT('',#8509);
#2567=VERTEX_POINT('',#8511);
#2568=VERTEX_POINT('',#8513);
#2569=VERTEX_POINT('',#8517);
#2570=VERTEX_POINT('',#8518);
#2571=VERTEX_POINT('',#8520);
#2572=VERTEX_POINT('',#8522);
#2573=VERTEX_POINT('',#8535);
#2574=VERTEX_POINT('',#8536);
#2575=VERTEX_POINT('',#8538);
#2576=VERTEX_POINT('',#8540);
#2577=LINE('',#7141,#3119);
#2578=LINE('',#7144,#3120);
#2579=LINE('',#7146,#3121);
#2580=LINE('',#7148,#3122);
#2581=LINE('',#7150,#3123);
#2582=LINE('',#7152,#3124);
#2583=LINE('',#7154,#3125);
#2584=LINE('',#7156,#3126);
#2585=LINE('',#7158,#3127);
#2586=LINE('',#7160,#3128);
#2587=LINE('',#7162,#3129);
#2588=LINE('',#7163,#3130);
#2589=LINE('',#7174,#3131);
#2590=LINE('',#7177,#3132);
#2591=LINE('',#7179,#3133);
#2592=LINE('',#7181,#3134);
#2593=LINE('',#7185,#3135);
#2594=LINE('',#7189,#3136);
#2595=LINE('',#7191,#3137);
#2596=LINE('',#7193,#3138);
#2597=LINE('',#7206,#3139);
#2598=LINE('',#7209,#3140);
#2599=LINE('',#7211,#3141);
#2600=LINE('',#7213,#3142);
#2601=LINE('',#7215,#3143);
#2602=LINE('',#7217,#3144);
#2603=LINE('',#7219,#3145);
#2604=LINE('',#7221,#3146);
#2605=LINE('',#7223,#3147);
#2606=LINE('',#7225,#3148);
#2607=LINE('',#7227,#3149);
#2608=LINE('',#7229,#3150);
#2609=LINE('',#7231,#3151);
#2610=LINE('',#7232,#3152);
#2611=LINE('',#7234,#3153);
#2612=LINE('',#7236,#3154);
#2613=LINE('',#7240,#3155);
#2614=LINE('',#7245,#3156);
#2615=LINE('',#7266,#3157);
#2616=LINE('',#7270,#3158);
#2617=LINE('',#7278,#3159);
#2618=LINE('',#7281,#3160);
#2619=LINE('',#7283,#3161);
#2620=LINE('',#7285,#3162);
#2621=LINE('',#7287,#3163);
#2622=LINE('',#7289,#3164);
#2623=LINE('',#7291,#3165);
#2624=LINE('',#7293,#3166);
#2625=LINE('',#7295,#3167);
#2626=LINE('',#7297,#3168);
#2627=LINE('',#7299,#3169);
#2628=LINE('',#7300,#3170);
#2629=LINE('',#7313,#3171);
#2630=LINE('',#7317,#3172);
#2631=LINE('',#7325,#3173);
#2632=LINE('',#7328,#3174);
#2633=LINE('',#7330,#3175);
#2634=LINE('',#7332,#3176);
#2635=LINE('',#7334,#3177);
#2636=LINE('',#7336,#3178);
#2637=LINE('',#7338,#3179);
#2638=LINE('',#7340,#3180);
#2639=LINE('',#7342,#3181);
#2640=LINE('',#7344,#3182);
#2641=LINE('',#7346,#3183);
#2642=LINE('',#7347,#3184);
#2643=LINE('',#7352,#3185);
#2644=LINE('',#7355,#3186);
#2645=LINE('',#7357,#3187);
#2646=LINE('',#7359,#3188);
#2647=LINE('',#7361,#3189);
#2648=LINE('',#7364,#3190);
#2649=LINE('',#7366,#3191);
#2650=LINE('',#7368,#3192);
#2651=LINE('',#7369,#3193);
#2652=LINE('',#7371,#3194);
#2653=LINE('',#7373,#3195);
#2654=LINE('',#7375,#3196);
#2655=LINE('',#7377,#3197);
#2656=LINE('',#7379,#3198);
#2657=LINE('',#7381,#3199);
#2658=LINE('',#7382,#3200);
#2659=LINE('',#7390,#3201);
#2660=LINE('',#7392,#3202);
#2661=LINE('',#7394,#3203);
#2662=LINE('',#7396,#3204);
#2663=LINE('',#7398,#3205);
#2664=LINE('',#7400,#3206);
#2665=LINE('',#7404,#3207);
#2666=LINE('',#7408,#3208);
#2667=LINE('',#7414,#3209);
#2668=LINE('',#7417,#3210);
#2669=LINE('',#7419,#3211);
#2670=LINE('',#7421,#3212);
#2671=LINE('',#7423,#3213);
#2672=LINE('',#7425,#3214);
#2673=LINE('',#7427,#3215);
#2674=LINE('',#7429,#3216);
#2675=LINE('',#7431,#3217);
#2676=LINE('',#7433,#3218);
#2677=LINE('',#7435,#3219);
#2678=LINE('',#7437,#3220);
#2679=LINE('',#7439,#3221);
#2680=LINE('',#7441,#3222);
#2681=LINE('',#7444,#3223);
#2682=LINE('',#7446,#3224);
#2683=LINE('',#7448,#3225);
#2684=LINE('',#7450,#3226);
#2685=LINE('',#7451,#3227);
#2686=LINE('',#7459,#3228);
#2687=LINE('',#7462,#3229);
#2688=LINE('',#7464,#3230);
#2689=LINE('',#7466,#3231);
#2690=LINE('',#7468,#3232);
#2691=LINE('',#7470,#3233);
#2692=LINE('',#7472,#3234);
#2693=LINE('',#7474,#3235);
#2694=LINE('',#7476,#3236);
#2695=LINE('',#7478,#3237);
#2696=LINE('',#7480,#3238);
#2697=LINE('',#7482,#3239);
#2698=LINE('',#7484,#3240);
#2699=LINE('',#7486,#3241);
#2700=LINE('',#7488,#3242);
#2701=LINE('',#7490,#3243);
#2702=LINE('',#7492,#3244);
#2703=LINE('',#7493,#3245);
#2704=LINE('',#7512,#3246);
#2705=LINE('',#7515,#3247);
#2706=LINE('',#7517,#3248);
#2707=LINE('',#7519,#3249);
#2708=LINE('',#7521,#3250);
#2709=LINE('',#7523,#3251);
#2710=LINE('',#7525,#3252);
#2711=LINE('',#7527,#3253);
#2712=LINE('',#7529,#3254);
#2713=LINE('',#7531,#3255);
#2714=LINE('',#7533,#3256);
#2715=LINE('',#7535,#3257);
#2716=LINE('',#7537,#3258);
#2717=LINE('',#7539,#3259);
#2718=LINE('',#7541,#3260);
#2719=LINE('',#7543,#3261);
#2720=LINE('',#7545,#3262);
#2721=LINE('',#7546,#3263);
#2722=LINE('',#7553,#3264);
#2723=LINE('',#7556,#3265);
#2724=LINE('',#7558,#3266);
#2725=LINE('',#7560,#3267);
#2726=LINE('',#7562,#3268);
#2727=LINE('',#7564,#3269);
#2728=LINE('',#7575,#3270);
#2729=LINE('',#7577,#3271);
#2730=LINE('',#7579,#3272);
#2731=LINE('',#7581,#3273);
#2732=LINE('',#7583,#3274);
#2733=LINE('',#7585,#3275);
#2734=LINE('',#7587,#3276);
#2735=LINE('',#7589,#3277);
#2736=LINE('',#7591,#3278);
#2737=LINE('',#7593,#3279);
#2738=LINE('',#7595,#3280);
#2739=LINE('',#7597,#3281);
#2740=LINE('',#7601,#3282);
#2741=LINE('',#7604,#3283);
#2742=LINE('',#7606,#3284);
#2743=LINE('',#7608,#3285);
#2744=LINE('',#7610,#3286);
#2745=LINE('',#7612,#3287);
#2746=LINE('',#7614,#3288);
#2747=LINE('',#7616,#3289);
#2748=LINE('',#7618,#3290);
#2749=LINE('',#7620,#3291);
#2750=LINE('',#7622,#3292);
#2751=LINE('',#7624,#3293);
#2752=LINE('',#7626,#3294);
#2753=LINE('',#7628,#3295);
#2754=LINE('',#7630,#3296);
#2755=LINE('',#7632,#3297);
#2756=LINE('',#7634,#3298);
#2757=LINE('',#7636,#3299);
#2758=LINE('',#7638,#3300);
#2759=LINE('',#7640,#3301);
#2760=LINE('',#7642,#3302);
#2761=LINE('',#7644,#3303);
#2762=LINE('',#7646,#3304);
#2763=LINE('',#7648,#3305);
#2764=LINE('',#7650,#3306);
#2765=LINE('',#7652,#3307);
#2766=LINE('',#7654,#3308);
#2767=LINE('',#7656,#3309);
#2768=LINE('',#7658,#3310);
#2769=LINE('',#7660,#3311);
#2770=LINE('',#7662,#3312);
#2771=LINE('',#7664,#3313);
#2772=LINE('',#7666,#3314);
#2773=LINE('',#7668,#3315);
#2774=LINE('',#7670,#3316);
#2775=LINE('',#7672,#3317);
#2776=LINE('',#7674,#3318);
#2777=LINE('',#7676,#3319);
#2778=LINE('',#7678,#3320);
#2779=LINE('',#7680,#3321);
#2780=LINE('',#7682,#3322);
#2781=LINE('',#7684,#3323);
#2782=LINE('',#7686,#3324);
#2783=LINE('',#7688,#3325);
#2784=LINE('',#7690,#3326);
#2785=LINE('',#7692,#3327);
#2786=LINE('',#7694,#3328);
#2787=LINE('',#7696,#3329);
#2788=LINE('',#7698,#3330);
#2789=LINE('',#7700,#3331);
#2790=LINE('',#7702,#3332);
#2791=LINE('',#7704,#3333);
#2792=LINE('',#7706,#3334);
#2793=LINE('',#7708,#3335);
#2794=LINE('',#7710,#3336);
#2795=LINE('',#7712,#3337);
#2796=LINE('',#7714,#3338);
#2797=LINE('',#7716,#3339);
#2798=LINE('',#7718,#3340);
#2799=LINE('',#7720,#3341);
#2800=LINE('',#7722,#3342);
#2801=LINE('',#7724,#3343);
#2802=LINE('',#7726,#3344);
#2803=LINE('',#7728,#3345);
#2804=LINE('',#7730,#3346);
#2805=LINE('',#7732,#3347);
#2806=LINE('',#7734,#3348);
#2807=LINE('',#7736,#3349);
#2808=LINE('',#7738,#3350);
#2809=LINE('',#7740,#3351);
#2810=LINE('',#7742,#3352);
#2811=LINE('',#7743,#3353);
#2812=LINE('',#7750,#3354);
#2813=LINE('',#7753,#3355);
#2814=LINE('',#7755,#3356);
#2815=LINE('',#7757,#3357);
#2816=LINE('',#7759,#3358);
#2817=LINE('',#7761,#3359);
#2818=LINE('',#7763,#3360);
#2819=LINE('',#7767,#3361);
#2820=LINE('',#7769,#3362);
#2821=LINE('',#7771,#3363);
#2822=LINE('',#7773,#3364);
#2823=LINE('',#7774,#3365);
#2824=LINE('',#7785,#3366);
#2825=LINE('',#7788,#3367);
#2826=LINE('',#7790,#3368);
#2827=LINE('',#7792,#3369);
#2828=LINE('',#7794,#3370);
#2829=LINE('',#7796,#3371);
#2830=LINE('',#7798,#3372);
#2831=LINE('',#7800,#3373);
#2832=LINE('',#7802,#3374);
#2833=LINE('',#7804,#3375);
#2834=LINE('',#7806,#3376);
#2835=LINE('',#7808,#3377);
#2836=LINE('',#7810,#3378);
#2837=LINE('',#7818,#3379);
#2838=LINE('',#7821,#3380);
#2839=LINE('',#7823,#3381);
#2840=LINE('',#7825,#3382);
#2841=LINE('',#7827,#3383);
#2842=LINE('',#7829,#3384);
#2843=LINE('',#7831,#3385);
#2844=LINE('',#7833,#3386);
#2845=LINE('',#7835,#3387);
#2846=LINE('',#7837,#3388);
#2847=LINE('',#7839,#3389);
#2848=LINE('',#7841,#3390);
#2849=LINE('',#7843,#3391);
#2850=LINE('',#7845,#3392);
#2851=LINE('',#7847,#3393);
#2852=LINE('',#7849,#3394);
#2853=LINE('',#7851,#3395);
#2854=LINE('',#7853,#3396);
#2855=LINE('',#7855,#3397);
#2856=LINE('',#7857,#3398);
#2857=LINE('',#7859,#3399);
#2858=LINE('',#7861,#3400);
#2859=LINE('',#7863,#3401);
#2860=LINE('',#7865,#3402);
#2861=LINE('',#7867,#3403);
#2862=LINE('',#7869,#3404);
#2863=LINE('',#7871,#3405);
#2864=LINE('',#7873,#3406);
#2865=LINE('',#7875,#3407);
#2866=LINE('',#7877,#3408);
#2867=LINE('',#7879,#3409);
#2868=LINE('',#7881,#3410);
#2869=LINE('',#7883,#3411);
#2870=LINE('',#7885,#3412);
#2871=LINE('',#7887,#3413);
#2872=LINE('',#7889,#3414);
#2873=LINE('',#7891,#3415);
#2874=LINE('',#7893,#3416);
#2875=LINE('',#7895,#3417);
#2876=LINE('',#7897,#3418);
#2877=LINE('',#7899,#3419);
#2878=LINE('',#7901,#3420);
#2879=LINE('',#7903,#3421);
#2880=LINE('',#7905,#3422);
#2881=LINE('',#7907,#3423);
#2882=LINE('',#7909,#3424);
#2883=LINE('',#7911,#3425);
#2884=LINE('',#7913,#3426);
#2885=LINE('',#7915,#3427);
#2886=LINE('',#7917,#3428);
#2887=LINE('',#7919,#3429);
#2888=LINE('',#7921,#3430);
#2889=LINE('',#7923,#3431);
#2890=LINE('',#7925,#3432);
#2891=LINE('',#7927,#3433);
#2892=LINE('',#7929,#3434);
#2893=LINE('',#7931,#3435);
#2894=LINE('',#7933,#3436);
#2895=LINE('',#7935,#3437);
#2896=LINE('',#7937,#3438);
#2897=LINE('',#7939,#3439);
#2898=LINE('',#7941,#3440);
#2899=LINE('',#7943,#3441);
#2900=LINE('',#7945,#3442);
#2901=LINE('',#7947,#3443);
#2902=LINE('',#7949,#3444);
#2903=LINE('',#7951,#3445);
#2904=LINE('',#7953,#3446);
#2905=LINE('',#7955,#3447);
#2906=LINE('',#7957,#3448);
#2907=LINE('',#7964,#3449);
#2908=LINE('',#7965,#3450);
#2909=LINE('',#7970,#3451);
#2910=LINE('',#7973,#3452);
#2911=LINE('',#7975,#3453);
#2912=LINE('',#7977,#3454);
#2913=LINE('',#7979,#3455);
#2914=LINE('',#7981,#3456);
#2915=LINE('',#7983,#3457);
#2916=LINE('',#7985,#3458);
#2917=LINE('',#7987,#3459);
#2918=LINE('',#7989,#3460);
#2919=LINE('',#7991,#3461);
#2920=LINE('',#7993,#3462);
#2921=LINE('',#7995,#3463);
#2922=LINE('',#7997,#3464);
#2923=LINE('',#7999,#3465);
#2924=LINE('',#8001,#3466);
#2925=LINE('',#8008,#3467);
#2926=LINE('',#8009,#3468);
#2927=LINE('',#8014,#3469);
#2928=LINE('',#8017,#3470);
#2929=LINE('',#8019,#3471);
#2930=LINE('',#8021,#3472);
#2931=LINE('',#8023,#3473);
#2932=LINE('',#8025,#3474);
#2933=LINE('',#8027,#3475);
#2934=LINE('',#8029,#3476);
#2935=LINE('',#8031,#3477);
#2936=LINE('',#8033,#3478);
#2937=LINE('',#8035,#3479);
#2938=LINE('',#8036,#3480);
#2939=LINE('',#8041,#3481);
#2940=LINE('',#8044,#3482);
#2941=LINE('',#8046,#3483);
#2942=LINE('',#8048,#3484);
#2943=LINE('',#8050,#3485);
#2944=LINE('',#8052,#3486);
#2945=LINE('',#8054,#3487);
#2946=LINE('',#8056,#3488);
#2947=LINE('',#8058,#3489);
#2948=LINE('',#8060,#3490);
#2949=LINE('',#8062,#3491);
#2950=LINE('',#8063,#3492);
#2951=LINE('',#8071,#3493);
#2952=LINE('',#8075,#3494);
#2953=LINE('',#8077,#3495);
#2954=LINE('',#8079,#3496);
#2955=LINE('',#8081,#3497);
#2956=LINE('',#8085,#3498);
#2957=LINE('',#8089,#3499);
#2958=LINE('',#8091,#3500);
#2959=LINE('',#8093,#3501);
#2960=LINE('',#8097,#3502);
#2961=LINE('',#8101,#3503);
#2962=LINE('',#8103,#3504);
#2963=LINE('',#8105,#3505);
#2964=LINE('',#8109,#3506);
#2965=LINE('',#8133,#3507);
#2966=LINE('',#8134,#3508);
#2967=LINE('',#8139,#3509);
#2968=LINE('',#8142,#3510);
#2969=LINE('',#8144,#3511);
#2970=LINE('',#8146,#3512);
#2971=LINE('',#8148,#3513);
#2972=LINE('',#8150,#3514);
#2973=LINE('',#8152,#3515);
#2974=LINE('',#8154,#3516);
#2975=LINE('',#8156,#3517);
#2976=LINE('',#8158,#3518);
#2977=LINE('',#8160,#3519);
#2978=LINE('',#8161,#3520);
#2979=LINE('',#8186,#3521);
#2980=LINE('',#8189,#3522);
#2981=LINE('',#8191,#3523);
#2982=LINE('',#8193,#3524);
#2983=LINE('',#8195,#3525);
#2984=LINE('',#8197,#3526);
#2985=LINE('',#8199,#3527);
#2986=LINE('',#8201,#3528);
#2987=LINE('',#8203,#3529);
#2988=LINE('',#8205,#3530);
#2989=LINE('',#8207,#3531);
#2990=LINE('',#8208,#3532);
#2991=LINE('',#8228,#3533);
#2992=LINE('',#8231,#3534);
#2993=LINE('',#8233,#3535);
#2994=LINE('',#8235,#3536);
#2995=LINE('',#8237,#3537);
#2996=LINE('',#8239,#3538);
#2997=LINE('',#8241,#3539);
#2998=LINE('',#8243,#3540);
#2999=LINE('',#8245,#3541);
#3000=LINE('',#8247,#3542);
#3001=LINE('',#8249,#3543);
#3002=LINE('',#8250,#3544);
#3003=LINE('',#8255,#3545);
#3004=LINE('',#8258,#3546);
#3005=LINE('',#8260,#3547);
#3006=LINE('',#8262,#3548);
#3007=LINE('',#8263,#3549);
#3008=LINE('',#8266,#3550);
#3009=LINE('',#8268,#3551);
#3010=LINE('',#8270,#3552);
#3011=LINE('',#8272,#3553);
#3012=LINE('',#8275,#3554);
#3013=LINE('',#8276,#3555);
#3014=LINE('',#8278,#3556);
#3015=LINE('',#8280,#3557);
#3016=LINE('',#8282,#3558);
#3017=LINE('',#8284,#3559);
#3018=LINE('',#8286,#3560);
#3019=LINE('',#8289,#3561);
#3020=LINE('',#8292,#3562);
#3021=LINE('',#8293,#3563);
#3022=LINE('',#8295,#3564);
#3023=LINE('',#8297,#3565);
#3024=LINE('',#8299,#3566);
#3025=LINE('',#8301,#3567);
#3026=LINE('',#8303,#3568);
#3027=LINE('',#8307,#3569);
#3028=LINE('',#8310,#3570);
#3029=LINE('',#8312,#3571);
#3030=LINE('',#8314,#3572);
#3031=LINE('',#8316,#3573);
#3032=LINE('',#8318,#3574);
#3033=LINE('',#8320,#3575);
#3034=LINE('',#8322,#3576);
#3035=LINE('',#8324,#3577);
#3036=LINE('',#8326,#3578);
#3037=LINE('',#8328,#3579);
#3038=LINE('',#8329,#3580);
#3039=LINE('',#8349,#3581);
#3040=LINE('',#8352,#3582);
#3041=LINE('',#8354,#3583);
#3042=LINE('',#8356,#3584);
#3043=LINE('',#8358,#3585);
#3044=LINE('',#8360,#3586);
#3045=LINE('',#8362,#3587);
#3046=LINE('',#8364,#3588);
#3047=LINE('',#8366,#3589);
#3048=LINE('',#8368,#3590);
#3049=LINE('',#8370,#3591);
#3050=LINE('',#8371,#3592);
#3051=LINE('',#8382,#3593);
#3052=LINE('',#8385,#3594);
#3053=LINE('',#8387,#3595);
#3054=LINE('',#8389,#3596);
#3055=LINE('',#8391,#3597);
#3056=LINE('',#8393,#3598);
#3057=LINE('',#8395,#3599);
#3058=LINE('',#8397,#3600);
#3059=LINE('',#8399,#3601);
#3060=LINE('',#8401,#3602);
#3061=LINE('',#8403,#3603);
#3062=LINE('',#8404,#3604);
#3063=LINE('',#8420,#3605);
#3064=LINE('',#8423,#3606);
#3065=LINE('',#8425,#3607);
#3066=LINE('',#8427,#3608);
#3067=LINE('',#8429,#3609);
#3068=LINE('',#8431,#3610);
#3069=LINE('',#8433,#3611);
#3070=LINE('',#8435,#3612);
#3071=LINE('',#8437,#3613);
#3072=LINE('',#8439,#3614);
#3073=LINE('',#8441,#3615);
#3074=LINE('',#8444,#3616);
#3075=LINE('',#8446,#3617);
#3076=LINE('',#8448,#3618);
#3077=LINE('',#8450,#3619);
#3078=LINE('',#8452,#3620);
#3079=LINE('',#8454,#3621);
#3080=LINE('',#8456,#3622);
#3081=LINE('',#8458,#3623);
#3082=LINE('',#8460,#3624);
#3083=LINE('',#8462,#3625);
#3084=LINE('',#8463,#3626);
#3085=LINE('',#8465,#3627);
#3086=LINE('',#8466,#3628);
#3087=LINE('',#8471,#3629);
#3088=LINE('',#8474,#3630);
#3089=LINE('',#8476,#3631);
#3090=LINE('',#8478,#3632);
#3091=LINE('',#8480,#3633);
#3092=LINE('',#8482,#3634);
#3093=LINE('',#8484,#3635);
#3094=LINE('',#8486,#3636);
#3095=LINE('',#8488,#3637);
#3096=LINE('',#8490,#3638);
#3097=LINE('',#8492,#3639);
#3098=LINE('',#8494,#3640);
#3099=LINE('',#8496,#3641);
#3100=LINE('',#8498,#3642);
#3101=LINE('',#8500,#3643);
#3102=LINE('',#8502,#3644);
#3103=LINE('',#8504,#3645);
#3104=LINE('',#8505,#3646);
#3105=LINE('',#8507,#3647);
#3106=LINE('',#8510,#3648);
#3107=LINE('',#8512,#3649);
#3108=LINE('',#8514,#3650);
#3109=LINE('',#8516,#3651);
#3110=LINE('',#8519,#3652);
#3111=LINE('',#8521,#3653);
#3112=LINE('',#8523,#3654);
#3113=LINE('',#8525,#3655);
#3114=LINE('',#8526,#3656);
#3115=LINE('',#8528,#3657);
#3116=LINE('',#8530,#3658);
#3117=LINE('',#8537,#3659);
#3118=LINE('',#8541,#3660);
#3119=VECTOR('',#5761,1.);
#3120=VECTOR('',#5762,1.);
#3121=VECTOR('',#5763,1.);
#3122=VECTOR('',#5764,1.);
#3123=VECTOR('',#5767,1.);
#3124=VECTOR('',#5768,1.);
#3125=VECTOR('',#5769,1.);
#3126=VECTOR('',#5772,1.);
#3127=VECTOR('',#5773,1.);
#3128=VECTOR('',#5774,1.);
#3129=VECTOR('',#5777,1.);
#3130=VECTOR('',#5778,1.);
#3131=VECTOR('',#5795,1.);
#3132=VECTOR('',#5796,1.);
#3133=VECTOR('',#5797,1.);
#3134=VECTOR('',#5798,1.);
#3135=VECTOR('',#5803,1.);
#3136=VECTOR('',#5808,1.);
#3137=VECTOR('',#5809,1.);
#3138=VECTOR('',#5810,1.);
#3139=VECTOR('',#5831,1.);
#3140=VECTOR('',#5832,1.);
#3141=VECTOR('',#5833,1.);
#3142=VECTOR('',#5834,1.);
#3143=VECTOR('',#5837,1.);
#3144=VECTOR('',#5838,1.);
#3145=VECTOR('',#5839,1.);
#3146=VECTOR('',#5840,1.);
#3147=VECTOR('',#5841,1.);
#3148=VECTOR('',#5844,1.);
#3149=VECTOR('',#5845,1.);
#3150=VECTOR('',#5846,1.);
#3151=VECTOR('',#5849,1.);
#3152=VECTOR('',#5850,1.);
#3153=VECTOR('',#5851,1.);
#3154=VECTOR('',#5852,1.);
#3155=VECTOR('',#5857,1.);
#3156=VECTOR('',#5864,1.);
#3157=VECTOR('',#5893,1.);
#3158=VECTOR('',#5896,1.);
#3159=VECTOR('',#5911,1.);
#3160=VECTOR('',#5912,1.);
#3161=VECTOR('',#5913,1.);
#3162=VECTOR('',#5914,1.);
#3163=VECTOR('',#5917,1.);
#3164=VECTOR('',#5918,1.);
#3165=VECTOR('',#5919,1.);
#3166=VECTOR('',#5922,1.);
#3167=VECTOR('',#5923,1.);
#3168=VECTOR('',#5924,1.);
#3169=VECTOR('',#5927,1.);
#3170=VECTOR('',#5928,1.);
#3171=VECTOR('',#5945,1.);
#3172=VECTOR('',#5948,1.);
#3173=VECTOR('',#5963,1.);
#3174=VECTOR('',#5964,1.);
#3175=VECTOR('',#5965,1.);
#3176=VECTOR('',#5966,1.);
#3177=VECTOR('',#5969,1.);
#3178=VECTOR('',#5970,1.);
#3179=VECTOR('',#5971,1.);
#3180=VECTOR('',#5974,1.);
#3181=VECTOR('',#5975,1.);
#3182=VECTOR('',#5976,1.);
#3183=VECTOR('',#5979,1.);
#3184=VECTOR('',#5980,1.);
#3185=VECTOR('',#5989,1.);
#3186=VECTOR('',#5990,1.);
#3187=VECTOR('',#5991,1.);
#3188=VECTOR('',#5992,1.);
#3189=VECTOR('',#5995,1.);
#3190=VECTOR('',#5996,1.);
#3191=VECTOR('',#5997,1.);
#3192=VECTOR('',#5998,1.);
#3193=VECTOR('',#5999,1.);
#3194=VECTOR('',#6000,1.);
#3195=VECTOR('',#6001,1.);
#3196=VECTOR('',#6004,1.);
#3197=VECTOR('',#6005,1.);
#3198=VECTOR('',#6006,1.);
#3199=VECTOR('',#6009,1.);
#3200=VECTOR('',#6010,1.);
#3201=VECTOR('',#6021,1.);
#3202=VECTOR('',#6022,1.);
#3203=VECTOR('',#6023,1.);
#3204=VECTOR('',#6026,1.);
#3205=VECTOR('',#6027,1.);
#3206=VECTOR('',#6028,1.);
#3207=VECTOR('',#6033,1.);
#3208=VECTOR('',#6038,1.);
#3209=VECTOR('',#6049,1.);
#3210=VECTOR('',#6050,1.);
#3211=VECTOR('',#6051,1.);
#3212=VECTOR('',#6052,1.);
#3213=VECTOR('',#6055,1.);
#3214=VECTOR('',#6056,1.);
#3215=VECTOR('',#6057,1.);
#3216=VECTOR('',#6060,1.);
#3217=VECTOR('',#6061,1.);
#3218=VECTOR('',#6062,1.);
#3219=VECTOR('',#6065,1.);
#3220=VECTOR('',#6066,1.);
#3221=VECTOR('',#6067,1.);
#3222=VECTOR('',#6070,1.);
#3223=VECTOR('',#6071,1.);
#3224=VECTOR('',#6072,1.);
#3225=VECTOR('',#6073,1.);
#3226=VECTOR('',#6076,1.);
#3227=VECTOR('',#6077,1.);
#3228=VECTOR('',#6092,1.);
#3229=VECTOR('',#6093,1.);
#3230=VECTOR('',#6094,1.);
#3231=VECTOR('',#6095,1.);
#3232=VECTOR('',#6098,1.);
#3233=VECTOR('',#6099,1.);
#3234=VECTOR('',#6100,1.);
#3235=VECTOR('',#6103,1.);
#3236=VECTOR('',#6104,1.);
#3237=VECTOR('',#6105,1.);
#3238=VECTOR('',#6108,1.);
#3239=VECTOR('',#6109,1.);
#3240=VECTOR('',#6110,1.);
#3241=VECTOR('',#6113,1.);
#3242=VECTOR('',#6114,1.);
#3243=VECTOR('',#6115,1.);
#3244=VECTOR('',#6118,1.);
#3245=VECTOR('',#6119,1.);
#3246=VECTOR('',#6148,1.);
#3247=VECTOR('',#6149,1.);
#3248=VECTOR('',#6150,1.);
#3249=VECTOR('',#6151,1.);
#3250=VECTOR('',#6154,1.);
#3251=VECTOR('',#6155,1.);
#3252=VECTOR('',#6156,1.);
#3253=VECTOR('',#6159,1.);
#3254=VECTOR('',#6160,1.);
#3255=VECTOR('',#6161,1.);
#3256=VECTOR('',#6164,1.);
#3257=VECTOR('',#6165,1.);
#3258=VECTOR('',#6166,1.);
#3259=VECTOR('',#6169,1.);
#3260=VECTOR('',#6170,1.);
#3261=VECTOR('',#6171,1.);
#3262=VECTOR('',#6174,1.);
#3263=VECTOR('',#6175,1.);
#3264=VECTOR('',#6186,1.);
#3265=VECTOR('',#6187,1.);
#3266=VECTOR('',#6188,1.);
#3267=VECTOR('',#6189,1.);
#3268=VECTOR('',#6190,1.);
#3269=VECTOR('',#6191,1.);
#3270=VECTOR('',#6206,1.);
#3271=VECTOR('',#6207,1.);
#3272=VECTOR('',#6208,1.);
#3273=VECTOR('',#6211,1.);
#3274=VECTOR('',#6212,1.);
#3275=VECTOR('',#6215,1.);
#3276=VECTOR('',#6216,1.);
#3277=VECTOR('',#6219,1.);
#3278=VECTOR('',#6220,1.);
#3279=VECTOR('',#6223,1.);
#3280=VECTOR('',#6224,1.);
#3281=VECTOR('',#6227,1.);
#3282=VECTOR('',#6234,1.);
#3283=VECTOR('',#6235,1.);
#3284=VECTOR('',#6236,1.);
#3285=VECTOR('',#6237,1.);
#3286=VECTOR('',#6240,1.);
#3287=VECTOR('',#6241,1.);
#3288=VECTOR('',#6242,1.);
#3289=VECTOR('',#6245,1.);
#3290=VECTOR('',#6246,1.);
#3291=VECTOR('',#6247,1.);
#3292=VECTOR('',#6250,1.);
#3293=VECTOR('',#6251,1.);
#3294=VECTOR('',#6252,1.);
#3295=VECTOR('',#6255,1.);
#3296=VECTOR('',#6256,1.);
#3297=VECTOR('',#6257,1.);
#3298=VECTOR('',#6260,1.);
#3299=VECTOR('',#6261,1.);
#3300=VECTOR('',#6262,1.);
#3301=VECTOR('',#6265,1.);
#3302=VECTOR('',#6266,1.);
#3303=VECTOR('',#6267,1.);
#3304=VECTOR('',#6270,1.);
#3305=VECTOR('',#6271,1.);
#3306=VECTOR('',#6272,1.);
#3307=VECTOR('',#6275,1.);
#3308=VECTOR('',#6276,1.);
#3309=VECTOR('',#6277,1.);
#3310=VECTOR('',#6280,1.);
#3311=VECTOR('',#6281,1.);
#3312=VECTOR('',#6282,1.);
#3313=VECTOR('',#6285,1.);
#3314=VECTOR('',#6286,1.);
#3315=VECTOR('',#6287,1.);
#3316=VECTOR('',#6290,1.);
#3317=VECTOR('',#6291,1.);
#3318=VECTOR('',#6292,1.);
#3319=VECTOR('',#6295,1.);
#3320=VECTOR('',#6296,1.);
#3321=VECTOR('',#6297,1.);
#3322=VECTOR('',#6300,1.);
#3323=VECTOR('',#6301,1.);
#3324=VECTOR('',#6302,1.);
#3325=VECTOR('',#6305,1.);
#3326=VECTOR('',#6306,1.);
#3327=VECTOR('',#6307,1.);
#3328=VECTOR('',#6310,1.);
#3329=VECTOR('',#6311,1.);
#3330=VECTOR('',#6312,1.);
#3331=VECTOR('',#6315,1.);
#3332=VECTOR('',#6316,1.);
#3333=VECTOR('',#6317,1.);
#3334=VECTOR('',#6320,1.);
#3335=VECTOR('',#6321,1.);
#3336=VECTOR('',#6322,1.);
#3337=VECTOR('',#6325,1.);
#3338=VECTOR('',#6326,1.);
#3339=VECTOR('',#6327,1.);
#3340=VECTOR('',#6330,1.);
#3341=VECTOR('',#6331,1.);
#3342=VECTOR('',#6332,1.);
#3343=VECTOR('',#6335,1.);
#3344=VECTOR('',#6336,1.);
#3345=VECTOR('',#6337,1.);
#3346=VECTOR('',#6340,1.);
#3347=VECTOR('',#6341,1.);
#3348=VECTOR('',#6342,1.);
#3349=VECTOR('',#6345,1.);
#3350=VECTOR('',#6346,1.);
#3351=VECTOR('',#6347,1.);
#3352=VECTOR('',#6350,1.);
#3353=VECTOR('',#6351,1.);
#3354=VECTOR('',#6362,1.);
#3355=VECTOR('',#6363,1.);
#3356=VECTOR('',#6364,1.);
#3357=VECTOR('',#6365,1.);
#3358=VECTOR('',#6368,1.);
#3359=VECTOR('',#6369,1.);
#3360=VECTOR('',#6370,1.);
#3361=VECTOR('',#6375,1.);
#3362=VECTOR('',#6376,1.);
#3363=VECTOR('',#6377,1.);
#3364=VECTOR('',#6380,1.);
#3365=VECTOR('',#6381,1.);
#3366=VECTOR('',#6398,1.);
#3367=VECTOR('',#6399,1.);
#3368=VECTOR('',#6400,1.);
#3369=VECTOR('',#6401,1.);
#3370=VECTOR('',#6404,1.);
#3371=VECTOR('',#6405,1.);
#3372=VECTOR('',#6406,1.);
#3373=VECTOR('',#6409,1.);
#3374=VECTOR('',#6410,1.);
#3375=VECTOR('',#6411,1.);
#3376=VECTOR('',#6414,1.);
#3377=VECTOR('',#6415,1.);
#3378=VECTOR('',#6416,1.);
#3379=VECTOR('',#6431,1.);
#3380=VECTOR('',#6432,1.);
#3381=VECTOR('',#6433,1.);
#3382=VECTOR('',#6434,1.);
#3383=VECTOR('',#6437,1.);
#3384=VECTOR('',#6438,1.);
#3385=VECTOR('',#6439,1.);
#3386=VECTOR('',#6442,1.);
#3387=VECTOR('',#6443,1.);
#3388=VECTOR('',#6444,1.);
#3389=VECTOR('',#6447,1.);
#3390=VECTOR('',#6448,1.);
#3391=VECTOR('',#6449,1.);
#3392=VECTOR('',#6452,1.);
#3393=VECTOR('',#6453,1.);
#3394=VECTOR('',#6454,1.);
#3395=VECTOR('',#6457,1.);
#3396=VECTOR('',#6458,1.);
#3397=VECTOR('',#6459,1.);
#3398=VECTOR('',#6462,1.);
#3399=VECTOR('',#6463,1.);
#3400=VECTOR('',#6464,1.);
#3401=VECTOR('',#6467,1.);
#3402=VECTOR('',#6468,1.);
#3403=VECTOR('',#6469,1.);
#3404=VECTOR('',#6472,1.);
#3405=VECTOR('',#6473,1.);
#3406=VECTOR('',#6474,1.);
#3407=VECTOR('',#6477,1.);
#3408=VECTOR('',#6478,1.);
#3409=VECTOR('',#6479,1.);
#3410=VECTOR('',#6482,1.);
#3411=VECTOR('',#6483,1.);
#3412=VECTOR('',#6484,1.);
#3413=VECTOR('',#6487,1.);
#3414=VECTOR('',#6488,1.);
#3415=VECTOR('',#6489,1.);
#3416=VECTOR('',#6492,1.);
#3417=VECTOR('',#6493,1.);
#3418=VECTOR('',#6494,1.);
#3419=VECTOR('',#6497,1.);
#3420=VECTOR('',#6498,1.);
#3421=VECTOR('',#6499,1.);
#3422=VECTOR('',#6502,1.);
#3423=VECTOR('',#6503,1.);
#3424=VECTOR('',#6504,1.);
#3425=VECTOR('',#6507,1.);
#3426=VECTOR('',#6508,1.);
#3427=VECTOR('',#6509,1.);
#3428=VECTOR('',#6512,1.);
#3429=VECTOR('',#6513,1.);
#3430=VECTOR('',#6514,1.);
#3431=VECTOR('',#6517,1.);
#3432=VECTOR('',#6518,1.);
#3433=VECTOR('',#6519,1.);
#3434=VECTOR('',#6522,1.);
#3435=VECTOR('',#6523,1.);
#3436=VECTOR('',#6524,1.);
#3437=VECTOR('',#6527,1.);
#3438=VECTOR('',#6528,1.);
#3439=VECTOR('',#6529,1.);
#3440=VECTOR('',#6532,1.);
#3441=VECTOR('',#6533,1.);
#3442=VECTOR('',#6534,1.);
#3443=VECTOR('',#6537,1.);
#3444=VECTOR('',#6538,1.);
#3445=VECTOR('',#6539,1.);
#3446=VECTOR('',#6542,1.);
#3447=VECTOR('',#6543,1.);
#3448=VECTOR('',#6544,1.);
#3449=VECTOR('',#6553,1.);
#3450=VECTOR('',#6554,1.);
#3451=VECTOR('',#6563,1.);
#3452=VECTOR('',#6564,1.);
#3453=VECTOR('',#6565,1.);
#3454=VECTOR('',#6566,1.);
#3455=VECTOR('',#6569,1.);
#3456=VECTOR('',#6570,1.);
#3457=VECTOR('',#6571,1.);
#3458=VECTOR('',#6574,1.);
#3459=VECTOR('',#6575,1.);
#3460=VECTOR('',#6576,1.);
#3461=VECTOR('',#6579,1.);
#3462=VECTOR('',#6580,1.);
#3463=VECTOR('',#6581,1.);
#3464=VECTOR('',#6584,1.);
#3465=VECTOR('',#6585,1.);
#3466=VECTOR('',#6586,1.);
#3467=VECTOR('',#6595,1.);
#3468=VECTOR('',#6596,1.);
#3469=VECTOR('',#6605,1.);
#3470=VECTOR('',#6606,1.);
#3471=VECTOR('',#6607,1.);
#3472=VECTOR('',#6608,1.);
#3473=VECTOR('',#6611,1.);
#3474=VECTOR('',#6612,1.);
#3475=VECTOR('',#6613,1.);
#3476=VECTOR('',#6616,1.);
#3477=VECTOR('',#6617,1.);
#3478=VECTOR('',#6618,1.);
#3479=VECTOR('',#6621,1.);
#3480=VECTOR('',#6622,1.);
#3481=VECTOR('',#6631,1.);
#3482=VECTOR('',#6632,1.);
#3483=VECTOR('',#6633,1.);
#3484=VECTOR('',#6634,1.);
#3485=VECTOR('',#6637,1.);
#3486=VECTOR('',#6638,1.);
#3487=VECTOR('',#6639,1.);
#3488=VECTOR('',#6642,1.);
#3489=VECTOR('',#6643,1.);
#3490=VECTOR('',#6644,1.);
#3491=VECTOR('',#6647,1.);
#3492=VECTOR('',#6648,1.);
#3493=VECTOR('',#6659,1.);
#3494=VECTOR('',#6662,1.);
#3495=VECTOR('',#6665,1.);
#3496=VECTOR('',#6666,1.);
#3497=VECTOR('',#6667,1.);
#3498=VECTOR('',#6672,1.);
#3499=VECTOR('',#6677,1.);
#3500=VECTOR('',#6678,1.);
#3501=VECTOR('',#6679,1.);
#3502=VECTOR('',#6684,1.);
#3503=VECTOR('',#6689,1.);
#3504=VECTOR('',#6690,1.);
#3505=VECTOR('',#6691,1.);
#3506=VECTOR('',#6696,1.);
#3507=VECTOR('',#6725,1.);
#3508=VECTOR('',#6726,1.);
#3509=VECTOR('',#6735,1.);
#3510=VECTOR('',#6736,1.);
#3511=VECTOR('',#6737,1.);
#3512=VECTOR('',#6738,1.);
#3513=VECTOR('',#6741,1.);
#3514=VECTOR('',#6742,1.);
#3515=VECTOR('',#6743,1.);
#3516=VECTOR('',#6746,1.);
#3517=VECTOR('',#6747,1.);
#3518=VECTOR('',#6748,1.);
#3519=VECTOR('',#6751,1.);
#3520=VECTOR('',#6752,1.);
#3521=VECTOR('',#6785,1.);
#3522=VECTOR('',#6786,1.);
#3523=VECTOR('',#6787,1.);
#3524=VECTOR('',#6788,1.);
#3525=VECTOR('',#6791,1.);
#3526=VECTOR('',#6792,1.);
#3527=VECTOR('',#6793,1.);
#3528=VECTOR('',#6796,1.);
#3529=VECTOR('',#6797,1.);
#3530=VECTOR('',#6798,1.);
#3531=VECTOR('',#6801,1.);
#3532=VECTOR('',#6802,1.);
#3533=VECTOR('',#6829,1.);
#3534=VECTOR('',#6830,1.);
#3535=VECTOR('',#6831,1.);
#3536=VECTOR('',#6832,1.);
#3537=VECTOR('',#6835,1.);
#3538=VECTOR('',#6836,1.);
#3539=VECTOR('',#6837,1.);
#3540=VECTOR('',#6840,1.);
#3541=VECTOR('',#6841,1.);
#3542=VECTOR('',#6842,1.);
#3543=VECTOR('',#6845,1.);
#3544=VECTOR('',#6846,1.);
#3545=VECTOR('',#6855,1.);
#3546=VECTOR('',#6856,1.);
#3547=VECTOR('',#6857,1.);
#3548=VECTOR('',#6858,1.);
#3549=VECTOR('',#6859,1.);
#3550=VECTOR('',#6860,1.);
#3551=VECTOR('',#6861,1.);
#3552=VECTOR('',#6862,1.);
#3553=VECTOR('',#6865,1.);
#3554=VECTOR('',#6866,1.);
#3555=VECTOR('',#6867,1.);
#3556=VECTOR('',#6870,1.);
#3557=VECTOR('',#6871,1.);
#3558=VECTOR('',#6874,1.);
#3559=VECTOR('',#6875,1.);
#3560=VECTOR('',#6878,1.);
#3561=VECTOR('',#6883,1.);
#3562=VECTOR('',#6884,1.);
#3563=VECTOR('',#6885,1.);
#3564=VECTOR('',#6888,1.);
#3565=VECTOR('',#6889,1.);
#3566=VECTOR('',#6892,1.);
#3567=VECTOR('',#6893,1.);
#3568=VECTOR('',#6896,1.);
#3569=VECTOR('',#6903,1.);
#3570=VECTOR('',#6904,1.);
#3571=VECTOR('',#6905,1.);
#3572=VECTOR('',#6906,1.);
#3573=VECTOR('',#6909,1.);
#3574=VECTOR('',#6910,1.);
#3575=VECTOR('',#6911,1.);
#3576=VECTOR('',#6914,1.);
#3577=VECTOR('',#6915,1.);
#3578=VECTOR('',#6916,1.);
#3579=VECTOR('',#6919,1.);
#3580=VECTOR('',#6920,1.);
#3581=VECTOR('',#6947,1.);
#3582=VECTOR('',#6948,1.);
#3583=VECTOR('',#6949,1.);
#3584=VECTOR('',#6950,1.);
#3585=VECTOR('',#6953,1.);
#3586=VECTOR('',#6954,1.);
#3587=VECTOR('',#6955,1.);
#3588=VECTOR('',#6958,1.);
#3589=VECTOR('',#6959,1.);
#3590=VECTOR('',#6960,1.);
#3591=VECTOR('',#6963,1.);
#3592=VECTOR('',#6964,1.);
#3593=VECTOR('',#6981,1.);
#3594=VECTOR('',#6982,1.);
#3595=VECTOR('',#6983,1.);
#3596=VECTOR('',#6984,1.);
#3597=VECTOR('',#6987,1.);
#3598=VECTOR('',#6988,1.);
#3599=VECTOR('',#6989,1.);
#3600=VECTOR('',#6992,1.);
#3601=VECTOR('',#6993,1.);
#3602=VECTOR('',#6994,1.);
#3603=VECTOR('',#6997,1.);
#3604=VECTOR('',#6998,1.);
#3605=VECTOR('',#7021,1.);
#3606=VECTOR('',#7022,1.);
#3607=VECTOR('',#7023,1.);
#3608=VECTOR('',#7024,1.);
#3609=VECTOR('',#7027,1.);
#3610=VECTOR('',#7028,1.);
#3611=VECTOR('',#7029,1.);
#3612=VECTOR('',#7032,1.);
#3613=VECTOR('',#7033,1.);
#3614=VECTOR('',#7034,1.);
#3615=VECTOR('',#7037,1.);
#3616=VECTOR('',#7038,1.);
#3617=VECTOR('',#7039,1.);
#3618=VECTOR('',#7040,1.);
#3619=VECTOR('',#7043,1.);
#3620=VECTOR('',#7044,1.);
#3621=VECTOR('',#7045,1.);
#3622=VECTOR('',#7048,1.);
#3623=VECTOR('',#7049,1.);
#3624=VECTOR('',#7050,1.);
#3625=VECTOR('',#7053,1.);
#3626=VECTOR('',#7054,1.);
#3627=VECTOR('',#7057,1.);
#3628=VECTOR('',#7058,1.);
#3629=VECTOR('',#7067,1.);
#3630=VECTOR('',#7068,1.);
#3631=VECTOR('',#7069,1.);
#3632=VECTOR('',#7070,1.);
#3633=VECTOR('',#7073,1.);
#3634=VECTOR('',#7074,1.);
#3635=VECTOR('',#7075,1.);
#3636=VECTOR('',#7078,1.);
#3637=VECTOR('',#7079,1.);
#3638=VECTOR('',#7080,1.);
#3639=VECTOR('',#7083,1.);
#3640=VECTOR('',#7084,1.);
#3641=VECTOR('',#7085,1.);
#3642=VECTOR('',#7088,1.);
#3643=VECTOR('',#7089,1.);
#3644=VECTOR('',#7090,1.);
#3645=VECTOR('',#7093,1.);
#3646=VECTOR('',#7094,1.);
#3647=VECTOR('',#7097,1.);
#3648=VECTOR('',#7098,1.);
#3649=VECTOR('',#7099,1.);
#3650=VECTOR('',#7100,1.);
#3651=VECTOR('',#7103,1.);
#3652=VECTOR('',#7104,1.);
#3653=VECTOR('',#7105,1.);
#3654=VECTOR('',#7106,1.);
#3655=VECTOR('',#7109,1.);
#3656=VECTOR('',#7110,1.);
#3657=VECTOR('',#7113,1.);
#3658=VECTOR('',#7116,1.);
#3659=VECTOR('',#7125,1.);
#3660=VECTOR('',#7128,1.);
#3661=EDGE_LOOP('',(#223,#224,#225,#226));
#3662=EDGE_LOOP('',(#227,#228,#229,#230));
#3663=EDGE_LOOP('',(#231,#232,#233,#234));
#3664=EDGE_LOOP('',(#235,#236,#237,#238));
#3665=EDGE_LOOP('',(#239));
#3666=EDGE_LOOP('',(#240,#241,#242,#243));
#3667=EDGE_LOOP('',(#244,#245,#246,#247));
#3668=EDGE_LOOP('',(#248));
#3669=EDGE_LOOP('',(#249));
#3670=EDGE_LOOP('',(#250));
#3671=EDGE_LOOP('',(#251,#252,#253,#254));
#3672=EDGE_LOOP('',(#255,#256,#257,#258));
#3673=EDGE_LOOP('',(#259,#260,#261,#262));
#3674=EDGE_LOOP('',(#263,#264,#265,#266));
#3675=EDGE_LOOP('',(#267));
#3676=EDGE_LOOP('',(#268,#269,#270,#271));
#3677=EDGE_LOOP('',(#272));
#3678=EDGE_LOOP('',(#273,#274,#275,#276));
#3679=EDGE_LOOP('',(#277));
#3680=EDGE_LOOP('',(#278));
#3681=EDGE_LOOP('',(#279,#280,#281,#282));
#3682=EDGE_LOOP('',(#283,#284,#285,#286,#287,#288));
#3683=EDGE_LOOP('',(#289,#290,#291,#292));
#3684=EDGE_LOOP('',(#293,#294,#295,#296,#297,#298));
#3685=EDGE_LOOP('',(#299));
#3686=EDGE_LOOP('',(#300,#301,#302,#303));
#3687=EDGE_LOOP('',(#304));
#3688=EDGE_LOOP('',(#305,#306,#307,#308));
#3689=EDGE_LOOP('',(#309,#310,#311,#312));
#3690=EDGE_LOOP('',(#313,#314,#315,#316));
#3691=EDGE_LOOP('',(#317));
#3692=EDGE_LOOP('',(#318));
#3693=EDGE_LOOP('',(#319));
#3694=EDGE_LOOP('',(#320));
#3695=EDGE_LOOP('',(#321));
#3696=EDGE_LOOP('',(#322));
#3697=EDGE_LOOP('',(#323));
#3698=EDGE_LOOP('',(#324));
#3699=EDGE_LOOP('',(#325));
#3700=EDGE_LOOP('',(#326));
#3701=EDGE_LOOP('',(#327,#328,#329,#330));
#3702=EDGE_LOOP('',(#331,#332,#333,#334));
#3703=EDGE_LOOP('',(#335,#336));
#3704=EDGE_LOOP('',(#337,#338));
#3705=EDGE_LOOP('',(#339,#340,#341,#342));
#3706=EDGE_LOOP('',(#343,#344,#345,#346));
#3707=EDGE_LOOP('',(#347,#348,#349,#350));
#3708=EDGE_LOOP('',(#351,#352,#353,#354));
#3709=EDGE_LOOP('',(#355));
#3710=EDGE_LOOP('',(#356,#357,#358,#359));
#3711=EDGE_LOOP('',(#360));
#3712=EDGE_LOOP('',(#361,#362,#363,#364));
#3713=EDGE_LOOP('',(#365));
#3714=EDGE_LOOP('',(#366));
#3715=EDGE_LOOP('',(#367,#368,#369,#370));
#3716=EDGE_LOOP('',(#371,#372,#373,#374));
#3717=EDGE_LOOP('',(#375,#376));
#3718=EDGE_LOOP('',(#377,#378));
#3719=EDGE_LOOP('',(#379,#380,#381,#382));
#3720=EDGE_LOOP('',(#383,#384,#385,#386));
#3721=EDGE_LOOP('',(#387,#388,#389,#390));
#3722=EDGE_LOOP('',(#391,#392,#393,#394));
#3723=EDGE_LOOP('',(#395,#396,#397,#398));
#3724=EDGE_LOOP('',(#399,#400,#401,#402));
#3725=EDGE_LOOP('',(#403,#404,#405,#406));
#3726=EDGE_LOOP('',(#407,#408,#409,#410));
#3727=EDGE_LOOP('',(#411,#412,#413,#414));
#3728=EDGE_LOOP('',(#415,#416,#417,#418));
#3729=EDGE_LOOP('',(#419,#420,#421,#422));
#3730=EDGE_LOOP('',(#423));
#3731=EDGE_LOOP('',(#424,#425,#426,#427));
#3732=EDGE_LOOP('',(#428));
#3733=EDGE_LOOP('',(#429,#430,#431,#432));
#3734=EDGE_LOOP('',(#433,#434,#435,#436));
#3735=EDGE_LOOP('',(#437,#438,#439,#440));
#3736=EDGE_LOOP('',(#441));
#3737=EDGE_LOOP('',(#442,#443,#444,#445));
#3738=EDGE_LOOP('',(#446));
#3739=EDGE_LOOP('',(#447,#448,#449,#450));
#3740=EDGE_LOOP('',(#451));
#3741=EDGE_LOOP('',(#452));
#3742=EDGE_LOOP('',(#453));
#3743=EDGE_LOOP('',(#454));
#3744=EDGE_LOOP('',(#455,#456,#457,#458));
#3745=EDGE_LOOP('',(#459,#460,#461,#462));
#3746=EDGE_LOOP('',(#463,#464,#465,#466));
#3747=EDGE_LOOP('',(#467,#468,#469,#470));
#3748=EDGE_LOOP('',(#471,#472,#473,#474));
#3749=EDGE_LOOP('',(#475,#476,#477,#478));
#3750=EDGE_LOOP('',(#479,#480,#481,#482));
#3751=EDGE_LOOP('',(#483,#484,#485,#486,#487,#488,#489));
#3752=EDGE_LOOP('',(#490,#491,#492,#493,#494,#495,#496));
#3753=EDGE_LOOP('',(#497,#498,#499,#500));
#3754=EDGE_LOOP('',(#501,#502,#503,#504));
#3755=EDGE_LOOP('',(#505,#506,#507,#508));
#3756=EDGE_LOOP('',(#509,#510,#511,#512));
#3757=EDGE_LOOP('',(#513,#514,#515,#516));
#3758=EDGE_LOOP('',(#517,#518,#519,#520));
#3759=EDGE_LOOP('',(#521,#522,#523,#524));
#3760=EDGE_LOOP('',(#525,#526,#527,#528,#529,#530));
#3761=EDGE_LOOP('',(#531,#532,#533,#534,#535,#536));
#3762=EDGE_LOOP('',(#537));
#3763=EDGE_LOOP('',(#538));
#3764=EDGE_LOOP('',(#539));
#3765=EDGE_LOOP('',(#540));
#3766=EDGE_LOOP('',(#541));
#3767=EDGE_LOOP('',(#542));
#3768=EDGE_LOOP('',(#543));
#3769=EDGE_LOOP('',(#544));
#3770=EDGE_LOOP('',(#545,#546,#547,#548));
#3771=EDGE_LOOP('',(#549,#550,#551,#552));
#3772=EDGE_LOOP('',(#553,#554,#555,#556));
#3773=EDGE_LOOP('',(#557,#558,#559,#560));
#3774=EDGE_LOOP('',(#561,#562,#563,#564));
#3775=EDGE_LOOP('',(#565,#566,#567,#568));
#3776=EDGE_LOOP('',(#569,#570,#571,#572,#573,#574));
#3777=EDGE_LOOP('',(#575,#576,#577,#578,#579,#580));
#3778=EDGE_LOOP('',(#581));
#3779=EDGE_LOOP('',(#582,#583,#584,#585,#586,#587));
#3780=EDGE_LOOP('',(#588));
#3781=EDGE_LOOP('',(#589));
#3782=EDGE_LOOP('',(#590));
#3783=EDGE_LOOP('',(#591));
#3784=EDGE_LOOP('',(#592));
#3785=EDGE_LOOP('',(#593));
#3786=EDGE_LOOP('',(#594,#595,#596,#597));
#3787=EDGE_LOOP('',(#598,#599,#600,#601));
#3788=EDGE_LOOP('',(#602,#603,#604,#605));
#3789=EDGE_LOOP('',(#606,#607,#608,#609));
#3790=EDGE_LOOP('',(#610,#611,#612,#613));
#3791=EDGE_LOOP('',(#614,#615,#616,#617));
#3792=EDGE_LOOP('',(#618));
#3793=EDGE_LOOP('',(#619,#620,#621,#622,#623,#624));
#3794=EDGE_LOOP('',(#625,#626,#627,#628));
#3795=EDGE_LOOP('',(#629,#630,#631,#632));
#3796=EDGE_LOOP('',(#633,#634,#635,#636));
#3797=EDGE_LOOP('',(#637,#638,#639,#640));
#3798=EDGE_LOOP('',(#641,#642,#643,#644));
#3799=EDGE_LOOP('',(#645,#646,#647,#648));
#3800=EDGE_LOOP('',(#649,#650,#651,#652));
#3801=EDGE_LOOP('',(#653,#654,#655,#656));
#3802=EDGE_LOOP('',(#657,#658,#659,#660));
#3803=EDGE_LOOP('',(#661,#662,#663,#664));
#3804=EDGE_LOOP('',(#665,#666,#667,#668));
#3805=EDGE_LOOP('',(#669,#670,#671,#672));
#3806=EDGE_LOOP('',(#673,#674,#675,#676));
#3807=EDGE_LOOP('',(#677,#678,#679,#680));
#3808=EDGE_LOOP('',(#681,#682,#683,#684));
#3809=EDGE_LOOP('',(#685,#686,#687,#688));
#3810=EDGE_LOOP('',(#689,#690,#691,#692));
#3811=EDGE_LOOP('',(#693,#694,#695,#696));
#3812=EDGE_LOOP('',(#697,#698,#699,#700));
#3813=EDGE_LOOP('',(#701,#702,#703,#704));
#3814=EDGE_LOOP('',(#705,#706,#707,#708));
#3815=EDGE_LOOP('',(#709,#710,#711,#712));
#3816=EDGE_LOOP('',(#713,#714,#715,#716));
#3817=EDGE_LOOP('',(#717,#718,#719,#720));
#3818=EDGE_LOOP('',(#721,#722,#723,#724,#725,#726,#727,#728,#729,#730,#731,
#732,#733,#734,#735,#736,#737,#738,#739,#740,#741,#742,#743,#744));
#3819=EDGE_LOOP('',(#745,#746,#747,#748,#749,#750,#751,#752,#753,#754,#755,
#756,#757,#758,#759,#760,#761,#762,#763,#764,#765,#766,#767,#768));
#3820=EDGE_LOOP('',(#769));
#3821=EDGE_LOOP('',(#770,#771,#772,#773));
#3822=EDGE_LOOP('',(#774,#775,#776,#777));
#3823=EDGE_LOOP('',(#778));
#3824=EDGE_LOOP('',(#779,#780,#781,#782));
#3825=EDGE_LOOP('',(#783,#784,#785,#786));
#3826=EDGE_LOOP('',(#787));
#3827=EDGE_LOOP('',(#788,#789,#790,#791));
#3828=EDGE_LOOP('',(#792));
#3829=EDGE_LOOP('',(#793,#794,#795,#796));
#3830=EDGE_LOOP('',(#797));
#3831=EDGE_LOOP('',(#798));
#3832=EDGE_LOOP('',(#799));
#3833=EDGE_LOOP('',(#800));
#3834=EDGE_LOOP('',(#801,#802,#803,#804));
#3835=EDGE_LOOP('',(#805,#806,#807,#808));
#3836=EDGE_LOOP('',(#809,#810,#811,#812));
#3837=EDGE_LOOP('',(#813,#814,#815,#816));
#3838=EDGE_LOOP('',(#817,#818,#819,#820,#821));
#3839=EDGE_LOOP('',(#822,#823,#824,#825,#826));
#3840=EDGE_LOOP('',(#827,#828,#829,#830));
#3841=EDGE_LOOP('',(#831,#832,#833,#834));
#3842=EDGE_LOOP('',(#835,#836,#837,#838));
#3843=EDGE_LOOP('',(#839,#840,#841,#842));
#3844=EDGE_LOOP('',(#843,#844,#845,#846));
#3845=EDGE_LOOP('',(#847,#848,#849,#850));
#3846=EDGE_LOOP('',(#851,#852,#853,#854));
#3847=EDGE_LOOP('',(#855,#856,#857,#858));
#3848=EDGE_LOOP('',(#859,#860,#861,#862));
#3849=EDGE_LOOP('',(#863,#864,#865,#866));
#3850=EDGE_LOOP('',(#867,#868,#869,#870));
#3851=EDGE_LOOP('',(#871,#872,#873,#874));
#3852=EDGE_LOOP('',(#875,#876,#877,#878));
#3853=EDGE_LOOP('',(#879,#880,#881,#882));
#3854=EDGE_LOOP('',(#883,#884,#885,#886));
#3855=EDGE_LOOP('',(#887,#888,#889,#890));
#3856=EDGE_LOOP('',(#891,#892,#893,#894));
#3857=EDGE_LOOP('',(#895,#896,#897,#898));
#3858=EDGE_LOOP('',(#899,#900,#901,#902));
#3859=EDGE_LOOP('',(#903,#904,#905,#906));
#3860=EDGE_LOOP('',(#907,#908,#909,#910));
#3861=EDGE_LOOP('',(#911,#912,#913,#914));
#3862=EDGE_LOOP('',(#915,#916,#917,#918));
#3863=EDGE_LOOP('',(#919,#920,#921,#922));
#3864=EDGE_LOOP('',(#923));
#3865=EDGE_LOOP('',(#924));
#3866=EDGE_LOOP('',(#925,#926,#927,#928));
#3867=EDGE_LOOP('',(#929));
#3868=EDGE_LOOP('',(#930,#931,#932,#933,#934,#935,#936,#937,#938,#939,#940,
#941,#942,#943,#944,#945,#946,#947,#948,#949,#950,#951,#952,#953));
#3869=EDGE_LOOP('',(#954));
#3870=EDGE_LOOP('',(#955,#956,#957,#958,#959,#960,#961,#962,#963,#964,#965,
#966,#967,#968,#969,#970,#971,#972,#973,#974,#975,#976,#977,#978));
#3871=EDGE_LOOP('',(#979,#980,#981,#982));
#3872=EDGE_LOOP('',(#983,#984,#985,#986));
#3873=EDGE_LOOP('',(#987,#988,#989,#990));
#3874=EDGE_LOOP('',(#991,#992,#993,#994));
#3875=EDGE_LOOP('',(#995,#996,#997,#998));
#3876=EDGE_LOOP('',(#999));
#3877=EDGE_LOOP('',(#1000));
#3878=EDGE_LOOP('',(#1001,#1002,#1003,#1004));
#3879=EDGE_LOOP('',(#1005));
#3880=EDGE_LOOP('',(#1006,#1007,#1008,#1009,#1010,#1011));
#3881=EDGE_LOOP('',(#1012));
#3882=EDGE_LOOP('',(#1013,#1014,#1015,#1016,#1017,#1018));
#3883=EDGE_LOOP('',(#1019,#1020,#1021,#1022));
#3884=EDGE_LOOP('',(#1023,#1024,#1025,#1026));
#3885=EDGE_LOOP('',(#1027,#1028,#1029,#1030));
#3886=EDGE_LOOP('',(#1031,#1032,#1033,#1034));
#3887=EDGE_LOOP('',(#1035,#1036,#1037,#1038));
#3888=EDGE_LOOP('',(#1039,#1040,#1041,#1042));
#3889=EDGE_LOOP('',(#1043,#1044,#1045,#1046));
#3890=EDGE_LOOP('',(#1047,#1048,#1049,#1050));
#3891=EDGE_LOOP('',(#1051,#1052,#1053,#1054));
#3892=EDGE_LOOP('',(#1055,#1056,#1057,#1058));
#3893=EDGE_LOOP('',(#1059,#1060,#1061,#1062));
#3894=EDGE_LOOP('',(#1063,#1064,#1065,#1066));
#3895=EDGE_LOOP('',(#1067,#1068,#1069,#1070));
#3896=EDGE_LOOP('',(#1071,#1072,#1073,#1074));
#3897=EDGE_LOOP('',(#1075,#1076,#1077,#1078));
#3898=EDGE_LOOP('',(#1079,#1080,#1081,#1082));
#3899=EDGE_LOOP('',(#1083,#1084,#1085,#1086));
#3900=EDGE_LOOP('',(#1087,#1088,#1089,#1090));
#3901=EDGE_LOOP('',(#1091,#1092,#1093,#1094));
#3902=EDGE_LOOP('',(#1095));
#3903=EDGE_LOOP('',(#1096));
#3904=EDGE_LOOP('',(#1097));
#3905=EDGE_LOOP('',(#1098));
#3906=EDGE_LOOP('',(#1099));
#3907=EDGE_LOOP('',(#1100));
#3908=EDGE_LOOP('',(#1101));
#3909=EDGE_LOOP('',(#1102));
#3910=EDGE_LOOP('',(#1103,#1104,#1105,#1106));
#3911=EDGE_LOOP('',(#1107));
#3912=EDGE_LOOP('',(#1108));
#3913=EDGE_LOOP('',(#1109));
#3914=EDGE_LOOP('',(#1110));
#3915=EDGE_LOOP('',(#1111,#1112,#1113,#1114,#1115,#1116,#1117,#1118));
#3916=EDGE_LOOP('',(#1119));
#3917=EDGE_LOOP('',(#1120));
#3918=EDGE_LOOP('',(#1121));
#3919=EDGE_LOOP('',(#1122));
#3920=EDGE_LOOP('',(#1123,#1124,#1125,#1126,#1127,#1128,#1129,#1130));
#3921=EDGE_LOOP('',(#1131,#1132,#1133,#1134));
#3922=EDGE_LOOP('',(#1135,#1136,#1137,#1138));
#3923=EDGE_LOOP('',(#1139,#1140,#1141,#1142));
#3924=EDGE_LOOP('',(#1143,#1144,#1145,#1146));
#3925=EDGE_LOOP('',(#1147));
#3926=EDGE_LOOP('',(#1148));
#3927=EDGE_LOOP('',(#1149));
#3928=EDGE_LOOP('',(#1150));
#3929=EDGE_LOOP('',(#1151,#1152,#1153,#1154));
#3930=EDGE_LOOP('',(#1155));
#3931=EDGE_LOOP('',(#1156));
#3932=EDGE_LOOP('',(#1157));
#3933=EDGE_LOOP('',(#1158));
#3934=EDGE_LOOP('',(#1159,#1160,#1161,#1162));
#3935=EDGE_LOOP('',(#1163));
#3936=EDGE_LOOP('',(#1164));
#3937=EDGE_LOOP('',(#1165));
#3938=EDGE_LOOP('',(#1166));
#3939=EDGE_LOOP('',(#1167));
#3940=EDGE_LOOP('',(#1168));
#3941=EDGE_LOOP('',(#1169));
#3942=EDGE_LOOP('',(#1170));
#3943=EDGE_LOOP('',(#1171,#1172,#1173,#1174));
#3944=EDGE_LOOP('',(#1175,#1176,#1177,#1178));
#3945=EDGE_LOOP('',(#1179,#1180,#1181,#1182));
#3946=EDGE_LOOP('',(#1183,#1184,#1185,#1186));
#3947=EDGE_LOOP('',(#1187));
#3948=EDGE_LOOP('',(#1188));
#3949=EDGE_LOOP('',(#1189));
#3950=EDGE_LOOP('',(#1190,#1191,#1192,#1193));
#3951=EDGE_LOOP('',(#1194));
#3952=EDGE_LOOP('',(#1195));
#3953=EDGE_LOOP('',(#1196));
#3954=EDGE_LOOP('',(#1197,#1198,#1199,#1200));
#3955=EDGE_LOOP('',(#1201));
#3956=EDGE_LOOP('',(#1202));
#3957=EDGE_LOOP('',(#1203));
#3958=EDGE_LOOP('',(#1204));
#3959=EDGE_LOOP('',(#1205));
#3960=EDGE_LOOP('',(#1206));
#3961=EDGE_LOOP('',(#1207,#1208,#1209,#1210));
#3962=EDGE_LOOP('',(#1211,#1212,#1213,#1214));
#3963=EDGE_LOOP('',(#1215,#1216,#1217,#1218));
#3964=EDGE_LOOP('',(#1219,#1220,#1221,#1222));
#3965=EDGE_LOOP('',(#1223,#1224,#1225,#1226));
#3966=EDGE_LOOP('',(#1227,#1228,#1229,#1230));
#3967=EDGE_LOOP('',(#1231,#1232,#1233,#1234));
#3968=EDGE_LOOP('',(#1235,#1236,#1237,#1238));
#3969=EDGE_LOOP('',(#1239,#1240,#1241,#1242));
#3970=EDGE_LOOP('',(#1243,#1244,#1245,#1246));
#3971=EDGE_LOOP('',(#1247,#1248,#1249,#1250));
#3972=EDGE_LOOP('',(#1251,#1252,#1253,#1254));
#3973=EDGE_LOOP('',(#1255,#1256,#1257,#1258));
#3974=EDGE_LOOP('',(#1259,#1260,#1261,#1262));
#3975=EDGE_LOOP('',(#1263,#1264,#1265,#1266));
#3976=EDGE_LOOP('',(#1267,#1268,#1269,#1270));
#3977=EDGE_LOOP('',(#1271,#1272,#1273,#1274));
#3978=EDGE_LOOP('',(#1275,#1276,#1277,#1278));
#3979=EDGE_LOOP('',(#1279,#1280,#1281,#1282));
#3980=EDGE_LOOP('',(#1283,#1284,#1285,#1286));
#3981=EDGE_LOOP('',(#1287,#1288,#1289,#1290));
#3982=EDGE_LOOP('',(#1291,#1292,#1293,#1294));
#3983=EDGE_LOOP('',(#1295));
#3984=EDGE_LOOP('',(#1296));
#3985=EDGE_LOOP('',(#1297));
#3986=EDGE_LOOP('',(#1298,#1299,#1300,#1301));
#3987=EDGE_LOOP('',(#1302));
#3988=EDGE_LOOP('',(#1303));
#3989=EDGE_LOOP('',(#1304));
#3990=EDGE_LOOP('',(#1305,#1306,#1307,#1308));
#3991=EDGE_LOOP('',(#1309));
#3992=EDGE_LOOP('',(#1310));
#3993=EDGE_LOOP('',(#1311));
#3994=EDGE_LOOP('',(#1312));
#3995=EDGE_LOOP('',(#1313));
#3996=EDGE_LOOP('',(#1314));
#3997=EDGE_LOOP('',(#1315,#1316,#1317,#1318));
#3998=EDGE_LOOP('',(#1319,#1320,#1321,#1322));
#3999=EDGE_LOOP('',(#1323,#1324,#1325,#1326));
#4000=EDGE_LOOP('',(#1327,#1328,#1329,#1330));
#4001=EDGE_LOOP('',(#1331));
#4002=EDGE_LOOP('',(#1332,#1333,#1334,#1335));
#4003=EDGE_LOOP('',(#1336,#1337,#1338,#1339));
#4004=EDGE_LOOP('',(#1340));
#4005=EDGE_LOOP('',(#1341));
#4006=EDGE_LOOP('',(#1342));
#4007=EDGE_LOOP('',(#1343,#1344,#1345,#1346));
#4008=EDGE_LOOP('',(#1347,#1348,#1349,#1350));
#4009=EDGE_LOOP('',(#1351,#1352,#1353,#1354));
#4010=EDGE_LOOP('',(#1355,#1356,#1357,#1358));
#4011=EDGE_LOOP('',(#1359));
#4012=EDGE_LOOP('',(#1360,#1361,#1362,#1363));
#4013=EDGE_LOOP('',(#1364));
#4014=EDGE_LOOP('',(#1365,#1366,#1367,#1368));
#4015=EDGE_LOOP('',(#1369));
#4016=EDGE_LOOP('',(#1370));
#4017=EDGE_LOOP('',(#1371));
#4018=EDGE_LOOP('',(#1372));
#4019=EDGE_LOOP('',(#1373));
#4020=EDGE_LOOP('',(#1374));
#4021=EDGE_LOOP('',(#1375,#1376,#1377,#1378));
#4022=EDGE_LOOP('',(#1379,#1380,#1381,#1382));
#4023=EDGE_LOOP('',(#1383,#1384,#1385,#1386));
#4024=EDGE_LOOP('',(#1387,#1388,#1389,#1390));
#4025=EDGE_LOOP('',(#1391,#1392,#1393,#1394));
#4026=EDGE_LOOP('',(#1395,#1396,#1397,#1398));
#4027=EDGE_LOOP('',(#1399,#1400,#1401,#1402));
#4028=EDGE_LOOP('',(#1403,#1404,#1405,#1406));
#4029=EDGE_LOOP('',(#1407,#1408,#1409,#1410));
#4030=EDGE_LOOP('',(#1411,#1412,#1413,#1414));
#4031=EDGE_LOOP('',(#1415,#1416,#1417,#1418));
#4032=EDGE_LOOP('',(#1419,#1420,#1421,#1422));
#4033=EDGE_LOOP('',(#1423,#1424,#1425,#1426));
#4034=EDGE_LOOP('',(#1427,#1428,#1429,#1430));
#4035=EDGE_LOOP('',(#1431,#1432,#1433,#1434));
#4036=EDGE_LOOP('',(#1435,#1436,#1437,#1438));
#4037=EDGE_LOOP('',(#1439,#1440,#1441,#1442));
#4038=EDGE_LOOP('',(#1443,#1444,#1445,#1446));
#4039=EDGE_LOOP('',(#1447,#1448,#1449,#1450));
#4040=EDGE_LOOP('',(#1451,#1452,#1453,#1454,#1455,#1456));
#4041=EDGE_LOOP('',(#1457,#1458,#1459,#1460));
#4042=EDGE_LOOP('',(#1461,#1462,#1463,#1464,#1465,#1466));
#4043=EDGE_LOOP('',(#1467,#1468,#1469,#1470));
#4044=EDGE_LOOP('',(#1471,#1472,#1473,#1474));
#4045=EDGE_LOOP('',(#1475,#1476,#1477,#1478));
#4046=EDGE_LOOP('',(#1479,#1480,#1481,#1482));
#4047=EDGE_LOOP('',(#1483,#1484,#1485,#1486));
#4048=EDGE_LOOP('',(#1487,#1488,#1489,#1490));
#4049=EDGE_LOOP('',(#1491,#1492));
#4050=EDGE_LOOP('',(#1493,#1494));
#4051=FACE_BOUND('',#3661,.T.);
#4052=FACE_BOUND('',#3662,.T.);
#4053=FACE_BOUND('',#3663,.T.);
#4054=FACE_BOUND('',#3664,.T.);
#4055=FACE_BOUND('',#3665,.T.);
#4056=FACE_BOUND('',#3666,.T.);
#4057=FACE_BOUND('',#3667,.T.);
#4058=FACE_BOUND('',#3668,.T.);
#4059=FACE_BOUND('',#3669,.T.);
#4060=FACE_BOUND('',#3670,.T.);
#4061=FACE_BOUND('',#3671,.T.);
#4062=FACE_BOUND('',#3672,.T.);
#4063=FACE_BOUND('',#3673,.T.);
#4064=FACE_BOUND('',#3674,.T.);
#4065=FACE_BOUND('',#3675,.T.);
#4066=FACE_BOUND('',#3676,.T.);
#4067=FACE_BOUND('',#3677,.T.);
#4068=FACE_BOUND('',#3678,.T.);
#4069=FACE_BOUND('',#3679,.T.);
#4070=FACE_BOUND('',#3680,.T.);
#4071=FACE_BOUND('',#3681,.T.);
#4072=FACE_BOUND('',#3682,.T.);
#4073=FACE_BOUND('',#3683,.T.);
#4074=FACE_BOUND('',#3684,.T.);
#4075=FACE_BOUND('',#3685,.T.);
#4076=FACE_BOUND('',#3686,.T.);
#4077=FACE_BOUND('',#3687,.T.);
#4078=FACE_BOUND('',#3688,.T.);
#4079=FACE_BOUND('',#3689,.T.);
#4080=FACE_BOUND('',#3690,.T.);
#4081=FACE_BOUND('',#3691,.T.);
#4082=FACE_BOUND('',#3692,.T.);
#4083=FACE_BOUND('',#3693,.T.);
#4084=FACE_BOUND('',#3694,.T.);
#4085=FACE_BOUND('',#3695,.T.);
#4086=FACE_BOUND('',#3696,.T.);
#4087=FACE_BOUND('',#3697,.T.);
#4088=FACE_BOUND('',#3698,.T.);
#4089=FACE_BOUND('',#3699,.T.);
#4090=FACE_BOUND('',#3700,.T.);
#4091=FACE_BOUND('',#3701,.T.);
#4092=FACE_BOUND('',#3702,.T.);
#4093=FACE_BOUND('',#3703,.T.);
#4094=FACE_BOUND('',#3704,.T.);
#4095=FACE_BOUND('',#3705,.T.);
#4096=FACE_BOUND('',#3706,.T.);
#4097=FACE_BOUND('',#3707,.T.);
#4098=FACE_BOUND('',#3708,.T.);
#4099=FACE_BOUND('',#3709,.T.);
#4100=FACE_BOUND('',#3710,.T.);
#4101=FACE_BOUND('',#3711,.T.);
#4102=FACE_BOUND('',#3712,.T.);
#4103=FACE_BOUND('',#3713,.T.);
#4104=FACE_BOUND('',#3714,.T.);
#4105=FACE_BOUND('',#3715,.T.);
#4106=FACE_BOUND('',#3716,.T.);
#4107=FACE_BOUND('',#3717,.T.);
#4108=FACE_BOUND('',#3718,.T.);
#4109=FACE_BOUND('',#3719,.T.);
#4110=FACE_BOUND('',#3720,.T.);
#4111=FACE_BOUND('',#3721,.T.);
#4112=FACE_BOUND('',#3722,.T.);
#4113=FACE_BOUND('',#3723,.T.);
#4114=FACE_BOUND('',#3724,.T.);
#4115=FACE_BOUND('',#3725,.T.);
#4116=FACE_BOUND('',#3726,.T.);
#4117=FACE_BOUND('',#3727,.T.);
#4118=FACE_BOUND('',#3728,.T.);
#4119=FACE_BOUND('',#3729,.T.);
#4120=FACE_BOUND('',#3730,.T.);
#4121=FACE_BOUND('',#3731,.T.);
#4122=FACE_BOUND('',#3732,.T.);
#4123=FACE_BOUND('',#3733,.T.);
#4124=FACE_BOUND('',#3734,.T.);
#4125=FACE_BOUND('',#3735,.T.);
#4126=FACE_BOUND('',#3736,.T.);
#4127=FACE_BOUND('',#3737,.T.);
#4128=FACE_BOUND('',#3738,.T.);
#4129=FACE_BOUND('',#3739,.T.);
#4130=FACE_BOUND('',#3740,.T.);
#4131=FACE_BOUND('',#3741,.T.);
#4132=FACE_BOUND('',#3742,.T.);
#4133=FACE_BOUND('',#3743,.T.);
#4134=FACE_BOUND('',#3744,.T.);
#4135=FACE_BOUND('',#3745,.T.);
#4136=FACE_BOUND('',#3746,.T.);
#4137=FACE_BOUND('',#3747,.T.);
#4138=FACE_BOUND('',#3748,.T.);
#4139=FACE_BOUND('',#3749,.T.);
#4140=FACE_BOUND('',#3750,.T.);
#4141=FACE_BOUND('',#3751,.T.);
#4142=FACE_BOUND('',#3752,.T.);
#4143=FACE_BOUND('',#3753,.T.);
#4144=FACE_BOUND('',#3754,.T.);
#4145=FACE_BOUND('',#3755,.T.);
#4146=FACE_BOUND('',#3756,.T.);
#4147=FACE_BOUND('',#3757,.T.);
#4148=FACE_BOUND('',#3758,.T.);
#4149=FACE_BOUND('',#3759,.T.);
#4150=FACE_BOUND('',#3760,.T.);
#4151=FACE_BOUND('',#3761,.T.);
#4152=FACE_BOUND('',#3762,.T.);
#4153=FACE_BOUND('',#3763,.T.);
#4154=FACE_BOUND('',#3764,.T.);
#4155=FACE_BOUND('',#3765,.T.);
#4156=FACE_BOUND('',#3766,.T.);
#4157=FACE_BOUND('',#3767,.T.);
#4158=FACE_BOUND('',#3768,.T.);
#4159=FACE_BOUND('',#3769,.T.);
#4160=FACE_BOUND('',#3770,.T.);
#4161=FACE_BOUND('',#3771,.T.);
#4162=FACE_BOUND('',#3772,.T.);
#4163=FACE_BOUND('',#3773,.T.);
#4164=FACE_BOUND('',#3774,.T.);
#4165=FACE_BOUND('',#3775,.T.);
#4166=FACE_BOUND('',#3776,.T.);
#4167=FACE_BOUND('',#3777,.T.);
#4168=FACE_BOUND('',#3778,.T.);
#4169=FACE_BOUND('',#3779,.T.);
#4170=FACE_BOUND('',#3780,.T.);
#4171=FACE_BOUND('',#3781,.T.);
#4172=FACE_BOUND('',#3782,.T.);
#4173=FACE_BOUND('',#3783,.T.);
#4174=FACE_BOUND('',#3784,.T.);
#4175=FACE_BOUND('',#3785,.T.);
#4176=FACE_BOUND('',#3786,.T.);
#4177=FACE_BOUND('',#3787,.T.);
#4178=FACE_BOUND('',#3788,.T.);
#4179=FACE_BOUND('',#3789,.T.);
#4180=FACE_BOUND('',#3790,.T.);
#4181=FACE_BOUND('',#3791,.T.);
#4182=FACE_BOUND('',#3792,.T.);
#4183=FACE_BOUND('',#3793,.T.);
#4184=FACE_BOUND('',#3794,.T.);
#4185=FACE_BOUND('',#3795,.T.);
#4186=FACE_BOUND('',#3796,.T.);
#4187=FACE_BOUND('',#3797,.T.);
#4188=FACE_BOUND('',#3798,.T.);
#4189=FACE_BOUND('',#3799,.T.);
#4190=FACE_BOUND('',#3800,.T.);
#4191=FACE_BOUND('',#3801,.T.);
#4192=FACE_BOUND('',#3802,.T.);
#4193=FACE_BOUND('',#3803,.T.);
#4194=FACE_BOUND('',#3804,.T.);
#4195=FACE_BOUND('',#3805,.T.);
#4196=FACE_BOUND('',#3806,.T.);
#4197=FACE_BOUND('',#3807,.T.);
#4198=FACE_BOUND('',#3808,.T.);
#4199=FACE_BOUND('',#3809,.T.);
#4200=FACE_BOUND('',#3810,.T.);
#4201=FACE_BOUND('',#3811,.T.);
#4202=FACE_BOUND('',#3812,.T.);
#4203=FACE_BOUND('',#3813,.T.);
#4204=FACE_BOUND('',#3814,.T.);
#4205=FACE_BOUND('',#3815,.T.);
#4206=FACE_BOUND('',#3816,.T.);
#4207=FACE_BOUND('',#3817,.T.);
#4208=FACE_BOUND('',#3818,.T.);
#4209=FACE_BOUND('',#3819,.T.);
#4210=FACE_BOUND('',#3820,.T.);
#4211=FACE_BOUND('',#3821,.T.);
#4212=FACE_BOUND('',#3822,.T.);
#4213=FACE_BOUND('',#3823,.T.);
#4214=FACE_BOUND('',#3824,.T.);
#4215=FACE_BOUND('',#3825,.T.);
#4216=FACE_BOUND('',#3826,.T.);
#4217=FACE_BOUND('',#3827,.T.);
#4218=FACE_BOUND('',#3828,.T.);
#4219=FACE_BOUND('',#3829,.T.);
#4220=FACE_BOUND('',#3830,.T.);
#4221=FACE_BOUND('',#3831,.T.);
#4222=FACE_BOUND('',#3832,.T.);
#4223=FACE_BOUND('',#3833,.T.);
#4224=FACE_BOUND('',#3834,.T.);
#4225=FACE_BOUND('',#3835,.T.);
#4226=FACE_BOUND('',#3836,.T.);
#4227=FACE_BOUND('',#3837,.T.);
#4228=FACE_BOUND('',#3838,.T.);
#4229=FACE_BOUND('',#3839,.T.);
#4230=FACE_BOUND('',#3840,.T.);
#4231=FACE_BOUND('',#3841,.T.);
#4232=FACE_BOUND('',#3842,.T.);
#4233=FACE_BOUND('',#3843,.T.);
#4234=FACE_BOUND('',#3844,.T.);
#4235=FACE_BOUND('',#3845,.T.);
#4236=FACE_BOUND('',#3846,.T.);
#4237=FACE_BOUND('',#3847,.T.);
#4238=FACE_BOUND('',#3848,.T.);
#4239=FACE_BOUND('',#3849,.T.);
#4240=FACE_BOUND('',#3850,.T.);
#4241=FACE_BOUND('',#3851,.T.);
#4242=FACE_BOUND('',#3852,.T.);
#4243=FACE_BOUND('',#3853,.T.);
#4244=FACE_BOUND('',#3854,.T.);
#4245=FACE_BOUND('',#3855,.T.);
#4246=FACE_BOUND('',#3856,.T.);
#4247=FACE_BOUND('',#3857,.T.);
#4248=FACE_BOUND('',#3858,.T.);
#4249=FACE_BOUND('',#3859,.T.);
#4250=FACE_BOUND('',#3860,.T.);
#4251=FACE_BOUND('',#3861,.T.);
#4252=FACE_BOUND('',#3862,.T.);
#4253=FACE_BOUND('',#3863,.T.);
#4254=FACE_BOUND('',#3864,.T.);
#4255=FACE_BOUND('',#3865,.T.);
#4256=FACE_BOUND('',#3866,.T.);
#4257=FACE_BOUND('',#3867,.T.);
#4258=FACE_BOUND('',#3868,.T.);
#4259=FACE_BOUND('',#3869,.T.);
#4260=FACE_BOUND('',#3870,.T.);
#4261=FACE_BOUND('',#3871,.T.);
#4262=FACE_BOUND('',#3872,.T.);
#4263=FACE_BOUND('',#3873,.T.);
#4264=FACE_BOUND('',#3874,.T.);
#4265=FACE_BOUND('',#3875,.T.);
#4266=FACE_BOUND('',#3876,.T.);
#4267=FACE_BOUND('',#3877,.T.);
#4268=FACE_BOUND('',#3878,.T.);
#4269=FACE_BOUND('',#3879,.T.);
#4270=FACE_BOUND('',#3880,.T.);
#4271=FACE_BOUND('',#3881,.T.);
#4272=FACE_BOUND('',#3882,.T.);
#4273=FACE_BOUND('',#3883,.T.);
#4274=FACE_BOUND('',#3884,.T.);
#4275=FACE_BOUND('',#3885,.T.);
#4276=FACE_BOUND('',#3886,.T.);
#4277=FACE_BOUND('',#3887,.T.);
#4278=FACE_BOUND('',#3888,.T.);
#4279=FACE_BOUND('',#3889,.T.);
#4280=FACE_BOUND('',#3890,.T.);
#4281=FACE_BOUND('',#3891,.T.);
#4282=FACE_BOUND('',#3892,.T.);
#4283=FACE_BOUND('',#3893,.T.);
#4284=FACE_BOUND('',#3894,.T.);
#4285=FACE_BOUND('',#3895,.T.);
#4286=FACE_BOUND('',#3896,.T.);
#4287=FACE_BOUND('',#3897,.T.);
#4288=FACE_BOUND('',#3898,.T.);
#4289=FACE_BOUND('',#3899,.T.);
#4290=FACE_BOUND('',#3900,.T.);
#4291=FACE_BOUND('',#3901,.T.);
#4292=FACE_BOUND('',#3902,.T.);
#4293=FACE_BOUND('',#3903,.T.);
#4294=FACE_BOUND('',#3904,.T.);
#4295=FACE_BOUND('',#3905,.T.);
#4296=FACE_BOUND('',#3906,.T.);
#4297=FACE_BOUND('',#3907,.T.);
#4298=FACE_BOUND('',#3908,.T.);
#4299=FACE_BOUND('',#3909,.T.);
#4300=FACE_BOUND('',#3910,.T.);
#4301=FACE_BOUND('',#3911,.T.);
#4302=FACE_BOUND('',#3912,.T.);
#4303=FACE_BOUND('',#3913,.T.);
#4304=FACE_BOUND('',#3914,.T.);
#4305=FACE_BOUND('',#3915,.T.);
#4306=FACE_BOUND('',#3916,.T.);
#4307=FACE_BOUND('',#3917,.T.);
#4308=FACE_BOUND('',#3918,.T.);
#4309=FACE_BOUND('',#3919,.T.);
#4310=FACE_BOUND('',#3920,.T.);
#4311=FACE_BOUND('',#3921,.T.);
#4312=FACE_BOUND('',#3922,.T.);
#4313=FACE_BOUND('',#3923,.T.);
#4314=FACE_BOUND('',#3924,.T.);
#4315=FACE_BOUND('',#3925,.T.);
#4316=FACE_BOUND('',#3926,.T.);
#4317=FACE_BOUND('',#3927,.T.);
#4318=FACE_BOUND('',#3928,.T.);
#4319=FACE_BOUND('',#3929,.T.);
#4320=FACE_BOUND('',#3930,.T.);
#4321=FACE_BOUND('',#3931,.T.);
#4322=FACE_BOUND('',#3932,.T.);
#4323=FACE_BOUND('',#3933,.T.);
#4324=FACE_BOUND('',#3934,.T.);
#4325=FACE_BOUND('',#3935,.T.);
#4326=FACE_BOUND('',#3936,.T.);
#4327=FACE_BOUND('',#3937,.T.);
#4328=FACE_BOUND('',#3938,.T.);
#4329=FACE_BOUND('',#3939,.T.);
#4330=FACE_BOUND('',#3940,.T.);
#4331=FACE_BOUND('',#3941,.T.);
#4332=FACE_BOUND('',#3942,.T.);
#4333=FACE_BOUND('',#3943,.T.);
#4334=FACE_BOUND('',#3944,.T.);
#4335=FACE_BOUND('',#3945,.T.);
#4336=FACE_BOUND('',#3946,.T.);
#4337=FACE_BOUND('',#3947,.T.);
#4338=FACE_BOUND('',#3948,.T.);
#4339=FACE_BOUND('',#3949,.T.);
#4340=FACE_BOUND('',#3950,.T.);
#4341=FACE_BOUND('',#3951,.T.);
#4342=FACE_BOUND('',#3952,.T.);
#4343=FACE_BOUND('',#3953,.T.);
#4344=FACE_BOUND('',#3954,.T.);
#4345=FACE_BOUND('',#3955,.T.);
#4346=FACE_BOUND('',#3956,.T.);
#4347=FACE_BOUND('',#3957,.T.);
#4348=FACE_BOUND('',#3958,.T.);
#4349=FACE_BOUND('',#3959,.T.);
#4350=FACE_BOUND('',#3960,.T.);
#4351=FACE_BOUND('',#3961,.T.);
#4352=FACE_BOUND('',#3962,.T.);
#4353=FACE_BOUND('',#3963,.T.);
#4354=FACE_BOUND('',#3964,.T.);
#4355=FACE_BOUND('',#3965,.T.);
#4356=FACE_BOUND('',#3966,.T.);
#4357=FACE_BOUND('',#3967,.T.);
#4358=FACE_BOUND('',#3968,.T.);
#4359=FACE_BOUND('',#3969,.T.);
#4360=FACE_BOUND('',#3970,.T.);
#4361=FACE_BOUND('',#3971,.T.);
#4362=FACE_BOUND('',#3972,.T.);
#4363=FACE_BOUND('',#3973,.T.);
#4364=FACE_BOUND('',#3974,.T.);
#4365=FACE_BOUND('',#3975,.T.);
#4366=FACE_BOUND('',#3976,.T.);
#4367=FACE_BOUND('',#3977,.T.);
#4368=FACE_BOUND('',#3978,.T.);
#4369=FACE_BOUND('',#3979,.T.);
#4370=FACE_BOUND('',#3980,.T.);
#4371=FACE_BOUND('',#3981,.T.);
#4372=FACE_BOUND('',#3982,.T.);
#4373=FACE_BOUND('',#3983,.T.);
#4374=FACE_BOUND('',#3984,.T.);
#4375=FACE_BOUND('',#3985,.T.);
#4376=FACE_BOUND('',#3986,.T.);
#4377=FACE_BOUND('',#3987,.T.);
#4378=FACE_BOUND('',#3988,.T.);
#4379=FACE_BOUND('',#3989,.T.);
#4380=FACE_BOUND('',#3990,.T.);
#4381=FACE_BOUND('',#3991,.T.);
#4382=FACE_BOUND('',#3992,.T.);
#4383=FACE_BOUND('',#3993,.T.);
#4384=FACE_BOUND('',#3994,.T.);
#4385=FACE_BOUND('',#3995,.T.);
#4386=FACE_BOUND('',#3996,.T.);
#4387=FACE_BOUND('',#3997,.T.);
#4388=FACE_BOUND('',#3998,.T.);
#4389=FACE_BOUND('',#3999,.T.);
#4390=FACE_BOUND('',#4000,.T.);
#4391=FACE_BOUND('',#4001,.T.);
#4392=FACE_BOUND('',#4002,.T.);
#4393=FACE_BOUND('',#4003,.T.);
#4394=FACE_BOUND('',#4004,.T.);
#4395=FACE_BOUND('',#4005,.T.);
#4396=FACE_BOUND('',#4006,.T.);
#4397=FACE_BOUND('',#4007,.T.);
#4398=FACE_BOUND('',#4008,.T.);
#4399=FACE_BOUND('',#4009,.T.);
#4400=FACE_BOUND('',#4010,.T.);
#4401=FACE_BOUND('',#4011,.T.);
#4402=FACE_BOUND('',#4012,.T.);
#4403=FACE_BOUND('',#4013,.T.);
#4404=FACE_BOUND('',#4014,.T.);
#4405=FACE_BOUND('',#4015,.T.);
#4406=FACE_BOUND('',#4016,.T.);
#4407=FACE_BOUND('',#4017,.T.);
#4408=FACE_BOUND('',#4018,.T.);
#4409=FACE_BOUND('',#4019,.T.);
#4410=FACE_BOUND('',#4020,.T.);
#4411=FACE_BOUND('',#4021,.T.);
#4412=FACE_BOUND('',#4022,.T.);
#4413=FACE_BOUND('',#4023,.T.);
#4414=FACE_BOUND('',#4024,.T.);
#4415=FACE_BOUND('',#4025,.T.);
#4416=FACE_BOUND('',#4026,.T.);
#4417=FACE_BOUND('',#4027,.T.);
#4418=FACE_BOUND('',#4028,.T.);
#4419=FACE_BOUND('',#4029,.T.);
#4420=FACE_BOUND('',#4030,.T.);
#4421=FACE_BOUND('',#4031,.T.);
#4422=FACE_BOUND('',#4032,.T.);
#4423=FACE_BOUND('',#4033,.T.);
#4424=FACE_BOUND('',#4034,.T.);
#4425=FACE_BOUND('',#4035,.T.);
#4426=FACE_BOUND('',#4036,.T.);
#4427=FACE_BOUND('',#4037,.T.);
#4428=FACE_BOUND('',#4038,.T.);
#4429=FACE_BOUND('',#4039,.T.);
#4430=FACE_BOUND('',#4040,.T.);
#4431=FACE_BOUND('',#4041,.T.);
#4432=FACE_BOUND('',#4042,.T.);
#4433=FACE_BOUND('',#4043,.T.);
#4434=FACE_BOUND('',#4044,.T.);
#4435=FACE_BOUND('',#4045,.T.);
#4436=FACE_BOUND('',#4046,.T.);
#4437=FACE_BOUND('',#4047,.T.);
#4438=FACE_BOUND('',#4048,.T.);
#4439=FACE_BOUND('',#4049,.T.);
#4440=FACE_BOUND('',#4050,.T.);
#4441=PLANE('',#5338);
#4442=PLANE('',#5339);
#4443=PLANE('',#5340);
#4444=PLANE('',#5341);
#4445=PLANE('',#5342);
#4446=PLANE('',#5344);
#4447=PLANE('',#5347);
#4448=PLANE('',#5349);
#4449=PLANE('',#5353);
#4450=PLANE('',#5357);
#4451=PLANE('',#5359);
#4452=PLANE('',#5363);
#4453=PLANE('',#5364);
#4454=PLANE('',#5365);
#4455=PLANE('',#5366);
#4456=PLANE('',#5367);
#4457=PLANE('',#5369);
#4458=PLANE('',#5371);
#4459=PLANE('',#5372);
#4460=PLANE('',#5381);
#4461=PLANE('',#5382);
#4462=PLANE('',#5390);
#4463=PLANE('',#5391);
#4464=PLANE('',#5393);
#4465=PLANE('',#5394);
#4466=PLANE('',#5395);
#4467=PLANE('',#5396);
#4468=PLANE('',#5397);
#4469=PLANE('',#5399);
#4470=PLANE('',#5409);
#4471=PLANE('',#5410);
#4472=PLANE('',#5412);
#4473=PLANE('',#5413);
#4474=PLANE('',#5414);
#4475=PLANE('',#5415);
#4476=PLANE('',#5416);
#4477=PLANE('',#5417);
#4478=PLANE('',#5419);
#4479=PLANE('',#5420);
#4480=PLANE('',#5421);
#4481=PLANE('',#5422);
#4482=PLANE('',#5423);
#4483=PLANE('',#5425);
#4484=PLANE('',#5427);
#4485=PLANE('',#5428);
#4486=PLANE('',#5429);
#4487=PLANE('',#5431);
#4488=PLANE('',#5435);
#4489=PLANE('',#5437);
#4490=PLANE('',#5438);
#4491=PLANE('',#5439);
#4492=PLANE('',#5440);
#4493=PLANE('',#5441);
#4494=PLANE('',#5442);
#4495=PLANE('',#5443);
#4496=PLANE('',#5445);
#4497=PLANE('',#5449);
#4498=PLANE('',#5450);
#4499=PLANE('',#5451);
#4500=PLANE('',#5452);
#4501=PLANE('',#5453);
#4502=PLANE('',#5454);
#4503=PLANE('',#5455);
#4504=PLANE('',#5456);
#4505=PLANE('',#5458);
#4506=PLANE('',#5462);
#4507=PLANE('',#5466);
#4508=PLANE('',#5468);
#4509=PLANE('',#5469);
#4510=PLANE('',#5470);
#4511=PLANE('',#5471);
#4512=PLANE('',#5472);
#4513=PLANE('',#5473);
#4514=PLANE('',#5474);
#4515=PLANE('',#5475);
#4516=PLANE('',#5477);
#4517=PLANE('',#5481);
#4518=PLANE('',#5485);
#4519=PLANE('',#5486);
#4520=PLANE('',#5487);
#4521=PLANE('',#5488);
#4522=PLANE('',#5489);
#4523=PLANE('',#5490);
#4524=PLANE('',#5491);
#4525=PLANE('',#5493);
#4526=PLANE('',#5494);
#4527=PLANE('',#5495);
#4528=PLANE('',#5496);
#4529=PLANE('',#5497);
#4530=PLANE('',#5498);
#4531=PLANE('',#5499);
#4532=PLANE('',#5500);
#4533=PLANE('',#5501);
#4534=PLANE('',#5502);
#4535=PLANE('',#5503);
#4536=PLANE('',#5504);
#4537=PLANE('',#5505);
#4538=PLANE('',#5506);
#4539=PLANE('',#5507);
#4540=PLANE('',#5508);
#4541=PLANE('',#5509);
#4542=PLANE('',#5510);
#4543=PLANE('',#5511);
#4544=PLANE('',#5512);
#4545=PLANE('',#5513);
#4546=PLANE('',#5514);
#4547=PLANE('',#5515);
#4548=PLANE('',#5516);
#4549=PLANE('',#5517);
#4550=PLANE('',#5518);
#4551=PLANE('',#5520);
#4552=PLANE('',#5522);
#4553=PLANE('',#5523);
#4554=PLANE('',#5525);
#4555=PLANE('',#5526);
#4556=PLANE('',#5528);
#4557=PLANE('',#5533);
#4558=PLANE('',#5534);
#4559=PLANE('',#5535);
#4560=PLANE('',#5536);
#4561=PLANE('',#5537);
#4562=PLANE('',#5539);
#4563=PLANE('',#5543);
#4564=PLANE('',#5544);
#4565=PLANE('',#5545);
#4566=PLANE('',#5546);
#4567=PLANE('',#5547);
#4568=PLANE('',#5548);
#4569=PLANE('',#5549);
#4570=PLANE('',#5550);
#4571=PLANE('',#5551);
#4572=PLANE('',#5552);
#4573=PLANE('',#5553);
#4574=PLANE('',#5554);
#4575=PLANE('',#5555);
#4576=PLANE('',#5556);
#4577=PLANE('',#5557);
#4578=PLANE('',#5558);
#4579=PLANE('',#5559);
#4580=PLANE('',#5560);
#4581=PLANE('',#5561);
#4582=PLANE('',#5562);
#4583=PLANE('',#5563);
#4584=PLANE('',#5564);
#4585=PLANE('',#5565);
#4586=PLANE('',#5569);
#4587=PLANE('',#5570);
#4588=PLANE('',#5571);
#4589=PLANE('',#5573);
#4590=PLANE('',#5574);
#4591=PLANE('',#5575);
#4592=PLANE('',#5576);
#4593=PLANE('',#5577);
#4594=PLANE('',#5581);
#4595=PLANE('',#5582);
#4596=PLANE('',#5583);
#4597=PLANE('',#5585);
#4598=PLANE('',#5586);
#4599=PLANE('',#5587);
#4600=PLANE('',#5588);
#4601=PLANE('',#5589);
#4602=PLANE('',#5590);
#4603=PLANE('',#5592);
#4604=PLANE('',#5593);
#4605=PLANE('',#5594);
#4606=PLANE('',#5595);
#4607=PLANE('',#5596);
#4608=PLANE('',#5597);
#4609=PLANE('',#5602);
#4610=PLANE('',#5606);
#4611=PLANE('',#5610);
#4612=PLANE('',#5626);
#4613=PLANE('',#5627);
#4614=PLANE('',#5628);
#4615=PLANE('',#5630);
#4616=PLANE('',#5631);
#4617=PLANE('',#5632);
#4618=PLANE('',#5633);
#4619=PLANE('',#5634);
#4620=PLANE('',#5639);
#4621=PLANE('',#5649);
#4622=PLANE('',#5650);
#4623=PLANE('',#5651);
#4624=PLANE('',#5652);
#4625=PLANE('',#5653);
#4626=PLANE('',#5657);
#4627=PLANE('',#5665);
#4628=PLANE('',#5666);
#4629=PLANE('',#5667);
#4630=PLANE('',#5668);
#4631=PLANE('',#5669);
#4632=PLANE('',#5670);
#4633=PLANE('',#5672);
#4634=PLANE('',#5673);
#4635=PLANE('',#5674);
#4636=PLANE('',#5675);
#4637=PLANE('',#5676);
#4638=PLANE('',#5677);
#4639=PLANE('',#5678);
#4640=PLANE('',#5679);
#4641=PLANE('',#5680);
#4642=PLANE('',#5681);
#4643=PLANE('',#5682);
#4644=PLANE('',#5684);
#4645=PLANE('',#5685);
#4646=PLANE('',#5686);
#4647=PLANE('',#5687);
#4648=PLANE('',#5688);
#4649=PLANE('',#5692);
#4650=PLANE('',#5700);
#4651=PLANE('',#5701);
#4652=PLANE('',#5702);
#4653=PLANE('',#5703);
#4654=PLANE('',#5704);
#4655=PLANE('',#5706);
#4656=PLANE('',#5709);
#4657=PLANE('',#5711);
#4658=PLANE('',#5712);
#4659=PLANE('',#5713);
#4660=PLANE('',#5714);
#4661=PLANE('',#5715);
#4662=PLANE('',#5717);
#4663=PLANE('',#5723);
#4664=PLANE('',#5725);
#4665=PLANE('',#5726);
#4666=PLANE('',#5727);
#4667=PLANE('',#5728);
#4668=PLANE('',#5729);
#4669=PLANE('',#5730);
#4670=PLANE('',#5731);
#4671=PLANE('',#5732);
#4672=PLANE('',#5733);
#4673=PLANE('',#5734);
#4674=PLANE('',#5736);
#4675=PLANE('',#5737);
#4676=PLANE('',#5738);
#4677=PLANE('',#5739);
#4678=PLANE('',#5740);
#4679=PLANE('',#5741);
#4680=PLANE('',#5742);
#4681=PLANE('',#5743);
#4682=PLANE('',#5744);
#4683=PLANE('',#5745);
#4684=PLANE('',#5746);
#4685=PLANE('',#5747);
#4686=PLANE('',#5755);
#4687=PLANE('',#5756);
#4688=ADVANCED_FACE('',(#4051),#4441,.T.);
#4689=ADVANCED_FACE('',(#4052),#4442,.F.);
#4690=ADVANCED_FACE('',(#4053),#4443,.F.);
#4691=ADVANCED_FACE('',(#4054),#4444,.T.);
#4692=ADVANCED_FACE('',(#4055,#4056),#4445,.T.);
#4693=ADVANCED_FACE('',(#4057),#4446,.F.);
#4694=ADVANCED_FACE('',(#4058,#4059),#82,.F.);
#4695=ADVANCED_FACE('',(#4060),#4447,.T.);
#4696=ADVANCED_FACE('',(#4061),#4448,.F.);
#4697=ADVANCED_FACE('',(#4062),#83,.T.);
#4698=ADVANCED_FACE('',(#4063),#4449,.F.);
#4699=ADVANCED_FACE('',(#4064),#84,.T.);
#4700=ADVANCED_FACE('',(#4065,#4066),#4450,.T.);
#4701=ADVANCED_FACE('',(#4067,#4068),#4451,.F.);
#4702=ADVANCED_FACE('',(#4069,#4070),#85,.F.);
#4703=ADVANCED_FACE('',(#4071),#4452,.T.);
#4704=ADVANCED_FACE('',(#4072),#4453,.F.);
#4705=ADVANCED_FACE('',(#4073),#4454,.F.);
#4706=ADVANCED_FACE('',(#4074),#4455,.T.);
#4707=ADVANCED_FACE('',(#4075,#4076),#4456,.T.);
#4708=ADVANCED_FACE('',(#4077,#4078),#4457,.F.);
#4709=ADVANCED_FACE('',(#4079),#4458,.F.);
#4710=ADVANCED_FACE('',(#4080),#4459,.T.);
#4711=ADVANCED_FACE('',(#4081,#4082),#86,.F.);
#4712=ADVANCED_FACE('',(#4083,#4084),#87,.F.);
#4713=ADVANCED_FACE('',(#4085,#4086),#88,.T.);
#4714=ADVANCED_FACE('',(#4087,#4088),#4460,.T.);
#4715=ADVANCED_FACE('',(#4089,#4090),#4461,.F.);
#4716=ADVANCED_FACE('',(#4091),#89,.F.);
#4717=ADVANCED_FACE('',(#4092),#90,.T.);
#4718=ADVANCED_FACE('',(#4093),#4462,.T.);
#4719=ADVANCED_FACE('',(#4094),#4463,.F.);
#4720=ADVANCED_FACE('',(#4095),#4464,.T.);
#4721=ADVANCED_FACE('',(#4096),#4465,.F.);
#4722=ADVANCED_FACE('',(#4097),#4466,.F.);
#4723=ADVANCED_FACE('',(#4098),#4467,.T.);
#4724=ADVANCED_FACE('',(#4099,#4100),#4468,.T.);
#4725=ADVANCED_FACE('',(#4101,#4102),#4469,.F.);
#4726=ADVANCED_FACE('',(#4103,#4104),#91,.F.);
#4727=ADVANCED_FACE('',(#4105),#92,.F.);
#4728=ADVANCED_FACE('',(#4106),#93,.T.);
#4729=ADVANCED_FACE('',(#4107),#4470,.T.);
#4730=ADVANCED_FACE('',(#4108),#4471,.F.);
#4731=ADVANCED_FACE('',(#4109),#4472,.T.);
#4732=ADVANCED_FACE('',(#4110),#4473,.F.);
#4733=ADVANCED_FACE('',(#4111),#4474,.F.);
#4734=ADVANCED_FACE('',(#4112),#4475,.T.);
#4735=ADVANCED_FACE('',(#4113),#4476,.T.);
#4736=ADVANCED_FACE('',(#4114),#4477,.F.);
#4737=ADVANCED_FACE('',(#4115),#4478,.T.);
#4738=ADVANCED_FACE('',(#4116,#4117),#4479,.F.);
#4739=ADVANCED_FACE('',(#4118),#4480,.F.);
#4740=ADVANCED_FACE('',(#4119),#4481,.T.);
#4741=ADVANCED_FACE('',(#4120,#4121),#4482,.T.);
#4742=ADVANCED_FACE('',(#4122,#4123),#4483,.F.);
#4743=ADVANCED_FACE('',(#4124),#4484,.F.);
#4744=ADVANCED_FACE('',(#4125),#4485,.T.);
#4745=ADVANCED_FACE('',(#4126,#4127),#4486,.F.);
#4746=ADVANCED_FACE('',(#4128,#4129),#4487,.T.);
#4747=ADVANCED_FACE('',(#4130,#4131),#94,.F.);
#4748=ADVANCED_FACE('',(#4132,#4133),#95,.F.);
#4749=ADVANCED_FACE('',(#4134),#4488,.F.);
#4750=ADVANCED_FACE('',(#4135),#4489,.T.);
#4751=ADVANCED_FACE('',(#4136),#4490,.T.);
#4752=ADVANCED_FACE('',(#4137),#4491,.T.);
#4753=ADVANCED_FACE('',(#4138),#4492,.T.);
#4754=ADVANCED_FACE('',(#4139),#4493,.T.);
#4755=ADVANCED_FACE('',(#4140),#4494,.T.);
#4756=ADVANCED_FACE('',(#4141),#4495,.F.);
#4757=ADVANCED_FACE('',(#4142),#4496,.T.);
#4758=ADVANCED_FACE('',(#4143),#96,.F.);
#4759=ADVANCED_FACE('',(#4144),#4497,.T.);
#4760=ADVANCED_FACE('',(#4145),#4498,.F.);
#4761=ADVANCED_FACE('',(#4146),#4499,.T.);
#4762=ADVANCED_FACE('',(#4147),#4500,.T.);
#4763=ADVANCED_FACE('',(#4148),#4501,.F.);
#4764=ADVANCED_FACE('',(#4149),#4502,.F.);
#4765=ADVANCED_FACE('',(#4150),#4503,.T.);
#4766=ADVANCED_FACE('',(#4151),#4504,.F.);
#4767=ADVANCED_FACE('',(#4152),#4505,.T.);
#4768=ADVANCED_FACE('',(#4153,#4154),#97,.T.);
#4769=ADVANCED_FACE('',(#4155,#4156),#4506,.T.);
#4770=ADVANCED_FACE('',(#4157,#4158),#98,.T.);
#4771=ADVANCED_FACE('',(#4159),#4507,.T.);
#4772=ADVANCED_FACE('',(#4160),#4508,.T.);
#4773=ADVANCED_FACE('',(#4161),#4509,.F.);
#4774=ADVANCED_FACE('',(#4162),#4510,.T.);
#4775=ADVANCED_FACE('',(#4163),#4511,.F.);
#4776=ADVANCED_FACE('',(#4164),#4512,.F.);
#4777=ADVANCED_FACE('',(#4165),#4513,.T.);
#4778=ADVANCED_FACE('',(#4166),#4514,.T.);
#4779=ADVANCED_FACE('',(#4167),#4515,.F.);
#4780=ADVANCED_FACE('',(#4168,#4169),#4516,.T.);
#4781=ADVANCED_FACE('',(#4170,#4171),#99,.T.);
#4782=ADVANCED_FACE('',(#4172,#4173),#4517,.F.);
#4783=ADVANCED_FACE('',(#4174,#4175),#100,.F.);
#4784=ADVANCED_FACE('',(#4176),#4518,.T.);
#4785=ADVANCED_FACE('',(#4177),#4519,.T.);
#4786=ADVANCED_FACE('',(#4178),#4520,.T.);
#4787=ADVANCED_FACE('',(#4179),#4521,.T.);
#4788=ADVANCED_FACE('',(#4180),#4522,.T.);
#4789=ADVANCED_FACE('',(#4181),#4523,.T.);
#4790=ADVANCED_FACE('',(#4182,#4183),#4524,.T.);
#4791=ADVANCED_FACE('',(#4184),#4525,.F.);
#4792=ADVANCED_FACE('',(#4185),#4526,.F.);
#4793=ADVANCED_FACE('',(#4186),#4527,.F.);
#4794=ADVANCED_FACE('',(#4187),#4528,.F.);
#4795=ADVANCED_FACE('',(#4188),#4529,.F.);
#4796=ADVANCED_FACE('',(#4189),#4530,.F.);
#4797=ADVANCED_FACE('',(#4190),#4531,.F.);
#4798=ADVANCED_FACE('',(#4191),#4532,.F.);
#4799=ADVANCED_FACE('',(#4192),#4533,.F.);
#4800=ADVANCED_FACE('',(#4193),#4534,.F.);
#4801=ADVANCED_FACE('',(#4194),#4535,.F.);
#4802=ADVANCED_FACE('',(#4195),#4536,.F.);
#4803=ADVANCED_FACE('',(#4196),#4537,.F.);
#4804=ADVANCED_FACE('',(#4197),#4538,.F.);
#4805=ADVANCED_FACE('',(#4198),#4539,.F.);
#4806=ADVANCED_FACE('',(#4199),#4540,.F.);
#4807=ADVANCED_FACE('',(#4200),#4541,.F.);
#4808=ADVANCED_FACE('',(#4201),#4542,.F.);
#4809=ADVANCED_FACE('',(#4202),#4543,.F.);
#4810=ADVANCED_FACE('',(#4203),#4544,.F.);
#4811=ADVANCED_FACE('',(#4204),#4545,.F.);
#4812=ADVANCED_FACE('',(#4205),#4546,.F.);
#4813=ADVANCED_FACE('',(#4206),#4547,.F.);
#4814=ADVANCED_FACE('',(#4207),#4548,.F.);
#4815=ADVANCED_FACE('',(#4208),#4549,.T.);
#4816=ADVANCED_FACE('',(#4209),#4550,.F.);
#4817=ADVANCED_FACE('',(#4210,#4211),#4551,.T.);
#4818=ADVANCED_FACE('',(#4212),#4552,.F.);
#4819=ADVANCED_FACE('',(#4213,#4214),#4553,.F.);
#4820=ADVANCED_FACE('',(#4215),#4554,.T.);
#4821=ADVANCED_FACE('',(#4216,#4217),#4555,.T.);
#4822=ADVANCED_FACE('',(#4218,#4219),#4556,.F.);
#4823=ADVANCED_FACE('',(#4220,#4221),#101,.F.);
#4824=ADVANCED_FACE('',(#4222,#4223),#102,.F.);
#4825=ADVANCED_FACE('',(#4224),#4557,.T.);
#4826=ADVANCED_FACE('',(#4225),#4558,.F.);
#4827=ADVANCED_FACE('',(#4226),#4559,.F.);
#4828=ADVANCED_FACE('',(#4227),#4560,.T.);
#4829=ADVANCED_FACE('',(#4228),#4561,.T.);
#4830=ADVANCED_FACE('',(#4229),#4562,.F.);
#4831=ADVANCED_FACE('',(#4230),#103,.T.);
#4832=ADVANCED_FACE('',(#4231),#4563,.F.);
#4833=ADVANCED_FACE('',(#4232),#4564,.F.);
#4834=ADVANCED_FACE('',(#4233),#4565,.F.);
#4835=ADVANCED_FACE('',(#4234),#4566,.F.);
#4836=ADVANCED_FACE('',(#4235),#4567,.F.);
#4837=ADVANCED_FACE('',(#4236),#4568,.F.);
#4838=ADVANCED_FACE('',(#4237),#4569,.F.);
#4839=ADVANCED_FACE('',(#4238),#4570,.F.);
#4840=ADVANCED_FACE('',(#4239),#4571,.F.);
#4841=ADVANCED_FACE('',(#4240),#4572,.F.);
#4842=ADVANCED_FACE('',(#4241),#4573,.F.);
#4843=ADVANCED_FACE('',(#4242),#4574,.F.);
#4844=ADVANCED_FACE('',(#4243),#4575,.F.);
#4845=ADVANCED_FACE('',(#4244),#4576,.F.);
#4846=ADVANCED_FACE('',(#4245),#4577,.F.);
#4847=ADVANCED_FACE('',(#4246),#4578,.F.);
#4848=ADVANCED_FACE('',(#4247),#4579,.F.);
#4849=ADVANCED_FACE('',(#4248),#4580,.F.);
#4850=ADVANCED_FACE('',(#4249),#4581,.F.);
#4851=ADVANCED_FACE('',(#4250),#4582,.F.);
#4852=ADVANCED_FACE('',(#4251),#4583,.F.);
#4853=ADVANCED_FACE('',(#4252),#4584,.F.);
#4854=ADVANCED_FACE('',(#4253),#4585,.F.);
#4855=ADVANCED_FACE('',(#4254,#4255),#104,.F.);
#4856=ADVANCED_FACE('',(#4256),#4586,.F.);
#4857=ADVANCED_FACE('',(#4257,#4258),#4587,.T.);
#4858=ADVANCED_FACE('',(#4259,#4260),#4588,.F.);
#4859=ADVANCED_FACE('',(#4261),#4589,.F.);
#4860=ADVANCED_FACE('',(#4262),#4590,.F.);
#4861=ADVANCED_FACE('',(#4263),#4591,.F.);
#4862=ADVANCED_FACE('',(#4264),#4592,.F.);
#4863=ADVANCED_FACE('',(#4265),#4593,.F.);
#4864=ADVANCED_FACE('',(#4266,#4267),#105,.F.);
#4865=ADVANCED_FACE('',(#4268),#4594,.F.);
#4866=ADVANCED_FACE('',(#4269,#4270),#4595,.T.);
#4867=ADVANCED_FACE('',(#4271,#4272),#4596,.F.);
#4868=ADVANCED_FACE('',(#4273),#4597,.F.);
#4869=ADVANCED_FACE('',(#4274),#4598,.F.);
#4870=ADVANCED_FACE('',(#4275),#4599,.F.);
#4871=ADVANCED_FACE('',(#4276),#4600,.T.);
#4872=ADVANCED_FACE('',(#4277),#4601,.T.);
#4873=ADVANCED_FACE('',(#4278),#4602,.F.);
#4874=ADVANCED_FACE('',(#4279),#4603,.F.);
#4875=ADVANCED_FACE('',(#4280),#4604,.F.);
#4876=ADVANCED_FACE('',(#4281),#4605,.F.);
#4877=ADVANCED_FACE('',(#4282),#4606,.F.);
#4878=ADVANCED_FACE('',(#4283),#4607,.T.);
#4879=ADVANCED_FACE('',(#4284),#4608,.F.);
#4880=ADVANCED_FACE('',(#4285),#106,.T.);
#4881=ADVANCED_FACE('',(#4286),#4609,.F.);
#4882=ADVANCED_FACE('',(#4287),#107,.T.);
#4883=ADVANCED_FACE('',(#4288),#4610,.F.);
#4884=ADVANCED_FACE('',(#4289),#108,.T.);
#4885=ADVANCED_FACE('',(#4290),#4611,.F.);
#4886=ADVANCED_FACE('',(#4291),#109,.T.);
#4887=ADVANCED_FACE('',(#4292,#4293),#110,.F.);
#4888=ADVANCED_FACE('',(#4294,#4295),#111,.F.);
#4889=ADVANCED_FACE('',(#4296,#4297),#112,.F.);
#4890=ADVANCED_FACE('',(#4298,#4299),#113,.F.);
#4891=ADVANCED_FACE('',(#4300),#4612,.F.);
#4892=ADVANCED_FACE('',(#4301,#4302,#4303,#4304,#4305),#4613,.T.);
#4893=ADVANCED_FACE('',(#4306,#4307,#4308,#4309,#4310),#4614,.F.);
#4894=ADVANCED_FACE('',(#4311),#4615,.T.);
#4895=ADVANCED_FACE('',(#4312),#4616,.F.);
#4896=ADVANCED_FACE('',(#4313),#4617,.F.);
#4897=ADVANCED_FACE('',(#4314),#4618,.T.);
#4898=ADVANCED_FACE('',(#4315,#4316,#4317,#4318,#4319),#4619,.T.);
#4899=ADVANCED_FACE('',(#4320,#4321,#4322,#4323,#4324),#4620,.F.);
#4900=ADVANCED_FACE('',(#4325,#4326),#114,.F.);
#4901=ADVANCED_FACE('',(#4327,#4328),#115,.F.);
#4902=ADVANCED_FACE('',(#4329,#4330),#116,.F.);
#4903=ADVANCED_FACE('',(#4331,#4332),#117,.F.);
#4904=ADVANCED_FACE('',(#4333),#4621,.T.);
#4905=ADVANCED_FACE('',(#4334),#4622,.F.);
#4906=ADVANCED_FACE('',(#4335),#4623,.F.);
#4907=ADVANCED_FACE('',(#4336),#4624,.T.);
#4908=ADVANCED_FACE('',(#4337,#4338,#4339,#4340),#4625,.T.);
#4909=ADVANCED_FACE('',(#4341,#4342,#4343,#4344),#4626,.F.);
#4910=ADVANCED_FACE('',(#4345,#4346),#118,.F.);
#4911=ADVANCED_FACE('',(#4347,#4348),#119,.F.);
#4912=ADVANCED_FACE('',(#4349,#4350),#120,.F.);
#4913=ADVANCED_FACE('',(#4351),#4627,.T.);
#4914=ADVANCED_FACE('',(#4352),#4628,.F.);
#4915=ADVANCED_FACE('',(#4353),#4629,.F.);
#4916=ADVANCED_FACE('',(#4354),#4630,.T.);
#4917=ADVANCED_FACE('',(#4355),#4631,.T.);
#4918=ADVANCED_FACE('',(#4356),#4632,.F.);
#4919=ADVANCED_FACE('',(#4357,#4358),#4633,.T.);
#4920=ADVANCED_FACE('',(#4359),#4634,.T.);
#4921=ADVANCED_FACE('',(#4360),#4635,.F.);
#4922=ADVANCED_FACE('',(#4361),#4636,.F.);
#4923=ADVANCED_FACE('',(#4362),#4637,.T.);
#4924=ADVANCED_FACE('',(#4363),#4638,.F.);
#4925=ADVANCED_FACE('',(#4364),#4639,.F.);
#4926=ADVANCED_FACE('',(#4365),#4640,.T.);
#4927=ADVANCED_FACE('',(#4366),#4641,.T.);
#4928=ADVANCED_FACE('',(#4367),#4642,.F.);
#4929=ADVANCED_FACE('',(#4368),#4643,.T.);
#4930=ADVANCED_FACE('',(#4369),#4644,.T.);
#4931=ADVANCED_FACE('',(#4370),#4645,.F.);
#4932=ADVANCED_FACE('',(#4371),#4646,.F.);
#4933=ADVANCED_FACE('',(#4372),#4647,.T.);
#4934=ADVANCED_FACE('',(#4373,#4374,#4375,#4376),#4648,.T.);
#4935=ADVANCED_FACE('',(#4377,#4378,#4379,#4380),#4649,.F.);
#4936=ADVANCED_FACE('',(#4381,#4382),#121,.F.);
#4937=ADVANCED_FACE('',(#4383,#4384),#122,.F.);
#4938=ADVANCED_FACE('',(#4385,#4386),#123,.F.);
#4939=ADVANCED_FACE('',(#4387),#4650,.T.);
#4940=ADVANCED_FACE('',(#4388),#4651,.F.);
#4941=ADVANCED_FACE('',(#4389),#4652,.F.);
#4942=ADVANCED_FACE('',(#4390),#4653,.T.);
#4943=ADVANCED_FACE('',(#4391,#4392),#4654,.T.);
#4944=ADVANCED_FACE('',(#4393),#4655,.F.);
#4945=ADVANCED_FACE('',(#4394,#4395),#124,.T.);
#4946=ADVANCED_FACE('',(#4396),#4656,.T.);
#4947=ADVANCED_FACE('',(#4397),#4657,.T.);
#4948=ADVANCED_FACE('',(#4398),#4658,.F.);
#4949=ADVANCED_FACE('',(#4399),#4659,.F.);
#4950=ADVANCED_FACE('',(#4400),#4660,.T.);
#4951=ADVANCED_FACE('',(#4401,#4402),#4661,.T.);
#4952=ADVANCED_FACE('',(#4403,#4404),#4662,.F.);
#4953=ADVANCED_FACE('',(#4405,#4406),#125,.F.);
#4954=ADVANCED_FACE('',(#4407,#4408),#126,.F.);
#4955=ADVANCED_FACE('',(#4409,#4410),#4663,.T.);
#4956=ADVANCED_FACE('',(#4411),#4664,.F.);
#4957=ADVANCED_FACE('',(#4412),#4665,.F.);
#4958=ADVANCED_FACE('',(#4413),#4666,.F.);
#4959=ADVANCED_FACE('',(#4414),#4667,.T.);
#4960=ADVANCED_FACE('',(#4415),#4668,.T.);
#4961=ADVANCED_FACE('',(#4416),#4669,.T.);
#4962=ADVANCED_FACE('',(#4417),#4670,.T.);
#4963=ADVANCED_FACE('',(#4418),#4671,.F.);
#4964=ADVANCED_FACE('',(#4419,#4420),#4672,.T.);
#4965=ADVANCED_FACE('',(#4421,#4422),#4673,.F.);
#4966=ADVANCED_FACE('',(#4423),#4674,.F.);
#4967=ADVANCED_FACE('',(#4424),#4675,.F.);
#4968=ADVANCED_FACE('',(#4425),#4676,.F.);
#4969=ADVANCED_FACE('',(#4426),#4677,.F.);
#4970=ADVANCED_FACE('',(#4427),#4678,.F.);
#4971=ADVANCED_FACE('',(#4428),#4679,.F.);
#4972=ADVANCED_FACE('',(#4429,#4430),#4680,.T.);
#4973=ADVANCED_FACE('',(#4431,#4432),#4681,.F.);
#4974=ADVANCED_FACE('',(#4433),#4682,.F.);
#4975=ADVANCED_FACE('',(#4434),#4683,.T.);
#4976=ADVANCED_FACE('',(#4435),#4684,.T.);
#4977=ADVANCED_FACE('',(#4436),#4685,.F.);
#4978=ADVANCED_FACE('',(#4437),#127,.T.);
#4979=ADVANCED_FACE('',(#4438),#128,.T.);
#4980=ADVANCED_FACE('',(#4439),#4686,.T.);
#4981=ADVANCED_FACE('',(#4440),#4687,.F.);
#4982=CLOSED_SHELL('',(#4688,#4689,#4690,#4691,#4692,#4693,#4694,#4695));
#4983=CLOSED_SHELL('',(#4696,#4697,#4698,#4699,#4700,#4701,#4702));
#4984=CLOSED_SHELL('',(#4703,#4704,#4705,#4706,#4707,#4708,#4709,#4710,
#4711));
#4985=CLOSED_SHELL('',(#4712,#4713,#4714,#4715));
#4986=CLOSED_SHELL('',(#4716,#4717,#4718,#4719));
#4987=CLOSED_SHELL('',(#4720,#4721,#4722,#4723,#4724,#4725,#4726));
#4988=CLOSED_SHELL('',(#4727,#4728,#4729,#4730));
#4989=CLOSED_SHELL('',(#4731,#4732,#4733,#4734,#4735,#4736));
#4990=CLOSED_SHELL('',(#4737,#4738,#4739,#4740,#4741,#4742,#4743,#4744,
#4745,#4746,#4747,#4748,#4749));
#4991=CLOSED_SHELL('',(#4750,#4751,#4752,#4753,#4754,#4755,#4756,#4757,
#4758));
#4992=CLOSED_SHELL('',(#4759,#4760,#4761,#4762,#4763,#4764,#4765,#4766));
#4993=CLOSED_SHELL('',(#4767,#4768,#4769,#4770,#4771));
#4994=CLOSED_SHELL('',(#4772,#4773,#4774,#4775,#4776,#4777,#4778,#4779));
#4995=CLOSED_SHELL('',(#4780,#4781,#4782,#4783,#4784,#4785,#4786,#4787,
#4788,#4789,#4790));
#4996=CLOSED_SHELL('',(#4791,#4792,#4793,#4794,#4795,#4796,#4797,#4798,
#4799,#4800,#4801,#4802,#4803,#4804,#4805,#4806,#4807,#4808,#4809,#4810,
#4811,#4812,#4813,#4814,#4815,#4816));
#4997=CLOSED_SHELL('',(#4817,#4818,#4819,#4820,#4821,#4822,#4823,#4824));
#4998=CLOSED_SHELL('',(#4825,#4826,#4827,#4828,#4829,#4830,#4831));
#4999=CLOSED_SHELL('',(#4832,#4833,#4834,#4835,#4836,#4837,#4838,#4839,
#4840,#4841,#4842,#4843,#4844,#4845,#4846,#4847,#4848,#4849,#4850,#4851,
#4852,#4853,#4854,#4855,#4856,#4857,#4858));
#5000=CLOSED_SHELL('',(#4859,#4860,#4861,#4862,#4863,#4864,#4865,#4866,
#4867));
#5001=CLOSED_SHELL('',(#4868,#4869,#4870,#4871,#4872,#4873));
#5002=CLOSED_SHELL('',(#4874,#4875,#4876,#4877,#4878,#4879));
#5003=CLOSED_SHELL('',(#4880,#4881,#4882,#4883,#4884,#4885,#4886,#4887,
#4888,#4889,#4890,#4891,#4892,#4893));
#5004=CLOSED_SHELL('',(#4894,#4895,#4896,#4897,#4898,#4899,#4900,#4901,
#4902,#4903));
#5005=CLOSED_SHELL('',(#4904,#4905,#4906,#4907,#4908,#4909,#4910,#4911,
#4912));
#5006=CLOSED_SHELL('',(#4913,#4914,#4915,#4916,#4917,#4918));
#5007=CLOSED_SHELL('',(#4919,#4920,#4921,#4922,#4923,#4924,#4925,#4926,
#4927,#4928,#4929));
#5008=CLOSED_SHELL('',(#4930,#4931,#4932,#4933,#4934,#4935,#4936,#4937,
#4938));
#5009=CLOSED_SHELL('',(#4939,#4940,#4941,#4942,#4943,#4944,#4945,#4946));
#5010=CLOSED_SHELL('',(#4947,#4948,#4949,#4950,#4951,#4952,#4953,#4954,
#4955));
#5011=CLOSED_SHELL('',(#4956,#4957,#4958,#4959,#4960,#4961,#4962,#4963,
#4964,#4965));
#5012=CLOSED_SHELL('',(#4966,#4967,#4968,#4969,#4970,#4971,#4972,#4973,
#4974,#4975,#4976,#4977));
#5013=CLOSED_SHELL('',(#4978,#4979,#4980,#4981));
#5014=STYLED_ITEM('',(#5046),#5241);
#5015=STYLED_ITEM('',(#5047),#5242);
#5016=STYLED_ITEM('',(#5048),#5243);
#5017=STYLED_ITEM('',(#5049),#5244);
#5018=STYLED_ITEM('',(#5050),#5245);
#5019=STYLED_ITEM('',(#5051),#5246);
#5020=STYLED_ITEM('',(#5052),#5247);
#5021=STYLED_ITEM('',(#5053),#5248);
#5022=STYLED_ITEM('',(#5054),#5249);
#5023=STYLED_ITEM('',(#5055),#5250);
#5024=STYLED_ITEM('',(#5056),#5251);
#5025=STYLED_ITEM('',(#5057),#5252);
#5026=STYLED_ITEM('',(#5058),#5253);
#5027=STYLED_ITEM('',(#5059),#5254);
#5028=STYLED_ITEM('',(#5060),#5255);
#5029=STYLED_ITEM('',(#5061),#5256);
#5030=STYLED_ITEM('',(#5062),#5257);
#5031=STYLED_ITEM('',(#5063),#5258);
#5032=STYLED_ITEM('',(#5064),#5259);
#5033=STYLED_ITEM('',(#5065),#5260);
#5034=STYLED_ITEM('',(#5066),#5261);
#5035=STYLED_ITEM('',(#5067),#5262);
#5036=STYLED_ITEM('',(#5068),#5263);
#5037=STYLED_ITEM('',(#5069),#5264);
#5038=STYLED_ITEM('',(#5070),#5265);
#5039=STYLED_ITEM('',(#5071),#5266);
#5040=STYLED_ITEM('',(#5072),#5267);
#5041=STYLED_ITEM('',(#5073),#5268);
#5042=STYLED_ITEM('',(#5074),#5269);
#5043=STYLED_ITEM('',(#5075),#5270);
#5044=STYLED_ITEM('',(#5076),#5271);
#5045=STYLED_ITEM('',(#5077),#5272);
#5046=PRESENTATION_STYLE_ASSIGNMENT((#5078));
#5047=PRESENTATION_STYLE_ASSIGNMENT((#5079));
#5048=PRESENTATION_STYLE_ASSIGNMENT((#5080));
#5049=PRESENTATION_STYLE_ASSIGNMENT((#5081));
#5050=PRESENTATION_STYLE_ASSIGNMENT((#5082));
#5051=PRESENTATION_STYLE_ASSIGNMENT((#5083));
#5052=PRESENTATION_STYLE_ASSIGNMENT((#5084));
#5053=PRESENTATION_STYLE_ASSIGNMENT((#5085));
#5054=PRESENTATION_STYLE_ASSIGNMENT((#5086));
#5055=PRESENTATION_STYLE_ASSIGNMENT((#5087));
#5056=PRESENTATION_STYLE_ASSIGNMENT((#5088));
#5057=PRESENTATION_STYLE_ASSIGNMENT((#5089));
#5058=PRESENTATION_STYLE_ASSIGNMENT((#5090));
#5059=PRESENTATION_STYLE_ASSIGNMENT((#5091));
#5060=PRESENTATION_STYLE_ASSIGNMENT((#5092));
#5061=PRESENTATION_STYLE_ASSIGNMENT((#5093));
#5062=PRESENTATION_STYLE_ASSIGNMENT((#5094));
#5063=PRESENTATION_STYLE_ASSIGNMENT((#5095));
#5064=PRESENTATION_STYLE_ASSIGNMENT((#5096));
#5065=PRESENTATION_STYLE_ASSIGNMENT((#5097));
#5066=PRESENTATION_STYLE_ASSIGNMENT((#5098));
#5067=PRESENTATION_STYLE_ASSIGNMENT((#5099));
#5068=PRESENTATION_STYLE_ASSIGNMENT((#5100));
#5069=PRESENTATION_STYLE_ASSIGNMENT((#5101));
#5070=PRESENTATION_STYLE_ASSIGNMENT((#5102));
#5071=PRESENTATION_STYLE_ASSIGNMENT((#5103));
#5072=PRESENTATION_STYLE_ASSIGNMENT((#5104));
#5073=PRESENTATION_STYLE_ASSIGNMENT((#5105));
#5074=PRESENTATION_STYLE_ASSIGNMENT((#5106));
#5075=PRESENTATION_STYLE_ASSIGNMENT((#5107));
#5076=PRESENTATION_STYLE_ASSIGNMENT((#5108));
#5077=PRESENTATION_STYLE_ASSIGNMENT((#5109));
#5078=SURFACE_STYLE_USAGE(.BOTH.,#5110);
#5079=SURFACE_STYLE_USAGE(.BOTH.,#5111);
#5080=SURFACE_STYLE_USAGE(.BOTH.,#5112);
#5081=SURFACE_STYLE_USAGE(.BOTH.,#5113);
#5082=SURFACE_STYLE_USAGE(.BOTH.,#5114);
#5083=SURFACE_STYLE_USAGE(.BOTH.,#5115);
#5084=SURFACE_STYLE_USAGE(.BOTH.,#5116);
#5085=SURFACE_STYLE_USAGE(.BOTH.,#5117);
#5086=SURFACE_STYLE_USAGE(.BOTH.,#5118);
#5087=SURFACE_STYLE_USAGE(.BOTH.,#5119);
#5088=SURFACE_STYLE_USAGE(.BOTH.,#5120);
#5089=SURFACE_STYLE_USAGE(.BOTH.,#5121);
#5090=SURFACE_STYLE_USAGE(.BOTH.,#5122);
#5091=SURFACE_STYLE_USAGE(.BOTH.,#5123);
#5092=SURFACE_STYLE_USAGE(.BOTH.,#5124);
#5093=SURFACE_STYLE_USAGE(.BOTH.,#5125);
#5094=SURFACE_STYLE_USAGE(.BOTH.,#5126);
#5095=SURFACE_STYLE_USAGE(.BOTH.,#5127);
#5096=SURFACE_STYLE_USAGE(.BOTH.,#5128);
#5097=SURFACE_STYLE_USAGE(.BOTH.,#5129);
#5098=SURFACE_STYLE_USAGE(.BOTH.,#5130);
#5099=SURFACE_STYLE_USAGE(.BOTH.,#5131);
#5100=SURFACE_STYLE_USAGE(.BOTH.,#5132);
#5101=SURFACE_STYLE_USAGE(.BOTH.,#5133);
#5102=SURFACE_STYLE_USAGE(.BOTH.,#5134);
#5103=SURFACE_STYLE_USAGE(.BOTH.,#5135);
#5104=SURFACE_STYLE_USAGE(.BOTH.,#5136);
#5105=SURFACE_STYLE_USAGE(.BOTH.,#5137);
#5106=SURFACE_STYLE_USAGE(.BOTH.,#5138);
#5107=SURFACE_STYLE_USAGE(.BOTH.,#5139);
#5108=SURFACE_STYLE_USAGE(.BOTH.,#5140);
#5109=SURFACE_STYLE_USAGE(.BOTH.,#5141);
#5110=SURFACE_SIDE_STYLE('',(#5142));
#5111=SURFACE_SIDE_STYLE('',(#5143));
#5112=SURFACE_SIDE_STYLE('',(#5144));
#5113=SURFACE_SIDE_STYLE('',(#5145));
#5114=SURFACE_SIDE_STYLE('',(#5146));
#5115=SURFACE_SIDE_STYLE('',(#5147));
#5116=SURFACE_SIDE_STYLE('',(#5148));
#5117=SURFACE_SIDE_STYLE('',(#5149));
#5118=SURFACE_SIDE_STYLE('',(#5150));
#5119=SURFACE_SIDE_STYLE('',(#5151));
#5120=SURFACE_SIDE_STYLE('',(#5152));
#5121=SURFACE_SIDE_STYLE('',(#5153));
#5122=SURFACE_SIDE_STYLE('',(#5154));
#5123=SURFACE_SIDE_STYLE('',(#5155));
#5124=SURFACE_SIDE_STYLE('',(#5156));
#5125=SURFACE_SIDE_STYLE('',(#5157));
#5126=SURFACE_SIDE_STYLE('',(#5158));
#5127=SURFACE_SIDE_STYLE('',(#5159));
#5128=SURFACE_SIDE_STYLE('',(#5160));
#5129=SURFACE_SIDE_STYLE('',(#5161));
#5130=SURFACE_SIDE_STYLE('',(#5162));
#5131=SURFACE_SIDE_STYLE('',(#5163));
#5132=SURFACE_SIDE_STYLE('',(#5164));
#5133=SURFACE_SIDE_STYLE('',(#5165));
#5134=SURFACE_SIDE_STYLE('',(#5166));
#5135=SURFACE_SIDE_STYLE('',(#5167));
#5136=SURFACE_SIDE_STYLE('',(#5168));
#5137=SURFACE_SIDE_STYLE('',(#5169));
#5138=SURFACE_SIDE_STYLE('',(#5170));
#5139=SURFACE_SIDE_STYLE('',(#5171));
#5140=SURFACE_SIDE_STYLE('',(#5172));
#5141=SURFACE_SIDE_STYLE('',(#5173));
#5142=SURFACE_STYLE_FILL_AREA(#5174);
#5143=SURFACE_STYLE_FILL_AREA(#5175);
#5144=SURFACE_STYLE_FILL_AREA(#5176);
#5145=SURFACE_STYLE_FILL_AREA(#5177);
#5146=SURFACE_STYLE_FILL_AREA(#5178);
#5147=SURFACE_STYLE_FILL_AREA(#5179);
#5148=SURFACE_STYLE_FILL_AREA(#5180);
#5149=SURFACE_STYLE_FILL_AREA(#5181);
#5150=SURFACE_STYLE_FILL_AREA(#5182);
#5151=SURFACE_STYLE_FILL_AREA(#5183);
#5152=SURFACE_STYLE_FILL_AREA(#5184);
#5153=SURFACE_STYLE_FILL_AREA(#5185);
#5154=SURFACE_STYLE_FILL_AREA(#5186);
#5155=SURFACE_STYLE_FILL_AREA(#5187);
#5156=SURFACE_STYLE_FILL_AREA(#5188);
#5157=SURFACE_STYLE_FILL_AREA(#5189);
#5158=SURFACE_STYLE_FILL_AREA(#5190);
#5159=SURFACE_STYLE_FILL_AREA(#5191);
#5160=SURFACE_STYLE_FILL_AREA(#5192);
#5161=SURFACE_STYLE_FILL_AREA(#5193);
#5162=SURFACE_STYLE_FILL_AREA(#5194);
#5163=SURFACE_STYLE_FILL_AREA(#5195);
#5164=SURFACE_STYLE_FILL_AREA(#5196);
#5165=SURFACE_STYLE_FILL_AREA(#5197);
#5166=SURFACE_STYLE_FILL_AREA(#5198);
#5167=SURFACE_STYLE_FILL_AREA(#5199);
#5168=SURFACE_STYLE_FILL_AREA(#5200);
#5169=SURFACE_STYLE_FILL_AREA(#5201);
#5170=SURFACE_STYLE_FILL_AREA(#5202);
#5171=SURFACE_STYLE_FILL_AREA(#5203);
#5172=SURFACE_STYLE_FILL_AREA(#5204);
#5173=SURFACE_STYLE_FILL_AREA(#5205);
#5174=FILL_AREA_STYLE('',(#5206));
#5175=FILL_AREA_STYLE('',(#5207));
#5176=FILL_AREA_STYLE('',(#5208));
#5177=FILL_AREA_STYLE('',(#5209));
#5178=FILL_AREA_STYLE('',(#5210));
#5179=FILL_AREA_STYLE('',(#5211));
#5180=FILL_AREA_STYLE('',(#5212));
#5181=FILL_AREA_STYLE('',(#5213));
#5182=FILL_AREA_STYLE('',(#5214));
#5183=FILL_AREA_STYLE('',(#5215));
#5184=FILL_AREA_STYLE('',(#5216));
#5185=FILL_AREA_STYLE('',(#5217));
#5186=FILL_AREA_STYLE('',(#5218));
#5187=FILL_AREA_STYLE('',(#5219));
#5188=FILL_AREA_STYLE('',(#5220));
#5189=FILL_AREA_STYLE('',(#5221));
#5190=FILL_AREA_STYLE('',(#5222));
#5191=FILL_AREA_STYLE('',(#5223));
#5192=FILL_AREA_STYLE('',(#5224));
#5193=FILL_AREA_STYLE('',(#5225));
#5194=FILL_AREA_STYLE('',(#5226));
#5195=FILL_AREA_STYLE('',(#5227));
#5196=FILL_AREA_STYLE('',(#5228));
#5197=FILL_AREA_STYLE('',(#5229));
#5198=FILL_AREA_STYLE('',(#5230));
#5199=FILL_AREA_STYLE('',(#5231));
#5200=FILL_AREA_STYLE('',(#5232));
#5201=FILL_AREA_STYLE('',(#5233));
#5202=FILL_AREA_STYLE('',(#5234));
#5203=FILL_AREA_STYLE('',(#5235));
#5204=FILL_AREA_STYLE('',(#5236));
#5205=FILL_AREA_STYLE('',(#5237));
#5206=FILL_AREA_STYLE_COLOUR('',#5238);
#5207=FILL_AREA_STYLE_COLOUR('',#5239);
#5208=FILL_AREA_STYLE_COLOUR('',#5238);
#5209=FILL_AREA_STYLE_COLOUR('',#5238);
#5210=FILL_AREA_STYLE_COLOUR('',#5239);
#5211=FILL_AREA_STYLE_COLOUR('',#5238);
#5212=FILL_AREA_STYLE_COLOUR('',#5239);
#5213=FILL_AREA_STYLE_COLOUR('',#5239);
#5214=FILL_AREA_STYLE_COLOUR('',#5238);
#5215=FILL_AREA_STYLE_COLOUR('',#5240);
#5216=FILL_AREA_STYLE_COLOUR('',#5239);
#5217=FILL_AREA_STYLE_COLOUR('',#5240);
#5218=FILL_AREA_STYLE_COLOUR('',#5239);
#5219=FILL_AREA_STYLE_COLOUR('',#5238);
#5220=FILL_AREA_STYLE_COLOUR('',#5240);
#5221=FILL_AREA_STYLE_COLOUR('',#5238);
#5222=FILL_AREA_STYLE_COLOUR('',#5240);
#5223=FILL_AREA_STYLE_COLOUR('',#5238);
#5224=FILL_AREA_STYLE_COLOUR('',#5239);
#5225=FILL_AREA_STYLE_COLOUR('',#5239);
#5226=FILL_AREA_STYLE_COLOUR('',#5239);
#5227=FILL_AREA_STYLE_COLOUR('',#5240);
#5228=FILL_AREA_STYLE_COLOUR('',#5240);
#5229=FILL_AREA_STYLE_COLOUR('',#5238);
#5230=FILL_AREA_STYLE_COLOUR('',#5239);
#5231=FILL_AREA_STYLE_COLOUR('',#5240);
#5232=FILL_AREA_STYLE_COLOUR('',#5239);
#5233=FILL_AREA_STYLE_COLOUR('',#5238);
#5234=FILL_AREA_STYLE_COLOUR('',#5238);
#5235=FILL_AREA_STYLE_COLOUR('',#5239);
#5236=FILL_AREA_STYLE_COLOUR('',#5238);
#5237=FILL_AREA_STYLE_COLOUR('',#5239);
#5238=COLOUR_RGB('',0.615686274509804,0.811764705882353,0.929411764705882);
#5239=COLOUR_RGB('',0.647058823529412,0.647058823529412,0.647058823529412);
#5240=COLOUR_RGB('',0.231372549019608,0.380392156862745,0.705882352941177);
#5241=MANIFOLD_SOLID_BREP('AC63_0_V5',#4982);
#5242=MANIFOLD_SOLID_BREP('AC91_0_V5',#4983);
#5243=MANIFOLD_SOLID_BREP('AC65_0_V5',#4984);
#5244=MANIFOLD_SOLID_BREP('AC61_0_V5',#4985);
#5245=MANIFOLD_SOLID_BREP('AC52_0_V5',#4986);
#5246=MANIFOLD_SOLID_BREP('AC98_0_V5',#4987);
#5247=MANIFOLD_SOLID_BREP('AC52_1_V5',#4988);
#5248=MANIFOLD_SOLID_BREP('AC92_2_V5',#4989);
#5249=MANIFOLD_SOLID_BREP('AC68_0_V5',#4990);
#5250=MANIFOLD_SOLID_BREP('AC77_0_V5',#4991);
#5251=MANIFOLD_SOLID_BREP('AC92_0_V5',#4992);
#5252=MANIFOLD_SOLID_BREP('AC72_0_V5',#4993);
#5253=MANIFOLD_SOLID_BREP('AC92_1_V5',#4994);
#5254=MANIFOLD_SOLID_BREP('AC62_0_V5',#4995);
#5255=MANIFOLD_SOLID_BREP('AC96_0_V5',#4996);
#5256=MANIFOLD_SOLID_BREP('AC64_0_V5',#4997);
#5257=MANIFOLD_SOLID_BREP('AC81_0_V5',#4998);
#5258=MANIFOLD_SOLID_BREP('AC51_0_V5',#4999);
#5259=MANIFOLD_SOLID_BREP('AC95_0_V5',#5000);
#5260=MANIFOLD_SOLID_BREP('AC93_1_V5',#5001);
#5261=MANIFOLD_SOLID_BREP('AC93_0_V5',#5002);
#5262=MANIFOLD_SOLID_BREP('AC89_0_V5',#5003);
#5263=MANIFOLD_SOLID_BREP('AC60_0_V5',#5004);
#5264=MANIFOLD_SOLID_BREP('AC71_0_V5',#5005);
#5265=MANIFOLD_SOLID_BREP('AC99_0_V5',#5006);
#5266=MANIFOLD_SOLID_BREP('AC84_0_V5',#5007);
#5267=MANIFOLD_SOLID_BREP('AC57_0_V5',#5008);
#5268=MANIFOLD_SOLID_BREP('AC67_0_V5',#5009);
#5269=MANIFOLD_SOLID_BREP('AC75_0_V5',#5010);
#5270=MANIFOLD_SOLID_BREP('AC56_0_V5',#5011);
#5271=MANIFOLD_SOLID_BREP('AC79_0_V5',#5012);
#5272=MANIFOLD_SOLID_BREP('AC52_2_V5',#5013);
#5273=SHAPE_DEFINITION_REPRESENTATION(#8739,#5305);
#5274=SHAPE_DEFINITION_REPRESENTATION(#8740,#5306);
#5275=SHAPE_DEFINITION_REPRESENTATION(#8741,#5307);
#5276=SHAPE_DEFINITION_REPRESENTATION(#8742,#5308);
#5277=SHAPE_DEFINITION_REPRESENTATION(#8743,#5309);
#5278=SHAPE_DEFINITION_REPRESENTATION(#8744,#5310);
#5279=SHAPE_DEFINITION_REPRESENTATION(#8745,#5311);
#5280=SHAPE_DEFINITION_REPRESENTATION(#8746,#5312);
#5281=SHAPE_DEFINITION_REPRESENTATION(#8747,#5313);
#5282=SHAPE_DEFINITION_REPRESENTATION(#8748,#5314);
#5283=SHAPE_DEFINITION_REPRESENTATION(#8749,#5315);
#5284=SHAPE_DEFINITION_REPRESENTATION(#8750,#5316);
#5285=SHAPE_DEFINITION_REPRESENTATION(#8751,#5317);
#5286=SHAPE_DEFINITION_REPRESENTATION(#8752,#5318);
#5287=SHAPE_DEFINITION_REPRESENTATION(#8753,#5319);
#5288=SHAPE_DEFINITION_REPRESENTATION(#8754,#5320);
#5289=SHAPE_DEFINITION_REPRESENTATION(#8755,#5321);
#5290=SHAPE_DEFINITION_REPRESENTATION(#8756,#5322);
#5291=SHAPE_DEFINITION_REPRESENTATION(#8757,#5323);
#5292=SHAPE_DEFINITION_REPRESENTATION(#8758,#5324);
#5293=SHAPE_DEFINITION_REPRESENTATION(#8759,#5325);
#5294=SHAPE_DEFINITION_REPRESENTATION(#8760,#5326);
#5295=SHAPE_DEFINITION_REPRESENTATION(#8761,#5327);
#5296=SHAPE_DEFINITION_REPRESENTATION(#8762,#5328);
#5297=SHAPE_DEFINITION_REPRESENTATION(#8763,#5329);
#5298=SHAPE_DEFINITION_REPRESENTATION(#8764,#5330);
#5299=SHAPE_DEFINITION_REPRESENTATION(#8765,#5331);
#5300=SHAPE_DEFINITION_REPRESENTATION(#8766,#5332);
#5301=SHAPE_DEFINITION_REPRESENTATION(#8767,#5333);
#5302=SHAPE_DEFINITION_REPRESENTATION(#8768,#5334);
#5303=SHAPE_DEFINITION_REPRESENTATION(#8769,#5335);
#5304=SHAPE_DEFINITION_REPRESENTATION(#8770,#5336);
#5305=SHAPE_REPRESENTATION('AC63_0_V5',(#5337),#8579);
#5306=SHAPE_REPRESENTATION('AC91_0_V5',(#5348),#8580);
#5307=SHAPE_REPRESENTATION('AC65_0_V5',(#5362),#8581);
#5308=SHAPE_REPRESENTATION('AC61_0_V5',(#5374),#8582);
#5309=SHAPE_REPRESENTATION('AC52_0_V5',(#5383),#8583);
#5310=SHAPE_REPRESENTATION('AC98_0_V5',(#5392),#8584);
#5311=SHAPE_REPRESENTATION('AC52_1_V5',(#5402),#8585);
#5312=SHAPE_REPRESENTATION('AC92_2_V5',(#5411),#8586);
#5313=SHAPE_REPRESENTATION('AC68_0_V5',(#5418),#8587);
#5314=SHAPE_REPRESENTATION('AC77_0_V5',(#5436),#8588);
#5315=SHAPE_REPRESENTATION('AC92_0_V5',(#5448),#8589);
#5316=SHAPE_REPRESENTATION('AC72_0_V5',(#5457),#8590);
#5317=SHAPE_REPRESENTATION('AC92_1_V5',(#5467),#8591);
#5318=SHAPE_REPRESENTATION('AC62_0_V5',(#5476),#8592);
#5319=SHAPE_REPRESENTATION('AC96_0_V5',(#5492),#8593);
#5320=SHAPE_REPRESENTATION('AC64_0_V5',(#5519),#8594);
#5321=SHAPE_REPRESENTATION('AC81_0_V5',(#5532),#8595);
#5322=SHAPE_REPRESENTATION('AC51_0_V5',(#5542),#8596);
#5323=SHAPE_REPRESENTATION('AC95_0_V5',(#5572),#8597);
#5324=SHAPE_REPRESENTATION('AC93_1_V5',(#5584),#8598);
#5325=SHAPE_REPRESENTATION('AC93_0_V5',(#5591),#8599);
#5326=SHAPE_REPRESENTATION('AC89_0_V5',(#5598),#8600);
#5327=SHAPE_REPRESENTATION('AC60_0_V5',(#5629),#8601);
#5328=SHAPE_REPRESENTATION('AC71_0_V5',(#5648),#8602);
#5329=SHAPE_REPRESENTATION('AC99_0_V5',(#5664),#8603);
#5330=SHAPE_REPRESENTATION('AC84_0_V5',(#5671),#8604);
#5331=SHAPE_REPRESENTATION('AC57_0_V5',(#5683),#8605);
#5332=SHAPE_REPRESENTATION('AC67_0_V5',(#5699),#8606);
#5333=SHAPE_REPRESENTATION('AC75_0_V5',(#5710),#8607);
#5334=SHAPE_REPRESENTATION('AC56_0_V5',(#5724),#8608);
#5335=SHAPE_REPRESENTATION('AC79_0_V5',(#5735),#8609);
#5336=SHAPE_REPRESENTATION('AC52_2_V5',(#5748),#8610);
#5337=AXIS2_PLACEMENT_3D('',#7139,#5757,#5758);
#5338=AXIS2_PLACEMENT_3D('',#7140,#5759,#5760);
#5339=AXIS2_PLACEMENT_3D('',#7149,#5765,#5766);
#5340=AXIS2_PLACEMENT_3D('',#7155,#5770,#5771);
#5341=AXIS2_PLACEMENT_3D('',#7161,#5775,#5776);
#5342=AXIS2_PLACEMENT_3D('',#7164,#5779,#5780);
#5343=AXIS2_PLACEMENT_3D('',#7165,#5781,#5782);
#5344=AXIS2_PLACEMENT_3D('',#7167,#5783,#5784);
#5345=AXIS2_PLACEMENT_3D('',#7168,#5785,#5786);
#5346=AXIS2_PLACEMENT_3D('',#7169,#5787,#5788);
#5347=AXIS2_PLACEMENT_3D('',#7171,#5789,#5790);
#5348=AXIS2_PLACEMENT_3D('',#7172,#5791,#5792);
#5349=AXIS2_PLACEMENT_3D('',#7173,#5793,#5794);
#5350=AXIS2_PLACEMENT_3D('',#7182,#5799,#5800);
#5351=AXIS2_PLACEMENT_3D('',#7183,#5801,#5802);
#5352=AXIS2_PLACEMENT_3D('',#7187,#5804,#5805);
#5353=AXIS2_PLACEMENT_3D('',#7188,#5806,#5807);
#5354=AXIS2_PLACEMENT_3D('',#7194,#5811,#5812);
#5355=AXIS2_PLACEMENT_3D('',#7195,#5813,#5814);
#5356=AXIS2_PLACEMENT_3D('',#7196,#5815,#5816);
#5357=AXIS2_PLACEMENT_3D('',#7197,#5817,#5818);
#5358=AXIS2_PLACEMENT_3D('',#7198,#5819,#5820);
#5359=AXIS2_PLACEMENT_3D('',#7200,#5821,#5822);
#5360=AXIS2_PLACEMENT_3D('',#7201,#5823,#5824);
#5361=AXIS2_PLACEMENT_3D('',#7203,#5825,#5826);
#5362=AXIS2_PLACEMENT_3D('',#7204,#5827,#5828);
#5363=AXIS2_PLACEMENT_3D('',#7205,#5829,#5830);
#5364=AXIS2_PLACEMENT_3D('',#7214,#5835,#5836);
#5365=AXIS2_PLACEMENT_3D('',#7224,#5842,#5843);
#5366=AXIS2_PLACEMENT_3D('',#7230,#5847,#5848);
#5367=AXIS2_PLACEMENT_3D('',#7237,#5853,#5854);
#5368=AXIS2_PLACEMENT_3D('',#7238,#5855,#5856);
#5369=AXIS2_PLACEMENT_3D('',#7241,#5858,#5859);
#5370=AXIS2_PLACEMENT_3D('',#7242,#5860,#5861);
#5371=AXIS2_PLACEMENT_3D('',#7244,#5862,#5863);
#5372=AXIS2_PLACEMENT_3D('',#7246,#5865,#5866);
#5373=AXIS2_PLACEMENT_3D('',#7247,#5867,#5868);
#5374=AXIS2_PLACEMENT_3D('',#7248,#5869,#5870);
#5375=AXIS2_PLACEMENT_3D('',#7249,#5871,#5872);
#5376=AXIS2_PLACEMENT_3D('',#7250,#5873,#5874);
#5377=AXIS2_PLACEMENT_3D('',#7252,#5875,#5876);
#5378=AXIS2_PLACEMENT_3D('',#7254,#5877,#5878);
#5379=AXIS2_PLACEMENT_3D('',#7255,#5879,#5880);
#5380=AXIS2_PLACEMENT_3D('',#7257,#5881,#5882);
#5381=AXIS2_PLACEMENT_3D('',#7259,#5883,#5884);
#5382=AXIS2_PLACEMENT_3D('',#7260,#5885,#5886);
#5383=AXIS2_PLACEMENT_3D('',#7261,#5887,#5888);
#5384=AXIS2_PLACEMENT_3D('',#7262,#5889,#5890);
#5385=AXIS2_PLACEMENT_3D('',#7263,#5891,#5892);
#5386=AXIS2_PLACEMENT_3D('',#7268,#5894,#5895);
#5387=AXIS2_PLACEMENT_3D('',#7271,#5897,#5898);
#5388=AXIS2_PLACEMENT_3D('',#7272,#5899,#5900);
#5389=AXIS2_PLACEMENT_3D('',#7273,#5901,#5902);
#5390=AXIS2_PLACEMENT_3D('',#7274,#5903,#5904);
#5391=AXIS2_PLACEMENT_3D('',#7275,#5905,#5906);
#5392=AXIS2_PLACEMENT_3D('',#7276,#5907,#5908);
#5393=AXIS2_PLACEMENT_3D('',#7277,#5909,#5910);
#5394=AXIS2_PLACEMENT_3D('',#7286,#5915,#5916);
#5395=AXIS2_PLACEMENT_3D('',#7292,#5920,#5921);
#5396=AXIS2_PLACEMENT_3D('',#7298,#5925,#5926);
#5397=AXIS2_PLACEMENT_3D('',#7301,#5929,#5930);
#5398=AXIS2_PLACEMENT_3D('',#7302,#5931,#5932);
#5399=AXIS2_PLACEMENT_3D('',#7304,#5933,#5934);
#5400=AXIS2_PLACEMENT_3D('',#7305,#5935,#5936);
#5401=AXIS2_PLACEMENT_3D('',#7307,#5937,#5938);
#5402=AXIS2_PLACEMENT_3D('',#7308,#5939,#5940);
#5403=AXIS2_PLACEMENT_3D('',#7309,#5941,#5942);
#5404=AXIS2_PLACEMENT_3D('',#7310,#5943,#5944);
#5405=AXIS2_PLACEMENT_3D('',#7315,#5946,#5947);
#5406=AXIS2_PLACEMENT_3D('',#7318,#5949,#5950);
#5407=AXIS2_PLACEMENT_3D('',#7319,#5951,#5952);
#5408=AXIS2_PLACEMENT_3D('',#7320,#5953,#5954);
#5409=AXIS2_PLACEMENT_3D('',#7321,#5955,#5956);
#5410=AXIS2_PLACEMENT_3D('',#7322,#5957,#5958);
#5411=AXIS2_PLACEMENT_3D('',#7323,#5959,#5960);
#5412=AXIS2_PLACEMENT_3D('',#7324,#5961,#5962);
#5413=AXIS2_PLACEMENT_3D('',#7333,#5967,#5968);
#5414=AXIS2_PLACEMENT_3D('',#7339,#5972,#5973);
#5415=AXIS2_PLACEMENT_3D('',#7345,#5977,#5978);
#5416=AXIS2_PLACEMENT_3D('',#7348,#5981,#5982);
#5417=AXIS2_PLACEMENT_3D('',#7349,#5983,#5984);
#5418=AXIS2_PLACEMENT_3D('',#7350,#5985,#5986);
#5419=AXIS2_PLACEMENT_3D('',#7351,#5987,#5988);
#5420=AXIS2_PLACEMENT_3D('',#7360,#5993,#5994);
#5421=AXIS2_PLACEMENT_3D('',#7374,#6002,#6003);
#5422=AXIS2_PLACEMENT_3D('',#7380,#6007,#6008);
#5423=AXIS2_PLACEMENT_3D('',#7383,#6011,#6012);
#5424=AXIS2_PLACEMENT_3D('',#7384,#6013,#6014);
#5425=AXIS2_PLACEMENT_3D('',#7386,#6015,#6016);
#5426=AXIS2_PLACEMENT_3D('',#7387,#6017,#6018);
#5427=AXIS2_PLACEMENT_3D('',#7389,#6019,#6020);
#5428=AXIS2_PLACEMENT_3D('',#7395,#6024,#6025);
#5429=AXIS2_PLACEMENT_3D('',#7401,#6029,#6030);
#5430=AXIS2_PLACEMENT_3D('',#7402,#6031,#6032);
#5431=AXIS2_PLACEMENT_3D('',#7405,#6034,#6035);
#5432=AXIS2_PLACEMENT_3D('',#7406,#6036,#6037);
#5433=AXIS2_PLACEMENT_3D('',#7409,#6039,#6040);
#5434=AXIS2_PLACEMENT_3D('',#7410,#6041,#6042);
#5435=AXIS2_PLACEMENT_3D('',#7411,#6043,#6044);
#5436=AXIS2_PLACEMENT_3D('',#7412,#6045,#6046);
#5437=AXIS2_PLACEMENT_3D('',#7413,#6047,#6048);
#5438=AXIS2_PLACEMENT_3D('',#7422,#6053,#6054);
#5439=AXIS2_PLACEMENT_3D('',#7428,#6058,#6059);
#5440=AXIS2_PLACEMENT_3D('',#7434,#6063,#6064);
#5441=AXIS2_PLACEMENT_3D('',#7440,#6068,#6069);
#5442=AXIS2_PLACEMENT_3D('',#7449,#6074,#6075);
#5443=AXIS2_PLACEMENT_3D('',#7452,#6078,#6079);
#5444=AXIS2_PLACEMENT_3D('',#7453,#6080,#6081);
#5445=AXIS2_PLACEMENT_3D('',#7454,#6082,#6083);
#5446=AXIS2_PLACEMENT_3D('',#7455,#6084,#6085);
#5447=AXIS2_PLACEMENT_3D('',#7456,#6086,#6087);
#5448=AXIS2_PLACEMENT_3D('',#7457,#6088,#6089);
#5449=AXIS2_PLACEMENT_3D('',#7458,#6090,#6091);
#5450=AXIS2_PLACEMENT_3D('',#7467,#6096,#6097);
#5451=AXIS2_PLACEMENT_3D('',#7473,#6101,#6102);
#5452=AXIS2_PLACEMENT_3D('',#7479,#6106,#6107);
#5453=AXIS2_PLACEMENT_3D('',#7485,#6111,#6112);
#5454=AXIS2_PLACEMENT_3D('',#7491,#6116,#6117);
#5455=AXIS2_PLACEMENT_3D('',#7494,#6120,#6121);
#5456=AXIS2_PLACEMENT_3D('',#7495,#6122,#6123);
#5457=AXIS2_PLACEMENT_3D('',#7496,#6124,#6125);
#5458=AXIS2_PLACEMENT_3D('',#7497,#6126,#6127);
#5459=AXIS2_PLACEMENT_3D('',#7498,#6128,#6129);
#5460=AXIS2_PLACEMENT_3D('',#7500,#6130,#6131);
#5461=AXIS2_PLACEMENT_3D('',#7501,#6132,#6133);
#5462=AXIS2_PLACEMENT_3D('',#7503,#6134,#6135);
#5463=AXIS2_PLACEMENT_3D('',#7504,#6136,#6137);
#5464=AXIS2_PLACEMENT_3D('',#7506,#6138,#6139);
#5465=AXIS2_PLACEMENT_3D('',#7507,#6140,#6141);
#5466=AXIS2_PLACEMENT_3D('',#7509,#6142,#6143);
#5467=AXIS2_PLACEMENT_3D('',#7510,#6144,#6145);
#5468=AXIS2_PLACEMENT_3D('',#7511,#6146,#6147);
#5469=AXIS2_PLACEMENT_3D('',#7520,#6152,#6153);
#5470=AXIS2_PLACEMENT_3D('',#7526,#6157,#6158);
#5471=AXIS2_PLACEMENT_3D('',#7532,#6162,#6163);
#5472=AXIS2_PLACEMENT_3D('',#7538,#6167,#6168);
#5473=AXIS2_PLACEMENT_3D('',#7544,#6172,#6173);
#5474=AXIS2_PLACEMENT_3D('',#7547,#6176,#6177);
#5475=AXIS2_PLACEMENT_3D('',#7548,#6178,#6179);
#5476=AXIS2_PLACEMENT_3D('',#7549,#6180,#6181);
#5477=AXIS2_PLACEMENT_3D('',#7550,#6182,#6183);
#5478=AXIS2_PLACEMENT_3D('',#7551,#6184,#6185);
#5479=AXIS2_PLACEMENT_3D('',#7565,#6192,#6193);
#5480=AXIS2_PLACEMENT_3D('',#7566,#6194,#6195);
#5481=AXIS2_PLACEMENT_3D('',#7568,#6196,#6197);
#5482=AXIS2_PLACEMENT_3D('',#7569,#6198,#6199);
#5483=AXIS2_PLACEMENT_3D('',#7571,#6200,#6201);
#5484=AXIS2_PLACEMENT_3D('',#7572,#6202,#6203);
#5485=AXIS2_PLACEMENT_3D('',#7574,#6204,#6205);
#5486=AXIS2_PLACEMENT_3D('',#7580,#6209,#6210);
#5487=AXIS2_PLACEMENT_3D('',#7584,#6213,#6214);
#5488=AXIS2_PLACEMENT_3D('',#7588,#6217,#6218);
#5489=AXIS2_PLACEMENT_3D('',#7592,#6221,#6222);
#5490=AXIS2_PLACEMENT_3D('',#7596,#6225,#6226);
#5491=AXIS2_PLACEMENT_3D('',#7598,#6228,#6229);
#5492=AXIS2_PLACEMENT_3D('',#7599,#6230,#6231);
#5493=AXIS2_PLACEMENT_3D('',#7600,#6232,#6233);
#5494=AXIS2_PLACEMENT_3D('',#7609,#6238,#6239);
#5495=AXIS2_PLACEMENT_3D('',#7615,#6243,#6244);
#5496=AXIS2_PLACEMENT_3D('',#7621,#6248,#6249);
#5497=AXIS2_PLACEMENT_3D('',#7627,#6253,#6254);
#5498=AXIS2_PLACEMENT_3D('',#7633,#6258,#6259);
#5499=AXIS2_PLACEMENT_3D('',#7639,#6263,#6264);
#5500=AXIS2_PLACEMENT_3D('',#7645,#6268,#6269);
#5501=AXIS2_PLACEMENT_3D('',#7651,#6273,#6274);
#5502=AXIS2_PLACEMENT_3D('',#7657,#6278,#6279);
#5503=AXIS2_PLACEMENT_3D('',#7663,#6283,#6284);
#5504=AXIS2_PLACEMENT_3D('',#7669,#6288,#6289);
#5505=AXIS2_PLACEMENT_3D('',#7675,#6293,#6294);
#5506=AXIS2_PLACEMENT_3D('',#7681,#6298,#6299);
#5507=AXIS2_PLACEMENT_3D('',#7687,#6303,#6304);
#5508=AXIS2_PLACEMENT_3D('',#7693,#6308,#6309);
#5509=AXIS2_PLACEMENT_3D('',#7699,#6313,#6314);
#5510=AXIS2_PLACEMENT_3D('',#7705,#6318,#6319);
#5511=AXIS2_PLACEMENT_3D('',#7711,#6323,#6324);
#5512=AXIS2_PLACEMENT_3D('',#7717,#6328,#6329);
#5513=AXIS2_PLACEMENT_3D('',#7723,#6333,#6334);
#5514=AXIS2_PLACEMENT_3D('',#7729,#6338,#6339);
#5515=AXIS2_PLACEMENT_3D('',#7735,#6343,#6344);
#5516=AXIS2_PLACEMENT_3D('',#7741,#6348,#6349);
#5517=AXIS2_PLACEMENT_3D('',#7744,#6352,#6353);
#5518=AXIS2_PLACEMENT_3D('',#7745,#6354,#6355);
#5519=AXIS2_PLACEMENT_3D('',#7746,#6356,#6357);
#5520=AXIS2_PLACEMENT_3D('',#7747,#6358,#6359);
#5521=AXIS2_PLACEMENT_3D('',#7748,#6360,#6361);
#5522=AXIS2_PLACEMENT_3D('',#7758,#6366,#6367);
#5523=AXIS2_PLACEMENT_3D('',#7764,#6371,#6372);
#5524=AXIS2_PLACEMENT_3D('',#7765,#6373,#6374);
#5525=AXIS2_PLACEMENT_3D('',#7772,#6378,#6379);
#5526=AXIS2_PLACEMENT_3D('',#7775,#6382,#6383);
#5527=AXIS2_PLACEMENT_3D('',#7776,#6384,#6385);
#5528=AXIS2_PLACEMENT_3D('',#7778,#6386,#6387);
#5529=AXIS2_PLACEMENT_3D('',#7779,#6388,#6389);
#5530=AXIS2_PLACEMENT_3D('',#7781,#6390,#6391);
#5531=AXIS2_PLACEMENT_3D('',#7782,#6392,#6393);
#5532=AXIS2_PLACEMENT_3D('',#7783,#6394,#6395);
#5533=AXIS2_PLACEMENT_3D('',#7784,#6396,#6397);
#5534=AXIS2_PLACEMENT_3D('',#7793,#6402,#6403);
#5535=AXIS2_PLACEMENT_3D('',#7799,#6407,#6408);
#5536=AXIS2_PLACEMENT_3D('',#7805,#6412,#6413);
#5537=AXIS2_PLACEMENT_3D('',#7811,#6417,#6418);
#5538=AXIS2_PLACEMENT_3D('',#7812,#6419,#6420);
#5539=AXIS2_PLACEMENT_3D('',#7813,#6421,#6422);
#5540=AXIS2_PLACEMENT_3D('',#7814,#6423,#6424);
#5541=AXIS2_PLACEMENT_3D('',#7815,#6425,#6426);
#5542=AXIS2_PLACEMENT_3D('',#7816,#6427,#6428);
#5543=AXIS2_PLACEMENT_3D('',#7817,#6429,#6430);
#5544=AXIS2_PLACEMENT_3D('',#7826,#6435,#6436);
#5545=AXIS2_PLACEMENT_3D('',#7832,#6440,#6441);
#5546=AXIS2_PLACEMENT_3D('',#7838,#6445,#6446);
#5547=AXIS2_PLACEMENT_3D('',#7844,#6450,#6451);
#5548=AXIS2_PLACEMENT_3D('',#7850,#6455,#6456);
#5549=AXIS2_PLACEMENT_3D('',#7856,#6460,#6461);
#5550=AXIS2_PLACEMENT_3D('',#7862,#6465,#6466);
#5551=AXIS2_PLACEMENT_3D('',#7868,#6470,#6471);
#5552=AXIS2_PLACEMENT_3D('',#7874,#6475,#6476);
#5553=AXIS2_PLACEMENT_3D('',#7880,#6480,#6481);
#5554=AXIS2_PLACEMENT_3D('',#7886,#6485,#6486);
#5555=AXIS2_PLACEMENT_3D('',#7892,#6490,#6491);
#5556=AXIS2_PLACEMENT_3D('',#7898,#6495,#6496);
#5557=AXIS2_PLACEMENT_3D('',#7904,#6500,#6501);
#5558=AXIS2_PLACEMENT_3D('',#7910,#6505,#6506);
#5559=AXIS2_PLACEMENT_3D('',#7916,#6510,#6511);
#5560=AXIS2_PLACEMENT_3D('',#7922,#6515,#6516);
#5561=AXIS2_PLACEMENT_3D('',#7928,#6520,#6521);
#5562=AXIS2_PLACEMENT_3D('',#7934,#6525,#6526);
#5563=AXIS2_PLACEMENT_3D('',#7940,#6530,#6531);
#5564=AXIS2_PLACEMENT_3D('',#7946,#6535,#6536);
#5565=AXIS2_PLACEMENT_3D('',#7952,#6540,#6541);
#5566=AXIS2_PLACEMENT_3D('',#7958,#6545,#6546);
#5567=AXIS2_PLACEMENT_3D('',#7959,#6547,#6548);
#5568=AXIS2_PLACEMENT_3D('',#7961,#6549,#6550);
#5569=AXIS2_PLACEMENT_3D('',#7963,#6551,#6552);
#5570=AXIS2_PLACEMENT_3D('',#7966,#6555,#6556);
#5571=AXIS2_PLACEMENT_3D('',#7967,#6557,#6558);
#5572=AXIS2_PLACEMENT_3D('',#7968,#6559,#6560);
#5573=AXIS2_PLACEMENT_3D('',#7969,#6561,#6562);
#5574=AXIS2_PLACEMENT_3D('',#7978,#6567,#6568);
#5575=AXIS2_PLACEMENT_3D('',#7984,#6572,#6573);
#5576=AXIS2_PLACEMENT_3D('',#7990,#6577,#6578);
#5577=AXIS2_PLACEMENT_3D('',#7996,#6582,#6583);
#5578=AXIS2_PLACEMENT_3D('',#8002,#6587,#6588);
#5579=AXIS2_PLACEMENT_3D('',#8003,#6589,#6590);
#5580=AXIS2_PLACEMENT_3D('',#8005,#6591,#6592);
#5581=AXIS2_PLACEMENT_3D('',#8007,#6593,#6594);
#5582=AXIS2_PLACEMENT_3D('',#8010,#6597,#6598);
#5583=AXIS2_PLACEMENT_3D('',#8011,#6599,#6600);
#5584=AXIS2_PLACEMENT_3D('',#8012,#6601,#6602);
#5585=AXIS2_PLACEMENT_3D('',#8013,#6603,#6604);
#5586=AXIS2_PLACEMENT_3D('',#8022,#6609,#6610);
#5587=AXIS2_PLACEMENT_3D('',#8028,#6614,#6615);
#5588=AXIS2_PLACEMENT_3D('',#8034,#6619,#6620);
#5589=AXIS2_PLACEMENT_3D('',#8037,#6623,#6624);
#5590=AXIS2_PLACEMENT_3D('',#8038,#6625,#6626);
#5591=AXIS2_PLACEMENT_3D('',#8039,#6627,#6628);
#5592=AXIS2_PLACEMENT_3D('',#8040,#6629,#6630);
#5593=AXIS2_PLACEMENT_3D('',#8049,#6635,#6636);
#5594=AXIS2_PLACEMENT_3D('',#8055,#6640,#6641);
#5595=AXIS2_PLACEMENT_3D('',#8061,#6645,#6646);
#5596=AXIS2_PLACEMENT_3D('',#8064,#6649,#6650);
#5597=AXIS2_PLACEMENT_3D('',#8065,#6651,#6652);
#5598=AXIS2_PLACEMENT_3D('',#8066,#6653,#6654);
#5599=AXIS2_PLACEMENT_3D('',#8067,#6655,#6656);
#5600=AXIS2_PLACEMENT_3D('',#8068,#6657,#6658);
#5601=AXIS2_PLACEMENT_3D('',#8073,#6660,#6661);
#5602=AXIS2_PLACEMENT_3D('',#8076,#6663,#6664);
#5603=AXIS2_PLACEMENT_3D('',#8082,#6668,#6669);
#5604=AXIS2_PLACEMENT_3D('',#8083,#6670,#6671);
#5605=AXIS2_PLACEMENT_3D('',#8087,#6673,#6674);
#5606=AXIS2_PLACEMENT_3D('',#8088,#6675,#6676);
#5607=AXIS2_PLACEMENT_3D('',#8094,#6680,#6681);
#5608=AXIS2_PLACEMENT_3D('',#8095,#6682,#6683);
#5609=AXIS2_PLACEMENT_3D('',#8099,#6685,#6686);
#5610=AXIS2_PLACEMENT_3D('',#8100,#6687,#6688);
#5611=AXIS2_PLACEMENT_3D('',#8106,#6692,#6693);
#5612=AXIS2_PLACEMENT_3D('',#8107,#6694,#6695);
#5613=AXIS2_PLACEMENT_3D('',#8111,#6697,#6698);
#5614=AXIS2_PLACEMENT_3D('',#8112,#6699,#6700);
#5615=AXIS2_PLACEMENT_3D('',#8113,#6701,#6702);
#5616=AXIS2_PLACEMENT_3D('',#8115,#6703,#6704);
#5617=AXIS2_PLACEMENT_3D('',#8117,#6705,#6706);
#5618=AXIS2_PLACEMENT_3D('',#8118,#6707,#6708);
#5619=AXIS2_PLACEMENT_3D('',#8120,#6709,#6710);
#5620=AXIS2_PLACEMENT_3D('',#8122,#6711,#6712);
#5621=AXIS2_PLACEMENT_3D('',#8123,#6713,#6714);
#5622=AXIS2_PLACEMENT_3D('',#8125,#6715,#6716);
#5623=AXIS2_PLACEMENT_3D('',#8127,#6717,#6718);
#5624=AXIS2_PLACEMENT_3D('',#8128,#6719,#6720);
#5625=AXIS2_PLACEMENT_3D('',#8130,#6721,#6722);
#5626=AXIS2_PLACEMENT_3D('',#8132,#6723,#6724);
#5627=AXIS2_PLACEMENT_3D('',#8135,#6727,#6728);
#5628=AXIS2_PLACEMENT_3D('',#8136,#6729,#6730);
#5629=AXIS2_PLACEMENT_3D('',#8137,#6731,#6732);
#5630=AXIS2_PLACEMENT_3D('',#8138,#6733,#6734);
#5631=AXIS2_PLACEMENT_3D('',#8147,#6739,#6740);
#5632=AXIS2_PLACEMENT_3D('',#8153,#6744,#6745);
#5633=AXIS2_PLACEMENT_3D('',#8159,#6749,#6750);
#5634=AXIS2_PLACEMENT_3D('',#8162,#6753,#6754);
#5635=AXIS2_PLACEMENT_3D('',#8163,#6755,#6756);
#5636=AXIS2_PLACEMENT_3D('',#8165,#6757,#6758);
#5637=AXIS2_PLACEMENT_3D('',#8167,#6759,#6760);
#5638=AXIS2_PLACEMENT_3D('',#8169,#6761,#6762);
#5639=AXIS2_PLACEMENT_3D('',#8171,#6763,#6764);
#5640=AXIS2_PLACEMENT_3D('',#8172,#6765,#6766);
#5641=AXIS2_PLACEMENT_3D('',#8174,#6767,#6768);
#5642=AXIS2_PLACEMENT_3D('',#8176,#6769,#6770);
#5643=AXIS2_PLACEMENT_3D('',#8178,#6771,#6772);
#5644=AXIS2_PLACEMENT_3D('',#8180,#6773,#6774);
#5645=AXIS2_PLACEMENT_3D('',#8181,#6775,#6776);
#5646=AXIS2_PLACEMENT_3D('',#8182,#6777,#6778);
#5647=AXIS2_PLACEMENT_3D('',#8183,#6779,#6780);
#5648=AXIS2_PLACEMENT_3D('',#8184,#6781,#6782);
#5649=AXIS2_PLACEMENT_3D('',#8185,#6783,#6784);
#5650=AXIS2_PLACEMENT_3D('',#8194,#6789,#6790);
#5651=AXIS2_PLACEMENT_3D('',#8200,#6794,#6795);
#5652=AXIS2_PLACEMENT_3D('',#8206,#6799,#6800);
#5653=AXIS2_PLACEMENT_3D('',#8209,#6803,#6804);
#5654=AXIS2_PLACEMENT_3D('',#8210,#6805,#6806);
#5655=AXIS2_PLACEMENT_3D('',#8212,#6807,#6808);
#5656=AXIS2_PLACEMENT_3D('',#8214,#6809,#6810);
#5657=AXIS2_PLACEMENT_3D('',#8216,#6811,#6812);
#5658=AXIS2_PLACEMENT_3D('',#8217,#6813,#6814);
#5659=AXIS2_PLACEMENT_3D('',#8219,#6815,#6816);
#5660=AXIS2_PLACEMENT_3D('',#8221,#6817,#6818);
#5661=AXIS2_PLACEMENT_3D('',#8223,#6819,#6820);
#5662=AXIS2_PLACEMENT_3D('',#8224,#6821,#6822);
#5663=AXIS2_PLACEMENT_3D('',#8225,#6823,#6824);
#5664=AXIS2_PLACEMENT_3D('',#8226,#6825,#6826);
#5665=AXIS2_PLACEMENT_3D('',#8227,#6827,#6828);
#5666=AXIS2_PLACEMENT_3D('',#8236,#6833,#6834);
#5667=AXIS2_PLACEMENT_3D('',#8242,#6838,#6839);
#5668=AXIS2_PLACEMENT_3D('',#8248,#6843,#6844);
#5669=AXIS2_PLACEMENT_3D('',#8251,#6847,#6848);
#5670=AXIS2_PLACEMENT_3D('',#8252,#6849,#6850);
#5671=AXIS2_PLACEMENT_3D('',#8253,#6851,#6852);
#5672=AXIS2_PLACEMENT_3D('',#8254,#6853,#6854);
#5673=AXIS2_PLACEMENT_3D('',#8271,#6863,#6864);
#5674=AXIS2_PLACEMENT_3D('',#8277,#6868,#6869);
#5675=AXIS2_PLACEMENT_3D('',#8281,#6872,#6873);
#5676=AXIS2_PLACEMENT_3D('',#8285,#6876,#6877);
#5677=AXIS2_PLACEMENT_3D('',#8287,#6879,#6880);
#5678=AXIS2_PLACEMENT_3D('',#8288,#6881,#6882);
#5679=AXIS2_PLACEMENT_3D('',#8294,#6886,#6887);
#5680=AXIS2_PLACEMENT_3D('',#8298,#6890,#6891);
#5681=AXIS2_PLACEMENT_3D('',#8302,#6894,#6895);
#5682=AXIS2_PLACEMENT_3D('',#8304,#6897,#6898);
#5683=AXIS2_PLACEMENT_3D('',#8305,#6899,#6900);
#5684=AXIS2_PLACEMENT_3D('',#8306,#6901,#6902);
#5685=AXIS2_PLACEMENT_3D('',#8315,#6907,#6908);
#5686=AXIS2_PLACEMENT_3D('',#8321,#6912,#6913);
#5687=AXIS2_PLACEMENT_3D('',#8327,#6917,#6918);
#5688=AXIS2_PLACEMENT_3D('',#8330,#6921,#6922);
#5689=AXIS2_PLACEMENT_3D('',#8331,#6923,#6924);
#5690=AXIS2_PLACEMENT_3D('',#8333,#6925,#6926);
#5691=AXIS2_PLACEMENT_3D('',#8335,#6927,#6928);
#5692=AXIS2_PLACEMENT_3D('',#8337,#6929,#6930);
#5693=AXIS2_PLACEMENT_3D('',#8338,#6931,#6932);
#5694=AXIS2_PLACEMENT_3D('',#8340,#6933,#6934);
#5695=AXIS2_PLACEMENT_3D('',#8342,#6935,#6936);
#5696=AXIS2_PLACEMENT_3D('',#8344,#6937,#6938);
#5697=AXIS2_PLACEMENT_3D('',#8345,#6939,#6940);
#5698=AXIS2_PLACEMENT_3D('',#8346,#6941,#6942);
#5699=AXIS2_PLACEMENT_3D('',#8347,#6943,#6944);
#5700=AXIS2_PLACEMENT_3D('',#8348,#6945,#6946);
#5701=AXIS2_PLACEMENT_3D('',#8357,#6951,#6952);
#5702=AXIS2_PLACEMENT_3D('',#8363,#6956,#6957);
#5703=AXIS2_PLACEMENT_3D('',#8369,#6961,#6962);
#5704=AXIS2_PLACEMENT_3D('',#8372,#6965,#6966);
#5705=AXIS2_PLACEMENT_3D('',#8373,#6967,#6968);
#5706=AXIS2_PLACEMENT_3D('',#8375,#6969,#6970);
#5707=AXIS2_PLACEMENT_3D('',#8376,#6971,#6972);
#5708=AXIS2_PLACEMENT_3D('',#8377,#6973,#6974);
#5709=AXIS2_PLACEMENT_3D('',#8379,#6975,#6976);
#5710=AXIS2_PLACEMENT_3D('',#8380,#6977,#6978);
#5711=AXIS2_PLACEMENT_3D('',#8381,#6979,#6980);
#5712=AXIS2_PLACEMENT_3D('',#8390,#6985,#6986);
#5713=AXIS2_PLACEMENT_3D('',#8396,#6990,#6991);
#5714=AXIS2_PLACEMENT_3D('',#8402,#6995,#6996);
#5715=AXIS2_PLACEMENT_3D('',#8405,#6999,#7000);
#5716=AXIS2_PLACEMENT_3D('',#8406,#7001,#7002);
#5717=AXIS2_PLACEMENT_3D('',#8408,#7003,#7004);
#5718=AXIS2_PLACEMENT_3D('',#8409,#7005,#7006);
#5719=AXIS2_PLACEMENT_3D('',#8411,#7007,#7008);
#5720=AXIS2_PLACEMENT_3D('',#8412,#7009,#7010);
#5721=AXIS2_PLACEMENT_3D('',#8414,#7011,#7012);
#5722=AXIS2_PLACEMENT_3D('',#8415,#7013,#7014);
#5723=AXIS2_PLACEMENT_3D('',#8417,#7015,#7016);
#5724=AXIS2_PLACEMENT_3D('',#8418,#7017,#7018);
#5725=AXIS2_PLACEMENT_3D('',#8419,#7019,#7020);
#5726=AXIS2_PLACEMENT_3D('',#8428,#7025,#7026);
#5727=AXIS2_PLACEMENT_3D('',#8434,#7030,#7031);
#5728=AXIS2_PLACEMENT_3D('',#8440,#7035,#7036);
#5729=AXIS2_PLACEMENT_3D('',#8449,#7041,#7042);
#5730=AXIS2_PLACEMENT_3D('',#8455,#7046,#7047);
#5731=AXIS2_PLACEMENT_3D('',#8461,#7051,#7052);
#5732=AXIS2_PLACEMENT_3D('',#8464,#7055,#7056);
#5733=AXIS2_PLACEMENT_3D('',#8467,#7059,#7060);
#5734=AXIS2_PLACEMENT_3D('',#8468,#7061,#7062);
#5735=AXIS2_PLACEMENT_3D('',#8469,#7063,#7064);
#5736=AXIS2_PLACEMENT_3D('',#8470,#7065,#7066);
#5737=AXIS2_PLACEMENT_3D('',#8479,#7071,#7072);
#5738=AXIS2_PLACEMENT_3D('',#8485,#7076,#7077);
#5739=AXIS2_PLACEMENT_3D('',#8491,#7081,#7082);
#5740=AXIS2_PLACEMENT_3D('',#8497,#7086,#7087);
#5741=AXIS2_PLACEMENT_3D('',#8503,#7091,#7092);
#5742=AXIS2_PLACEMENT_3D('',#8506,#7095,#7096);
#5743=AXIS2_PLACEMENT_3D('',#8515,#7101,#7102);
#5744=AXIS2_PLACEMENT_3D('',#8524,#7107,#7108);
#5745=AXIS2_PLACEMENT_3D('',#8527,#7111,#7112);
#5746=AXIS2_PLACEMENT_3D('',#8529,#7114,#7115);
#5747=AXIS2_PLACEMENT_3D('',#8531,#7117,#7118);
#5748=AXIS2_PLACEMENT_3D('',#8532,#7119,#7120);
#5749=AXIS2_PLACEMENT_3D('',#8533,#7121,#7122);
#5750=AXIS2_PLACEMENT_3D('',#8534,#7123,#7124);
#5751=AXIS2_PLACEMENT_3D('',#8539,#7126,#7127);
#5752=AXIS2_PLACEMENT_3D('',#8542,#7129,#7130);
#5753=AXIS2_PLACEMENT_3D('',#8543,#7131,#7132);
#5754=AXIS2_PLACEMENT_3D('',#8544,#7133,#7134);
#5755=AXIS2_PLACEMENT_3D('',#8545,#7135,#7136);
#5756=AXIS2_PLACEMENT_3D('',#8546,#7137,#7138);
#5757=DIRECTION('',(0.,0.,1.));
#5758=DIRECTION('',(1.,0.,0.));
#5759=DIRECTION('',(-1.,0.,0.));
#5760=DIRECTION('',(0.,0.,1.));
#5761=DIRECTION('',(0.,1.,0.));
#5762=DIRECTION('',(0.,0.,-1.));
#5763=DIRECTION('',(0.,1.,0.));
#5764=DIRECTION('',(0.,0.,-1.));
#5765=DIRECTION('',(0.,1.,0.));
#5766=DIRECTION('',(0.,0.,1.));
#5767=DIRECTION('',(1.,0.,0.));
#5768=DIRECTION('',(0.,0.,-1.));
#5769=DIRECTION('',(1.,0.,0.));
#5770=DIRECTION('',(-1.,0.,0.));
#5771=DIRECTION('',(0.,0.,1.));
#5772=DIRECTION('',(0.,1.,0.));
#5773=DIRECTION('',(0.,0.,-1.));
#5774=DIRECTION('',(0.,1.,0.));
#5775=DIRECTION('',(0.,1.,0.));
#5776=DIRECTION('',(0.,0.,1.));
#5777=DIRECTION('',(1.,0.,0.));
#5778=DIRECTION('',(1.,0.,0.));
#5779=DIRECTION('',(0.,0.,1.));
#5780=DIRECTION('',(1.,0.,0.));
#5781=DIRECTION('',(0.,0.,1.));
#5782=DIRECTION('',(1.,0.,0.));
#5783=DIRECTION('',(0.,0.,1.));
#5784=DIRECTION('',(1.,0.,0.));
#5785=DIRECTION('',(0.,0.,-1.));
#5786=DIRECTION('',(-1.,0.,0.));
#5787=DIRECTION('',(0.,0.,1.));
#5788=DIRECTION('',(1.,0.,0.));
#5789=DIRECTION('',(0.,0.,1.));
#5790=DIRECTION('',(1.,0.,0.));
#5791=DIRECTION('',(0.,0.,1.));
#5792=DIRECTION('',(1.,0.,0.));
#5793=DIRECTION('',(0.,-1.,0.));
#5794=DIRECTION('',(0.,0.,-1.));
#5795=DIRECTION('',(-1.,0.,0.));
#5796=DIRECTION('',(0.,0.,-1.));
#5797=DIRECTION('',(-1.,0.,0.));
#5798=DIRECTION('',(0.,0.,-1.));
#5799=DIRECTION('',(0.,0.,-1.));
#5800=DIRECTION('',(-1.,0.,0.));
#5801=DIRECTION('',(0.,0.,1.));
#5802=DIRECTION('',(1.,0.,0.));
#5803=DIRECTION('',(0.,0.,-1.));
#5804=DIRECTION('',(0.,0.,1.));
#5805=DIRECTION('',(1.,0.,0.));
#5806=DIRECTION('',(0.,1.,0.));
#5807=DIRECTION('',(0.,0.,1.));
#5808=DIRECTION('',(1.,0.,0.));
#5809=DIRECTION('',(0.,0.,-1.));
#5810=DIRECTION('',(1.,0.,0.));
#5811=DIRECTION('',(0.,0.,-1.));
#5812=DIRECTION('',(-1.,0.,0.));
#5813=DIRECTION('',(0.,0.,1.));
#5814=DIRECTION('',(1.,0.,0.));
#5815=DIRECTION('',(0.,0.,1.));
#5816=DIRECTION('',(1.,0.,0.));
#5817=DIRECTION('',(0.,0.,1.));
#5818=DIRECTION('',(1.,0.,0.));
#5819=DIRECTION('',(0.,0.,1.));
#5820=DIRECTION('',(1.,0.,0.));
#5821=DIRECTION('',(0.,0.,1.));
#5822=DIRECTION('',(1.,0.,0.));
#5823=DIRECTION('',(0.,0.,1.));
#5824=DIRECTION('',(1.,0.,0.));
#5825=DIRECTION('',(0.,0.,-1.));
#5826=DIRECTION('',(-1.,0.,0.));
#5827=DIRECTION('',(0.,0.,1.));
#5828=DIRECTION('',(1.,0.,0.));
#5829=DIRECTION('',(-1.,0.,0.));
#5830=DIRECTION('',(0.,0.,1.));
#5831=DIRECTION('',(0.,1.,0.));
#5832=DIRECTION('',(0.,0.,-1.));
#5833=DIRECTION('',(0.,1.,0.));
#5834=DIRECTION('',(0.,0.,-1.));
#5835=DIRECTION('',(0.,1.,0.));
#5836=DIRECTION('',(0.,0.,1.));
#5837=DIRECTION('',(1.,0.,0.));
#5838=DIRECTION('',(0.,0.,-1.));
#5839=DIRECTION('',(1.,0.,0.));
#5840=DIRECTION('',(0.,0.,-1.));
#5841=DIRECTION('',(1.,0.,0.));
#5842=DIRECTION('',(-1.,0.,0.));
#5843=DIRECTION('',(0.,0.,1.));
#5844=DIRECTION('',(0.,1.,0.));
#5845=DIRECTION('',(0.,0.,-1.));
#5846=DIRECTION('',(0.,1.,0.));
#5847=DIRECTION('',(0.,1.,0.));
#5848=DIRECTION('',(0.,0.,1.));
#5849=DIRECTION('',(1.,0.,0.));
#5850=DIRECTION('',(1.,0.,0.));
#5851=DIRECTION('',(0.,0.,-1.));
#5852=DIRECTION('',(1.,0.,0.));
#5853=DIRECTION('',(0.,0.,1.));
#5854=DIRECTION('',(1.,0.,0.));
#5855=DIRECTION('',(0.,0.,1.));
#5856=DIRECTION('',(1.,0.,0.));
#5857=DIRECTION('',(0.,1.,0.));
#5858=DIRECTION('',(0.,0.,1.));
#5859=DIRECTION('',(1.,0.,0.));
#5860=DIRECTION('',(0.,0.,1.));
#5861=DIRECTION('',(1.,0.,0.));
#5862=DIRECTION('',(-1.,0.,0.));
#5863=DIRECTION('',(0.,0.,1.));
#5864=DIRECTION('',(0.,1.,0.));
#5865=DIRECTION('',(0.,0.,1.));
#5866=DIRECTION('',(1.,0.,0.));
#5867=DIRECTION('',(0.,0.,-1.));
#5868=DIRECTION('',(-1.,0.,0.));
#5869=DIRECTION('',(0.,0.,1.));
#5870=DIRECTION('',(1.,0.,0.));
#5871=DIRECTION('',(0.,0.,-1.));
#5872=DIRECTION('',(-1.,0.,0.));
#5873=DIRECTION('',(0.,0.,1.));
#5874=DIRECTION('',(1.,0.,0.));
#5875=DIRECTION('',(0.,0.,1.));
#5876=DIRECTION('',(1.,0.,0.));
#5877=DIRECTION('',(0.,0.,-1.));
#5878=DIRECTION('',(-1.,0.,0.));
#5879=DIRECTION('',(0.,0.,1.));
#5880=DIRECTION('',(1.,0.,0.));
#5881=DIRECTION('',(0.,0.,1.));
#5882=DIRECTION('',(1.,0.,0.));
#5883=DIRECTION('',(0.,0.,1.));
#5884=DIRECTION('',(1.,0.,0.));
#5885=DIRECTION('',(0.,0.,1.));
#5886=DIRECTION('',(1.,0.,0.));
#5887=DIRECTION('',(0.,0.,1.));
#5888=DIRECTION('',(1.,0.,0.));
#5889=DIRECTION('',(0.,0.,-1.));
#5890=DIRECTION('',(-1.,0.,0.));
#5891=DIRECTION('',(0.,0.,1.));
#5892=DIRECTION('',(1.,0.,0.));
#5893=DIRECTION('',(0.,0.,-1.));
#5894=DIRECTION('',(0.,0.,1.));
#5895=DIRECTION('',(1.,0.,0.));
#5896=DIRECTION('',(0.,0.,-1.));
#5897=DIRECTION('',(0.,0.,-1.));
#5898=DIRECTION('',(-1.,0.,0.));
#5899=DIRECTION('',(0.,0.,1.));
#5900=DIRECTION('',(1.,0.,0.));
#5901=DIRECTION('',(0.,0.,1.));
#5902=DIRECTION('',(1.,0.,0.));
#5903=DIRECTION('',(0.,0.,1.));
#5904=DIRECTION('',(1.,0.,0.));
#5905=DIRECTION('',(0.,0.,1.));
#5906=DIRECTION('',(1.,0.,0.));
#5907=DIRECTION('',(0.,0.,1.));
#5908=DIRECTION('',(1.,0.,0.));
#5909=DIRECTION('',(-1.,0.,0.));
#5910=DIRECTION('',(0.,0.,1.));
#5911=DIRECTION('',(0.,1.,0.));
#5912=DIRECTION('',(0.,0.,-1.));
#5913=DIRECTION('',(0.,1.,0.));
#5914=DIRECTION('',(0.,0.,-1.));
#5915=DIRECTION('',(0.,1.,0.));
#5916=DIRECTION('',(0.,0.,1.));
#5917=DIRECTION('',(1.,0.,0.));
#5918=DIRECTION('',(0.,0.,-1.));
#5919=DIRECTION('',(1.,0.,0.));
#5920=DIRECTION('',(-1.,0.,0.));
#5921=DIRECTION('',(0.,0.,1.));
#5922=DIRECTION('',(0.,1.,0.));
#5923=DIRECTION('',(0.,0.,-1.));
#5924=DIRECTION('',(0.,1.,0.));
#5925=DIRECTION('',(0.,1.,0.));
#5926=DIRECTION('',(0.,0.,1.));
#5927=DIRECTION('',(1.,0.,0.));
#5928=DIRECTION('',(1.,0.,0.));
#5929=DIRECTION('',(0.,0.,1.));
#5930=DIRECTION('',(1.,0.,0.));
#5931=DIRECTION('',(0.,0.,1.));
#5932=DIRECTION('',(1.,0.,0.));
#5933=DIRECTION('',(0.,0.,1.));
#5934=DIRECTION('',(1.,0.,0.));
#5935=DIRECTION('',(0.,0.,1.));
#5936=DIRECTION('',(1.,0.,0.));
#5937=DIRECTION('',(0.,0.,-1.));
#5938=DIRECTION('',(-1.,0.,0.));
#5939=DIRECTION('',(0.,0.,1.));
#5940=DIRECTION('',(1.,0.,0.));
#5941=DIRECTION('',(0.,0.,-1.));
#5942=DIRECTION('',(-1.,0.,0.));
#5943=DIRECTION('',(0.,0.,1.));
#5944=DIRECTION('',(1.,0.,0.));
#5945=DIRECTION('',(0.,0.,-1.));
#5946=DIRECTION('',(0.,0.,1.));
#5947=DIRECTION('',(1.,0.,0.));
#5948=DIRECTION('',(0.,0.,-1.));
#5949=DIRECTION('',(0.,0.,-1.));
#5950=DIRECTION('',(-1.,0.,0.));
#5951=DIRECTION('',(0.,0.,1.));
#5952=DIRECTION('',(1.,0.,0.));
#5953=DIRECTION('',(0.,0.,1.));
#5954=DIRECTION('',(1.,0.,0.));
#5955=DIRECTION('',(0.,0.,1.));
#5956=DIRECTION('',(1.,0.,0.));
#5957=DIRECTION('',(0.,0.,1.));
#5958=DIRECTION('',(1.,0.,0.));
#5959=DIRECTION('',(0.,0.,1.));
#5960=DIRECTION('',(1.,0.,0.));
#5961=DIRECTION('',(-1.,0.,0.));
#5962=DIRECTION('',(0.,0.,1.));
#5963=DIRECTION('',(0.,1.,0.));
#5964=DIRECTION('',(0.,0.,-1.));
#5965=DIRECTION('',(0.,1.,0.));
#5966=DIRECTION('',(0.,0.,-1.));
#5967=DIRECTION('',(0.,1.,0.));
#5968=DIRECTION('',(0.,0.,1.));
#5969=DIRECTION('',(1.,0.,0.));
#5970=DIRECTION('',(0.,0.,-1.));
#5971=DIRECTION('',(1.,0.,0.));
#5972=DIRECTION('',(-1.,0.,0.));
#5973=DIRECTION('',(0.,0.,1.));
#5974=DIRECTION('',(0.,1.,0.));
#5975=DIRECTION('',(0.,0.,-1.));
#5976=DIRECTION('',(0.,1.,0.));
#5977=DIRECTION('',(0.,1.,0.));
#5978=DIRECTION('',(0.,0.,1.));
#5979=DIRECTION('',(1.,0.,0.));
#5980=DIRECTION('',(1.,0.,0.));
#5981=DIRECTION('',(0.,0.,1.));
#5982=DIRECTION('',(1.,0.,0.));
#5983=DIRECTION('',(0.,0.,1.));
#5984=DIRECTION('',(1.,0.,0.));
#5985=DIRECTION('',(0.,0.,1.));
#5986=DIRECTION('',(1.,0.,0.));
#5987=DIRECTION('',(-1.,0.,0.));
#5988=DIRECTION('',(0.,0.,1.));
#5989=DIRECTION('',(0.,1.,0.));
#5990=DIRECTION('',(0.,0.,-1.));
#5991=DIRECTION('',(0.,1.,0.));
#5992=DIRECTION('',(0.,0.,-1.));
#5993=DIRECTION('',(0.,1.,0.));
#5994=DIRECTION('',(0.,0.,1.));
#5995=DIRECTION('',(0.,0.,1.));
#5996=DIRECTION('',(1.,0.,0.));
#5997=DIRECTION('',(0.,0.,1.));
#5998=DIRECTION('',(1.,0.,0.));
#5999=DIRECTION('',(1.,0.,0.));
#6000=DIRECTION('',(0.,0.,-1.));
#6001=DIRECTION('',(1.,0.,0.));
#6002=DIRECTION('',(-1.,0.,0.));
#6003=DIRECTION('',(0.,0.,1.));
#6004=DIRECTION('',(0.,1.,0.));
#6005=DIRECTION('',(0.,0.,-1.));
#6006=DIRECTION('',(0.,1.,0.));
#6007=DIRECTION('',(0.,1.,0.));
#6008=DIRECTION('',(0.,0.,1.));
#6009=DIRECTION('',(1.,0.,0.));
#6010=DIRECTION('',(1.,0.,0.));
#6011=DIRECTION('',(0.,0.,1.));
#6012=DIRECTION('',(1.,0.,0.));
#6013=DIRECTION('',(0.,0.,1.));
#6014=DIRECTION('',(1.,0.,0.));
#6015=DIRECTION('',(0.,0.,1.));
#6016=DIRECTION('',(1.,0.,0.));
#6017=DIRECTION('',(0.,0.,1.));
#6018=DIRECTION('',(1.,0.,0.));
#6019=DIRECTION('',(-1.,0.,0.));
#6020=DIRECTION('',(0.,0.,1.));
#6021=DIRECTION('',(0.,1.,0.));
#6022=DIRECTION('',(0.,0.,-1.));
#6023=DIRECTION('',(0.,1.,0.));
#6024=DIRECTION('',(-1.,0.,0.));
#6025=DIRECTION('',(0.,0.,1.));
#6026=DIRECTION('',(0.,1.,0.));
#6027=DIRECTION('',(0.,0.,-1.));
#6028=DIRECTION('',(0.,1.,0.));
#6029=DIRECTION('',(0.,0.,1.));
#6030=DIRECTION('',(1.,0.,0.));
#6031=DIRECTION('',(0.,0.,1.));
#6032=DIRECTION('',(1.,0.,0.));
#6033=DIRECTION('',(1.,0.,0.));
#6034=DIRECTION('',(0.,0.,1.));
#6035=DIRECTION('',(1.,0.,0.));
#6036=DIRECTION('',(0.,0.,1.));
#6037=DIRECTION('',(1.,0.,0.));
#6038=DIRECTION('',(1.,0.,0.));
#6039=DIRECTION('',(0.,0.,-1.));
#6040=DIRECTION('',(-1.,0.,0.));
#6041=DIRECTION('',(0.,0.,-1.));
#6042=DIRECTION('',(-1.,0.,0.));
#6043=DIRECTION('',(0.,1.,0.));
#6044=DIRECTION('',(0.,0.,1.));
#6045=DIRECTION('',(0.,0.,1.));
#6046=DIRECTION('',(1.,0.,0.));
#6047=DIRECTION('',(-1.,0.,0.));
#6048=DIRECTION('',(0.,0.,1.));
#6049=DIRECTION('',(0.,0.,-1.));
#6050=DIRECTION('',(0.,-1.,0.));
#6051=DIRECTION('',(0.,0.,-1.));
#6052=DIRECTION('',(0.,-1.,0.));
#6053=DIRECTION('',(0.,0.,-1.));
#6054=DIRECTION('',(-1.,0.,0.));
#6055=DIRECTION('',(1.,0.,0.));
#6056=DIRECTION('',(1.,0.,0.));
#6057=DIRECTION('',(0.,-1.,0.));
#6058=DIRECTION('',(1.,0.,0.));
#6059=DIRECTION('',(0.,0.,-1.));
#6060=DIRECTION('',(0.,0.,1.));
#6061=DIRECTION('',(0.,0.,1.));
#6062=DIRECTION('',(0.,-1.,0.));
#6063=DIRECTION('',(0.,0.,1.));
#6064=DIRECTION('',(1.,0.,0.));
#6065=DIRECTION('',(-1.,0.,0.));
#6066=DIRECTION('',(0.,-1.,0.));
#6067=DIRECTION('',(-1.,0.,0.));
#6068=DIRECTION('',(1.,0.,0.));
#6069=DIRECTION('',(0.,0.,-1.));
#6070=DIRECTION('',(0.,0.,1.));
#6071=DIRECTION('',(0.,-1.,0.));
#6072=DIRECTION('',(0.,0.,1.));
#6073=DIRECTION('',(0.,-1.,0.));
#6074=DIRECTION('',(0.,0.,1.));
#6075=DIRECTION('',(1.,0.,0.));
#6076=DIRECTION('',(-1.,0.,0.));
#6077=DIRECTION('',(-1.,0.,0.));
#6078=DIRECTION('',(0.,-1.,0.));
#6079=DIRECTION('',(1.,0.,0.));
#6080=DIRECTION('',(0.,-1.,0.));
#6081=DIRECTION('',(0.,0.,-1.));
#6082=DIRECTION('',(0.,-1.,0.));
#6083=DIRECTION('',(1.,0.,0.));
#6084=DIRECTION('',(0.,-1.,0.));
#6085=DIRECTION('',(0.,0.,-1.));
#6086=DIRECTION('',(0.,1.,0.));
#6087=DIRECTION('',(0.,0.,1.));
#6088=DIRECTION('',(0.,0.,1.));
#6089=DIRECTION('',(1.,0.,0.));
#6090=DIRECTION('',(0.,1.,0.));
#6091=DIRECTION('',(0.,0.,1.));
#6092=DIRECTION('',(1.,0.,0.));
#6093=DIRECTION('',(0.,0.,-1.));
#6094=DIRECTION('',(1.,0.,0.));
#6095=DIRECTION('',(0.,0.,-1.));
#6096=DIRECTION('',(-1.,0.,0.));
#6097=DIRECTION('',(0.,0.,1.));
#6098=DIRECTION('',(0.,1.,0.));
#6099=DIRECTION('',(0.,0.,-1.));
#6100=DIRECTION('',(0.,1.,0.));
#6101=DIRECTION('',(0.,1.,0.));
#6102=DIRECTION('',(0.,0.,1.));
#6103=DIRECTION('',(1.,0.,0.));
#6104=DIRECTION('',(0.,0.,-1.));
#6105=DIRECTION('',(1.,0.,0.));
#6106=DIRECTION('',(-1.,0.,0.));
#6107=DIRECTION('',(0.,0.,1.));
#6108=DIRECTION('',(0.,1.,0.));
#6109=DIRECTION('',(0.,0.,-1.));
#6110=DIRECTION('',(0.,1.,0.));
#6111=DIRECTION('',(0.,1.,0.));
#6112=DIRECTION('',(0.,0.,1.));
#6113=DIRECTION('',(1.,0.,0.));
#6114=DIRECTION('',(0.,0.,-1.));
#6115=DIRECTION('',(1.,0.,0.));
#6116=DIRECTION('',(-1.,0.,0.));
#6117=DIRECTION('',(0.,0.,1.));
#6118=DIRECTION('',(0.,1.,0.));
#6119=DIRECTION('',(0.,1.,0.));
#6120=DIRECTION('',(0.,0.,1.));
#6121=DIRECTION('',(1.,0.,0.));
#6122=DIRECTION('',(0.,0.,1.));
#6123=DIRECTION('',(1.,0.,0.));
#6124=DIRECTION('',(0.,0.,1.));
#6125=DIRECTION('',(1.,0.,0.));
#6126=DIRECTION('',(0.,0.,-1.));
#6127=DIRECTION('',(-1.,0.,0.));
#6128=DIRECTION('',(0.,0.,-1.));
#6129=DIRECTION('',(-1.,0.,0.));
#6130=DIRECTION('',(0.,0.,-1.));
#6131=DIRECTION('',(-1.,0.,0.));
#6132=DIRECTION('',(0.,0.,-1.));
#6133=DIRECTION('',(-1.,0.,0.));
#6134=DIRECTION('',(0.,0.,1.));
#6135=DIRECTION('',(1.,0.,0.));
#6136=DIRECTION('',(0.,0.,-1.));
#6137=DIRECTION('',(-1.,0.,0.));
#6138=DIRECTION('',(0.,0.,-1.));
#6139=DIRECTION('',(-1.,0.,0.));
#6140=DIRECTION('',(0.,0.,-1.));
#6141=DIRECTION('',(-1.,0.,0.));
#6142=DIRECTION('',(0.,0.,1.));
#6143=DIRECTION('',(1.,0.,0.));
#6144=DIRECTION('',(0.,0.,1.));
#6145=DIRECTION('',(1.,0.,0.));
#6146=DIRECTION('',(-1.,0.,0.));
#6147=DIRECTION('',(0.,0.,1.));
#6148=DIRECTION('',(0.,1.,0.));
#6149=DIRECTION('',(0.,0.,-1.));
#6150=DIRECTION('',(0.,1.,0.));
#6151=DIRECTION('',(0.,0.,-1.));
#6152=DIRECTION('',(0.,1.,0.));
#6153=DIRECTION('',(0.,0.,1.));
#6154=DIRECTION('',(1.,0.,0.));
#6155=DIRECTION('',(0.,0.,-1.));
#6156=DIRECTION('',(1.,0.,0.));
#6157=DIRECTION('',(-1.,0.,0.));
#6158=DIRECTION('',(0.,0.,1.));
#6159=DIRECTION('',(0.,1.,0.));
#6160=DIRECTION('',(0.,0.,-1.));
#6161=DIRECTION('',(0.,1.,0.));
#6162=DIRECTION('',(0.,1.,0.));
#6163=DIRECTION('',(0.,0.,1.));
#6164=DIRECTION('',(1.,0.,0.));
#6165=DIRECTION('',(0.,0.,-1.));
#6166=DIRECTION('',(1.,0.,0.));
#6167=DIRECTION('',(-1.,0.,0.));
#6168=DIRECTION('',(0.,0.,1.));
#6169=DIRECTION('',(0.,1.,0.));
#6170=DIRECTION('',(0.,0.,-1.));
#6171=DIRECTION('',(0.,1.,0.));
#6172=DIRECTION('',(0.,1.,0.));
#6173=DIRECTION('',(0.,0.,1.));
#6174=DIRECTION('',(1.,0.,0.));
#6175=DIRECTION('',(1.,0.,0.));
#6176=DIRECTION('',(0.,0.,1.));
#6177=DIRECTION('',(1.,0.,0.));
#6178=DIRECTION('',(0.,0.,1.));
#6179=DIRECTION('',(1.,0.,0.));
#6180=DIRECTION('',(0.,0.,1.));
#6181=DIRECTION('',(1.,0.,0.));
#6182=DIRECTION('',(0.,0.,1.));
#6183=DIRECTION('',(1.,0.,0.));
#6184=DIRECTION('',(0.,0.,1.));
#6185=DIRECTION('',(1.,0.,0.));
#6186=DIRECTION('',(0.5,-0.866025403784439,0.));
#6187=DIRECTION('',(-0.5,-0.866025403784439,0.));
#6188=DIRECTION('',(-1.,0.,0.));
#6189=DIRECTION('',(-0.5,0.866025403784439,0.));
#6190=DIRECTION('',(0.5,0.866025403784439,0.));
#6191=DIRECTION('',(1.,0.,0.));
#6192=DIRECTION('',(0.,0.,-1.));
#6193=DIRECTION('',(-1.,0.,0.));
#6194=DIRECTION('',(0.,0.,1.));
#6195=DIRECTION('',(1.,0.,0.));
#6196=DIRECTION('',(0.,0.,1.));
#6197=DIRECTION('',(1.,0.,0.));
#6198=DIRECTION('',(0.,0.,1.));
#6199=DIRECTION('',(1.,0.,0.));
#6200=DIRECTION('',(0.,0.,-1.));
#6201=DIRECTION('',(-1.,0.,0.));
#6202=DIRECTION('',(0.,0.,1.));
#6203=DIRECTION('',(1.,0.,0.));
#6204=DIRECTION('',(-0.866025403784439,0.5,0.));
#6205=DIRECTION('',(-0.5,-0.866025403784439,0.));
#6206=DIRECTION('',(0.,0.,-1.));
#6207=DIRECTION('',(0.5,0.866025403784439,0.));
#6208=DIRECTION('',(0.,0.,-1.));
#6209=DIRECTION('',(-0.866025403784439,-0.5,0.));
#6210=DIRECTION('',(0.5,-0.866025403784439,0.));
#6211=DIRECTION('',(0.,0.,-1.));
#6212=DIRECTION('',(-0.5,0.866025403784439,0.));
#6213=DIRECTION('',(0.,-1.,0.));
#6214=DIRECTION('',(0.,0.,-1.));
#6215=DIRECTION('',(0.,0.,-1.));
#6216=DIRECTION('',(-1.,0.,0.));
#6217=DIRECTION('',(0.866025403784439,-0.5,0.));
#6218=DIRECTION('',(0.5,0.866025403784439,0.));
#6219=DIRECTION('',(0.,0.,-1.));
#6220=DIRECTION('',(-0.5,-0.866025403784439,0.));
#6221=DIRECTION('',(0.866025403784439,0.5,0.));
#6222=DIRECTION('',(-0.5,0.866025403784439,0.));
#6223=DIRECTION('',(0.,0.,-1.));
#6224=DIRECTION('',(0.5,-0.866025403784439,0.));
#6225=DIRECTION('',(0.,1.,0.));
#6226=DIRECTION('',(0.,0.,1.));
#6227=DIRECTION('',(1.,0.,0.));
#6228=DIRECTION('',(0.,0.,1.));
#6229=DIRECTION('',(1.,0.,0.));
#6230=DIRECTION('',(0.,0.,1.));
#6231=DIRECTION('',(1.,0.,0.));
#6232=DIRECTION('',(-0.673484179492591,0.739201636884816,0.));
#6233=DIRECTION('',(-0.739201636884816,-0.673484179492591,0.));
#6234=DIRECTION('',(0.739201636884816,0.673484179492591,0.));
#6235=DIRECTION('',(0.,0.,-1.));
#6236=DIRECTION('',(0.739201636884816,0.673484179492591,0.));
#6237=DIRECTION('',(0.,0.,-1.));
#6238=DIRECTION('',(-0.673484179492591,-0.739201636884816,0.));
#6239=DIRECTION('',(0.739201636884816,-0.673484179492591,0.));
#6240=DIRECTION('',(-0.739201636884816,0.673484179492591,0.));
#6241=DIRECTION('',(0.,0.,-1.));
#6242=DIRECTION('',(-0.739201636884816,0.673484179492591,0.));
#6243=DIRECTION('',(-0.952855226929916,0.303425306314979,0.));
#6244=DIRECTION('',(-0.303425306314979,-0.952855226929916,0.));
#6245=DIRECTION('',(0.303425306314979,0.952855226929916,0.));
#6246=DIRECTION('',(0.,0.,-1.));
#6247=DIRECTION('',(0.303425306314979,0.952855226929916,0.));
#6248=DIRECTION('',(-0.213653590045185,-0.976909485807566,0.));
#6249=DIRECTION('',(0.976909485807566,-0.213653590045185,0.));
#6250=DIRECTION('',(-0.976909485807566,0.213653590045185,0.));
#6251=DIRECTION('',(0.,0.,-1.));
#6252=DIRECTION('',(-0.976909485807566,0.213653590045185,0.));
#6253=DIRECTION('',(-0.976909485807582,-0.213653590045113,0.));
#6254=DIRECTION('',(0.213653590045113,-0.976909485807583,0.));
#6255=DIRECTION('',(-0.213653590045113,0.976909485807582,0.));
#6256=DIRECTION('',(0.,0.,-1.));
#6257=DIRECTION('',(-0.213653590045113,0.976909485807582,0.));
#6258=DIRECTION('',(0.303425306314984,-0.952855226929914,0.));
#6259=DIRECTION('',(0.952855226929914,0.303425306314984,0.));
#6260=DIRECTION('',(-0.952855226929914,-0.303425306314984,0.));
#6261=DIRECTION('',(0.,0.,-1.));
#6262=DIRECTION('',(-0.952855226929914,-0.303425306314984,0.));
#6263=DIRECTION('',(-0.7392016368848,-0.673484179492609,0.));
#6264=DIRECTION('',(0.673484179492609,-0.7392016368848,0.));
#6265=DIRECTION('',(-0.673484179492609,0.7392016368848,0.));
#6266=DIRECTION('',(0.,0.,-1.));
#6267=DIRECTION('',(-0.673484179492609,0.7392016368848,0.));
#6268=DIRECTION('',(0.7392016368848,-0.673484179492609,0.));
#6269=DIRECTION('',(0.673484179492609,0.7392016368848,0.));
#6270=DIRECTION('',(-0.673484179492609,-0.7392016368848,0.));
#6271=DIRECTION('',(0.,0.,-1.));
#6272=DIRECTION('',(-0.673484179492609,-0.7392016368848,0.));
#6273=DIRECTION('',(-0.303425306314984,-0.952855226929914,0.));
#6274=DIRECTION('',(0.952855226929914,-0.303425306314984,0.));
#6275=DIRECTION('',(-0.952855226929914,0.303425306314984,0.));
#6276=DIRECTION('',(0.,0.,-1.));
#6277=DIRECTION('',(-0.952855226929914,0.303425306314984,0.));
#6278=DIRECTION('',(0.976909485807582,-0.213653590045113,0.));
#6279=DIRECTION('',(0.213653590045113,0.976909485807583,0.));
#6280=DIRECTION('',(-0.213653590045113,-0.976909485807582,0.));
#6281=DIRECTION('',(0.,0.,-1.));
#6282=DIRECTION('',(-0.213653590045113,-0.976909485807582,0.));
#6283=DIRECTION('',(0.213653590045193,-0.976909485807565,0.));
#6284=DIRECTION('',(0.976909485807565,0.213653590045193,0.));
#6285=DIRECTION('',(-0.976909485807565,-0.213653590045193,0.));
#6286=DIRECTION('',(0.,0.,-1.));
#6287=DIRECTION('',(-0.976909485807565,-0.213653590045193,0.));
#6288=DIRECTION('',(0.952855226929916,0.303425306314979,0.));
#6289=DIRECTION('',(-0.303425306314979,0.952855226929916,0.));
#6290=DIRECTION('',(0.303425306314979,-0.952855226929916,0.));
#6291=DIRECTION('',(0.,0.,-1.));
#6292=DIRECTION('',(0.303425306314979,-0.952855226929916,0.));
#6293=DIRECTION('',(0.6734841794926,-0.739201636884808,0.));
#6294=DIRECTION('',(0.739201636884808,0.6734841794926,0.));
#6295=DIRECTION('',(-0.739201636884808,-0.6734841794926,0.));
#6296=DIRECTION('',(0.,0.,-1.));
#6297=DIRECTION('',(-0.739201636884808,-0.6734841794926,0.));
#6298=DIRECTION('',(0.6734841794926,0.739201636884808,0.));
#6299=DIRECTION('',(-0.739201636884808,0.6734841794926,0.));
#6300=DIRECTION('',(0.739201636884808,-0.6734841794926,0.));
#6301=DIRECTION('',(0.,0.,-1.));
#6302=DIRECTION('',(0.739201636884808,-0.6734841794926,0.));
#6303=DIRECTION('',(0.952855226929916,-0.303425306314979,0.));
#6304=DIRECTION('',(0.303425306314979,0.952855226929916,0.));
#6305=DIRECTION('',(-0.303425306314979,-0.952855226929916,0.));
#6306=DIRECTION('',(0.,0.,-1.));
#6307=DIRECTION('',(-0.303425306314979,-0.952855226929916,0.));
#6308=DIRECTION('',(0.213653590045195,0.976909485807564,0.));
#6309=DIRECTION('',(-0.976909485807564,0.213653590045195,0.));
#6310=DIRECTION('',(0.976909485807564,-0.213653590045195,0.));
#6311=DIRECTION('',(0.,0.,-1.));
#6312=DIRECTION('',(0.976909485807564,-0.213653590045195,0.));
#6313=DIRECTION('',(0.976909485807584,0.213653590045104,0.));
#6314=DIRECTION('',(-0.213653590045104,0.976909485807584,0.));
#6315=DIRECTION('',(0.213653590045104,-0.976909485807584,0.));
#6316=DIRECTION('',(0.,0.,-1.));
#6317=DIRECTION('',(0.213653590045104,-0.976909485807584,0.));
#6318=DIRECTION('',(-0.303425306314984,0.952855226929914,0.));
#6319=DIRECTION('',(-0.952855226929914,-0.303425306314984,0.));
#6320=DIRECTION('',(0.952855226929914,0.303425306314984,0.));
#6321=DIRECTION('',(0.,0.,-1.));
#6322=DIRECTION('',(0.952855226929914,0.303425306314984,0.));
#6323=DIRECTION('',(0.7392016368848,0.673484179492609,0.));
#6324=DIRECTION('',(-0.673484179492609,0.7392016368848,0.));
#6325=DIRECTION('',(0.673484179492609,-0.7392016368848,0.));
#6326=DIRECTION('',(0.,0.,-1.));
#6327=DIRECTION('',(0.673484179492609,-0.7392016368848,0.));
#6328=DIRECTION('',(-0.7392016368848,0.673484179492609,0.));
#6329=DIRECTION('',(-0.673484179492609,-0.7392016368848,0.));
#6330=DIRECTION('',(0.673484179492609,0.7392016368848,0.));
#6331=DIRECTION('',(0.,0.,-1.));
#6332=DIRECTION('',(0.673484179492609,0.7392016368848,0.));
#6333=DIRECTION('',(0.303425306314984,0.952855226929914,0.));
#6334=DIRECTION('',(-0.952855226929914,0.303425306314984,0.));
#6335=DIRECTION('',(0.952855226929914,-0.303425306314984,0.));
#6336=DIRECTION('',(0.,0.,-1.));
#6337=DIRECTION('',(0.952855226929914,-0.303425306314984,0.));
#6338=DIRECTION('',(-0.976909485807582,0.213653590045113,0.));
#6339=DIRECTION('',(-0.213653590045113,-0.976909485807583,0.));
#6340=DIRECTION('',(0.213653590045113,0.976909485807582,0.));
#6341=DIRECTION('',(0.,0.,-1.));
#6342=DIRECTION('',(0.213653590045113,0.976909485807582,0.));
#6343=DIRECTION('',(-0.213653590045185,0.976909485807566,0.));
#6344=DIRECTION('',(-0.976909485807566,-0.213653590045185,0.));
#6345=DIRECTION('',(0.976909485807566,0.213653590045185,0.));
#6346=DIRECTION('',(0.,0.,-1.));
#6347=DIRECTION('',(0.976909485807566,0.213653590045185,0.));
#6348=DIRECTION('',(-0.952855226929916,-0.303425306314979,0.));
#6349=DIRECTION('',(0.303425306314979,-0.952855226929916,0.));
#6350=DIRECTION('',(-0.303425306314979,0.952855226929916,0.));
#6351=DIRECTION('',(-0.303425306314979,0.952855226929916,0.));
#6352=DIRECTION('',(0.,0.,1.));
#6353=DIRECTION('',(1.,0.,0.));
#6354=DIRECTION('',(0.,0.,1.));
#6355=DIRECTION('',(1.,0.,0.));
#6356=DIRECTION('',(0.,0.,1.));
#6357=DIRECTION('',(1.,0.,0.));
#6358=DIRECTION('',(-1.,0.,0.));
#6359=DIRECTION('',(0.,0.,1.));
#6360=DIRECTION('',(-1.,0.,0.));
#6361=DIRECTION('',(0.,0.,1.));
#6362=DIRECTION('',(0.,1.,0.));
#6363=DIRECTION('',(0.,0.,-1.));
#6364=DIRECTION('',(0.,1.,0.));
#6365=DIRECTION('',(0.,0.,-1.));
#6366=DIRECTION('',(0.,1.,0.));
#6367=DIRECTION('',(0.,0.,1.));
#6368=DIRECTION('',(1.,0.,0.));
#6369=DIRECTION('',(0.,0.,-1.));
#6370=DIRECTION('',(1.,0.,0.));
#6371=DIRECTION('',(-1.,0.,0.));
#6372=DIRECTION('',(0.,0.,1.));
#6373=DIRECTION('',(-1.,0.,0.));
#6374=DIRECTION('',(0.,0.,1.));
#6375=DIRECTION('',(0.,1.,0.));
#6376=DIRECTION('',(0.,0.,-1.));
#6377=DIRECTION('',(0.,1.,0.));
#6378=DIRECTION('',(0.,1.,0.));
#6379=DIRECTION('',(0.,0.,1.));
#6380=DIRECTION('',(1.,0.,0.));
#6381=DIRECTION('',(1.,0.,0.));
#6382=DIRECTION('',(0.,0.,1.));
#6383=DIRECTION('',(1.,0.,0.));
#6384=DIRECTION('',(0.,0.,1.));
#6385=DIRECTION('',(1.,0.,0.));
#6386=DIRECTION('',(0.,0.,1.));
#6387=DIRECTION('',(1.,0.,0.));
#6388=DIRECTION('',(0.,0.,1.));
#6389=DIRECTION('',(1.,0.,0.));
#6390=DIRECTION('',(0.,0.,-1.));
#6391=DIRECTION('',(-1.,0.,0.));
#6392=DIRECTION('',(-1.,0.,0.));
#6393=DIRECTION('',(0.,0.,1.));
#6394=DIRECTION('',(0.,0.,1.));
#6395=DIRECTION('',(1.,0.,0.));
#6396=DIRECTION('',(-1.,0.,0.));
#6397=DIRECTION('',(0.,0.,1.));
#6398=DIRECTION('',(0.,1.,0.));
#6399=DIRECTION('',(0.,0.,-1.));
#6400=DIRECTION('',(0.,1.,0.));
#6401=DIRECTION('',(0.,0.,-1.));
#6402=DIRECTION('',(0.,1.,0.));
#6403=DIRECTION('',(0.,0.,1.));
#6404=DIRECTION('',(1.,0.,0.));
#6405=DIRECTION('',(0.,0.,-1.));
#6406=DIRECTION('',(1.,0.,0.));
#6407=DIRECTION('',(-1.,0.,0.));
#6408=DIRECTION('',(0.,0.,1.));
#6409=DIRECTION('',(0.,1.,0.));
#6410=DIRECTION('',(0.,0.,-1.));
#6411=DIRECTION('',(0.,1.,0.));
#6412=DIRECTION('',(0.,1.,0.));
#6413=DIRECTION('',(0.,0.,1.));
#6414=DIRECTION('',(1.,0.,0.));
#6415=DIRECTION('',(0.,0.,-1.));
#6416=DIRECTION('',(1.,0.,0.));
#6417=DIRECTION('',(0.,0.,1.));
#6418=DIRECTION('',(1.,0.,0.));
#6419=DIRECTION('',(0.,0.,1.));
#6420=DIRECTION('',(1.,0.,0.));
#6421=DIRECTION('',(0.,0.,1.));
#6422=DIRECTION('',(1.,0.,0.));
#6423=DIRECTION('',(0.,0.,1.));
#6424=DIRECTION('',(1.,0.,0.));
#6425=DIRECTION('',(0.,0.,1.));
#6426=DIRECTION('',(1.,0.,0.));
#6427=DIRECTION('',(0.,0.,1.));
#6428=DIRECTION('',(1.,0.,0.));
#6429=DIRECTION('',(-0.673484179492602,0.739201636884806,0.));
#6430=DIRECTION('',(-0.739201636884806,-0.673484179492602,0.));
#6431=DIRECTION('',(0.739201636884806,0.673484179492602,0.));
#6432=DIRECTION('',(0.,0.,-1.));
#6433=DIRECTION('',(0.739201636884806,0.673484179492602,0.));
#6434=DIRECTION('',(0.,0.,-1.));
#6435=DIRECTION('',(-0.673484179492602,-0.739201636884806,0.));
#6436=DIRECTION('',(0.739201636884806,-0.673484179492602,0.));
#6437=DIRECTION('',(-0.739201636884806,0.673484179492602,0.));
#6438=DIRECTION('',(0.,0.,-1.));
#6439=DIRECTION('',(-0.739201636884806,0.673484179492602,0.));
#6440=DIRECTION('',(-0.952855226929915,0.303425306314981,0.));
#6441=DIRECTION('',(-0.303425306314981,-0.952855226929915,0.));
#6442=DIRECTION('',(0.303425306314981,0.952855226929915,0.));
#6443=DIRECTION('',(0.,0.,-1.));
#6444=DIRECTION('',(0.303425306314981,0.952855226929915,0.));
#6445=DIRECTION('',(-0.213653590045109,-0.976909485807583,0.));
#6446=DIRECTION('',(0.976909485807583,-0.213653590045109,0.));
#6447=DIRECTION('',(-0.976909485807583,0.213653590045109,0.));
#6448=DIRECTION('',(0.,0.,-1.));
#6449=DIRECTION('',(-0.976909485807583,0.213653590045109,0.));
#6450=DIRECTION('',(-0.976909485807583,-0.213653590045109,0.));
#6451=DIRECTION('',(0.213653590045109,-0.976909485807583,0.));
#6452=DIRECTION('',(-0.213653590045109,0.976909485807583,0.));
#6453=DIRECTION('',(0.,0.,-1.));
#6454=DIRECTION('',(-0.213653590045109,0.976909485807583,0.));
#6455=DIRECTION('',(0.303425306314981,-0.952855226929915,0.));
#6456=DIRECTION('',(0.952855226929915,0.303425306314981,0.));
#6457=DIRECTION('',(-0.952855226929915,-0.303425306314981,0.));
#6458=DIRECTION('',(0.,0.,-1.));
#6459=DIRECTION('',(-0.952855226929915,-0.303425306314981,0.));
#6460=DIRECTION('',(-0.739201636884806,-0.673484179492602,0.));
#6461=DIRECTION('',(0.673484179492602,-0.739201636884806,0.));
#6462=DIRECTION('',(-0.673484179492602,0.739201636884806,0.));
#6463=DIRECTION('',(0.,0.,-1.));
#6464=DIRECTION('',(-0.673484179492602,0.739201636884806,0.));
#6465=DIRECTION('',(0.739201636884806,-0.673484179492602,0.));
#6466=DIRECTION('',(0.673484179492602,0.739201636884806,0.));
#6467=DIRECTION('',(-0.673484179492602,-0.739201636884806,0.));
#6468=DIRECTION('',(0.,0.,-1.));
#6469=DIRECTION('',(-0.673484179492602,-0.739201636884806,0.));
#6470=DIRECTION('',(-0.303425306314981,-0.952855226929915,0.));
#6471=DIRECTION('',(0.952855226929915,-0.303425306314981,0.));
#6472=DIRECTION('',(-0.952855226929915,0.303425306314981,0.));
#6473=DIRECTION('',(0.,0.,-1.));
#6474=DIRECTION('',(-0.952855226929915,0.303425306314981,0.));
#6475=DIRECTION('',(0.976909485807583,-0.21365359004511,0.));
#6476=DIRECTION('',(0.21365359004511,0.976909485807583,0.));
#6477=DIRECTION('',(-0.21365359004511,-0.976909485807583,0.));
#6478=DIRECTION('',(0.,0.,-1.));
#6479=DIRECTION('',(-0.21365359004511,-0.976909485807583,0.));
#6480=DIRECTION('',(0.21365359004511,-0.976909485807583,0.));
#6481=DIRECTION('',(0.976909485807583,0.21365359004511,0.));
#6482=DIRECTION('',(-0.976909485807583,-0.21365359004511,0.));
#6483=DIRECTION('',(0.,0.,-1.));
#6484=DIRECTION('',(-0.976909485807583,-0.21365359004511,0.));
#6485=DIRECTION('',(0.952855226929915,0.303425306314981,0.));
#6486=DIRECTION('',(-0.303425306314981,0.952855226929915,0.));
#6487=DIRECTION('',(0.303425306314981,-0.952855226929915,0.));
#6488=DIRECTION('',(0.,0.,-1.));
#6489=DIRECTION('',(0.303425306314981,-0.952855226929915,0.));
#6490=DIRECTION('',(0.673484179492602,-0.739201636884806,0.));
#6491=DIRECTION('',(0.739201636884806,0.673484179492602,0.));
#6492=DIRECTION('',(-0.739201636884806,-0.673484179492602,0.));
#6493=DIRECTION('',(0.,0.,-1.));
#6494=DIRECTION('',(-0.739201636884806,-0.673484179492602,0.));
#6495=DIRECTION('',(0.673484179492603,0.739201636884806,0.));
#6496=DIRECTION('',(-0.739201636884806,0.673484179492603,0.));
#6497=DIRECTION('',(0.739201636884806,-0.673484179492603,0.));
#6498=DIRECTION('',(0.,0.,-1.));
#6499=DIRECTION('',(0.739201636884806,-0.673484179492603,0.));
#6500=DIRECTION('',(0.952855226929915,-0.303425306314981,0.));
#6501=DIRECTION('',(0.303425306314981,0.952855226929915,0.));
#6502=DIRECTION('',(-0.303425306314981,-0.952855226929915,0.));
#6503=DIRECTION('',(0.,0.,-1.));
#6504=DIRECTION('',(-0.303425306314981,-0.952855226929915,0.));
#6505=DIRECTION('',(0.213653590045109,0.976909485807583,0.));
#6506=DIRECTION('',(-0.976909485807583,0.213653590045109,0.));
#6507=DIRECTION('',(0.976909485807583,-0.213653590045109,0.));
#6508=DIRECTION('',(0.,0.,-1.));
#6509=DIRECTION('',(0.976909485807583,-0.213653590045109,0.));
#6510=DIRECTION('',(0.976909485807583,0.213653590045109,0.));
#6511=DIRECTION('',(-0.213653590045109,0.976909485807583,0.));
#6512=DIRECTION('',(0.213653590045109,-0.976909485807583,0.));
#6513=DIRECTION('',(0.,0.,-1.));
#6514=DIRECTION('',(0.213653590045109,-0.976909485807583,0.));
#6515=DIRECTION('',(-0.30342530631498,0.952855226929916,0.));
#6516=DIRECTION('',(-0.952855226929916,-0.30342530631498,0.));
#6517=DIRECTION('',(0.952855226929916,0.303425306314979,0.));
#6518=DIRECTION('',(0.,0.,-1.));
#6519=DIRECTION('',(0.952855226929916,0.303425306314979,0.));
#6520=DIRECTION('',(0.739201636884806,0.673484179492602,0.));
#6521=DIRECTION('',(-0.673484179492602,0.739201636884806,0.));
#6522=DIRECTION('',(0.673484179492602,-0.739201636884806,0.));
#6523=DIRECTION('',(0.,0.,-1.));
#6524=DIRECTION('',(0.673484179492602,-0.739201636884806,0.));
#6525=DIRECTION('',(-0.739201636884806,0.673484179492602,0.));
#6526=DIRECTION('',(-0.673484179492602,-0.739201636884806,0.));
#6527=DIRECTION('',(0.673484179492602,0.739201636884806,0.));
#6528=DIRECTION('',(0.,0.,-1.));
#6529=DIRECTION('',(0.673484179492602,0.739201636884806,0.));
#6530=DIRECTION('',(0.30342530631498,0.952855226929915,0.));
#6531=DIRECTION('',(-0.952855226929915,0.30342530631498,0.));
#6532=DIRECTION('',(0.952855226929915,-0.30342530631498,0.));
#6533=DIRECTION('',(0.,0.,-1.));
#6534=DIRECTION('',(0.952855226929915,-0.30342530631498,0.));
#6535=DIRECTION('',(-0.976909485807583,0.213653590045109,0.));
#6536=DIRECTION('',(-0.213653590045109,-0.976909485807583,0.));
#6537=DIRECTION('',(0.213653590045109,0.976909485807583,0.));
#6538=DIRECTION('',(0.,0.,-1.));
#6539=DIRECTION('',(0.213653590045109,0.976909485807583,0.));
#6540=DIRECTION('',(-0.213653590045108,0.976909485807583,0.));
#6541=DIRECTION('',(-0.976909485807583,-0.213653590045108,0.));
#6542=DIRECTION('',(0.976909485807583,0.213653590045108,0.));
#6543=DIRECTION('',(0.,0.,-1.));
#6544=DIRECTION('',(0.976909485807583,0.213653590045108,0.));
#6545=DIRECTION('',(0.,0.,-1.));
#6546=DIRECTION('',(-1.,0.,0.));
#6547=DIRECTION('',(0.,0.,1.));
#6548=DIRECTION('',(1.,0.,0.));
#6549=DIRECTION('',(0.,0.,1.));
#6550=DIRECTION('',(1.,0.,0.));
#6551=DIRECTION('',(-0.952855226929916,-0.30342530631498,0.));
#6552=DIRECTION('',(0.30342530631498,-0.952855226929916,0.));
#6553=DIRECTION('',(-0.30342530631498,0.952855226929916,0.));
#6554=DIRECTION('',(-0.30342530631498,0.952855226929916,0.));
#6555=DIRECTION('',(0.,0.,1.));
#6556=DIRECTION('',(1.,0.,0.));
#6557=DIRECTION('',(0.,0.,1.));
#6558=DIRECTION('',(1.,0.,0.));
#6559=DIRECTION('',(0.,0.,1.));
#6560=DIRECTION('',(1.,0.,0.));
#6561=DIRECTION('',(-0.866025403784438,0.5,0.));
#6562=DIRECTION('',(-0.5,-0.866025403784438,0.));
#6563=DIRECTION('',(0.5,0.866025403784438,0.));
#6564=DIRECTION('',(0.,0.,-1.));
#6565=DIRECTION('',(0.5,0.866025403784438,0.));
#6566=DIRECTION('',(0.,0.,-1.));
#6567=DIRECTION('',(-0.866025403784438,-0.5,0.));
#6568=DIRECTION('',(0.5,-0.866025403784438,0.));
#6569=DIRECTION('',(-0.5,0.866025403784438,0.));
#6570=DIRECTION('',(0.,0.,-1.));
#6571=DIRECTION('',(-0.5,0.866025403784438,0.));
#6572=DIRECTION('',(0.,-1.,0.));
#6573=DIRECTION('',(0.,0.,-1.));
#6574=DIRECTION('',(-1.,0.,0.));
#6575=DIRECTION('',(0.,0.,-1.));
#6576=DIRECTION('',(-1.,0.,0.));
#6577=DIRECTION('',(0.866025403784438,-0.5,0.));
#6578=DIRECTION('',(0.5,0.866025403784438,0.));
#6579=DIRECTION('',(-0.5,-0.866025403784438,0.));
#6580=DIRECTION('',(0.,0.,-1.));
#6581=DIRECTION('',(-0.5,-0.866025403784438,0.));
#6582=DIRECTION('',(0.866025403784438,0.5,0.));
#6583=DIRECTION('',(-0.5,0.866025403784438,0.));
#6584=DIRECTION('',(0.5,-0.866025403784438,0.));
#6585=DIRECTION('',(0.,0.,-1.));
#6586=DIRECTION('',(0.5,-0.866025403784438,0.));
#6587=DIRECTION('',(0.,0.,-1.));
#6588=DIRECTION('',(-1.,0.,0.));
#6589=DIRECTION('',(0.,0.,1.));
#6590=DIRECTION('',(1.,0.,0.));
#6591=DIRECTION('',(0.,0.,1.));
#6592=DIRECTION('',(1.,0.,0.));
#6593=DIRECTION('',(0.,1.,0.));
#6594=DIRECTION('',(0.,0.,1.));
#6595=DIRECTION('',(1.,0.,0.));
#6596=DIRECTION('',(1.,0.,0.));
#6597=DIRECTION('',(0.,0.,1.));
#6598=DIRECTION('',(1.,0.,0.));
#6599=DIRECTION('',(0.,0.,1.));
#6600=DIRECTION('',(1.,0.,0.));
#6601=DIRECTION('',(0.,0.,1.));
#6602=DIRECTION('',(1.,0.,0.));
#6603=DIRECTION('',(0.,1.,0.));
#6604=DIRECTION('',(0.,0.,1.));
#6605=DIRECTION('',(1.,0.,0.));
#6606=DIRECTION('',(0.,0.,-1.));
#6607=DIRECTION('',(1.,0.,0.));
#6608=DIRECTION('',(0.,0.,-1.));
#6609=DIRECTION('',(-1.,0.,0.));
#6610=DIRECTION('',(0.,0.,1.));
#6611=DIRECTION('',(0.,1.,0.));
#6612=DIRECTION('',(0.,0.,-1.));
#6613=DIRECTION('',(0.,1.,0.));
#6614=DIRECTION('',(0.,-1.,0.));
#6615=DIRECTION('',(0.,0.,-1.));
#6616=DIRECTION('',(-1.,0.,0.));
#6617=DIRECTION('',(0.,0.,-1.));
#6618=DIRECTION('',(-1.,0.,0.));
#6619=DIRECTION('',(-1.,0.,0.));
#6620=DIRECTION('',(0.,0.,1.));
#6621=DIRECTION('',(0.,1.,0.));
#6622=DIRECTION('',(0.,1.,0.));
#6623=DIRECTION('',(0.,0.,1.));
#6624=DIRECTION('',(1.,0.,0.));
#6625=DIRECTION('',(0.,0.,1.));
#6626=DIRECTION('',(1.,0.,0.));
#6627=DIRECTION('',(0.,0.,1.));
#6628=DIRECTION('',(1.,0.,0.));
#6629=DIRECTION('',(1.,0.,0.));
#6630=DIRECTION('',(0.,0.,-1.));
#6631=DIRECTION('',(0.,-1.,0.));
#6632=DIRECTION('',(0.,0.,-1.));
#6633=DIRECTION('',(0.,-1.,0.));
#6634=DIRECTION('',(0.,0.,-1.));
#6635=DIRECTION('',(0.,1.,0.));
#6636=DIRECTION('',(0.,0.,1.));
#6637=DIRECTION('',(1.,0.,0.));
#6638=DIRECTION('',(0.,0.,-1.));
#6639=DIRECTION('',(1.,0.,0.));
#6640=DIRECTION('',(-1.,0.,0.));
#6641=DIRECTION('',(0.,0.,1.));
#6642=DIRECTION('',(0.,1.,0.));
#6643=DIRECTION('',(0.,0.,-1.));
#6644=DIRECTION('',(0.,1.,0.));
#6645=DIRECTION('',(0.,-1.,0.));
#6646=DIRECTION('',(0.,0.,-1.));
#6647=DIRECTION('',(-1.,0.,0.));
#6648=DIRECTION('',(-1.,0.,0.));
#6649=DIRECTION('',(0.,0.,1.));
#6650=DIRECTION('',(1.,0.,0.));
#6651=DIRECTION('',(0.,0.,1.));
#6652=DIRECTION('',(1.,0.,0.));
#6653=DIRECTION('',(0.,0.,1.));
#6654=DIRECTION('',(1.,0.,0.));
#6655=DIRECTION('',(0.,0.,-1.));
#6656=DIRECTION('',(-1.,0.,0.));
#6657=DIRECTION('',(0.,0.,1.));
#6658=DIRECTION('',(1.,0.,0.));
#6659=DIRECTION('',(0.,0.,-1.));
#6660=DIRECTION('',(0.,0.,1.));
#6661=DIRECTION('',(1.,0.,0.));
#6662=DIRECTION('',(0.,0.,-1.));
#6663=DIRECTION('',(0.,1.,0.));
#6664=DIRECTION('',(0.,0.,1.));
#6665=DIRECTION('',(1.,0.,0.));
#6666=DIRECTION('',(0.,0.,-1.));
#6667=DIRECTION('',(1.,0.,0.));
#6668=DIRECTION('',(0.,0.,-1.));
#6669=DIRECTION('',(-1.,0.,0.));
#6670=DIRECTION('',(0.,0.,1.));
#6671=DIRECTION('',(1.,0.,0.));
#6672=DIRECTION('',(0.,0.,-1.));
#6673=DIRECTION('',(0.,0.,1.));
#6674=DIRECTION('',(1.,0.,0.));
#6675=DIRECTION('',(-1.,0.,0.));
#6676=DIRECTION('',(0.,0.,1.));
#6677=DIRECTION('',(0.,1.,0.));
#6678=DIRECTION('',(0.,0.,-1.));
#6679=DIRECTION('',(0.,1.,0.));
#6680=DIRECTION('',(0.,0.,-1.));
#6681=DIRECTION('',(-1.,0.,0.));
#6682=DIRECTION('',(0.,0.,1.));
#6683=DIRECTION('',(1.,0.,0.));
#6684=DIRECTION('',(0.,0.,-1.));
#6685=DIRECTION('',(0.,0.,1.));
#6686=DIRECTION('',(1.,0.,0.));
#6687=DIRECTION('',(0.,-1.,0.));
#6688=DIRECTION('',(0.,0.,-1.));
#6689=DIRECTION('',(-1.,0.,0.));
#6690=DIRECTION('',(0.,0.,-1.));
#6691=DIRECTION('',(-1.,0.,0.));
#6692=DIRECTION('',(0.,0.,-1.));
#6693=DIRECTION('',(-1.,0.,0.));
#6694=DIRECTION('',(0.,0.,1.));
#6695=DIRECTION('',(1.,0.,0.));
#6696=DIRECTION('',(0.,0.,-1.));
#6697=DIRECTION('',(0.,0.,1.));
#6698=DIRECTION('',(1.,0.,0.));
#6699=DIRECTION('',(0.,0.,-1.));
#6700=DIRECTION('',(-1.,0.,0.));
#6701=DIRECTION('',(0.,0.,1.));
#6702=DIRECTION('',(1.,0.,0.));
#6703=DIRECTION('',(0.,0.,1.));
#6704=DIRECTION('',(1.,0.,0.));
#6705=DIRECTION('',(0.,0.,-1.));
#6706=DIRECTION('',(-1.,0.,0.));
#6707=DIRECTION('',(0.,0.,1.));
#6708=DIRECTION('',(1.,0.,0.));
#6709=DIRECTION('',(0.,0.,1.));
#6710=DIRECTION('',(1.,0.,0.));
#6711=DIRECTION('',(0.,0.,-1.));
#6712=DIRECTION('',(-1.,0.,0.));
#6713=DIRECTION('',(0.,0.,1.));
#6714=DIRECTION('',(1.,0.,0.));
#6715=DIRECTION('',(0.,0.,1.));
#6716=DIRECTION('',(1.,0.,0.));
#6717=DIRECTION('',(0.,0.,-1.));
#6718=DIRECTION('',(-1.,0.,0.));
#6719=DIRECTION('',(0.,0.,1.));
#6720=DIRECTION('',(1.,0.,0.));
#6721=DIRECTION('',(0.,0.,1.));
#6722=DIRECTION('',(1.,0.,0.));
#6723=DIRECTION('',(1.,0.,0.));
#6724=DIRECTION('',(0.,0.,-1.));
#6725=DIRECTION('',(0.,-1.,0.));
#6726=DIRECTION('',(0.,-1.,0.));
#6727=DIRECTION('',(0.,0.,1.));
#6728=DIRECTION('',(1.,0.,0.));
#6729=DIRECTION('',(0.,0.,1.));
#6730=DIRECTION('',(1.,0.,0.));
#6731=DIRECTION('',(0.,0.,1.));
#6732=DIRECTION('',(1.,0.,0.));
#6733=DIRECTION('',(-1.,0.,0.));
#6734=DIRECTION('',(0.,0.,1.));
#6735=DIRECTION('',(0.,1.,0.));
#6736=DIRECTION('',(0.,0.,-1.));
#6737=DIRECTION('',(0.,1.,0.));
#6738=DIRECTION('',(0.,0.,-1.));
#6739=DIRECTION('',(0.,1.,0.));
#6740=DIRECTION('',(0.,0.,1.));
#6741=DIRECTION('',(1.,0.,0.));
#6742=DIRECTION('',(0.,0.,-1.));
#6743=DIRECTION('',(1.,0.,0.));
#6744=DIRECTION('',(-1.,0.,0.));
#6745=DIRECTION('',(0.,0.,1.));
#6746=DIRECTION('',(0.,1.,0.));
#6747=DIRECTION('',(0.,0.,-1.));
#6748=DIRECTION('',(0.,1.,0.));
#6749=DIRECTION('',(0.,1.,0.));
#6750=DIRECTION('',(0.,0.,1.));
#6751=DIRECTION('',(1.,0.,0.));
#6752=DIRECTION('',(1.,0.,0.));
#6753=DIRECTION('',(0.,0.,1.));
#6754=DIRECTION('',(1.,0.,0.));
#6755=DIRECTION('',(0.,0.,1.));
#6756=DIRECTION('',(1.,0.,0.));
#6757=DIRECTION('',(0.,0.,1.));
#6758=DIRECTION('',(1.,0.,0.));
#6759=DIRECTION('',(0.,0.,1.));
#6760=DIRECTION('',(1.,0.,0.));
#6761=DIRECTION('',(0.,0.,1.));
#6762=DIRECTION('',(1.,0.,0.));
#6763=DIRECTION('',(0.,0.,1.));
#6764=DIRECTION('',(1.,0.,0.));
#6765=DIRECTION('',(0.,0.,1.));
#6766=DIRECTION('',(1.,0.,0.));
#6767=DIRECTION('',(0.,0.,1.));
#6768=DIRECTION('',(1.,0.,0.));
#6769=DIRECTION('',(0.,0.,1.));
#6770=DIRECTION('',(1.,0.,0.));
#6771=DIRECTION('',(0.,0.,1.));
#6772=DIRECTION('',(1.,0.,0.));
#6773=DIRECTION('',(0.,0.,-1.));
#6774=DIRECTION('',(-1.,0.,0.));
#6775=DIRECTION('',(0.,0.,-1.));
#6776=DIRECTION('',(-1.,0.,0.));
#6777=DIRECTION('',(0.,0.,-1.));
#6778=DIRECTION('',(-1.,0.,0.));
#6779=DIRECTION('',(0.,0.,-1.));
#6780=DIRECTION('',(-1.,0.,0.));
#6781=DIRECTION('',(0.,0.,1.));
#6782=DIRECTION('',(1.,0.,0.));
#6783=DIRECTION('',(-1.,0.,0.));
#6784=DIRECTION('',(0.,0.,1.));
#6785=DIRECTION('',(0.,1.,0.));
#6786=DIRECTION('',(0.,0.,-1.));
#6787=DIRECTION('',(0.,1.,0.));
#6788=DIRECTION('',(0.,0.,-1.));
#6789=DIRECTION('',(0.,1.,0.));
#6790=DIRECTION('',(0.,0.,1.));
#6791=DIRECTION('',(1.,0.,0.));
#6792=DIRECTION('',(0.,0.,-1.));
#6793=DIRECTION('',(1.,0.,0.));
#6794=DIRECTION('',(-1.,0.,0.));
#6795=DIRECTION('',(0.,0.,1.));
#6796=DIRECTION('',(0.,1.,0.));
#6797=DIRECTION('',(0.,0.,-1.));
#6798=DIRECTION('',(0.,1.,0.));
#6799=DIRECTION('',(0.,1.,0.));
#6800=DIRECTION('',(0.,0.,1.));
#6801=DIRECTION('',(1.,0.,0.));
#6802=DIRECTION('',(1.,0.,0.));
#6803=DIRECTION('',(0.,0.,1.));
#6804=DIRECTION('',(1.,0.,0.));
#6805=DIRECTION('',(0.,0.,1.));
#6806=DIRECTION('',(1.,0.,0.));
#6807=DIRECTION('',(0.,0.,1.));
#6808=DIRECTION('',(1.,0.,0.));
#6809=DIRECTION('',(0.,0.,1.));
#6810=DIRECTION('',(1.,0.,0.));
#6811=DIRECTION('',(0.,0.,1.));
#6812=DIRECTION('',(1.,0.,0.));
#6813=DIRECTION('',(0.,0.,1.));
#6814=DIRECTION('',(1.,0.,0.));
#6815=DIRECTION('',(0.,0.,1.));
#6816=DIRECTION('',(1.,0.,0.));
#6817=DIRECTION('',(0.,0.,1.));
#6818=DIRECTION('',(1.,0.,0.));
#6819=DIRECTION('',(0.,0.,-1.));
#6820=DIRECTION('',(-1.,0.,0.));
#6821=DIRECTION('',(0.,0.,-1.));
#6822=DIRECTION('',(-1.,0.,0.));
#6823=DIRECTION('',(0.,0.,-1.));
#6824=DIRECTION('',(-1.,0.,0.));
#6825=DIRECTION('',(0.,0.,1.));
#6826=DIRECTION('',(1.,0.,0.));
#6827=DIRECTION('',(-1.,0.,0.));
#6828=DIRECTION('',(0.,0.,1.));
#6829=DIRECTION('',(0.,1.,0.));
#6830=DIRECTION('',(0.,0.,-1.));
#6831=DIRECTION('',(0.,1.,0.));
#6832=DIRECTION('',(0.,0.,-1.));
#6833=DIRECTION('',(0.,1.,0.));
#6834=DIRECTION('',(0.,0.,1.));
#6835=DIRECTION('',(1.,0.,0.));
#6836=DIRECTION('',(0.,0.,-1.));
#6837=DIRECTION('',(1.,0.,0.));
#6838=DIRECTION('',(-1.,0.,0.));
#6839=DIRECTION('',(0.,0.,1.));
#6840=DIRECTION('',(0.,1.,0.));
#6841=DIRECTION('',(0.,0.,-1.));
#6842=DIRECTION('',(0.,1.,0.));
#6843=DIRECTION('',(0.,1.,0.));
#6844=DIRECTION('',(0.,0.,1.));
#6845=DIRECTION('',(1.,0.,0.));
#6846=DIRECTION('',(1.,0.,0.));
#6847=DIRECTION('',(0.,0.,1.));
#6848=DIRECTION('',(1.,0.,0.));
#6849=DIRECTION('',(0.,0.,1.));
#6850=DIRECTION('',(1.,0.,0.));
#6851=DIRECTION('',(0.,0.,1.));
#6852=DIRECTION('',(1.,0.,0.));
#6853=DIRECTION('',(0.,0.,1.));
#6854=DIRECTION('',(1.,0.,0.));
#6855=DIRECTION('',(0.,1.,0.));
#6856=DIRECTION('',(1.,0.,0.));
#6857=DIRECTION('',(0.,1.,0.));
#6858=DIRECTION('',(1.,0.,0.));
#6859=DIRECTION('',(1.,0.,0.));
#6860=DIRECTION('',(0.,1.,0.));
#6861=DIRECTION('',(1.,0.,0.));
#6862=DIRECTION('',(0.,1.,0.));
#6863=DIRECTION('',(-1.,0.,0.));
#6864=DIRECTION('',(0.,0.,1.));
#6865=DIRECTION('',(0.,1.,0.));
#6866=DIRECTION('',(0.,0.,-1.));
#6867=DIRECTION('',(0.,0.,-1.));
#6868=DIRECTION('',(0.,1.,0.));
#6869=DIRECTION('',(0.,0.,1.));
#6870=DIRECTION('',(1.,0.,0.));
#6871=DIRECTION('',(0.,0.,-1.));
#6872=DIRECTION('',(-1.,0.,0.));
#6873=DIRECTION('',(0.,0.,1.));
#6874=DIRECTION('',(0.,1.,0.));
#6875=DIRECTION('',(0.,0.,-1.));
#6876=DIRECTION('',(0.,1.,0.));
#6877=DIRECTION('',(0.,0.,1.));
#6878=DIRECTION('',(1.,0.,0.));
#6879=DIRECTION('',(0.,0.,1.));
#6880=DIRECTION('',(1.,0.,0.));
#6881=DIRECTION('',(-1.,0.,0.));
#6882=DIRECTION('',(0.,0.,1.));
#6883=DIRECTION('',(0.,1.,0.));
#6884=DIRECTION('',(0.,0.,-1.));
#6885=DIRECTION('',(0.,0.,-1.));
#6886=DIRECTION('',(0.,1.,0.));
#6887=DIRECTION('',(0.,0.,1.));
#6888=DIRECTION('',(1.,0.,0.));
#6889=DIRECTION('',(0.,0.,-1.));
#6890=DIRECTION('',(-1.,0.,0.));
#6891=DIRECTION('',(0.,0.,1.));
#6892=DIRECTION('',(0.,1.,0.));
#6893=DIRECTION('',(0.,0.,-1.));
#6894=DIRECTION('',(0.,1.,0.));
#6895=DIRECTION('',(0.,0.,1.));
#6896=DIRECTION('',(1.,0.,0.));
#6897=DIRECTION('',(0.,0.,1.));
#6898=DIRECTION('',(1.,0.,0.));
#6899=DIRECTION('',(0.,0.,1.));
#6900=DIRECTION('',(1.,0.,0.));
#6901=DIRECTION('',(-1.,0.,0.));
#6902=DIRECTION('',(0.,0.,1.));
#6903=DIRECTION('',(0.,1.,0.));
#6904=DIRECTION('',(0.,0.,-1.));
#6905=DIRECTION('',(0.,1.,0.));
#6906=DIRECTION('',(0.,0.,-1.));
#6907=DIRECTION('',(0.,1.,0.));
#6908=DIRECTION('',(0.,0.,1.));
#6909=DIRECTION('',(1.,0.,0.));
#6910=DIRECTION('',(0.,0.,-1.));
#6911=DIRECTION('',(1.,0.,0.));
#6912=DIRECTION('',(-1.,0.,0.));
#6913=DIRECTION('',(0.,0.,1.));
#6914=DIRECTION('',(0.,1.,0.));
#6915=DIRECTION('',(0.,0.,-1.));
#6916=DIRECTION('',(0.,1.,0.));
#6917=DIRECTION('',(0.,1.,0.));
#6918=DIRECTION('',(0.,0.,1.));
#6919=DIRECTION('',(1.,0.,0.));
#6920=DIRECTION('',(1.,0.,0.));
#6921=DIRECTION('',(0.,0.,1.));
#6922=DIRECTION('',(1.,0.,0.));
#6923=DIRECTION('',(0.,0.,1.));
#6924=DIRECTION('',(1.,0.,0.));
#6925=DIRECTION('',(0.,0.,1.));
#6926=DIRECTION('',(1.,0.,0.));
#6927=DIRECTION('',(0.,0.,1.));
#6928=DIRECTION('',(1.,0.,0.));
#6929=DIRECTION('',(0.,0.,1.));
#6930=DIRECTION('',(1.,0.,0.));
#6931=DIRECTION('',(0.,0.,1.));
#6932=DIRECTION('',(1.,0.,0.));
#6933=DIRECTION('',(0.,0.,1.));
#6934=DIRECTION('',(1.,0.,0.));
#6935=DIRECTION('',(0.,0.,1.));
#6936=DIRECTION('',(1.,0.,0.));
#6937=DIRECTION('',(0.,0.,-1.));
#6938=DIRECTION('',(-1.,0.,0.));
#6939=DIRECTION('',(0.,0.,-1.));
#6940=DIRECTION('',(-1.,0.,0.));
#6941=DIRECTION('',(0.,0.,-1.));
#6942=DIRECTION('',(-1.,0.,0.));
#6943=DIRECTION('',(0.,0.,1.));
#6944=DIRECTION('',(1.,0.,0.));
#6945=DIRECTION('',(-1.,0.,0.));
#6946=DIRECTION('',(0.,0.,1.));
#6947=DIRECTION('',(0.,1.,0.));
#6948=DIRECTION('',(0.,0.,-1.));
#6949=DIRECTION('',(0.,1.,0.));
#6950=DIRECTION('',(0.,0.,-1.));
#6951=DIRECTION('',(0.,1.,0.));
#6952=DIRECTION('',(0.,0.,1.));
#6953=DIRECTION('',(1.,0.,0.));
#6954=DIRECTION('',(0.,0.,-1.));
#6955=DIRECTION('',(1.,0.,0.));
#6956=DIRECTION('',(-1.,0.,0.));
#6957=DIRECTION('',(0.,0.,1.));
#6958=DIRECTION('',(0.,1.,0.));
#6959=DIRECTION('',(0.,0.,-1.));
#6960=DIRECTION('',(0.,1.,0.));
#6961=DIRECTION('',(0.,1.,0.));
#6962=DIRECTION('',(0.,0.,1.));
#6963=DIRECTION('',(1.,0.,0.));
#6964=DIRECTION('',(1.,0.,0.));
#6965=DIRECTION('',(0.,0.,1.));
#6966=DIRECTION('',(1.,0.,0.));
#6967=DIRECTION('',(0.,0.,1.));
#6968=DIRECTION('',(1.,0.,0.));
#6969=DIRECTION('',(0.,0.,1.));
#6970=DIRECTION('',(1.,0.,0.));
#6971=DIRECTION('',(0.,0.,-1.));
#6972=DIRECTION('',(-1.,0.,0.));
#6973=DIRECTION('',(0.,0.,1.));
#6974=DIRECTION('',(1.,0.,0.));
#6975=DIRECTION('',(0.,0.,1.));
#6976=DIRECTION('',(1.,0.,0.));
#6977=DIRECTION('',(0.,0.,1.));
#6978=DIRECTION('',(1.,0.,0.));
#6979=DIRECTION('',(-1.,0.,0.));
#6980=DIRECTION('',(0.,0.,1.));
#6981=DIRECTION('',(0.,1.,0.));
#6982=DIRECTION('',(0.,0.,-1.));
#6983=DIRECTION('',(0.,1.,0.));
#6984=DIRECTION('',(0.,0.,-1.));
#6985=DIRECTION('',(0.,1.,0.));
#6986=DIRECTION('',(0.,0.,1.));
#6987=DIRECTION('',(1.,0.,0.));
#6988=DIRECTION('',(0.,0.,-1.));
#6989=DIRECTION('',(1.,0.,0.));
#6990=DIRECTION('',(-1.,0.,0.));
#6991=DIRECTION('',(0.,0.,1.));
#6992=DIRECTION('',(0.,1.,0.));
#6993=DIRECTION('',(0.,0.,-1.));
#6994=DIRECTION('',(0.,1.,0.));
#6995=DIRECTION('',(0.,1.,0.));
#6996=DIRECTION('',(0.,0.,1.));
#6997=DIRECTION('',(1.,0.,0.));
#6998=DIRECTION('',(1.,0.,0.));
#6999=DIRECTION('',(0.,0.,1.));
#7000=DIRECTION('',(1.,0.,0.));
#7001=DIRECTION('',(0.,0.,1.));
#7002=DIRECTION('',(1.,0.,0.));
#7003=DIRECTION('',(0.,0.,1.));
#7004=DIRECTION('',(1.,0.,0.));
#7005=DIRECTION('',(0.,0.,1.));
#7006=DIRECTION('',(1.,0.,0.));
#7007=DIRECTION('',(0.,0.,-1.));
#7008=DIRECTION('',(-1.,0.,0.));
#7009=DIRECTION('',(0.,0.,1.));
#7010=DIRECTION('',(1.,0.,0.));
#7011=DIRECTION('',(0.,0.,-1.));
#7012=DIRECTION('',(-1.,0.,0.));
#7013=DIRECTION('',(0.,0.,1.));
#7014=DIRECTION('',(1.,0.,0.));
#7015=DIRECTION('',(0.,0.,1.));
#7016=DIRECTION('',(1.,0.,0.));
#7017=DIRECTION('',(0.,0.,1.));
#7018=DIRECTION('',(1.,0.,0.));
#7019=DIRECTION('',(1.,0.,0.));
#7020=DIRECTION('',(0.,0.,-1.));
#7021=DIRECTION('',(0.,-1.,0.));
#7022=DIRECTION('',(0.,0.,-1.));
#7023=DIRECTION('',(0.,-1.,0.));
#7024=DIRECTION('',(0.,0.,-1.));
#7025=DIRECTION('',(0.,1.,0.));
#7026=DIRECTION('',(0.,0.,1.));
#7027=DIRECTION('',(1.,0.,0.));
#7028=DIRECTION('',(0.,0.,-1.));
#7029=DIRECTION('',(1.,0.,0.));
#7030=DIRECTION('',(-1.,0.,0.));
#7031=DIRECTION('',(0.,0.,1.));
#7032=DIRECTION('',(0.,1.,0.));
#7033=DIRECTION('',(0.,0.,-1.));
#7034=DIRECTION('',(0.,1.,0.));
#7035=DIRECTION('',(0.,1.,0.));
#7036=DIRECTION('',(0.,0.,1.));
#7037=DIRECTION('',(1.,0.,0.));
#7038=DIRECTION('',(0.,0.,-1.));
#7039=DIRECTION('',(1.,0.,0.));
#7040=DIRECTION('',(0.,0.,-1.));
#7041=DIRECTION('',(1.,0.,0.));
#7042=DIRECTION('',(0.,0.,-1.));
#7043=DIRECTION('',(0.,-1.,0.));
#7044=DIRECTION('',(0.,0.,-1.));
#7045=DIRECTION('',(0.,-1.,0.));
#7046=DIRECTION('',(0.,-1.,0.));
#7047=DIRECTION('',(0.,0.,-1.));
#7048=DIRECTION('',(-1.,0.,0.));
#7049=DIRECTION('',(0.,0.,-1.));
#7050=DIRECTION('',(-1.,0.,0.));
#7051=DIRECTION('',(-1.,0.,0.));
#7052=DIRECTION('',(0.,0.,1.));
#7053=DIRECTION('',(0.,1.,0.));
#7054=DIRECTION('',(0.,1.,0.));
#7055=DIRECTION('',(0.,-1.,0.));
#7056=DIRECTION('',(0.,0.,-1.));
#7057=DIRECTION('',(-1.,0.,0.));
#7058=DIRECTION('',(-1.,0.,0.));
#7059=DIRECTION('',(0.,0.,1.));
#7060=DIRECTION('',(1.,0.,0.));
#7061=DIRECTION('',(0.,0.,1.));
#7062=DIRECTION('',(1.,0.,0.));
#7063=DIRECTION('',(0.,0.,1.));
#7064=DIRECTION('',(1.,0.,0.));
#7065=DIRECTION('',(1.,0.,0.));
#7066=DIRECTION('',(0.,0.,-1.));
#7067=DIRECTION('',(0.,-1.,0.));
#7068=DIRECTION('',(0.,0.,-1.));
#7069=DIRECTION('',(0.,-1.,0.));
#7070=DIRECTION('',(0.,0.,-1.));
#7071=DIRECTION('',(0.,1.,0.));
#7072=DIRECTION('',(0.,0.,1.));
#7073=DIRECTION('',(1.,0.,0.));
#7074=DIRECTION('',(0.,0.,-1.));
#7075=DIRECTION('',(1.,0.,0.));
#7076=DIRECTION('',(-1.,0.,0.));
#7077=DIRECTION('',(0.,0.,1.));
#7078=DIRECTION('',(0.,1.,0.));
#7079=DIRECTION('',(0.,0.,-1.));
#7080=DIRECTION('',(0.,1.,0.));
#7081=DIRECTION('',(0.,-1.,0.));
#7082=DIRECTION('',(0.,0.,-1.));
#7083=DIRECTION('',(-1.,0.,0.));
#7084=DIRECTION('',(0.,0.,-1.));
#7085=DIRECTION('',(-1.,0.,0.));
#7086=DIRECTION('',(-1.,0.,0.));
#7087=DIRECTION('',(0.,0.,1.));
#7088=DIRECTION('',(0.,1.,0.));
#7089=DIRECTION('',(0.,0.,-1.));
#7090=DIRECTION('',(0.,1.,0.));
#7091=DIRECTION('',(0.,-1.,0.));
#7092=DIRECTION('',(0.,0.,-1.));
#7093=DIRECTION('',(-1.,0.,0.));
#7094=DIRECTION('',(-1.,0.,0.));
#7095=DIRECTION('',(0.,0.,1.));
#7096=DIRECTION('',(1.,0.,0.));
#7097=DIRECTION('',(0.,-1.,0.));
#7098=DIRECTION('',(-1.,0.,0.));
#7099=DIRECTION('',(0.,-1.,0.));
#7100=DIRECTION('',(-1.,0.,0.));
#7101=DIRECTION('',(0.,0.,1.));
#7102=DIRECTION('',(1.,0.,0.));
#7103=DIRECTION('',(-1.,0.,0.));
#7104=DIRECTION('',(0.,-1.,0.));
#7105=DIRECTION('',(-1.,0.,0.));
#7106=DIRECTION('',(0.,-1.,0.));
#7107=DIRECTION('',(-1.,0.,0.));
#7108=DIRECTION('',(0.,0.,1.));
#7109=DIRECTION('',(0.,0.,-1.));
#7110=DIRECTION('',(0.,0.,-1.));
#7111=DIRECTION('',(0.,1.,0.));
#7112=DIRECTION('',(0.,0.,1.));
#7113=DIRECTION('',(0.,0.,-1.));
#7114=DIRECTION('',(-1.,0.,0.));
#7115=DIRECTION('',(0.,0.,1.));
#7116=DIRECTION('',(0.,0.,-1.));
#7117=DIRECTION('',(0.,1.,0.));
#7118=DIRECTION('',(0.,0.,1.));
#7119=DIRECTION('',(0.,0.,1.));
#7120=DIRECTION('',(1.,0.,0.));
#7121=DIRECTION('',(0.,0.,-1.));
#7122=DIRECTION('',(-1.,0.,0.));
#7123=DIRECTION('',(0.,0.,1.));
#7124=DIRECTION('',(1.,0.,0.));
#7125=DIRECTION('',(0.,0.,-1.));
#7126=DIRECTION('',(0.,0.,1.));
#7127=DIRECTION('',(1.,0.,0.));
#7128=DIRECTION('',(0.,0.,-1.));
#7129=DIRECTION('',(0.,0.,-1.));
#7130=DIRECTION('',(-1.,0.,0.));
#7131=DIRECTION('',(0.,0.,1.));
#7132=DIRECTION('',(1.,0.,0.));
#7133=DIRECTION('',(0.,0.,1.));
#7134=DIRECTION('',(1.,0.,0.));
#7135=DIRECTION('',(0.,0.,1.));
#7136=DIRECTION('',(1.,0.,0.));
#7137=DIRECTION('',(0.,0.,1.));
#7138=DIRECTION('',(1.,0.,0.));
#7139=CARTESIAN_POINT('',(0.,0.,0.));
#7140=CARTESIAN_POINT('',(0.25,2.012,0.01));
#7141=CARTESIAN_POINT('',(0.25,2.012,0.));
#7142=CARTESIAN_POINT('',(0.25,2.,0.));
#7143=CARTESIAN_POINT('',(0.25,2.024,0.));
#7144=CARTESIAN_POINT('',(0.25,2.,0.01));
#7145=CARTESIAN_POINT('',(0.25,2.,0.01));
#7146=CARTESIAN_POINT('',(0.25,2.012,0.01));
#7147=CARTESIAN_POINT('',(0.25,2.024,0.01));
#7148=CARTESIAN_POINT('',(0.25,2.024,0.01));
#7149=CARTESIAN_POINT('',(0.266,2.,0.01));
#7150=CARTESIAN_POINT('',(0.266,2.,0.));
#7151=CARTESIAN_POINT('',(0.282,2.,0.));
#7152=CARTESIAN_POINT('',(0.282,2.,0.01));
#7153=CARTESIAN_POINT('',(0.282,2.,0.01));
#7154=CARTESIAN_POINT('',(0.266,2.,0.01));
#7155=CARTESIAN_POINT('',(0.282,2.012,0.01));
#7156=CARTESIAN_POINT('',(0.282,2.012,0.));
#7157=CARTESIAN_POINT('',(0.282,2.024,0.));
#7158=CARTESIAN_POINT('',(0.282,2.024,0.01));
#7159=CARTESIAN_POINT('',(0.282,2.024,0.01));
#7160=CARTESIAN_POINT('',(0.282,2.012,0.01));
#7161=CARTESIAN_POINT('',(0.266,2.024,0.01));
#7162=CARTESIAN_POINT('',(0.266,2.024,0.));
#7163=CARTESIAN_POINT('',(0.266,2.024,0.01));
#7164=CARTESIAN_POINT('',(0.266,2.012,0.01));
#7165=CARTESIAN_POINT('',(0.266,2.012,0.01));
#7166=CARTESIAN_POINT('',(0.269,2.012,0.01));
#7167=CARTESIAN_POINT('',(0.266,2.012,0.));
#7168=CARTESIAN_POINT('',(0.266,2.012,0.012));
#7169=CARTESIAN_POINT('',(0.266,2.012,0.004));
#7170=CARTESIAN_POINT('',(0.269,2.012,0.004));
#7171=CARTESIAN_POINT('',(0.266,2.012,0.004));
#7172=CARTESIAN_POINT('',(0.,0.,0.));
#7173=CARTESIAN_POINT('',(1.013,1.764,0.004));
#7174=CARTESIAN_POINT('',(1.013,1.764,0.));
#7175=CARTESIAN_POINT('',(1.019,1.764,0.));
#7176=CARTESIAN_POINT('',(1.007,1.764,0.));
#7177=CARTESIAN_POINT('',(1.007,1.764,0.004));
#7178=CARTESIAN_POINT('',(1.007,1.764,0.004));
#7179=CARTESIAN_POINT('',(1.013,1.764,0.004));
#7180=CARTESIAN_POINT('',(1.019,1.764,0.004));
#7181=CARTESIAN_POINT('',(1.019,1.764,0.004));
#7182=CARTESIAN_POINT('',(1.007,1.759,0.004));
#7183=CARTESIAN_POINT('',(1.007,1.759,0.));
#7184=CARTESIAN_POINT('',(1.007,1.754,0.));
#7185=CARTESIAN_POINT('',(1.007,1.754,0.004));
#7186=CARTESIAN_POINT('',(1.007,1.754,0.004));
#7187=CARTESIAN_POINT('',(1.007,1.759,0.004));
#7188=CARTESIAN_POINT('',(1.013,1.754,0.004));
#7189=CARTESIAN_POINT('',(1.013,1.754,0.));
#7190=CARTESIAN_POINT('',(1.019,1.754,0.));
#7191=CARTESIAN_POINT('',(1.019,1.754,0.004));
#7192=CARTESIAN_POINT('',(1.019,1.754,0.004));
#7193=CARTESIAN_POINT('',(1.013,1.754,0.004));
#7194=CARTESIAN_POINT('',(1.019,1.759,0.004));
#7195=CARTESIAN_POINT('',(1.019,1.759,0.));
#7196=CARTESIAN_POINT('',(1.019,1.759,0.004));
#7197=CARTESIAN_POINT('',(1.013,1.759,0.004));
#7198=CARTESIAN_POINT('',(1.007,1.759,0.004));
#7199=CARTESIAN_POINT('',(1.008,1.759,0.004));
#7200=CARTESIAN_POINT('',(1.013,1.759,0.));
#7201=CARTESIAN_POINT('',(1.007,1.759,0.));
#7202=CARTESIAN_POINT('',(1.008,1.759,0.));
#7203=CARTESIAN_POINT('',(1.007,1.759,0.005));
#7204=CARTESIAN_POINT('',(0.,0.,0.));
#7205=CARTESIAN_POINT('',(0.75,2.008,0.004));
#7206=CARTESIAN_POINT('',(0.75,2.008,0.));
#7207=CARTESIAN_POINT('',(0.75,2.,0.));
#7208=CARTESIAN_POINT('',(0.75,2.016,0.));
#7209=CARTESIAN_POINT('',(0.75,2.,0.004));
#7210=CARTESIAN_POINT('',(0.75,2.,0.018));
#7211=CARTESIAN_POINT('',(0.75,2.008,0.018));
#7212=CARTESIAN_POINT('',(0.75,2.016,0.018));
#7213=CARTESIAN_POINT('',(0.75,2.016,0.004));
#7214=CARTESIAN_POINT('',(0.762,2.,0.004));
#7215=CARTESIAN_POINT('',(0.762,2.,0.));
#7216=CARTESIAN_POINT('',(0.774,2.,0.));
#7217=CARTESIAN_POINT('',(0.774,2.,0.004));
#7218=CARTESIAN_POINT('',(0.774,2.,0.004));
#7219=CARTESIAN_POINT('',(0.762,2.,0.004));
#7220=CARTESIAN_POINT('',(0.754,2.,0.004));
#7221=CARTESIAN_POINT('',(0.754,2.,0.018));
#7222=CARTESIAN_POINT('',(0.754,2.,0.018));
#7223=CARTESIAN_POINT('',(0.752,2.,0.018));
#7224=CARTESIAN_POINT('',(0.774,2.008,0.004));
#7225=CARTESIAN_POINT('',(0.774,2.008,0.));
#7226=CARTESIAN_POINT('',(0.774,2.016,0.));
#7227=CARTESIAN_POINT('',(0.774,2.016,0.004));
#7228=CARTESIAN_POINT('',(0.774,2.016,0.004));
#7229=CARTESIAN_POINT('',(0.774,2.008,0.004));
#7230=CARTESIAN_POINT('',(0.762,2.016,0.004));
#7231=CARTESIAN_POINT('',(0.762,2.016,0.));
#7232=CARTESIAN_POINT('',(0.752,2.016,0.018));
#7233=CARTESIAN_POINT('',(0.754,2.016,0.018));
#7234=CARTESIAN_POINT('',(0.754,2.016,0.018));
#7235=CARTESIAN_POINT('',(0.754,2.016,0.004));
#7236=CARTESIAN_POINT('',(0.762,2.016,0.004));
#7237=CARTESIAN_POINT('',(0.762,2.008,0.004));
#7238=CARTESIAN_POINT('',(0.766,2.008,0.004));
#7239=CARTESIAN_POINT('',(0.768,2.008,0.004));
#7240=CARTESIAN_POINT('',(0.754,2.008,0.004));
#7241=CARTESIAN_POINT('',(0.762,2.008,0.));
#7242=CARTESIAN_POINT('',(0.766,2.008,0.));
#7243=CARTESIAN_POINT('',(0.768,2.008,0.));
#7244=CARTESIAN_POINT('',(0.754,2.008,0.018));
#7245=CARTESIAN_POINT('',(0.754,2.008,0.018));
#7246=CARTESIAN_POINT('',(0.752,2.008,0.018));
#7247=CARTESIAN_POINT('',(0.766,2.008,0.005));
#7248=CARTESIAN_POINT('',(0.,0.,0.));
#7249=CARTESIAN_POINT('',(0.,2.,0.014));
#7250=CARTESIAN_POINT('',(0.,2.,0.014));
#7251=CARTESIAN_POINT('',(0.003,2.,0.014));
#7252=CARTESIAN_POINT('',(0.,2.,0.));
#7253=CARTESIAN_POINT('',(0.003,2.,0.));
#7254=CARTESIAN_POINT('',(0.,2.,0.014));
#7255=CARTESIAN_POINT('',(0.,2.,0.014));
#7256=CARTESIAN_POINT('',(0.009,2.,0.014));
#7257=CARTESIAN_POINT('',(0.,2.,0.));
#7258=CARTESIAN_POINT('',(0.009,2.,0.));
#7259=CARTESIAN_POINT('',(0.,2.,0.014));
#7260=CARTESIAN_POINT('',(0.,2.,0.));
#7261=CARTESIAN_POINT('',(0.,0.,0.));
#7262=CARTESIAN_POINT('',(-0.003,1.75,0.004));
#7263=CARTESIAN_POINT('',(-0.003,1.75,0.));
#7264=CARTESIAN_POINT('',(3.46944695195361E-18,1.746,0.));
#7265=CARTESIAN_POINT('',(7.80625564189563E-18,1.754,0.));
#7266=CARTESIAN_POINT('',(3.46944695195361E-18,1.746,0.004));
#7267=CARTESIAN_POINT('',(3.46944695195361E-18,1.746,0.004));
#7268=CARTESIAN_POINT('',(-0.003,1.75,0.004));
#7269=CARTESIAN_POINT('',(7.80625564189563E-18,1.754,0.004));
#7270=CARTESIAN_POINT('',(7.80625564189563E-18,1.754,0.004));
#7271=CARTESIAN_POINT('',(0.00300000000000027,1.75,0.004));
#7272=CARTESIAN_POINT('',(0.00300000000000027,1.75,0.));
#7273=CARTESIAN_POINT('',(0.00300000000000027,1.75,0.004));
#7274=CARTESIAN_POINT('',(0.,1.75,0.004));
#7275=CARTESIAN_POINT('',(0.,1.75,0.));
#7276=CARTESIAN_POINT('',(0.,0.,0.));
#7277=CARTESIAN_POINT('',(2.79,2.016,0.008));
#7278=CARTESIAN_POINT('',(2.79,2.016,0.));
#7279=CARTESIAN_POINT('',(2.79,2.008,0.));
#7280=CARTESIAN_POINT('',(2.79,2.024,0.));
#7281=CARTESIAN_POINT('',(2.79,2.008,0.008));
#7282=CARTESIAN_POINT('',(2.79,2.008,0.008));
#7283=CARTESIAN_POINT('',(2.79,2.016,0.008));
#7284=CARTESIAN_POINT('',(2.79,2.024,0.008));
#7285=CARTESIAN_POINT('',(2.79,2.024,0.008));
#7286=CARTESIAN_POINT('',(2.802,2.008,0.008));
#7287=CARTESIAN_POINT('',(2.802,2.008,0.));
#7288=CARTESIAN_POINT('',(2.814,2.008,0.));
#7289=CARTESIAN_POINT('',(2.814,2.008,0.008));
#7290=CARTESIAN_POINT('',(2.814,2.008,0.008));
#7291=CARTESIAN_POINT('',(2.802,2.008,0.008));
#7292=CARTESIAN_POINT('',(2.814,2.016,0.008));
#7293=CARTESIAN_POINT('',(2.814,2.016,0.));
#7294=CARTESIAN_POINT('',(2.814,2.024,0.));
#7295=CARTESIAN_POINT('',(2.814,2.024,0.008));
#7296=CARTESIAN_POINT('',(2.814,2.024,0.008));
#7297=CARTESIAN_POINT('',(2.814,2.016,0.008));
#7298=CARTESIAN_POINT('',(2.802,2.024,0.008));
#7299=CARTESIAN_POINT('',(2.802,2.024,0.));
#7300=CARTESIAN_POINT('',(2.802,2.024,0.008));
#7301=CARTESIAN_POINT('',(2.802,2.016,0.008));
#7302=CARTESIAN_POINT('',(2.802,2.016,0.008));
#7303=CARTESIAN_POINT('',(2.804,2.016,0.008));
#7304=CARTESIAN_POINT('',(2.802,2.016,0.));
#7305=CARTESIAN_POINT('',(2.802,2.016,0.));
#7306=CARTESIAN_POINT('',(2.804,2.016,0.));
#7307=CARTESIAN_POINT('',(2.802,2.016,0.009));
#7308=CARTESIAN_POINT('',(0.,0.,0.));
#7309=CARTESIAN_POINT('',(0.00300000000000014,1.75,0.004));
#7310=CARTESIAN_POINT('',(0.00300000000000014,1.75,0.));
#7311=CARTESIAN_POINT('',(7.80625564189563E-18,1.754,0.));
#7312=CARTESIAN_POINT('',(3.46944695195361E-18,1.746,0.));
#7313=CARTESIAN_POINT('',(7.80625564189563E-18,1.754,0.004));
#7314=CARTESIAN_POINT('',(7.80625564189563E-18,1.754,0.004));
#7315=CARTESIAN_POINT('',(0.00300000000000014,1.75,0.004));
#7316=CARTESIAN_POINT('',(3.46944695195361E-18,1.746,0.004));
#7317=CARTESIAN_POINT('',(3.46944695195361E-18,1.746,0.004));
#7318=CARTESIAN_POINT('',(-0.00299999999999979,1.75,0.004));
#7319=CARTESIAN_POINT('',(-0.00299999999999979,1.75,0.));
#7320=CARTESIAN_POINT('',(-0.00299999999999979,1.75,0.004));
#7321=CARTESIAN_POINT('',(0.,1.75,0.004));
#7322=CARTESIAN_POINT('',(0.,1.75,0.));
#7323=CARTESIAN_POINT('',(0.,0.,0.));
#7324=CARTESIAN_POINT('',(1.255,1.7575,0.004));
#7325=CARTESIAN_POINT('',(1.255,1.7575,0.));
#7326=CARTESIAN_POINT('',(1.255,1.755,0.));
#7327=CARTESIAN_POINT('',(1.255,1.76,0.));
#7328=CARTESIAN_POINT('',(1.255,1.755,0.004));
#7329=CARTESIAN_POINT('',(1.255,1.755,0.004));
#7330=CARTESIAN_POINT('',(1.255,1.7575,0.004));
#7331=CARTESIAN_POINT('',(1.255,1.76,0.004));
#7332=CARTESIAN_POINT('',(1.255,1.76,0.004));
#7333=CARTESIAN_POINT('',(1.2575,1.755,0.004));
#7334=CARTESIAN_POINT('',(1.2575,1.755,0.));
#7335=CARTESIAN_POINT('',(1.26,1.755,0.));
#7336=CARTESIAN_POINT('',(1.26,1.755,0.004));
#7337=CARTESIAN_POINT('',(1.26,1.755,0.004));
#7338=CARTESIAN_POINT('',(1.2575,1.755,0.004));
#7339=CARTESIAN_POINT('',(1.26,1.7575,0.004));
#7340=CARTESIAN_POINT('',(1.26,1.7575,0.));
#7341=CARTESIAN_POINT('',(1.26,1.76,0.));
#7342=CARTESIAN_POINT('',(1.26,1.76,0.004));
#7343=CARTESIAN_POINT('',(1.26,1.76,0.004));
#7344=CARTESIAN_POINT('',(1.26,1.7575,0.004));
#7345=CARTESIAN_POINT('',(1.2575,1.76,0.004));
#7346=CARTESIAN_POINT('',(1.2575,1.76,0.));
#7347=CARTESIAN_POINT('',(1.2575,1.76,0.004));
#7348=CARTESIAN_POINT('',(1.2575,1.7575,0.004));
#7349=CARTESIAN_POINT('',(1.2575,1.7575,0.));
#7350=CARTESIAN_POINT('',(0.,0.,0.));
#7351=CARTESIAN_POINT('',(1.75,2.008,0.012));
#7352=CARTESIAN_POINT('',(1.75,2.008,0.));
#7353=CARTESIAN_POINT('',(1.75,2.,0.));
#7354=CARTESIAN_POINT('',(1.75,2.016,0.));
#7355=CARTESIAN_POINT('',(1.75,2.,0.012));
#7356=CARTESIAN_POINT('',(1.75,2.,0.012));
#7357=CARTESIAN_POINT('',(1.75,2.008,0.012));
#7358=CARTESIAN_POINT('',(1.75,2.016,0.012));
#7359=CARTESIAN_POINT('',(1.75,2.016,0.012));
#7360=CARTESIAN_POINT('',(1.762,2.,0.012));
#7361=CARTESIAN_POINT('',(1.758,2.,0.012));
#7362=CARTESIAN_POINT('',(1.758,2.,0.005));
#7363=CARTESIAN_POINT('',(1.758,2.,0.009));
#7364=CARTESIAN_POINT('',(1.762,2.,0.009));
#7365=CARTESIAN_POINT('',(1.766,2.,0.009));
#7366=CARTESIAN_POINT('',(1.766,2.,0.012));
#7367=CARTESIAN_POINT('',(1.766,2.,0.005));
#7368=CARTESIAN_POINT('',(1.762,2.,0.005));
#7369=CARTESIAN_POINT('',(1.762,2.,0.));
#7370=CARTESIAN_POINT('',(1.774,2.,0.));
#7371=CARTESIAN_POINT('',(1.774,2.,0.012));
#7372=CARTESIAN_POINT('',(1.774,2.,0.012));
#7373=CARTESIAN_POINT('',(1.762,2.,0.012));
#7374=CARTESIAN_POINT('',(1.774,2.008,0.012));
#7375=CARTESIAN_POINT('',(1.774,2.008,0.));
#7376=CARTESIAN_POINT('',(1.774,2.016,0.));
#7377=CARTESIAN_POINT('',(1.774,2.016,0.012));
#7378=CARTESIAN_POINT('',(1.774,2.016,0.012));
#7379=CARTESIAN_POINT('',(1.774,2.008,0.012));
#7380=CARTESIAN_POINT('',(1.762,2.016,0.012));
#7381=CARTESIAN_POINT('',(1.762,2.016,0.));
#7382=CARTESIAN_POINT('',(1.762,2.016,0.012));
#7383=CARTESIAN_POINT('',(1.762,2.008,0.012));
#7384=CARTESIAN_POINT('',(1.762,2.008,0.012));
#7385=CARTESIAN_POINT('',(1.764,2.008,0.012));
#7386=CARTESIAN_POINT('',(1.762,2.008,0.));
#7387=CARTESIAN_POINT('',(1.762,2.008,0.));
#7388=CARTESIAN_POINT('',(1.764,2.008,0.));
#7389=CARTESIAN_POINT('',(1.758,2.005,0.009));
#7390=CARTESIAN_POINT('',(1.758,2.005,0.005));
#7391=CARTESIAN_POINT('',(1.758,2.012,0.005));
#7392=CARTESIAN_POINT('',(1.758,2.012,0.009));
#7393=CARTESIAN_POINT('',(1.758,2.012,0.009));
#7394=CARTESIAN_POINT('',(1.758,2.005,0.009));
#7395=CARTESIAN_POINT('',(1.766,2.005,0.009));
#7396=CARTESIAN_POINT('',(1.766,2.005,0.009));
#7397=CARTESIAN_POINT('',(1.766,2.012,0.009));
#7398=CARTESIAN_POINT('',(1.766,2.012,0.009));
#7399=CARTESIAN_POINT('',(1.766,2.012,0.005));
#7400=CARTESIAN_POINT('',(1.766,2.005,0.005));
#7401=CARTESIAN_POINT('',(1.762,2.005,0.009));
#7402=CARTESIAN_POINT('',(1.762,2.008,0.009));
#7403=CARTESIAN_POINT('',(1.764,2.008,0.009));
#7404=CARTESIAN_POINT('',(1.762,2.012,0.009));
#7405=CARTESIAN_POINT('',(1.762,2.005,0.005));
#7406=CARTESIAN_POINT('',(1.762,2.008,0.005));
#7407=CARTESIAN_POINT('',(1.764,2.008,0.005));
#7408=CARTESIAN_POINT('',(1.762,2.012,0.005));
#7409=CARTESIAN_POINT('',(1.762,2.008,0.013));
#7410=CARTESIAN_POINT('',(1.762,2.008,0.013));
#7411=CARTESIAN_POINT('',(1.762,2.012,0.009));
#7412=CARTESIAN_POINT('',(0.,0.,0.));
#7413=CARTESIAN_POINT('',(0.75,2.266,0.011));
#7414=CARTESIAN_POINT('',(0.75,2.25,0.011));
#7415=CARTESIAN_POINT('',(0.75,2.25,0.022));
#7416=CARTESIAN_POINT('',(0.75,2.25,0.));
#7417=CARTESIAN_POINT('',(0.75,2.266,0.022));
#7418=CARTESIAN_POINT('',(0.75,2.266,0.022));
#7419=CARTESIAN_POINT('',(0.75,2.266,0.011));
#7420=CARTESIAN_POINT('',(0.75,2.266,0.));
#7421=CARTESIAN_POINT('',(0.75,2.266,0.));
#7422=CARTESIAN_POINT('',(0.762,2.266,0.));
#7423=CARTESIAN_POINT('',(0.762,2.25,0.));
#7424=CARTESIAN_POINT('',(0.774,2.25,0.));
#7425=CARTESIAN_POINT('',(0.762,2.266,0.));
#7426=CARTESIAN_POINT('',(0.774,2.266,0.));
#7427=CARTESIAN_POINT('',(0.774,2.266,0.));
#7428=CARTESIAN_POINT('',(0.774,2.266,0.003));
#7429=CARTESIAN_POINT('',(0.774,2.25,0.003));
#7430=CARTESIAN_POINT('',(0.774,2.25,0.006));
#7431=CARTESIAN_POINT('',(0.774,2.266,0.003));
#7432=CARTESIAN_POINT('',(0.774,2.266,0.006));
#7433=CARTESIAN_POINT('',(0.774,2.266,0.006));
#7434=CARTESIAN_POINT('',(0.765,2.266,0.006));
#7435=CARTESIAN_POINT('',(0.765,2.266,0.006));
#7436=CARTESIAN_POINT('',(0.758,2.266,0.006));
#7437=CARTESIAN_POINT('',(0.758,2.25,0.006));
#7438=CARTESIAN_POINT('',(0.758,2.25,0.006));
#7439=CARTESIAN_POINT('',(0.765,2.25,0.006));
#7440=CARTESIAN_POINT('',(0.756,2.266,0.014));
#7441=CARTESIAN_POINT('',(0.756,2.25,0.014));
#7442=CARTESIAN_POINT('',(0.756,2.25,0.008));
#7443=CARTESIAN_POINT('',(0.756,2.25,0.022));
#7444=CARTESIAN_POINT('',(0.756,2.266,0.008));
#7445=CARTESIAN_POINT('',(0.756,2.266,0.008));
#7446=CARTESIAN_POINT('',(0.756,2.266,0.014));
#7447=CARTESIAN_POINT('',(0.756,2.266,0.022));
#7448=CARTESIAN_POINT('',(0.756,2.266,0.022));
#7449=CARTESIAN_POINT('',(0.753,2.266,0.022));
#7450=CARTESIAN_POINT('',(0.753,2.25,0.022));
#7451=CARTESIAN_POINT('',(0.753,2.266,0.022));
#7452=CARTESIAN_POINT('',(0.762,2.266,0.011));
#7453=CARTESIAN_POINT('',(0.758,2.266,0.008));
#7454=CARTESIAN_POINT('',(0.762,2.25,0.011));
#7455=CARTESIAN_POINT('',(0.758,2.25,0.008));
#7456=CARTESIAN_POINT('',(0.758,2.266,0.008));
#7457=CARTESIAN_POINT('',(0.,0.,0.));
#7458=CARTESIAN_POINT('',(1.2575,1.755,0.004));
#7459=CARTESIAN_POINT('',(1.2575,1.755,0.));
#7460=CARTESIAN_POINT('',(1.255,1.755,0.));
#7461=CARTESIAN_POINT('',(1.26,1.755,0.));
#7462=CARTESIAN_POINT('',(1.255,1.755,0.004));
#7463=CARTESIAN_POINT('',(1.255,1.755,0.004));
#7464=CARTESIAN_POINT('',(1.2575,1.755,0.004));
#7465=CARTESIAN_POINT('',(1.26,1.755,0.004));
#7466=CARTESIAN_POINT('',(1.26,1.755,0.004));
#7467=CARTESIAN_POINT('',(1.255,1.7575,0.004));
#7468=CARTESIAN_POINT('',(1.255,1.7575,0.));
#7469=CARTESIAN_POINT('',(1.255,1.76,0.));
#7470=CARTESIAN_POINT('',(1.255,1.76,0.004));
#7471=CARTESIAN_POINT('',(1.255,1.76,0.004));
#7472=CARTESIAN_POINT('',(1.255,1.7575,0.004));
#7473=CARTESIAN_POINT('',(1.2525,1.76,0.004));
#7474=CARTESIAN_POINT('',(1.2525,1.76,0.));
#7475=CARTESIAN_POINT('',(1.25,1.76,0.));
#7476=CARTESIAN_POINT('',(1.25,1.76,0.004));
#7477=CARTESIAN_POINT('',(1.25,1.76,0.004));
#7478=CARTESIAN_POINT('',(1.2525,1.76,0.004));
#7479=CARTESIAN_POINT('',(1.25,1.755,0.004));
#7480=CARTESIAN_POINT('',(1.25,1.755,0.));
#7481=CARTESIAN_POINT('',(1.25,1.75,0.));
#7482=CARTESIAN_POINT('',(1.25,1.75,0.004));
#7483=CARTESIAN_POINT('',(1.25,1.75,0.004));
#7484=CARTESIAN_POINT('',(1.25,1.755,0.004));
#7485=CARTESIAN_POINT('',(1.255,1.75,0.004));
#7486=CARTESIAN_POINT('',(1.255,1.75,0.));
#7487=CARTESIAN_POINT('',(1.26,1.75,0.));
#7488=CARTESIAN_POINT('',(1.26,1.75,0.004));
#7489=CARTESIAN_POINT('',(1.26,1.75,0.004));
#7490=CARTESIAN_POINT('',(1.255,1.75,0.004));
#7491=CARTESIAN_POINT('',(1.26,1.7525,0.004));
#7492=CARTESIAN_POINT('',(1.26,1.7525,0.));
#7493=CARTESIAN_POINT('',(1.26,1.7525,0.004));
#7494=CARTESIAN_POINT('',(1.2575,1.7575,0.004));
#7495=CARTESIAN_POINT('',(1.2575,1.7575,0.));
#7496=CARTESIAN_POINT('',(0.,0.,0.));
#7497=CARTESIAN_POINT('',(0.504,2.25,0.));
#7498=CARTESIAN_POINT('',(0.5,2.25,0.));
#7499=CARTESIAN_POINT('',(0.492,2.25,0.));
#7500=CARTESIAN_POINT('',(0.5,2.25,0.));
#7501=CARTESIAN_POINT('',(0.5,2.25,0.006));
#7502=CARTESIAN_POINT('',(0.492,2.25,0.006));
#7503=CARTESIAN_POINT('',(0.5065,2.25,0.006));
#7504=CARTESIAN_POINT('',(0.5,2.25,0.006));
#7505=CARTESIAN_POINT('',(0.495,2.25,0.006));
#7506=CARTESIAN_POINT('',(0.5,2.25,0.));
#7507=CARTESIAN_POINT('',(0.5,2.25,0.018));
#7508=CARTESIAN_POINT('',(0.495,2.25,0.018));
#7509=CARTESIAN_POINT('',(0.5025,2.25,0.018));
#7510=CARTESIAN_POINT('',(0.,0.,0.));
#7511=CARTESIAN_POINT('',(1.255,1.7625,0.004));
#7512=CARTESIAN_POINT('',(1.255,1.7625,0.));
#7513=CARTESIAN_POINT('',(1.255,1.76,0.));
#7514=CARTESIAN_POINT('',(1.255,1.765,0.));
#7515=CARTESIAN_POINT('',(1.255,1.76,0.004));
#7516=CARTESIAN_POINT('',(1.255,1.76,0.004));
#7517=CARTESIAN_POINT('',(1.255,1.7625,0.004));
#7518=CARTESIAN_POINT('',(1.255,1.765,0.004));
#7519=CARTESIAN_POINT('',(1.255,1.765,0.004));
#7520=CARTESIAN_POINT('',(1.2575,1.76,0.004));
#7521=CARTESIAN_POINT('',(1.2575,1.76,0.));
#7522=CARTESIAN_POINT('',(1.26,1.76,0.));
#7523=CARTESIAN_POINT('',(1.26,1.76,0.004));
#7524=CARTESIAN_POINT('',(1.26,1.76,0.004));
#7525=CARTESIAN_POINT('',(1.2575,1.76,0.004));
#7526=CARTESIAN_POINT('',(1.26,1.7575,0.004));
#7527=CARTESIAN_POINT('',(1.26,1.7575,0.));
#7528=CARTESIAN_POINT('',(1.26,1.755,0.));
#7529=CARTESIAN_POINT('',(1.26,1.755,0.004));
#7530=CARTESIAN_POINT('',(1.26,1.755,0.004));
#7531=CARTESIAN_POINT('',(1.26,1.7575,0.004));
#7532=CARTESIAN_POINT('',(1.2625,1.755,0.004));
#7533=CARTESIAN_POINT('',(1.2625,1.755,0.));
#7534=CARTESIAN_POINT('',(1.265,1.755,0.));
#7535=CARTESIAN_POINT('',(1.265,1.755,0.004));
#7536=CARTESIAN_POINT('',(1.265,1.755,0.004));
#7537=CARTESIAN_POINT('',(1.2625,1.755,0.004));
#7538=CARTESIAN_POINT('',(1.265,1.76,0.004));
#7539=CARTESIAN_POINT('',(1.265,1.76,0.));
#7540=CARTESIAN_POINT('',(1.265,1.765,0.));
#7541=CARTESIAN_POINT('',(1.265,1.765,0.004));
#7542=CARTESIAN_POINT('',(1.265,1.765,0.004));
#7543=CARTESIAN_POINT('',(1.265,1.76,0.004));
#7544=CARTESIAN_POINT('',(1.26,1.765,0.004));
#7545=CARTESIAN_POINT('',(1.26,1.765,0.));
#7546=CARTESIAN_POINT('',(1.26,1.765,0.004));
#7547=CARTESIAN_POINT('',(1.2575,1.7575,0.004));
#7548=CARTESIAN_POINT('',(1.2575,1.7575,0.));
#7549=CARTESIAN_POINT('',(0.,0.,0.));
#7550=CARTESIAN_POINT('',(1.25,2.,0.012));
#7551=CARTESIAN_POINT('',(1.25,2.,0.012));
#7552=CARTESIAN_POINT('',(1.26,2.,0.012));
#7553=CARTESIAN_POINT('',(1.25433012701892,2.0025,0.012));
#7554=CARTESIAN_POINT('',(1.25288675134595,2.005,0.012));
#7555=CARTESIAN_POINT('',(1.2557735026919,2.,0.012));
#7556=CARTESIAN_POINT('',(1.25433012701892,1.9975,0.012));
#7557=CARTESIAN_POINT('',(1.25288675134595,1.995,0.012));
#7558=CARTESIAN_POINT('',(1.25,1.995,0.012));
#7559=CARTESIAN_POINT('',(1.24711324865405,1.995,0.012));
#7560=CARTESIAN_POINT('',(1.24566987298108,1.9975,0.012));
#7561=CARTESIAN_POINT('',(1.2442264973081,2.,0.012));
#7562=CARTESIAN_POINT('',(1.24566987298108,2.0025,0.012));
#7563=CARTESIAN_POINT('',(1.24711324865405,2.005,0.012));
#7564=CARTESIAN_POINT('',(1.25,2.005,0.012));
#7565=CARTESIAN_POINT('',(1.25,2.,0.012));
#7566=CARTESIAN_POINT('',(1.25,2.,0.));
#7567=CARTESIAN_POINT('',(1.26,2.,0.));
#7568=CARTESIAN_POINT('',(1.25,2.,0.));
#7569=CARTESIAN_POINT('',(1.25,2.,0.));
#7570=CARTESIAN_POINT('',(1.252,2.,0.));
#7571=CARTESIAN_POINT('',(1.25,2.,0.013));
#7572=CARTESIAN_POINT('',(1.25,2.,0.008));
#7573=CARTESIAN_POINT('',(1.252,2.,0.008));
#7574=CARTESIAN_POINT('',(1.25433012701892,1.9975,0.013));
#7575=CARTESIAN_POINT('',(1.2557735026919,2.,0.013));
#7576=CARTESIAN_POINT('',(1.2557735026919,2.,0.008));
#7577=CARTESIAN_POINT('',(1.25433012701892,1.9975,0.008));
#7578=CARTESIAN_POINT('',(1.25288675134595,1.995,0.008));
#7579=CARTESIAN_POINT('',(1.25288675134595,1.995,0.013));
#7580=CARTESIAN_POINT('',(1.25433012701892,2.0025,0.013));
#7581=CARTESIAN_POINT('',(1.25288675134595,2.005,0.013));
#7582=CARTESIAN_POINT('',(1.25288675134595,2.005,0.008));
#7583=CARTESIAN_POINT('',(1.25433012701892,2.0025,0.008));
#7584=CARTESIAN_POINT('',(1.25,2.005,0.013));
#7585=CARTESIAN_POINT('',(1.24711324865405,2.005,0.013));
#7586=CARTESIAN_POINT('',(1.24711324865405,2.005,0.008));
#7587=CARTESIAN_POINT('',(1.25,2.005,0.008));
#7588=CARTESIAN_POINT('',(1.24566987298108,2.0025,0.013));
#7589=CARTESIAN_POINT('',(1.2442264973081,2.,0.013));
#7590=CARTESIAN_POINT('',(1.2442264973081,2.,0.008));
#7591=CARTESIAN_POINT('',(1.24566987298108,2.0025,0.008));
#7592=CARTESIAN_POINT('',(1.24566987298108,1.9975,0.013));
#7593=CARTESIAN_POINT('',(1.24711324865405,1.995,0.013));
#7594=CARTESIAN_POINT('',(1.24711324865405,1.995,0.008));
#7595=CARTESIAN_POINT('',(1.24566987298108,1.9975,0.008));
#7596=CARTESIAN_POINT('',(1.25,1.995,0.013));
#7597=CARTESIAN_POINT('',(1.25,1.995,0.008));
#7598=CARTESIAN_POINT('',(1.25,2.,0.008));
#7599=CARTESIAN_POINT('',(0.,0.,0.));
#7600=CARTESIAN_POINT('',(0.258863703305157,2.24896472381959,0.004));
#7601=CARTESIAN_POINT('',(0.258863703305157,2.24896472381959,0.));
#7602=CARTESIAN_POINT('',(0.257727406610313,2.24792944763918,0.));
#7603=CARTESIAN_POINT('',(0.26,2.25,0.));
#7604=CARTESIAN_POINT('',(0.26,2.25,0.004));
#7605=CARTESIAN_POINT('',(0.26,2.25,0.004));
#7606=CARTESIAN_POINT('',(0.258863703305157,2.24896472381959,0.004));
#7607=CARTESIAN_POINT('',(0.257727406610313,2.24792944763918,0.004));
#7608=CARTESIAN_POINT('',(0.257727406610313,2.24792944763918,0.004));
#7609=CARTESIAN_POINT('',(0.258863703305157,2.25103527618041,0.004));
#7610=CARTESIAN_POINT('',(0.258863703305157,2.25103527618041,0.));
#7611=CARTESIAN_POINT('',(0.257727406610313,2.25207055236082,0.));
#7612=CARTESIAN_POINT('',(0.257727406610313,2.25207055236082,0.004));
#7613=CARTESIAN_POINT('',(0.257727406610313,2.25207055236082,0.004));
#7614=CARTESIAN_POINT('',(0.258863703305157,2.25103527618041,0.004));
#7615=CARTESIAN_POINT('',(0.258193830324078,2.25353527618041,0.004));
#7616=CARTESIAN_POINT('',(0.258193830324078,2.25353527618041,0.));
#7617=CARTESIAN_POINT('',(0.258660254037844,2.255,0.));
#7618=CARTESIAN_POINT('',(0.258660254037844,2.255,0.004));
#7619=CARTESIAN_POINT('',(0.258660254037844,2.255,0.004));
#7620=CARTESIAN_POINT('',(0.258193830324078,2.25353527618041,0.004));
#7621=CARTESIAN_POINT('',(0.257158554143669,2.25532842712474,0.004));
#7622=CARTESIAN_POINT('',(0.257158554143669,2.25532842712474,0.));
#7623=CARTESIAN_POINT('',(0.255656854249492,2.25565685424949,0.));
#7624=CARTESIAN_POINT('',(0.255656854249492,2.25565685424949,0.004));
#7625=CARTESIAN_POINT('',(0.255656854249492,2.25565685424949,0.004));
#7626=CARTESIAN_POINT('',(0.257158554143669,2.25532842712474,0.004));
#7627=CARTESIAN_POINT('',(0.255328427124746,2.25715855414367,0.004));
#7628=CARTESIAN_POINT('',(0.255328427124746,2.25715855414367,0.));
#7629=CARTESIAN_POINT('',(0.255,2.25866025403785,0.));
#7630=CARTESIAN_POINT('',(0.255,2.25866025403785,0.004));
#7631=CARTESIAN_POINT('',(0.255,2.25866025403785,0.004));
#7632=CARTESIAN_POINT('',(0.255328427124746,2.25715855414367,0.004));
#7633=CARTESIAN_POINT('',(0.25353527618041,2.25819383032408,0.004));
#7634=CARTESIAN_POINT('',(0.25353527618041,2.25819383032408,0.));
#7635=CARTESIAN_POINT('',(0.25207055236082,2.25772740661031,0.));
#7636=CARTESIAN_POINT('',(0.25207055236082,2.25772740661031,0.004));
#7637=CARTESIAN_POINT('',(0.25207055236082,2.25772740661031,0.004));
#7638=CARTESIAN_POINT('',(0.25353527618041,2.25819383032408,0.004));
#7639=CARTESIAN_POINT('',(0.25103527618041,2.25886370330515,0.004));
#7640=CARTESIAN_POINT('',(0.25103527618041,2.25886370330515,0.));
#7641=CARTESIAN_POINT('',(0.25,2.26,0.));
#7642=CARTESIAN_POINT('',(0.25,2.26,0.004));
#7643=CARTESIAN_POINT('',(0.25,2.26,0.004));
#7644=CARTESIAN_POINT('',(0.25103527618041,2.25886370330515,0.004));
#7645=CARTESIAN_POINT('',(0.24896472381959,2.25886370330515,0.004));
#7646=CARTESIAN_POINT('',(0.24896472381959,2.25886370330515,0.));
#7647=CARTESIAN_POINT('',(0.247929447639179,2.25772740661031,0.));
#7648=CARTESIAN_POINT('',(0.247929447639179,2.25772740661031,0.004));
#7649=CARTESIAN_POINT('',(0.247929447639179,2.25772740661031,0.004));
#7650=CARTESIAN_POINT('',(0.24896472381959,2.25886370330515,0.004));
#7651=CARTESIAN_POINT('',(0.24646472381959,2.25819383032408,0.004));
#7652=CARTESIAN_POINT('',(0.24646472381959,2.25819383032408,0.));
#7653=CARTESIAN_POINT('',(0.245,2.25866025403785,0.));
#7654=CARTESIAN_POINT('',(0.245,2.25866025403785,0.004));
#7655=CARTESIAN_POINT('',(0.245,2.25866025403785,0.004));
#7656=CARTESIAN_POINT('',(0.24646472381959,2.25819383032408,0.004));
#7657=CARTESIAN_POINT('',(0.244671572875254,2.25715855414367,0.004));
#7658=CARTESIAN_POINT('',(0.244671572875254,2.25715855414367,0.));
#7659=CARTESIAN_POINT('',(0.244343145750508,2.25565685424949,0.));
#7660=CARTESIAN_POINT('',(0.244343145750508,2.25565685424949,0.004));
#7661=CARTESIAN_POINT('',(0.244343145750508,2.25565685424949,0.004));
#7662=CARTESIAN_POINT('',(0.244671572875254,2.25715855414367,0.004));
#7663=CARTESIAN_POINT('',(0.242841445856331,2.25532842712474,0.004));
#7664=CARTESIAN_POINT('',(0.242841445856331,2.25532842712474,0.));
#7665=CARTESIAN_POINT('',(0.241339745962155,2.255,0.));
#7666=CARTESIAN_POINT('',(0.241339745962155,2.255,0.004));
#7667=CARTESIAN_POINT('',(0.241339745962155,2.255,0.004));
#7668=CARTESIAN_POINT('',(0.242841445856331,2.25532842712474,0.004));
#7669=CARTESIAN_POINT('',(0.241806169675922,2.25353527618041,0.004));
#7670=CARTESIAN_POINT('',(0.241806169675922,2.25353527618041,0.));
#7671=CARTESIAN_POINT('',(0.242272593389688,2.25207055236082,0.));
#7672=CARTESIAN_POINT('',(0.242272593389688,2.25207055236082,0.004));
#7673=CARTESIAN_POINT('',(0.242272593389688,2.25207055236082,0.004));
#7674=CARTESIAN_POINT('',(0.241806169675922,2.25353527618041,0.004));
#7675=CARTESIAN_POINT('',(0.241136296694844,2.25103527618041,0.004));
#7676=CARTESIAN_POINT('',(0.241136296694844,2.25103527618041,0.));
#7677=CARTESIAN_POINT('',(0.24,2.25,0.));
#7678=CARTESIAN_POINT('',(0.24,2.25,0.004));
#7679=CARTESIAN_POINT('',(0.24,2.25,0.004));
#7680=CARTESIAN_POINT('',(0.241136296694844,2.25103527618041,0.004));
#7681=CARTESIAN_POINT('',(0.241136296694844,2.24896472381959,0.004));
#7682=CARTESIAN_POINT('',(0.241136296694844,2.24896472381959,0.));
#7683=CARTESIAN_POINT('',(0.242272593389688,2.24792944763918,0.));
#7684=CARTESIAN_POINT('',(0.242272593389688,2.24792944763918,0.004));
#7685=CARTESIAN_POINT('',(0.242272593389688,2.24792944763918,0.004));
#7686=CARTESIAN_POINT('',(0.241136296694844,2.24896472381959,0.004));
#7687=CARTESIAN_POINT('',(0.241806169675922,2.24646472381959,0.004));
#7688=CARTESIAN_POINT('',(0.241806169675922,2.24646472381959,0.));
#7689=CARTESIAN_POINT('',(0.241339745962155,2.245,0.));
#7690=CARTESIAN_POINT('',(0.241339745962155,2.245,0.004));
#7691=CARTESIAN_POINT('',(0.241339745962155,2.245,0.004));
#7692=CARTESIAN_POINT('',(0.241806169675922,2.24646472381959,0.004));
#7693=CARTESIAN_POINT('',(0.242841445856331,2.24467157287526,0.004));
#7694=CARTESIAN_POINT('',(0.242841445856331,2.24467157287526,0.));
#7695=CARTESIAN_POINT('',(0.244343145750508,2.24434314575051,0.));
#7696=CARTESIAN_POINT('',(0.244343145750508,2.24434314575051,0.004));
#7697=CARTESIAN_POINT('',(0.244343145750508,2.24434314575051,0.004));
#7698=CARTESIAN_POINT('',(0.242841445856331,2.24467157287526,0.004));
#7699=CARTESIAN_POINT('',(0.244671572875254,2.24284144585633,0.004));
#7700=CARTESIAN_POINT('',(0.244671572875254,2.24284144585633,0.));
#7701=CARTESIAN_POINT('',(0.245,2.24133974596216,0.));
#7702=CARTESIAN_POINT('',(0.245,2.24133974596216,0.004));
#7703=CARTESIAN_POINT('',(0.245,2.24133974596216,0.004));
#7704=CARTESIAN_POINT('',(0.244671572875254,2.24284144585633,0.004));
#7705=CARTESIAN_POINT('',(0.24646472381959,2.24180616967592,0.004));
#7706=CARTESIAN_POINT('',(0.24646472381959,2.24180616967592,0.));
#7707=CARTESIAN_POINT('',(0.24792944763918,2.24227259338969,0.));
#7708=CARTESIAN_POINT('',(0.24792944763918,2.24227259338969,0.004));
#7709=CARTESIAN_POINT('',(0.24792944763918,2.24227259338969,0.004));
#7710=CARTESIAN_POINT('',(0.24646472381959,2.24180616967592,0.004));
#7711=CARTESIAN_POINT('',(0.24896472381959,2.24113629669485,0.004));
#7712=CARTESIAN_POINT('',(0.24896472381959,2.24113629669485,0.));
#7713=CARTESIAN_POINT('',(0.25,2.24,0.));
#7714=CARTESIAN_POINT('',(0.25,2.24,0.004));
#7715=CARTESIAN_POINT('',(0.25,2.24,0.004));
#7716=CARTESIAN_POINT('',(0.24896472381959,2.24113629669485,0.004));
#7717=CARTESIAN_POINT('',(0.25103527618041,2.24113629669485,0.004));
#7718=CARTESIAN_POINT('',(0.25103527618041,2.24113629669485,0.));
#7719=CARTESIAN_POINT('',(0.25207055236082,2.24227259338969,0.));
#7720=CARTESIAN_POINT('',(0.25207055236082,2.24227259338969,0.004));
#7721=CARTESIAN_POINT('',(0.25207055236082,2.24227259338969,0.004));
#7722=CARTESIAN_POINT('',(0.25103527618041,2.24113629669485,0.004));
#7723=CARTESIAN_POINT('',(0.25353527618041,2.24180616967592,0.004));
#7724=CARTESIAN_POINT('',(0.25353527618041,2.24180616967592,0.));
#7725=CARTESIAN_POINT('',(0.255,2.24133974596216,0.));
#7726=CARTESIAN_POINT('',(0.255,2.24133974596216,0.004));
#7727=CARTESIAN_POINT('',(0.255,2.24133974596216,0.004));
#7728=CARTESIAN_POINT('',(0.25353527618041,2.24180616967592,0.004));
#7729=CARTESIAN_POINT('',(0.255328427124746,2.24284144585633,0.004));
#7730=CARTESIAN_POINT('',(0.255328427124746,2.24284144585633,0.));
#7731=CARTESIAN_POINT('',(0.255656854249492,2.24434314575051,0.));
#7732=CARTESIAN_POINT('',(0.255656854249492,2.24434314575051,0.004));
#7733=CARTESIAN_POINT('',(0.255656854249492,2.24434314575051,0.004));
#7734=CARTESIAN_POINT('',(0.255328427124746,2.24284144585633,0.004));
#7735=CARTESIAN_POINT('',(0.257158554143669,2.24467157287526,0.004));
#7736=CARTESIAN_POINT('',(0.257158554143669,2.24467157287526,0.));
#7737=CARTESIAN_POINT('',(0.258660254037844,2.245,0.));
#7738=CARTESIAN_POINT('',(0.258660254037844,2.245,0.004));
#7739=CARTESIAN_POINT('',(0.258660254037844,2.245,0.004));
#7740=CARTESIAN_POINT('',(0.257158554143669,2.24467157287526,0.004));
#7741=CARTESIAN_POINT('',(0.258193830324078,2.24646472381959,0.004));
#7742=CARTESIAN_POINT('',(0.258193830324078,2.24646472381959,0.));
#7743=CARTESIAN_POINT('',(0.258193830324078,2.24646472381959,0.004));
#7744=CARTESIAN_POINT('',(0.25,2.25,0.004));
#7745=CARTESIAN_POINT('',(0.25,2.25,0.));
#7746=CARTESIAN_POINT('',(0.,0.,0.));
#7747=CARTESIAN_POINT('',(0.5,2.012,0.02));
#7748=CARTESIAN_POINT('',(0.5,2.018,0.014));
#7749=CARTESIAN_POINT('',(0.5,2.018,0.016));
#7750=CARTESIAN_POINT('',(0.5,2.012,0.));
#7751=CARTESIAN_POINT('',(0.5,2.,0.));
#7752=CARTESIAN_POINT('',(0.5,2.024,0.));
#7753=CARTESIAN_POINT('',(0.5,2.,0.02));
#7754=CARTESIAN_POINT('',(0.5,2.,0.02));
#7755=CARTESIAN_POINT('',(0.5,2.012,0.02));
#7756=CARTESIAN_POINT('',(0.5,2.024,0.02));
#7757=CARTESIAN_POINT('',(0.5,2.024,0.02));
#7758=CARTESIAN_POINT('',(0.52,2.,0.02));
#7759=CARTESIAN_POINT('',(0.52,2.,0.));
#7760=CARTESIAN_POINT('',(0.54,2.,0.));
#7761=CARTESIAN_POINT('',(0.54,2.,0.02));
#7762=CARTESIAN_POINT('',(0.54,2.,0.02));
#7763=CARTESIAN_POINT('',(0.52,2.,0.02));
#7764=CARTESIAN_POINT('',(0.54,2.012,0.02));
#7765=CARTESIAN_POINT('',(0.54,2.018,0.014));
#7766=CARTESIAN_POINT('',(0.54,2.018,0.016));
#7767=CARTESIAN_POINT('',(0.54,2.012,0.));
#7768=CARTESIAN_POINT('',(0.54,2.024,0.));
#7769=CARTESIAN_POINT('',(0.54,2.024,0.02));
#7770=CARTESIAN_POINT('',(0.54,2.024,0.02));
#7771=CARTESIAN_POINT('',(0.54,2.012,0.02));
#7772=CARTESIAN_POINT('',(0.52,2.024,0.02));
#7773=CARTESIAN_POINT('',(0.52,2.024,0.));
#7774=CARTESIAN_POINT('',(0.52,2.024,0.02));
#7775=CARTESIAN_POINT('',(0.52,2.012,0.02));
#7776=CARTESIAN_POINT('',(0.51,2.006,0.02));
#7777=CARTESIAN_POINT('',(0.512,2.006,0.02));
#7778=CARTESIAN_POINT('',(0.52,2.012,0.));
#7779=CARTESIAN_POINT('',(0.51,2.006,0.));
#7780=CARTESIAN_POINT('',(0.512,2.006,0.));
#7781=CARTESIAN_POINT('',(0.51,2.006,0.021));
#7782=CARTESIAN_POINT('',(0.541,2.018,0.014));
#7783=CARTESIAN_POINT('',(0.,0.,0.));
#7784=CARTESIAN_POINT('',(1.,2.265,0.02));
#7785=CARTESIAN_POINT('',(1.,2.265,0.));
#7786=CARTESIAN_POINT('',(1.,2.25,0.));
#7787=CARTESIAN_POINT('',(1.,2.28,0.));
#7788=CARTESIAN_POINT('',(1.,2.25,0.02));
#7789=CARTESIAN_POINT('',(1.,2.25,0.02));
#7790=CARTESIAN_POINT('',(1.,2.265,0.02));
#7791=CARTESIAN_POINT('',(1.,2.28,0.02));
#7792=CARTESIAN_POINT('',(1.,2.28,0.02));
#7793=CARTESIAN_POINT('',(1.02,2.25,0.02));
#7794=CARTESIAN_POINT('',(1.02,2.25,0.));
#7795=CARTESIAN_POINT('',(1.04,2.25,0.));
#7796=CARTESIAN_POINT('',(1.04,2.25,0.02));
#7797=CARTESIAN_POINT('',(1.04,2.25,0.02));
#7798=CARTESIAN_POINT('',(1.02,2.25,0.02));
#7799=CARTESIAN_POINT('',(1.04,2.265,0.02));
#7800=CARTESIAN_POINT('',(1.04,2.265,0.));
#7801=CARTESIAN_POINT('',(1.04,2.276,0.));
#7802=CARTESIAN_POINT('',(1.04,2.276,0.02));
#7803=CARTESIAN_POINT('',(1.04,2.276,0.02));
#7804=CARTESIAN_POINT('',(1.04,2.265,0.02));
#7805=CARTESIAN_POINT('',(1.02,2.28,0.02));
#7806=CARTESIAN_POINT('',(1.02,2.28,0.02));
#7807=CARTESIAN_POINT('',(1.036,2.28,0.02));
#7808=CARTESIAN_POINT('',(1.036,2.28,0.));
#7809=CARTESIAN_POINT('',(1.036,2.28,0.));
#7810=CARTESIAN_POINT('',(1.02,2.28,0.));
#7811=CARTESIAN_POINT('',(1.02,2.265,0.02));
#7812=CARTESIAN_POINT('',(1.036,2.276,0.02));
#7813=CARTESIAN_POINT('',(1.02,2.265,0.));
#7814=CARTESIAN_POINT('',(1.036,2.276,0.));
#7815=CARTESIAN_POINT('',(1.036,2.276,0.02));
#7816=CARTESIAN_POINT('',(0.,0.,0.));
#7817=CARTESIAN_POINT('',(1.00886370330516,1.99896472381959,0.004));
#7818=CARTESIAN_POINT('',(1.00886370330516,1.99896472381959,0.));
#7819=CARTESIAN_POINT('',(1.00772740661031,1.99792944763918,0.));
#7820=CARTESIAN_POINT('',(1.01,2.,0.));
#7821=CARTESIAN_POINT('',(1.01,2.,0.004));
#7822=CARTESIAN_POINT('',(1.01,2.,0.004));
#7823=CARTESIAN_POINT('',(1.00886370330516,1.99896472381959,0.004));
#7824=CARTESIAN_POINT('',(1.00772740661031,1.99792944763918,0.004));
#7825=CARTESIAN_POINT('',(1.00772740661031,1.99792944763918,0.004));
#7826=CARTESIAN_POINT('',(1.00886370330516,2.00103527618041,0.004));
#7827=CARTESIAN_POINT('',(1.00886370330516,2.00103527618041,0.));
#7828=CARTESIAN_POINT('',(1.00772740661031,2.00207055236082,0.));
#7829=CARTESIAN_POINT('',(1.00772740661031,2.00207055236082,0.004));
#7830=CARTESIAN_POINT('',(1.00772740661031,2.00207055236082,0.004));
#7831=CARTESIAN_POINT('',(1.00886370330516,2.00103527618041,0.004));
#7832=CARTESIAN_POINT('',(1.00819383032408,2.00353527618041,0.004));
#7833=CARTESIAN_POINT('',(1.00819383032408,2.00353527618041,0.));
#7834=CARTESIAN_POINT('',(1.00866025403784,2.005,0.));
#7835=CARTESIAN_POINT('',(1.00866025403784,2.005,0.004));
#7836=CARTESIAN_POINT('',(1.00866025403784,2.005,0.004));
#7837=CARTESIAN_POINT('',(1.00819383032408,2.00353527618041,0.004));
#7838=CARTESIAN_POINT('',(1.00715855414367,2.00532842712474,0.004));
#7839=CARTESIAN_POINT('',(1.00715855414367,2.00532842712474,0.));
#7840=CARTESIAN_POINT('',(1.00565685424949,2.0056568542495,0.));
#7841=CARTESIAN_POINT('',(1.00565685424949,2.0056568542495,0.004));
#7842=CARTESIAN_POINT('',(1.00565685424949,2.0056568542495,0.004));
#7843=CARTESIAN_POINT('',(1.00715855414367,2.00532842712474,0.004));
#7844=CARTESIAN_POINT('',(1.00532842712475,2.00715855414367,0.004));
#7845=CARTESIAN_POINT('',(1.00532842712475,2.00715855414367,0.));
#7846=CARTESIAN_POINT('',(1.005,2.00866025403784,0.));
#7847=CARTESIAN_POINT('',(1.005,2.00866025403784,0.004));
#7848=CARTESIAN_POINT('',(1.005,2.00866025403784,0.004));
#7849=CARTESIAN_POINT('',(1.00532842712475,2.00715855414367,0.004));
#7850=CARTESIAN_POINT('',(1.00353527618041,2.00819383032408,0.004));
#7851=CARTESIAN_POINT('',(1.00353527618041,2.00819383032408,0.));
#7852=CARTESIAN_POINT('',(1.00207055236082,2.00772740661031,0.));
#7853=CARTESIAN_POINT('',(1.00207055236082,2.00772740661031,0.004));
#7854=CARTESIAN_POINT('',(1.00207055236082,2.00772740661031,0.004));
#7855=CARTESIAN_POINT('',(1.00353527618041,2.00819383032408,0.004));
#7856=CARTESIAN_POINT('',(1.00103527618041,2.00886370330515,0.004));
#7857=CARTESIAN_POINT('',(1.00103527618041,2.00886370330515,0.));
#7858=CARTESIAN_POINT('',(1.,2.01,0.));
#7859=CARTESIAN_POINT('',(1.,2.01,0.004));
#7860=CARTESIAN_POINT('',(1.,2.01,0.004));
#7861=CARTESIAN_POINT('',(1.00103527618041,2.00886370330515,0.004));
#7862=CARTESIAN_POINT('',(0.99896472381959,2.00886370330515,0.004));
#7863=CARTESIAN_POINT('',(0.99896472381959,2.00886370330515,0.));
#7864=CARTESIAN_POINT('',(0.99792944763918,2.00772740661031,0.));
#7865=CARTESIAN_POINT('',(0.99792944763918,2.00772740661031,0.004));
#7866=CARTESIAN_POINT('',(0.99792944763918,2.00772740661031,0.004));
#7867=CARTESIAN_POINT('',(0.99896472381959,2.00886370330515,0.004));
#7868=CARTESIAN_POINT('',(0.99646472381959,2.00819383032408,0.004));
#7869=CARTESIAN_POINT('',(0.99646472381959,2.00819383032408,0.));
#7870=CARTESIAN_POINT('',(0.995,2.00866025403784,0.));
#7871=CARTESIAN_POINT('',(0.995,2.00866025403784,0.004));
#7872=CARTESIAN_POINT('',(0.995,2.00866025403784,0.004));
#7873=CARTESIAN_POINT('',(0.99646472381959,2.00819383032408,0.004));
#7874=CARTESIAN_POINT('',(0.994671572875254,2.00715855414367,0.004));
#7875=CARTESIAN_POINT('',(0.994671572875254,2.00715855414367,0.));
#7876=CARTESIAN_POINT('',(0.994343145750508,2.0056568542495,0.));
#7877=CARTESIAN_POINT('',(0.994343145750508,2.0056568542495,0.004));
#7878=CARTESIAN_POINT('',(0.994343145750508,2.0056568542495,0.004));
#7879=CARTESIAN_POINT('',(0.994671572875254,2.00715855414367,0.004));
#7880=CARTESIAN_POINT('',(0.992841445856332,2.00532842712474,0.004));
#7881=CARTESIAN_POINT('',(0.992841445856332,2.00532842712474,0.));
#7882=CARTESIAN_POINT('',(0.991339745962156,2.005,0.));
#7883=CARTESIAN_POINT('',(0.991339745962156,2.005,0.004));
#7884=CARTESIAN_POINT('',(0.991339745962156,2.005,0.004));
#7885=CARTESIAN_POINT('',(0.992841445856332,2.00532842712474,0.004));
#7886=CARTESIAN_POINT('',(0.991806169675922,2.00353527618041,0.004));
#7887=CARTESIAN_POINT('',(0.991806169675922,2.00353527618041,0.));
#7888=CARTESIAN_POINT('',(0.992272593389687,2.00207055236082,0.));
#7889=CARTESIAN_POINT('',(0.992272593389687,2.00207055236082,0.004));
#7890=CARTESIAN_POINT('',(0.992272593389687,2.00207055236082,0.004));
#7891=CARTESIAN_POINT('',(0.991806169675922,2.00353527618041,0.004));
#7892=CARTESIAN_POINT('',(0.991136296694844,2.00103527618041,0.004));
#7893=CARTESIAN_POINT('',(0.991136296694844,2.00103527618041,0.));
#7894=CARTESIAN_POINT('',(0.99,2.,0.));
#7895=CARTESIAN_POINT('',(0.99,2.,0.004));
#7896=CARTESIAN_POINT('',(0.99,2.,0.004));
#7897=CARTESIAN_POINT('',(0.991136296694844,2.00103527618041,0.004));
#7898=CARTESIAN_POINT('',(0.991136296694844,1.99896472381959,0.004));
#7899=CARTESIAN_POINT('',(0.991136296694844,1.99896472381959,0.));
#7900=CARTESIAN_POINT('',(0.992272593389687,1.99792944763918,0.));
#7901=CARTESIAN_POINT('',(0.992272593389687,1.99792944763918,0.004));
#7902=CARTESIAN_POINT('',(0.992272593389687,1.99792944763918,0.004));
#7903=CARTESIAN_POINT('',(0.991136296694844,1.99896472381959,0.004));
#7904=CARTESIAN_POINT('',(0.991806169675922,1.99646472381959,0.004));
#7905=CARTESIAN_POINT('',(0.991806169675922,1.99646472381959,0.));
#7906=CARTESIAN_POINT('',(0.991339745962156,1.995,0.));
#7907=CARTESIAN_POINT('',(0.991339745962156,1.995,0.004));
#7908=CARTESIAN_POINT('',(0.991339745962156,1.995,0.004));
#7909=CARTESIAN_POINT('',(0.991806169675922,1.99646472381959,0.004));
#7910=CARTESIAN_POINT('',(0.992841445856332,1.99467157287525,0.004));
#7911=CARTESIAN_POINT('',(0.992841445856332,1.99467157287525,0.));
#7912=CARTESIAN_POINT('',(0.994343145750508,1.99434314575051,0.));
#7913=CARTESIAN_POINT('',(0.994343145750508,1.99434314575051,0.004));
#7914=CARTESIAN_POINT('',(0.994343145750508,1.99434314575051,0.004));
#7915=CARTESIAN_POINT('',(0.992841445856332,1.99467157287525,0.004));
#7916=CARTESIAN_POINT('',(0.994671572875254,1.99284144585633,0.004));
#7917=CARTESIAN_POINT('',(0.994671572875254,1.99284144585633,0.));
#7918=CARTESIAN_POINT('',(0.995,1.99133974596216,0.));
#7919=CARTESIAN_POINT('',(0.995,1.99133974596216,0.004));
#7920=CARTESIAN_POINT('',(0.995,1.99133974596216,0.004));
#7921=CARTESIAN_POINT('',(0.994671572875254,1.99284144585633,0.004));
#7922=CARTESIAN_POINT('',(0.99646472381959,1.99180616967592,0.004));
#7923=CARTESIAN_POINT('',(0.99646472381959,1.99180616967592,0.));
#7924=CARTESIAN_POINT('',(0.99792944763918,1.99227259338969,0.));
#7925=CARTESIAN_POINT('',(0.99792944763918,1.99227259338969,0.004));
#7926=CARTESIAN_POINT('',(0.99792944763918,1.99227259338969,0.004));
#7927=CARTESIAN_POINT('',(0.99646472381959,1.99180616967592,0.004));
#7928=CARTESIAN_POINT('',(0.99896472381959,1.99113629669485,0.004));
#7929=CARTESIAN_POINT('',(0.99896472381959,1.99113629669485,0.));
#7930=CARTESIAN_POINT('',(1.,1.99,0.));
#7931=CARTESIAN_POINT('',(1.,1.99,0.004));
#7932=CARTESIAN_POINT('',(1.,1.99,0.004));
#7933=CARTESIAN_POINT('',(0.99896472381959,1.99113629669485,0.004));
#7934=CARTESIAN_POINT('',(1.00103527618041,1.99113629669485,0.004));
#7935=CARTESIAN_POINT('',(1.00103527618041,1.99113629669485,0.));
#7936=CARTESIAN_POINT('',(1.00207055236082,1.99227259338969,0.));
#7937=CARTESIAN_POINT('',(1.00207055236082,1.99227259338969,0.004));
#7938=CARTESIAN_POINT('',(1.00207055236082,1.99227259338969,0.004));
#7939=CARTESIAN_POINT('',(1.00103527618041,1.99113629669485,0.004));
#7940=CARTESIAN_POINT('',(1.00353527618041,1.99180616967592,0.004));
#7941=CARTESIAN_POINT('',(1.00353527618041,1.99180616967592,0.));
#7942=CARTESIAN_POINT('',(1.005,1.99133974596216,0.));
#7943=CARTESIAN_POINT('',(1.005,1.99133974596216,0.004));
#7944=CARTESIAN_POINT('',(1.005,1.99133974596216,0.004));
#7945=CARTESIAN_POINT('',(1.00353527618041,1.99180616967592,0.004));
#7946=CARTESIAN_POINT('',(1.00532842712475,1.99284144585633,0.004));
#7947=CARTESIAN_POINT('',(1.00532842712475,1.99284144585633,0.));
#7948=CARTESIAN_POINT('',(1.00565685424949,1.99434314575051,0.));
#7949=CARTESIAN_POINT('',(1.00565685424949,1.99434314575051,0.004));
#7950=CARTESIAN_POINT('',(1.00565685424949,1.99434314575051,0.004));
#7951=CARTESIAN_POINT('',(1.00532842712475,1.99284144585633,0.004));
#7952=CARTESIAN_POINT('',(1.00715855414367,1.99467157287525,0.004));
#7953=CARTESIAN_POINT('',(1.00715855414367,1.99467157287525,0.));
#7954=CARTESIAN_POINT('',(1.00866025403784,1.995,0.));
#7955=CARTESIAN_POINT('',(1.00866025403784,1.995,0.004));
#7956=CARTESIAN_POINT('',(1.00866025403784,1.995,0.004));
#7957=CARTESIAN_POINT('',(1.00715855414367,1.99467157287525,0.004));
#7958=CARTESIAN_POINT('',(1.,2.,0.004));
#7959=CARTESIAN_POINT('',(1.,2.,0.004));
#7960=CARTESIAN_POINT('',(1.003,2.,0.004));
#7961=CARTESIAN_POINT('',(1.,2.,0.));
#7962=CARTESIAN_POINT('',(1.003,2.,0.));
#7963=CARTESIAN_POINT('',(1.00819383032408,1.99646472381959,0.004));
#7964=CARTESIAN_POINT('',(1.00819383032408,1.99646472381959,0.));
#7965=CARTESIAN_POINT('',(1.00819383032408,1.99646472381959,0.004));
#7966=CARTESIAN_POINT('',(1.,2.,0.004));
#7967=CARTESIAN_POINT('',(1.,2.,0.));
#7968=CARTESIAN_POINT('',(0.,0.,0.));
#7969=CARTESIAN_POINT('',(1.7551961524227,1.747,0.004));
#7970=CARTESIAN_POINT('',(1.7551961524227,1.747,0.));
#7971=CARTESIAN_POINT('',(1.75346410161514,1.744,0.));
#7972=CARTESIAN_POINT('',(1.75692820323027,1.75,0.));
#7973=CARTESIAN_POINT('',(1.75692820323027,1.75,0.004));
#7974=CARTESIAN_POINT('',(1.75692820323027,1.75,0.004));
#7975=CARTESIAN_POINT('',(1.7551961524227,1.747,0.004));
#7976=CARTESIAN_POINT('',(1.75346410161514,1.744,0.004));
#7977=CARTESIAN_POINT('',(1.75346410161514,1.744,0.004));
#7978=CARTESIAN_POINT('',(1.7551961524227,1.753,0.004));
#7979=CARTESIAN_POINT('',(1.7551961524227,1.753,0.));
#7980=CARTESIAN_POINT('',(1.75346410161514,1.756,0.));
#7981=CARTESIAN_POINT('',(1.75346410161514,1.756,0.004));
#7982=CARTESIAN_POINT('',(1.75346410161514,1.756,0.004));
#7983=CARTESIAN_POINT('',(1.7551961524227,1.753,0.004));
#7984=CARTESIAN_POINT('',(1.75,1.756,0.004));
#7985=CARTESIAN_POINT('',(1.75,1.756,0.));
#7986=CARTESIAN_POINT('',(1.74653589838486,1.756,0.));
#7987=CARTESIAN_POINT('',(1.74653589838486,1.756,0.004));
#7988=CARTESIAN_POINT('',(1.74653589838486,1.756,0.004));
#7989=CARTESIAN_POINT('',(1.75,1.756,0.004));
#7990=CARTESIAN_POINT('',(1.7448038475773,1.753,0.004));
#7991=CARTESIAN_POINT('',(1.7448038475773,1.753,0.));
#7992=CARTESIAN_POINT('',(1.74307179676972,1.75,0.));
#7993=CARTESIAN_POINT('',(1.74307179676972,1.75,0.004));
#7994=CARTESIAN_POINT('',(1.74307179676972,1.75,0.004));
#7995=CARTESIAN_POINT('',(1.7448038475773,1.753,0.004));
#7996=CARTESIAN_POINT('',(1.7448038475773,1.747,0.004));
#7997=CARTESIAN_POINT('',(1.7448038475773,1.747,0.));
#7998=CARTESIAN_POINT('',(1.74653589838486,1.744,0.));
#7999=CARTESIAN_POINT('',(1.74653589838486,1.744,0.004));
#8000=CARTESIAN_POINT('',(1.74653589838486,1.744,0.004));
#8001=CARTESIAN_POINT('',(1.7448038475773,1.747,0.004));
#8002=CARTESIAN_POINT('',(1.75,1.75,0.004));
#8003=CARTESIAN_POINT('',(1.75,1.75,0.004));
#8004=CARTESIAN_POINT('',(1.7515,1.75,0.004));
#8005=CARTESIAN_POINT('',(1.75,1.75,0.));
#8006=CARTESIAN_POINT('',(1.7515,1.75,0.));
#8007=CARTESIAN_POINT('',(1.75,1.744,0.004));
#8008=CARTESIAN_POINT('',(1.75,1.744,0.));
#8009=CARTESIAN_POINT('',(1.75,1.744,0.004));
#8010=CARTESIAN_POINT('',(1.75,1.75,0.004));
#8011=CARTESIAN_POINT('',(1.75,1.75,0.));
#8012=CARTESIAN_POINT('',(0.,0.,0.));
#8013=CARTESIAN_POINT('',(1.515,1.75,0.004));
#8014=CARTESIAN_POINT('',(1.515,1.75,0.));
#8015=CARTESIAN_POINT('',(1.51,1.75,0.));
#8016=CARTESIAN_POINT('',(1.52,1.75,0.));
#8017=CARTESIAN_POINT('',(1.52,1.75,0.004));
#8018=CARTESIAN_POINT('',(1.52,1.75,0.004));
#8019=CARTESIAN_POINT('',(1.515,1.75,0.004));
#8020=CARTESIAN_POINT('',(1.51,1.75,0.004));
#8021=CARTESIAN_POINT('',(1.51,1.75,0.004));
#8022=CARTESIAN_POINT('',(1.52,1.755,0.004));
#8023=CARTESIAN_POINT('',(1.52,1.755,0.));
#8024=CARTESIAN_POINT('',(1.52,1.76,0.));
#8025=CARTESIAN_POINT('',(1.52,1.76,0.004));
#8026=CARTESIAN_POINT('',(1.52,1.76,0.004));
#8027=CARTESIAN_POINT('',(1.52,1.755,0.004));
#8028=CARTESIAN_POINT('',(1.515,1.76,0.004));
#8029=CARTESIAN_POINT('',(1.515,1.76,0.));
#8030=CARTESIAN_POINT('',(1.51,1.76,0.));
#8031=CARTESIAN_POINT('',(1.51,1.76,0.004));
#8032=CARTESIAN_POINT('',(1.51,1.76,0.004));
#8033=CARTESIAN_POINT('',(1.515,1.76,0.004));
#8034=CARTESIAN_POINT('',(1.51,1.755,0.004));
#8035=CARTESIAN_POINT('',(1.51,1.755,0.));
#8036=CARTESIAN_POINT('',(1.51,1.755,0.004));
#8037=CARTESIAN_POINT('',(1.51,1.755,0.004));
#8038=CARTESIAN_POINT('',(1.51,1.755,0.));
#8039=CARTESIAN_POINT('',(0.,0.,0.));
#8040=CARTESIAN_POINT('',(1.5,1.755,0.004));
#8041=CARTESIAN_POINT('',(1.5,1.755,0.));
#8042=CARTESIAN_POINT('',(1.5,1.76,0.));
#8043=CARTESIAN_POINT('',(1.5,1.75,0.));
#8044=CARTESIAN_POINT('',(1.5,1.75,0.004));
#8045=CARTESIAN_POINT('',(1.5,1.75,0.004));
#8046=CARTESIAN_POINT('',(1.5,1.755,0.004));
#8047=CARTESIAN_POINT('',(1.5,1.76,0.004));
#8048=CARTESIAN_POINT('',(1.5,1.76,0.004));
#8049=CARTESIAN_POINT('',(1.505,1.75,0.004));
#8050=CARTESIAN_POINT('',(1.505,1.75,0.));
#8051=CARTESIAN_POINT('',(1.51,1.75,0.));
#8052=CARTESIAN_POINT('',(1.51,1.75,0.004));
#8053=CARTESIAN_POINT('',(1.51,1.75,0.004));
#8054=CARTESIAN_POINT('',(1.505,1.75,0.004));
#8055=CARTESIAN_POINT('',(1.51,1.755,0.004));
#8056=CARTESIAN_POINT('',(1.51,1.755,0.));
#8057=CARTESIAN_POINT('',(1.51,1.76,0.));
#8058=CARTESIAN_POINT('',(1.51,1.76,0.004));
#8059=CARTESIAN_POINT('',(1.51,1.76,0.004));
#8060=CARTESIAN_POINT('',(1.51,1.755,0.004));
#8061=CARTESIAN_POINT('',(1.505,1.76,0.004));
#8062=CARTESIAN_POINT('',(1.505,1.76,0.));
#8063=CARTESIAN_POINT('',(1.505,1.76,0.004));
#8064=CARTESIAN_POINT('',(1.51,1.755,0.004));
#8065=CARTESIAN_POINT('',(1.51,1.755,0.));
#8066=CARTESIAN_POINT('',(0.,0.,0.));
#8067=CARTESIAN_POINT('',(1.505,2.255,0.005));
#8068=CARTESIAN_POINT('',(1.505,2.255,0.));
#8069=CARTESIAN_POINT('',(1.5,2.255,0.));
#8070=CARTESIAN_POINT('',(1.505,2.25,0.));
#8071=CARTESIAN_POINT('',(1.505,2.25,0.005));
#8072=CARTESIAN_POINT('',(1.505,2.25,0.005));
#8073=CARTESIAN_POINT('',(1.505,2.255,0.005));
#8074=CARTESIAN_POINT('',(1.5,2.255,0.005));
#8075=CARTESIAN_POINT('',(1.5,2.255,0.005));
#8076=CARTESIAN_POINT('',(1.52,2.25,0.005));
#8077=CARTESIAN_POINT('',(1.52,2.25,0.));
#8078=CARTESIAN_POINT('',(1.535,2.25,0.));
#8079=CARTESIAN_POINT('',(1.535,2.25,0.005));
#8080=CARTESIAN_POINT('',(1.535,2.25,0.005));
#8081=CARTESIAN_POINT('',(1.52,2.25,0.005));
#8082=CARTESIAN_POINT('',(1.535,2.255,0.005));
#8083=CARTESIAN_POINT('',(1.535,2.255,0.));
#8084=CARTESIAN_POINT('',(1.54,2.255,0.));
#8085=CARTESIAN_POINT('',(1.54,2.255,0.005));
#8086=CARTESIAN_POINT('',(1.54,2.255,0.005));
#8087=CARTESIAN_POINT('',(1.535,2.255,0.005));
#8088=CARTESIAN_POINT('',(1.54,2.265,0.005));
#8089=CARTESIAN_POINT('',(1.54,2.265,0.));
#8090=CARTESIAN_POINT('',(1.54,2.275,0.));
#8091=CARTESIAN_POINT('',(1.54,2.275,0.005));
#8092=CARTESIAN_POINT('',(1.54,2.275,0.005));
#8093=CARTESIAN_POINT('',(1.54,2.265,0.005));
#8094=CARTESIAN_POINT('',(1.535,2.275,0.005));
#8095=CARTESIAN_POINT('',(1.535,2.275,0.));
#8096=CARTESIAN_POINT('',(1.535,2.28,0.));
#8097=CARTESIAN_POINT('',(1.535,2.28,0.005));
#8098=CARTESIAN_POINT('',(1.535,2.28,0.005));
#8099=CARTESIAN_POINT('',(1.535,2.275,0.005));
#8100=CARTESIAN_POINT('',(1.52,2.28,0.005));
#8101=CARTESIAN_POINT('',(1.52,2.28,0.));
#8102=CARTESIAN_POINT('',(1.505,2.28,0.));
#8103=CARTESIAN_POINT('',(1.505,2.28,0.005));
#8104=CARTESIAN_POINT('',(1.505,2.28,0.005));
#8105=CARTESIAN_POINT('',(1.52,2.28,0.005));
#8106=CARTESIAN_POINT('',(1.505,2.275,0.005));
#8107=CARTESIAN_POINT('',(1.505,2.275,0.));
#8108=CARTESIAN_POINT('',(1.5,2.275,0.));
#8109=CARTESIAN_POINT('',(1.5,2.275,0.005));
#8110=CARTESIAN_POINT('',(1.5,2.275,0.005));
#8111=CARTESIAN_POINT('',(1.505,2.275,0.005));
#8112=CARTESIAN_POINT('',(1.505,2.255,0.005));
#8113=CARTESIAN_POINT('',(1.505,2.255,0.005));
#8114=CARTESIAN_POINT('',(1.507,2.255,0.005));
#8115=CARTESIAN_POINT('',(1.505,2.255,0.));
#8116=CARTESIAN_POINT('',(1.507,2.255,0.));
#8117=CARTESIAN_POINT('',(1.535,2.255,0.005));
#8118=CARTESIAN_POINT('',(1.535,2.255,0.005));
#8119=CARTESIAN_POINT('',(1.537,2.255,0.005));
#8120=CARTESIAN_POINT('',(1.535,2.255,0.));
#8121=CARTESIAN_POINT('',(1.537,2.255,0.));
#8122=CARTESIAN_POINT('',(1.505,2.275,0.005));
#8123=CARTESIAN_POINT('',(1.505,2.275,0.005));
#8124=CARTESIAN_POINT('',(1.507,2.275,0.005));
#8125=CARTESIAN_POINT('',(1.505,2.275,0.));
#8126=CARTESIAN_POINT('',(1.507,2.275,0.));
#8127=CARTESIAN_POINT('',(1.535,2.275,0.005));
#8128=CARTESIAN_POINT('',(1.535,2.275,0.005));
#8129=CARTESIAN_POINT('',(1.537,2.275,0.005));
#8130=CARTESIAN_POINT('',(1.535,2.275,0.));
#8131=CARTESIAN_POINT('',(1.537,2.275,0.));
#8132=CARTESIAN_POINT('',(1.5,2.265,0.005));
#8133=CARTESIAN_POINT('',(1.5,2.265,0.));
#8134=CARTESIAN_POINT('',(1.5,2.265,0.005));
#8135=CARTESIAN_POINT('',(1.52,2.265,0.005));
#8136=CARTESIAN_POINT('',(1.52,2.265,0.));
#8137=CARTESIAN_POINT('',(0.,0.,0.));
#8138=CARTESIAN_POINT('',(0.,2.265,0.005));
#8139=CARTESIAN_POINT('',(0.,2.265,0.));
#8140=CARTESIAN_POINT('',(0.,2.25,0.));
#8141=CARTESIAN_POINT('',(0.,2.28,0.));
#8142=CARTESIAN_POINT('',(0.,2.25,0.005));
#8143=CARTESIAN_POINT('',(0.,2.25,0.005));
#8144=CARTESIAN_POINT('',(0.,2.265,0.005));
#8145=CARTESIAN_POINT('',(0.,2.28,0.005));
#8146=CARTESIAN_POINT('',(0.,2.28,0.005));
#8147=CARTESIAN_POINT('',(0.02,2.25,0.005));
#8148=CARTESIAN_POINT('',(0.02,2.25,0.));
#8149=CARTESIAN_POINT('',(0.04,2.25,0.));
#8150=CARTESIAN_POINT('',(0.04,2.25,0.005));
#8151=CARTESIAN_POINT('',(0.04,2.25,0.005));
#8152=CARTESIAN_POINT('',(0.02,2.25,0.005));
#8153=CARTESIAN_POINT('',(0.04,2.265,0.005));
#8154=CARTESIAN_POINT('',(0.04,2.265,0.));
#8155=CARTESIAN_POINT('',(0.04,2.28,0.));
#8156=CARTESIAN_POINT('',(0.04,2.28,0.005));
#8157=CARTESIAN_POINT('',(0.04,2.28,0.005));
#8158=CARTESIAN_POINT('',(0.04,2.265,0.005));
#8159=CARTESIAN_POINT('',(0.02,2.28,0.005));
#8160=CARTESIAN_POINT('',(0.02,2.28,0.));
#8161=CARTESIAN_POINT('',(0.02,2.28,0.005));
#8162=CARTESIAN_POINT('',(0.02,2.265,0.005));
#8163=CARTESIAN_POINT('',(0.034,2.256,0.005));
#8164=CARTESIAN_POINT('',(0.036,2.256,0.005));
#8165=CARTESIAN_POINT('',(0.006,2.274,0.005));
#8166=CARTESIAN_POINT('',(0.008,2.274,0.005));
#8167=CARTESIAN_POINT('',(0.034,2.274,0.005));
#8168=CARTESIAN_POINT('',(0.036,2.274,0.005));
#8169=CARTESIAN_POINT('',(0.006,2.256,0.005));
#8170=CARTESIAN_POINT('',(0.008,2.256,0.005));
#8171=CARTESIAN_POINT('',(0.02,2.265,0.));
#8172=CARTESIAN_POINT('',(0.034,2.256,0.));
#8173=CARTESIAN_POINT('',(0.036,2.256,0.));
#8174=CARTESIAN_POINT('',(0.006,2.274,0.));
#8175=CARTESIAN_POINT('',(0.008,2.274,0.));
#8176=CARTESIAN_POINT('',(0.034,2.274,0.));
#8177=CARTESIAN_POINT('',(0.036,2.274,0.));
#8178=CARTESIAN_POINT('',(0.006,2.256,0.));
#8179=CARTESIAN_POINT('',(0.008,2.256,0.));
#8180=CARTESIAN_POINT('',(0.006,2.256,0.006));
#8181=CARTESIAN_POINT('',(0.034,2.274,0.006));
#8182=CARTESIAN_POINT('',(0.006,2.274,0.006));
#8183=CARTESIAN_POINT('',(0.034,2.256,0.006));
#8184=CARTESIAN_POINT('',(0.,0.,0.));
#8185=CARTESIAN_POINT('',(2.,2.012,0.008));
#8186=CARTESIAN_POINT('',(2.,2.012,0.));
#8187=CARTESIAN_POINT('',(2.,2.,0.));
#8188=CARTESIAN_POINT('',(2.,2.024,0.));
#8189=CARTESIAN_POINT('',(2.,2.,0.008));
#8190=CARTESIAN_POINT('',(2.,2.,0.008));
#8191=CARTESIAN_POINT('',(2.,2.012,0.008));
#8192=CARTESIAN_POINT('',(2.,2.024,0.008));
#8193=CARTESIAN_POINT('',(2.,2.024,0.008));
#8194=CARTESIAN_POINT('',(2.016,2.,0.008));
#8195=CARTESIAN_POINT('',(2.016,2.,0.));
#8196=CARTESIAN_POINT('',(2.032,2.,0.));
#8197=CARTESIAN_POINT('',(2.032,2.,0.008));
#8198=CARTESIAN_POINT('',(2.032,2.,0.008));
#8199=CARTESIAN_POINT('',(2.016,2.,0.008));
#8200=CARTESIAN_POINT('',(2.032,2.012,0.008));
#8201=CARTESIAN_POINT('',(2.032,2.012,0.));
#8202=CARTESIAN_POINT('',(2.032,2.024,0.));
#8203=CARTESIAN_POINT('',(2.032,2.024,0.008));
#8204=CARTESIAN_POINT('',(2.032,2.024,0.008));
#8205=CARTESIAN_POINT('',(2.032,2.012,0.008));
#8206=CARTESIAN_POINT('',(2.016,2.024,0.008));
#8207=CARTESIAN_POINT('',(2.016,2.024,0.));
#8208=CARTESIAN_POINT('',(2.016,2.024,0.008));
#8209=CARTESIAN_POINT('',(2.016,2.012,0.008));
#8210=CARTESIAN_POINT('',(2.008,2.012,0.008));
#8211=CARTESIAN_POINT('',(2.01,2.012,0.008));
#8212=CARTESIAN_POINT('',(2.016,2.012,0.008));
#8213=CARTESIAN_POINT('',(2.018,2.012,0.008));
#8214=CARTESIAN_POINT('',(2.024,2.012,0.008));
#8215=CARTESIAN_POINT('',(2.026,2.012,0.008));
#8216=CARTESIAN_POINT('',(2.016,2.012,0.));
#8217=CARTESIAN_POINT('',(2.008,2.012,0.));
#8218=CARTESIAN_POINT('',(2.01,2.012,0.));
#8219=CARTESIAN_POINT('',(2.016,2.012,0.));
#8220=CARTESIAN_POINT('',(2.018,2.012,0.));
#8221=CARTESIAN_POINT('',(2.024,2.012,0.));
#8222=CARTESIAN_POINT('',(2.026,2.012,0.));
#8223=CARTESIAN_POINT('',(2.024,2.012,0.009));
#8224=CARTESIAN_POINT('',(2.016,2.012,0.009));
#8225=CARTESIAN_POINT('',(2.008,2.012,0.009));
#8226=CARTESIAN_POINT('',(0.,0.,0.));
#8227=CARTESIAN_POINT('',(2.02,1.755,0.004));
#8228=CARTESIAN_POINT('',(2.02,1.755,0.));
#8229=CARTESIAN_POINT('',(2.02,1.75,0.));
#8230=CARTESIAN_POINT('',(2.02,1.76,0.));
#8231=CARTESIAN_POINT('',(2.02,1.75,0.004));
#8232=CARTESIAN_POINT('',(2.02,1.75,0.004));
#8233=CARTESIAN_POINT('',(2.02,1.755,0.004));
#8234=CARTESIAN_POINT('',(2.02,1.76,0.004));
#8235=CARTESIAN_POINT('',(2.02,1.76,0.004));
#8236=CARTESIAN_POINT('',(2.025,1.75,0.004));
#8237=CARTESIAN_POINT('',(2.025,1.75,0.));
#8238=CARTESIAN_POINT('',(2.03,1.75,0.));
#8239=CARTESIAN_POINT('',(2.03,1.75,0.004));
#8240=CARTESIAN_POINT('',(2.03,1.75,0.004));
#8241=CARTESIAN_POINT('',(2.025,1.75,0.004));
#8242=CARTESIAN_POINT('',(2.03,1.755,0.004));
#8243=CARTESIAN_POINT('',(2.03,1.755,0.));
#8244=CARTESIAN_POINT('',(2.03,1.76,0.));
#8245=CARTESIAN_POINT('',(2.03,1.76,0.004));
#8246=CARTESIAN_POINT('',(2.03,1.76,0.004));
#8247=CARTESIAN_POINT('',(2.03,1.755,0.004));
#8248=CARTESIAN_POINT('',(2.025,1.76,0.004));
#8249=CARTESIAN_POINT('',(2.025,1.76,0.));
#8250=CARTESIAN_POINT('',(2.025,1.76,0.004));
#8251=CARTESIAN_POINT('',(2.015,1.755,0.004));
#8252=CARTESIAN_POINT('',(2.015,1.755,0.));
#8253=CARTESIAN_POINT('',(0.,0.,0.));
#8254=CARTESIAN_POINT('',(1.27,2.265,0.02));
#8255=CARTESIAN_POINT('',(1.25,2.265,0.02));
#8256=CARTESIAN_POINT('',(1.25,2.25,0.02));
#8257=CARTESIAN_POINT('',(1.25,2.28,0.02));
#8258=CARTESIAN_POINT('',(1.27,2.25,0.02));
#8259=CARTESIAN_POINT('',(1.29,2.25,0.02));
#8260=CARTESIAN_POINT('',(1.29,2.265,0.02));
#8261=CARTESIAN_POINT('',(1.29,2.28,0.02));
#8262=CARTESIAN_POINT('',(1.27,2.28,0.02));
#8263=CARTESIAN_POINT('',(1.27,2.252,0.02));
#8264=CARTESIAN_POINT('',(1.252,2.252,0.02));
#8265=CARTESIAN_POINT('',(1.288,2.252,0.02));
#8266=CARTESIAN_POINT('',(1.252,2.265,0.02));
#8267=CARTESIAN_POINT('',(1.252,2.278,0.02));
#8268=CARTESIAN_POINT('',(1.27,2.278,0.02));
#8269=CARTESIAN_POINT('',(1.288,2.278,0.02));
#8270=CARTESIAN_POINT('',(1.288,2.265,0.02));
#8271=CARTESIAN_POINT('',(1.25,2.265,0.02));
#8272=CARTESIAN_POINT('',(1.25,2.265,0.));
#8273=CARTESIAN_POINT('',(1.25,2.25,0.));
#8274=CARTESIAN_POINT('',(1.25,2.28,0.));
#8275=CARTESIAN_POINT('',(1.25,2.25,0.02));
#8276=CARTESIAN_POINT('',(1.25,2.28,0.02));
#8277=CARTESIAN_POINT('',(1.27,2.25,0.02));
#8278=CARTESIAN_POINT('',(1.27,2.25,0.));
#8279=CARTESIAN_POINT('',(1.29,2.25,0.));
#8280=CARTESIAN_POINT('',(1.29,2.25,0.02));
#8281=CARTESIAN_POINT('',(1.29,2.265,0.02));
#8282=CARTESIAN_POINT('',(1.29,2.265,0.));
#8283=CARTESIAN_POINT('',(1.29,2.28,0.));
#8284=CARTESIAN_POINT('',(1.29,2.28,0.02));
#8285=CARTESIAN_POINT('',(1.27,2.28,0.02));
#8286=CARTESIAN_POINT('',(1.27,2.28,0.));
#8287=CARTESIAN_POINT('',(1.27,2.265,0.));
#8288=CARTESIAN_POINT('',(1.252,2.265,0.02));
#8289=CARTESIAN_POINT('',(1.252,2.265,0.002));
#8290=CARTESIAN_POINT('',(1.252,2.252,0.002));
#8291=CARTESIAN_POINT('',(1.252,2.278,0.002));
#8292=CARTESIAN_POINT('',(1.252,2.278,0.02));
#8293=CARTESIAN_POINT('',(1.252,2.252,0.02));
#8294=CARTESIAN_POINT('',(1.27,2.252,0.02));
#8295=CARTESIAN_POINT('',(1.27,2.252,0.002));
#8296=CARTESIAN_POINT('',(1.288,2.252,0.002));
#8297=CARTESIAN_POINT('',(1.288,2.252,0.02));
#8298=CARTESIAN_POINT('',(1.288,2.265,0.02));
#8299=CARTESIAN_POINT('',(1.288,2.265,0.002));
#8300=CARTESIAN_POINT('',(1.288,2.278,0.002));
#8301=CARTESIAN_POINT('',(1.288,2.278,0.02));
#8302=CARTESIAN_POINT('',(1.27,2.278,0.02));
#8303=CARTESIAN_POINT('',(1.27,2.278,0.002));
#8304=CARTESIAN_POINT('',(1.27,2.265,0.002));
#8305=CARTESIAN_POINT('',(0.,0.,0.));
#8306=CARTESIAN_POINT('',(0.75,1.762,0.004));
#8307=CARTESIAN_POINT('',(0.75,1.762,0.));
#8308=CARTESIAN_POINT('',(0.75,1.75,0.));
#8309=CARTESIAN_POINT('',(0.75,1.774,0.));
#8310=CARTESIAN_POINT('',(0.75,1.75,0.004));
#8311=CARTESIAN_POINT('',(0.75,1.75,0.004));
#8312=CARTESIAN_POINT('',(0.75,1.762,0.004));
#8313=CARTESIAN_POINT('',(0.75,1.774,0.004));
#8314=CARTESIAN_POINT('',(0.75,1.774,0.004));
#8315=CARTESIAN_POINT('',(0.766,1.75,0.004));
#8316=CARTESIAN_POINT('',(0.766,1.75,0.));
#8317=CARTESIAN_POINT('',(0.782,1.75,0.));
#8318=CARTESIAN_POINT('',(0.782,1.75,0.004));
#8319=CARTESIAN_POINT('',(0.782,1.75,0.004));
#8320=CARTESIAN_POINT('',(0.766,1.75,0.004));
#8321=CARTESIAN_POINT('',(0.782,1.762,0.004));
#8322=CARTESIAN_POINT('',(0.782,1.762,0.));
#8323=CARTESIAN_POINT('',(0.782,1.774,0.));
#8324=CARTESIAN_POINT('',(0.782,1.774,0.004));
#8325=CARTESIAN_POINT('',(0.782,1.774,0.004));
#8326=CARTESIAN_POINT('',(0.782,1.762,0.004));
#8327=CARTESIAN_POINT('',(0.766,1.774,0.004));
#8328=CARTESIAN_POINT('',(0.766,1.774,0.));
#8329=CARTESIAN_POINT('',(0.766,1.774,0.004));
#8330=CARTESIAN_POINT('',(0.766,1.762,0.004));
#8331=CARTESIAN_POINT('',(0.758,1.758,0.004));
#8332=CARTESIAN_POINT('',(0.76,1.758,0.004));
#8333=CARTESIAN_POINT('',(0.774,1.758,0.004));
#8334=CARTESIAN_POINT('',(0.776,1.758,0.004));
#8335=CARTESIAN_POINT('',(0.766,1.766,0.004));
#8336=CARTESIAN_POINT('',(0.768,1.766,0.004));
#8337=CARTESIAN_POINT('',(0.766,1.762,0.));
#8338=CARTESIAN_POINT('',(0.758,1.758,0.));
#8339=CARTESIAN_POINT('',(0.76,1.758,0.));
#8340=CARTESIAN_POINT('',(0.774,1.758,0.));
#8341=CARTESIAN_POINT('',(0.776,1.758,0.));
#8342=CARTESIAN_POINT('',(0.766,1.766,0.));
#8343=CARTESIAN_POINT('',(0.768,1.766,0.));
#8344=CARTESIAN_POINT('',(0.766,1.766,0.005));
#8345=CARTESIAN_POINT('',(0.774,1.758,0.005));
#8346=CARTESIAN_POINT('',(0.758,1.758,0.005));
#8347=CARTESIAN_POINT('',(0.,0.,0.));
#8348=CARTESIAN_POINT('',(1.5,2.008,0.004));
#8349=CARTESIAN_POINT('',(1.5,2.008,0.));
#8350=CARTESIAN_POINT('',(1.5,2.,0.));
#8351=CARTESIAN_POINT('',(1.5,2.016,0.));
#8352=CARTESIAN_POINT('',(1.5,2.,0.004));
#8353=CARTESIAN_POINT('',(1.5,2.,0.004));
#8354=CARTESIAN_POINT('',(1.5,2.008,0.004));
#8355=CARTESIAN_POINT('',(1.5,2.016,0.004));
#8356=CARTESIAN_POINT('',(1.5,2.016,0.004));
#8357=CARTESIAN_POINT('',(1.512,2.,0.004));
#8358=CARTESIAN_POINT('',(1.512,2.,0.));
#8359=CARTESIAN_POINT('',(1.524,2.,0.));
#8360=CARTESIAN_POINT('',(1.524,2.,0.004));
#8361=CARTESIAN_POINT('',(1.524,2.,0.004));
#8362=CARTESIAN_POINT('',(1.512,2.,0.004));
#8363=CARTESIAN_POINT('',(1.524,2.008,0.004));
#8364=CARTESIAN_POINT('',(1.524,2.008,0.));
#8365=CARTESIAN_POINT('',(1.524,2.016,0.));
#8366=CARTESIAN_POINT('',(1.524,2.016,0.004));
#8367=CARTESIAN_POINT('',(1.524,2.016,0.004));
#8368=CARTESIAN_POINT('',(1.524,2.008,0.004));
#8369=CARTESIAN_POINT('',(1.512,2.016,0.004));
#8370=CARTESIAN_POINT('',(1.512,2.016,0.));
#8371=CARTESIAN_POINT('',(1.512,2.016,0.004));
#8372=CARTESIAN_POINT('',(1.512,2.008,0.004));
#8373=CARTESIAN_POINT('',(1.512,2.008,0.004));
#8374=CARTESIAN_POINT('',(1.516,2.008,0.004));
#8375=CARTESIAN_POINT('',(1.512,2.008,0.));
#8376=CARTESIAN_POINT('',(1.512,2.008,0.012));
#8377=CARTESIAN_POINT('',(1.512,2.008,0.012));
#8378=CARTESIAN_POINT('',(1.516,2.008,0.012));
#8379=CARTESIAN_POINT('',(1.512,2.008,0.012));
#8380=CARTESIAN_POINT('',(0.,0.,0.));
#8381=CARTESIAN_POINT('',(2.25,2.012,0.01));
#8382=CARTESIAN_POINT('',(2.25,2.012,0.));
#8383=CARTESIAN_POINT('',(2.25,2.,0.));
#8384=CARTESIAN_POINT('',(2.25,2.024,0.));
#8385=CARTESIAN_POINT('',(2.25,2.,0.01));
#8386=CARTESIAN_POINT('',(2.25,2.,0.01));
#8387=CARTESIAN_POINT('',(2.25,2.012,0.01));
#8388=CARTESIAN_POINT('',(2.25,2.024,0.01));
#8389=CARTESIAN_POINT('',(2.25,2.024,0.01));
#8390=CARTESIAN_POINT('',(2.266,2.,0.01));
#8391=CARTESIAN_POINT('',(2.266,2.,0.));
#8392=CARTESIAN_POINT('',(2.282,2.,0.));
#8393=CARTESIAN_POINT('',(2.282,2.,0.01));
#8394=CARTESIAN_POINT('',(2.282,2.,0.01));
#8395=CARTESIAN_POINT('',(2.266,2.,0.01));
#8396=CARTESIAN_POINT('',(2.282,2.012,0.01));
#8397=CARTESIAN_POINT('',(2.282,2.012,0.));
#8398=CARTESIAN_POINT('',(2.282,2.024,0.));
#8399=CARTESIAN_POINT('',(2.282,2.024,0.01));
#8400=CARTESIAN_POINT('',(2.282,2.024,0.01));
#8401=CARTESIAN_POINT('',(2.282,2.012,0.01));
#8402=CARTESIAN_POINT('',(2.266,2.024,0.01));
#8403=CARTESIAN_POINT('',(2.266,2.024,0.));
#8404=CARTESIAN_POINT('',(2.266,2.024,0.01));
#8405=CARTESIAN_POINT('',(2.266,2.012,0.01));
#8406=CARTESIAN_POINT('',(2.266,2.012,0.01));
#8407=CARTESIAN_POINT('',(2.27,2.012,0.01));
#8408=CARTESIAN_POINT('',(2.266,2.012,0.));
#8409=CARTESIAN_POINT('',(2.266,2.012,0.));
#8410=CARTESIAN_POINT('',(2.268,2.012,0.));
#8411=CARTESIAN_POINT('',(2.266,2.012,0.011));
#8412=CARTESIAN_POINT('',(2.266,2.012,0.007));
#8413=CARTESIAN_POINT('',(2.268,2.012,0.007));
#8414=CARTESIAN_POINT('',(2.266,2.012,0.011));
#8415=CARTESIAN_POINT('',(2.266,2.012,0.007));
#8416=CARTESIAN_POINT('',(2.27,2.012,0.007));
#8417=CARTESIAN_POINT('',(2.266,2.012,0.007));
#8418=CARTESIAN_POINT('',(0.,0.,0.));
#8419=CARTESIAN_POINT('',(0.5,1.759,0.004));
#8420=CARTESIAN_POINT('',(0.5,1.759,0.));
#8421=CARTESIAN_POINT('',(0.5,1.768,0.));
#8422=CARTESIAN_POINT('',(0.5,1.75,0.));
#8423=CARTESIAN_POINT('',(0.5,1.75,0.004));
#8424=CARTESIAN_POINT('',(0.5,1.75,0.004));
#8425=CARTESIAN_POINT('',(0.5,1.759,0.004));
#8426=CARTESIAN_POINT('',(0.5,1.768,0.004));
#8427=CARTESIAN_POINT('',(0.5,1.768,0.004));
#8428=CARTESIAN_POINT('',(0.512,1.75,0.004));
#8429=CARTESIAN_POINT('',(0.512,1.75,0.));
#8430=CARTESIAN_POINT('',(0.524,1.75,0.));
#8431=CARTESIAN_POINT('',(0.524,1.75,0.004));
#8432=CARTESIAN_POINT('',(0.524,1.75,0.004));
#8433=CARTESIAN_POINT('',(0.512,1.75,0.004));
#8434=CARTESIAN_POINT('',(0.524,1.759,0.004));
#8435=CARTESIAN_POINT('',(0.524,1.759,0.));
#8436=CARTESIAN_POINT('',(0.524,1.768,0.));
#8437=CARTESIAN_POINT('',(0.524,1.768,0.004));
#8438=CARTESIAN_POINT('',(0.524,1.768,0.004));
#8439=CARTESIAN_POINT('',(0.524,1.759,0.004));
#8440=CARTESIAN_POINT('',(0.512,1.755,0.004));
#8441=CARTESIAN_POINT('',(0.512,1.755,0.));
#8442=CARTESIAN_POINT('',(0.506,1.755,0.));
#8443=CARTESIAN_POINT('',(0.518,1.755,0.));
#8444=CARTESIAN_POINT('',(0.506,1.755,0.004));
#8445=CARTESIAN_POINT('',(0.506,1.755,0.004));
#8446=CARTESIAN_POINT('',(0.512,1.755,0.004));
#8447=CARTESIAN_POINT('',(0.518,1.755,0.004));
#8448=CARTESIAN_POINT('',(0.518,1.755,0.004));
#8449=CARTESIAN_POINT('',(0.506,1.759,0.004));
#8450=CARTESIAN_POINT('',(0.506,1.759,0.));
#8451=CARTESIAN_POINT('',(0.506,1.763,0.));
#8452=CARTESIAN_POINT('',(0.506,1.763,0.004));
#8453=CARTESIAN_POINT('',(0.506,1.763,0.004));
#8454=CARTESIAN_POINT('',(0.506,1.759,0.004));
#8455=CARTESIAN_POINT('',(0.512,1.763,0.004));
#8456=CARTESIAN_POINT('',(0.512,1.763,0.));
#8457=CARTESIAN_POINT('',(0.518,1.763,0.));
#8458=CARTESIAN_POINT('',(0.518,1.763,0.004));
#8459=CARTESIAN_POINT('',(0.518,1.763,0.004));
#8460=CARTESIAN_POINT('',(0.512,1.763,0.004));
#8461=CARTESIAN_POINT('',(0.518,1.759,0.004));
#8462=CARTESIAN_POINT('',(0.518,1.759,0.));
#8463=CARTESIAN_POINT('',(0.518,1.759,0.004));
#8464=CARTESIAN_POINT('',(0.512,1.768,0.004));
#8465=CARTESIAN_POINT('',(0.512,1.768,0.));
#8466=CARTESIAN_POINT('',(0.512,1.768,0.004));
#8467=CARTESIAN_POINT('',(0.512,1.759,0.004));
#8468=CARTESIAN_POINT('',(0.512,1.759,0.));
#8469=CARTESIAN_POINT('',(0.,0.,0.));
#8470=CARTESIAN_POINT('',(2.5,2.01,0.006));
#8471=CARTESIAN_POINT('',(2.5,2.01,0.));
#8472=CARTESIAN_POINT('',(2.5,2.02,0.));
#8473=CARTESIAN_POINT('',(2.5,2.,0.));
#8474=CARTESIAN_POINT('',(2.5,2.,0.006));
#8475=CARTESIAN_POINT('',(2.5,2.,0.006));
#8476=CARTESIAN_POINT('',(2.5,2.01,0.006));
#8477=CARTESIAN_POINT('',(2.5,2.02,0.006));
#8478=CARTESIAN_POINT('',(2.5,2.02,0.006));
#8479=CARTESIAN_POINT('',(2.512,2.,0.006));
#8480=CARTESIAN_POINT('',(2.512,2.,0.));
#8481=CARTESIAN_POINT('',(2.524,2.,0.));
#8482=CARTESIAN_POINT('',(2.524,2.,0.006));
#8483=CARTESIAN_POINT('',(2.524,2.,0.006));
#8484=CARTESIAN_POINT('',(2.512,2.,0.006));
#8485=CARTESIAN_POINT('',(2.524,2.003,0.006));
#8486=CARTESIAN_POINT('',(2.524,2.003,0.));
#8487=CARTESIAN_POINT('',(2.524,2.006,0.));
#8488=CARTESIAN_POINT('',(2.524,2.006,0.006));
#8489=CARTESIAN_POINT('',(2.524,2.006,0.006));
#8490=CARTESIAN_POINT('',(2.524,2.003,0.006));
#8491=CARTESIAN_POINT('',(2.515,2.006,0.006));
#8492=CARTESIAN_POINT('',(2.515,2.006,0.));
#8493=CARTESIAN_POINT('',(2.506,2.006,0.));
#8494=CARTESIAN_POINT('',(2.506,2.006,0.006));
#8495=CARTESIAN_POINT('',(2.506,2.006,0.006));
#8496=CARTESIAN_POINT('',(2.515,2.006,0.006));
#8497=CARTESIAN_POINT('',(2.506,2.013,0.006));
#8498=CARTESIAN_POINT('',(2.506,2.013,0.));
#8499=CARTESIAN_POINT('',(2.506,2.02,0.));
#8500=CARTESIAN_POINT('',(2.506,2.02,0.006));
#8501=CARTESIAN_POINT('',(2.506,2.02,0.006));
#8502=CARTESIAN_POINT('',(2.506,2.013,0.006));
#8503=CARTESIAN_POINT('',(2.503,2.02,0.006));
#8504=CARTESIAN_POINT('',(2.503,2.02,0.));
#8505=CARTESIAN_POINT('',(2.503,2.02,0.006));
#8506=CARTESIAN_POINT('',(2.512,2.01,0.006));
#8507=CARTESIAN_POINT('',(2.502,2.01,0.006));
#8508=CARTESIAN_POINT('',(2.502,2.01,0.006));
#8509=CARTESIAN_POINT('',(2.502,2.008,0.006));
#8510=CARTESIAN_POINT('',(2.512,2.01,0.006));
#8511=CARTESIAN_POINT('',(2.504,2.01,0.006));
#8512=CARTESIAN_POINT('',(2.504,2.01,0.006));
#8513=CARTESIAN_POINT('',(2.504,2.008,0.006));
#8514=CARTESIAN_POINT('',(2.512,2.008,0.006));
#8515=CARTESIAN_POINT('',(2.512,2.01,0.));
#8516=CARTESIAN_POINT('',(2.512,2.01,0.));
#8517=CARTESIAN_POINT('',(2.504,2.01,0.));
#8518=CARTESIAN_POINT('',(2.502,2.01,0.));
#8519=CARTESIAN_POINT('',(2.502,2.01,0.));
#8520=CARTESIAN_POINT('',(2.502,2.008,0.));
#8521=CARTESIAN_POINT('',(2.512,2.008,0.));
#8522=CARTESIAN_POINT('',(2.504,2.008,0.));
#8523=CARTESIAN_POINT('',(2.504,2.01,0.));
#8524=CARTESIAN_POINT('',(2.502,2.009,0.007));
#8525=CARTESIAN_POINT('',(2.502,2.008,0.007));
#8526=CARTESIAN_POINT('',(2.502,2.01,0.007));
#8527=CARTESIAN_POINT('',(2.503,2.008,0.007));
#8528=CARTESIAN_POINT('',(2.504,2.008,0.007));
#8529=CARTESIAN_POINT('',(2.504,2.009,0.007));
#8530=CARTESIAN_POINT('',(2.504,2.01,0.007));
#8531=CARTESIAN_POINT('',(2.503,2.01,0.007));
#8532=CARTESIAN_POINT('',(0.,0.,0.));
#8533=CARTESIAN_POINT('',(0.00300000000000014,1.75,0.004));
#8534=CARTESIAN_POINT('',(0.00300000000000014,1.75,0.));
#8535=CARTESIAN_POINT('',(7.80625564189563E-18,1.754,0.));
#8536=CARTESIAN_POINT('',(3.46944695195361E-18,1.746,0.));
#8537=CARTESIAN_POINT('',(3.46944695195361E-18,1.746,0.004));
#8538=CARTESIAN_POINT('',(3.46944695195361E-18,1.746,0.004));
#8539=CARTESIAN_POINT('',(0.00300000000000014,1.75,0.004));
#8540=CARTESIAN_POINT('',(7.80625564189563E-18,1.754,0.004));
#8541=CARTESIAN_POINT('',(7.80625564189563E-18,1.754,0.004));
#8542=CARTESIAN_POINT('',(-0.003,1.75,0.004));
#8543=CARTESIAN_POINT('',(-0.003,1.75,0.));
#8544=CARTESIAN_POINT('',(-0.003,1.75,0.004));
#8545=CARTESIAN_POINT('',(0.,1.75,0.004));
#8546=CARTESIAN_POINT('',(0.,1.75,0.));
#8547=MECHANICAL_DESIGN_GEOMETRIC_PRESENTATION_REPRESENTATION('',(#5014),
#8579);
#8548=MECHANICAL_DESIGN_GEOMETRIC_PRESENTATION_REPRESENTATION('',(#5015),
#8580);
#8549=MECHANICAL_DESIGN_GEOMETRIC_PRESENTATION_REPRESENTATION('',(#5016),
#8581);
#8550=MECHANICAL_DESIGN_GEOMETRIC_PRESENTATION_REPRESENTATION('',(#5017),
#8582);
#8551=MECHANICAL_DESIGN_GEOMETRIC_PRESENTATION_REPRESENTATION('',(#5018),
#8583);
#8552=MECHANICAL_DESIGN_GEOMETRIC_PRESENTATION_REPRESENTATION('',(#5019),
#8584);
#8553=MECHANICAL_DESIGN_GEOMETRIC_PRESENTATION_REPRESENTATION('',(#5020),
#8585);
#8554=MECHANICAL_DESIGN_GEOMETRIC_PRESENTATION_REPRESENTATION('',(#5021),
#8586);
#8555=MECHANICAL_DESIGN_GEOMETRIC_PRESENTATION_REPRESENTATION('',(#5022),
#8587);
#8556=MECHANICAL_DESIGN_GEOMETRIC_PRESENTATION_REPRESENTATION('',(#5023),
#8588);
#8557=MECHANICAL_DESIGN_GEOMETRIC_PRESENTATION_REPRESENTATION('',(#5024),
#8589);
#8558=MECHANICAL_DESIGN_GEOMETRIC_PRESENTATION_REPRESENTATION('',(#5025),
#8590);
#8559=MECHANICAL_DESIGN_GEOMETRIC_PRESENTATION_REPRESENTATION('',(#5026),
#8591);
#8560=MECHANICAL_DESIGN_GEOMETRIC_PRESENTATION_REPRESENTATION('',(#5027),
#8592);
#8561=MECHANICAL_DESIGN_GEOMETRIC_PRESENTATION_REPRESENTATION('',(#5028),
#8593);
#8562=MECHANICAL_DESIGN_GEOMETRIC_PRESENTATION_REPRESENTATION('',(#5029),
#8594);
#8563=MECHANICAL_DESIGN_GEOMETRIC_PRESENTATION_REPRESENTATION('',(#5030),
#8595);
#8564=MECHANICAL_DESIGN_GEOMETRIC_PRESENTATION_REPRESENTATION('',(#5031),
#8596);
#8565=MECHANICAL_DESIGN_GEOMETRIC_PRESENTATION_REPRESENTATION('',(#5032),
#8597);
#8566=MECHANICAL_DESIGN_GEOMETRIC_PRESENTATION_REPRESENTATION('',(#5033),
#8598);
#8567=MECHANICAL_DESIGN_GEOMETRIC_PRESENTATION_REPRESENTATION('',(#5034),
#8599);
#8568=MECHANICAL_DESIGN_GEOMETRIC_PRESENTATION_REPRESENTATION('',(#5035),
#8600);
#8569=MECHANICAL_DESIGN_GEOMETRIC_PRESENTATION_REPRESENTATION('',(#5036),
#8601);
#8570=MECHANICAL_DESIGN_GEOMETRIC_PRESENTATION_REPRESENTATION('',(#5037),
#8602);
#8571=MECHANICAL_DESIGN_GEOMETRIC_PRESENTATION_REPRESENTATION('',(#5038),
#8603);
#8572=MECHANICAL_DESIGN_GEOMETRIC_PRESENTATION_REPRESENTATION('',(#5039),
#8604);
#8573=MECHANICAL_DESIGN_GEOMETRIC_PRESENTATION_REPRESENTATION('',(#5040),
#8605);
#8574=MECHANICAL_DESIGN_GEOMETRIC_PRESENTATION_REPRESENTATION('',(#5041),
#8606);
#8575=MECHANICAL_DESIGN_GEOMETRIC_PRESENTATION_REPRESENTATION('',(#5042),
#8607);
#8576=MECHANICAL_DESIGN_GEOMETRIC_PRESENTATION_REPRESENTATION('',(#5043),
#8608);
#8577=MECHANICAL_DESIGN_GEOMETRIC_PRESENTATION_REPRESENTATION('',(#5044),
#8609);
#8578=MECHANICAL_DESIGN_GEOMETRIC_PRESENTATION_REPRESENTATION('',(#5045),
#8610);
#8579=(
GEOMETRIC_REPRESENTATION_CONTEXT(3)
GLOBAL_UNCERTAINTY_ASSIGNED_CONTEXT((#8611))
GLOBAL_UNIT_ASSIGNED_CONTEXT((#8707,#8675,#8643))
REPRESENTATION_CONTEXT('AC63_0_V5','TOP_LEVEL_ASSEMBLY_PART')
);
#8580=(
GEOMETRIC_REPRESENTATION_CONTEXT(3)
GLOBAL_UNCERTAINTY_ASSIGNED_CONTEXT((#8612))
GLOBAL_UNIT_ASSIGNED_CONTEXT((#8708,#8676,#8644))
REPRESENTATION_CONTEXT('AC91_0_V5','TOP_LEVEL_ASSEMBLY_PART')
);
#8581=(
GEOMETRIC_REPRESENTATION_CONTEXT(3)
GLOBAL_UNCERTAINTY_ASSIGNED_CONTEXT((#8613))
GLOBAL_UNIT_ASSIGNED_CONTEXT((#8709,#8677,#8645))
REPRESENTATION_CONTEXT('AC65_0_V5','TOP_LEVEL_ASSEMBLY_PART')
);
#8582=(
GEOMETRIC_REPRESENTATION_CONTEXT(3)
GLOBAL_UNCERTAINTY_ASSIGNED_CONTEXT((#8614))
GLOBAL_UNIT_ASSIGNED_CONTEXT((#8710,#8678,#8646))
REPRESENTATION_CONTEXT('AC61_0_V5','TOP_LEVEL_ASSEMBLY_PART')
);
#8583=(
GEOMETRIC_REPRESENTATION_CONTEXT(3)
GLOBAL_UNCERTAINTY_ASSIGNED_CONTEXT((#8615))
GLOBAL_UNIT_ASSIGNED_CONTEXT((#8711,#8679,#8647))
REPRESENTATION_CONTEXT('AC52_0_V5','TOP_LEVEL_ASSEMBLY_PART')
);
#8584=(
GEOMETRIC_REPRESENTATION_CONTEXT(3)
GLOBAL_UNCERTAINTY_ASSIGNED_CONTEXT((#8616))
GLOBAL_UNIT_ASSIGNED_CONTEXT((#8712,#8680,#8648))
REPRESENTATION_CONTEXT('AC98_0_V5','TOP_LEVEL_ASSEMBLY_PART')
);
#8585=(
GEOMETRIC_REPRESENTATION_CONTEXT(3)
GLOBAL_UNCERTAINTY_ASSIGNED_CONTEXT((#8617))
GLOBAL_UNIT_ASSIGNED_CONTEXT((#8713,#8681,#8649))
REPRESENTATION_CONTEXT('AC52_1_V5','TOP_LEVEL_ASSEMBLY_PART')
);
#8586=(
GEOMETRIC_REPRESENTATION_CONTEXT(3)
GLOBAL_UNCERTAINTY_ASSIGNED_CONTEXT((#8618))
GLOBAL_UNIT_ASSIGNED_CONTEXT((#8714,#8682,#8650))
REPRESENTATION_CONTEXT('AC92_2_V5','TOP_LEVEL_ASSEMBLY_PART')
);
#8587=(
GEOMETRIC_REPRESENTATION_CONTEXT(3)
GLOBAL_UNCERTAINTY_ASSIGNED_CONTEXT((#8619))
GLOBAL_UNIT_ASSIGNED_CONTEXT((#8715,#8683,#8651))
REPRESENTATION_CONTEXT('AC68_0_V5','TOP_LEVEL_ASSEMBLY_PART')
);
#8588=(
GEOMETRIC_REPRESENTATION_CONTEXT(3)
GLOBAL_UNCERTAINTY_ASSIGNED_CONTEXT((#8620))
GLOBAL_UNIT_ASSIGNED_CONTEXT((#8716,#8684,#8652))
REPRESENTATION_CONTEXT('AC77_0_V5','TOP_LEVEL_ASSEMBLY_PART')
);
#8589=(
GEOMETRIC_REPRESENTATION_CONTEXT(3)
GLOBAL_UNCERTAINTY_ASSIGNED_CONTEXT((#8621))
GLOBAL_UNIT_ASSIGNED_CONTEXT((#8717,#8685,#8653))
REPRESENTATION_CONTEXT('AC92_0_V5','TOP_LEVEL_ASSEMBLY_PART')
);
#8590=(
GEOMETRIC_REPRESENTATION_CONTEXT(3)
GLOBAL_UNCERTAINTY_ASSIGNED_CONTEXT((#8622))
GLOBAL_UNIT_ASSIGNED_CONTEXT((#8718,#8686,#8654))
REPRESENTATION_CONTEXT('AC72_0_V5','TOP_LEVEL_ASSEMBLY_PART')
);
#8591=(
GEOMETRIC_REPRESENTATION_CONTEXT(3)
GLOBAL_UNCERTAINTY_ASSIGNED_CONTEXT((#8623))
GLOBAL_UNIT_ASSIGNED_CONTEXT((#8719,#8687,#8655))
REPRESENTATION_CONTEXT('AC92_1_V5','TOP_LEVEL_ASSEMBLY_PART')
);
#8592=(
GEOMETRIC_REPRESENTATION_CONTEXT(3)
GLOBAL_UNCERTAINTY_ASSIGNED_CONTEXT((#8624))
GLOBAL_UNIT_ASSIGNED_CONTEXT((#8720,#8688,#8656))
REPRESENTATION_CONTEXT('AC62_0_V5','TOP_LEVEL_ASSEMBLY_PART')
);
#8593=(
GEOMETRIC_REPRESENTATION_CONTEXT(3)
GLOBAL_UNCERTAINTY_ASSIGNED_CONTEXT((#8625))
GLOBAL_UNIT_ASSIGNED_CONTEXT((#8721,#8689,#8657))
REPRESENTATION_CONTEXT('AC96_0_V5','TOP_LEVEL_ASSEMBLY_PART')
);
#8594=(
GEOMETRIC_REPRESENTATION_CONTEXT(3)
GLOBAL_UNCERTAINTY_ASSIGNED_CONTEXT((#8626))
GLOBAL_UNIT_ASSIGNED_CONTEXT((#8722,#8690,#8658))
REPRESENTATION_CONTEXT('AC64_0_V5','TOP_LEVEL_ASSEMBLY_PART')
);
#8595=(
GEOMETRIC_REPRESENTATION_CONTEXT(3)
GLOBAL_UNCERTAINTY_ASSIGNED_CONTEXT((#8627))
GLOBAL_UNIT_ASSIGNED_CONTEXT((#8723,#8691,#8659))
REPRESENTATION_CONTEXT('AC81_0_V5','TOP_LEVEL_ASSEMBLY_PART')
);
#8596=(
GEOMETRIC_REPRESENTATION_CONTEXT(3)
GLOBAL_UNCERTAINTY_ASSIGNED_CONTEXT((#8628))
GLOBAL_UNIT_ASSIGNED_CONTEXT((#8724,#8692,#8660))
REPRESENTATION_CONTEXT('AC51_0_V5','TOP_LEVEL_ASSEMBLY_PART')
);
#8597=(
GEOMETRIC_REPRESENTATION_CONTEXT(3)
GLOBAL_UNCERTAINTY_ASSIGNED_CONTEXT((#8629))
GLOBAL_UNIT_ASSIGNED_CONTEXT((#8725,#8693,#8661))
REPRESENTATION_CONTEXT('AC95_0_V5','TOP_LEVEL_ASSEMBLY_PART')
);
#8598=(
GEOMETRIC_REPRESENTATION_CONTEXT(3)
GLOBAL_UNCERTAINTY_ASSIGNED_CONTEXT((#8630))
GLOBAL_UNIT_ASSIGNED_CONTEXT((#8726,#8694,#8662))
REPRESENTATION_CONTEXT('AC93_1_V5','TOP_LEVEL_ASSEMBLY_PART')
);
#8599=(
GEOMETRIC_REPRESENTATION_CONTEXT(3)
GLOBAL_UNCERTAINTY_ASSIGNED_CONTEXT((#8631))
GLOBAL_UNIT_ASSIGNED_CONTEXT((#8727,#8695,#8663))
REPRESENTATION_CONTEXT('AC93_0_V5','TOP_LEVEL_ASSEMBLY_PART')
);
#8600=(
GEOMETRIC_REPRESENTATION_CONTEXT(3)
GLOBAL_UNCERTAINTY_ASSIGNED_CONTEXT((#8632))
GLOBAL_UNIT_ASSIGNED_CONTEXT((#8728,#8696,#8664))
REPRESENTATION_CONTEXT('AC89_0_V5','TOP_LEVEL_ASSEMBLY_PART')
);
#8601=(
GEOMETRIC_REPRESENTATION_CONTEXT(3)
GLOBAL_UNCERTAINTY_ASSIGNED_CONTEXT((#8633))
GLOBAL_UNIT_ASSIGNED_CONTEXT((#8729,#8697,#8665))
REPRESENTATION_CONTEXT('AC60_0_V5','TOP_LEVEL_ASSEMBLY_PART')
);
#8602=(
GEOMETRIC_REPRESENTATION_CONTEXT(3)
GLOBAL_UNCERTAINTY_ASSIGNED_CONTEXT((#8634))
GLOBAL_UNIT_ASSIGNED_CONTEXT((#8730,#8698,#8666))
REPRESENTATION_CONTEXT('AC71_0_V5','TOP_LEVEL_ASSEMBLY_PART')
);
#8603=(
GEOMETRIC_REPRESENTATION_CONTEXT(3)
GLOBAL_UNCERTAINTY_ASSIGNED_CONTEXT((#8635))
GLOBAL_UNIT_ASSIGNED_CONTEXT((#8731,#8699,#8667))
REPRESENTATION_CONTEXT('AC99_0_V5','TOP_LEVEL_ASSEMBLY_PART')
);
#8604=(
GEOMETRIC_REPRESENTATION_CONTEXT(3)
GLOBAL_UNCERTAINTY_ASSIGNED_CONTEXT((#8636))
GLOBAL_UNIT_ASSIGNED_CONTEXT((#8732,#8700,#8668))
REPRESENTATION_CONTEXT('AC84_0_V5','TOP_LEVEL_ASSEMBLY_PART')
);
#8605=(
GEOMETRIC_REPRESENTATION_CONTEXT(3)
GLOBAL_UNCERTAINTY_ASSIGNED_CONTEXT((#8637))
GLOBAL_UNIT_ASSIGNED_CONTEXT((#8733,#8701,#8669))
REPRESENTATION_CONTEXT('AC57_0_V5','TOP_LEVEL_ASSEMBLY_PART')
);
#8606=(
GEOMETRIC_REPRESENTATION_CONTEXT(3)
GLOBAL_UNCERTAINTY_ASSIGNED_CONTEXT((#8638))
GLOBAL_UNIT_ASSIGNED_CONTEXT((#8734,#8702,#8670))
REPRESENTATION_CONTEXT('AC67_0_V5','TOP_LEVEL_ASSEMBLY_PART')
);
#8607=(
GEOMETRIC_REPRESENTATION_CONTEXT(3)
GLOBAL_UNCERTAINTY_ASSIGNED_CONTEXT((#8639))
GLOBAL_UNIT_ASSIGNED_CONTEXT((#8735,#8703,#8671))
REPRESENTATION_CONTEXT('AC75_0_V5','TOP_LEVEL_ASSEMBLY_PART')
);
#8608=(
GEOMETRIC_REPRESENTATION_CONTEXT(3)
GLOBAL_UNCERTAINTY_ASSIGNED_CONTEXT((#8640))
GLOBAL_UNIT_ASSIGNED_CONTEXT((#8736,#8704,#8672))
REPRESENTATION_CONTEXT('AC56_0_V5','TOP_LEVEL_ASSEMBLY_PART')
);
#8609=(
GEOMETRIC_REPRESENTATION_CONTEXT(3)
GLOBAL_UNCERTAINTY_ASSIGNED_CONTEXT((#8641))
GLOBAL_UNIT_ASSIGNED_CONTEXT((#8737,#8705,#8673))
REPRESENTATION_CONTEXT('AC79_0_V5','TOP_LEVEL_ASSEMBLY_PART')
);
#8610=(
GEOMETRIC_REPRESENTATION_CONTEXT(3)
GLOBAL_UNCERTAINTY_ASSIGNED_CONTEXT((#8642))
GLOBAL_UNIT_ASSIGNED_CONTEXT((#8738,#8706,#8674))
REPRESENTATION_CONTEXT('AC52_2_V5','TOP_LEVEL_ASSEMBLY_PART')
);
#8611=UNCERTAINTY_MEASURE_WITH_UNIT(LENGTH_MEASURE(1.E-8),#8707,
'DISTANCE_ACCURACY_VALUE','Maximum Tolerance applied to model');
#8612=UNCERTAINTY_MEASURE_WITH_UNIT(LENGTH_MEASURE(1.E-8),#8708,
'DISTANCE_ACCURACY_VALUE','Maximum Tolerance applied to model');
#8613=UNCERTAINTY_MEASURE_WITH_UNIT(LENGTH_MEASURE(1.E-8),#8709,
'DISTANCE_ACCURACY_VALUE','Maximum Tolerance applied to model');
#8614=UNCERTAINTY_MEASURE_WITH_UNIT(LENGTH_MEASURE(1.E-8),#8710,
'DISTANCE_ACCURACY_VALUE','Maximum Tolerance applied to model');
#8615=UNCERTAINTY_MEASURE_WITH_UNIT(LENGTH_MEASURE(1.E-8),#8711,
'DISTANCE_ACCURACY_VALUE','Maximum Tolerance applied to model');
#8616=UNCERTAINTY_MEASURE_WITH_UNIT(LENGTH_MEASURE(1.E-8),#8712,
'DISTANCE_ACCURACY_VALUE','Maximum Tolerance applied to model');
#8617=UNCERTAINTY_MEASURE_WITH_UNIT(LENGTH_MEASURE(1.E-8),#8713,
'DISTANCE_ACCURACY_VALUE','Maximum Tolerance applied to model');
#8618=UNCERTAINTY_MEASURE_WITH_UNIT(LENGTH_MEASURE(1.E-8),#8714,
'DISTANCE_ACCURACY_VALUE','Maximum Tolerance applied to model');
#8619=UNCERTAINTY_MEASURE_WITH_UNIT(LENGTH_MEASURE(1.E-8),#8715,
'DISTANCE_ACCURACY_VALUE','Maximum Tolerance applied to model');
#8620=UNCERTAINTY_MEASURE_WITH_UNIT(LENGTH_MEASURE(1.E-8),#8716,
'DISTANCE_ACCURACY_VALUE','Maximum Tolerance applied to model');
#8621=UNCERTAINTY_MEASURE_WITH_UNIT(LENGTH_MEASURE(1.E-8),#8717,
'DISTANCE_ACCURACY_VALUE','Maximum Tolerance applied to model');
#8622=UNCERTAINTY_MEASURE_WITH_UNIT(LENGTH_MEASURE(1.E-8),#8718,
'DISTANCE_ACCURACY_VALUE','Maximum Tolerance applied to model');
#8623=UNCERTAINTY_MEASURE_WITH_UNIT(LENGTH_MEASURE(1.E-8),#8719,
'DISTANCE_ACCURACY_VALUE','Maximum Tolerance applied to model');
#8624=UNCERTAINTY_MEASURE_WITH_UNIT(LENGTH_MEASURE(1.E-8),#8720,
'DISTANCE_ACCURACY_VALUE','Maximum Tolerance applied to model');
#8625=UNCERTAINTY_MEASURE_WITH_UNIT(LENGTH_MEASURE(1.E-8),#8721,
'DISTANCE_ACCURACY_VALUE','Maximum Tolerance applied to model');
#8626=UNCERTAINTY_MEASURE_WITH_UNIT(LENGTH_MEASURE(1.E-8),#8722,
'DISTANCE_ACCURACY_VALUE','Maximum Tolerance applied to model');
#8627=UNCERTAINTY_MEASURE_WITH_UNIT(LENGTH_MEASURE(1.E-8),#8723,
'DISTANCE_ACCURACY_VALUE','Maximum Tolerance applied to model');
#8628=UNCERTAINTY_MEASURE_WITH_UNIT(LENGTH_MEASURE(1.E-8),#8724,
'DISTANCE_ACCURACY_VALUE','Maximum Tolerance applied to model');
#8629=UNCERTAINTY_MEASURE_WITH_UNIT(LENGTH_MEASURE(1.E-8),#8725,
'DISTANCE_ACCURACY_VALUE','Maximum Tolerance applied to model');
#8630=UNCERTAINTY_MEASURE_WITH_UNIT(LENGTH_MEASURE(1.E-8),#8726,
'DISTANCE_ACCURACY_VALUE','Maximum Tolerance applied to model');
#8631=UNCERTAINTY_MEASURE_WITH_UNIT(LENGTH_MEASURE(1.E-8),#8727,
'DISTANCE_ACCURACY_VALUE','Maximum Tolerance applied to model');
#8632=UNCERTAINTY_MEASURE_WITH_UNIT(LENGTH_MEASURE(1.E-8),#8728,
'DISTANCE_ACCURACY_VALUE','Maximum Tolerance applied to model');
#8633=UNCERTAINTY_MEASURE_WITH_UNIT(LENGTH_MEASURE(1.E-8),#8729,
'DISTANCE_ACCURACY_VALUE','Maximum Tolerance applied to model');
#8634=UNCERTAINTY_MEASURE_WITH_UNIT(LENGTH_MEASURE(1.E-8),#8730,
'DISTANCE_ACCURACY_VALUE','Maximum Tolerance applied to model');
#8635=UNCERTAINTY_MEASURE_WITH_UNIT(LENGTH_MEASURE(1.E-8),#8731,
'DISTANCE_ACCURACY_VALUE','Maximum Tolerance applied to model');
#8636=UNCERTAINTY_MEASURE_WITH_UNIT(LENGTH_MEASURE(1.E-8),#8732,
'DISTANCE_ACCURACY_VALUE','Maximum Tolerance applied to model');
#8637=UNCERTAINTY_MEASURE_WITH_UNIT(LENGTH_MEASURE(1.E-8),#8733,
'DISTANCE_ACCURACY_VALUE','Maximum Tolerance applied to model');
#8638=UNCERTAINTY_MEASURE_WITH_UNIT(LENGTH_MEASURE(1.E-8),#8734,
'DISTANCE_ACCURACY_VALUE','Maximum Tolerance applied to model');
#8639=UNCERTAINTY_MEASURE_WITH_UNIT(LENGTH_MEASURE(1.E-8),#8735,
'DISTANCE_ACCURACY_VALUE','Maximum Tolerance applied to model');
#8640=UNCERTAINTY_MEASURE_WITH_UNIT(LENGTH_MEASURE(1.E-8),#8736,
'DISTANCE_ACCURACY_VALUE','Maximum Tolerance applied to model');
#8641=UNCERTAINTY_MEASURE_WITH_UNIT(LENGTH_MEASURE(1.E-8),#8737,
'DISTANCE_ACCURACY_VALUE','Maximum Tolerance applied to model');
#8642=UNCERTAINTY_MEASURE_WITH_UNIT(LENGTH_MEASURE(1.E-8),#8738,
'DISTANCE_ACCURACY_VALUE','Maximum Tolerance applied to model');
#8643=(
NAMED_UNIT(*)
SI_UNIT($,.STERADIAN.)
SOLID_ANGLE_UNIT()
);
#8644=(
NAMED_UNIT(*)
SI_UNIT($,.STERADIAN.)
SOLID_ANGLE_UNIT()
);
#8645=(
NAMED_UNIT(*)
SI_UNIT($,.STERADIAN.)
SOLID_ANGLE_UNIT()
);
#8646=(
NAMED_UNIT(*)
SI_UNIT($,.STERADIAN.)
SOLID_ANGLE_UNIT()
);
#8647=(
NAMED_UNIT(*)
SI_UNIT($,.STERADIAN.)
SOLID_ANGLE_UNIT()
);
#8648=(
NAMED_UNIT(*)
SI_UNIT($,.STERADIAN.)
SOLID_ANGLE_UNIT()
);
#8649=(
NAMED_UNIT(*)
SI_UNIT($,.STERADIAN.)
SOLID_ANGLE_UNIT()
);
#8650=(
NAMED_UNIT(*)
SI_UNIT($,.STERADIAN.)
SOLID_ANGLE_UNIT()
);
#8651=(
NAMED_UNIT(*)
SI_UNIT($,.STERADIAN.)
SOLID_ANGLE_UNIT()
);
#8652=(
NAMED_UNIT(*)
SI_UNIT($,.STERADIAN.)
SOLID_ANGLE_UNIT()
);
#8653=(
NAMED_UNIT(*)
SI_UNIT($,.STERADIAN.)
SOLID_ANGLE_UNIT()
);
#8654=(
NAMED_UNIT(*)
SI_UNIT($,.STERADIAN.)
SOLID_ANGLE_UNIT()
);
#8655=(
NAMED_UNIT(*)
SI_UNIT($,.STERADIAN.)
SOLID_ANGLE_UNIT()
);
#8656=(
NAMED_UNIT(*)
SI_UNIT($,.STERADIAN.)
SOLID_ANGLE_UNIT()
);
#8657=(
NAMED_UNIT(*)
SI_UNIT($,.STERADIAN.)
SOLID_ANGLE_UNIT()
);
#8658=(
NAMED_UNIT(*)
SI_UNIT($,.STERADIAN.)
SOLID_ANGLE_UNIT()
);
#8659=(
NAMED_UNIT(*)
SI_UNIT($,.STERADIAN.)
SOLID_ANGLE_UNIT()
);
#8660=(
NAMED_UNIT(*)
SI_UNIT($,.STERADIAN.)
SOLID_ANGLE_UNIT()
);
#8661=(
NAMED_UNIT(*)
SI_UNIT($,.STERADIAN.)
SOLID_ANGLE_UNIT()
);
#8662=(
NAMED_UNIT(*)
SI_UNIT($,.STERADIAN.)
SOLID_ANGLE_UNIT()
);
#8663=(
NAMED_UNIT(*)
SI_UNIT($,.STERADIAN.)
SOLID_ANGLE_UNIT()
);
#8664=(
NAMED_UNIT(*)
SI_UNIT($,.STERADIAN.)
SOLID_ANGLE_UNIT()
);
#8665=(
NAMED_UNIT(*)
SI_UNIT($,.STERADIAN.)
SOLID_ANGLE_UNIT()
);
#8666=(
NAMED_UNIT(*)
SI_UNIT($,.STERADIAN.)
SOLID_ANGLE_UNIT()
);
#8667=(
NAMED_UNIT(*)
SI_UNIT($,.STERADIAN.)
SOLID_ANGLE_UNIT()
);
#8668=(
NAMED_UNIT(*)
SI_UNIT($,.STERADIAN.)
SOLID_ANGLE_UNIT()
);
#8669=(
NAMED_UNIT(*)
SI_UNIT($,.STERADIAN.)
SOLID_ANGLE_UNIT()
);
#8670=(
NAMED_UNIT(*)
SI_UNIT($,.STERADIAN.)
SOLID_ANGLE_UNIT()
);
#8671=(
NAMED_UNIT(*)
SI_UNIT($,.STERADIAN.)
SOLID_ANGLE_UNIT()
);
#8672=(
NAMED_UNIT(*)
SI_UNIT($,.STERADIAN.)
SOLID_ANGLE_UNIT()
);
#8673=(
NAMED_UNIT(*)
SI_UNIT($,.STERADIAN.)
SOLID_ANGLE_UNIT()
);
#8674=(
NAMED_UNIT(*)
SI_UNIT($,.STERADIAN.)
SOLID_ANGLE_UNIT()
);
#8675=(
NAMED_UNIT(*)
PLANE_ANGLE_UNIT()
SI_UNIT($,.RADIAN.)
);
#8676=(
NAMED_UNIT(*)
PLANE_ANGLE_UNIT()
SI_UNIT($,.RADIAN.)
);
#8677=(
NAMED_UNIT(*)
PLANE_ANGLE_UNIT()
SI_UNIT($,.RADIAN.)
);
#8678=(
NAMED_UNIT(*)
PLANE_ANGLE_UNIT()
SI_UNIT($,.RADIAN.)
);
#8679=(
NAMED_UNIT(*)
PLANE_ANGLE_UNIT()
SI_UNIT($,.RADIAN.)
);
#8680=(
NAMED_UNIT(*)
PLANE_ANGLE_UNIT()
SI_UNIT($,.RADIAN.)
);
#8681=(
NAMED_UNIT(*)
PLANE_ANGLE_UNIT()
SI_UNIT($,.RADIAN.)
);
#8682=(
NAMED_UNIT(*)
PLANE_ANGLE_UNIT()
SI_UNIT($,.RADIAN.)
);
#8683=(
NAMED_UNIT(*)
PLANE_ANGLE_UNIT()
SI_UNIT($,.RADIAN.)
);
#8684=(
NAMED_UNIT(*)
PLANE_ANGLE_UNIT()
SI_UNIT($,.RADIAN.)
);
#8685=(
NAMED_UNIT(*)
PLANE_ANGLE_UNIT()
SI_UNIT($,.RADIAN.)
);
#8686=(
NAMED_UNIT(*)
PLANE_ANGLE_UNIT()
SI_UNIT($,.RADIAN.)
);
#8687=(
NAMED_UNIT(*)
PLANE_ANGLE_UNIT()
SI_UNIT($,.RADIAN.)
);
#8688=(
NAMED_UNIT(*)
PLANE_ANGLE_UNIT()
SI_UNIT($,.RADIAN.)
);
#8689=(
NAMED_UNIT(*)
PLANE_ANGLE_UNIT()
SI_UNIT($,.RADIAN.)
);
#8690=(
NAMED_UNIT(*)
PLANE_ANGLE_UNIT()
SI_UNIT($,.RADIAN.)
);
#8691=(
NAMED_UNIT(*)
PLANE_ANGLE_UNIT()
SI_UNIT($,.RADIAN.)
);
#8692=(
NAMED_UNIT(*)
PLANE_ANGLE_UNIT()
SI_UNIT($,.RADIAN.)
);
#8693=(
NAMED_UNIT(*)
PLANE_ANGLE_UNIT()
SI_UNIT($,.RADIAN.)
);
#8694=(
NAMED_UNIT(*)
PLANE_ANGLE_UNIT()
SI_UNIT($,.RADIAN.)
);
#8695=(
NAMED_UNIT(*)
PLANE_ANGLE_UNIT()
SI_UNIT($,.RADIAN.)
);
#8696=(
NAMED_UNIT(*)
PLANE_ANGLE_UNIT()
SI_UNIT($,.RADIAN.)
);
#8697=(
NAMED_UNIT(*)
PLANE_ANGLE_UNIT()
SI_UNIT($,.RADIAN.)
);
#8698=(
NAMED_UNIT(*)
PLANE_ANGLE_UNIT()
SI_UNIT($,.RADIAN.)
);
#8699=(
NAMED_UNIT(*)
PLANE_ANGLE_UNIT()
SI_UNIT($,.RADIAN.)
);
#8700=(
NAMED_UNIT(*)
PLANE_ANGLE_UNIT()
SI_UNIT($,.RADIAN.)
);
#8701=(
NAMED_UNIT(*)
PLANE_ANGLE_UNIT()
SI_UNIT($,.RADIAN.)
);
#8702=(
NAMED_UNIT(*)
PLANE_ANGLE_UNIT()
SI_UNIT($,.RADIAN.)
);
#8703=(
NAMED_UNIT(*)
PLANE_ANGLE_UNIT()
SI_UNIT($,.RADIAN.)
);
#8704=(
NAMED_UNIT(*)
PLANE_ANGLE_UNIT()
SI_UNIT($,.RADIAN.)
);
#8705=(
NAMED_UNIT(*)
PLANE_ANGLE_UNIT()
SI_UNIT($,.RADIAN.)
);
#8706=(
NAMED_UNIT(*)
PLANE_ANGLE_UNIT()
SI_UNIT($,.RADIAN.)
);
#8707=(
LENGTH_UNIT()
NAMED_UNIT(*)
SI_UNIT($,.METRE.)
);
#8708=(
LENGTH_UNIT()
NAMED_UNIT(*)
SI_UNIT($,.METRE.)
);
#8709=(
LENGTH_UNIT()
NAMED_UNIT(*)
SI_UNIT($,.METRE.)
);
#8710=(
LENGTH_UNIT()
NAMED_UNIT(*)
SI_UNIT($,.METRE.)
);
#8711=(
LENGTH_UNIT()
NAMED_UNIT(*)
SI_UNIT($,.METRE.)
);
#8712=(
LENGTH_UNIT()
NAMED_UNIT(*)
SI_UNIT($,.METRE.)
);
#8713=(
LENGTH_UNIT()
NAMED_UNIT(*)
SI_UNIT($,.METRE.)
);
#8714=(
LENGTH_UNIT()
NAMED_UNIT(*)
SI_UNIT($,.METRE.)
);
#8715=(
LENGTH_UNIT()
NAMED_UNIT(*)
SI_UNIT($,.METRE.)
);
#8716=(
LENGTH_UNIT()
NAMED_UNIT(*)
SI_UNIT($,.METRE.)
);
#8717=(
LENGTH_UNIT()
NAMED_UNIT(*)
SI_UNIT($,.METRE.)
);
#8718=(
LENGTH_UNIT()
NAMED_UNIT(*)
SI_UNIT($,.METRE.)
);
#8719=(
LENGTH_UNIT()
NAMED_UNIT(*)
SI_UNIT($,.METRE.)
);
#8720=(
LENGTH_UNIT()
NAMED_UNIT(*)
SI_UNIT($,.METRE.)
);
#8721=(
LENGTH_UNIT()
NAMED_UNIT(*)
SI_UNIT($,.METRE.)
);
#8722=(
LENGTH_UNIT()
NAMED_UNIT(*)
SI_UNIT($,.METRE.)
);
#8723=(
LENGTH_UNIT()
NAMED_UNIT(*)
SI_UNIT($,.METRE.)
);
#8724=(
LENGTH_UNIT()
NAMED_UNIT(*)
SI_UNIT($,.METRE.)
);
#8725=(
LENGTH_UNIT()
NAMED_UNIT(*)
SI_UNIT($,.METRE.)
);
#8726=(
LENGTH_UNIT()
NAMED_UNIT(*)
SI_UNIT($,.METRE.)
);
#8727=(
LENGTH_UNIT()
NAMED_UNIT(*)
SI_UNIT($,.METRE.)
);
#8728=(
LENGTH_UNIT()
NAMED_UNIT(*)
SI_UNIT($,.METRE.)
);
#8729=(
LENGTH_UNIT()
NAMED_UNIT(*)
SI_UNIT($,.METRE.)
);
#8730=(
LENGTH_UNIT()
NAMED_UNIT(*)
SI_UNIT($,.METRE.)
);
#8731=(
LENGTH_UNIT()
NAMED_UNIT(*)
SI_UNIT($,.METRE.)
);
#8732=(
LENGTH_UNIT()
NAMED_UNIT(*)
SI_UNIT($,.METRE.)
);
#8733=(
LENGTH_UNIT()
NAMED_UNIT(*)
SI_UNIT($,.METRE.)
);
#8734=(
LENGTH_UNIT()
NAMED_UNIT(*)
SI_UNIT($,.METRE.)
);
#8735=(
LENGTH_UNIT()
NAMED_UNIT(*)
SI_UNIT($,.METRE.)
);
#8736=(
LENGTH_UNIT()
NAMED_UNIT(*)
SI_UNIT($,.METRE.)
);
#8737=(
LENGTH_UNIT()
NAMED_UNIT(*)
SI_UNIT($,.METRE.)
);
#8738=(
LENGTH_UNIT()
NAMED_UNIT(*)
SI_UNIT($,.METRE.)
);
#8739=PRODUCT_DEFINITION_SHAPE('','',#8771);
#8740=PRODUCT_DEFINITION_SHAPE('','',#8772);
#8741=PRODUCT_DEFINITION_SHAPE('','',#8773);
#8742=PRODUCT_DEFINITION_SHAPE('','',#8774);
#8743=PRODUCT_DEFINITION_SHAPE('','',#8775);
#8744=PRODUCT_DEFINITION_SHAPE('','',#8776);
#8745=PRODUCT_DEFINITION_SHAPE('','',#8777);
#8746=PRODUCT_DEFINITION_SHAPE('','',#8778);
#8747=PRODUCT_DEFINITION_SHAPE('','',#8779);
#8748=PRODUCT_DEFINITION_SHAPE('','',#8780);
#8749=PRODUCT_DEFINITION_SHAPE('','',#8781);
#8750=PRODUCT_DEFINITION_SHAPE('','',#8782);
#8751=PRODUCT_DEFINITION_SHAPE('','',#8783);
#8752=PRODUCT_DEFINITION_SHAPE('','',#8784);
#8753=PRODUCT_DEFINITION_SHAPE('','',#8785);
#8754=PRODUCT_DEFINITION_SHAPE('','',#8786);
#8755=PRODUCT_DEFINITION_SHAPE('','',#8787);
#8756=PRODUCT_DEFINITION_SHAPE('','',#8788);
#8757=PRODUCT_DEFINITION_SHAPE('','',#8789);
#8758=PRODUCT_DEFINITION_SHAPE('','',#8790);
#8759=PRODUCT_DEFINITION_SHAPE('','',#8791);
#8760=PRODUCT_DEFINITION_SHAPE('','',#8792);
#8761=PRODUCT_DEFINITION_SHAPE('','',#8793);
#8762=PRODUCT_DEFINITION_SHAPE('','',#8794);
#8763=PRODUCT_DEFINITION_SHAPE('','',#8795);
#8764=PRODUCT_DEFINITION_SHAPE('','',#8796);
#8765=PRODUCT_DEFINITION_SHAPE('','',#8797);
#8766=PRODUCT_DEFINITION_SHAPE('','',#8798);
#8767=PRODUCT_DEFINITION_SHAPE('','',#8799);
#8768=PRODUCT_DEFINITION_SHAPE('','',#8800);
#8769=PRODUCT_DEFINITION_SHAPE('','',#8801);
#8770=PRODUCT_DEFINITION_SHAPE('','',#8802);
#8771=PRODUCT_DEFINITION('','',#8835,#8803);
#8772=PRODUCT_DEFINITION('','',#8836,#8804);
#8773=PRODUCT_DEFINITION('','',#8837,#8805);
#8774=PRODUCT_DEFINITION('','',#8838,#8806);
#8775=PRODUCT_DEFINITION('','',#8839,#8807);
#8776=PRODUCT_DEFINITION('','',#8840,#8808);
#8777=PRODUCT_DEFINITION('','',#8841,#8809);
#8778=PRODUCT_DEFINITION('','',#8842,#8810);
#8779=PRODUCT_DEFINITION('','',#8843,#8811);
#8780=PRODUCT_DEFINITION('','',#8844,#8812);
#8781=PRODUCT_DEFINITION('','',#8845,#8813);
#8782=PRODUCT_DEFINITION('','',#8846,#8814);
#8783=PRODUCT_DEFINITION('','',#8847,#8815);
#8784=PRODUCT_DEFINITION('','',#8848,#8816);
#8785=PRODUCT_DEFINITION('','',#8849,#8817);
#8786=PRODUCT_DEFINITION('','',#8850,#8818);
#8787=PRODUCT_DEFINITION('','',#8851,#8819);
#8788=PRODUCT_DEFINITION('','',#8852,#8820);
#8789=PRODUCT_DEFINITION('','',#8853,#8821);
#8790=PRODUCT_DEFINITION('','',#8854,#8822);
#8791=PRODUCT_DEFINITION('','',#8855,#8823);
#8792=PRODUCT_DEFINITION('','',#8856,#8824);
#8793=PRODUCT_DEFINITION('','',#8857,#8825);
#8794=PRODUCT_DEFINITION('','',#8858,#8826);
#8795=PRODUCT_DEFINITION('','',#8859,#8827);
#8796=PRODUCT_DEFINITION('','',#8860,#8828);
#8797=PRODUCT_DEFINITION('','',#8861,#8829);
#8798=PRODUCT_DEFINITION('','',#8862,#8830);
#8799=PRODUCT_DEFINITION('','',#8863,#8831);
#8800=PRODUCT_DEFINITION('','',#8864,#8832);
#8801=PRODUCT_DEFINITION('','',#8865,#8833);
#8802=PRODUCT_DEFINITION('','',#8866,#8834);
#8803=PRODUCT_DEFINITION_CONTEXT('',#9027,'design');
#8804=PRODUCT_DEFINITION_CONTEXT('',#9028,'design');
#8805=PRODUCT_DEFINITION_CONTEXT('',#9029,'design');
#8806=PRODUCT_DEFINITION_CONTEXT('',#9030,'design');
#8807=PRODUCT_DEFINITION_CONTEXT('',#9031,'design');
#8808=PRODUCT_DEFINITION_CONTEXT('',#9032,'design');
#8809=PRODUCT_DEFINITION_CONTEXT('',#9033,'design');
#8810=PRODUCT_DEFINITION_CONTEXT('',#9034,'design');
#8811=PRODUCT_DEFINITION_CONTEXT('',#9035,'design');
#8812=PRODUCT_DEFINITION_CONTEXT('',#9036,'design');
#8813=PRODUCT_DEFINITION_CONTEXT('',#9037,'design');
#8814=PRODUCT_DEFINITION_CONTEXT('',#9038,'design');
#8815=PRODUCT_DEFINITION_CONTEXT('',#9039,'design');
#8816=PRODUCT_DEFINITION_CONTEXT('',#9040,'design');
#8817=PRODUCT_DEFINITION_CONTEXT('',#9041,'design');
#8818=PRODUCT_DEFINITION_CONTEXT('',#9042,'design');
#8819=PRODUCT_DEFINITION_CONTEXT('',#9043,'design');
#8820=PRODUCT_DEFINITION_CONTEXT('',#9044,'design');
#8821=PRODUCT_DEFINITION_CONTEXT('',#9045,'design');
#8822=PRODUCT_DEFINITION_CONTEXT('',#9046,'design');
#8823=PRODUCT_DEFINITION_CONTEXT('',#9047,'design');
#8824=PRODUCT_DEFINITION_CONTEXT('',#9048,'design');
#8825=PRODUCT_DEFINITION_CONTEXT('',#9049,'design');
#8826=PRODUCT_DEFINITION_CONTEXT('',#9050,'design');
#8827=PRODUCT_DEFINITION_CONTEXT('',#9051,'design');
#8828=PRODUCT_DEFINITION_CONTEXT('',#9052,'design');
#8829=PRODUCT_DEFINITION_CONTEXT('',#9053,'design');
#8830=PRODUCT_DEFINITION_CONTEXT('',#9054,'design');
#8831=PRODUCT_DEFINITION_CONTEXT('',#9055,'design');
#8832=PRODUCT_DEFINITION_CONTEXT('',#9056,'design');
#8833=PRODUCT_DEFINITION_CONTEXT('',#9057,'design');
#8834=PRODUCT_DEFINITION_CONTEXT('',#9058,'design');
#8835=PRODUCT_DEFINITION_FORMATION_WITH_SPECIFIED_SOURCE('','',#8899,
 .NOT_KNOWN.);
#8836=PRODUCT_DEFINITION_FORMATION_WITH_SPECIFIED_SOURCE('','',#8900,
 .NOT_KNOWN.);
#8837=PRODUCT_DEFINITION_FORMATION_WITH_SPECIFIED_SOURCE('','',#8901,
 .NOT_KNOWN.);
#8838=PRODUCT_DEFINITION_FORMATION_WITH_SPECIFIED_SOURCE('','',#8902,
 .NOT_KNOWN.);
#8839=PRODUCT_DEFINITION_FORMATION_WITH_SPECIFIED_SOURCE('','',#8903,
 .NOT_KNOWN.);
#8840=PRODUCT_DEFINITION_FORMATION_WITH_SPECIFIED_SOURCE('','',#8904,
 .NOT_KNOWN.);
#8841=PRODUCT_DEFINITION_FORMATION_WITH_SPECIFIED_SOURCE('','',#8905,
 .NOT_KNOWN.);
#8842=PRODUCT_DEFINITION_FORMATION_WITH_SPECIFIED_SOURCE('','',#8906,
 .NOT_KNOWN.);
#8843=PRODUCT_DEFINITION_FORMATION_WITH_SPECIFIED_SOURCE('','',#8907,
 .NOT_KNOWN.);
#8844=PRODUCT_DEFINITION_FORMATION_WITH_SPECIFIED_SOURCE('','',#8908,
 .NOT_KNOWN.);
#8845=PRODUCT_DEFINITION_FORMATION_WITH_SPECIFIED_SOURCE('','',#8909,
 .NOT_KNOWN.);
#8846=PRODUCT_DEFINITION_FORMATION_WITH_SPECIFIED_SOURCE('','',#8910,
 .NOT_KNOWN.);
#8847=PRODUCT_DEFINITION_FORMATION_WITH_SPECIFIED_SOURCE('','',#8911,
 .NOT_KNOWN.);
#8848=PRODUCT_DEFINITION_FORMATION_WITH_SPECIFIED_SOURCE('','',#8912,
 .NOT_KNOWN.);
#8849=PRODUCT_DEFINITION_FORMATION_WITH_SPECIFIED_SOURCE('','',#8913,
 .NOT_KNOWN.);
#8850=PRODUCT_DEFINITION_FORMATION_WITH_SPECIFIED_SOURCE('','',#8914,
 .NOT_KNOWN.);
#8851=PRODUCT_DEFINITION_FORMATION_WITH_SPECIFIED_SOURCE('','',#8915,
 .NOT_KNOWN.);
#8852=PRODUCT_DEFINITION_FORMATION_WITH_SPECIFIED_SOURCE('','',#8916,
 .NOT_KNOWN.);
#8853=PRODUCT_DEFINITION_FORMATION_WITH_SPECIFIED_SOURCE('','',#8917,
 .NOT_KNOWN.);
#8854=PRODUCT_DEFINITION_FORMATION_WITH_SPECIFIED_SOURCE('','',#8918,
 .NOT_KNOWN.);
#8855=PRODUCT_DEFINITION_FORMATION_WITH_SPECIFIED_SOURCE('','',#8919,
 .NOT_KNOWN.);
#8856=PRODUCT_DEFINITION_FORMATION_WITH_SPECIFIED_SOURCE('','',#8920,
 .NOT_KNOWN.);
#8857=PRODUCT_DEFINITION_FORMATION_WITH_SPECIFIED_SOURCE('','',#8921,
 .NOT_KNOWN.);
#8858=PRODUCT_DEFINITION_FORMATION_WITH_SPECIFIED_SOURCE('','',#8922,
 .NOT_KNOWN.);
#8859=PRODUCT_DEFINITION_FORMATION_WITH_SPECIFIED_SOURCE('','',#8923,
 .NOT_KNOWN.);
#8860=PRODUCT_DEFINITION_FORMATION_WITH_SPECIFIED_SOURCE('','',#8924,
 .NOT_KNOWN.);
#8861=PRODUCT_DEFINITION_FORMATION_WITH_SPECIFIED_SOURCE('','',#8925,
 .NOT_KNOWN.);
#8862=PRODUCT_DEFINITION_FORMATION_WITH_SPECIFIED_SOURCE('','',#8926,
 .NOT_KNOWN.);
#8863=PRODUCT_DEFINITION_FORMATION_WITH_SPECIFIED_SOURCE('','',#8927,
 .NOT_KNOWN.);
#8864=PRODUCT_DEFINITION_FORMATION_WITH_SPECIFIED_SOURCE('','',#8928,
 .NOT_KNOWN.);
#8865=PRODUCT_DEFINITION_FORMATION_WITH_SPECIFIED_SOURCE('','',#8929,
 .NOT_KNOWN.);
#8866=PRODUCT_DEFINITION_FORMATION_WITH_SPECIFIED_SOURCE('','',#8930,
 .NOT_KNOWN.);
#8867=PRODUCT_RELATED_PRODUCT_CATEGORY('','',(#8899));
#8868=PRODUCT_RELATED_PRODUCT_CATEGORY('','',(#8900));
#8869=PRODUCT_RELATED_PRODUCT_CATEGORY('','',(#8901));
#8870=PRODUCT_RELATED_PRODUCT_CATEGORY('','',(#8902));
#8871=PRODUCT_RELATED_PRODUCT_CATEGORY('','',(#8903));
#8872=PRODUCT_RELATED_PRODUCT_CATEGORY('','',(#8904));
#8873=PRODUCT_RELATED_PRODUCT_CATEGORY('','',(#8905));
#8874=PRODUCT_RELATED_PRODUCT_CATEGORY('','',(#8906));
#8875=PRODUCT_RELATED_PRODUCT_CATEGORY('','',(#8907));
#8876=PRODUCT_RELATED_PRODUCT_CATEGORY('','',(#8908));
#8877=PRODUCT_RELATED_PRODUCT_CATEGORY('','',(#8909));
#8878=PRODUCT_RELATED_PRODUCT_CATEGORY('','',(#8910));
#8879=PRODUCT_RELATED_PRODUCT_CATEGORY('','',(#8911));
#8880=PRODUCT_RELATED_PRODUCT_CATEGORY('','',(#8912));
#8881=PRODUCT_RELATED_PRODUCT_CATEGORY('','',(#8913));
#8882=PRODUCT_RELATED_PRODUCT_CATEGORY('','',(#8914));
#8883=PRODUCT_RELATED_PRODUCT_CATEGORY('','',(#8915));
#8884=PRODUCT_RELATED_PRODUCT_CATEGORY('','',(#8916));
#8885=PRODUCT_RELATED_PRODUCT_CATEGORY('','',(#8917));
#8886=PRODUCT_RELATED_PRODUCT_CATEGORY('','',(#8918));
#8887=PRODUCT_RELATED_PRODUCT_CATEGORY('','',(#8919));
#8888=PRODUCT_RELATED_PRODUCT_CATEGORY('','',(#8920));
#8889=PRODUCT_RELATED_PRODUCT_CATEGORY('','',(#8921));
#8890=PRODUCT_RELATED_PRODUCT_CATEGORY('','',(#8922));
#8891=PRODUCT_RELATED_PRODUCT_CATEGORY('','',(#8923));
#8892=PRODUCT_RELATED_PRODUCT_CATEGORY('','',(#8924));
#8893=PRODUCT_RELATED_PRODUCT_CATEGORY('','',(#8925));
#8894=PRODUCT_RELATED_PRODUCT_CATEGORY('','',(#8926));
#8895=PRODUCT_RELATED_PRODUCT_CATEGORY('','',(#8927));
#8896=PRODUCT_RELATED_PRODUCT_CATEGORY('','',(#8928));
#8897=PRODUCT_RELATED_PRODUCT_CATEGORY('','',(#8929));
#8898=PRODUCT_RELATED_PRODUCT_CATEGORY('','',(#8930));
#8899=PRODUCT('AC63_0_V5','AC63_0_V5','AC63_0_V5',(#8963));
#8900=PRODUCT('AC91_0_V5','AC91_0_V5','AC91_0_V5',(#8964));
#8901=PRODUCT('AC65_0_V5','AC65_0_V5','AC65_0_V5',(#8965));
#8902=PRODUCT('AC61_0_V5','AC61_0_V5','AC61_0_V5',(#8966));
#8903=PRODUCT('AC52_0_V5','AC52_0_V5','AC52_0_V5',(#8967));
#8904=PRODUCT('AC98_0_V5','AC98_0_V5','AC98_0_V5',(#8968));
#8905=PRODUCT('AC52_1_V5','AC52_1_V5','AC52_1_V5',(#8969));
#8906=PRODUCT('AC92_2_V5','AC92_2_V5','AC92_2_V5',(#8970));
#8907=PRODUCT('AC68_0_V5','AC68_0_V5','AC68_0_V5',(#8971));
#8908=PRODUCT('AC77_0_V5','AC77_0_V5','AC77_0_V5',(#8972));
#8909=PRODUCT('AC92_0_V5','AC92_0_V5','AC92_0_V5',(#8973));
#8910=PRODUCT('AC72_0_V5','AC72_0_V5','AC72_0_V5',(#8974));
#8911=PRODUCT('AC92_1_V5','AC92_1_V5','AC92_1_V5',(#8975));
#8912=PRODUCT('AC62_0_V5','AC62_0_V5','AC62_0_V5',(#8976));
#8913=PRODUCT('AC96_0_V5','AC96_0_V5','AC96_0_V5',(#8977));
#8914=PRODUCT('AC64_0_V5','AC64_0_V5','AC64_0_V5',(#8978));
#8915=PRODUCT('AC81_0_V5','AC81_0_V5','AC81_0_V5',(#8979));
#8916=PRODUCT('AC51_0_V5','AC51_0_V5','AC51_0_V5',(#8980));
#8917=PRODUCT('AC95_0_V5','AC95_0_V5','AC95_0_V5',(#8981));
#8918=PRODUCT('AC93_1_V5','AC93_1_V5','AC93_1_V5',(#8982));
#8919=PRODUCT('AC93_0_V5','AC93_0_V5','AC93_0_V5',(#8983));
#8920=PRODUCT('AC89_0_V5','AC89_0_V5','AC89_0_V5',(#8984));
#8921=PRODUCT('AC60_0_V5','AC60_0_V5','AC60_0_V5',(#8985));
#8922=PRODUCT('AC71_0_V5','AC71_0_V5','AC71_0_V5',(#8986));
#8923=PRODUCT('AC99_0_V5','AC99_0_V5','AC99_0_V5',(#8987));
#8924=PRODUCT('AC84_0_V5','AC84_0_V5','AC84_0_V5',(#8988));
#8925=PRODUCT('AC57_0_V5','AC57_0_V5','AC57_0_V5',(#8989));
#8926=PRODUCT('AC67_0_V5','AC67_0_V5','AC67_0_V5',(#8990));
#8927=PRODUCT('AC75_0_V5','AC75_0_V5','AC75_0_V5',(#8991));
#8928=PRODUCT('AC56_0_V5','AC56_0_V5','AC56_0_V5',(#8992));
#8929=PRODUCT('AC79_0_V5','AC79_0_V5','AC79_0_V5',(#8993));
#8930=PRODUCT('AC52_2_V5','AC52_2_V5','AC52_2_V5',(#8994));
#8931=PRODUCT_CATEGORY('','');
#8932=PRODUCT_CATEGORY('','');
#8933=PRODUCT_CATEGORY('','');
#8934=PRODUCT_CATEGORY('','');
#8935=PRODUCT_CATEGORY('','');
#8936=PRODUCT_CATEGORY('','');
#8937=PRODUCT_CATEGORY('','');
#8938=PRODUCT_CATEGORY('','');
#8939=PRODUCT_CATEGORY('','');
#8940=PRODUCT_CATEGORY('','');
#8941=PRODUCT_CATEGORY('','');
#8942=PRODUCT_CATEGORY('','');
#8943=PRODUCT_CATEGORY('','');
#8944=PRODUCT_CATEGORY('','');
#8945=PRODUCT_CATEGORY('','');
#8946=PRODUCT_CATEGORY('','');
#8947=PRODUCT_CATEGORY('','');
#8948=PRODUCT_CATEGORY('','');
#8949=PRODUCT_CATEGORY('','');
#8950=PRODUCT_CATEGORY('','');
#8951=PRODUCT_CATEGORY('','');
#8952=PRODUCT_CATEGORY('','');
#8953=PRODUCT_CATEGORY('','');
#8954=PRODUCT_CATEGORY('','');
#8955=PRODUCT_CATEGORY('','');
#8956=PRODUCT_CATEGORY('','');
#8957=PRODUCT_CATEGORY('','');
#8958=PRODUCT_CATEGORY('','');
#8959=PRODUCT_CATEGORY('','');
#8960=PRODUCT_CATEGORY('','');
#8961=PRODUCT_CATEGORY('','');
#8962=PRODUCT_CATEGORY('','');
#8963=PRODUCT_CONTEXT('',#9027,'mechanical');
#8964=PRODUCT_CONTEXT('',#9028,'mechanical');
#8965=PRODUCT_CONTEXT('',#9029,'mechanical');
#8966=PRODUCT_CONTEXT('',#9030,'mechanical');
#8967=PRODUCT_CONTEXT('',#9031,'mechanical');
#8968=PRODUCT_CONTEXT('',#9032,'mechanical');
#8969=PRODUCT_CONTEXT('',#9033,'mechanical');
#8970=PRODUCT_CONTEXT('',#9034,'mechanical');
#8971=PRODUCT_CONTEXT('',#9035,'mechanical');
#8972=PRODUCT_CONTEXT('',#9036,'mechanical');
#8973=PRODUCT_CONTEXT('',#9037,'mechanical');
#8974=PRODUCT_CONTEXT('',#9038,'mechanical');
#8975=PRODUCT_CONTEXT('',#9039,'mechanical');
#8976=PRODUCT_CONTEXT('',#9040,'mechanical');
#8977=PRODUCT_CONTEXT('',#9041,'mechanical');
#8978=PRODUCT_CONTEXT('',#9042,'mechanical');
#8979=PRODUCT_CONTEXT('',#9043,'mechanical');
#8980=PRODUCT_CONTEXT('',#9044,'mechanical');
#8981=PRODUCT_CONTEXT('',#9045,'mechanical');
#8982=PRODUCT_CONTEXT('',#9046,'mechanical');
#8983=PRODUCT_CONTEXT('',#9047,'mechanical');
#8984=PRODUCT_CONTEXT('',#9048,'mechanical');
#8985=PRODUCT_CONTEXT('',#9049,'mechanical');
#8986=PRODUCT_CONTEXT('',#9050,'mechanical');
#8987=PRODUCT_CONTEXT('',#9051,'mechanical');
#8988=PRODUCT_CONTEXT('',#9052,'mechanical');
#8989=PRODUCT_CONTEXT('',#9053,'mechanical');
#8990=PRODUCT_CONTEXT('',#9054,'mechanical');
#8991=PRODUCT_CONTEXT('',#9055,'mechanical');
#8992=PRODUCT_CONTEXT('',#9056,'mechanical');
#8993=PRODUCT_CONTEXT('',#9057,'mechanical');
#8994=PRODUCT_CONTEXT('',#9058,'mechanical');
#8995=APPLICATION_PROTOCOL_DEFINITION('international standard',
'automotive_design',2010,#9027);
#8996=APPLICATION_PROTOCOL_DEFINITION('international standard',
'automotive_design',2010,#9028);
#8997=APPLICATION_PROTOCOL_DEFINITION('international standard',
'automotive_design',2010,#9029);
#8998=APPLICATION_PROTOCOL_DEFINITION('international standard',
'automotive_design',2010,#9030);
#8999=APPLICATION_PROTOCOL_DEFINITION('international standard',
'automotive_design',2010,#9031);
#9000=APPLICATION_PROTOCOL_DEFINITION('international standard',
'automotive_design',2010,#9032);
#9001=APPLICATION_PROTOCOL_DEFINITION('international standard',
'automotive_design',2010,#9033);
#9002=APPLICATION_PROTOCOL_DEFINITION('international standard',
'automotive_design',2010,#9034);
#9003=APPLICATION_PROTOCOL_DEFINITION('international standard',
'automotive_design',2010,#9035);
#9004=APPLICATION_PROTOCOL_DEFINITION('international standard',
'automotive_design',2010,#9036);
#9005=APPLICATION_PROTOCOL_DEFINITION('international standard',
'automotive_design',2010,#9037);
#9006=APPLICATION_PROTOCOL_DEFINITION('international standard',
'automotive_design',2010,#9038);
#9007=APPLICATION_PROTOCOL_DEFINITION('international standard',
'automotive_design',2010,#9039);
#9008=APPLICATION_PROTOCOL_DEFINITION('international standard',
'automotive_design',2010,#9040);
#9009=APPLICATION_PROTOCOL_DEFINITION('international standard',
'automotive_design',2010,#9041);
#9010=APPLICATION_PROTOCOL_DEFINITION('international standard',
'automotive_design',2010,#9042);
#9011=APPLICATION_PROTOCOL_DEFINITION('international standard',
'automotive_design',2010,#9043);
#9012=APPLICATION_PROTOCOL_DEFINITION('international standard',
'automotive_design',2010,#9044);
#9013=APPLICATION_PROTOCOL_DEFINITION('international standard',
'automotive_design',2010,#9045);
#9014=APPLICATION_PROTOCOL_DEFINITION('international standard',
'automotive_design',2010,#9046);
#9015=APPLICATION_PROTOCOL_DEFINITION('international standard',
'automotive_design',2010,#9047);
#9016=APPLICATION_PROTOCOL_DEFINITION('international standard',
'automotive_design',2010,#9048);
#9017=APPLICATION_PROTOCOL_DEFINITION('international standard',
'automotive_design',2010,#9049);
#9018=APPLICATION_PROTOCOL_DEFINITION('international standard',
'automotive_design',2010,#9050);
#9019=APPLICATION_PROTOCOL_DEFINITION('international standard',
'automotive_design',2010,#9051);
#9020=APPLICATION_PROTOCOL_DEFINITION('international standard',
'automotive_design',2010,#9052);
#9021=APPLICATION_PROTOCOL_DEFINITION('international standard',
'automotive_design',2010,#9053);
#9022=APPLICATION_PROTOCOL_DEFINITION('international standard',
'automotive_design',2010,#9054);
#9023=APPLICATION_PROTOCOL_DEFINITION('international standard',
'automotive_design',2010,#9055);
#9024=APPLICATION_PROTOCOL_DEFINITION('international standard',
'automotive_design',2010,#9056);
#9025=APPLICATION_PROTOCOL_DEFINITION('international standard',
'automotive_design',2010,#9057);
#9026=APPLICATION_PROTOCOL_DEFINITION('international standard',
'automotive_design',2010,#9058);
#9027=APPLICATION_CONTEXT(
'core data for automotive mechanical design processes');
#9028=APPLICATION_CONTEXT(
'core data for automotive mechanical design processes');
#9029=APPLICATION_CONTEXT(
'core data for automotive mechanical design processes');
#9030=APPLICATION_CONTEXT(
'core data for automotive mechanical design processes');
#9031=APPLICATION_CONTEXT(
'core data for automotive mechanical design processes');
#9032=APPLICATION_CONTEXT(
'core data for automotive mechanical design processes');
#9033=APPLICATION_CONTEXT(
'core data for automotive mechanical design processes');
#9034=APPLICATION_CONTEXT(
'core data for automotive mechanical design processes');
#9035=APPLICATION_CONTEXT(
'core data for automotive mechanical design processes');
#9036=APPLICATION_CONTEXT(
'core data for automotive mechanical design processes');
#9037=APPLICATION_CONTEXT(
'core data for automotive mechanical design processes');
#9038=APPLICATION_CONTEXT(
'core data for automotive mechanical design processes');
#9039=APPLICATION_CONTEXT(
'core data for automotive mechanical design processes');
#9040=APPLICATION_CONTEXT(
'core data for automotive mechanical design processes');
#9041=APPLICATION_CONTEXT(
'core data for automotive mechanical design processes');
#9042=APPLICATION_CONTEXT(
'core data for automotive mechanical design processes');
#9043=APPLICATION_CONTEXT(
'core data for automotive mechanical design processes');
#9044=APPLICATION_CONTEXT(
'core data for automotive mechanical design processes');
#9045=APPLICATION_CONTEXT(
'core data for automotive mechanical design processes');
#9046=APPLICATION_CONTEXT(
'core data for automotive mechanical design processes');
#9047=APPLICATION_CONTEXT(
'core data for automotive mechanical design processes');
#9048=APPLICATION_CONTEXT(
'core data for automotive mechanical design processes');
#9049=APPLICATION_CONTEXT(
'core data for automotive mechanical design processes');
#9050=APPLICATION_CONTEXT(
'core data for automotive mechanical design processes');
#9051=APPLICATION_CONTEXT(
'core data for automotive mechanical design processes');
#9052=APPLICATION_CONTEXT(
'core data for automotive mechanical design processes');
#9053=APPLICATION_CONTEXT(
'core data for automotive mechanical design processes');
#9054=APPLICATION_CONTEXT(
'core data for automotive mechanical design processes');
#9055=APPLICATION_CONTEXT(
'core data for automotive mechanical design processes');
#9056=APPLICATION_CONTEXT(
'core data for automotive mechanical design processes');
#9057=APPLICATION_CONTEXT(
'core data for automotive mechanical design processes');
#9058=APPLICATION_CONTEXT(
'core data for automotive mechanical design processes');
ENDSEC;
END-ISO-10303-21;
