ISO-10303-21;
HEADER;
/* Generated by software containing ST-Developer
 * from STEP Tools, Inc. (www.steptools.com) 
 */
/* OPTION: using custom renumber hook */

FILE_DESCRIPTION(
/* description */ ('STEP AP214',
'CAx-IF Rec.Pracs.---User Defined Attributes---1.5---2016-08-15'),
/* implementation_level */ '2;1');

FILE_NAME(
/* name */ '6aba8ebe044beb9250fbf7f6',
/* time_stamp */ '2026-09-28T15:58:55Z',
/* author */ (''),
/* organization */ (''),
/* preprocessor_version */ 'ST-DEVELOPER v20',
/* originating_system */ 'ONSHAPE BY PTC INC, 1.221',
/* authorisation */ '  ');

FILE_SCHEMA (('AUTOMOTIVE_DESIGN {1 0 10303 214 3 1 1}'));
ENDSEC;

DATA;
#10=PROPERTY_DEFINITION_REPRESENTATION(#14,#12);
#11=PROPERTY_DEFINITION_REPRESENTATION(#15,#13);
#12=REPRESENTATION('',(#16),#5096);
#13=REPRESENTATION('',(#17),#5096);
#14=PROPERTY_DEFINITION('pmi validation property','',#5196);
#15=PROPERTY_DEFINITION('pmi validation property','',#5196);
#16=VALUE_REPRESENTATION_ITEM('number of annotations',COUNT_MEASURE(0.));
#17=VALUE_REPRESENTATION_ITEM('number of views',COUNT_MEASURE(0.));
#18=SHAPE_REPRESENTATION_RELATIONSHIP('','',#3105,#38);
#19=SHAPE_REPRESENTATION_RELATIONSHIP('','',#3106,#39);
#20=SHAPE_REPRESENTATION_RELATIONSHIP('','',#3107,#40);
#21=SHAPE_REPRESENTATION_RELATIONSHIP('','',#3108,#41);
#22=SHAPE_REPRESENTATION_RELATIONSHIP('','',#3109,#42);
#23=SHAPE_REPRESENTATION_RELATIONSHIP('','',#3110,#43);
#24=SHAPE_REPRESENTATION_RELATIONSHIP('','',#3111,#44);
#25=SHAPE_REPRESENTATION_RELATIONSHIP('','',#3112,#45);
#26=SHAPE_REPRESENTATION_RELATIONSHIP('','',#3113,#46);
#27=SHAPE_REPRESENTATION_RELATIONSHIP('','',#3114,#47);
#28=SHAPE_REPRESENTATION_RELATIONSHIP('','',#3115,#48);
#29=SHAPE_REPRESENTATION_RELATIONSHIP('','',#3116,#49);
#30=SHAPE_REPRESENTATION_RELATIONSHIP('','',#3117,#50);
#31=SHAPE_REPRESENTATION_RELATIONSHIP('','',#3118,#51);
#32=SHAPE_REPRESENTATION_RELATIONSHIP('','',#3119,#52);
#33=SHAPE_REPRESENTATION_RELATIONSHIP('','',#3120,#53);
#34=SHAPE_REPRESENTATION_RELATIONSHIP('','',#3121,#54);
#35=SHAPE_REPRESENTATION_RELATIONSHIP('','',#3122,#55);
#36=SHAPE_REPRESENTATION_RELATIONSHIP('','',#3123,#56);
#37=SHAPE_REPRESENTATION_RELATIONSHIP('','',#3124,#57);
#38=ADVANCED_BREP_SHAPE_REPRESENTATION('',(#3065),#5077);
#39=ADVANCED_BREP_SHAPE_REPRESENTATION('',(#3066),#5078);
#40=ADVANCED_BREP_SHAPE_REPRESENTATION('',(#3067),#5079);
#41=ADVANCED_BREP_SHAPE_REPRESENTATION('',(#3068),#5080);
#42=ADVANCED_BREP_SHAPE_REPRESENTATION('',(#3069),#5081);
#43=ADVANCED_BREP_SHAPE_REPRESENTATION('',(#3070),#5082);
#44=ADVANCED_BREP_SHAPE_REPRESENTATION('',(#3071),#5083);
#45=ADVANCED_BREP_SHAPE_REPRESENTATION('',(#3072),#5084);
#46=ADVANCED_BREP_SHAPE_REPRESENTATION('',(#3073),#5085);
#47=ADVANCED_BREP_SHAPE_REPRESENTATION('',(#3074),#5086);
#48=ADVANCED_BREP_SHAPE_REPRESENTATION('',(#3075),#5087);
#49=ADVANCED_BREP_SHAPE_REPRESENTATION('',(#3076),#5088);
#50=ADVANCED_BREP_SHAPE_REPRESENTATION('',(#3077),#5089);
#51=ADVANCED_BREP_SHAPE_REPRESENTATION('',(#3078),#5090);
#52=ADVANCED_BREP_SHAPE_REPRESENTATION('',(#3079),#5091);
#53=ADVANCED_BREP_SHAPE_REPRESENTATION('',(#3080),#5092);
#54=ADVANCED_BREP_SHAPE_REPRESENTATION('',(#3081),#5093);
#55=ADVANCED_BREP_SHAPE_REPRESENTATION('',(#3082),#5094);
#56=ADVANCED_BREP_SHAPE_REPRESENTATION('',(#3083),#5095);
#57=ADVANCED_BREP_SHAPE_REPRESENTATION('',(#3084),#5096);
#58=CYLINDRICAL_SURFACE('',#3148,0.002025);
#59=CYLINDRICAL_SURFACE('',#3149,0.002025);
#60=CYLINDRICAL_SURFACE('',#3150,0.002025);
#61=CYLINDRICAL_SURFACE('',#3151,0.002025);
#62=CYLINDRICAL_SURFACE('',#3152,0.005);
#63=CYLINDRICAL_SURFACE('',#3153,0.005);
#64=CYLINDRICAL_SURFACE('',#3154,0.005);
#65=CYLINDRICAL_SURFACE('',#3155,0.005);
#66=CYLINDRICAL_SURFACE('',#3162,0.001525);
#67=CYLINDRICAL_SURFACE('',#3171,0.008025);
#68=CYLINDRICAL_SURFACE('',#3175,0.005025);
#69=CYLINDRICAL_SURFACE('',#3182,0.00202500000000005);
#70=CYLINDRICAL_SURFACE('',#3185,0.00202500000000005);
#71=CYLINDRICAL_SURFACE('',#3188,0.00202500000000005);
#72=CYLINDRICAL_SURFACE('',#3195,0.009025);
#73=CYLINDRICAL_SURFACE('',#3202,0.003025);
#74=CYLINDRICAL_SURFACE('',#3214,0.002025);
#75=CYLINDRICAL_SURFACE('',#3215,0.002025);
#76=CYLINDRICAL_SURFACE('',#3231,0.002025);
#77=CYLINDRICAL_SURFACE('',#3232,0.002025);
#78=CYLINDRICAL_SURFACE('',#3233,0.002025);
#79=CYLINDRICAL_SURFACE('',#3234,0.002025);
#80=CYLINDRICAL_SURFACE('',#3250,0.002025);
#81=CYLINDRICAL_SURFACE('',#3251,0.002025);
#82=CYLINDRICAL_SURFACE('',#3262,0.002025);
#83=CYLINDRICAL_SURFACE('',#3264,0.004025);
#84=CYLINDRICAL_SURFACE('',#3270,0.010025);
#85=CYLINDRICAL_SURFACE('',#3274,0.002025);
#86=CYLINDRICAL_SURFACE('',#3291,0.004025);
#87=CYLINDRICAL_SURFACE('',#3295,0.005025);
#88=CYLINDRICAL_SURFACE('',#3310,0.002025);
#89=CYLINDRICAL_SURFACE('',#3312,0.00502499999999977);
#90=CYLINDRICAL_SURFACE('',#3315,0.005025);
#91=CYLINDRICAL_SURFACE('',#3349,0.003025);
#92=CYLINDRICAL_SURFACE('',#3363,0.002025);
#93=CYLINDRICAL_SURFACE('',#3364,0.002025);
#94=CYLINDRICAL_SURFACE('',#3365,0.002025);
#95=CYLINDRICAL_SURFACE('',#3367,0.0050249999999998);
#96=CYLINDRICAL_SURFACE('',#3370,0.00502499999999977);
#97=CYLINDRICAL_SURFACE('',#3383,0.003025);
#98=CYLINDRICAL_SURFACE('',#3387,0.0050249999999998);
#99=CYLINDRICAL_SURFACE('',#3390,0.005025);
#100=CYLINDRICAL_SURFACE('',#3406,0.002025);
#101=CIRCLE('',#3131,0.002025);
#102=CIRCLE('',#3132,0.002025);
#103=CIRCLE('',#3133,0.002025);
#104=CIRCLE('',#3134,0.002025);
#105=CIRCLE('',#3135,0.005);
#106=CIRCLE('',#3136,0.005);
#107=CIRCLE('',#3137,0.005);
#108=CIRCLE('',#3138,0.005);
#109=CIRCLE('',#3140,0.002025);
#110=CIRCLE('',#3141,0.002025);
#111=CIRCLE('',#3142,0.002025);
#112=CIRCLE('',#3143,0.002025);
#113=CIRCLE('',#3144,0.005);
#114=CIRCLE('',#3145,0.005);
#115=CIRCLE('',#3146,0.005);
#116=CIRCLE('',#3147,0.005);
#117=CIRCLE('',#3163,0.001525);
#118=CIRCLE('',#3164,0.001525);
#119=CIRCLE('',#3170,0.008025);
#120=CIRCLE('',#3172,0.008025);
#121=CIRCLE('',#3174,0.005025);
#122=CIRCLE('',#3176,0.005025);
#123=CIRCLE('',#3183,0.00202500000000005);
#124=CIRCLE('',#3184,0.00202500000000005);
#125=CIRCLE('',#3186,0.00202500000000005);
#126=CIRCLE('',#3187,0.00202500000000005);
#127=CIRCLE('',#3189,0.00202500000000005);
#128=CIRCLE('',#3190,0.00202500000000005);
#129=CIRCLE('',#3196,0.009025);
#130=CIRCLE('',#3197,0.009025);
#131=CIRCLE('',#3199,0.003025);
#132=CIRCLE('',#3201,0.003025);
#133=CIRCLE('',#3205,0.002025);
#134=CIRCLE('',#3208,0.002025);
#135=CIRCLE('',#3211,0.002025);
#136=CIRCLE('',#3213,0.002025);
#137=CIRCLE('',#3222,0.002025);
#138=CIRCLE('',#3223,0.002025);
#139=CIRCLE('',#3224,0.002025);
#140=CIRCLE('',#3225,0.002025);
#141=CIRCLE('',#3227,0.002025);
#142=CIRCLE('',#3228,0.002025);
#143=CIRCLE('',#3229,0.002025);
#144=CIRCLE('',#3230,0.002025);
#145=CIRCLE('',#3241,0.002025);
#146=CIRCLE('',#3243,0.002025);
#147=CIRCLE('',#3247,0.002025);
#148=CIRCLE('',#3249,0.002025);
#149=CIRCLE('',#3259,0.004025);
#150=CIRCLE('',#3261,0.002025);
#151=CIRCLE('',#3263,0.002025);
#152=CIRCLE('',#3265,0.004025);
#153=CIRCLE('',#3269,0.010025);
#154=CIRCLE('',#3271,0.010025);
#155=CIRCLE('',#3273,0.002025);
#156=CIRCLE('',#3275,0.002025);
#157=CIRCLE('',#3289,0.004025);
#158=CIRCLE('',#3292,0.004025);
#159=CIRCLE('',#3296,0.005025);
#160=CIRCLE('',#3297,0.005025);
#161=CIRCLE('',#3307,0.002025);
#162=CIRCLE('',#3309,0.002025);
#163=CIRCLE('',#3313,0.00502499999999977);
#164=CIRCLE('',#3314,0.00502499999999977);
#165=CIRCLE('',#3316,0.005025);
#166=CIRCLE('',#3317,0.005025);
#167=CIRCLE('',#3346,0.003025);
#168=CIRCLE('',#3348,0.003025);
#169=CIRCLE('',#3356,0.002025);
#170=CIRCLE('',#3357,0.002025);
#171=CIRCLE('',#3358,0.002025);
#172=CIRCLE('',#3360,0.002025);
#173=CIRCLE('',#3361,0.002025);
#174=CIRCLE('',#3362,0.002025);
#175=CIRCLE('',#3368,0.0050249999999998);
#176=CIRCLE('',#3369,0.0050249999999998);
#177=CIRCLE('',#3371,0.00502499999999977);
#178=CIRCLE('',#3372,0.00502499999999977);
#179=CIRCLE('',#3381,0.003025);
#180=CIRCLE('',#3384,0.003025);
#181=CIRCLE('',#3388,0.0050249999999998);
#182=CIRCLE('',#3389,0.0050249999999998);
#183=CIRCLE('',#3391,0.005025);
#184=CIRCLE('',#3392,0.005025);
#185=CIRCLE('',#3401,0.002025);
#186=CIRCLE('',#3403,0.002025);
#187=ORIENTED_EDGE('',*,*,#903,.T.);
#188=ORIENTED_EDGE('',*,*,#904,.T.);
#189=ORIENTED_EDGE('',*,*,#905,.F.);
#190=ORIENTED_EDGE('',*,*,#906,.T.);
#191=ORIENTED_EDGE('',*,*,#907,.T.);
#192=ORIENTED_EDGE('',*,*,#908,.T.);
#193=ORIENTED_EDGE('',*,*,#909,.F.);
#194=ORIENTED_EDGE('',*,*,#910,.T.);
#195=ORIENTED_EDGE('',*,*,#911,.T.);
#196=ORIENTED_EDGE('',*,*,#912,.T.);
#197=ORIENTED_EDGE('',*,*,#913,.F.);
#198=ORIENTED_EDGE('',*,*,#914,.T.);
#199=ORIENTED_EDGE('',*,*,#915,.T.);
#200=ORIENTED_EDGE('',*,*,#916,.T.);
#201=ORIENTED_EDGE('',*,*,#917,.F.);
#202=ORIENTED_EDGE('',*,*,#918,.T.);
#203=ORIENTED_EDGE('',*,*,#919,.T.);
#204=ORIENTED_EDGE('',*,*,#920,.T.);
#205=ORIENTED_EDGE('',*,*,#921,.T.);
#206=ORIENTED_EDGE('',*,*,#922,.T.);
#207=ORIENTED_EDGE('',*,*,#913,.T.);
#208=ORIENTED_EDGE('',*,*,#923,.T.);
#209=ORIENTED_EDGE('',*,*,#915,.F.);
#210=ORIENTED_EDGE('',*,*,#924,.T.);
#211=ORIENTED_EDGE('',*,*,#903,.F.);
#212=ORIENTED_EDGE('',*,*,#925,.T.);
#213=ORIENTED_EDGE('',*,*,#909,.T.);
#214=ORIENTED_EDGE('',*,*,#926,.T.);
#215=ORIENTED_EDGE('',*,*,#927,.F.);
#216=ORIENTED_EDGE('',*,*,#928,.F.);
#217=ORIENTED_EDGE('',*,*,#929,.F.);
#218=ORIENTED_EDGE('',*,*,#930,.F.);
#219=ORIENTED_EDGE('',*,*,#917,.T.);
#220=ORIENTED_EDGE('',*,*,#931,.T.);
#221=ORIENTED_EDGE('',*,*,#911,.F.);
#222=ORIENTED_EDGE('',*,*,#932,.T.);
#223=ORIENTED_EDGE('',*,*,#907,.F.);
#224=ORIENTED_EDGE('',*,*,#933,.T.);
#225=ORIENTED_EDGE('',*,*,#905,.T.);
#226=ORIENTED_EDGE('',*,*,#934,.T.);
#227=ORIENTED_EDGE('',*,*,#922,.F.);
#228=ORIENTED_EDGE('',*,*,#930,.T.);
#229=ORIENTED_EDGE('',*,*,#921,.F.);
#230=ORIENTED_EDGE('',*,*,#929,.T.);
#231=ORIENTED_EDGE('',*,*,#920,.F.);
#232=ORIENTED_EDGE('',*,*,#928,.T.);
#233=ORIENTED_EDGE('',*,*,#919,.F.);
#234=ORIENTED_EDGE('',*,*,#927,.T.);
#235=ORIENTED_EDGE('',*,*,#923,.F.);
#236=ORIENTED_EDGE('',*,*,#912,.F.);
#237=ORIENTED_EDGE('',*,*,#931,.F.);
#238=ORIENTED_EDGE('',*,*,#916,.F.);
#239=ORIENTED_EDGE('',*,*,#924,.F.);
#240=ORIENTED_EDGE('',*,*,#918,.F.);
#241=ORIENTED_EDGE('',*,*,#934,.F.);
#242=ORIENTED_EDGE('',*,*,#904,.F.);
#243=ORIENTED_EDGE('',*,*,#926,.F.);
#244=ORIENTED_EDGE('',*,*,#908,.F.);
#245=ORIENTED_EDGE('',*,*,#932,.F.);
#246=ORIENTED_EDGE('',*,*,#914,.F.);
#247=ORIENTED_EDGE('',*,*,#925,.F.);
#248=ORIENTED_EDGE('',*,*,#906,.F.);
#249=ORIENTED_EDGE('',*,*,#933,.F.);
#250=ORIENTED_EDGE('',*,*,#910,.F.);
#251=ORIENTED_EDGE('',*,*,#935,.T.);
#252=ORIENTED_EDGE('',*,*,#936,.F.);
#253=ORIENTED_EDGE('',*,*,#937,.F.);
#254=ORIENTED_EDGE('',*,*,#938,.T.);
#255=ORIENTED_EDGE('',*,*,#939,.T.);
#256=ORIENTED_EDGE('',*,*,#940,.F.);
#257=ORIENTED_EDGE('',*,*,#941,.F.);
#258=ORIENTED_EDGE('',*,*,#936,.T.);
#259=ORIENTED_EDGE('',*,*,#942,.T.);
#260=ORIENTED_EDGE('',*,*,#943,.F.);
#261=ORIENTED_EDGE('',*,*,#944,.F.);
#262=ORIENTED_EDGE('',*,*,#940,.T.);
#263=ORIENTED_EDGE('',*,*,#945,.T.);
#264=ORIENTED_EDGE('',*,*,#946,.F.);
#265=ORIENTED_EDGE('',*,*,#947,.F.);
#266=ORIENTED_EDGE('',*,*,#943,.T.);
#267=ORIENTED_EDGE('',*,*,#948,.T.);
#268=ORIENTED_EDGE('',*,*,#949,.F.);
#269=ORIENTED_EDGE('',*,*,#950,.F.);
#270=ORIENTED_EDGE('',*,*,#946,.T.);
#271=ORIENTED_EDGE('',*,*,#951,.T.);
#272=ORIENTED_EDGE('',*,*,#952,.F.);
#273=ORIENTED_EDGE('',*,*,#953,.T.);
#274=ORIENTED_EDGE('',*,*,#938,.F.);
#275=ORIENTED_EDGE('',*,*,#954,.F.);
#276=ORIENTED_EDGE('',*,*,#949,.T.);
#277=ORIENTED_EDGE('',*,*,#951,.F.);
#278=ORIENTED_EDGE('',*,*,#937,.T.);
#279=ORIENTED_EDGE('',*,*,#941,.T.);
#280=ORIENTED_EDGE('',*,*,#944,.T.);
#281=ORIENTED_EDGE('',*,*,#947,.T.);
#282=ORIENTED_EDGE('',*,*,#950,.T.);
#283=ORIENTED_EDGE('',*,*,#954,.T.);
#284=ORIENTED_EDGE('',*,*,#952,.T.);
#285=ORIENTED_EDGE('',*,*,#935,.F.);
#286=ORIENTED_EDGE('',*,*,#953,.F.);
#287=ORIENTED_EDGE('',*,*,#948,.F.);
#288=ORIENTED_EDGE('',*,*,#945,.F.);
#289=ORIENTED_EDGE('',*,*,#942,.F.);
#290=ORIENTED_EDGE('',*,*,#939,.F.);
#291=ORIENTED_EDGE('',*,*,#955,.T.);
#292=ORIENTED_EDGE('',*,*,#956,.T.);
#293=ORIENTED_EDGE('',*,*,#955,.F.);
#294=ORIENTED_EDGE('',*,*,#957,.T.);
#295=ORIENTED_EDGE('',*,*,#956,.F.);
#296=ORIENTED_EDGE('',*,*,#958,.T.);
#297=ORIENTED_EDGE('',*,*,#957,.F.);
#298=ORIENTED_EDGE('',*,*,#958,.F.);
#299=ORIENTED_EDGE('',*,*,#959,.F.);
#300=ORIENTED_EDGE('',*,*,#960,.F.);
#301=ORIENTED_EDGE('',*,*,#961,.T.);
#302=ORIENTED_EDGE('',*,*,#962,.T.);
#303=ORIENTED_EDGE('',*,*,#963,.T.);
#304=ORIENTED_EDGE('',*,*,#964,.F.);
#305=ORIENTED_EDGE('',*,*,#965,.F.);
#306=ORIENTED_EDGE('',*,*,#960,.T.);
#307=ORIENTED_EDGE('',*,*,#966,.T.);
#308=ORIENTED_EDGE('',*,*,#967,.F.);
#309=ORIENTED_EDGE('',*,*,#968,.F.);
#310=ORIENTED_EDGE('',*,*,#964,.T.);
#311=ORIENTED_EDGE('',*,*,#969,.T.);
#312=ORIENTED_EDGE('',*,*,#970,.F.);
#313=ORIENTED_EDGE('',*,*,#971,.T.);
#314=ORIENTED_EDGE('',*,*,#972,.F.);
#315=ORIENTED_EDGE('',*,*,#973,.T.);
#316=ORIENTED_EDGE('',*,*,#974,.F.);
#317=ORIENTED_EDGE('',*,*,#975,.F.);
#318=ORIENTED_EDGE('',*,*,#962,.F.);
#319=ORIENTED_EDGE('',*,*,#976,.T.);
#320=ORIENTED_EDGE('',*,*,#967,.T.);
#321=ORIENTED_EDGE('',*,*,#973,.F.);
#322=ORIENTED_EDGE('',*,*,#971,.F.);
#323=ORIENTED_EDGE('',*,*,#969,.F.);
#324=ORIENTED_EDGE('',*,*,#961,.F.);
#325=ORIENTED_EDGE('',*,*,#965,.T.);
#326=ORIENTED_EDGE('',*,*,#968,.T.);
#327=ORIENTED_EDGE('',*,*,#976,.F.);
#328=ORIENTED_EDGE('',*,*,#974,.T.);
#329=ORIENTED_EDGE('',*,*,#972,.T.);
#330=ORIENTED_EDGE('',*,*,#970,.T.);
#331=ORIENTED_EDGE('',*,*,#959,.T.);
#332=ORIENTED_EDGE('',*,*,#975,.T.);
#333=ORIENTED_EDGE('',*,*,#966,.F.);
#334=ORIENTED_EDGE('',*,*,#963,.F.);
#335=ORIENTED_EDGE('',*,*,#977,.F.);
#336=ORIENTED_EDGE('',*,*,#978,.T.);
#337=ORIENTED_EDGE('',*,*,#979,.T.);
#338=ORIENTED_EDGE('',*,*,#977,.T.);
#339=ORIENTED_EDGE('',*,*,#980,.F.);
#340=ORIENTED_EDGE('',*,*,#978,.F.);
#341=ORIENTED_EDGE('',*,*,#979,.F.);
#342=ORIENTED_EDGE('',*,*,#980,.T.);
#343=ORIENTED_EDGE('',*,*,#981,.T.);
#344=ORIENTED_EDGE('',*,*,#982,.F.);
#345=ORIENTED_EDGE('',*,*,#983,.F.);
#346=ORIENTED_EDGE('',*,*,#984,.T.);
#347=ORIENTED_EDGE('',*,*,#985,.T.);
#348=ORIENTED_EDGE('',*,*,#986,.T.);
#349=ORIENTED_EDGE('',*,*,#987,.F.);
#350=ORIENTED_EDGE('',*,*,#988,.F.);
#351=ORIENTED_EDGE('',*,*,#983,.T.);
#352=ORIENTED_EDGE('',*,*,#989,.F.);
#353=ORIENTED_EDGE('',*,*,#990,.T.);
#354=ORIENTED_EDGE('',*,*,#991,.F.);
#355=ORIENTED_EDGE('',*,*,#992,.F.);
#356=ORIENTED_EDGE('',*,*,#987,.T.);
#357=ORIENTED_EDGE('',*,*,#993,.F.);
#358=ORIENTED_EDGE('',*,*,#985,.F.);
#359=ORIENTED_EDGE('',*,*,#994,.T.);
#360=ORIENTED_EDGE('',*,*,#991,.T.);
#361=ORIENTED_EDGE('',*,*,#995,.T.);
#362=ORIENTED_EDGE('',*,*,#984,.F.);
#363=ORIENTED_EDGE('',*,*,#988,.T.);
#364=ORIENTED_EDGE('',*,*,#992,.T.);
#365=ORIENTED_EDGE('',*,*,#994,.F.);
#366=ORIENTED_EDGE('',*,*,#996,.F.);
#367=ORIENTED_EDGE('',*,*,#982,.T.);
#368=ORIENTED_EDGE('',*,*,#993,.T.);
#369=ORIENTED_EDGE('',*,*,#990,.F.);
#370=ORIENTED_EDGE('',*,*,#986,.F.);
#371=ORIENTED_EDGE('',*,*,#995,.F.);
#372=ORIENTED_EDGE('',*,*,#996,.T.);
#373=ORIENTED_EDGE('',*,*,#981,.F.);
#374=ORIENTED_EDGE('',*,*,#989,.T.);
#375=ORIENTED_EDGE('',*,*,#997,.F.);
#376=ORIENTED_EDGE('',*,*,#998,.F.);
#377=ORIENTED_EDGE('',*,*,#999,.T.);
#378=ORIENTED_EDGE('',*,*,#1000,.T.);
#379=ORIENTED_EDGE('',*,*,#1001,.T.);
#380=ORIENTED_EDGE('',*,*,#1002,.F.);
#381=ORIENTED_EDGE('',*,*,#1003,.F.);
#382=ORIENTED_EDGE('',*,*,#998,.T.);
#383=ORIENTED_EDGE('',*,*,#1004,.T.);
#384=ORIENTED_EDGE('',*,*,#1005,.F.);
#385=ORIENTED_EDGE('',*,*,#1006,.F.);
#386=ORIENTED_EDGE('',*,*,#1002,.T.);
#387=ORIENTED_EDGE('',*,*,#1007,.F.);
#388=ORIENTED_EDGE('',*,*,#1000,.F.);
#389=ORIENTED_EDGE('',*,*,#1008,.T.);
#390=ORIENTED_EDGE('',*,*,#1005,.T.);
#391=ORIENTED_EDGE('',*,*,#1009,.T.);
#392=ORIENTED_EDGE('',*,*,#1010,.T.);
#393=ORIENTED_EDGE('',*,*,#1011,.T.);
#394=ORIENTED_EDGE('',*,*,#1012,.T.);
#395=ORIENTED_EDGE('',*,*,#999,.F.);
#396=ORIENTED_EDGE('',*,*,#1003,.T.);
#397=ORIENTED_EDGE('',*,*,#1006,.T.);
#398=ORIENTED_EDGE('',*,*,#1008,.F.);
#399=ORIENTED_EDGE('',*,*,#1013,.F.);
#400=ORIENTED_EDGE('',*,*,#1014,.F.);
#401=ORIENTED_EDGE('',*,*,#1015,.F.);
#402=ORIENTED_EDGE('',*,*,#1016,.F.);
#403=ORIENTED_EDGE('',*,*,#997,.T.);
#404=ORIENTED_EDGE('',*,*,#1007,.T.);
#405=ORIENTED_EDGE('',*,*,#1004,.F.);
#406=ORIENTED_EDGE('',*,*,#1001,.F.);
#407=ORIENTED_EDGE('',*,*,#1012,.F.);
#408=ORIENTED_EDGE('',*,*,#1016,.T.);
#409=ORIENTED_EDGE('',*,*,#1011,.F.);
#410=ORIENTED_EDGE('',*,*,#1015,.T.);
#411=ORIENTED_EDGE('',*,*,#1010,.F.);
#412=ORIENTED_EDGE('',*,*,#1014,.T.);
#413=ORIENTED_EDGE('',*,*,#1009,.F.);
#414=ORIENTED_EDGE('',*,*,#1013,.T.);
#415=ORIENTED_EDGE('',*,*,#1017,.F.);
#416=ORIENTED_EDGE('',*,*,#1018,.F.);
#417=ORIENTED_EDGE('',*,*,#1019,.T.);
#418=ORIENTED_EDGE('',*,*,#1020,.T.);
#419=ORIENTED_EDGE('',*,*,#1021,.T.);
#420=ORIENTED_EDGE('',*,*,#1022,.T.);
#421=ORIENTED_EDGE('',*,*,#1023,.F.);
#422=ORIENTED_EDGE('',*,*,#1024,.F.);
#423=ORIENTED_EDGE('',*,*,#1025,.T.);
#424=ORIENTED_EDGE('',*,*,#1026,.F.);
#425=ORIENTED_EDGE('',*,*,#1027,.F.);
#426=ORIENTED_EDGE('',*,*,#1018,.T.);
#427=ORIENTED_EDGE('',*,*,#1028,.T.);
#428=ORIENTED_EDGE('',*,*,#1029,.F.);
#429=ORIENTED_EDGE('',*,*,#1030,.F.);
#430=ORIENTED_EDGE('',*,*,#1026,.T.);
#431=ORIENTED_EDGE('',*,*,#1031,.F.);
#432=ORIENTED_EDGE('',*,*,#1020,.F.);
#433=ORIENTED_EDGE('',*,*,#1032,.T.);
#434=ORIENTED_EDGE('',*,*,#1029,.T.);
#435=ORIENTED_EDGE('',*,*,#1033,.T.);
#436=ORIENTED_EDGE('',*,*,#1019,.F.);
#437=ORIENTED_EDGE('',*,*,#1027,.T.);
#438=ORIENTED_EDGE('',*,*,#1030,.T.);
#439=ORIENTED_EDGE('',*,*,#1032,.F.);
#440=ORIENTED_EDGE('',*,*,#1034,.F.);
#441=ORIENTED_EDGE('',*,*,#1017,.T.);
#442=ORIENTED_EDGE('',*,*,#1031,.T.);
#443=ORIENTED_EDGE('',*,*,#1028,.F.);
#444=ORIENTED_EDGE('',*,*,#1025,.F.);
#445=ORIENTED_EDGE('',*,*,#1035,.T.);
#446=ORIENTED_EDGE('',*,*,#1036,.F.);
#447=ORIENTED_EDGE('',*,*,#1037,.F.);
#448=ORIENTED_EDGE('',*,*,#1021,.F.);
#449=ORIENTED_EDGE('',*,*,#1023,.T.);
#450=ORIENTED_EDGE('',*,*,#1038,.T.);
#451=ORIENTED_EDGE('',*,*,#1039,.T.);
#452=ORIENTED_EDGE('',*,*,#1040,.F.);
#453=ORIENTED_EDGE('',*,*,#1041,.T.);
#454=ORIENTED_EDGE('',*,*,#1037,.T.);
#455=ORIENTED_EDGE('',*,*,#1042,.T.);
#456=ORIENTED_EDGE('',*,*,#1038,.F.);
#457=ORIENTED_EDGE('',*,*,#1022,.F.);
#458=ORIENTED_EDGE('',*,*,#1043,.F.);
#459=ORIENTED_EDGE('',*,*,#1024,.T.);
#460=ORIENTED_EDGE('',*,*,#1040,.T.);
#461=ORIENTED_EDGE('',*,*,#1044,.F.);
#462=ORIENTED_EDGE('',*,*,#1035,.F.);
#463=ORIENTED_EDGE('',*,*,#1043,.T.);
#464=ORIENTED_EDGE('',*,*,#1034,.T.);
#465=ORIENTED_EDGE('',*,*,#1033,.F.);
#466=ORIENTED_EDGE('',*,*,#1041,.F.);
#467=ORIENTED_EDGE('',*,*,#1044,.T.);
#468=ORIENTED_EDGE('',*,*,#1039,.F.);
#469=ORIENTED_EDGE('',*,*,#1042,.F.);
#470=ORIENTED_EDGE('',*,*,#1036,.T.);
#471=ORIENTED_EDGE('',*,*,#1045,.F.);
#472=ORIENTED_EDGE('',*,*,#1046,.F.);
#473=ORIENTED_EDGE('',*,*,#1047,.T.);
#474=ORIENTED_EDGE('',*,*,#1048,.T.);
#475=ORIENTED_EDGE('',*,*,#1049,.T.);
#476=ORIENTED_EDGE('',*,*,#1050,.F.);
#477=ORIENTED_EDGE('',*,*,#1051,.F.);
#478=ORIENTED_EDGE('',*,*,#1046,.T.);
#479=ORIENTED_EDGE('',*,*,#1052,.T.);
#480=ORIENTED_EDGE('',*,*,#1053,.F.);
#481=ORIENTED_EDGE('',*,*,#1054,.F.);
#482=ORIENTED_EDGE('',*,*,#1050,.T.);
#483=ORIENTED_EDGE('',*,*,#1055,.F.);
#484=ORIENTED_EDGE('',*,*,#1048,.F.);
#485=ORIENTED_EDGE('',*,*,#1056,.T.);
#486=ORIENTED_EDGE('',*,*,#1053,.T.);
#487=ORIENTED_EDGE('',*,*,#1057,.T.);
#488=ORIENTED_EDGE('',*,*,#1047,.F.);
#489=ORIENTED_EDGE('',*,*,#1051,.T.);
#490=ORIENTED_EDGE('',*,*,#1054,.T.);
#491=ORIENTED_EDGE('',*,*,#1056,.F.);
#492=ORIENTED_EDGE('',*,*,#1058,.F.);
#493=ORIENTED_EDGE('',*,*,#1045,.T.);
#494=ORIENTED_EDGE('',*,*,#1055,.T.);
#495=ORIENTED_EDGE('',*,*,#1052,.F.);
#496=ORIENTED_EDGE('',*,*,#1049,.F.);
#497=ORIENTED_EDGE('',*,*,#1059,.T.);
#498=ORIENTED_EDGE('',*,*,#1058,.T.);
#499=ORIENTED_EDGE('',*,*,#1057,.F.);
#500=ORIENTED_EDGE('',*,*,#1060,.F.);
#501=ORIENTED_EDGE('',*,*,#1059,.F.);
#502=ORIENTED_EDGE('',*,*,#1060,.T.);
#503=ORIENTED_EDGE('',*,*,#1061,.T.);
#504=ORIENTED_EDGE('',*,*,#1062,.T.);
#505=ORIENTED_EDGE('',*,*,#1063,.T.);
#506=ORIENTED_EDGE('',*,*,#1064,.T.);
#507=ORIENTED_EDGE('',*,*,#1065,.T.);
#508=ORIENTED_EDGE('',*,*,#1066,.T.);
#509=ORIENTED_EDGE('',*,*,#1067,.T.);
#510=ORIENTED_EDGE('',*,*,#1061,.F.);
#511=ORIENTED_EDGE('',*,*,#1068,.T.);
#512=ORIENTED_EDGE('',*,*,#1069,.F.);
#513=ORIENTED_EDGE('',*,*,#1068,.F.);
#514=ORIENTED_EDGE('',*,*,#1070,.T.);
#515=ORIENTED_EDGE('',*,*,#1069,.T.);
#516=ORIENTED_EDGE('',*,*,#1071,.T.);
#517=ORIENTED_EDGE('',*,*,#1072,.F.);
#518=ORIENTED_EDGE('',*,*,#1073,.F.);
#519=ORIENTED_EDGE('',*,*,#1063,.F.);
#520=ORIENTED_EDGE('',*,*,#1074,.T.);
#521=ORIENTED_EDGE('',*,*,#1075,.F.);
#522=ORIENTED_EDGE('',*,*,#1071,.F.);
#523=ORIENTED_EDGE('',*,*,#1062,.F.);
#524=ORIENTED_EDGE('',*,*,#1076,.T.);
#525=ORIENTED_EDGE('',*,*,#1077,.F.);
#526=ORIENTED_EDGE('',*,*,#1074,.F.);
#527=ORIENTED_EDGE('',*,*,#1067,.F.);
#528=ORIENTED_EDGE('',*,*,#1078,.T.);
#529=ORIENTED_EDGE('',*,*,#1079,.F.);
#530=ORIENTED_EDGE('',*,*,#1076,.F.);
#531=ORIENTED_EDGE('',*,*,#1066,.F.);
#532=ORIENTED_EDGE('',*,*,#1080,.T.);
#533=ORIENTED_EDGE('',*,*,#1081,.F.);
#534=ORIENTED_EDGE('',*,*,#1078,.F.);
#535=ORIENTED_EDGE('',*,*,#1065,.F.);
#536=ORIENTED_EDGE('',*,*,#1073,.T.);
#537=ORIENTED_EDGE('',*,*,#1082,.F.);
#538=ORIENTED_EDGE('',*,*,#1080,.F.);
#539=ORIENTED_EDGE('',*,*,#1064,.F.);
#540=ORIENTED_EDGE('',*,*,#1070,.F.);
#541=ORIENTED_EDGE('',*,*,#1072,.T.);
#542=ORIENTED_EDGE('',*,*,#1075,.T.);
#543=ORIENTED_EDGE('',*,*,#1077,.T.);
#544=ORIENTED_EDGE('',*,*,#1079,.T.);
#545=ORIENTED_EDGE('',*,*,#1081,.T.);
#546=ORIENTED_EDGE('',*,*,#1082,.T.);
#547=ORIENTED_EDGE('',*,*,#1083,.F.);
#548=ORIENTED_EDGE('',*,*,#1084,.F.);
#549=ORIENTED_EDGE('',*,*,#1085,.T.);
#550=ORIENTED_EDGE('',*,*,#1086,.T.);
#551=ORIENTED_EDGE('',*,*,#1087,.T.);
#552=ORIENTED_EDGE('',*,*,#1088,.F.);
#553=ORIENTED_EDGE('',*,*,#1089,.F.);
#554=ORIENTED_EDGE('',*,*,#1084,.T.);
#555=ORIENTED_EDGE('',*,*,#1090,.T.);
#556=ORIENTED_EDGE('',*,*,#1091,.F.);
#557=ORIENTED_EDGE('',*,*,#1092,.F.);
#558=ORIENTED_EDGE('',*,*,#1088,.T.);
#559=ORIENTED_EDGE('',*,*,#1093,.F.);
#560=ORIENTED_EDGE('',*,*,#1086,.F.);
#561=ORIENTED_EDGE('',*,*,#1094,.T.);
#562=ORIENTED_EDGE('',*,*,#1091,.T.);
#563=ORIENTED_EDGE('',*,*,#1095,.T.);
#564=ORIENTED_EDGE('',*,*,#1085,.F.);
#565=ORIENTED_EDGE('',*,*,#1089,.T.);
#566=ORIENTED_EDGE('',*,*,#1092,.T.);
#567=ORIENTED_EDGE('',*,*,#1094,.F.);
#568=ORIENTED_EDGE('',*,*,#1083,.T.);
#569=ORIENTED_EDGE('',*,*,#1093,.T.);
#570=ORIENTED_EDGE('',*,*,#1090,.F.);
#571=ORIENTED_EDGE('',*,*,#1087,.F.);
#572=ORIENTED_EDGE('',*,*,#1095,.F.);
#573=ORIENTED_EDGE('',*,*,#1096,.F.);
#574=ORIENTED_EDGE('',*,*,#1096,.T.);
#575=ORIENTED_EDGE('',*,*,#1097,.T.);
#576=ORIENTED_EDGE('',*,*,#1098,.F.);
#577=ORIENTED_EDGE('',*,*,#1099,.F.);
#578=ORIENTED_EDGE('',*,*,#1100,.T.);
#579=ORIENTED_EDGE('',*,*,#1101,.T.);
#580=ORIENTED_EDGE('',*,*,#1100,.F.);
#581=ORIENTED_EDGE('',*,*,#1102,.F.);
#582=ORIENTED_EDGE('',*,*,#1098,.T.);
#583=ORIENTED_EDGE('',*,*,#1099,.T.);
#584=ORIENTED_EDGE('',*,*,#1102,.T.);
#585=ORIENTED_EDGE('',*,*,#1097,.F.);
#586=ORIENTED_EDGE('',*,*,#1101,.F.);
#587=ORIENTED_EDGE('',*,*,#1103,.F.);
#588=ORIENTED_EDGE('',*,*,#1104,.F.);
#589=ORIENTED_EDGE('',*,*,#1105,.T.);
#590=ORIENTED_EDGE('',*,*,#1106,.T.);
#591=ORIENTED_EDGE('',*,*,#1107,.T.);
#592=ORIENTED_EDGE('',*,*,#1108,.F.);
#593=ORIENTED_EDGE('',*,*,#1109,.F.);
#594=ORIENTED_EDGE('',*,*,#1104,.T.);
#595=ORIENTED_EDGE('',*,*,#1110,.T.);
#596=ORIENTED_EDGE('',*,*,#1111,.F.);
#597=ORIENTED_EDGE('',*,*,#1112,.F.);
#598=ORIENTED_EDGE('',*,*,#1108,.T.);
#599=ORIENTED_EDGE('',*,*,#1113,.F.);
#600=ORIENTED_EDGE('',*,*,#1106,.F.);
#601=ORIENTED_EDGE('',*,*,#1114,.T.);
#602=ORIENTED_EDGE('',*,*,#1111,.T.);
#603=ORIENTED_EDGE('',*,*,#1115,.T.);
#604=ORIENTED_EDGE('',*,*,#1105,.F.);
#605=ORIENTED_EDGE('',*,*,#1109,.T.);
#606=ORIENTED_EDGE('',*,*,#1112,.T.);
#607=ORIENTED_EDGE('',*,*,#1114,.F.);
#608=ORIENTED_EDGE('',*,*,#1116,.F.);
#609=ORIENTED_EDGE('',*,*,#1103,.T.);
#610=ORIENTED_EDGE('',*,*,#1113,.T.);
#611=ORIENTED_EDGE('',*,*,#1110,.F.);
#612=ORIENTED_EDGE('',*,*,#1107,.F.);
#613=ORIENTED_EDGE('',*,*,#1115,.F.);
#614=ORIENTED_EDGE('',*,*,#1116,.T.);
#615=ORIENTED_EDGE('',*,*,#1117,.F.);
#616=ORIENTED_EDGE('',*,*,#1118,.F.);
#617=ORIENTED_EDGE('',*,*,#1119,.T.);
#618=ORIENTED_EDGE('',*,*,#1120,.T.);
#619=ORIENTED_EDGE('',*,*,#1121,.T.);
#620=ORIENTED_EDGE('',*,*,#1120,.F.);
#621=ORIENTED_EDGE('',*,*,#1122,.F.);
#622=ORIENTED_EDGE('',*,*,#1118,.T.);
#623=ORIENTED_EDGE('',*,*,#1119,.F.);
#624=ORIENTED_EDGE('',*,*,#1122,.T.);
#625=ORIENTED_EDGE('',*,*,#1117,.T.);
#626=ORIENTED_EDGE('',*,*,#1121,.F.);
#627=ORIENTED_EDGE('',*,*,#1123,.T.);
#628=ORIENTED_EDGE('',*,*,#1124,.F.);
#629=ORIENTED_EDGE('',*,*,#1125,.F.);
#630=ORIENTED_EDGE('',*,*,#1126,.T.);
#631=ORIENTED_EDGE('',*,*,#1127,.T.);
#632=ORIENTED_EDGE('',*,*,#1128,.F.);
#633=ORIENTED_EDGE('',*,*,#1129,.F.);
#634=ORIENTED_EDGE('',*,*,#1124,.T.);
#635=ORIENTED_EDGE('',*,*,#1130,.T.);
#636=ORIENTED_EDGE('',*,*,#1131,.F.);
#637=ORIENTED_EDGE('',*,*,#1132,.F.);
#638=ORIENTED_EDGE('',*,*,#1128,.T.);
#639=ORIENTED_EDGE('',*,*,#1133,.T.);
#640=ORIENTED_EDGE('',*,*,#1134,.F.);
#641=ORIENTED_EDGE('',*,*,#1135,.F.);
#642=ORIENTED_EDGE('',*,*,#1131,.T.);
#643=ORIENTED_EDGE('',*,*,#1136,.T.);
#644=ORIENTED_EDGE('',*,*,#1137,.F.);
#645=ORIENTED_EDGE('',*,*,#1138,.F.);
#646=ORIENTED_EDGE('',*,*,#1134,.T.);
#647=ORIENTED_EDGE('',*,*,#1139,.T.);
#648=ORIENTED_EDGE('',*,*,#1140,.F.);
#649=ORIENTED_EDGE('',*,*,#1141,.F.);
#650=ORIENTED_EDGE('',*,*,#1137,.T.);
#651=ORIENTED_EDGE('',*,*,#1142,.T.);
#652=ORIENTED_EDGE('',*,*,#1143,.F.);
#653=ORIENTED_EDGE('',*,*,#1144,.F.);
#654=ORIENTED_EDGE('',*,*,#1140,.T.);
#655=ORIENTED_EDGE('',*,*,#1145,.T.);
#656=ORIENTED_EDGE('',*,*,#1146,.F.);
#657=ORIENTED_EDGE('',*,*,#1147,.F.);
#658=ORIENTED_EDGE('',*,*,#1143,.T.);
#659=ORIENTED_EDGE('',*,*,#1148,.T.);
#660=ORIENTED_EDGE('',*,*,#1149,.F.);
#661=ORIENTED_EDGE('',*,*,#1150,.F.);
#662=ORIENTED_EDGE('',*,*,#1146,.T.);
#663=ORIENTED_EDGE('',*,*,#1151,.T.);
#664=ORIENTED_EDGE('',*,*,#1152,.F.);
#665=ORIENTED_EDGE('',*,*,#1153,.F.);
#666=ORIENTED_EDGE('',*,*,#1149,.T.);
#667=ORIENTED_EDGE('',*,*,#1154,.T.);
#668=ORIENTED_EDGE('',*,*,#1155,.F.);
#669=ORIENTED_EDGE('',*,*,#1156,.F.);
#670=ORIENTED_EDGE('',*,*,#1152,.T.);
#671=ORIENTED_EDGE('',*,*,#1157,.T.);
#672=ORIENTED_EDGE('',*,*,#1158,.F.);
#673=ORIENTED_EDGE('',*,*,#1159,.F.);
#674=ORIENTED_EDGE('',*,*,#1155,.T.);
#675=ORIENTED_EDGE('',*,*,#1160,.T.);
#676=ORIENTED_EDGE('',*,*,#1161,.F.);
#677=ORIENTED_EDGE('',*,*,#1162,.F.);
#678=ORIENTED_EDGE('',*,*,#1158,.T.);
#679=ORIENTED_EDGE('',*,*,#1163,.T.);
#680=ORIENTED_EDGE('',*,*,#1164,.F.);
#681=ORIENTED_EDGE('',*,*,#1165,.F.);
#682=ORIENTED_EDGE('',*,*,#1161,.T.);
#683=ORIENTED_EDGE('',*,*,#1166,.T.);
#684=ORIENTED_EDGE('',*,*,#1167,.F.);
#685=ORIENTED_EDGE('',*,*,#1168,.F.);
#686=ORIENTED_EDGE('',*,*,#1164,.T.);
#687=ORIENTED_EDGE('',*,*,#1169,.T.);
#688=ORIENTED_EDGE('',*,*,#1170,.F.);
#689=ORIENTED_EDGE('',*,*,#1171,.F.);
#690=ORIENTED_EDGE('',*,*,#1167,.T.);
#691=ORIENTED_EDGE('',*,*,#1172,.T.);
#692=ORIENTED_EDGE('',*,*,#1173,.F.);
#693=ORIENTED_EDGE('',*,*,#1174,.F.);
#694=ORIENTED_EDGE('',*,*,#1170,.T.);
#695=ORIENTED_EDGE('',*,*,#1175,.T.);
#696=ORIENTED_EDGE('',*,*,#1176,.F.);
#697=ORIENTED_EDGE('',*,*,#1177,.F.);
#698=ORIENTED_EDGE('',*,*,#1173,.T.);
#699=ORIENTED_EDGE('',*,*,#1178,.T.);
#700=ORIENTED_EDGE('',*,*,#1179,.F.);
#701=ORIENTED_EDGE('',*,*,#1180,.F.);
#702=ORIENTED_EDGE('',*,*,#1176,.T.);
#703=ORIENTED_EDGE('',*,*,#1181,.T.);
#704=ORIENTED_EDGE('',*,*,#1182,.F.);
#705=ORIENTED_EDGE('',*,*,#1183,.F.);
#706=ORIENTED_EDGE('',*,*,#1179,.T.);
#707=ORIENTED_EDGE('',*,*,#1184,.T.);
#708=ORIENTED_EDGE('',*,*,#1185,.F.);
#709=ORIENTED_EDGE('',*,*,#1186,.F.);
#710=ORIENTED_EDGE('',*,*,#1182,.T.);
#711=ORIENTED_EDGE('',*,*,#1187,.T.);
#712=ORIENTED_EDGE('',*,*,#1188,.F.);
#713=ORIENTED_EDGE('',*,*,#1189,.F.);
#714=ORIENTED_EDGE('',*,*,#1185,.T.);
#715=ORIENTED_EDGE('',*,*,#1190,.T.);
#716=ORIENTED_EDGE('',*,*,#1191,.F.);
#717=ORIENTED_EDGE('',*,*,#1192,.F.);
#718=ORIENTED_EDGE('',*,*,#1188,.T.);
#719=ORIENTED_EDGE('',*,*,#1193,.T.);
#720=ORIENTED_EDGE('',*,*,#1126,.F.);
#721=ORIENTED_EDGE('',*,*,#1194,.F.);
#722=ORIENTED_EDGE('',*,*,#1191,.T.);
#723=ORIENTED_EDGE('',*,*,#1195,.T.);
#724=ORIENTED_EDGE('',*,*,#1125,.T.);
#725=ORIENTED_EDGE('',*,*,#1129,.T.);
#726=ORIENTED_EDGE('',*,*,#1132,.T.);
#727=ORIENTED_EDGE('',*,*,#1135,.T.);
#728=ORIENTED_EDGE('',*,*,#1138,.T.);
#729=ORIENTED_EDGE('',*,*,#1141,.T.);
#730=ORIENTED_EDGE('',*,*,#1144,.T.);
#731=ORIENTED_EDGE('',*,*,#1147,.T.);
#732=ORIENTED_EDGE('',*,*,#1150,.T.);
#733=ORIENTED_EDGE('',*,*,#1153,.T.);
#734=ORIENTED_EDGE('',*,*,#1156,.T.);
#735=ORIENTED_EDGE('',*,*,#1159,.T.);
#736=ORIENTED_EDGE('',*,*,#1162,.T.);
#737=ORIENTED_EDGE('',*,*,#1165,.T.);
#738=ORIENTED_EDGE('',*,*,#1168,.T.);
#739=ORIENTED_EDGE('',*,*,#1171,.T.);
#740=ORIENTED_EDGE('',*,*,#1174,.T.);
#741=ORIENTED_EDGE('',*,*,#1177,.T.);
#742=ORIENTED_EDGE('',*,*,#1180,.T.);
#743=ORIENTED_EDGE('',*,*,#1183,.T.);
#744=ORIENTED_EDGE('',*,*,#1186,.T.);
#745=ORIENTED_EDGE('',*,*,#1189,.T.);
#746=ORIENTED_EDGE('',*,*,#1192,.T.);
#747=ORIENTED_EDGE('',*,*,#1194,.T.);
#748=ORIENTED_EDGE('',*,*,#1196,.F.);
#749=ORIENTED_EDGE('',*,*,#1123,.F.);
#750=ORIENTED_EDGE('',*,*,#1193,.F.);
#751=ORIENTED_EDGE('',*,*,#1190,.F.);
#752=ORIENTED_EDGE('',*,*,#1187,.F.);
#753=ORIENTED_EDGE('',*,*,#1184,.F.);
#754=ORIENTED_EDGE('',*,*,#1181,.F.);
#755=ORIENTED_EDGE('',*,*,#1178,.F.);
#756=ORIENTED_EDGE('',*,*,#1175,.F.);
#757=ORIENTED_EDGE('',*,*,#1172,.F.);
#758=ORIENTED_EDGE('',*,*,#1169,.F.);
#759=ORIENTED_EDGE('',*,*,#1166,.F.);
#760=ORIENTED_EDGE('',*,*,#1163,.F.);
#761=ORIENTED_EDGE('',*,*,#1160,.F.);
#762=ORIENTED_EDGE('',*,*,#1157,.F.);
#763=ORIENTED_EDGE('',*,*,#1154,.F.);
#764=ORIENTED_EDGE('',*,*,#1151,.F.);
#765=ORIENTED_EDGE('',*,*,#1148,.F.);
#766=ORIENTED_EDGE('',*,*,#1145,.F.);
#767=ORIENTED_EDGE('',*,*,#1142,.F.);
#768=ORIENTED_EDGE('',*,*,#1139,.F.);
#769=ORIENTED_EDGE('',*,*,#1136,.F.);
#770=ORIENTED_EDGE('',*,*,#1133,.F.);
#771=ORIENTED_EDGE('',*,*,#1130,.F.);
#772=ORIENTED_EDGE('',*,*,#1127,.F.);
#773=ORIENTED_EDGE('',*,*,#1195,.F.);
#774=ORIENTED_EDGE('',*,*,#1196,.T.);
#775=ORIENTED_EDGE('',*,*,#1197,.F.);
#776=ORIENTED_EDGE('',*,*,#1198,.F.);
#777=ORIENTED_EDGE('',*,*,#1199,.T.);
#778=ORIENTED_EDGE('',*,*,#1200,.T.);
#779=ORIENTED_EDGE('',*,*,#1201,.T.);
#780=ORIENTED_EDGE('',*,*,#1202,.F.);
#781=ORIENTED_EDGE('',*,*,#1203,.F.);
#782=ORIENTED_EDGE('',*,*,#1198,.T.);
#783=ORIENTED_EDGE('',*,*,#1204,.T.);
#784=ORIENTED_EDGE('',*,*,#1205,.F.);
#785=ORIENTED_EDGE('',*,*,#1206,.F.);
#786=ORIENTED_EDGE('',*,*,#1202,.T.);
#787=ORIENTED_EDGE('',*,*,#1207,.F.);
#788=ORIENTED_EDGE('',*,*,#1200,.F.);
#789=ORIENTED_EDGE('',*,*,#1208,.T.);
#790=ORIENTED_EDGE('',*,*,#1205,.T.);
#791=ORIENTED_EDGE('',*,*,#1209,.T.);
#792=ORIENTED_EDGE('',*,*,#1210,.T.);
#793=ORIENTED_EDGE('',*,*,#1211,.T.);
#794=ORIENTED_EDGE('',*,*,#1199,.F.);
#795=ORIENTED_EDGE('',*,*,#1203,.T.);
#796=ORIENTED_EDGE('',*,*,#1206,.T.);
#797=ORIENTED_EDGE('',*,*,#1208,.F.);
#798=ORIENTED_EDGE('',*,*,#1212,.F.);
#799=ORIENTED_EDGE('',*,*,#1213,.F.);
#800=ORIENTED_EDGE('',*,*,#1214,.F.);
#801=ORIENTED_EDGE('',*,*,#1197,.T.);
#802=ORIENTED_EDGE('',*,*,#1207,.T.);
#803=ORIENTED_EDGE('',*,*,#1204,.F.);
#804=ORIENTED_EDGE('',*,*,#1201,.F.);
#805=ORIENTED_EDGE('',*,*,#1211,.F.);
#806=ORIENTED_EDGE('',*,*,#1214,.T.);
#807=ORIENTED_EDGE('',*,*,#1210,.F.);
#808=ORIENTED_EDGE('',*,*,#1213,.T.);
#809=ORIENTED_EDGE('',*,*,#1209,.F.);
#810=ORIENTED_EDGE('',*,*,#1212,.T.);
#811=ORIENTED_EDGE('',*,*,#1215,.T.);
#812=ORIENTED_EDGE('',*,*,#1216,.F.);
#813=ORIENTED_EDGE('',*,*,#1217,.F.);
#814=ORIENTED_EDGE('',*,*,#1218,.T.);
#815=ORIENTED_EDGE('',*,*,#1219,.T.);
#816=ORIENTED_EDGE('',*,*,#1218,.F.);
#817=ORIENTED_EDGE('',*,*,#1220,.F.);
#818=ORIENTED_EDGE('',*,*,#1216,.T.);
#819=ORIENTED_EDGE('',*,*,#1217,.T.);
#820=ORIENTED_EDGE('',*,*,#1220,.T.);
#821=ORIENTED_EDGE('',*,*,#1215,.F.);
#822=ORIENTED_EDGE('',*,*,#1219,.F.);
#823=ORIENTED_EDGE('',*,*,#1221,.F.);
#824=ORIENTED_EDGE('',*,*,#1222,.F.);
#825=ORIENTED_EDGE('',*,*,#1223,.T.);
#826=ORIENTED_EDGE('',*,*,#1224,.T.);
#827=ORIENTED_EDGE('',*,*,#1225,.T.);
#828=ORIENTED_EDGE('',*,*,#1226,.F.);
#829=ORIENTED_EDGE('',*,*,#1227,.F.);
#830=ORIENTED_EDGE('',*,*,#1222,.T.);
#831=ORIENTED_EDGE('',*,*,#1228,.T.);
#832=ORIENTED_EDGE('',*,*,#1229,.F.);
#833=ORIENTED_EDGE('',*,*,#1230,.F.);
#834=ORIENTED_EDGE('',*,*,#1226,.T.);
#835=ORIENTED_EDGE('',*,*,#1231,.F.);
#836=ORIENTED_EDGE('',*,*,#1224,.F.);
#837=ORIENTED_EDGE('',*,*,#1232,.T.);
#838=ORIENTED_EDGE('',*,*,#1229,.T.);
#839=ORIENTED_EDGE('',*,*,#1233,.T.);
#840=ORIENTED_EDGE('',*,*,#1223,.F.);
#841=ORIENTED_EDGE('',*,*,#1227,.T.);
#842=ORIENTED_EDGE('',*,*,#1230,.T.);
#843=ORIENTED_EDGE('',*,*,#1232,.F.);
#844=ORIENTED_EDGE('',*,*,#1221,.T.);
#845=ORIENTED_EDGE('',*,*,#1231,.T.);
#846=ORIENTED_EDGE('',*,*,#1228,.F.);
#847=ORIENTED_EDGE('',*,*,#1225,.F.);
#848=ORIENTED_EDGE('',*,*,#1233,.F.);
#849=ORIENTED_EDGE('',*,*,#1234,.F.);
#850=ORIENTED_EDGE('',*,*,#1234,.T.);
#851=ORIENTED_EDGE('',*,*,#1235,.F.);
#852=ORIENTED_EDGE('',*,*,#1236,.F.);
#853=ORIENTED_EDGE('',*,*,#1237,.T.);
#854=ORIENTED_EDGE('',*,*,#1238,.T.);
#855=ORIENTED_EDGE('',*,*,#1239,.T.);
#856=ORIENTED_EDGE('',*,*,#1238,.F.);
#857=ORIENTED_EDGE('',*,*,#1240,.F.);
#858=ORIENTED_EDGE('',*,*,#1236,.T.);
#859=ORIENTED_EDGE('',*,*,#1237,.F.);
#860=ORIENTED_EDGE('',*,*,#1240,.T.);
#861=ORIENTED_EDGE('',*,*,#1235,.T.);
#862=ORIENTED_EDGE('',*,*,#1239,.F.);
#863=ORIENTED_EDGE('',*,*,#1241,.F.);
#864=ORIENTED_EDGE('',*,*,#1242,.F.);
#865=ORIENTED_EDGE('',*,*,#1243,.T.);
#866=ORIENTED_EDGE('',*,*,#1244,.T.);
#867=ORIENTED_EDGE('',*,*,#1245,.T.);
#868=ORIENTED_EDGE('',*,*,#1246,.F.);
#869=ORIENTED_EDGE('',*,*,#1247,.F.);
#870=ORIENTED_EDGE('',*,*,#1248,.F.);
#871=ORIENTED_EDGE('',*,*,#1249,.F.);
#872=ORIENTED_EDGE('',*,*,#1242,.T.);
#873=ORIENTED_EDGE('',*,*,#1250,.T.);
#874=ORIENTED_EDGE('',*,*,#1251,.F.);
#875=ORIENTED_EDGE('',*,*,#1252,.F.);
#876=ORIENTED_EDGE('',*,*,#1246,.T.);
#877=ORIENTED_EDGE('',*,*,#1253,.F.);
#878=ORIENTED_EDGE('',*,*,#1244,.F.);
#879=ORIENTED_EDGE('',*,*,#1254,.T.);
#880=ORIENTED_EDGE('',*,*,#1255,.T.);
#881=ORIENTED_EDGE('',*,*,#1256,.T.);
#882=ORIENTED_EDGE('',*,*,#1251,.T.);
#883=ORIENTED_EDGE('',*,*,#1257,.T.);
#884=ORIENTED_EDGE('',*,*,#1258,.F.);
#885=ORIENTED_EDGE('',*,*,#1247,.T.);
#886=ORIENTED_EDGE('',*,*,#1252,.T.);
#887=ORIENTED_EDGE('',*,*,#1256,.F.);
#888=ORIENTED_EDGE('',*,*,#1259,.F.);
#889=ORIENTED_EDGE('',*,*,#1241,.T.);
#890=ORIENTED_EDGE('',*,*,#1253,.T.);
#891=ORIENTED_EDGE('',*,*,#1250,.F.);
#892=ORIENTED_EDGE('',*,*,#1245,.F.);
#893=ORIENTED_EDGE('',*,*,#1258,.T.);
#894=ORIENTED_EDGE('',*,*,#1255,.F.);
#895=ORIENTED_EDGE('',*,*,#1260,.F.);
#896=ORIENTED_EDGE('',*,*,#1248,.T.);
#897=ORIENTED_EDGE('',*,*,#1243,.F.);
#898=ORIENTED_EDGE('',*,*,#1249,.T.);
#899=ORIENTED_EDGE('',*,*,#1260,.T.);
#900=ORIENTED_EDGE('',*,*,#1254,.F.);
#901=ORIENTED_EDGE('',*,*,#1257,.F.);
#902=ORIENTED_EDGE('',*,*,#1259,.T.);
#903=EDGE_CURVE('',#1261,#1262,#1521,.T.);
#904=EDGE_CURVE('',#1262,#1263,#1522,.T.);
#905=EDGE_CURVE('',#1264,#1263,#1523,.T.);
#906=EDGE_CURVE('',#1264,#1261,#1524,.F.);
#907=EDGE_CURVE('',#1265,#1266,#1525,.T.);
#908=EDGE_CURVE('',#1266,#1267,#1526,.F.);
#909=EDGE_CURVE('',#1268,#1267,#1527,.T.);
#910=EDGE_CURVE('',#1268,#1265,#1528,.T.);
#911=EDGE_CURVE('',#1269,#1270,#1529,.T.);
#912=EDGE_CURVE('',#1270,#1271,#1530,.F.);
#913=EDGE_CURVE('',#1272,#1271,#1531,.T.);
#914=EDGE_CURVE('',#1272,#1269,#1532,.T.);
#915=EDGE_CURVE('',#1273,#1274,#1533,.T.);
#916=EDGE_CURVE('',#1274,#1275,#1534,.T.);
#917=EDGE_CURVE('',#1276,#1275,#1535,.T.);
#918=EDGE_CURVE('',#1276,#1273,#1536,.F.);
#919=EDGE_CURVE('',#1277,#1277,#101,.F.);
#920=EDGE_CURVE('',#1278,#1278,#102,.F.);
#921=EDGE_CURVE('',#1279,#1279,#103,.F.);
#922=EDGE_CURVE('',#1280,#1280,#104,.F.);
#923=EDGE_CURVE('',#1271,#1274,#105,.T.);
#924=EDGE_CURVE('',#1273,#1262,#106,.T.);
#925=EDGE_CURVE('',#1261,#1268,#107,.T.);
#926=EDGE_CURVE('',#1267,#1272,#108,.T.);
#927=EDGE_CURVE('',#1281,#1281,#109,.F.);
#928=EDGE_CURVE('',#1282,#1282,#110,.F.);
#929=EDGE_CURVE('',#1283,#1283,#111,.F.);
#930=EDGE_CURVE('',#1284,#1284,#112,.F.);
#931=EDGE_CURVE('',#1275,#1270,#113,.F.);
#932=EDGE_CURVE('',#1269,#1266,#114,.F.);
#933=EDGE_CURVE('',#1265,#1264,#115,.F.);
#934=EDGE_CURVE('',#1263,#1276,#116,.F.);
#935=EDGE_CURVE('',#1285,#1286,#1537,.T.);
#936=EDGE_CURVE('',#1287,#1286,#1538,.T.);
#937=EDGE_CURVE('',#1288,#1287,#1539,.T.);
#938=EDGE_CURVE('',#1288,#1285,#1540,.T.);
#939=EDGE_CURVE('',#1286,#1289,#1541,.T.);
#940=EDGE_CURVE('',#1290,#1289,#1542,.T.);
#941=EDGE_CURVE('',#1287,#1290,#1543,.T.);
#942=EDGE_CURVE('',#1289,#1291,#1544,.T.);
#943=EDGE_CURVE('',#1292,#1291,#1545,.T.);
#944=EDGE_CURVE('',#1290,#1292,#1546,.T.);
#945=EDGE_CURVE('',#1291,#1293,#1547,.T.);
#946=EDGE_CURVE('',#1294,#1293,#1548,.T.);
#947=EDGE_CURVE('',#1292,#1294,#1549,.T.);
#948=EDGE_CURVE('',#1293,#1295,#1550,.T.);
#949=EDGE_CURVE('',#1296,#1295,#1551,.T.);
#950=EDGE_CURVE('',#1294,#1296,#1552,.T.);
#951=EDGE_CURVE('',#1297,#1297,#117,.T.);
#952=EDGE_CURVE('',#1298,#1298,#118,.T.);
#953=EDGE_CURVE('',#1295,#1285,#1553,.T.);
#954=EDGE_CURVE('',#1296,#1288,#1554,.T.);
#955=EDGE_CURVE('',#1299,#1299,#119,.T.);
#956=EDGE_CURVE('',#1300,#1300,#120,.T.);
#957=EDGE_CURVE('',#1301,#1301,#121,.T.);
#958=EDGE_CURVE('',#1302,#1302,#122,.T.);
#959=EDGE_CURVE('',#1303,#1304,#1555,.T.);
#960=EDGE_CURVE('',#1305,#1303,#1556,.T.);
#961=EDGE_CURVE('',#1305,#1306,#1557,.T.);
#962=EDGE_CURVE('',#1306,#1304,#1558,.T.);
#963=EDGE_CURVE('',#1303,#1307,#1559,.T.);
#964=EDGE_CURVE('',#1308,#1307,#1560,.T.);
#965=EDGE_CURVE('',#1305,#1308,#1561,.T.);
#966=EDGE_CURVE('',#1307,#1309,#1562,.T.);
#967=EDGE_CURVE('',#1310,#1309,#1563,.T.);
#968=EDGE_CURVE('',#1308,#1310,#1564,.T.);
#969=EDGE_CURVE('',#1311,#1311,#123,.T.);
#970=EDGE_CURVE('',#1312,#1312,#124,.T.);
#971=EDGE_CURVE('',#1313,#1313,#125,.T.);
#972=EDGE_CURVE('',#1314,#1314,#126,.T.);
#973=EDGE_CURVE('',#1315,#1315,#127,.T.);
#974=EDGE_CURVE('',#1316,#1316,#128,.T.);
#975=EDGE_CURVE('',#1304,#1309,#1565,.T.);
#976=EDGE_CURVE('',#1306,#1310,#1566,.T.);
#977=EDGE_CURVE('',#1317,#1317,#129,.T.);
#978=EDGE_CURVE('',#1318,#1318,#130,.T.);
#979=EDGE_CURVE('',#1319,#1319,#131,.F.);
#980=EDGE_CURVE('',#1320,#1320,#132,.F.);
#981=EDGE_CURVE('',#1321,#1321,#133,.F.);
#982=EDGE_CURVE('',#1322,#1323,#1567,.T.);
#983=EDGE_CURVE('',#1324,#1322,#1568,.T.);
#984=EDGE_CURVE('',#1324,#1325,#1569,.T.);
#985=EDGE_CURVE('',#1325,#1323,#1570,.T.);
#986=EDGE_CURVE('',#1322,#1326,#1571,.T.);
#987=EDGE_CURVE('',#1327,#1326,#1572,.T.);
#988=EDGE_CURVE('',#1324,#1327,#1573,.T.);
#989=EDGE_CURVE('',#1328,#1328,#134,.F.);
#990=EDGE_CURVE('',#1326,#1329,#1574,.T.);
#991=EDGE_CURVE('',#1330,#1329,#1575,.T.);
#992=EDGE_CURVE('',#1327,#1330,#1576,.T.);
#993=EDGE_CURVE('',#1323,#1329,#1577,.T.);
#994=EDGE_CURVE('',#1325,#1330,#1578,.T.);
#995=EDGE_CURVE('',#1331,#1331,#135,.F.);
#996=EDGE_CURVE('',#1332,#1332,#136,.F.);
#997=EDGE_CURVE('',#1333,#1334,#1579,.T.);
#998=EDGE_CURVE('',#1335,#1333,#1580,.T.);
#999=EDGE_CURVE('',#1335,#1336,#1581,.T.);
#1000=EDGE_CURVE('',#1336,#1334,#1582,.T.);
#1001=EDGE_CURVE('',#1333,#1337,#1583,.T.);
#1002=EDGE_CURVE('',#1338,#1337,#1584,.T.);
#1003=EDGE_CURVE('',#1335,#1338,#1585,.T.);
#1004=EDGE_CURVE('',#1337,#1339,#1586,.T.);
#1005=EDGE_CURVE('',#1340,#1339,#1587,.T.);
#1006=EDGE_CURVE('',#1338,#1340,#1588,.T.);
#1007=EDGE_CURVE('',#1334,#1339,#1589,.T.);
#1008=EDGE_CURVE('',#1336,#1340,#1590,.T.);
#1009=EDGE_CURVE('',#1341,#1341,#137,.F.);
#1010=EDGE_CURVE('',#1342,#1342,#138,.F.);
#1011=EDGE_CURVE('',#1343,#1343,#139,.F.);
#1012=EDGE_CURVE('',#1344,#1344,#140,.F.);
#1013=EDGE_CURVE('',#1345,#1345,#141,.F.);
#1014=EDGE_CURVE('',#1346,#1346,#142,.F.);
#1015=EDGE_CURVE('',#1347,#1347,#143,.F.);
#1016=EDGE_CURVE('',#1348,#1348,#144,.F.);
#1017=EDGE_CURVE('',#1349,#1350,#1591,.T.);
#1018=EDGE_CURVE('',#1351,#1349,#1592,.T.);
#1019=EDGE_CURVE('',#1351,#1352,#1593,.T.);
#1020=EDGE_CURVE('',#1352,#1350,#1594,.T.);
#1021=EDGE_CURVE('',#1353,#1354,#1595,.T.);
#1022=EDGE_CURVE('',#1354,#1355,#1596,.T.);
#1023=EDGE_CURVE('',#1356,#1355,#1597,.T.);
#1024=EDGE_CURVE('',#1353,#1356,#1598,.T.);
#1025=EDGE_CURVE('',#1349,#1357,#1599,.T.);
#1026=EDGE_CURVE('',#1358,#1357,#1600,.T.);
#1027=EDGE_CURVE('',#1351,#1358,#1601,.T.);
#1028=EDGE_CURVE('',#1357,#1359,#1602,.T.);
#1029=EDGE_CURVE('',#1360,#1359,#1603,.T.);
#1030=EDGE_CURVE('',#1358,#1360,#1604,.T.);
#1031=EDGE_CURVE('',#1350,#1359,#1605,.T.);
#1032=EDGE_CURVE('',#1352,#1360,#1606,.T.);
#1033=EDGE_CURVE('',#1361,#1361,#145,.F.);
#1034=EDGE_CURVE('',#1362,#1362,#146,.F.);
#1035=EDGE_CURVE('',#1353,#1363,#1607,.T.);
#1036=EDGE_CURVE('',#1364,#1363,#1608,.T.);
#1037=EDGE_CURVE('',#1354,#1364,#1609,.T.);
#1038=EDGE_CURVE('',#1355,#1365,#1610,.T.);
#1039=EDGE_CURVE('',#1365,#1366,#1611,.T.);
#1040=EDGE_CURVE('',#1356,#1366,#1612,.T.);
#1041=EDGE_CURVE('',#1367,#1367,#147,.T.);
#1042=EDGE_CURVE('',#1364,#1365,#1613,.T.);
#1043=EDGE_CURVE('',#1368,#1368,#148,.T.);
#1044=EDGE_CURVE('',#1363,#1366,#1614,.T.);
#1045=EDGE_CURVE('',#1369,#1370,#1615,.T.);
#1046=EDGE_CURVE('',#1371,#1369,#1616,.T.);
#1047=EDGE_CURVE('',#1371,#1372,#1617,.T.);
#1048=EDGE_CURVE('',#1372,#1370,#1618,.T.);
#1049=EDGE_CURVE('',#1369,#1373,#1619,.T.);
#1050=EDGE_CURVE('',#1374,#1373,#1620,.T.);
#1051=EDGE_CURVE('',#1371,#1374,#1621,.T.);
#1052=EDGE_CURVE('',#1373,#1375,#1622,.T.);
#1053=EDGE_CURVE('',#1376,#1375,#1623,.T.);
#1054=EDGE_CURVE('',#1374,#1376,#1624,.T.);
#1055=EDGE_CURVE('',#1370,#1375,#1625,.T.);
#1056=EDGE_CURVE('',#1372,#1376,#1626,.T.);
#1057=EDGE_CURVE('',#1377,#1377,#149,.F.);
#1058=EDGE_CURVE('',#1378,#1378,#150,.F.);
#1059=EDGE_CURVE('',#1379,#1379,#151,.T.);
#1060=EDGE_CURVE('',#1380,#1380,#152,.T.);
#1061=EDGE_CURVE('',#1381,#1381,#153,.T.);
#1062=EDGE_CURVE('',#1382,#1383,#1627,.T.);
#1063=EDGE_CURVE('',#1383,#1384,#1628,.T.);
#1064=EDGE_CURVE('',#1384,#1385,#1629,.T.);
#1065=EDGE_CURVE('',#1385,#1386,#1630,.T.);
#1066=EDGE_CURVE('',#1386,#1387,#1631,.T.);
#1067=EDGE_CURVE('',#1387,#1382,#1632,.T.);
#1068=EDGE_CURVE('',#1388,#1388,#154,.T.);
#1069=EDGE_CURVE('',#1389,#1389,#155,.F.);
#1070=EDGE_CURVE('',#1390,#1390,#156,.T.);
#1071=EDGE_CURVE('',#1383,#1391,#1633,.T.);
#1072=EDGE_CURVE('',#1392,#1391,#1634,.T.);
#1073=EDGE_CURVE('',#1384,#1392,#1635,.T.);
#1074=EDGE_CURVE('',#1382,#1393,#1636,.T.);
#1075=EDGE_CURVE('',#1391,#1393,#1637,.T.);
#1076=EDGE_CURVE('',#1387,#1394,#1638,.T.);
#1077=EDGE_CURVE('',#1393,#1394,#1639,.T.);
#1078=EDGE_CURVE('',#1386,#1395,#1640,.T.);
#1079=EDGE_CURVE('',#1394,#1395,#1641,.T.);
#1080=EDGE_CURVE('',#1385,#1396,#1642,.T.);
#1081=EDGE_CURVE('',#1395,#1396,#1643,.T.);
#1082=EDGE_CURVE('',#1396,#1392,#1644,.T.);
#1083=EDGE_CURVE('',#1397,#1398,#1645,.T.);
#1084=EDGE_CURVE('',#1399,#1397,#1646,.T.);
#1085=EDGE_CURVE('',#1399,#1400,#1647,.T.);
#1086=EDGE_CURVE('',#1400,#1398,#1648,.T.);
#1087=EDGE_CURVE('',#1397,#1401,#1649,.T.);
#1088=EDGE_CURVE('',#1402,#1401,#1650,.T.);
#1089=EDGE_CURVE('',#1399,#1402,#1651,.T.);
#1090=EDGE_CURVE('',#1401,#1403,#1652,.T.);
#1091=EDGE_CURVE('',#1404,#1403,#1653,.T.);
#1092=EDGE_CURVE('',#1402,#1404,#1654,.T.);
#1093=EDGE_CURVE('',#1398,#1403,#1655,.T.);
#1094=EDGE_CURVE('',#1400,#1404,#1656,.T.);
#1095=EDGE_CURVE('',#1405,#1405,#157,.F.);
#1096=EDGE_CURVE('',#1406,#1406,#158,.T.);
#1097=EDGE_CURVE('',#1407,#1408,#159,.T.);
#1098=EDGE_CURVE('',#1409,#1408,#1657,.T.);
#1099=EDGE_CURVE('',#1410,#1409,#160,.T.);
#1100=EDGE_CURVE('',#1410,#1407,#1658,.T.);
#1101=EDGE_CURVE('',#1408,#1407,#1659,.T.);
#1102=EDGE_CURVE('',#1409,#1410,#1660,.T.);
#1103=EDGE_CURVE('',#1411,#1412,#1661,.T.);
#1104=EDGE_CURVE('',#1413,#1411,#1662,.T.);
#1105=EDGE_CURVE('',#1413,#1414,#1663,.T.);
#1106=EDGE_CURVE('',#1414,#1412,#1664,.T.);
#1107=EDGE_CURVE('',#1411,#1415,#1665,.T.);
#1108=EDGE_CURVE('',#1416,#1415,#1666,.T.);
#1109=EDGE_CURVE('',#1413,#1416,#1667,.T.);
#1110=EDGE_CURVE('',#1415,#1417,#1668,.T.);
#1111=EDGE_CURVE('',#1418,#1417,#1669,.T.);
#1112=EDGE_CURVE('',#1416,#1418,#1670,.T.);
#1113=EDGE_CURVE('',#1412,#1417,#1671,.T.);
#1114=EDGE_CURVE('',#1414,#1418,#1672,.T.);
#1115=EDGE_CURVE('',#1419,#1419,#161,.F.);
#1116=EDGE_CURVE('',#1420,#1420,#162,.F.);
#1117=EDGE_CURVE('',#1421,#1422,#163,.T.);
#1118=EDGE_CURVE('',#1423,#1421,#1673,.T.);
#1119=EDGE_CURVE('',#1423,#1424,#164,.T.);
#1120=EDGE_CURVE('',#1424,#1422,#1674,.T.);
#1121=EDGE_CURVE('',#1421,#1422,#165,.T.);
#1122=EDGE_CURVE('',#1423,#1424,#166,.T.);
#1123=EDGE_CURVE('',#1425,#1426,#1675,.T.);
#1124=EDGE_CURVE('',#1427,#1426,#1676,.T.);
#1125=EDGE_CURVE('',#1428,#1427,#1677,.T.);
#1126=EDGE_CURVE('',#1428,#1425,#1678,.T.);
#1127=EDGE_CURVE('',#1426,#1429,#1679,.T.);
#1128=EDGE_CURVE('',#1430,#1429,#1680,.T.);
#1129=EDGE_CURVE('',#1427,#1430,#1681,.T.);
#1130=EDGE_CURVE('',#1429,#1431,#1682,.T.);
#1131=EDGE_CURVE('',#1432,#1431,#1683,.T.);
#1132=EDGE_CURVE('',#1430,#1432,#1684,.T.);
#1133=EDGE_CURVE('',#1431,#1433,#1685,.T.);
#1134=EDGE_CURVE('',#1434,#1433,#1686,.T.);
#1135=EDGE_CURVE('',#1432,#1434,#1687,.T.);
#1136=EDGE_CURVE('',#1433,#1435,#1688,.T.);
#1137=EDGE_CURVE('',#1436,#1435,#1689,.T.);
#1138=EDGE_CURVE('',#1434,#1436,#1690,.T.);
#1139=EDGE_CURVE('',#1435,#1437,#1691,.T.);
#1140=EDGE_CURVE('',#1438,#1437,#1692,.T.);
#1141=EDGE_CURVE('',#1436,#1438,#1693,.T.);
#1142=EDGE_CURVE('',#1437,#1439,#1694,.T.);
#1143=EDGE_CURVE('',#1440,#1439,#1695,.T.);
#1144=EDGE_CURVE('',#1438,#1440,#1696,.T.);
#1145=EDGE_CURVE('',#1439,#1441,#1697,.T.);
#1146=EDGE_CURVE('',#1442,#1441,#1698,.T.);
#1147=EDGE_CURVE('',#1440,#1442,#1699,.T.);
#1148=EDGE_CURVE('',#1441,#1443,#1700,.T.);
#1149=EDGE_CURVE('',#1444,#1443,#1701,.T.);
#1150=EDGE_CURVE('',#1442,#1444,#1702,.T.);
#1151=EDGE_CURVE('',#1443,#1445,#1703,.T.);
#1152=EDGE_CURVE('',#1446,#1445,#1704,.T.);
#1153=EDGE_CURVE('',#1444,#1446,#1705,.T.);
#1154=EDGE_CURVE('',#1445,#1447,#1706,.T.);
#1155=EDGE_CURVE('',#1448,#1447,#1707,.T.);
#1156=EDGE_CURVE('',#1446,#1448,#1708,.T.);
#1157=EDGE_CURVE('',#1447,#1449,#1709,.T.);
#1158=EDGE_CURVE('',#1450,#1449,#1710,.T.);
#1159=EDGE_CURVE('',#1448,#1450,#1711,.T.);
#1160=EDGE_CURVE('',#1449,#1451,#1712,.T.);
#1161=EDGE_CURVE('',#1452,#1451,#1713,.T.);
#1162=EDGE_CURVE('',#1450,#1452,#1714,.T.);
#1163=EDGE_CURVE('',#1451,#1453,#1715,.T.);
#1164=EDGE_CURVE('',#1454,#1453,#1716,.T.);
#1165=EDGE_CURVE('',#1452,#1454,#1717,.T.);
#1166=EDGE_CURVE('',#1453,#1455,#1718,.T.);
#1167=EDGE_CURVE('',#1456,#1455,#1719,.T.);
#1168=EDGE_CURVE('',#1454,#1456,#1720,.T.);
#1169=EDGE_CURVE('',#1455,#1457,#1721,.T.);
#1170=EDGE_CURVE('',#1458,#1457,#1722,.T.);
#1171=EDGE_CURVE('',#1456,#1458,#1723,.T.);
#1172=EDGE_CURVE('',#1457,#1459,#1724,.T.);
#1173=EDGE_CURVE('',#1460,#1459,#1725,.T.);
#1174=EDGE_CURVE('',#1458,#1460,#1726,.T.);
#1175=EDGE_CURVE('',#1459,#1461,#1727,.T.);
#1176=EDGE_CURVE('',#1462,#1461,#1728,.T.);
#1177=EDGE_CURVE('',#1460,#1462,#1729,.T.);
#1178=EDGE_CURVE('',#1461,#1463,#1730,.T.);
#1179=EDGE_CURVE('',#1464,#1463,#1731,.T.);
#1180=EDGE_CURVE('',#1462,#1464,#1732,.T.);
#1181=EDGE_CURVE('',#1463,#1465,#1733,.T.);
#1182=EDGE_CURVE('',#1466,#1465,#1734,.T.);
#1183=EDGE_CURVE('',#1464,#1466,#1735,.T.);
#1184=EDGE_CURVE('',#1465,#1467,#1736,.T.);
#1185=EDGE_CURVE('',#1468,#1467,#1737,.T.);
#1186=EDGE_CURVE('',#1466,#1468,#1738,.T.);
#1187=EDGE_CURVE('',#1467,#1469,#1739,.T.);
#1188=EDGE_CURVE('',#1470,#1469,#1740,.T.);
#1189=EDGE_CURVE('',#1468,#1470,#1741,.T.);
#1190=EDGE_CURVE('',#1469,#1471,#1742,.T.);
#1191=EDGE_CURVE('',#1472,#1471,#1743,.T.);
#1192=EDGE_CURVE('',#1470,#1472,#1744,.T.);
#1193=EDGE_CURVE('',#1471,#1425,#1745,.T.);
#1194=EDGE_CURVE('',#1472,#1428,#1746,.T.);
#1195=EDGE_CURVE('',#1473,#1473,#167,.F.);
#1196=EDGE_CURVE('',#1474,#1474,#168,.F.);
#1197=EDGE_CURVE('',#1475,#1476,#1747,.T.);
#1198=EDGE_CURVE('',#1477,#1475,#1748,.T.);
#1199=EDGE_CURVE('',#1477,#1478,#1749,.T.);
#1200=EDGE_CURVE('',#1478,#1476,#1750,.T.);
#1201=EDGE_CURVE('',#1475,#1479,#1751,.T.);
#1202=EDGE_CURVE('',#1480,#1479,#1752,.T.);
#1203=EDGE_CURVE('',#1477,#1480,#1753,.T.);
#1204=EDGE_CURVE('',#1479,#1481,#1754,.T.);
#1205=EDGE_CURVE('',#1482,#1481,#1755,.T.);
#1206=EDGE_CURVE('',#1480,#1482,#1756,.T.);
#1207=EDGE_CURVE('',#1476,#1481,#1757,.T.);
#1208=EDGE_CURVE('',#1478,#1482,#1758,.T.);
#1209=EDGE_CURVE('',#1483,#1483,#169,.F.);
#1210=EDGE_CURVE('',#1484,#1484,#170,.F.);
#1211=EDGE_CURVE('',#1485,#1485,#171,.F.);
#1212=EDGE_CURVE('',#1486,#1486,#172,.F.);
#1213=EDGE_CURVE('',#1487,#1487,#173,.F.);
#1214=EDGE_CURVE('',#1488,#1488,#174,.F.);
#1215=EDGE_CURVE('',#1489,#1490,#175,.T.);
#1216=EDGE_CURVE('',#1491,#1490,#1759,.T.);
#1217=EDGE_CURVE('',#1492,#1491,#176,.T.);
#1218=EDGE_CURVE('',#1492,#1489,#1760,.T.);
#1219=EDGE_CURVE('',#1490,#1489,#177,.T.);
#1220=EDGE_CURVE('',#1491,#1492,#178,.T.);
#1221=EDGE_CURVE('',#1493,#1494,#1761,.T.);
#1222=EDGE_CURVE('',#1495,#1493,#1762,.T.);
#1223=EDGE_CURVE('',#1495,#1496,#1763,.T.);
#1224=EDGE_CURVE('',#1496,#1494,#1764,.T.);
#1225=EDGE_CURVE('',#1493,#1497,#1765,.T.);
#1226=EDGE_CURVE('',#1498,#1497,#1766,.T.);
#1227=EDGE_CURVE('',#1495,#1498,#1767,.T.);
#1228=EDGE_CURVE('',#1497,#1499,#1768,.T.);
#1229=EDGE_CURVE('',#1500,#1499,#1769,.T.);
#1230=EDGE_CURVE('',#1498,#1500,#1770,.T.);
#1231=EDGE_CURVE('',#1494,#1499,#1771,.T.);
#1232=EDGE_CURVE('',#1496,#1500,#1772,.T.);
#1233=EDGE_CURVE('',#1501,#1501,#179,.F.);
#1234=EDGE_CURVE('',#1502,#1502,#180,.T.);
#1235=EDGE_CURVE('',#1503,#1504,#181,.T.);
#1236=EDGE_CURVE('',#1505,#1503,#1773,.T.);
#1237=EDGE_CURVE('',#1505,#1506,#182,.T.);
#1238=EDGE_CURVE('',#1506,#1504,#1774,.T.);
#1239=EDGE_CURVE('',#1503,#1504,#183,.T.);
#1240=EDGE_CURVE('',#1505,#1506,#184,.T.);
#1241=EDGE_CURVE('',#1507,#1508,#1775,.T.);
#1242=EDGE_CURVE('',#1509,#1507,#1776,.T.);
#1243=EDGE_CURVE('',#1509,#1510,#1777,.T.);
#1244=EDGE_CURVE('',#1510,#1508,#1778,.T.);
#1245=EDGE_CURVE('',#1507,#1511,#1779,.T.);
#1246=EDGE_CURVE('',#1512,#1511,#1780,.T.);
#1247=EDGE_CURVE('',#1513,#1512,#1781,.T.);
#1248=EDGE_CURVE('',#1514,#1513,#1782,.T.);
#1249=EDGE_CURVE('',#1509,#1514,#1783,.T.);
#1250=EDGE_CURVE('',#1511,#1515,#1784,.T.);
#1251=EDGE_CURVE('',#1516,#1515,#1785,.T.);
#1252=EDGE_CURVE('',#1512,#1516,#1786,.T.);
#1253=EDGE_CURVE('',#1508,#1515,#1787,.T.);
#1254=EDGE_CURVE('',#1510,#1517,#1788,.T.);
#1255=EDGE_CURVE('',#1517,#1518,#1789,.T.);
#1256=EDGE_CURVE('',#1518,#1516,#1790,.T.);
#1257=EDGE_CURVE('',#1519,#1519,#185,.F.);
#1258=EDGE_CURVE('',#1513,#1518,#1791,.T.);
#1259=EDGE_CURVE('',#1520,#1520,#186,.F.);
#1260=EDGE_CURVE('',#1514,#1517,#1792,.T.);
#1261=VERTEX_POINT('',#4246);
#1262=VERTEX_POINT('',#4247);
#1263=VERTEX_POINT('',#4249);
#1264=VERTEX_POINT('',#4251);
#1265=VERTEX_POINT('',#4255);
#1266=VERTEX_POINT('',#4256);
#1267=VERTEX_POINT('',#4258);
#1268=VERTEX_POINT('',#4260);
#1269=VERTEX_POINT('',#4264);
#1270=VERTEX_POINT('',#4265);
#1271=VERTEX_POINT('',#4267);
#1272=VERTEX_POINT('',#4269);
#1273=VERTEX_POINT('',#4273);
#1274=VERTEX_POINT('',#4274);
#1275=VERTEX_POINT('',#4276);
#1276=VERTEX_POINT('',#4278);
#1277=VERTEX_POINT('',#4282);
#1278=VERTEX_POINT('',#4284);
#1279=VERTEX_POINT('',#4286);
#1280=VERTEX_POINT('',#4288);
#1281=VERTEX_POINT('',#4295);
#1282=VERTEX_POINT('',#4297);
#1283=VERTEX_POINT('',#4299);
#1284=VERTEX_POINT('',#4301);
#1285=VERTEX_POINT('',#4317);
#1286=VERTEX_POINT('',#4318);
#1287=VERTEX_POINT('',#4320);
#1288=VERTEX_POINT('',#4322);
#1289=VERTEX_POINT('',#4326);
#1290=VERTEX_POINT('',#4328);
#1291=VERTEX_POINT('',#4332);
#1292=VERTEX_POINT('',#4334);
#1293=VERTEX_POINT('',#4338);
#1294=VERTEX_POINT('',#4340);
#1295=VERTEX_POINT('',#4344);
#1296=VERTEX_POINT('',#4346);
#1297=VERTEX_POINT('',#4350);
#1298=VERTEX_POINT('',#4352);
#1299=VERTEX_POINT('',#4361);
#1300=VERTEX_POINT('',#4364);
#1301=VERTEX_POINT('',#4367);
#1302=VERTEX_POINT('',#4370);
#1303=VERTEX_POINT('',#4375);
#1304=VERTEX_POINT('',#4376);
#1305=VERTEX_POINT('',#4378);
#1306=VERTEX_POINT('',#4380);
#1307=VERTEX_POINT('',#4384);
#1308=VERTEX_POINT('',#4386);
#1309=VERTEX_POINT('',#4390);
#1310=VERTEX_POINT('',#4392);
#1311=VERTEX_POINT('',#4396);
#1312=VERTEX_POINT('',#4398);
#1313=VERTEX_POINT('',#4401);
#1314=VERTEX_POINT('',#4403);
#1315=VERTEX_POINT('',#4406);
#1316=VERTEX_POINT('',#4408);
#1317=VERTEX_POINT('',#4417);
#1318=VERTEX_POINT('',#4419);
#1319=VERTEX_POINT('',#4422);
#1320=VERTEX_POINT('',#4425);
#1321=VERTEX_POINT('',#4430);
#1322=VERTEX_POINT('',#4432);
#1323=VERTEX_POINT('',#4433);
#1324=VERTEX_POINT('',#4435);
#1325=VERTEX_POINT('',#4437);
#1326=VERTEX_POINT('',#4441);
#1327=VERTEX_POINT('',#4443);
#1328=VERTEX_POINT('',#4447);
#1329=VERTEX_POINT('',#4449);
#1330=VERTEX_POINT('',#4451);
#1331=VERTEX_POINT('',#4458);
#1332=VERTEX_POINT('',#4461);
#1333=VERTEX_POINT('',#4467);
#1334=VERTEX_POINT('',#4468);
#1335=VERTEX_POINT('',#4470);
#1336=VERTEX_POINT('',#4472);
#1337=VERTEX_POINT('',#4476);
#1338=VERTEX_POINT('',#4478);
#1339=VERTEX_POINT('',#4482);
#1340=VERTEX_POINT('',#4484);
#1341=VERTEX_POINT('',#4491);
#1342=VERTEX_POINT('',#4493);
#1343=VERTEX_POINT('',#4495);
#1344=VERTEX_POINT('',#4497);
#1345=VERTEX_POINT('',#4500);
#1346=VERTEX_POINT('',#4502);
#1347=VERTEX_POINT('',#4504);
#1348=VERTEX_POINT('',#4506);
#1349=VERTEX_POINT('',#4514);
#1350=VERTEX_POINT('',#4515);
#1351=VERTEX_POINT('',#4517);
#1352=VERTEX_POINT('',#4519);
#1353=VERTEX_POINT('',#4523);
#1354=VERTEX_POINT('',#4524);
#1355=VERTEX_POINT('',#4526);
#1356=VERTEX_POINT('',#4528);
#1357=VERTEX_POINT('',#4531);
#1358=VERTEX_POINT('',#4533);
#1359=VERTEX_POINT('',#4537);
#1360=VERTEX_POINT('',#4539);
#1361=VERTEX_POINT('',#4546);
#1362=VERTEX_POINT('',#4549);
#1363=VERTEX_POINT('',#4552);
#1364=VERTEX_POINT('',#4554);
#1365=VERTEX_POINT('',#4558);
#1366=VERTEX_POINT('',#4560);
#1367=VERTEX_POINT('',#4564);
#1368=VERTEX_POINT('',#4568);
#1369=VERTEX_POINT('',#4576);
#1370=VERTEX_POINT('',#4577);
#1371=VERTEX_POINT('',#4579);
#1372=VERTEX_POINT('',#4581);
#1373=VERTEX_POINT('',#4585);
#1374=VERTEX_POINT('',#4587);
#1375=VERTEX_POINT('',#4591);
#1376=VERTEX_POINT('',#4593);
#1377=VERTEX_POINT('',#4600);
#1378=VERTEX_POINT('',#4603);
#1379=VERTEX_POINT('',#4606);
#1380=VERTEX_POINT('',#4609);
#1381=VERTEX_POINT('',#4614);
#1382=VERTEX_POINT('',#4616);
#1383=VERTEX_POINT('',#4617);
#1384=VERTEX_POINT('',#4619);
#1385=VERTEX_POINT('',#4621);
#1386=VERTEX_POINT('',#4623);
#1387=VERTEX_POINT('',#4625);
#1388=VERTEX_POINT('',#4629);
#1389=VERTEX_POINT('',#4632);
#1390=VERTEX_POINT('',#4635);
#1391=VERTEX_POINT('',#4638);
#1392=VERTEX_POINT('',#4640);
#1393=VERTEX_POINT('',#4644);
#1394=VERTEX_POINT('',#4648);
#1395=VERTEX_POINT('',#4652);
#1396=VERTEX_POINT('',#4656);
#1397=VERTEX_POINT('',#4664);
#1398=VERTEX_POINT('',#4665);
#1399=VERTEX_POINT('',#4667);
#1400=VERTEX_POINT('',#4669);
#1401=VERTEX_POINT('',#4673);
#1402=VERTEX_POINT('',#4675);
#1403=VERTEX_POINT('',#4679);
#1404=VERTEX_POINT('',#4681);
#1405=VERTEX_POINT('',#4688);
#1406=VERTEX_POINT('',#4692);
#1407=VERTEX_POINT('',#4697);
#1408=VERTEX_POINT('',#4698);
#1409=VERTEX_POINT('',#4700);
#1410=VERTEX_POINT('',#4702);
#1411=VERTEX_POINT('',#4712);
#1412=VERTEX_POINT('',#4713);
#1413=VERTEX_POINT('',#4715);
#1414=VERTEX_POINT('',#4717);
#1415=VERTEX_POINT('',#4721);
#1416=VERTEX_POINT('',#4723);
#1417=VERTEX_POINT('',#4727);
#1418=VERTEX_POINT('',#4729);
#1419=VERTEX_POINT('',#4736);
#1420=VERTEX_POINT('',#4739);
#1421=VERTEX_POINT('',#4744);
#1422=VERTEX_POINT('',#4745);
#1423=VERTEX_POINT('',#4747);
#1424=VERTEX_POINT('',#4749);
#1425=VERTEX_POINT('',#4759);
#1426=VERTEX_POINT('',#4760);
#1427=VERTEX_POINT('',#4762);
#1428=VERTEX_POINT('',#4764);
#1429=VERTEX_POINT('',#4768);
#1430=VERTEX_POINT('',#4770);
#1431=VERTEX_POINT('',#4774);
#1432=VERTEX_POINT('',#4776);
#1433=VERTEX_POINT('',#4780);
#1434=VERTEX_POINT('',#4782);
#1435=VERTEX_POINT('',#4786);
#1436=VERTEX_POINT('',#4788);
#1437=VERTEX_POINT('',#4792);
#1438=VERTEX_POINT('',#4794);
#1439=VERTEX_POINT('',#4798);
#1440=VERTEX_POINT('',#4800);
#1441=VERTEX_POINT('',#4804);
#1442=VERTEX_POINT('',#4806);
#1443=VERTEX_POINT('',#4810);
#1444=VERTEX_POINT('',#4812);
#1445=VERTEX_POINT('',#4816);
#1446=VERTEX_POINT('',#4818);
#1447=VERTEX_POINT('',#4822);
#1448=VERTEX_POINT('',#4824);
#1449=VERTEX_POINT('',#4828);
#1450=VERTEX_POINT('',#4830);
#1451=VERTEX_POINT('',#4834);
#1452=VERTEX_POINT('',#4836);
#1453=VERTEX_POINT('',#4840);
#1454=VERTEX_POINT('',#4842);
#1455=VERTEX_POINT('',#4846);
#1456=VERTEX_POINT('',#4848);
#1457=VERTEX_POINT('',#4852);
#1458=VERTEX_POINT('',#4854);
#1459=VERTEX_POINT('',#4858);
#1460=VERTEX_POINT('',#4860);
#1461=VERTEX_POINT('',#4864);
#1462=VERTEX_POINT('',#4866);
#1463=VERTEX_POINT('',#4870);
#1464=VERTEX_POINT('',#4872);
#1465=VERTEX_POINT('',#4876);
#1466=VERTEX_POINT('',#4878);
#1467=VERTEX_POINT('',#4882);
#1468=VERTEX_POINT('',#4884);
#1469=VERTEX_POINT('',#4888);
#1470=VERTEX_POINT('',#4890);
#1471=VERTEX_POINT('',#4894);
#1472=VERTEX_POINT('',#4896);
#1473=VERTEX_POINT('',#4903);
#1474=VERTEX_POINT('',#4906);
#1475=VERTEX_POINT('',#4911);
#1476=VERTEX_POINT('',#4912);
#1477=VERTEX_POINT('',#4914);
#1478=VERTEX_POINT('',#4916);
#1479=VERTEX_POINT('',#4920);
#1480=VERTEX_POINT('',#4922);
#1481=VERTEX_POINT('',#4926);
#1482=VERTEX_POINT('',#4928);
#1483=VERTEX_POINT('',#4935);
#1484=VERTEX_POINT('',#4937);
#1485=VERTEX_POINT('',#4939);
#1486=VERTEX_POINT('',#4942);
#1487=VERTEX_POINT('',#4944);
#1488=VERTEX_POINT('',#4946);
#1489=VERTEX_POINT('',#4953);
#1490=VERTEX_POINT('',#4954);
#1491=VERTEX_POINT('',#4956);
#1492=VERTEX_POINT('',#4958);
#1493=VERTEX_POINT('',#4968);
#1494=VERTEX_POINT('',#4969);
#1495=VERTEX_POINT('',#4971);
#1496=VERTEX_POINT('',#4973);
#1497=VERTEX_POINT('',#4977);
#1498=VERTEX_POINT('',#4979);
#1499=VERTEX_POINT('',#4983);
#1500=VERTEX_POINT('',#4985);
#1501=VERTEX_POINT('',#4992);
#1502=VERTEX_POINT('',#4996);
#1503=VERTEX_POINT('',#5001);
#1504=VERTEX_POINT('',#5002);
#1505=VERTEX_POINT('',#5004);
#1506=VERTEX_POINT('',#5006);
#1507=VERTEX_POINT('',#5016);
#1508=VERTEX_POINT('',#5017);
#1509=VERTEX_POINT('',#5019);
#1510=VERTEX_POINT('',#5021);
#1511=VERTEX_POINT('',#5025);
#1512=VERTEX_POINT('',#5027);
#1513=VERTEX_POINT('',#5029);
#1514=VERTEX_POINT('',#5031);
#1515=VERTEX_POINT('',#5035);
#1516=VERTEX_POINT('',#5037);
#1517=VERTEX_POINT('',#5042);
#1518=VERTEX_POINT('',#5044);
#1519=VERTEX_POINT('',#5048);
#1520=VERTEX_POINT('',#5052);
#1521=LINE('',#4245,#1793);
#1522=LINE('',#4248,#1794);
#1523=LINE('',#4250,#1795);
#1524=LINE('',#4252,#1796);
#1525=LINE('',#4254,#1797);
#1526=LINE('',#4257,#1798);
#1527=LINE('',#4259,#1799);
#1528=LINE('',#4261,#1800);
#1529=LINE('',#4263,#1801);
#1530=LINE('',#4266,#1802);
#1531=LINE('',#4268,#1803);
#1532=LINE('',#4270,#1804);
#1533=LINE('',#4272,#1805);
#1534=LINE('',#4275,#1806);
#1535=LINE('',#4277,#1807);
#1536=LINE('',#4279,#1808);
#1537=LINE('',#4316,#1809);
#1538=LINE('',#4319,#1810);
#1539=LINE('',#4321,#1811);
#1540=LINE('',#4323,#1812);
#1541=LINE('',#4325,#1813);
#1542=LINE('',#4327,#1814);
#1543=LINE('',#4329,#1815);
#1544=LINE('',#4331,#1816);
#1545=LINE('',#4333,#1817);
#1546=LINE('',#4335,#1818);
#1547=LINE('',#4337,#1819);
#1548=LINE('',#4339,#1820);
#1549=LINE('',#4341,#1821);
#1550=LINE('',#4343,#1822);
#1551=LINE('',#4345,#1823);
#1552=LINE('',#4347,#1824);
#1553=LINE('',#4354,#1825);
#1554=LINE('',#4355,#1826);
#1555=LINE('',#4374,#1827);
#1556=LINE('',#4377,#1828);
#1557=LINE('',#4379,#1829);
#1558=LINE('',#4381,#1830);
#1559=LINE('',#4383,#1831);
#1560=LINE('',#4385,#1832);
#1561=LINE('',#4387,#1833);
#1562=LINE('',#4389,#1834);
#1563=LINE('',#4391,#1835);
#1564=LINE('',#4393,#1836);
#1565=LINE('',#4410,#1837);
#1566=LINE('',#4411,#1838);
#1567=LINE('',#4431,#1839);
#1568=LINE('',#4434,#1840);
#1569=LINE('',#4436,#1841);
#1570=LINE('',#4438,#1842);
#1571=LINE('',#4440,#1843);
#1572=LINE('',#4442,#1844);
#1573=LINE('',#4444,#1845);
#1574=LINE('',#4448,#1846);
#1575=LINE('',#4450,#1847);
#1576=LINE('',#4452,#1848);
#1577=LINE('',#4454,#1849);
#1578=LINE('',#4455,#1850);
#1579=LINE('',#4466,#1851);
#1580=LINE('',#4469,#1852);
#1581=LINE('',#4471,#1853);
#1582=LINE('',#4473,#1854);
#1583=LINE('',#4475,#1855);
#1584=LINE('',#4477,#1856);
#1585=LINE('',#4479,#1857);
#1586=LINE('',#4481,#1858);
#1587=LINE('',#4483,#1859);
#1588=LINE('',#4485,#1860);
#1589=LINE('',#4487,#1861);
#1590=LINE('',#4488,#1862);
#1591=LINE('',#4513,#1863);
#1592=LINE('',#4516,#1864);
#1593=LINE('',#4518,#1865);
#1594=LINE('',#4520,#1866);
#1595=LINE('',#4522,#1867);
#1596=LINE('',#4525,#1868);
#1597=LINE('',#4527,#1869);
#1598=LINE('',#4529,#1870);
#1599=LINE('',#4530,#1871);
#1600=LINE('',#4532,#1872);
#1601=LINE('',#4534,#1873);
#1602=LINE('',#4536,#1874);
#1603=LINE('',#4538,#1875);
#1604=LINE('',#4540,#1876);
#1605=LINE('',#4542,#1877);
#1606=LINE('',#4543,#1878);
#1607=LINE('',#4551,#1879);
#1608=LINE('',#4553,#1880);
#1609=LINE('',#4555,#1881);
#1610=LINE('',#4557,#1882);
#1611=LINE('',#4559,#1883);
#1612=LINE('',#4561,#1884);
#1613=LINE('',#4565,#1885);
#1614=LINE('',#4569,#1886);
#1615=LINE('',#4575,#1887);
#1616=LINE('',#4578,#1888);
#1617=LINE('',#4580,#1889);
#1618=LINE('',#4582,#1890);
#1619=LINE('',#4584,#1891);
#1620=LINE('',#4586,#1892);
#1621=LINE('',#4588,#1893);
#1622=LINE('',#4590,#1894);
#1623=LINE('',#4592,#1895);
#1624=LINE('',#4594,#1896);
#1625=LINE('',#4596,#1897);
#1626=LINE('',#4597,#1898);
#1627=LINE('',#4615,#1899);
#1628=LINE('',#4618,#1900);
#1629=LINE('',#4620,#1901);
#1630=LINE('',#4622,#1902);
#1631=LINE('',#4624,#1903);
#1632=LINE('',#4626,#1904);
#1633=LINE('',#4637,#1905);
#1634=LINE('',#4639,#1906);
#1635=LINE('',#4641,#1907);
#1636=LINE('',#4643,#1908);
#1637=LINE('',#4645,#1909);
#1638=LINE('',#4647,#1910);
#1639=LINE('',#4649,#1911);
#1640=LINE('',#4651,#1912);
#1641=LINE('',#4653,#1913);
#1642=LINE('',#4655,#1914);
#1643=LINE('',#4657,#1915);
#1644=LINE('',#4659,#1916);
#1645=LINE('',#4663,#1917);
#1646=LINE('',#4666,#1918);
#1647=LINE('',#4668,#1919);
#1648=LINE('',#4670,#1920);
#1649=LINE('',#4672,#1921);
#1650=LINE('',#4674,#1922);
#1651=LINE('',#4676,#1923);
#1652=LINE('',#4678,#1924);
#1653=LINE('',#4680,#1925);
#1654=LINE('',#4682,#1926);
#1655=LINE('',#4684,#1927);
#1656=LINE('',#4685,#1928);
#1657=LINE('',#4699,#1929);
#1658=LINE('',#4703,#1930);
#1659=LINE('',#4705,#1931);
#1660=LINE('',#4706,#1932);
#1661=LINE('',#4711,#1933);
#1662=LINE('',#4714,#1934);
#1663=LINE('',#4716,#1935);
#1664=LINE('',#4718,#1936);
#1665=LINE('',#4720,#1937);
#1666=LINE('',#4722,#1938);
#1667=LINE('',#4724,#1939);
#1668=LINE('',#4726,#1940);
#1669=LINE('',#4728,#1941);
#1670=LINE('',#4730,#1942);
#1671=LINE('',#4732,#1943);
#1672=LINE('',#4733,#1944);
#1673=LINE('',#4746,#1945);
#1674=LINE('',#4750,#1946);
#1675=LINE('',#4758,#1947);
#1676=LINE('',#4761,#1948);
#1677=LINE('',#4763,#1949);
#1678=LINE('',#4765,#1950);
#1679=LINE('',#4767,#1951);
#1680=LINE('',#4769,#1952);
#1681=LINE('',#4771,#1953);
#1682=LINE('',#4773,#1954);
#1683=LINE('',#4775,#1955);
#1684=LINE('',#4777,#1956);
#1685=LINE('',#4779,#1957);
#1686=LINE('',#4781,#1958);
#1687=LINE('',#4783,#1959);
#1688=LINE('',#4785,#1960);
#1689=LINE('',#4787,#1961);
#1690=LINE('',#4789,#1962);
#1691=LINE('',#4791,#1963);
#1692=LINE('',#4793,#1964);
#1693=LINE('',#4795,#1965);
#1694=LINE('',#4797,#1966);
#1695=LINE('',#4799,#1967);
#1696=LINE('',#4801,#1968);
#1697=LINE('',#4803,#1969);
#1698=LINE('',#4805,#1970);
#1699=LINE('',#4807,#1971);
#1700=LINE('',#4809,#1972);
#1701=LINE('',#4811,#1973);
#1702=LINE('',#4813,#1974);
#1703=LINE('',#4815,#1975);
#1704=LINE('',#4817,#1976);
#1705=LINE('',#4819,#1977);
#1706=LINE('',#4821,#1978);
#1707=LINE('',#4823,#1979);
#1708=LINE('',#4825,#1980);
#1709=LINE('',#4827,#1981);
#1710=LINE('',#4829,#1982);
#1711=LINE('',#4831,#1983);
#1712=LINE('',#4833,#1984);
#1713=LINE('',#4835,#1985);
#1714=LINE('',#4837,#1986);
#1715=LINE('',#4839,#1987);
#1716=LINE('',#4841,#1988);
#1717=LINE('',#4843,#1989);
#1718=LINE('',#4845,#1990);
#1719=LINE('',#4847,#1991);
#1720=LINE('',#4849,#1992);
#1721=LINE('',#4851,#1993);
#1722=LINE('',#4853,#1994);
#1723=LINE('',#4855,#1995);
#1724=LINE('',#4857,#1996);
#1725=LINE('',#4859,#1997);
#1726=LINE('',#4861,#1998);
#1727=LINE('',#4863,#1999);
#1728=LINE('',#4865,#2000);
#1729=LINE('',#4867,#2001);
#1730=LINE('',#4869,#2002);
#1731=LINE('',#4871,#2003);
#1732=LINE('',#4873,#2004);
#1733=LINE('',#4875,#2005);
#1734=LINE('',#4877,#2006);
#1735=LINE('',#4879,#2007);
#1736=LINE('',#4881,#2008);
#1737=LINE('',#4883,#2009);
#1738=LINE('',#4885,#2010);
#1739=LINE('',#4887,#2011);
#1740=LINE('',#4889,#2012);
#1741=LINE('',#4891,#2013);
#1742=LINE('',#4893,#2014);
#1743=LINE('',#4895,#2015);
#1744=LINE('',#4897,#2016);
#1745=LINE('',#4899,#2017);
#1746=LINE('',#4900,#2018);
#1747=LINE('',#4910,#2019);
#1748=LINE('',#4913,#2020);
#1749=LINE('',#4915,#2021);
#1750=LINE('',#4917,#2022);
#1751=LINE('',#4919,#2023);
#1752=LINE('',#4921,#2024);
#1753=LINE('',#4923,#2025);
#1754=LINE('',#4925,#2026);
#1755=LINE('',#4927,#2027);
#1756=LINE('',#4929,#2028);
#1757=LINE('',#4931,#2029);
#1758=LINE('',#4932,#2030);
#1759=LINE('',#4955,#2031);
#1760=LINE('',#4959,#2032);
#1761=LINE('',#4967,#2033);
#1762=LINE('',#4970,#2034);
#1763=LINE('',#4972,#2035);
#1764=LINE('',#4974,#2036);
#1765=LINE('',#4976,#2037);
#1766=LINE('',#4978,#2038);
#1767=LINE('',#4980,#2039);
#1768=LINE('',#4982,#2040);
#1769=LINE('',#4984,#2041);
#1770=LINE('',#4986,#2042);
#1771=LINE('',#4988,#2043);
#1772=LINE('',#4989,#2044);
#1773=LINE('',#5003,#2045);
#1774=LINE('',#5007,#2046);
#1775=LINE('',#5015,#2047);
#1776=LINE('',#5018,#2048);
#1777=LINE('',#5020,#2049);
#1778=LINE('',#5022,#2050);
#1779=LINE('',#5024,#2051);
#1780=LINE('',#5026,#2052);
#1781=LINE('',#5028,#2053);
#1782=LINE('',#5030,#2054);
#1783=LINE('',#5032,#2055);
#1784=LINE('',#5034,#2056);
#1785=LINE('',#5036,#2057);
#1786=LINE('',#5038,#2058);
#1787=LINE('',#5040,#2059);
#1788=LINE('',#5041,#2060);
#1789=LINE('',#5043,#2061);
#1790=LINE('',#5045,#2062);
#1791=LINE('',#5049,#2063);
#1792=LINE('',#5054,#2064);
#1793=VECTOR('',#3411,1.);
#1794=VECTOR('',#3412,1.);
#1795=VECTOR('',#3413,1.);
#1796=VECTOR('',#3414,1.);
#1797=VECTOR('',#3417,1.);
#1798=VECTOR('',#3418,1.);
#1799=VECTOR('',#3419,1.);
#1800=VECTOR('',#3420,1.);
#1801=VECTOR('',#3423,1.);
#1802=VECTOR('',#3424,1.);
#1803=VECTOR('',#3425,1.);
#1804=VECTOR('',#3426,1.);
#1805=VECTOR('',#3429,1.);
#1806=VECTOR('',#3430,1.);
#1807=VECTOR('',#3431,1.);
#1808=VECTOR('',#3432,1.);
#1809=VECTOR('',#3489,1.);
#1810=VECTOR('',#3490,1.);
#1811=VECTOR('',#3491,1.);
#1812=VECTOR('',#3492,1.);
#1813=VECTOR('',#3495,1.);
#1814=VECTOR('',#3496,1.);
#1815=VECTOR('',#3497,1.);
#1816=VECTOR('',#3500,1.);
#1817=VECTOR('',#3501,1.);
#1818=VECTOR('',#3502,1.);
#1819=VECTOR('',#3505,1.);
#1820=VECTOR('',#3506,1.);
#1821=VECTOR('',#3507,1.);
#1822=VECTOR('',#3510,1.);
#1823=VECTOR('',#3511,1.);
#1824=VECTOR('',#3512,1.);
#1825=VECTOR('',#3521,1.);
#1826=VECTOR('',#3522,1.);
#1827=VECTOR('',#3551,1.);
#1828=VECTOR('',#3552,1.);
#1829=VECTOR('',#3553,1.);
#1830=VECTOR('',#3554,1.);
#1831=VECTOR('',#3557,1.);
#1832=VECTOR('',#3558,1.);
#1833=VECTOR('',#3559,1.);
#1834=VECTOR('',#3562,1.);
#1835=VECTOR('',#3563,1.);
#1836=VECTOR('',#3564,1.);
#1837=VECTOR('',#3585,1.);
#1838=VECTOR('',#3586,1.);
#1839=VECTOR('',#3615,1.);
#1840=VECTOR('',#3616,1.);
#1841=VECTOR('',#3617,1.);
#1842=VECTOR('',#3618,1.);
#1843=VECTOR('',#3621,1.);
#1844=VECTOR('',#3622,1.);
#1845=VECTOR('',#3623,1.);
#1846=VECTOR('',#3628,1.);
#1847=VECTOR('',#3629,1.);
#1848=VECTOR('',#3630,1.);
#1849=VECTOR('',#3633,1.);
#1850=VECTOR('',#3634,1.);
#1851=VECTOR('',#3651,1.);
#1852=VECTOR('',#3652,1.);
#1853=VECTOR('',#3653,1.);
#1854=VECTOR('',#3654,1.);
#1855=VECTOR('',#3657,1.);
#1856=VECTOR('',#3658,1.);
#1857=VECTOR('',#3659,1.);
#1858=VECTOR('',#3662,1.);
#1859=VECTOR('',#3663,1.);
#1860=VECTOR('',#3664,1.);
#1861=VECTOR('',#3667,1.);
#1862=VECTOR('',#3668,1.);
#1863=VECTOR('',#3701,1.);
#1864=VECTOR('',#3702,1.);
#1865=VECTOR('',#3703,1.);
#1866=VECTOR('',#3704,1.);
#1867=VECTOR('',#3707,1.);
#1868=VECTOR('',#3708,1.);
#1869=VECTOR('',#3709,1.);
#1870=VECTOR('',#3710,1.);
#1871=VECTOR('',#3711,1.);
#1872=VECTOR('',#3712,1.);
#1873=VECTOR('',#3713,1.);
#1874=VECTOR('',#3716,1.);
#1875=VECTOR('',#3717,1.);
#1876=VECTOR('',#3718,1.);
#1877=VECTOR('',#3721,1.);
#1878=VECTOR('',#3722,1.);
#1879=VECTOR('',#3733,1.);
#1880=VECTOR('',#3734,1.);
#1881=VECTOR('',#3735,1.);
#1882=VECTOR('',#3738,1.);
#1883=VECTOR('',#3739,1.);
#1884=VECTOR('',#3740,1.);
#1885=VECTOR('',#3745,1.);
#1886=VECTOR('',#3750,1.);
#1887=VECTOR('',#3761,1.);
#1888=VECTOR('',#3762,1.);
#1889=VECTOR('',#3763,1.);
#1890=VECTOR('',#3764,1.);
#1891=VECTOR('',#3767,1.);
#1892=VECTOR('',#3768,1.);
#1893=VECTOR('',#3769,1.);
#1894=VECTOR('',#3772,1.);
#1895=VECTOR('',#3773,1.);
#1896=VECTOR('',#3774,1.);
#1897=VECTOR('',#3777,1.);
#1898=VECTOR('',#3778,1.);
#1899=VECTOR('',#3803,1.);
#1900=VECTOR('',#3804,1.);
#1901=VECTOR('',#3805,1.);
#1902=VECTOR('',#3806,1.);
#1903=VECTOR('',#3807,1.);
#1904=VECTOR('',#3808,1.);
#1905=VECTOR('',#3823,1.);
#1906=VECTOR('',#3824,1.);
#1907=VECTOR('',#3825,1.);
#1908=VECTOR('',#3828,1.);
#1909=VECTOR('',#3829,1.);
#1910=VECTOR('',#3832,1.);
#1911=VECTOR('',#3833,1.);
#1912=VECTOR('',#3836,1.);
#1913=VECTOR('',#3837,1.);
#1914=VECTOR('',#3840,1.);
#1915=VECTOR('',#3841,1.);
#1916=VECTOR('',#3844,1.);
#1917=VECTOR('',#3851,1.);
#1918=VECTOR('',#3852,1.);
#1919=VECTOR('',#3853,1.);
#1920=VECTOR('',#3854,1.);
#1921=VECTOR('',#3857,1.);
#1922=VECTOR('',#3858,1.);
#1923=VECTOR('',#3859,1.);
#1924=VECTOR('',#3862,1.);
#1925=VECTOR('',#3863,1.);
#1926=VECTOR('',#3864,1.);
#1927=VECTOR('',#3867,1.);
#1928=VECTOR('',#3868,1.);
#1929=VECTOR('',#3887,1.);
#1930=VECTOR('',#3890,1.);
#1931=VECTOR('',#3893,1.);
#1932=VECTOR('',#3894,1.);
#1933=VECTOR('',#3903,1.);
#1934=VECTOR('',#3904,1.);
#1935=VECTOR('',#3905,1.);
#1936=VECTOR('',#3906,1.);
#1937=VECTOR('',#3909,1.);
#1938=VECTOR('',#3910,1.);
#1939=VECTOR('',#3911,1.);
#1940=VECTOR('',#3914,1.);
#1941=VECTOR('',#3915,1.);
#1942=VECTOR('',#3916,1.);
#1943=VECTOR('',#3919,1.);
#1944=VECTOR('',#3920,1.);
#1945=VECTOR('',#3937,1.);
#1946=VECTOR('',#3940,1.);
#1947=VECTOR('',#3955,1.);
#1948=VECTOR('',#3956,1.);
#1949=VECTOR('',#3957,1.);
#1950=VECTOR('',#3958,1.);
#1951=VECTOR('',#3961,1.);
#1952=VECTOR('',#3962,1.);
#1953=VECTOR('',#3963,1.);
#1954=VECTOR('',#3966,1.);
#1955=VECTOR('',#3967,1.);
#1956=VECTOR('',#3968,1.);
#1957=VECTOR('',#3971,1.);
#1958=VECTOR('',#3972,1.);
#1959=VECTOR('',#3973,1.);
#1960=VECTOR('',#3976,1.);
#1961=VECTOR('',#3977,1.);
#1962=VECTOR('',#3978,1.);
#1963=VECTOR('',#3981,1.);
#1964=VECTOR('',#3982,1.);
#1965=VECTOR('',#3983,1.);
#1966=VECTOR('',#3986,1.);
#1967=VECTOR('',#3987,1.);
#1968=VECTOR('',#3988,1.);
#1969=VECTOR('',#3991,1.);
#1970=VECTOR('',#3992,1.);
#1971=VECTOR('',#3993,1.);
#1972=VECTOR('',#3996,1.);
#1973=VECTOR('',#3997,1.);
#1974=VECTOR('',#3998,1.);
#1975=VECTOR('',#4001,1.);
#1976=VECTOR('',#4002,1.);
#1977=VECTOR('',#4003,1.);
#1978=VECTOR('',#4006,1.);
#1979=VECTOR('',#4007,1.);
#1980=VECTOR('',#4008,1.);
#1981=VECTOR('',#4011,1.);
#1982=VECTOR('',#4012,1.);
#1983=VECTOR('',#4013,1.);
#1984=VECTOR('',#4016,1.);
#1985=VECTOR('',#4017,1.);
#1986=VECTOR('',#4018,1.);
#1987=VECTOR('',#4021,1.);
#1988=VECTOR('',#4022,1.);
#1989=VECTOR('',#4023,1.);
#1990=VECTOR('',#4026,1.);
#1991=VECTOR('',#4027,1.);
#1992=VECTOR('',#4028,1.);
#1993=VECTOR('',#4031,1.);
#1994=VECTOR('',#4032,1.);
#1995=VECTOR('',#4033,1.);
#1996=VECTOR('',#4036,1.);
#1997=VECTOR('',#4037,1.);
#1998=VECTOR('',#4038,1.);
#1999=VECTOR('',#4041,1.);
#2000=VECTOR('',#4042,1.);
#2001=VECTOR('',#4043,1.);
#2002=VECTOR('',#4046,1.);
#2003=VECTOR('',#4047,1.);
#2004=VECTOR('',#4048,1.);
#2005=VECTOR('',#4051,1.);
#2006=VECTOR('',#4052,1.);
#2007=VECTOR('',#4053,1.);
#2008=VECTOR('',#4056,1.);
#2009=VECTOR('',#4057,1.);
#2010=VECTOR('',#4058,1.);
#2011=VECTOR('',#4061,1.);
#2012=VECTOR('',#4062,1.);
#2013=VECTOR('',#4063,1.);
#2014=VECTOR('',#4066,1.);
#2015=VECTOR('',#4067,1.);
#2016=VECTOR('',#4068,1.);
#2017=VECTOR('',#4071,1.);
#2018=VECTOR('',#4072,1.);
#2019=VECTOR('',#4087,1.);
#2020=VECTOR('',#4088,1.);
#2021=VECTOR('',#4089,1.);
#2022=VECTOR('',#4090,1.);
#2023=VECTOR('',#4093,1.);
#2024=VECTOR('',#4094,1.);
#2025=VECTOR('',#4095,1.);
#2026=VECTOR('',#4098,1.);
#2027=VECTOR('',#4099,1.);
#2028=VECTOR('',#4100,1.);
#2029=VECTOR('',#4103,1.);
#2030=VECTOR('',#4104,1.);
#2031=VECTOR('',#4133,1.);
#2032=VECTOR('',#4136,1.);
#2033=VECTOR('',#4151,1.);
#2034=VECTOR('',#4152,1.);
#2035=VECTOR('',#4153,1.);
#2036=VECTOR('',#4154,1.);
#2037=VECTOR('',#4157,1.);
#2038=VECTOR('',#4158,1.);
#2039=VECTOR('',#4159,1.);
#2040=VECTOR('',#4162,1.);
#2041=VECTOR('',#4163,1.);
#2042=VECTOR('',#4164,1.);
#2043=VECTOR('',#4167,1.);
#2044=VECTOR('',#4168,1.);
#2045=VECTOR('',#4187,1.);
#2046=VECTOR('',#4190,1.);
#2047=VECTOR('',#4205,1.);
#2048=VECTOR('',#4206,1.);
#2049=VECTOR('',#4207,1.);
#2050=VECTOR('',#4208,1.);
#2051=VECTOR('',#4211,1.);
#2052=VECTOR('',#4212,1.);
#2053=VECTOR('',#4213,1.);
#2054=VECTOR('',#4214,1.);
#2055=VECTOR('',#4215,1.);
#2056=VECTOR('',#4218,1.);
#2057=VECTOR('',#4219,1.);
#2058=VECTOR('',#4220,1.);
#2059=VECTOR('',#4223,1.);
#2060=VECTOR('',#4224,1.);
#2061=VECTOR('',#4225,1.);
#2062=VECTOR('',#4226,1.);
#2063=VECTOR('',#4231,1.);
#2064=VECTOR('',#4238,1.);
#2065=EDGE_LOOP('',(#187,#188,#189,#190));
#2066=EDGE_LOOP('',(#191,#192,#193,#194));
#2067=EDGE_LOOP('',(#195,#196,#197,#198));
#2068=EDGE_LOOP('',(#199,#200,#201,#202));
#2069=EDGE_LOOP('',(#203));
#2070=EDGE_LOOP('',(#204));
#2071=EDGE_LOOP('',(#205));
#2072=EDGE_LOOP('',(#206));
#2073=EDGE_LOOP('',(#207,#208,#209,#210,#211,#212,#213,#214));
#2074=EDGE_LOOP('',(#215));
#2075=EDGE_LOOP('',(#216));
#2076=EDGE_LOOP('',(#217));
#2077=EDGE_LOOP('',(#218));
#2078=EDGE_LOOP('',(#219,#220,#221,#222,#223,#224,#225,#226));
#2079=EDGE_LOOP('',(#227));
#2080=EDGE_LOOP('',(#228));
#2081=EDGE_LOOP('',(#229));
#2082=EDGE_LOOP('',(#230));
#2083=EDGE_LOOP('',(#231));
#2084=EDGE_LOOP('',(#232));
#2085=EDGE_LOOP('',(#233));
#2086=EDGE_LOOP('',(#234));
#2087=EDGE_LOOP('',(#235,#236,#237,#238));
#2088=EDGE_LOOP('',(#239,#240,#241,#242));
#2089=EDGE_LOOP('',(#243,#244,#245,#246));
#2090=EDGE_LOOP('',(#247,#248,#249,#250));
#2091=EDGE_LOOP('',(#251,#252,#253,#254));
#2092=EDGE_LOOP('',(#255,#256,#257,#258));
#2093=EDGE_LOOP('',(#259,#260,#261,#262));
#2094=EDGE_LOOP('',(#263,#264,#265,#266));
#2095=EDGE_LOOP('',(#267,#268,#269,#270));
#2096=EDGE_LOOP('',(#271));
#2097=EDGE_LOOP('',(#272));
#2098=EDGE_LOOP('',(#273,#274,#275,#276));
#2099=EDGE_LOOP('',(#277));
#2100=EDGE_LOOP('',(#278,#279,#280,#281,#282,#283));
#2101=EDGE_LOOP('',(#284));
#2102=EDGE_LOOP('',(#285,#286,#287,#288,#289,#290));
#2103=EDGE_LOOP('',(#291));
#2104=EDGE_LOOP('',(#292));
#2105=EDGE_LOOP('',(#293));
#2106=EDGE_LOOP('',(#294));
#2107=EDGE_LOOP('',(#295));
#2108=EDGE_LOOP('',(#296));
#2109=EDGE_LOOP('',(#297));
#2110=EDGE_LOOP('',(#298));
#2111=EDGE_LOOP('',(#299,#300,#301,#302));
#2112=EDGE_LOOP('',(#303,#304,#305,#306));
#2113=EDGE_LOOP('',(#307,#308,#309,#310));
#2114=EDGE_LOOP('',(#311));
#2115=EDGE_LOOP('',(#312));
#2116=EDGE_LOOP('',(#313));
#2117=EDGE_LOOP('',(#314));
#2118=EDGE_LOOP('',(#315));
#2119=EDGE_LOOP('',(#316));
#2120=EDGE_LOOP('',(#317,#318,#319,#320));
#2121=EDGE_LOOP('',(#321));
#2122=EDGE_LOOP('',(#322));
#2123=EDGE_LOOP('',(#323));
#2124=EDGE_LOOP('',(#324,#325,#326,#327));
#2125=EDGE_LOOP('',(#328));
#2126=EDGE_LOOP('',(#329));
#2127=EDGE_LOOP('',(#330));
#2128=EDGE_LOOP('',(#331,#332,#333,#334));
#2129=EDGE_LOOP('',(#335));
#2130=EDGE_LOOP('',(#336));
#2131=EDGE_LOOP('',(#337));
#2132=EDGE_LOOP('',(#338));
#2133=EDGE_LOOP('',(#339));
#2134=EDGE_LOOP('',(#340));
#2135=EDGE_LOOP('',(#341));
#2136=EDGE_LOOP('',(#342));
#2137=EDGE_LOOP('',(#343));
#2138=EDGE_LOOP('',(#344,#345,#346,#347));
#2139=EDGE_LOOP('',(#348,#349,#350,#351));
#2140=EDGE_LOOP('',(#352));
#2141=EDGE_LOOP('',(#353,#354,#355,#356));
#2142=EDGE_LOOP('',(#357,#358,#359,#360));
#2143=EDGE_LOOP('',(#361));
#2144=EDGE_LOOP('',(#362,#363,#364,#365));
#2145=EDGE_LOOP('',(#366));
#2146=EDGE_LOOP('',(#367,#368,#369,#370));
#2147=EDGE_LOOP('',(#371));
#2148=EDGE_LOOP('',(#372));
#2149=EDGE_LOOP('',(#373));
#2150=EDGE_LOOP('',(#374));
#2151=EDGE_LOOP('',(#375,#376,#377,#378));
#2152=EDGE_LOOP('',(#379,#380,#381,#382));
#2153=EDGE_LOOP('',(#383,#384,#385,#386));
#2154=EDGE_LOOP('',(#387,#388,#389,#390));
#2155=EDGE_LOOP('',(#391));
#2156=EDGE_LOOP('',(#392));
#2157=EDGE_LOOP('',(#393));
#2158=EDGE_LOOP('',(#394));
#2159=EDGE_LOOP('',(#395,#396,#397,#398));
#2160=EDGE_LOOP('',(#399));
#2161=EDGE_LOOP('',(#400));
#2162=EDGE_LOOP('',(#401));
#2163=EDGE_LOOP('',(#402));
#2164=EDGE_LOOP('',(#403,#404,#405,#406));
#2165=EDGE_LOOP('',(#407));
#2166=EDGE_LOOP('',(#408));
#2167=EDGE_LOOP('',(#409));
#2168=EDGE_LOOP('',(#410));
#2169=EDGE_LOOP('',(#411));
#2170=EDGE_LOOP('',(#412));
#2171=EDGE_LOOP('',(#413));
#2172=EDGE_LOOP('',(#414));
#2173=EDGE_LOOP('',(#415,#416,#417,#418));
#2174=EDGE_LOOP('',(#419,#420,#421,#422));
#2175=EDGE_LOOP('',(#423,#424,#425,#426));
#2176=EDGE_LOOP('',(#427,#428,#429,#430));
#2177=EDGE_LOOP('',(#431,#432,#433,#434));
#2178=EDGE_LOOP('',(#435));
#2179=EDGE_LOOP('',(#436,#437,#438,#439));
#2180=EDGE_LOOP('',(#440));
#2181=EDGE_LOOP('',(#441,#442,#443,#444));
#2182=EDGE_LOOP('',(#445,#446,#447,#448));
#2183=EDGE_LOOP('',(#449,#450,#451,#452));
#2184=EDGE_LOOP('',(#453));
#2185=EDGE_LOOP('',(#454,#455,#456,#457));
#2186=EDGE_LOOP('',(#458));
#2187=EDGE_LOOP('',(#459,#460,#461,#462));
#2188=EDGE_LOOP('',(#463));
#2189=EDGE_LOOP('',(#464));
#2190=EDGE_LOOP('',(#465));
#2191=EDGE_LOOP('',(#466));
#2192=EDGE_LOOP('',(#467,#468,#469,#470));
#2193=EDGE_LOOP('',(#471,#472,#473,#474));
#2194=EDGE_LOOP('',(#475,#476,#477,#478));
#2195=EDGE_LOOP('',(#479,#480,#481,#482));
#2196=EDGE_LOOP('',(#483,#484,#485,#486));
#2197=EDGE_LOOP('',(#487));
#2198=EDGE_LOOP('',(#488,#489,#490,#491));
#2199=EDGE_LOOP('',(#492));
#2200=EDGE_LOOP('',(#493,#494,#495,#496));
#2201=EDGE_LOOP('',(#497));
#2202=EDGE_LOOP('',(#498));
#2203=EDGE_LOOP('',(#499));
#2204=EDGE_LOOP('',(#500));
#2205=EDGE_LOOP('',(#501));
#2206=EDGE_LOOP('',(#502));
#2207=EDGE_LOOP('',(#503));
#2208=EDGE_LOOP('',(#504,#505,#506,#507,#508,#509));
#2209=EDGE_LOOP('',(#510));
#2210=EDGE_LOOP('',(#511));
#2211=EDGE_LOOP('',(#512));
#2212=EDGE_LOOP('',(#513));
#2213=EDGE_LOOP('',(#514));
#2214=EDGE_LOOP('',(#515));
#2215=EDGE_LOOP('',(#516,#517,#518,#519));
#2216=EDGE_LOOP('',(#520,#521,#522,#523));
#2217=EDGE_LOOP('',(#524,#525,#526,#527));
#2218=EDGE_LOOP('',(#528,#529,#530,#531));
#2219=EDGE_LOOP('',(#532,#533,#534,#535));
#2220=EDGE_LOOP('',(#536,#537,#538,#539));
#2221=EDGE_LOOP('',(#540));
#2222=EDGE_LOOP('',(#541,#542,#543,#544,#545,#546));
#2223=EDGE_LOOP('',(#547,#548,#549,#550));
#2224=EDGE_LOOP('',(#551,#552,#553,#554));
#2225=EDGE_LOOP('',(#555,#556,#557,#558));
#2226=EDGE_LOOP('',(#559,#560,#561,#562));
#2227=EDGE_LOOP('',(#563));
#2228=EDGE_LOOP('',(#564,#565,#566,#567));
#2229=EDGE_LOOP('',(#568,#569,#570,#571));
#2230=EDGE_LOOP('',(#572));
#2231=EDGE_LOOP('',(#573));
#2232=EDGE_LOOP('',(#574));
#2233=EDGE_LOOP('',(#575,#576,#577,#578));
#2234=EDGE_LOOP('',(#579,#580,#581,#582));
#2235=EDGE_LOOP('',(#583,#584));
#2236=EDGE_LOOP('',(#585,#586));
#2237=EDGE_LOOP('',(#587,#588,#589,#590));
#2238=EDGE_LOOP('',(#591,#592,#593,#594));
#2239=EDGE_LOOP('',(#595,#596,#597,#598));
#2240=EDGE_LOOP('',(#599,#600,#601,#602));
#2241=EDGE_LOOP('',(#603));
#2242=EDGE_LOOP('',(#604,#605,#606,#607));
#2243=EDGE_LOOP('',(#608));
#2244=EDGE_LOOP('',(#609,#610,#611,#612));
#2245=EDGE_LOOP('',(#613));
#2246=EDGE_LOOP('',(#614));
#2247=EDGE_LOOP('',(#615,#616,#617,#618));
#2248=EDGE_LOOP('',(#619,#620,#621,#622));
#2249=EDGE_LOOP('',(#623,#624));
#2250=EDGE_LOOP('',(#625,#626));
#2251=EDGE_LOOP('',(#627,#628,#629,#630));
#2252=EDGE_LOOP('',(#631,#632,#633,#634));
#2253=EDGE_LOOP('',(#635,#636,#637,#638));
#2254=EDGE_LOOP('',(#639,#640,#641,#642));
#2255=EDGE_LOOP('',(#643,#644,#645,#646));
#2256=EDGE_LOOP('',(#647,#648,#649,#650));
#2257=EDGE_LOOP('',(#651,#652,#653,#654));
#2258=EDGE_LOOP('',(#655,#656,#657,#658));
#2259=EDGE_LOOP('',(#659,#660,#661,#662));
#2260=EDGE_LOOP('',(#663,#664,#665,#666));
#2261=EDGE_LOOP('',(#667,#668,#669,#670));
#2262=EDGE_LOOP('',(#671,#672,#673,#674));
#2263=EDGE_LOOP('',(#675,#676,#677,#678));
#2264=EDGE_LOOP('',(#679,#680,#681,#682));
#2265=EDGE_LOOP('',(#683,#684,#685,#686));
#2266=EDGE_LOOP('',(#687,#688,#689,#690));
#2267=EDGE_LOOP('',(#691,#692,#693,#694));
#2268=EDGE_LOOP('',(#695,#696,#697,#698));
#2269=EDGE_LOOP('',(#699,#700,#701,#702));
#2270=EDGE_LOOP('',(#703,#704,#705,#706));
#2271=EDGE_LOOP('',(#707,#708,#709,#710));
#2272=EDGE_LOOP('',(#711,#712,#713,#714));
#2273=EDGE_LOOP('',(#715,#716,#717,#718));
#2274=EDGE_LOOP('',(#719,#720,#721,#722));
#2275=EDGE_LOOP('',(#723));
#2276=EDGE_LOOP('',(#724,#725,#726,#727,#728,#729,#730,#731,#732,#733,#734,
#735,#736,#737,#738,#739,#740,#741,#742,#743,#744,#745,#746,#747));
#2277=EDGE_LOOP('',(#748));
#2278=EDGE_LOOP('',(#749,#750,#751,#752,#753,#754,#755,#756,#757,#758,#759,
#760,#761,#762,#763,#764,#765,#766,#767,#768,#769,#770,#771,#772));
#2279=EDGE_LOOP('',(#773));
#2280=EDGE_LOOP('',(#774));
#2281=EDGE_LOOP('',(#775,#776,#777,#778));
#2282=EDGE_LOOP('',(#779,#780,#781,#782));
#2283=EDGE_LOOP('',(#783,#784,#785,#786));
#2284=EDGE_LOOP('',(#787,#788,#789,#790));
#2285=EDGE_LOOP('',(#791));
#2286=EDGE_LOOP('',(#792));
#2287=EDGE_LOOP('',(#793));
#2288=EDGE_LOOP('',(#794,#795,#796,#797));
#2289=EDGE_LOOP('',(#798));
#2290=EDGE_LOOP('',(#799));
#2291=EDGE_LOOP('',(#800));
#2292=EDGE_LOOP('',(#801,#802,#803,#804));
#2293=EDGE_LOOP('',(#805));
#2294=EDGE_LOOP('',(#806));
#2295=EDGE_LOOP('',(#807));
#2296=EDGE_LOOP('',(#808));
#2297=EDGE_LOOP('',(#809));
#2298=EDGE_LOOP('',(#810));
#2299=EDGE_LOOP('',(#811,#812,#813,#814));
#2300=EDGE_LOOP('',(#815,#816,#817,#818));
#2301=EDGE_LOOP('',(#819,#820));
#2302=EDGE_LOOP('',(#821,#822));
#2303=EDGE_LOOP('',(#823,#824,#825,#826));
#2304=EDGE_LOOP('',(#827,#828,#829,#830));
#2305=EDGE_LOOP('',(#831,#832,#833,#834));
#2306=EDGE_LOOP('',(#835,#836,#837,#838));
#2307=EDGE_LOOP('',(#839));
#2308=EDGE_LOOP('',(#840,#841,#842,#843));
#2309=EDGE_LOOP('',(#844,#845,#846,#847));
#2310=EDGE_LOOP('',(#848));
#2311=EDGE_LOOP('',(#849));
#2312=EDGE_LOOP('',(#850));
#2313=EDGE_LOOP('',(#851,#852,#853,#854));
#2314=EDGE_LOOP('',(#855,#856,#857,#858));
#2315=EDGE_LOOP('',(#859,#860));
#2316=EDGE_LOOP('',(#861,#862));
#2317=EDGE_LOOP('',(#863,#864,#865,#866));
#2318=EDGE_LOOP('',(#867,#868,#869,#870,#871,#872));
#2319=EDGE_LOOP('',(#873,#874,#875,#876));
#2320=EDGE_LOOP('',(#877,#878,#879,#880,#881,#882));
#2321=EDGE_LOOP('',(#883));
#2322=EDGE_LOOP('',(#884,#885,#886,#887));
#2323=EDGE_LOOP('',(#888));
#2324=EDGE_LOOP('',(#889,#890,#891,#892));
#2325=EDGE_LOOP('',(#893,#894,#895,#896));
#2326=EDGE_LOOP('',(#897,#898,#899,#900));
#2327=EDGE_LOOP('',(#901));
#2328=EDGE_LOOP('',(#902));
#2329=FACE_BOUND('',#2065,.T.);
#2330=FACE_BOUND('',#2066,.T.);
#2331=FACE_BOUND('',#2067,.T.);
#2332=FACE_BOUND('',#2068,.T.);
#2333=FACE_BOUND('',#2069,.T.);
#2334=FACE_BOUND('',#2070,.T.);
#2335=FACE_BOUND('',#2071,.T.);
#2336=FACE_BOUND('',#2072,.T.);
#2337=FACE_BOUND('',#2073,.T.);
#2338=FACE_BOUND('',#2074,.T.);
#2339=FACE_BOUND('',#2075,.T.);
#2340=FACE_BOUND('',#2076,.T.);
#2341=FACE_BOUND('',#2077,.T.);
#2342=FACE_BOUND('',#2078,.T.);
#2343=FACE_BOUND('',#2079,.T.);
#2344=FACE_BOUND('',#2080,.T.);
#2345=FACE_BOUND('',#2081,.T.);
#2346=FACE_BOUND('',#2082,.T.);
#2347=FACE_BOUND('',#2083,.T.);
#2348=FACE_BOUND('',#2084,.T.);
#2349=FACE_BOUND('',#2085,.T.);
#2350=FACE_BOUND('',#2086,.T.);
#2351=FACE_BOUND('',#2087,.T.);
#2352=FACE_BOUND('',#2088,.T.);
#2353=FACE_BOUND('',#2089,.T.);
#2354=FACE_BOUND('',#2090,.T.);
#2355=FACE_BOUND('',#2091,.T.);
#2356=FACE_BOUND('',#2092,.T.);
#2357=FACE_BOUND('',#2093,.T.);
#2358=FACE_BOUND('',#2094,.T.);
#2359=FACE_BOUND('',#2095,.T.);
#2360=FACE_BOUND('',#2096,.T.);
#2361=FACE_BOUND('',#2097,.T.);
#2362=FACE_BOUND('',#2098,.T.);
#2363=FACE_BOUND('',#2099,.T.);
#2364=FACE_BOUND('',#2100,.T.);
#2365=FACE_BOUND('',#2101,.T.);
#2366=FACE_BOUND('',#2102,.T.);
#2367=FACE_BOUND('',#2103,.T.);
#2368=FACE_BOUND('',#2104,.T.);
#2369=FACE_BOUND('',#2105,.T.);
#2370=FACE_BOUND('',#2106,.T.);
#2371=FACE_BOUND('',#2107,.T.);
#2372=FACE_BOUND('',#2108,.T.);
#2373=FACE_BOUND('',#2109,.T.);
#2374=FACE_BOUND('',#2110,.T.);
#2375=FACE_BOUND('',#2111,.T.);
#2376=FACE_BOUND('',#2112,.T.);
#2377=FACE_BOUND('',#2113,.T.);
#2378=FACE_BOUND('',#2114,.T.);
#2379=FACE_BOUND('',#2115,.T.);
#2380=FACE_BOUND('',#2116,.T.);
#2381=FACE_BOUND('',#2117,.T.);
#2382=FACE_BOUND('',#2118,.T.);
#2383=FACE_BOUND('',#2119,.T.);
#2384=FACE_BOUND('',#2120,.T.);
#2385=FACE_BOUND('',#2121,.T.);
#2386=FACE_BOUND('',#2122,.T.);
#2387=FACE_BOUND('',#2123,.T.);
#2388=FACE_BOUND('',#2124,.T.);
#2389=FACE_BOUND('',#2125,.T.);
#2390=FACE_BOUND('',#2126,.T.);
#2391=FACE_BOUND('',#2127,.T.);
#2392=FACE_BOUND('',#2128,.T.);
#2393=FACE_BOUND('',#2129,.T.);
#2394=FACE_BOUND('',#2130,.T.);
#2395=FACE_BOUND('',#2131,.T.);
#2396=FACE_BOUND('',#2132,.T.);
#2397=FACE_BOUND('',#2133,.T.);
#2398=FACE_BOUND('',#2134,.T.);
#2399=FACE_BOUND('',#2135,.T.);
#2400=FACE_BOUND('',#2136,.T.);
#2401=FACE_BOUND('',#2137,.T.);
#2402=FACE_BOUND('',#2138,.T.);
#2403=FACE_BOUND('',#2139,.T.);
#2404=FACE_BOUND('',#2140,.T.);
#2405=FACE_BOUND('',#2141,.T.);
#2406=FACE_BOUND('',#2142,.T.);
#2407=FACE_BOUND('',#2143,.T.);
#2408=FACE_BOUND('',#2144,.T.);
#2409=FACE_BOUND('',#2145,.T.);
#2410=FACE_BOUND('',#2146,.T.);
#2411=FACE_BOUND('',#2147,.T.);
#2412=FACE_BOUND('',#2148,.T.);
#2413=FACE_BOUND('',#2149,.T.);
#2414=FACE_BOUND('',#2150,.T.);
#2415=FACE_BOUND('',#2151,.T.);
#2416=FACE_BOUND('',#2152,.T.);
#2417=FACE_BOUND('',#2153,.T.);
#2418=FACE_BOUND('',#2154,.T.);
#2419=FACE_BOUND('',#2155,.T.);
#2420=FACE_BOUND('',#2156,.T.);
#2421=FACE_BOUND('',#2157,.T.);
#2422=FACE_BOUND('',#2158,.T.);
#2423=FACE_BOUND('',#2159,.T.);
#2424=FACE_BOUND('',#2160,.T.);
#2425=FACE_BOUND('',#2161,.T.);
#2426=FACE_BOUND('',#2162,.T.);
#2427=FACE_BOUND('',#2163,.T.);
#2428=FACE_BOUND('',#2164,.T.);
#2429=FACE_BOUND('',#2165,.T.);
#2430=FACE_BOUND('',#2166,.T.);
#2431=FACE_BOUND('',#2167,.T.);
#2432=FACE_BOUND('',#2168,.T.);
#2433=FACE_BOUND('',#2169,.T.);
#2434=FACE_BOUND('',#2170,.T.);
#2435=FACE_BOUND('',#2171,.T.);
#2436=FACE_BOUND('',#2172,.T.);
#2437=FACE_BOUND('',#2173,.T.);
#2438=FACE_BOUND('',#2174,.T.);
#2439=FACE_BOUND('',#2175,.T.);
#2440=FACE_BOUND('',#2176,.T.);
#2441=FACE_BOUND('',#2177,.T.);
#2442=FACE_BOUND('',#2178,.T.);
#2443=FACE_BOUND('',#2179,.T.);
#2444=FACE_BOUND('',#2180,.T.);
#2445=FACE_BOUND('',#2181,.T.);
#2446=FACE_BOUND('',#2182,.T.);
#2447=FACE_BOUND('',#2183,.T.);
#2448=FACE_BOUND('',#2184,.T.);
#2449=FACE_BOUND('',#2185,.T.);
#2450=FACE_BOUND('',#2186,.T.);
#2451=FACE_BOUND('',#2187,.T.);
#2452=FACE_BOUND('',#2188,.T.);
#2453=FACE_BOUND('',#2189,.T.);
#2454=FACE_BOUND('',#2190,.T.);
#2455=FACE_BOUND('',#2191,.T.);
#2456=FACE_BOUND('',#2192,.T.);
#2457=FACE_BOUND('',#2193,.T.);
#2458=FACE_BOUND('',#2194,.T.);
#2459=FACE_BOUND('',#2195,.T.);
#2460=FACE_BOUND('',#2196,.T.);
#2461=FACE_BOUND('',#2197,.T.);
#2462=FACE_BOUND('',#2198,.T.);
#2463=FACE_BOUND('',#2199,.T.);
#2464=FACE_BOUND('',#2200,.T.);
#2465=FACE_BOUND('',#2201,.T.);
#2466=FACE_BOUND('',#2202,.T.);
#2467=FACE_BOUND('',#2203,.T.);
#2468=FACE_BOUND('',#2204,.T.);
#2469=FACE_BOUND('',#2205,.T.);
#2470=FACE_BOUND('',#2206,.T.);
#2471=FACE_BOUND('',#2207,.T.);
#2472=FACE_BOUND('',#2208,.T.);
#2473=FACE_BOUND('',#2209,.T.);
#2474=FACE_BOUND('',#2210,.T.);
#2475=FACE_BOUND('',#2211,.T.);
#2476=FACE_BOUND('',#2212,.T.);
#2477=FACE_BOUND('',#2213,.T.);
#2478=FACE_BOUND('',#2214,.T.);
#2479=FACE_BOUND('',#2215,.T.);
#2480=FACE_BOUND('',#2216,.T.);
#2481=FACE_BOUND('',#2217,.T.);
#2482=FACE_BOUND('',#2218,.T.);
#2483=FACE_BOUND('',#2219,.T.);
#2484=FACE_BOUND('',#2220,.T.);
#2485=FACE_BOUND('',#2221,.T.);
#2486=FACE_BOUND('',#2222,.T.);
#2487=FACE_BOUND('',#2223,.T.);
#2488=FACE_BOUND('',#2224,.T.);
#2489=FACE_BOUND('',#2225,.T.);
#2490=FACE_BOUND('',#2226,.T.);
#2491=FACE_BOUND('',#2227,.T.);
#2492=FACE_BOUND('',#2228,.T.);
#2493=FACE_BOUND('',#2229,.T.);
#2494=FACE_BOUND('',#2230,.T.);
#2495=FACE_BOUND('',#2231,.T.);
#2496=FACE_BOUND('',#2232,.T.);
#2497=FACE_BOUND('',#2233,.T.);
#2498=FACE_BOUND('',#2234,.T.);
#2499=FACE_BOUND('',#2235,.T.);
#2500=FACE_BOUND('',#2236,.T.);
#2501=FACE_BOUND('',#2237,.T.);
#2502=FACE_BOUND('',#2238,.T.);
#2503=FACE_BOUND('',#2239,.T.);
#2504=FACE_BOUND('',#2240,.T.);
#2505=FACE_BOUND('',#2241,.T.);
#2506=FACE_BOUND('',#2242,.T.);
#2507=FACE_BOUND('',#2243,.T.);
#2508=FACE_BOUND('',#2244,.T.);
#2509=FACE_BOUND('',#2245,.T.);
#2510=FACE_BOUND('',#2246,.T.);
#2511=FACE_BOUND('',#2247,.T.);
#2512=FACE_BOUND('',#2248,.T.);
#2513=FACE_BOUND('',#2249,.T.);
#2514=FACE_BOUND('',#2250,.T.);
#2515=FACE_BOUND('',#2251,.T.);
#2516=FACE_BOUND('',#2252,.T.);
#2517=FACE_BOUND('',#2253,.T.);
#2518=FACE_BOUND('',#2254,.T.);
#2519=FACE_BOUND('',#2255,.T.);
#2520=FACE_BOUND('',#2256,.T.);
#2521=FACE_BOUND('',#2257,.T.);
#2522=FACE_BOUND('',#2258,.T.);
#2523=FACE_BOUND('',#2259,.T.);
#2524=FACE_BOUND('',#2260,.T.);
#2525=FACE_BOUND('',#2261,.T.);
#2526=FACE_BOUND('',#2262,.T.);
#2527=FACE_BOUND('',#2263,.T.);
#2528=FACE_BOUND('',#2264,.T.);
#2529=FACE_BOUND('',#2265,.T.);
#2530=FACE_BOUND('',#2266,.T.);
#2531=FACE_BOUND('',#2267,.T.);
#2532=FACE_BOUND('',#2268,.T.);
#2533=FACE_BOUND('',#2269,.T.);
#2534=FACE_BOUND('',#2270,.T.);
#2535=FACE_BOUND('',#2271,.T.);
#2536=FACE_BOUND('',#2272,.T.);
#2537=FACE_BOUND('',#2273,.T.);
#2538=FACE_BOUND('',#2274,.T.);
#2539=FACE_BOUND('',#2275,.T.);
#2540=FACE_BOUND('',#2276,.T.);
#2541=FACE_BOUND('',#2277,.T.);
#2542=FACE_BOUND('',#2278,.T.);
#2543=FACE_BOUND('',#2279,.T.);
#2544=FACE_BOUND('',#2280,.T.);
#2545=FACE_BOUND('',#2281,.T.);
#2546=FACE_BOUND('',#2282,.T.);
#2547=FACE_BOUND('',#2283,.T.);
#2548=FACE_BOUND('',#2284,.T.);
#2549=FACE_BOUND('',#2285,.T.);
#2550=FACE_BOUND('',#2286,.T.);
#2551=FACE_BOUND('',#2287,.T.);
#2552=FACE_BOUND('',#2288,.T.);
#2553=FACE_BOUND('',#2289,.T.);
#2554=FACE_BOUND('',#2290,.T.);
#2555=FACE_BOUND('',#2291,.T.);
#2556=FACE_BOUND('',#2292,.T.);
#2557=FACE_BOUND('',#2293,.T.);
#2558=FACE_BOUND('',#2294,.T.);
#2559=FACE_BOUND('',#2295,.T.);
#2560=FACE_BOUND('',#2296,.T.);
#2561=FACE_BOUND('',#2297,.T.);
#2562=FACE_BOUND('',#2298,.T.);
#2563=FACE_BOUND('',#2299,.T.);
#2564=FACE_BOUND('',#2300,.T.);
#2565=FACE_BOUND('',#2301,.T.);
#2566=FACE_BOUND('',#2302,.T.);
#2567=FACE_BOUND('',#2303,.T.);
#2568=FACE_BOUND('',#2304,.T.);
#2569=FACE_BOUND('',#2305,.T.);
#2570=FACE_BOUND('',#2306,.T.);
#2571=FACE_BOUND('',#2307,.T.);
#2572=FACE_BOUND('',#2308,.T.);
#2573=FACE_BOUND('',#2309,.T.);
#2574=FACE_BOUND('',#2310,.T.);
#2575=FACE_BOUND('',#2311,.T.);
#2576=FACE_BOUND('',#2312,.T.);
#2577=FACE_BOUND('',#2313,.T.);
#2578=FACE_BOUND('',#2314,.T.);
#2579=FACE_BOUND('',#2315,.T.);
#2580=FACE_BOUND('',#2316,.T.);
#2581=FACE_BOUND('',#2317,.T.);
#2582=FACE_BOUND('',#2318,.T.);
#2583=FACE_BOUND('',#2319,.T.);
#2584=FACE_BOUND('',#2320,.T.);
#2585=FACE_BOUND('',#2321,.T.);
#2586=FACE_BOUND('',#2322,.T.);
#2587=FACE_BOUND('',#2323,.T.);
#2588=FACE_BOUND('',#2324,.T.);
#2589=FACE_BOUND('',#2325,.T.);
#2590=FACE_BOUND('',#2326,.T.);
#2591=FACE_BOUND('',#2327,.T.);
#2592=FACE_BOUND('',#2328,.T.);
#2593=PLANE('',#3126);
#2594=PLANE('',#3127);
#2595=PLANE('',#3128);
#2596=PLANE('',#3129);
#2597=PLANE('',#3130);
#2598=PLANE('',#3139);
#2599=PLANE('',#3157);
#2600=PLANE('',#3158);
#2601=PLANE('',#3159);
#2602=PLANE('',#3160);
#2603=PLANE('',#3161);
#2604=PLANE('',#3165);
#2605=PLANE('',#3166);
#2606=PLANE('',#3167);
#2607=PLANE('',#3169);
#2608=PLANE('',#3173);
#2609=PLANE('',#3177);
#2610=PLANE('',#3179);
#2611=PLANE('',#3180);
#2612=PLANE('',#3181);
#2613=PLANE('',#3191);
#2614=PLANE('',#3192);
#2615=PLANE('',#3193);
#2616=PLANE('',#3198);
#2617=PLANE('',#3200);
#2618=PLANE('',#3204);
#2619=PLANE('',#3206);
#2620=PLANE('',#3207);
#2621=PLANE('',#3209);
#2622=PLANE('',#3210);
#2623=PLANE('',#3212);
#2624=PLANE('',#3217);
#2625=PLANE('',#3218);
#2626=PLANE('',#3219);
#2627=PLANE('',#3220);
#2628=PLANE('',#3221);
#2629=PLANE('',#3226);
#2630=PLANE('',#3236);
#2631=PLANE('',#3237);
#2632=PLANE('',#3238);
#2633=PLANE('',#3239);
#2634=PLANE('',#3240);
#2635=PLANE('',#3242);
#2636=PLANE('',#3244);
#2637=PLANE('',#3245);
#2638=PLANE('',#3246);
#2639=PLANE('',#3248);
#2640=PLANE('',#3252);
#2641=PLANE('',#3254);
#2642=PLANE('',#3255);
#2643=PLANE('',#3256);
#2644=PLANE('',#3257);
#2645=PLANE('',#3258);
#2646=PLANE('',#3260);
#2647=PLANE('',#3266);
#2648=PLANE('',#3268);
#2649=PLANE('',#3272);
#2650=PLANE('',#3276);
#2651=PLANE('',#3277);
#2652=PLANE('',#3278);
#2653=PLANE('',#3279);
#2654=PLANE('',#3280);
#2655=PLANE('',#3281);
#2656=PLANE('',#3282);
#2657=PLANE('',#3284);
#2658=PLANE('',#3285);
#2659=PLANE('',#3286);
#2660=PLANE('',#3287);
#2661=PLANE('',#3288);
#2662=PLANE('',#3290);
#2663=PLANE('',#3293);
#2664=PLANE('',#3298);
#2665=PLANE('',#3299);
#2666=PLANE('',#3300);
#2667=PLANE('',#3302);
#2668=PLANE('',#3303);
#2669=PLANE('',#3304);
#2670=PLANE('',#3305);
#2671=PLANE('',#3306);
#2672=PLANE('',#3308);
#2673=PLANE('',#3318);
#2674=PLANE('',#3319);
#2675=PLANE('',#3321);
#2676=PLANE('',#3322);
#2677=PLANE('',#3323);
#2678=PLANE('',#3324);
#2679=PLANE('',#3325);
#2680=PLANE('',#3326);
#2681=PLANE('',#3327);
#2682=PLANE('',#3328);
#2683=PLANE('',#3329);
#2684=PLANE('',#3330);
#2685=PLANE('',#3331);
#2686=PLANE('',#3332);
#2687=PLANE('',#3333);
#2688=PLANE('',#3334);
#2689=PLANE('',#3335);
#2690=PLANE('',#3336);
#2691=PLANE('',#3337);
#2692=PLANE('',#3338);
#2693=PLANE('',#3339);
#2694=PLANE('',#3340);
#2695=PLANE('',#3341);
#2696=PLANE('',#3342);
#2697=PLANE('',#3343);
#2698=PLANE('',#3344);
#2699=PLANE('',#3345);
#2700=PLANE('',#3347);
#2701=PLANE('',#3351);
#2702=PLANE('',#3352);
#2703=PLANE('',#3353);
#2704=PLANE('',#3354);
#2705=PLANE('',#3355);
#2706=PLANE('',#3359);
#2707=PLANE('',#3373);
#2708=PLANE('',#3374);
#2709=PLANE('',#3376);
#2710=PLANE('',#3377);
#2711=PLANE('',#3378);
#2712=PLANE('',#3379);
#2713=PLANE('',#3380);
#2714=PLANE('',#3382);
#2715=PLANE('',#3385);
#2716=PLANE('',#3393);
#2717=PLANE('',#3394);
#2718=PLANE('',#3396);
#2719=PLANE('',#3397);
#2720=PLANE('',#3398);
#2721=PLANE('',#3399);
#2722=PLANE('',#3400);
#2723=PLANE('',#3402);
#2724=PLANE('',#3404);
#2725=PLANE('',#3405);
#2726=ADVANCED_FACE('',(#2329),#2593,.T.);
#2727=ADVANCED_FACE('',(#2330),#2594,.F.);
#2728=ADVANCED_FACE('',(#2331),#2595,.F.);
#2729=ADVANCED_FACE('',(#2332),#2596,.T.);
#2730=ADVANCED_FACE('',(#2333,#2334,#2335,#2336,#2337),#2597,.T.);
#2731=ADVANCED_FACE('',(#2338,#2339,#2340,#2341,#2342),#2598,.F.);
#2732=ADVANCED_FACE('',(#2343,#2344),#58,.F.);
#2733=ADVANCED_FACE('',(#2345,#2346),#59,.F.);
#2734=ADVANCED_FACE('',(#2347,#2348),#60,.F.);
#2735=ADVANCED_FACE('',(#2349,#2350),#61,.F.);
#2736=ADVANCED_FACE('',(#2351),#62,.T.);
#2737=ADVANCED_FACE('',(#2352),#63,.T.);
#2738=ADVANCED_FACE('',(#2353),#64,.T.);
#2739=ADVANCED_FACE('',(#2354),#65,.T.);
#2740=ADVANCED_FACE('',(#2355),#2599,.F.);
#2741=ADVANCED_FACE('',(#2356),#2600,.F.);
#2742=ADVANCED_FACE('',(#2357),#2601,.F.);
#2743=ADVANCED_FACE('',(#2358),#2602,.F.);
#2744=ADVANCED_FACE('',(#2359),#2603,.F.);
#2745=ADVANCED_FACE('',(#2360,#2361),#66,.F.);
#2746=ADVANCED_FACE('',(#2362),#2604,.F.);
#2747=ADVANCED_FACE('',(#2363,#2364),#2605,.T.);
#2748=ADVANCED_FACE('',(#2365,#2366),#2606,.F.);
#2749=ADVANCED_FACE('',(#2367),#2607,.T.);
#2750=ADVANCED_FACE('',(#2368,#2369),#67,.T.);
#2751=ADVANCED_FACE('',(#2370,#2371),#2608,.T.);
#2752=ADVANCED_FACE('',(#2372,#2373),#68,.T.);
#2753=ADVANCED_FACE('',(#2374),#2609,.T.);
#2754=ADVANCED_FACE('',(#2375),#2610,.T.);
#2755=ADVANCED_FACE('',(#2376),#2611,.F.);
#2756=ADVANCED_FACE('',(#2377),#2612,.F.);
#2757=ADVANCED_FACE('',(#2378,#2379),#69,.F.);
#2758=ADVANCED_FACE('',(#2380,#2381),#70,.F.);
#2759=ADVANCED_FACE('',(#2382,#2383),#71,.F.);
#2760=ADVANCED_FACE('',(#2384),#2613,.T.);
#2761=ADVANCED_FACE('',(#2385,#2386,#2387,#2388),#2614,.T.);
#2762=ADVANCED_FACE('',(#2389,#2390,#2391,#2392),#2615,.F.);
#2763=ADVANCED_FACE('',(#2393,#2394),#72,.T.);
#2764=ADVANCED_FACE('',(#2395,#2396),#2616,.T.);
#2765=ADVANCED_FACE('',(#2397,#2398),#2617,.F.);
#2766=ADVANCED_FACE('',(#2399,#2400),#73,.F.);
#2767=ADVANCED_FACE('',(#2401,#2402),#2618,.T.);
#2768=ADVANCED_FACE('',(#2403),#2619,.F.);
#2769=ADVANCED_FACE('',(#2404,#2405),#2620,.F.);
#2770=ADVANCED_FACE('',(#2406),#2621,.T.);
#2771=ADVANCED_FACE('',(#2407,#2408),#2622,.T.);
#2772=ADVANCED_FACE('',(#2409,#2410),#2623,.F.);
#2773=ADVANCED_FACE('',(#2411,#2412),#74,.F.);
#2774=ADVANCED_FACE('',(#2413,#2414),#75,.F.);
#2775=ADVANCED_FACE('',(#2415),#2624,.T.);
#2776=ADVANCED_FACE('',(#2416),#2625,.F.);
#2777=ADVANCED_FACE('',(#2417),#2626,.F.);
#2778=ADVANCED_FACE('',(#2418),#2627,.T.);
#2779=ADVANCED_FACE('',(#2419,#2420,#2421,#2422,#2423),#2628,.T.);
#2780=ADVANCED_FACE('',(#2424,#2425,#2426,#2427,#2428),#2629,.F.);
#2781=ADVANCED_FACE('',(#2429,#2430),#76,.F.);
#2782=ADVANCED_FACE('',(#2431,#2432),#77,.F.);
#2783=ADVANCED_FACE('',(#2433,#2434),#78,.F.);
#2784=ADVANCED_FACE('',(#2435,#2436),#79,.F.);
#2785=ADVANCED_FACE('',(#2437),#2630,.T.);
#2786=ADVANCED_FACE('',(#2438,#2439),#2631,.F.);
#2787=ADVANCED_FACE('',(#2440),#2632,.F.);
#2788=ADVANCED_FACE('',(#2441),#2633,.T.);
#2789=ADVANCED_FACE('',(#2442,#2443),#2634,.T.);
#2790=ADVANCED_FACE('',(#2444,#2445),#2635,.F.);
#2791=ADVANCED_FACE('',(#2446),#2636,.F.);
#2792=ADVANCED_FACE('',(#2447),#2637,.T.);
#2793=ADVANCED_FACE('',(#2448,#2449),#2638,.F.);
#2794=ADVANCED_FACE('',(#2450,#2451),#2639,.T.);
#2795=ADVANCED_FACE('',(#2452,#2453),#80,.F.);
#2796=ADVANCED_FACE('',(#2454,#2455),#81,.F.);
#2797=ADVANCED_FACE('',(#2456),#2640,.F.);
#2798=ADVANCED_FACE('',(#2457),#2641,.T.);
#2799=ADVANCED_FACE('',(#2458),#2642,.F.);
#2800=ADVANCED_FACE('',(#2459),#2643,.F.);
#2801=ADVANCED_FACE('',(#2460),#2644,.T.);
#2802=ADVANCED_FACE('',(#2461,#2462),#2645,.T.);
#2803=ADVANCED_FACE('',(#2463,#2464),#2646,.F.);
#2804=ADVANCED_FACE('',(#2465,#2466),#82,.F.);
#2805=ADVANCED_FACE('',(#2467,#2468),#83,.F.);
#2806=ADVANCED_FACE('',(#2469,#2470),#2647,.T.);
#2807=ADVANCED_FACE('',(#2471,#2472),#2648,.T.);
#2808=ADVANCED_FACE('',(#2473,#2474),#84,.T.);
#2809=ADVANCED_FACE('',(#2475,#2476),#2649,.F.);
#2810=ADVANCED_FACE('',(#2477,#2478),#85,.F.);
#2811=ADVANCED_FACE('',(#2479),#2650,.T.);
#2812=ADVANCED_FACE('',(#2480),#2651,.T.);
#2813=ADVANCED_FACE('',(#2481),#2652,.T.);
#2814=ADVANCED_FACE('',(#2482),#2653,.T.);
#2815=ADVANCED_FACE('',(#2483),#2654,.T.);
#2816=ADVANCED_FACE('',(#2484),#2655,.T.);
#2817=ADVANCED_FACE('',(#2485,#2486),#2656,.T.);
#2818=ADVANCED_FACE('',(#2487),#2657,.T.);
#2819=ADVANCED_FACE('',(#2488),#2658,.F.);
#2820=ADVANCED_FACE('',(#2489),#2659,.F.);
#2821=ADVANCED_FACE('',(#2490),#2660,.T.);
#2822=ADVANCED_FACE('',(#2491,#2492),#2661,.T.);
#2823=ADVANCED_FACE('',(#2493),#2662,.F.);
#2824=ADVANCED_FACE('',(#2494,#2495),#86,.T.);
#2825=ADVANCED_FACE('',(#2496),#2663,.T.);
#2826=ADVANCED_FACE('',(#2497),#87,.T.);
#2827=ADVANCED_FACE('',(#2498),#2664,.F.);
#2828=ADVANCED_FACE('',(#2499),#2665,.T.);
#2829=ADVANCED_FACE('',(#2500),#2666,.F.);
#2830=ADVANCED_FACE('',(#2501),#2667,.T.);
#2831=ADVANCED_FACE('',(#2502),#2668,.F.);
#2832=ADVANCED_FACE('',(#2503),#2669,.F.);
#2833=ADVANCED_FACE('',(#2504),#2670,.T.);
#2834=ADVANCED_FACE('',(#2505,#2506),#2671,.T.);
#2835=ADVANCED_FACE('',(#2507,#2508),#2672,.F.);
#2836=ADVANCED_FACE('',(#2509,#2510),#88,.F.);
#2837=ADVANCED_FACE('',(#2511),#89,.F.);
#2838=ADVANCED_FACE('',(#2512),#90,.T.);
#2839=ADVANCED_FACE('',(#2513),#2673,.T.);
#2840=ADVANCED_FACE('',(#2514),#2674,.F.);
#2841=ADVANCED_FACE('',(#2515),#2675,.F.);
#2842=ADVANCED_FACE('',(#2516),#2676,.F.);
#2843=ADVANCED_FACE('',(#2517),#2677,.F.);
#2844=ADVANCED_FACE('',(#2518),#2678,.F.);
#2845=ADVANCED_FACE('',(#2519),#2679,.F.);
#2846=ADVANCED_FACE('',(#2520),#2680,.F.);
#2847=ADVANCED_FACE('',(#2521),#2681,.F.);
#2848=ADVANCED_FACE('',(#2522),#2682,.F.);
#2849=ADVANCED_FACE('',(#2523),#2683,.F.);
#2850=ADVANCED_FACE('',(#2524),#2684,.F.);
#2851=ADVANCED_FACE('',(#2525),#2685,.F.);
#2852=ADVANCED_FACE('',(#2526),#2686,.F.);
#2853=ADVANCED_FACE('',(#2527),#2687,.F.);
#2854=ADVANCED_FACE('',(#2528),#2688,.F.);
#2855=ADVANCED_FACE('',(#2529),#2689,.F.);
#2856=ADVANCED_FACE('',(#2530),#2690,.F.);
#2857=ADVANCED_FACE('',(#2531),#2691,.F.);
#2858=ADVANCED_FACE('',(#2532),#2692,.F.);
#2859=ADVANCED_FACE('',(#2533),#2693,.F.);
#2860=ADVANCED_FACE('',(#2534),#2694,.F.);
#2861=ADVANCED_FACE('',(#2535),#2695,.F.);
#2862=ADVANCED_FACE('',(#2536),#2696,.F.);
#2863=ADVANCED_FACE('',(#2537),#2697,.F.);
#2864=ADVANCED_FACE('',(#2538),#2698,.F.);
#2865=ADVANCED_FACE('',(#2539,#2540),#2699,.T.);
#2866=ADVANCED_FACE('',(#2541,#2542),#2700,.F.);
#2867=ADVANCED_FACE('',(#2543,#2544),#91,.F.);
#2868=ADVANCED_FACE('',(#2545),#2701,.T.);
#2869=ADVANCED_FACE('',(#2546),#2702,.F.);
#2870=ADVANCED_FACE('',(#2547),#2703,.F.);
#2871=ADVANCED_FACE('',(#2548),#2704,.T.);
#2872=ADVANCED_FACE('',(#2549,#2550,#2551,#2552),#2705,.T.);
#2873=ADVANCED_FACE('',(#2553,#2554,#2555,#2556),#2706,.F.);
#2874=ADVANCED_FACE('',(#2557,#2558),#92,.F.);
#2875=ADVANCED_FACE('',(#2559,#2560),#93,.F.);
#2876=ADVANCED_FACE('',(#2561,#2562),#94,.F.);
#2877=ADVANCED_FACE('',(#2563),#95,.T.);
#2878=ADVANCED_FACE('',(#2564),#96,.T.);
#2879=ADVANCED_FACE('',(#2565),#2707,.T.);
#2880=ADVANCED_FACE('',(#2566),#2708,.F.);
#2881=ADVANCED_FACE('',(#2567),#2709,.T.);
#2882=ADVANCED_FACE('',(#2568),#2710,.F.);
#2883=ADVANCED_FACE('',(#2569),#2711,.F.);
#2884=ADVANCED_FACE('',(#2570),#2712,.T.);
#2885=ADVANCED_FACE('',(#2571,#2572),#2713,.T.);
#2886=ADVANCED_FACE('',(#2573),#2714,.F.);
#2887=ADVANCED_FACE('',(#2574,#2575),#97,.F.);
#2888=ADVANCED_FACE('',(#2576),#2715,.T.);
#2889=ADVANCED_FACE('',(#2577),#98,.F.);
#2890=ADVANCED_FACE('',(#2578),#99,.T.);
#2891=ADVANCED_FACE('',(#2579),#2716,.T.);
#2892=ADVANCED_FACE('',(#2580),#2717,.F.);
#2893=ADVANCED_FACE('',(#2581),#2718,.T.);
#2894=ADVANCED_FACE('',(#2582),#2719,.F.);
#2895=ADVANCED_FACE('',(#2583),#2720,.F.);
#2896=ADVANCED_FACE('',(#2584),#2721,.T.);
#2897=ADVANCED_FACE('',(#2585,#2586),#2722,.T.);
#2898=ADVANCED_FACE('',(#2587,#2588),#2723,.F.);
#2899=ADVANCED_FACE('',(#2589),#2724,.F.);
#2900=ADVANCED_FACE('',(#2590),#2725,.T.);
#2901=ADVANCED_FACE('',(#2591,#2592),#100,.F.);
#2902=CLOSED_SHELL('',(#2726,#2727,#2728,#2729,#2730,#2731,#2732,#2733,
#2734,#2735,#2736,#2737,#2738,#2739));
#2903=CLOSED_SHELL('',(#2740,#2741,#2742,#2743,#2744,#2745,#2746,#2747,
#2748));
#2904=CLOSED_SHELL('',(#2749,#2750,#2751,#2752,#2753));
#2905=CLOSED_SHELL('',(#2754,#2755,#2756,#2757,#2758,#2759,#2760,#2761,
#2762));
#2906=CLOSED_SHELL('',(#2763,#2764,#2765,#2766));
#2907=CLOSED_SHELL('',(#2767,#2768,#2769,#2770,#2771,#2772,#2773,#2774));
#2908=CLOSED_SHELL('',(#2775,#2776,#2777,#2778,#2779,#2780,#2781,#2782,
#2783,#2784));
#2909=CLOSED_SHELL('',(#2785,#2786,#2787,#2788,#2789,#2790,#2791,#2792,
#2793,#2794,#2795,#2796,#2797));
#2910=CLOSED_SHELL('',(#2798,#2799,#2800,#2801,#2802,#2803,#2804,#2805,
#2806));
#2911=CLOSED_SHELL('',(#2807,#2808,#2809,#2810,#2811,#2812,#2813,#2814,
#2815,#2816,#2817));
#2912=CLOSED_SHELL('',(#2818,#2819,#2820,#2821,#2822,#2823,#2824,#2825));
#2913=CLOSED_SHELL('',(#2826,#2827,#2828,#2829));
#2914=CLOSED_SHELL('',(#2830,#2831,#2832,#2833,#2834,#2835,#2836));
#2915=CLOSED_SHELL('',(#2837,#2838,#2839,#2840));
#2916=CLOSED_SHELL('',(#2841,#2842,#2843,#2844,#2845,#2846,#2847,#2848,
#2849,#2850,#2851,#2852,#2853,#2854,#2855,#2856,#2857,#2858,#2859,#2860,
#2861,#2862,#2863,#2864,#2865,#2866,#2867));
#2917=CLOSED_SHELL('',(#2868,#2869,#2870,#2871,#2872,#2873,#2874,#2875,
#2876));
#2918=CLOSED_SHELL('',(#2877,#2878,#2879,#2880));
#2919=CLOSED_SHELL('',(#2881,#2882,#2883,#2884,#2885,#2886,#2887,#2888));
#2920=CLOSED_SHELL('',(#2889,#2890,#2891,#2892));
#2921=CLOSED_SHELL('',(#2893,#2894,#2895,#2896,#2897,#2898,#2899,#2900,
#2901));
#2922=STYLED_ITEM('',(#2942),#3065);
#2923=STYLED_ITEM('',(#2943),#3066);
#2924=STYLED_ITEM('',(#2944),#3067);
#2925=STYLED_ITEM('',(#2945),#3068);
#2926=STYLED_ITEM('',(#2946),#3069);
#2927=STYLED_ITEM('',(#2947),#3070);
#2928=STYLED_ITEM('',(#2948),#3071);
#2929=STYLED_ITEM('',(#2949),#3072);
#2930=STYLED_ITEM('',(#2950),#3073);
#2931=STYLED_ITEM('',(#2951),#3074);
#2932=STYLED_ITEM('',(#2952),#3075);
#2933=STYLED_ITEM('',(#2953),#3076);
#2934=STYLED_ITEM('',(#2954),#3077);
#2935=STYLED_ITEM('',(#2955),#3078);
#2936=STYLED_ITEM('',(#2956),#3079);
#2937=STYLED_ITEM('',(#2957),#3080);
#2938=STYLED_ITEM('',(#2958),#3081);
#2939=STYLED_ITEM('',(#2959),#3082);
#2940=STYLED_ITEM('',(#2960),#3083);
#2941=STYLED_ITEM('',(#2961),#3084);
#2942=PRESENTATION_STYLE_ASSIGNMENT((#2962));
#2943=PRESENTATION_STYLE_ASSIGNMENT((#2963));
#2944=PRESENTATION_STYLE_ASSIGNMENT((#2964));
#2945=PRESENTATION_STYLE_ASSIGNMENT((#2965));
#2946=PRESENTATION_STYLE_ASSIGNMENT((#2966));
#2947=PRESENTATION_STYLE_ASSIGNMENT((#2967));
#2948=PRESENTATION_STYLE_ASSIGNMENT((#2968));
#2949=PRESENTATION_STYLE_ASSIGNMENT((#2969));
#2950=PRESENTATION_STYLE_ASSIGNMENT((#2970));
#2951=PRESENTATION_STYLE_ASSIGNMENT((#2971));
#2952=PRESENTATION_STYLE_ASSIGNMENT((#2972));
#2953=PRESENTATION_STYLE_ASSIGNMENT((#2973));
#2954=PRESENTATION_STYLE_ASSIGNMENT((#2974));
#2955=PRESENTATION_STYLE_ASSIGNMENT((#2975));
#2956=PRESENTATION_STYLE_ASSIGNMENT((#2976));
#2957=PRESENTATION_STYLE_ASSIGNMENT((#2977));
#2958=PRESENTATION_STYLE_ASSIGNMENT((#2978));
#2959=PRESENTATION_STYLE_ASSIGNMENT((#2979));
#2960=PRESENTATION_STYLE_ASSIGNMENT((#2980));
#2961=PRESENTATION_STYLE_ASSIGNMENT((#2981));
#2962=SURFACE_STYLE_USAGE(.BOTH.,#2982);
#2963=SURFACE_STYLE_USAGE(.BOTH.,#2983);
#2964=SURFACE_STYLE_USAGE(.BOTH.,#2984);
#2965=SURFACE_STYLE_USAGE(.BOTH.,#2985);
#2966=SURFACE_STYLE_USAGE(.BOTH.,#2986);
#2967=SURFACE_STYLE_USAGE(.BOTH.,#2987);
#2968=SURFACE_STYLE_USAGE(.BOTH.,#2988);
#2969=SURFACE_STYLE_USAGE(.BOTH.,#2989);
#2970=SURFACE_STYLE_USAGE(.BOTH.,#2990);
#2971=SURFACE_STYLE_USAGE(.BOTH.,#2991);
#2972=SURFACE_STYLE_USAGE(.BOTH.,#2992);
#2973=SURFACE_STYLE_USAGE(.BOTH.,#2993);
#2974=SURFACE_STYLE_USAGE(.BOTH.,#2994);
#2975=SURFACE_STYLE_USAGE(.BOTH.,#2995);
#2976=SURFACE_STYLE_USAGE(.BOTH.,#2996);
#2977=SURFACE_STYLE_USAGE(.BOTH.,#2997);
#2978=SURFACE_STYLE_USAGE(.BOTH.,#2998);
#2979=SURFACE_STYLE_USAGE(.BOTH.,#2999);
#2980=SURFACE_STYLE_USAGE(.BOTH.,#3000);
#2981=SURFACE_STYLE_USAGE(.BOTH.,#3001);
#2982=SURFACE_SIDE_STYLE('',(#3002));
#2983=SURFACE_SIDE_STYLE('',(#3003));
#2984=SURFACE_SIDE_STYLE('',(#3004));
#2985=SURFACE_SIDE_STYLE('',(#3005));
#2986=SURFACE_SIDE_STYLE('',(#3006));
#2987=SURFACE_SIDE_STYLE('',(#3007));
#2988=SURFACE_SIDE_STYLE('',(#3008));
#2989=SURFACE_SIDE_STYLE('',(#3009));
#2990=SURFACE_SIDE_STYLE('',(#3010));
#2991=SURFACE_SIDE_STYLE('',(#3011));
#2992=SURFACE_SIDE_STYLE('',(#3012));
#2993=SURFACE_SIDE_STYLE('',(#3013));
#2994=SURFACE_SIDE_STYLE('',(#3014));
#2995=SURFACE_SIDE_STYLE('',(#3015));
#2996=SURFACE_SIDE_STYLE('',(#3016));
#2997=SURFACE_SIDE_STYLE('',(#3017));
#2998=SURFACE_SIDE_STYLE('',(#3018));
#2999=SURFACE_SIDE_STYLE('',(#3019));
#3000=SURFACE_SIDE_STYLE('',(#3020));
#3001=SURFACE_SIDE_STYLE('',(#3021));
#3002=SURFACE_STYLE_FILL_AREA(#3022);
#3003=SURFACE_STYLE_FILL_AREA(#3023);
#3004=SURFACE_STYLE_FILL_AREA(#3024);
#3005=SURFACE_STYLE_FILL_AREA(#3025);
#3006=SURFACE_STYLE_FILL_AREA(#3026);
#3007=SURFACE_STYLE_FILL_AREA(#3027);
#3008=SURFACE_STYLE_FILL_AREA(#3028);
#3009=SURFACE_STYLE_FILL_AREA(#3029);
#3010=SURFACE_STYLE_FILL_AREA(#3030);
#3011=SURFACE_STYLE_FILL_AREA(#3031);
#3012=SURFACE_STYLE_FILL_AREA(#3032);
#3013=SURFACE_STYLE_FILL_AREA(#3033);
#3014=SURFACE_STYLE_FILL_AREA(#3034);
#3015=SURFACE_STYLE_FILL_AREA(#3035);
#3016=SURFACE_STYLE_FILL_AREA(#3036);
#3017=SURFACE_STYLE_FILL_AREA(#3037);
#3018=SURFACE_STYLE_FILL_AREA(#3038);
#3019=SURFACE_STYLE_FILL_AREA(#3039);
#3020=SURFACE_STYLE_FILL_AREA(#3040);
#3021=SURFACE_STYLE_FILL_AREA(#3041);
#3022=FILL_AREA_STYLE('',(#3042));
#3023=FILL_AREA_STYLE('',(#3043));
#3024=FILL_AREA_STYLE('',(#3044));
#3025=FILL_AREA_STYLE('',(#3045));
#3026=FILL_AREA_STYLE('',(#3046));
#3027=FILL_AREA_STYLE('',(#3047));
#3028=FILL_AREA_STYLE('',(#3048));
#3029=FILL_AREA_STYLE('',(#3049));
#3030=FILL_AREA_STYLE('',(#3050));
#3031=FILL_AREA_STYLE('',(#3051));
#3032=FILL_AREA_STYLE('',(#3052));
#3033=FILL_AREA_STYLE('',(#3053));
#3034=FILL_AREA_STYLE('',(#3054));
#3035=FILL_AREA_STYLE('',(#3055));
#3036=FILL_AREA_STYLE('',(#3056));
#3037=FILL_AREA_STYLE('',(#3057));
#3038=FILL_AREA_STYLE('',(#3058));
#3039=FILL_AREA_STYLE('',(#3059));
#3040=FILL_AREA_STYLE('',(#3060));
#3041=FILL_AREA_STYLE('',(#3061));
#3042=FILL_AREA_STYLE_COLOUR('',#3062);
#3043=FILL_AREA_STYLE_COLOUR('',#3063);
#3044=FILL_AREA_STYLE_COLOUR('',#3062);
#3045=FILL_AREA_STYLE_COLOUR('',#3063);
#3046=FILL_AREA_STYLE_COLOUR('',#3064);
#3047=FILL_AREA_STYLE_COLOUR('',#3064);
#3048=FILL_AREA_STYLE_COLOUR('',#3062);
#3049=FILL_AREA_STYLE_COLOUR('',#3064);
#3050=FILL_AREA_STYLE_COLOUR('',#3064);
#3051=FILL_AREA_STYLE_COLOUR('',#3064);
#3052=FILL_AREA_STYLE_COLOUR('',#3064);
#3053=FILL_AREA_STYLE_COLOUR('',#3063);
#3054=FILL_AREA_STYLE_COLOUR('',#3064);
#3055=FILL_AREA_STYLE_COLOUR('',#3063);
#3056=FILL_AREA_STYLE_COLOUR('',#3064);
#3057=FILL_AREA_STYLE_COLOUR('',#3064);
#3058=FILL_AREA_STYLE_COLOUR('',#3063);
#3059=FILL_AREA_STYLE_COLOUR('',#3064);
#3060=FILL_AREA_STYLE_COLOUR('',#3063);
#3061=FILL_AREA_STYLE_COLOUR('',#3064);
#3062=COLOUR_RGB('',0.231372549019608,0.380392156862745,0.705882352941177);
#3063=COLOUR_RGB('',0.647058823529412,0.647058823529412,0.647058823529412);
#3064=COLOUR_RGB('',0.615686274509804,0.811764705882353,0.929411764705882);
#3065=MANIFOLD_SOLID_BREP('AC89_0_V4',#2902);
#3066=MANIFOLD_SOLID_BREP('AC95_0_V4',#2903);
#3067=MANIFOLD_SOLID_BREP('AC72_0_V4',#2904);
#3068=MANIFOLD_SOLID_BREP('AC57_0_V4',#2905);
#3069=MANIFOLD_SOLID_BREP('AC61_0_V4',#2906);
#3070=MANIFOLD_SOLID_BREP('AC64_0_V4',#2907);
#3071=MANIFOLD_SOLID_BREP('AC60_0_V4',#2908);
#3072=MANIFOLD_SOLID_BREP('AC68_0_V4',#2909);
#3073=MANIFOLD_SOLID_BREP('AC75_0_V4',#2910);
#3074=MANIFOLD_SOLID_BREP('AC62_0_V4',#2911);
#3075=MANIFOLD_SOLID_BREP('AC67_0_V4',#2912);
#3076=MANIFOLD_SOLID_BREP('AC53_0_V4',#2913);
#3077=MANIFOLD_SOLID_BREP('AC98_0_V4',#2914);
#3078=MANIFOLD_SOLID_BREP('AC52_2_V4',#2915);
#3079=MANIFOLD_SOLID_BREP('AC51_0_V4',#2916);
#3080=MANIFOLD_SOLID_BREP('AC71_0_V4',#2917);
#3081=MANIFOLD_SOLID_BREP('AC52_0_V4',#2918);
#3082=MANIFOLD_SOLID_BREP('AC63_0_V4',#2919);
#3083=MANIFOLD_SOLID_BREP('AC52_1_V4',#2920);
#3084=MANIFOLD_SOLID_BREP('AC65_0_V4',#2921);
#3085=SHAPE_DEFINITION_REPRESENTATION(#5177,#3105);
#3086=SHAPE_DEFINITION_REPRESENTATION(#5178,#3106);
#3087=SHAPE_DEFINITION_REPRESENTATION(#5179,#3107);
#3088=SHAPE_DEFINITION_REPRESENTATION(#5180,#3108);
#3089=SHAPE_DEFINITION_REPRESENTATION(#5181,#3109);
#3090=SHAPE_DEFINITION_REPRESENTATION(#5182,#3110);
#3091=SHAPE_DEFINITION_REPRESENTATION(#5183,#3111);
#3092=SHAPE_DEFINITION_REPRESENTATION(#5184,#3112);
#3093=SHAPE_DEFINITION_REPRESENTATION(#5185,#3113);
#3094=SHAPE_DEFINITION_REPRESENTATION(#5186,#3114);
#3095=SHAPE_DEFINITION_REPRESENTATION(#5187,#3115);
#3096=SHAPE_DEFINITION_REPRESENTATION(#5188,#3116);
#3097=SHAPE_DEFINITION_REPRESENTATION(#5189,#3117);
#3098=SHAPE_DEFINITION_REPRESENTATION(#5190,#3118);
#3099=SHAPE_DEFINITION_REPRESENTATION(#5191,#3119);
#3100=SHAPE_DEFINITION_REPRESENTATION(#5192,#3120);
#3101=SHAPE_DEFINITION_REPRESENTATION(#5193,#3121);
#3102=SHAPE_DEFINITION_REPRESENTATION(#5194,#3122);
#3103=SHAPE_DEFINITION_REPRESENTATION(#5195,#3123);
#3104=SHAPE_DEFINITION_REPRESENTATION(#5196,#3124);
#3105=SHAPE_REPRESENTATION('AC89_0_V4',(#3125),#5077);
#3106=SHAPE_REPRESENTATION('AC95_0_V4',(#3156),#5078);
#3107=SHAPE_REPRESENTATION('AC72_0_V4',(#3168),#5079);
#3108=SHAPE_REPRESENTATION('AC57_0_V4',(#3178),#5080);
#3109=SHAPE_REPRESENTATION('AC61_0_V4',(#3194),#5081);
#3110=SHAPE_REPRESENTATION('AC64_0_V4',(#3203),#5082);
#3111=SHAPE_REPRESENTATION('AC60_0_V4',(#3216),#5083);
#3112=SHAPE_REPRESENTATION('AC68_0_V4',(#3235),#5084);
#3113=SHAPE_REPRESENTATION('AC75_0_V4',(#3253),#5085);
#3114=SHAPE_REPRESENTATION('AC62_0_V4',(#3267),#5086);
#3115=SHAPE_REPRESENTATION('AC67_0_V4',(#3283),#5087);
#3116=SHAPE_REPRESENTATION('AC53_0_V4',(#3294),#5088);
#3117=SHAPE_REPRESENTATION('AC98_0_V4',(#3301),#5089);
#3118=SHAPE_REPRESENTATION('AC52_2_V4',(#3311),#5090);
#3119=SHAPE_REPRESENTATION('AC51_0_V4',(#3320),#5091);
#3120=SHAPE_REPRESENTATION('AC71_0_V4',(#3350),#5092);
#3121=SHAPE_REPRESENTATION('AC52_0_V4',(#3366),#5093);
#3122=SHAPE_REPRESENTATION('AC63_0_V4',(#3375),#5094);
#3123=SHAPE_REPRESENTATION('AC52_1_V4',(#3386),#5095);
#3124=SHAPE_REPRESENTATION('AC65_0_V4',(#3395),#5096);
#3125=AXIS2_PLACEMENT_3D('',#4243,#3407,#3408);
#3126=AXIS2_PLACEMENT_3D('',#4244,#3409,#3410);
#3127=AXIS2_PLACEMENT_3D('',#4253,#3415,#3416);
#3128=AXIS2_PLACEMENT_3D('',#4262,#3421,#3422);
#3129=AXIS2_PLACEMENT_3D('',#4271,#3427,#3428);
#3130=AXIS2_PLACEMENT_3D('',#4280,#3433,#3434);
#3131=AXIS2_PLACEMENT_3D('',#4281,#3435,#3436);
#3132=AXIS2_PLACEMENT_3D('',#4283,#3437,#3438);
#3133=AXIS2_PLACEMENT_3D('',#4285,#3439,#3440);
#3134=AXIS2_PLACEMENT_3D('',#4287,#3441,#3442);
#3135=AXIS2_PLACEMENT_3D('',#4289,#3443,#3444);
#3136=AXIS2_PLACEMENT_3D('',#4290,#3445,#3446);
#3137=AXIS2_PLACEMENT_3D('',#4291,#3447,#3448);
#3138=AXIS2_PLACEMENT_3D('',#4292,#3449,#3450);
#3139=AXIS2_PLACEMENT_3D('',#4293,#3451,#3452);
#3140=AXIS2_PLACEMENT_3D('',#4294,#3453,#3454);
#3141=AXIS2_PLACEMENT_3D('',#4296,#3455,#3456);
#3142=AXIS2_PLACEMENT_3D('',#4298,#3457,#3458);
#3143=AXIS2_PLACEMENT_3D('',#4300,#3459,#3460);
#3144=AXIS2_PLACEMENT_3D('',#4302,#3461,#3462);
#3145=AXIS2_PLACEMENT_3D('',#4303,#3463,#3464);
#3146=AXIS2_PLACEMENT_3D('',#4304,#3465,#3466);
#3147=AXIS2_PLACEMENT_3D('',#4305,#3467,#3468);
#3148=AXIS2_PLACEMENT_3D('',#4306,#3469,#3470);
#3149=AXIS2_PLACEMENT_3D('',#4307,#3471,#3472);
#3150=AXIS2_PLACEMENT_3D('',#4308,#3473,#3474);
#3151=AXIS2_PLACEMENT_3D('',#4309,#3475,#3476);
#3152=AXIS2_PLACEMENT_3D('',#4310,#3477,#3478);
#3153=AXIS2_PLACEMENT_3D('',#4311,#3479,#3480);
#3154=AXIS2_PLACEMENT_3D('',#4312,#3481,#3482);
#3155=AXIS2_PLACEMENT_3D('',#4313,#3483,#3484);
#3156=AXIS2_PLACEMENT_3D('',#4314,#3485,#3486);
#3157=AXIS2_PLACEMENT_3D('',#4315,#3487,#3488);
#3158=AXIS2_PLACEMENT_3D('',#4324,#3493,#3494);
#3159=AXIS2_PLACEMENT_3D('',#4330,#3498,#3499);
#3160=AXIS2_PLACEMENT_3D('',#4336,#3503,#3504);
#3161=AXIS2_PLACEMENT_3D('',#4342,#3508,#3509);
#3162=AXIS2_PLACEMENT_3D('',#4348,#3513,#3514);
#3163=AXIS2_PLACEMENT_3D('',#4349,#3515,#3516);
#3164=AXIS2_PLACEMENT_3D('',#4351,#3517,#3518);
#3165=AXIS2_PLACEMENT_3D('',#4353,#3519,#3520);
#3166=AXIS2_PLACEMENT_3D('',#4356,#3523,#3524);
#3167=AXIS2_PLACEMENT_3D('',#4357,#3525,#3526);
#3168=AXIS2_PLACEMENT_3D('',#4358,#3527,#3528);
#3169=AXIS2_PLACEMENT_3D('',#4359,#3529,#3530);
#3170=AXIS2_PLACEMENT_3D('',#4360,#3531,#3532);
#3171=AXIS2_PLACEMENT_3D('',#4362,#3533,#3534);
#3172=AXIS2_PLACEMENT_3D('',#4363,#3535,#3536);
#3173=AXIS2_PLACEMENT_3D('',#4365,#3537,#3538);
#3174=AXIS2_PLACEMENT_3D('',#4366,#3539,#3540);
#3175=AXIS2_PLACEMENT_3D('',#4368,#3541,#3542);
#3176=AXIS2_PLACEMENT_3D('',#4369,#3543,#3544);
#3177=AXIS2_PLACEMENT_3D('',#4371,#3545,#3546);
#3178=AXIS2_PLACEMENT_3D('',#4372,#3547,#3548);
#3179=AXIS2_PLACEMENT_3D('',#4373,#3549,#3550);
#3180=AXIS2_PLACEMENT_3D('',#4382,#3555,#3556);
#3181=AXIS2_PLACEMENT_3D('',#4388,#3560,#3561);
#3182=AXIS2_PLACEMENT_3D('',#4394,#3565,#3566);
#3183=AXIS2_PLACEMENT_3D('',#4395,#3567,#3568);
#3184=AXIS2_PLACEMENT_3D('',#4397,#3569,#3570);
#3185=AXIS2_PLACEMENT_3D('',#4399,#3571,#3572);
#3186=AXIS2_PLACEMENT_3D('',#4400,#3573,#3574);
#3187=AXIS2_PLACEMENT_3D('',#4402,#3575,#3576);
#3188=AXIS2_PLACEMENT_3D('',#4404,#3577,#3578);
#3189=AXIS2_PLACEMENT_3D('',#4405,#3579,#3580);
#3190=AXIS2_PLACEMENT_3D('',#4407,#3581,#3582);
#3191=AXIS2_PLACEMENT_3D('',#4409,#3583,#3584);
#3192=AXIS2_PLACEMENT_3D('',#4412,#3587,#3588);
#3193=AXIS2_PLACEMENT_3D('',#4413,#3589,#3590);
#3194=AXIS2_PLACEMENT_3D('',#4414,#3591,#3592);
#3195=AXIS2_PLACEMENT_3D('',#4415,#3593,#3594);
#3196=AXIS2_PLACEMENT_3D('',#4416,#3595,#3596);
#3197=AXIS2_PLACEMENT_3D('',#4418,#3597,#3598);
#3198=AXIS2_PLACEMENT_3D('',#4420,#3599,#3600);
#3199=AXIS2_PLACEMENT_3D('',#4421,#3601,#3602);
#3200=AXIS2_PLACEMENT_3D('',#4423,#3603,#3604);
#3201=AXIS2_PLACEMENT_3D('',#4424,#3605,#3606);
#3202=AXIS2_PLACEMENT_3D('',#4426,#3607,#3608);
#3203=AXIS2_PLACEMENT_3D('',#4427,#3609,#3610);
#3204=AXIS2_PLACEMENT_3D('',#4428,#3611,#3612);
#3205=AXIS2_PLACEMENT_3D('',#4429,#3613,#3614);
#3206=AXIS2_PLACEMENT_3D('',#4439,#3619,#3620);
#3207=AXIS2_PLACEMENT_3D('',#4445,#3624,#3625);
#3208=AXIS2_PLACEMENT_3D('',#4446,#3626,#3627);
#3209=AXIS2_PLACEMENT_3D('',#4453,#3631,#3632);
#3210=AXIS2_PLACEMENT_3D('',#4456,#3635,#3636);
#3211=AXIS2_PLACEMENT_3D('',#4457,#3637,#3638);
#3212=AXIS2_PLACEMENT_3D('',#4459,#3639,#3640);
#3213=AXIS2_PLACEMENT_3D('',#4460,#3641,#3642);
#3214=AXIS2_PLACEMENT_3D('',#4462,#3643,#3644);
#3215=AXIS2_PLACEMENT_3D('',#4463,#3645,#3646);
#3216=AXIS2_PLACEMENT_3D('',#4464,#3647,#3648);
#3217=AXIS2_PLACEMENT_3D('',#4465,#3649,#3650);
#3218=AXIS2_PLACEMENT_3D('',#4474,#3655,#3656);
#3219=AXIS2_PLACEMENT_3D('',#4480,#3660,#3661);
#3220=AXIS2_PLACEMENT_3D('',#4486,#3665,#3666);
#3221=AXIS2_PLACEMENT_3D('',#4489,#3669,#3670);
#3222=AXIS2_PLACEMENT_3D('',#4490,#3671,#3672);
#3223=AXIS2_PLACEMENT_3D('',#4492,#3673,#3674);
#3224=AXIS2_PLACEMENT_3D('',#4494,#3675,#3676);
#3225=AXIS2_PLACEMENT_3D('',#4496,#3677,#3678);
#3226=AXIS2_PLACEMENT_3D('',#4498,#3679,#3680);
#3227=AXIS2_PLACEMENT_3D('',#4499,#3681,#3682);
#3228=AXIS2_PLACEMENT_3D('',#4501,#3683,#3684);
#3229=AXIS2_PLACEMENT_3D('',#4503,#3685,#3686);
#3230=AXIS2_PLACEMENT_3D('',#4505,#3687,#3688);
#3231=AXIS2_PLACEMENT_3D('',#4507,#3689,#3690);
#3232=AXIS2_PLACEMENT_3D('',#4508,#3691,#3692);
#3233=AXIS2_PLACEMENT_3D('',#4509,#3693,#3694);
#3234=AXIS2_PLACEMENT_3D('',#4510,#3695,#3696);
#3235=AXIS2_PLACEMENT_3D('',#4511,#3697,#3698);
#3236=AXIS2_PLACEMENT_3D('',#4512,#3699,#3700);
#3237=AXIS2_PLACEMENT_3D('',#4521,#3705,#3706);
#3238=AXIS2_PLACEMENT_3D('',#4535,#3714,#3715);
#3239=AXIS2_PLACEMENT_3D('',#4541,#3719,#3720);
#3240=AXIS2_PLACEMENT_3D('',#4544,#3723,#3724);
#3241=AXIS2_PLACEMENT_3D('',#4545,#3725,#3726);
#3242=AXIS2_PLACEMENT_3D('',#4547,#3727,#3728);
#3243=AXIS2_PLACEMENT_3D('',#4548,#3729,#3730);
#3244=AXIS2_PLACEMENT_3D('',#4550,#3731,#3732);
#3245=AXIS2_PLACEMENT_3D('',#4556,#3736,#3737);
#3246=AXIS2_PLACEMENT_3D('',#4562,#3741,#3742);
#3247=AXIS2_PLACEMENT_3D('',#4563,#3743,#3744);
#3248=AXIS2_PLACEMENT_3D('',#4566,#3746,#3747);
#3249=AXIS2_PLACEMENT_3D('',#4567,#3748,#3749);
#3250=AXIS2_PLACEMENT_3D('',#4570,#3751,#3752);
#3251=AXIS2_PLACEMENT_3D('',#4571,#3753,#3754);
#3252=AXIS2_PLACEMENT_3D('',#4572,#3755,#3756);
#3253=AXIS2_PLACEMENT_3D('',#4573,#3757,#3758);
#3254=AXIS2_PLACEMENT_3D('',#4574,#3759,#3760);
#3255=AXIS2_PLACEMENT_3D('',#4583,#3765,#3766);
#3256=AXIS2_PLACEMENT_3D('',#4589,#3770,#3771);
#3257=AXIS2_PLACEMENT_3D('',#4595,#3775,#3776);
#3258=AXIS2_PLACEMENT_3D('',#4598,#3779,#3780);
#3259=AXIS2_PLACEMENT_3D('',#4599,#3781,#3782);
#3260=AXIS2_PLACEMENT_3D('',#4601,#3783,#3784);
#3261=AXIS2_PLACEMENT_3D('',#4602,#3785,#3786);
#3262=AXIS2_PLACEMENT_3D('',#4604,#3787,#3788);
#3263=AXIS2_PLACEMENT_3D('',#4605,#3789,#3790);
#3264=AXIS2_PLACEMENT_3D('',#4607,#3791,#3792);
#3265=AXIS2_PLACEMENT_3D('',#4608,#3793,#3794);
#3266=AXIS2_PLACEMENT_3D('',#4610,#3795,#3796);
#3267=AXIS2_PLACEMENT_3D('',#4611,#3797,#3798);
#3268=AXIS2_PLACEMENT_3D('',#4612,#3799,#3800);
#3269=AXIS2_PLACEMENT_3D('',#4613,#3801,#3802);
#3270=AXIS2_PLACEMENT_3D('',#4627,#3809,#3810);
#3271=AXIS2_PLACEMENT_3D('',#4628,#3811,#3812);
#3272=AXIS2_PLACEMENT_3D('',#4630,#3813,#3814);
#3273=AXIS2_PLACEMENT_3D('',#4631,#3815,#3816);
#3274=AXIS2_PLACEMENT_3D('',#4633,#3817,#3818);
#3275=AXIS2_PLACEMENT_3D('',#4634,#3819,#3820);
#3276=AXIS2_PLACEMENT_3D('',#4636,#3821,#3822);
#3277=AXIS2_PLACEMENT_3D('',#4642,#3826,#3827);
#3278=AXIS2_PLACEMENT_3D('',#4646,#3830,#3831);
#3279=AXIS2_PLACEMENT_3D('',#4650,#3834,#3835);
#3280=AXIS2_PLACEMENT_3D('',#4654,#3838,#3839);
#3281=AXIS2_PLACEMENT_3D('',#4658,#3842,#3843);
#3282=AXIS2_PLACEMENT_3D('',#4660,#3845,#3846);
#3283=AXIS2_PLACEMENT_3D('',#4661,#3847,#3848);
#3284=AXIS2_PLACEMENT_3D('',#4662,#3849,#3850);
#3285=AXIS2_PLACEMENT_3D('',#4671,#3855,#3856);
#3286=AXIS2_PLACEMENT_3D('',#4677,#3860,#3861);
#3287=AXIS2_PLACEMENT_3D('',#4683,#3865,#3866);
#3288=AXIS2_PLACEMENT_3D('',#4686,#3869,#3870);
#3289=AXIS2_PLACEMENT_3D('',#4687,#3871,#3872);
#3290=AXIS2_PLACEMENT_3D('',#4689,#3873,#3874);
#3291=AXIS2_PLACEMENT_3D('',#4690,#3875,#3876);
#3292=AXIS2_PLACEMENT_3D('',#4691,#3877,#3878);
#3293=AXIS2_PLACEMENT_3D('',#4693,#3879,#3880);
#3294=AXIS2_PLACEMENT_3D('',#4694,#3881,#3882);
#3295=AXIS2_PLACEMENT_3D('',#4695,#3883,#3884);
#3296=AXIS2_PLACEMENT_3D('',#4696,#3885,#3886);
#3297=AXIS2_PLACEMENT_3D('',#4701,#3888,#3889);
#3298=AXIS2_PLACEMENT_3D('',#4704,#3891,#3892);
#3299=AXIS2_PLACEMENT_3D('',#4707,#3895,#3896);
#3300=AXIS2_PLACEMENT_3D('',#4708,#3897,#3898);
#3301=AXIS2_PLACEMENT_3D('',#4709,#3899,#3900);
#3302=AXIS2_PLACEMENT_3D('',#4710,#3901,#3902);
#3303=AXIS2_PLACEMENT_3D('',#4719,#3907,#3908);
#3304=AXIS2_PLACEMENT_3D('',#4725,#3912,#3913);
#3305=AXIS2_PLACEMENT_3D('',#4731,#3917,#3918);
#3306=AXIS2_PLACEMENT_3D('',#4734,#3921,#3922);
#3307=AXIS2_PLACEMENT_3D('',#4735,#3923,#3924);
#3308=AXIS2_PLACEMENT_3D('',#4737,#3925,#3926);
#3309=AXIS2_PLACEMENT_3D('',#4738,#3927,#3928);
#3310=AXIS2_PLACEMENT_3D('',#4740,#3929,#3930);
#3311=AXIS2_PLACEMENT_3D('',#4741,#3931,#3932);
#3312=AXIS2_PLACEMENT_3D('',#4742,#3933,#3934);
#3313=AXIS2_PLACEMENT_3D('',#4743,#3935,#3936);
#3314=AXIS2_PLACEMENT_3D('',#4748,#3938,#3939);
#3315=AXIS2_PLACEMENT_3D('',#4751,#3941,#3942);
#3316=AXIS2_PLACEMENT_3D('',#4752,#3943,#3944);
#3317=AXIS2_PLACEMENT_3D('',#4753,#3945,#3946);
#3318=AXIS2_PLACEMENT_3D('',#4754,#3947,#3948);
#3319=AXIS2_PLACEMENT_3D('',#4755,#3949,#3950);
#3320=AXIS2_PLACEMENT_3D('',#4756,#3951,#3952);
#3321=AXIS2_PLACEMENT_3D('',#4757,#3953,#3954);
#3322=AXIS2_PLACEMENT_3D('',#4766,#3959,#3960);
#3323=AXIS2_PLACEMENT_3D('',#4772,#3964,#3965);
#3324=AXIS2_PLACEMENT_3D('',#4778,#3969,#3970);
#3325=AXIS2_PLACEMENT_3D('',#4784,#3974,#3975);
#3326=AXIS2_PLACEMENT_3D('',#4790,#3979,#3980);
#3327=AXIS2_PLACEMENT_3D('',#4796,#3984,#3985);
#3328=AXIS2_PLACEMENT_3D('',#4802,#3989,#3990);
#3329=AXIS2_PLACEMENT_3D('',#4808,#3994,#3995);
#3330=AXIS2_PLACEMENT_3D('',#4814,#3999,#4000);
#3331=AXIS2_PLACEMENT_3D('',#4820,#4004,#4005);
#3332=AXIS2_PLACEMENT_3D('',#4826,#4009,#4010);
#3333=AXIS2_PLACEMENT_3D('',#4832,#4014,#4015);
#3334=AXIS2_PLACEMENT_3D('',#4838,#4019,#4020);
#3335=AXIS2_PLACEMENT_3D('',#4844,#4024,#4025);
#3336=AXIS2_PLACEMENT_3D('',#4850,#4029,#4030);
#3337=AXIS2_PLACEMENT_3D('',#4856,#4034,#4035);
#3338=AXIS2_PLACEMENT_3D('',#4862,#4039,#4040);
#3339=AXIS2_PLACEMENT_3D('',#4868,#4044,#4045);
#3340=AXIS2_PLACEMENT_3D('',#4874,#4049,#4050);
#3341=AXIS2_PLACEMENT_3D('',#4880,#4054,#4055);
#3342=AXIS2_PLACEMENT_3D('',#4886,#4059,#4060);
#3343=AXIS2_PLACEMENT_3D('',#4892,#4064,#4065);
#3344=AXIS2_PLACEMENT_3D('',#4898,#4069,#4070);
#3345=AXIS2_PLACEMENT_3D('',#4901,#4073,#4074);
#3346=AXIS2_PLACEMENT_3D('',#4902,#4075,#4076);
#3347=AXIS2_PLACEMENT_3D('',#4904,#4077,#4078);
#3348=AXIS2_PLACEMENT_3D('',#4905,#4079,#4080);
#3349=AXIS2_PLACEMENT_3D('',#4907,#4081,#4082);
#3350=AXIS2_PLACEMENT_3D('',#4908,#4083,#4084);
#3351=AXIS2_PLACEMENT_3D('',#4909,#4085,#4086);
#3352=AXIS2_PLACEMENT_3D('',#4918,#4091,#4092);
#3353=AXIS2_PLACEMENT_3D('',#4924,#4096,#4097);
#3354=AXIS2_PLACEMENT_3D('',#4930,#4101,#4102);
#3355=AXIS2_PLACEMENT_3D('',#4933,#4105,#4106);
#3356=AXIS2_PLACEMENT_3D('',#4934,#4107,#4108);
#3357=AXIS2_PLACEMENT_3D('',#4936,#4109,#4110);
#3358=AXIS2_PLACEMENT_3D('',#4938,#4111,#4112);
#3359=AXIS2_PLACEMENT_3D('',#4940,#4113,#4114);
#3360=AXIS2_PLACEMENT_3D('',#4941,#4115,#4116);
#3361=AXIS2_PLACEMENT_3D('',#4943,#4117,#4118);
#3362=AXIS2_PLACEMENT_3D('',#4945,#4119,#4120);
#3363=AXIS2_PLACEMENT_3D('',#4947,#4121,#4122);
#3364=AXIS2_PLACEMENT_3D('',#4948,#4123,#4124);
#3365=AXIS2_PLACEMENT_3D('',#4949,#4125,#4126);
#3366=AXIS2_PLACEMENT_3D('',#4950,#4127,#4128);
#3367=AXIS2_PLACEMENT_3D('',#4951,#4129,#4130);
#3368=AXIS2_PLACEMENT_3D('',#4952,#4131,#4132);
#3369=AXIS2_PLACEMENT_3D('',#4957,#4134,#4135);
#3370=AXIS2_PLACEMENT_3D('',#4960,#4137,#4138);
#3371=AXIS2_PLACEMENT_3D('',#4961,#4139,#4140);
#3372=AXIS2_PLACEMENT_3D('',#4962,#4141,#4142);
#3373=AXIS2_PLACEMENT_3D('',#4963,#4143,#4144);
#3374=AXIS2_PLACEMENT_3D('',#4964,#4145,#4146);
#3375=AXIS2_PLACEMENT_3D('',#4965,#4147,#4148);
#3376=AXIS2_PLACEMENT_3D('',#4966,#4149,#4150);
#3377=AXIS2_PLACEMENT_3D('',#4975,#4155,#4156);
#3378=AXIS2_PLACEMENT_3D('',#4981,#4160,#4161);
#3379=AXIS2_PLACEMENT_3D('',#4987,#4165,#4166);
#3380=AXIS2_PLACEMENT_3D('',#4990,#4169,#4170);
#3381=AXIS2_PLACEMENT_3D('',#4991,#4171,#4172);
#3382=AXIS2_PLACEMENT_3D('',#4993,#4173,#4174);
#3383=AXIS2_PLACEMENT_3D('',#4994,#4175,#4176);
#3384=AXIS2_PLACEMENT_3D('',#4995,#4177,#4178);
#3385=AXIS2_PLACEMENT_3D('',#4997,#4179,#4180);
#3386=AXIS2_PLACEMENT_3D('',#4998,#4181,#4182);
#3387=AXIS2_PLACEMENT_3D('',#4999,#4183,#4184);
#3388=AXIS2_PLACEMENT_3D('',#5000,#4185,#4186);
#3389=AXIS2_PLACEMENT_3D('',#5005,#4188,#4189);
#3390=AXIS2_PLACEMENT_3D('',#5008,#4191,#4192);
#3391=AXIS2_PLACEMENT_3D('',#5009,#4193,#4194);
#3392=AXIS2_PLACEMENT_3D('',#5010,#4195,#4196);
#3393=AXIS2_PLACEMENT_3D('',#5011,#4197,#4198);
#3394=AXIS2_PLACEMENT_3D('',#5012,#4199,#4200);
#3395=AXIS2_PLACEMENT_3D('',#5013,#4201,#4202);
#3396=AXIS2_PLACEMENT_3D('',#5014,#4203,#4204);
#3397=AXIS2_PLACEMENT_3D('',#5023,#4209,#4210);
#3398=AXIS2_PLACEMENT_3D('',#5033,#4216,#4217);
#3399=AXIS2_PLACEMENT_3D('',#5039,#4221,#4222);
#3400=AXIS2_PLACEMENT_3D('',#5046,#4227,#4228);
#3401=AXIS2_PLACEMENT_3D('',#5047,#4229,#4230);
#3402=AXIS2_PLACEMENT_3D('',#5050,#4232,#4233);
#3403=AXIS2_PLACEMENT_3D('',#5051,#4234,#4235);
#3404=AXIS2_PLACEMENT_3D('',#5053,#4236,#4237);
#3405=AXIS2_PLACEMENT_3D('',#5055,#4239,#4240);
#3406=AXIS2_PLACEMENT_3D('',#5056,#4241,#4242);
#3407=DIRECTION('',(0.,0.,1.));
#3408=DIRECTION('',(1.,0.,0.));
#3409=DIRECTION('',(-1.,0.,0.));
#3410=DIRECTION('',(0.,0.,1.));
#3411=DIRECTION('',(0.,1.,0.));
#3412=DIRECTION('',(0.,0.,-1.));
#3413=DIRECTION('',(0.,1.,0.));
#3414=DIRECTION('',(0.,0.,-1.));
#3415=DIRECTION('',(0.,1.,0.));
#3416=DIRECTION('',(0.,0.,1.));
#3417=DIRECTION('',(1.,0.,0.));
#3418=DIRECTION('',(0.,0.,-1.));
#3419=DIRECTION('',(1.,0.,0.));
#3420=DIRECTION('',(0.,0.,-1.));
#3421=DIRECTION('',(-1.,0.,0.));
#3422=DIRECTION('',(0.,0.,1.));
#3423=DIRECTION('',(0.,1.,0.));
#3424=DIRECTION('',(0.,0.,-1.));
#3425=DIRECTION('',(0.,1.,0.));
#3426=DIRECTION('',(0.,0.,-1.));
#3427=DIRECTION('',(0.,1.,0.));
#3428=DIRECTION('',(0.,0.,1.));
#3429=DIRECTION('',(1.,0.,0.));
#3430=DIRECTION('',(0.,0.,-1.));
#3431=DIRECTION('',(1.,0.,0.));
#3432=DIRECTION('',(0.,0.,-1.));
#3433=DIRECTION('',(0.,0.,1.));
#3434=DIRECTION('',(1.,0.,0.));
#3435=DIRECTION('',(0.,0.,1.));
#3436=DIRECTION('',(1.,0.,0.));
#3437=DIRECTION('',(0.,0.,1.));
#3438=DIRECTION('',(1.,0.,0.));
#3439=DIRECTION('',(0.,0.,1.));
#3440=DIRECTION('',(1.,0.,0.));
#3441=DIRECTION('',(0.,0.,1.));
#3442=DIRECTION('',(1.,0.,0.));
#3443=DIRECTION('',(0.,0.,1.));
#3444=DIRECTION('',(1.,0.,0.));
#3445=DIRECTION('',(0.,0.,1.));
#3446=DIRECTION('',(1.,0.,0.));
#3447=DIRECTION('',(0.,0.,1.));
#3448=DIRECTION('',(1.,0.,0.));
#3449=DIRECTION('',(0.,0.,1.));
#3450=DIRECTION('',(1.,0.,0.));
#3451=DIRECTION('',(0.,0.,1.));
#3452=DIRECTION('',(1.,0.,0.));
#3453=DIRECTION('',(0.,0.,1.));
#3454=DIRECTION('',(1.,0.,0.));
#3455=DIRECTION('',(0.,0.,1.));
#3456=DIRECTION('',(1.,0.,0.));
#3457=DIRECTION('',(0.,0.,1.));
#3458=DIRECTION('',(1.,0.,0.));
#3459=DIRECTION('',(0.,0.,1.));
#3460=DIRECTION('',(1.,0.,0.));
#3461=DIRECTION('',(0.,0.,1.));
#3462=DIRECTION('',(1.,0.,0.));
#3463=DIRECTION('',(0.,0.,1.));
#3464=DIRECTION('',(1.,0.,0.));
#3465=DIRECTION('',(0.,0.,1.));
#3466=DIRECTION('',(1.,0.,0.));
#3467=DIRECTION('',(0.,0.,1.));
#3468=DIRECTION('',(1.,0.,0.));
#3469=DIRECTION('',(0.,0.,-1.));
#3470=DIRECTION('',(-1.,0.,0.));
#3471=DIRECTION('',(0.,0.,-1.));
#3472=DIRECTION('',(-1.,0.,0.));
#3473=DIRECTION('',(0.,0.,-1.));
#3474=DIRECTION('',(-1.,0.,0.));
#3475=DIRECTION('',(0.,0.,-1.));
#3476=DIRECTION('',(-1.,0.,0.));
#3477=DIRECTION('',(0.,0.,1.));
#3478=DIRECTION('',(1.,0.,0.));
#3479=DIRECTION('',(0.,0.,-1.));
#3480=DIRECTION('',(-1.,0.,0.));
#3481=DIRECTION('',(0.,0.,-1.));
#3482=DIRECTION('',(-1.,0.,0.));
#3483=DIRECTION('',(0.,0.,1.));
#3484=DIRECTION('',(1.,0.,0.));
#3485=DIRECTION('',(0.,0.,1.));
#3486=DIRECTION('',(1.,0.,0.));
#3487=DIRECTION('',(-0.866025403784438,0.5,0.));
#3488=DIRECTION('',(-0.5,-0.866025403784438,0.));
#3489=DIRECTION('',(0.5,0.866025403784438,0.));
#3490=DIRECTION('',(0.,0.,-1.));
#3491=DIRECTION('',(0.5,0.866025403784438,0.));
#3492=DIRECTION('',(0.,0.,-1.));
#3493=DIRECTION('',(-0.866025403784438,-0.5,0.));
#3494=DIRECTION('',(0.5,-0.866025403784438,0.));
#3495=DIRECTION('',(-0.5,0.866025403784438,0.));
#3496=DIRECTION('',(0.,0.,-1.));
#3497=DIRECTION('',(-0.5,0.866025403784438,0.));
#3498=DIRECTION('',(0.,-1.,0.));
#3499=DIRECTION('',(0.,0.,-1.));
#3500=DIRECTION('',(-1.,0.,0.));
#3501=DIRECTION('',(0.,0.,-1.));
#3502=DIRECTION('',(-1.,0.,0.));
#3503=DIRECTION('',(0.866025403784438,-0.5,0.));
#3504=DIRECTION('',(0.5,0.866025403784438,0.));
#3505=DIRECTION('',(-0.5,-0.866025403784438,0.));
#3506=DIRECTION('',(0.,0.,-1.));
#3507=DIRECTION('',(-0.5,-0.866025403784438,0.));
#3508=DIRECTION('',(0.866025403784438,0.5,0.));
#3509=DIRECTION('',(-0.5,0.866025403784438,0.));
#3510=DIRECTION('',(0.5,-0.866025403784438,0.));
#3511=DIRECTION('',(0.,0.,-1.));
#3512=DIRECTION('',(0.5,-0.866025403784438,0.));
#3513=DIRECTION('',(0.,0.,-1.));
#3514=DIRECTION('',(-1.,0.,0.));
#3515=DIRECTION('',(0.,0.,1.));
#3516=DIRECTION('',(1.,0.,0.));
#3517=DIRECTION('',(0.,0.,1.));
#3518=DIRECTION('',(1.,0.,0.));
#3519=DIRECTION('',(0.,1.,0.));
#3520=DIRECTION('',(0.,0.,1.));
#3521=DIRECTION('',(1.,0.,0.));
#3522=DIRECTION('',(1.,0.,0.));
#3523=DIRECTION('',(0.,0.,1.));
#3524=DIRECTION('',(1.,0.,0.));
#3525=DIRECTION('',(0.,0.,1.));
#3526=DIRECTION('',(1.,0.,0.));
#3527=DIRECTION('',(0.,0.,1.));
#3528=DIRECTION('',(1.,0.,0.));
#3529=DIRECTION('',(0.,0.,-1.));
#3530=DIRECTION('',(-1.,0.,0.));
#3531=DIRECTION('',(0.,0.,-1.));
#3532=DIRECTION('',(-1.,0.,0.));
#3533=DIRECTION('',(0.,0.,-1.));
#3534=DIRECTION('',(-1.,0.,0.));
#3535=DIRECTION('',(0.,0.,-1.));
#3536=DIRECTION('',(-1.,0.,0.));
#3537=DIRECTION('',(0.,0.,1.));
#3538=DIRECTION('',(1.,0.,0.));
#3539=DIRECTION('',(0.,0.,-1.));
#3540=DIRECTION('',(-1.,0.,0.));
#3541=DIRECTION('',(0.,0.,-1.));
#3542=DIRECTION('',(-1.,0.,0.));
#3543=DIRECTION('',(0.,0.,-1.));
#3544=DIRECTION('',(-1.,0.,0.));
#3545=DIRECTION('',(0.,0.,1.));
#3546=DIRECTION('',(1.,0.,0.));
#3547=DIRECTION('',(0.,0.,1.));
#3548=DIRECTION('',(1.,0.,0.));
#3549=DIRECTION('',(-1.,0.,0.));
#3550=DIRECTION('',(0.,0.,1.));
#3551=DIRECTION('',(0.,1.,0.));
#3552=DIRECTION('',(0.,0.,-1.));
#3553=DIRECTION('',(0.,1.,0.));
#3554=DIRECTION('',(0.,0.,-1.));
#3555=DIRECTION('',(0.,1.,0.));
#3556=DIRECTION('',(0.,0.,1.));
#3557=DIRECTION('',(1.,0.,0.));
#3558=DIRECTION('',(0.,0.,-1.));
#3559=DIRECTION('',(1.,0.,0.));
#3560=DIRECTION('',(-1.,0.,0.));
#3561=DIRECTION('',(0.,0.,1.));
#3562=DIRECTION('',(0.,1.,0.));
#3563=DIRECTION('',(0.,0.,-1.));
#3564=DIRECTION('',(0.,1.,0.));
#3565=DIRECTION('',(0.,0.,-1.));
#3566=DIRECTION('',(-1.,0.,0.));
#3567=DIRECTION('',(0.,0.,1.));
#3568=DIRECTION('',(1.,0.,0.));
#3569=DIRECTION('',(0.,0.,1.));
#3570=DIRECTION('',(1.,0.,0.));
#3571=DIRECTION('',(0.,0.,-1.));
#3572=DIRECTION('',(-1.,0.,0.));
#3573=DIRECTION('',(0.,0.,1.));
#3574=DIRECTION('',(1.,0.,0.));
#3575=DIRECTION('',(0.,0.,1.));
#3576=DIRECTION('',(1.,0.,0.));
#3577=DIRECTION('',(0.,0.,-1.));
#3578=DIRECTION('',(-1.,0.,0.));
#3579=DIRECTION('',(0.,0.,1.));
#3580=DIRECTION('',(1.,0.,0.));
#3581=DIRECTION('',(0.,0.,1.));
#3582=DIRECTION('',(1.,0.,0.));
#3583=DIRECTION('',(0.,1.,0.));
#3584=DIRECTION('',(0.,0.,1.));
#3585=DIRECTION('',(1.,0.,0.));
#3586=DIRECTION('',(1.,0.,0.));
#3587=DIRECTION('',(0.,0.,1.));
#3588=DIRECTION('',(1.,0.,0.));
#3589=DIRECTION('',(0.,0.,1.));
#3590=DIRECTION('',(1.,0.,0.));
#3591=DIRECTION('',(0.,0.,1.));
#3592=DIRECTION('',(1.,0.,0.));
#3593=DIRECTION('',(0.,0.,-1.));
#3594=DIRECTION('',(-1.,0.,0.));
#3595=DIRECTION('',(0.,0.,1.));
#3596=DIRECTION('',(1.,0.,0.));
#3597=DIRECTION('',(0.,0.,1.));
#3598=DIRECTION('',(1.,0.,0.));
#3599=DIRECTION('',(0.,0.,1.));
#3600=DIRECTION('',(1.,0.,0.));
#3601=DIRECTION('',(0.,0.,1.));
#3602=DIRECTION('',(1.,0.,0.));
#3603=DIRECTION('',(0.,0.,1.));
#3604=DIRECTION('',(1.,0.,0.));
#3605=DIRECTION('',(0.,0.,1.));
#3606=DIRECTION('',(1.,0.,0.));
#3607=DIRECTION('',(0.,0.,-1.));
#3608=DIRECTION('',(-1.,0.,0.));
#3609=DIRECTION('',(0.,0.,1.));
#3610=DIRECTION('',(1.,0.,0.));
#3611=DIRECTION('',(-1.,0.,0.));
#3612=DIRECTION('',(0.,0.,1.));
#3613=DIRECTION('',(-1.,0.,0.));
#3614=DIRECTION('',(0.,0.,1.));
#3615=DIRECTION('',(0.,1.,0.));
#3616=DIRECTION('',(0.,0.,-1.));
#3617=DIRECTION('',(0.,1.,0.));
#3618=DIRECTION('',(0.,0.,-1.));
#3619=DIRECTION('',(0.,1.,0.));
#3620=DIRECTION('',(0.,0.,1.));
#3621=DIRECTION('',(1.,0.,0.));
#3622=DIRECTION('',(0.,0.,-1.));
#3623=DIRECTION('',(1.,0.,0.));
#3624=DIRECTION('',(-1.,0.,0.));
#3625=DIRECTION('',(0.,0.,1.));
#3626=DIRECTION('',(-1.,0.,0.));
#3627=DIRECTION('',(0.,0.,1.));
#3628=DIRECTION('',(0.,1.,0.));
#3629=DIRECTION('',(0.,0.,-1.));
#3630=DIRECTION('',(0.,1.,0.));
#3631=DIRECTION('',(0.,1.,0.));
#3632=DIRECTION('',(0.,0.,1.));
#3633=DIRECTION('',(1.,0.,0.));
#3634=DIRECTION('',(1.,0.,0.));
#3635=DIRECTION('',(0.,0.,1.));
#3636=DIRECTION('',(1.,0.,0.));
#3637=DIRECTION('',(0.,0.,1.));
#3638=DIRECTION('',(1.,0.,0.));
#3639=DIRECTION('',(0.,0.,1.));
#3640=DIRECTION('',(1.,0.,0.));
#3641=DIRECTION('',(0.,0.,1.));
#3642=DIRECTION('',(1.,0.,0.));
#3643=DIRECTION('',(0.,0.,-1.));
#3644=DIRECTION('',(-1.,0.,0.));
#3645=DIRECTION('',(-1.,0.,0.));
#3646=DIRECTION('',(0.,0.,1.));
#3647=DIRECTION('',(0.,0.,1.));
#3648=DIRECTION('',(1.,0.,0.));
#3649=DIRECTION('',(-1.,0.,0.));
#3650=DIRECTION('',(0.,0.,1.));
#3651=DIRECTION('',(0.,1.,0.));
#3652=DIRECTION('',(0.,0.,-1.));
#3653=DIRECTION('',(0.,1.,0.));
#3654=DIRECTION('',(0.,0.,-1.));
#3655=DIRECTION('',(0.,1.,0.));
#3656=DIRECTION('',(0.,0.,1.));
#3657=DIRECTION('',(1.,0.,0.));
#3658=DIRECTION('',(0.,0.,-1.));
#3659=DIRECTION('',(1.,0.,0.));
#3660=DIRECTION('',(-1.,0.,0.));
#3661=DIRECTION('',(0.,0.,1.));
#3662=DIRECTION('',(0.,1.,0.));
#3663=DIRECTION('',(0.,0.,-1.));
#3664=DIRECTION('',(0.,1.,0.));
#3665=DIRECTION('',(0.,1.,0.));
#3666=DIRECTION('',(0.,0.,1.));
#3667=DIRECTION('',(1.,0.,0.));
#3668=DIRECTION('',(1.,0.,0.));
#3669=DIRECTION('',(0.,0.,1.));
#3670=DIRECTION('',(1.,0.,0.));
#3671=DIRECTION('',(0.,0.,1.));
#3672=DIRECTION('',(1.,0.,0.));
#3673=DIRECTION('',(0.,0.,1.));
#3674=DIRECTION('',(1.,0.,0.));
#3675=DIRECTION('',(0.,0.,1.));
#3676=DIRECTION('',(1.,0.,0.));
#3677=DIRECTION('',(0.,0.,1.));
#3678=DIRECTION('',(1.,0.,0.));
#3679=DIRECTION('',(0.,0.,1.));
#3680=DIRECTION('',(1.,0.,0.));
#3681=DIRECTION('',(0.,0.,1.));
#3682=DIRECTION('',(1.,0.,0.));
#3683=DIRECTION('',(0.,0.,1.));
#3684=DIRECTION('',(1.,0.,0.));
#3685=DIRECTION('',(0.,0.,1.));
#3686=DIRECTION('',(1.,0.,0.));
#3687=DIRECTION('',(0.,0.,1.));
#3688=DIRECTION('',(1.,0.,0.));
#3689=DIRECTION('',(0.,0.,-1.));
#3690=DIRECTION('',(-1.,0.,0.));
#3691=DIRECTION('',(0.,0.,-1.));
#3692=DIRECTION('',(-1.,0.,0.));
#3693=DIRECTION('',(0.,0.,-1.));
#3694=DIRECTION('',(-1.,0.,0.));
#3695=DIRECTION('',(0.,0.,-1.));
#3696=DIRECTION('',(-1.,0.,0.));
#3697=DIRECTION('',(0.,0.,1.));
#3698=DIRECTION('',(1.,0.,0.));
#3699=DIRECTION('',(-1.,0.,0.));
#3700=DIRECTION('',(0.,0.,1.));
#3701=DIRECTION('',(0.,1.,0.));
#3702=DIRECTION('',(0.,0.,-1.));
#3703=DIRECTION('',(0.,1.,0.));
#3704=DIRECTION('',(0.,0.,-1.));
#3705=DIRECTION('',(0.,1.,0.));
#3706=DIRECTION('',(0.,0.,1.));
#3707=DIRECTION('',(0.,0.,1.));
#3708=DIRECTION('',(1.,0.,0.));
#3709=DIRECTION('',(0.,0.,1.));
#3710=DIRECTION('',(1.,0.,0.));
#3711=DIRECTION('',(1.,0.,0.));
#3712=DIRECTION('',(0.,0.,-1.));
#3713=DIRECTION('',(1.,0.,0.));
#3714=DIRECTION('',(-1.,0.,0.));
#3715=DIRECTION('',(0.,0.,1.));
#3716=DIRECTION('',(0.,1.,0.));
#3717=DIRECTION('',(0.,0.,-1.));
#3718=DIRECTION('',(0.,1.,0.));
#3719=DIRECTION('',(0.,1.,0.));
#3720=DIRECTION('',(0.,0.,1.));
#3721=DIRECTION('',(1.,0.,0.));
#3722=DIRECTION('',(1.,0.,0.));
#3723=DIRECTION('',(0.,0.,1.));
#3724=DIRECTION('',(1.,0.,0.));
#3725=DIRECTION('',(0.,0.,1.));
#3726=DIRECTION('',(1.,0.,0.));
#3727=DIRECTION('',(0.,0.,1.));
#3728=DIRECTION('',(1.,0.,0.));
#3729=DIRECTION('',(0.,0.,1.));
#3730=DIRECTION('',(1.,0.,0.));
#3731=DIRECTION('',(-1.,0.,0.));
#3732=DIRECTION('',(0.,0.,1.));
#3733=DIRECTION('',(0.,1.,0.));
#3734=DIRECTION('',(0.,0.,-1.));
#3735=DIRECTION('',(0.,1.,0.));
#3736=DIRECTION('',(-1.,0.,0.));
#3737=DIRECTION('',(0.,0.,1.));
#3738=DIRECTION('',(0.,1.,0.));
#3739=DIRECTION('',(0.,0.,-1.));
#3740=DIRECTION('',(0.,1.,0.));
#3741=DIRECTION('',(0.,0.,1.));
#3742=DIRECTION('',(1.,0.,0.));
#3743=DIRECTION('',(0.,0.,1.));
#3744=DIRECTION('',(1.,0.,0.));
#3745=DIRECTION('',(1.,0.,0.));
#3746=DIRECTION('',(0.,0.,1.));
#3747=DIRECTION('',(1.,0.,0.));
#3748=DIRECTION('',(0.,0.,1.));
#3749=DIRECTION('',(1.,0.,0.));
#3750=DIRECTION('',(1.,0.,0.));
#3751=DIRECTION('',(0.,0.,-1.));
#3752=DIRECTION('',(-1.,0.,0.));
#3753=DIRECTION('',(0.,0.,-1.));
#3754=DIRECTION('',(-1.,0.,0.));
#3755=DIRECTION('',(0.,1.,0.));
#3756=DIRECTION('',(0.,0.,1.));
#3757=DIRECTION('',(0.,0.,1.));
#3758=DIRECTION('',(1.,0.,0.));
#3759=DIRECTION('',(-1.,0.,0.));
#3760=DIRECTION('',(0.,0.,1.));
#3761=DIRECTION('',(0.,1.,0.));
#3762=DIRECTION('',(0.,0.,-1.));
#3763=DIRECTION('',(0.,1.,0.));
#3764=DIRECTION('',(0.,0.,-1.));
#3765=DIRECTION('',(0.,1.,0.));
#3766=DIRECTION('',(0.,0.,1.));
#3767=DIRECTION('',(1.,0.,0.));
#3768=DIRECTION('',(0.,0.,-1.));
#3769=DIRECTION('',(1.,0.,0.));
#3770=DIRECTION('',(-1.,0.,0.));
#3771=DIRECTION('',(0.,0.,1.));
#3772=DIRECTION('',(0.,1.,0.));
#3773=DIRECTION('',(0.,0.,-1.));
#3774=DIRECTION('',(0.,1.,0.));
#3775=DIRECTION('',(0.,1.,0.));
#3776=DIRECTION('',(0.,0.,1.));
#3777=DIRECTION('',(1.,0.,0.));
#3778=DIRECTION('',(1.,0.,0.));
#3779=DIRECTION('',(0.,0.,1.));
#3780=DIRECTION('',(1.,0.,0.));
#3781=DIRECTION('',(0.,0.,1.));
#3782=DIRECTION('',(1.,0.,0.));
#3783=DIRECTION('',(0.,0.,1.));
#3784=DIRECTION('',(1.,0.,0.));
#3785=DIRECTION('',(0.,0.,1.));
#3786=DIRECTION('',(1.,0.,0.));
#3787=DIRECTION('',(0.,0.,-1.));
#3788=DIRECTION('',(-1.,0.,0.));
#3789=DIRECTION('',(0.,0.,1.));
#3790=DIRECTION('',(1.,0.,0.));
#3791=DIRECTION('',(0.,0.,-1.));
#3792=DIRECTION('',(-1.,0.,0.));
#3793=DIRECTION('',(0.,0.,1.));
#3794=DIRECTION('',(1.,0.,0.));
#3795=DIRECTION('',(0.,0.,1.));
#3796=DIRECTION('',(1.,0.,0.));
#3797=DIRECTION('',(0.,0.,1.));
#3798=DIRECTION('',(1.,0.,0.));
#3799=DIRECTION('',(0.,0.,1.));
#3800=DIRECTION('',(1.,0.,0.));
#3801=DIRECTION('',(0.,0.,1.));
#3802=DIRECTION('',(1.,0.,0.));
#3803=DIRECTION('',(0.5,-0.866025403784439,0.));
#3804=DIRECTION('',(-0.5,-0.866025403784439,0.));
#3805=DIRECTION('',(-1.,0.,0.));
#3806=DIRECTION('',(-0.5,0.866025403784439,0.));
#3807=DIRECTION('',(0.5,0.866025403784439,0.));
#3808=DIRECTION('',(1.,0.,0.));
#3809=DIRECTION('',(0.,0.,-1.));
#3810=DIRECTION('',(-1.,0.,0.));
#3811=DIRECTION('',(0.,0.,1.));
#3812=DIRECTION('',(1.,0.,0.));
#3813=DIRECTION('',(0.,0.,1.));
#3814=DIRECTION('',(1.,0.,0.));
#3815=DIRECTION('',(0.,0.,1.));
#3816=DIRECTION('',(1.,0.,0.));
#3817=DIRECTION('',(0.,0.,-1.));
#3818=DIRECTION('',(-1.,0.,0.));
#3819=DIRECTION('',(0.,0.,1.));
#3820=DIRECTION('',(1.,0.,0.));
#3821=DIRECTION('',(-0.866025403784439,0.5,0.));
#3822=DIRECTION('',(-0.5,-0.866025403784439,0.));
#3823=DIRECTION('',(0.,0.,-1.));
#3824=DIRECTION('',(0.5,0.866025403784439,0.));
#3825=DIRECTION('',(0.,0.,-1.));
#3826=DIRECTION('',(-0.866025403784439,-0.5,0.));
#3827=DIRECTION('',(0.5,-0.866025403784439,0.));
#3828=DIRECTION('',(0.,0.,-1.));
#3829=DIRECTION('',(-0.5,0.866025403784439,0.));
#3830=DIRECTION('',(0.,-1.,0.));
#3831=DIRECTION('',(0.,0.,-1.));
#3832=DIRECTION('',(0.,0.,-1.));
#3833=DIRECTION('',(-1.,0.,0.));
#3834=DIRECTION('',(0.866025403784439,-0.5,0.));
#3835=DIRECTION('',(0.5,0.866025403784439,0.));
#3836=DIRECTION('',(0.,0.,-1.));
#3837=DIRECTION('',(-0.5,-0.866025403784439,0.));
#3838=DIRECTION('',(0.866025403784439,0.5,0.));
#3839=DIRECTION('',(-0.5,0.866025403784439,0.));
#3840=DIRECTION('',(0.,0.,-1.));
#3841=DIRECTION('',(0.5,-0.866025403784439,0.));
#3842=DIRECTION('',(0.,1.,0.));
#3843=DIRECTION('',(0.,0.,1.));
#3844=DIRECTION('',(1.,0.,0.));
#3845=DIRECTION('',(0.,0.,1.));
#3846=DIRECTION('',(1.,0.,0.));
#3847=DIRECTION('',(0.,0.,1.));
#3848=DIRECTION('',(1.,0.,0.));
#3849=DIRECTION('',(-1.,0.,0.));
#3850=DIRECTION('',(0.,0.,1.));
#3851=DIRECTION('',(0.,1.,0.));
#3852=DIRECTION('',(0.,0.,-1.));
#3853=DIRECTION('',(0.,1.,0.));
#3854=DIRECTION('',(0.,0.,-1.));
#3855=DIRECTION('',(0.,1.,0.));
#3856=DIRECTION('',(0.,0.,1.));
#3857=DIRECTION('',(1.,0.,0.));
#3858=DIRECTION('',(0.,0.,-1.));
#3859=DIRECTION('',(1.,0.,0.));
#3860=DIRECTION('',(-1.,0.,0.));
#3861=DIRECTION('',(0.,0.,1.));
#3862=DIRECTION('',(0.,1.,0.));
#3863=DIRECTION('',(0.,0.,-1.));
#3864=DIRECTION('',(0.,1.,0.));
#3865=DIRECTION('',(0.,1.,0.));
#3866=DIRECTION('',(0.,0.,1.));
#3867=DIRECTION('',(1.,0.,0.));
#3868=DIRECTION('',(1.,0.,0.));
#3869=DIRECTION('',(0.,0.,1.));
#3870=DIRECTION('',(1.,0.,0.));
#3871=DIRECTION('',(0.,0.,1.));
#3872=DIRECTION('',(1.,0.,0.));
#3873=DIRECTION('',(0.,0.,1.));
#3874=DIRECTION('',(1.,0.,0.));
#3875=DIRECTION('',(0.,0.,-1.));
#3876=DIRECTION('',(-1.,0.,0.));
#3877=DIRECTION('',(0.,0.,1.));
#3878=DIRECTION('',(1.,0.,0.));
#3879=DIRECTION('',(0.,0.,1.));
#3880=DIRECTION('',(1.,0.,0.));
#3881=DIRECTION('',(0.,0.,1.));
#3882=DIRECTION('',(1.,0.,0.));
#3883=DIRECTION('',(0.,0.,-1.));
#3884=DIRECTION('',(-1.,0.,0.));
#3885=DIRECTION('',(0.,0.,1.));
#3886=DIRECTION('',(1.,0.,0.));
#3887=DIRECTION('',(0.,0.,-1.));
#3888=DIRECTION('',(0.,0.,1.));
#3889=DIRECTION('',(1.,0.,0.));
#3890=DIRECTION('',(0.,0.,-1.));
#3891=DIRECTION('',(0.,1.,0.));
#3892=DIRECTION('',(0.,0.,1.));
#3893=DIRECTION('',(1.,0.,0.));
#3894=DIRECTION('',(1.,0.,0.));
#3895=DIRECTION('',(0.,0.,1.));
#3896=DIRECTION('',(1.,0.,0.));
#3897=DIRECTION('',(0.,0.,1.));
#3898=DIRECTION('',(1.,0.,0.));
#3899=DIRECTION('',(0.,0.,1.));
#3900=DIRECTION('',(1.,0.,0.));
#3901=DIRECTION('',(-1.,0.,0.));
#3902=DIRECTION('',(0.,0.,1.));
#3903=DIRECTION('',(0.,1.,0.));
#3904=DIRECTION('',(0.,0.,-1.));
#3905=DIRECTION('',(0.,1.,0.));
#3906=DIRECTION('',(0.,0.,-1.));
#3907=DIRECTION('',(0.,1.,0.));
#3908=DIRECTION('',(0.,0.,1.));
#3909=DIRECTION('',(1.,0.,0.));
#3910=DIRECTION('',(0.,0.,-1.));
#3911=DIRECTION('',(1.,0.,0.));
#3912=DIRECTION('',(-1.,0.,0.));
#3913=DIRECTION('',(0.,0.,1.));
#3914=DIRECTION('',(0.,1.,0.));
#3915=DIRECTION('',(0.,0.,-1.));
#3916=DIRECTION('',(0.,1.,0.));
#3917=DIRECTION('',(0.,1.,0.));
#3918=DIRECTION('',(0.,0.,1.));
#3919=DIRECTION('',(1.,0.,0.));
#3920=DIRECTION('',(1.,0.,0.));
#3921=DIRECTION('',(0.,0.,1.));
#3922=DIRECTION('',(1.,0.,0.));
#3923=DIRECTION('',(0.,0.,1.));
#3924=DIRECTION('',(1.,0.,0.));
#3925=DIRECTION('',(0.,0.,1.));
#3926=DIRECTION('',(1.,0.,0.));
#3927=DIRECTION('',(0.,0.,1.));
#3928=DIRECTION('',(1.,0.,0.));
#3929=DIRECTION('',(0.,0.,-1.));
#3930=DIRECTION('',(-1.,0.,0.));
#3931=DIRECTION('',(0.,0.,1.));
#3932=DIRECTION('',(1.,0.,0.));
#3933=DIRECTION('',(0.,0.,-1.));
#3934=DIRECTION('',(-1.,0.,0.));
#3935=DIRECTION('',(0.,0.,1.));
#3936=DIRECTION('',(1.,0.,0.));
#3937=DIRECTION('',(0.,0.,-1.));
#3938=DIRECTION('',(0.,0.,1.));
#3939=DIRECTION('',(1.,0.,0.));
#3940=DIRECTION('',(0.,0.,-1.));
#3941=DIRECTION('',(0.,0.,-1.));
#3942=DIRECTION('',(-1.,0.,0.));
#3943=DIRECTION('',(0.,0.,1.));
#3944=DIRECTION('',(1.,0.,0.));
#3945=DIRECTION('',(0.,0.,1.));
#3946=DIRECTION('',(1.,0.,0.));
#3947=DIRECTION('',(0.,0.,1.));
#3948=DIRECTION('',(1.,0.,0.));
#3949=DIRECTION('',(0.,0.,1.));
#3950=DIRECTION('',(1.,0.,0.));
#3951=DIRECTION('',(0.,0.,1.));
#3952=DIRECTION('',(1.,0.,0.));
#3953=DIRECTION('',(-0.673484179492602,0.739201636884806,0.));
#3954=DIRECTION('',(-0.739201636884806,-0.673484179492602,0.));
#3955=DIRECTION('',(0.739201636884806,0.673484179492602,0.));
#3956=DIRECTION('',(0.,0.,-1.));
#3957=DIRECTION('',(0.739201636884806,0.673484179492602,0.));
#3958=DIRECTION('',(0.,0.,-1.));
#3959=DIRECTION('',(-0.673484179492602,-0.739201636884806,0.));
#3960=DIRECTION('',(0.739201636884806,-0.673484179492602,0.));
#3961=DIRECTION('',(-0.739201636884806,0.673484179492602,0.));
#3962=DIRECTION('',(0.,0.,-1.));
#3963=DIRECTION('',(-0.739201636884806,0.673484179492602,0.));
#3964=DIRECTION('',(-0.952855226929915,0.303425306314981,0.));
#3965=DIRECTION('',(-0.303425306314981,-0.952855226929915,0.));
#3966=DIRECTION('',(0.303425306314981,0.952855226929915,0.));
#3967=DIRECTION('',(0.,0.,-1.));
#3968=DIRECTION('',(0.303425306314981,0.952855226929915,0.));
#3969=DIRECTION('',(-0.213653590045109,-0.976909485807583,0.));
#3970=DIRECTION('',(0.976909485807583,-0.213653590045109,0.));
#3971=DIRECTION('',(-0.976909485807583,0.213653590045109,0.));
#3972=DIRECTION('',(0.,0.,-1.));
#3973=DIRECTION('',(-0.976909485807583,0.213653590045109,0.));
#3974=DIRECTION('',(-0.976909485807583,-0.213653590045109,0.));
#3975=DIRECTION('',(0.213653590045109,-0.976909485807583,0.));
#3976=DIRECTION('',(-0.213653590045109,0.976909485807583,0.));
#3977=DIRECTION('',(0.,0.,-1.));
#3978=DIRECTION('',(-0.213653590045109,0.976909485807583,0.));
#3979=DIRECTION('',(0.303425306314981,-0.952855226929915,0.));
#3980=DIRECTION('',(0.952855226929915,0.303425306314981,0.));
#3981=DIRECTION('',(-0.952855226929915,-0.303425306314981,0.));
#3982=DIRECTION('',(0.,0.,-1.));
#3983=DIRECTION('',(-0.952855226929915,-0.303425306314981,0.));
#3984=DIRECTION('',(-0.739201636884806,-0.673484179492602,0.));
#3985=DIRECTION('',(0.673484179492602,-0.739201636884806,0.));
#3986=DIRECTION('',(-0.673484179492602,0.739201636884806,0.));
#3987=DIRECTION('',(0.,0.,-1.));
#3988=DIRECTION('',(-0.673484179492602,0.739201636884806,0.));
#3989=DIRECTION('',(0.739201636884806,-0.673484179492602,0.));
#3990=DIRECTION('',(0.673484179492602,0.739201636884806,0.));
#3991=DIRECTION('',(-0.673484179492602,-0.739201636884806,0.));
#3992=DIRECTION('',(0.,0.,-1.));
#3993=DIRECTION('',(-0.673484179492602,-0.739201636884806,0.));
#3994=DIRECTION('',(-0.303425306314981,-0.952855226929915,0.));
#3995=DIRECTION('',(0.952855226929915,-0.303425306314981,0.));
#3996=DIRECTION('',(-0.952855226929915,0.303425306314981,0.));
#3997=DIRECTION('',(0.,0.,-1.));
#3998=DIRECTION('',(-0.952855226929915,0.303425306314981,0.));
#3999=DIRECTION('',(0.976909485807583,-0.21365359004511,0.));
#4000=DIRECTION('',(0.21365359004511,0.976909485807583,0.));
#4001=DIRECTION('',(-0.21365359004511,-0.976909485807583,0.));
#4002=DIRECTION('',(0.,0.,-1.));
#4003=DIRECTION('',(-0.21365359004511,-0.976909485807583,0.));
#4004=DIRECTION('',(0.21365359004511,-0.976909485807583,0.));
#4005=DIRECTION('',(0.976909485807583,0.21365359004511,0.));
#4006=DIRECTION('',(-0.976909485807583,-0.21365359004511,0.));
#4007=DIRECTION('',(0.,0.,-1.));
#4008=DIRECTION('',(-0.976909485807583,-0.21365359004511,0.));
#4009=DIRECTION('',(0.952855226929915,0.303425306314981,0.));
#4010=DIRECTION('',(-0.303425306314981,0.952855226929915,0.));
#4011=DIRECTION('',(0.303425306314981,-0.952855226929915,0.));
#4012=DIRECTION('',(0.,0.,-1.));
#4013=DIRECTION('',(0.303425306314981,-0.952855226929915,0.));
#4014=DIRECTION('',(0.673484179492602,-0.739201636884806,0.));
#4015=DIRECTION('',(0.739201636884806,0.673484179492602,0.));
#4016=DIRECTION('',(-0.739201636884806,-0.673484179492602,0.));
#4017=DIRECTION('',(0.,0.,-1.));
#4018=DIRECTION('',(-0.739201636884806,-0.673484179492602,0.));
#4019=DIRECTION('',(0.673484179492603,0.739201636884806,0.));
#4020=DIRECTION('',(-0.739201636884806,0.673484179492603,0.));
#4021=DIRECTION('',(0.739201636884806,-0.673484179492603,0.));
#4022=DIRECTION('',(0.,0.,-1.));
#4023=DIRECTION('',(0.739201636884806,-0.673484179492603,0.));
#4024=DIRECTION('',(0.952855226929915,-0.303425306314981,0.));
#4025=DIRECTION('',(0.303425306314981,0.952855226929915,0.));
#4026=DIRECTION('',(-0.303425306314981,-0.952855226929915,0.));
#4027=DIRECTION('',(0.,0.,-1.));
#4028=DIRECTION('',(-0.303425306314981,-0.952855226929915,0.));
#4029=DIRECTION('',(0.213653590045109,0.976909485807583,0.));
#4030=DIRECTION('',(-0.976909485807583,0.213653590045109,0.));
#4031=DIRECTION('',(0.976909485807583,-0.213653590045109,0.));
#4032=DIRECTION('',(0.,0.,-1.));
#4033=DIRECTION('',(0.976909485807583,-0.213653590045109,0.));
#4034=DIRECTION('',(0.976909485807583,0.213653590045109,0.));
#4035=DIRECTION('',(-0.213653590045109,0.976909485807583,0.));
#4036=DIRECTION('',(0.213653590045109,-0.976909485807583,0.));
#4037=DIRECTION('',(0.,0.,-1.));
#4038=DIRECTION('',(0.213653590045109,-0.976909485807583,0.));
#4039=DIRECTION('',(-0.30342530631498,0.952855226929916,0.));
#4040=DIRECTION('',(-0.952855226929916,-0.30342530631498,0.));
#4041=DIRECTION('',(0.952855226929916,0.303425306314979,0.));
#4042=DIRECTION('',(0.,0.,-1.));
#4043=DIRECTION('',(0.952855226929916,0.303425306314979,0.));
#4044=DIRECTION('',(0.739201636884806,0.673484179492602,0.));
#4045=DIRECTION('',(-0.673484179492602,0.739201636884806,0.));
#4046=DIRECTION('',(0.673484179492602,-0.739201636884806,0.));
#4047=DIRECTION('',(0.,0.,-1.));
#4048=DIRECTION('',(0.673484179492602,-0.739201636884806,0.));
#4049=DIRECTION('',(-0.739201636884806,0.673484179492602,0.));
#4050=DIRECTION('',(-0.673484179492602,-0.739201636884806,0.));
#4051=DIRECTION('',(0.673484179492602,0.739201636884806,0.));
#4052=DIRECTION('',(0.,0.,-1.));
#4053=DIRECTION('',(0.673484179492602,0.739201636884806,0.));
#4054=DIRECTION('',(0.30342530631498,0.952855226929915,0.));
#4055=DIRECTION('',(-0.952855226929915,0.30342530631498,0.));
#4056=DIRECTION('',(0.952855226929915,-0.30342530631498,0.));
#4057=DIRECTION('',(0.,0.,-1.));
#4058=DIRECTION('',(0.952855226929915,-0.30342530631498,0.));
#4059=DIRECTION('',(-0.976909485807583,0.213653590045109,0.));
#4060=DIRECTION('',(-0.213653590045109,-0.976909485807583,0.));
#4061=DIRECTION('',(0.213653590045109,0.976909485807583,0.));
#4062=DIRECTION('',(0.,0.,-1.));
#4063=DIRECTION('',(0.213653590045109,0.976909485807583,0.));
#4064=DIRECTION('',(-0.213653590045108,0.976909485807583,0.));
#4065=DIRECTION('',(-0.976909485807583,-0.213653590045108,0.));
#4066=DIRECTION('',(0.976909485807583,0.213653590045108,0.));
#4067=DIRECTION('',(0.,0.,-1.));
#4068=DIRECTION('',(0.976909485807583,0.213653590045108,0.));
#4069=DIRECTION('',(-0.952855226929916,-0.30342530631498,0.));
#4070=DIRECTION('',(0.30342530631498,-0.952855226929916,0.));
#4071=DIRECTION('',(-0.30342530631498,0.952855226929916,0.));
#4072=DIRECTION('',(-0.30342530631498,0.952855226929916,0.));
#4073=DIRECTION('',(0.,0.,1.));
#4074=DIRECTION('',(1.,0.,0.));
#4075=DIRECTION('',(0.,0.,1.));
#4076=DIRECTION('',(1.,0.,0.));
#4077=DIRECTION('',(0.,0.,1.));
#4078=DIRECTION('',(1.,0.,0.));
#4079=DIRECTION('',(0.,0.,1.));
#4080=DIRECTION('',(1.,0.,0.));
#4081=DIRECTION('',(0.,0.,-1.));
#4082=DIRECTION('',(-1.,0.,0.));
#4083=DIRECTION('',(0.,0.,1.));
#4084=DIRECTION('',(1.,0.,0.));
#4085=DIRECTION('',(-1.,0.,0.));
#4086=DIRECTION('',(0.,0.,1.));
#4087=DIRECTION('',(0.,1.,0.));
#4088=DIRECTION('',(0.,0.,-1.));
#4089=DIRECTION('',(0.,1.,0.));
#4090=DIRECTION('',(0.,0.,-1.));
#4091=DIRECTION('',(0.,1.,0.));
#4092=DIRECTION('',(0.,0.,1.));
#4093=DIRECTION('',(1.,0.,0.));
#4094=DIRECTION('',(0.,0.,-1.));
#4095=DIRECTION('',(1.,0.,0.));
#4096=DIRECTION('',(-1.,0.,0.));
#4097=DIRECTION('',(0.,0.,1.));
#4098=DIRECTION('',(0.,1.,0.));
#4099=DIRECTION('',(0.,0.,-1.));
#4100=DIRECTION('',(0.,1.,0.));
#4101=DIRECTION('',(0.,1.,0.));
#4102=DIRECTION('',(0.,0.,1.));
#4103=DIRECTION('',(1.,0.,0.));
#4104=DIRECTION('',(1.,0.,0.));
#4105=DIRECTION('',(0.,0.,1.));
#4106=DIRECTION('',(1.,0.,0.));
#4107=DIRECTION('',(0.,0.,1.));
#4108=DIRECTION('',(1.,0.,0.));
#4109=DIRECTION('',(0.,0.,1.));
#4110=DIRECTION('',(1.,0.,0.));
#4111=DIRECTION('',(0.,0.,1.));
#4112=DIRECTION('',(1.,0.,0.));
#4113=DIRECTION('',(0.,0.,1.));
#4114=DIRECTION('',(1.,0.,0.));
#4115=DIRECTION('',(0.,0.,1.));
#4116=DIRECTION('',(1.,0.,0.));
#4117=DIRECTION('',(0.,0.,1.));
#4118=DIRECTION('',(1.,0.,0.));
#4119=DIRECTION('',(0.,0.,1.));
#4120=DIRECTION('',(1.,0.,0.));
#4121=DIRECTION('',(0.,0.,-1.));
#4122=DIRECTION('',(-1.,0.,0.));
#4123=DIRECTION('',(0.,0.,-1.));
#4124=DIRECTION('',(-1.,0.,0.));
#4125=DIRECTION('',(0.,0.,-1.));
#4126=DIRECTION('',(-1.,0.,0.));
#4127=DIRECTION('',(0.,0.,1.));
#4128=DIRECTION('',(1.,0.,0.));
#4129=DIRECTION('',(0.,0.,-1.));
#4130=DIRECTION('',(-1.,0.,0.));
#4131=DIRECTION('',(0.,0.,1.));
#4132=DIRECTION('',(1.,0.,0.));
#4133=DIRECTION('',(0.,0.,-1.));
#4134=DIRECTION('',(0.,0.,1.));
#4135=DIRECTION('',(1.,0.,0.));
#4136=DIRECTION('',(0.,0.,-1.));
#4137=DIRECTION('',(0.,0.,-1.));
#4138=DIRECTION('',(-1.,0.,0.));
#4139=DIRECTION('',(0.,0.,1.));
#4140=DIRECTION('',(1.,0.,0.));
#4141=DIRECTION('',(0.,0.,1.));
#4142=DIRECTION('',(1.,0.,0.));
#4143=DIRECTION('',(0.,0.,1.));
#4144=DIRECTION('',(1.,0.,0.));
#4145=DIRECTION('',(0.,0.,1.));
#4146=DIRECTION('',(1.,0.,0.));
#4147=DIRECTION('',(0.,0.,1.));
#4148=DIRECTION('',(1.,0.,0.));
#4149=DIRECTION('',(-1.,0.,0.));
#4150=DIRECTION('',(0.,0.,1.));
#4151=DIRECTION('',(0.,1.,0.));
#4152=DIRECTION('',(0.,0.,-1.));
#4153=DIRECTION('',(0.,1.,0.));
#4154=DIRECTION('',(0.,0.,-1.));
#4155=DIRECTION('',(0.,1.,0.));
#4156=DIRECTION('',(0.,0.,1.));
#4157=DIRECTION('',(1.,0.,0.));
#4158=DIRECTION('',(0.,0.,-1.));
#4159=DIRECTION('',(1.,0.,0.));
#4160=DIRECTION('',(-1.,0.,0.));
#4161=DIRECTION('',(0.,0.,1.));
#4162=DIRECTION('',(0.,1.,0.));
#4163=DIRECTION('',(0.,0.,-1.));
#4164=DIRECTION('',(0.,1.,0.));
#4165=DIRECTION('',(0.,1.,0.));
#4166=DIRECTION('',(0.,0.,1.));
#4167=DIRECTION('',(1.,0.,0.));
#4168=DIRECTION('',(1.,0.,0.));
#4169=DIRECTION('',(0.,0.,1.));
#4170=DIRECTION('',(1.,0.,0.));
#4171=DIRECTION('',(0.,0.,1.));
#4172=DIRECTION('',(1.,0.,0.));
#4173=DIRECTION('',(0.,0.,1.));
#4174=DIRECTION('',(1.,0.,0.));
#4175=DIRECTION('',(0.,0.,-1.));
#4176=DIRECTION('',(-1.,0.,0.));
#4177=DIRECTION('',(0.,0.,1.));
#4178=DIRECTION('',(1.,0.,0.));
#4179=DIRECTION('',(0.,0.,1.));
#4180=DIRECTION('',(1.,0.,0.));
#4181=DIRECTION('',(0.,0.,1.));
#4182=DIRECTION('',(1.,0.,0.));
#4183=DIRECTION('',(0.,0.,-1.));
#4184=DIRECTION('',(-1.,0.,0.));
#4185=DIRECTION('',(0.,0.,1.));
#4186=DIRECTION('',(1.,0.,0.));
#4187=DIRECTION('',(0.,0.,-1.));
#4188=DIRECTION('',(0.,0.,1.));
#4189=DIRECTION('',(1.,0.,0.));
#4190=DIRECTION('',(0.,0.,-1.));
#4191=DIRECTION('',(0.,0.,-1.));
#4192=DIRECTION('',(-1.,0.,0.));
#4193=DIRECTION('',(0.,0.,1.));
#4194=DIRECTION('',(1.,0.,0.));
#4195=DIRECTION('',(0.,0.,1.));
#4196=DIRECTION('',(1.,0.,0.));
#4197=DIRECTION('',(0.,0.,1.));
#4198=DIRECTION('',(1.,0.,0.));
#4199=DIRECTION('',(0.,0.,1.));
#4200=DIRECTION('',(1.,0.,0.));
#4201=DIRECTION('',(0.,0.,1.));
#4202=DIRECTION('',(1.,0.,0.));
#4203=DIRECTION('',(-1.,0.,0.));
#4204=DIRECTION('',(0.,0.,1.));
#4205=DIRECTION('',(0.,1.,0.));
#4206=DIRECTION('',(0.,0.,-1.));
#4207=DIRECTION('',(0.,1.,0.));
#4208=DIRECTION('',(0.,0.,-1.));
#4209=DIRECTION('',(0.,1.,0.));
#4210=DIRECTION('',(0.,0.,1.));
#4211=DIRECTION('',(1.,0.,0.));
#4212=DIRECTION('',(0.,0.,-1.));
#4213=DIRECTION('',(1.,0.,0.));
#4214=DIRECTION('',(0.,0.,-1.));
#4215=DIRECTION('',(1.,0.,0.));
#4216=DIRECTION('',(-1.,0.,0.));
#4217=DIRECTION('',(0.,0.,1.));
#4218=DIRECTION('',(0.,1.,0.));
#4219=DIRECTION('',(0.,0.,-1.));
#4220=DIRECTION('',(0.,1.,0.));
#4221=DIRECTION('',(0.,1.,0.));
#4222=DIRECTION('',(0.,0.,1.));
#4223=DIRECTION('',(1.,0.,0.));
#4224=DIRECTION('',(1.,0.,0.));
#4225=DIRECTION('',(0.,0.,-1.));
#4226=DIRECTION('',(1.,0.,0.));
#4227=DIRECTION('',(0.,0.,1.));
#4228=DIRECTION('',(1.,0.,0.));
#4229=DIRECTION('',(0.,0.,1.));
#4230=DIRECTION('',(1.,0.,0.));
#4231=DIRECTION('',(0.,1.,0.));
#4232=DIRECTION('',(0.,0.,1.));
#4233=DIRECTION('',(1.,0.,0.));
#4234=DIRECTION('',(0.,0.,1.));
#4235=DIRECTION('',(1.,0.,0.));
#4236=DIRECTION('',(-1.,0.,0.));
#4237=DIRECTION('',(0.,0.,1.));
#4238=DIRECTION('',(0.,1.,0.));
#4239=DIRECTION('',(0.,0.,1.));
#4240=DIRECTION('',(1.,0.,0.));
#4241=DIRECTION('',(0.,0.,-1.));
#4242=DIRECTION('',(-1.,0.,0.));
#4243=CARTESIAN_POINT('',(0.,0.,0.));
#4244=CARTESIAN_POINT('',(1.5,2.265,0.005));
#4245=CARTESIAN_POINT('',(1.5,2.265,0.005));
#4246=CARTESIAN_POINT('',(1.5,2.255,0.005));
#4247=CARTESIAN_POINT('',(1.5,2.275,0.005));
#4248=CARTESIAN_POINT('',(1.5,2.275,0.005));
#4249=CARTESIAN_POINT('',(1.5,2.275,0.));
#4250=CARTESIAN_POINT('',(1.5,2.265,0.));
#4251=CARTESIAN_POINT('',(1.5,2.255,0.));
#4252=CARTESIAN_POINT('',(1.5,2.255,0.005));
#4253=CARTESIAN_POINT('',(1.52,2.25,0.005));
#4254=CARTESIAN_POINT('',(1.52,2.25,0.));
#4255=CARTESIAN_POINT('',(1.505,2.25,0.));
#4256=CARTESIAN_POINT('',(1.535,2.25,0.));
#4257=CARTESIAN_POINT('',(1.535,2.25,0.005));
#4258=CARTESIAN_POINT('',(1.535,2.25,0.005));
#4259=CARTESIAN_POINT('',(1.52,2.25,0.005));
#4260=CARTESIAN_POINT('',(1.505,2.25,0.005));
#4261=CARTESIAN_POINT('',(1.505,2.25,0.));
#4262=CARTESIAN_POINT('',(1.54,2.265,0.005));
#4263=CARTESIAN_POINT('',(1.54,2.265,0.));
#4264=CARTESIAN_POINT('',(1.54,2.255,0.));
#4265=CARTESIAN_POINT('',(1.54,2.275,0.));
#4266=CARTESIAN_POINT('',(1.54,2.275,0.005));
#4267=CARTESIAN_POINT('',(1.54,2.275,0.005));
#4268=CARTESIAN_POINT('',(1.54,2.265,0.005));
#4269=CARTESIAN_POINT('',(1.54,2.255,0.005));
#4270=CARTESIAN_POINT('',(1.54,2.255,0.005));
#4271=CARTESIAN_POINT('',(1.52,2.28,0.005));
#4272=CARTESIAN_POINT('',(1.52,2.28,0.005));
#4273=CARTESIAN_POINT('',(1.505,2.28,0.005));
#4274=CARTESIAN_POINT('',(1.535,2.28,0.005));
#4275=CARTESIAN_POINT('',(1.535,2.28,0.));
#4276=CARTESIAN_POINT('',(1.535,2.28,0.));
#4277=CARTESIAN_POINT('',(1.52,2.28,0.));
#4278=CARTESIAN_POINT('',(1.505,2.28,0.));
#4279=CARTESIAN_POINT('',(1.505,2.28,0.005));
#4280=CARTESIAN_POINT('',(1.52,2.265,0.005));
#4281=CARTESIAN_POINT('',(1.535,2.255,0.005));
#4282=CARTESIAN_POINT('',(1.537025,2.255,0.005));
#4283=CARTESIAN_POINT('',(1.505,2.275,0.005));
#4284=CARTESIAN_POINT('',(1.507025,2.275,0.005));
#4285=CARTESIAN_POINT('',(1.535,2.275,0.005));
#4286=CARTESIAN_POINT('',(1.537025,2.275,0.005));
#4287=CARTESIAN_POINT('',(1.505,2.255,0.005));
#4288=CARTESIAN_POINT('',(1.507025,2.255,0.005));
#4289=CARTESIAN_POINT('',(1.535,2.275,0.005));
#4290=CARTESIAN_POINT('',(1.505,2.275,0.005));
#4291=CARTESIAN_POINT('',(1.505,2.255,0.005));
#4292=CARTESIAN_POINT('',(1.535,2.255,0.005));
#4293=CARTESIAN_POINT('',(1.52,2.265,0.));
#4294=CARTESIAN_POINT('',(1.535,2.255,0.));
#4295=CARTESIAN_POINT('',(1.537025,2.255,0.));
#4296=CARTESIAN_POINT('',(1.505,2.275,0.));
#4297=CARTESIAN_POINT('',(1.507025,2.275,0.));
#4298=CARTESIAN_POINT('',(1.535,2.275,0.));
#4299=CARTESIAN_POINT('',(1.537025,2.275,0.));
#4300=CARTESIAN_POINT('',(1.505,2.255,0.));
#4301=CARTESIAN_POINT('',(1.507025,2.255,0.));
#4302=CARTESIAN_POINT('',(1.535,2.275,0.));
#4303=CARTESIAN_POINT('',(1.535,2.255,0.));
#4304=CARTESIAN_POINT('',(1.505,2.255,0.));
#4305=CARTESIAN_POINT('',(1.505,2.275,0.));
#4306=CARTESIAN_POINT('',(1.505,2.255,0.006));
#4307=CARTESIAN_POINT('',(1.535,2.275,0.006));
#4308=CARTESIAN_POINT('',(1.505,2.275,0.006));
#4309=CARTESIAN_POINT('',(1.535,2.255,0.006));
#4310=CARTESIAN_POINT('',(1.535,2.275,0.005));
#4311=CARTESIAN_POINT('',(1.505,2.275,0.005));
#4312=CARTESIAN_POINT('',(1.535,2.255,0.005));
#4313=CARTESIAN_POINT('',(1.505,2.255,0.005));
#4314=CARTESIAN_POINT('',(0.,0.,0.));
#4315=CARTESIAN_POINT('',(1.7551961524227,1.747,0.004));
#4316=CARTESIAN_POINT('',(1.7551961524227,1.747,0.));
#4317=CARTESIAN_POINT('',(1.75346410161514,1.744,0.));
#4318=CARTESIAN_POINT('',(1.75692820323027,1.75,0.));
#4319=CARTESIAN_POINT('',(1.75692820323027,1.75,0.004));
#4320=CARTESIAN_POINT('',(1.75692820323027,1.75,0.004));
#4321=CARTESIAN_POINT('',(1.7551961524227,1.747,0.004));
#4322=CARTESIAN_POINT('',(1.75346410161514,1.744,0.004));
#4323=CARTESIAN_POINT('',(1.75346410161514,1.744,0.004));
#4324=CARTESIAN_POINT('',(1.7551961524227,1.753,0.004));
#4325=CARTESIAN_POINT('',(1.7551961524227,1.753,0.));
#4326=CARTESIAN_POINT('',(1.75346410161514,1.756,0.));
#4327=CARTESIAN_POINT('',(1.75346410161514,1.756,0.004));
#4328=CARTESIAN_POINT('',(1.75346410161514,1.756,0.004));
#4329=CARTESIAN_POINT('',(1.7551961524227,1.753,0.004));
#4330=CARTESIAN_POINT('',(1.75,1.756,0.004));
#4331=CARTESIAN_POINT('',(1.75,1.756,0.));
#4332=CARTESIAN_POINT('',(1.74653589838486,1.756,0.));
#4333=CARTESIAN_POINT('',(1.74653589838486,1.756,0.004));
#4334=CARTESIAN_POINT('',(1.74653589838486,1.756,0.004));
#4335=CARTESIAN_POINT('',(1.75,1.756,0.004));
#4336=CARTESIAN_POINT('',(1.7448038475773,1.753,0.004));
#4337=CARTESIAN_POINT('',(1.7448038475773,1.753,0.));
#4338=CARTESIAN_POINT('',(1.74307179676972,1.75,0.));
#4339=CARTESIAN_POINT('',(1.74307179676972,1.75,0.004));
#4340=CARTESIAN_POINT('',(1.74307179676972,1.75,0.004));
#4341=CARTESIAN_POINT('',(1.7448038475773,1.753,0.004));
#4342=CARTESIAN_POINT('',(1.7448038475773,1.747,0.004));
#4343=CARTESIAN_POINT('',(1.7448038475773,1.747,0.));
#4344=CARTESIAN_POINT('',(1.74653589838486,1.744,0.));
#4345=CARTESIAN_POINT('',(1.74653589838486,1.744,0.004));
#4346=CARTESIAN_POINT('',(1.74653589838486,1.744,0.004));
#4347=CARTESIAN_POINT('',(1.7448038475773,1.747,0.004));
#4348=CARTESIAN_POINT('',(1.75,1.75,0.004));
#4349=CARTESIAN_POINT('',(1.75,1.75,0.004));
#4350=CARTESIAN_POINT('',(1.751525,1.75,0.004));
#4351=CARTESIAN_POINT('',(1.75,1.75,0.));
#4352=CARTESIAN_POINT('',(1.751525,1.75,0.));
#4353=CARTESIAN_POINT('',(1.75,1.744,0.004));
#4354=CARTESIAN_POINT('',(1.75,1.744,0.));
#4355=CARTESIAN_POINT('',(1.75,1.744,0.004));
#4356=CARTESIAN_POINT('',(1.75,1.75,0.004));
#4357=CARTESIAN_POINT('',(1.75,1.75,0.));
#4358=CARTESIAN_POINT('',(0.,0.,0.));
#4359=CARTESIAN_POINT('',(0.5040125,2.25,0.));
#4360=CARTESIAN_POINT('',(0.5,2.25,0.));
#4361=CARTESIAN_POINT('',(0.491975,2.25,0.));
#4362=CARTESIAN_POINT('',(0.5,2.25,0.));
#4363=CARTESIAN_POINT('',(0.5,2.25,0.006));
#4364=CARTESIAN_POINT('',(0.491975,2.25,0.006));
#4365=CARTESIAN_POINT('',(0.506525,2.25,0.006));
#4366=CARTESIAN_POINT('',(0.5,2.25,0.006));
#4367=CARTESIAN_POINT('',(0.494975,2.25,0.006));
#4368=CARTESIAN_POINT('',(0.5,2.25,0.));
#4369=CARTESIAN_POINT('',(0.5,2.25,0.018));
#4370=CARTESIAN_POINT('',(0.494975,2.25,0.018));
#4371=CARTESIAN_POINT('',(0.5025125,2.25,0.018));
#4372=CARTESIAN_POINT('',(0.,0.,0.));
#4373=CARTESIAN_POINT('',(0.75,1.762,0.004));
#4374=CARTESIAN_POINT('',(0.75,1.762,0.));
#4375=CARTESIAN_POINT('',(0.75,1.75,0.));
#4376=CARTESIAN_POINT('',(0.75,1.774,0.));
#4377=CARTESIAN_POINT('',(0.75,1.75,0.004));
#4378=CARTESIAN_POINT('',(0.75,1.75,0.004));
#4379=CARTESIAN_POINT('',(0.75,1.762,0.004));
#4380=CARTESIAN_POINT('',(0.75,1.774,0.004));
#4381=CARTESIAN_POINT('',(0.75,1.774,0.004));
#4382=CARTESIAN_POINT('',(0.766,1.75,0.004));
#4383=CARTESIAN_POINT('',(0.766,1.75,0.));
#4384=CARTESIAN_POINT('',(0.782,1.75,0.));
#4385=CARTESIAN_POINT('',(0.782,1.75,0.004));
#4386=CARTESIAN_POINT('',(0.782,1.75,0.004));
#4387=CARTESIAN_POINT('',(0.766,1.75,0.004));
#4388=CARTESIAN_POINT('',(0.782,1.762,0.004));
#4389=CARTESIAN_POINT('',(0.782,1.762,0.));
#4390=CARTESIAN_POINT('',(0.782,1.774,0.));
#4391=CARTESIAN_POINT('',(0.782,1.774,0.004));
#4392=CARTESIAN_POINT('',(0.782,1.774,0.004));
#4393=CARTESIAN_POINT('',(0.782,1.762,0.004));
#4394=CARTESIAN_POINT('',(0.758,1.758,0.004));
#4395=CARTESIAN_POINT('',(0.758,1.758,0.004));
#4396=CARTESIAN_POINT('',(0.760025,1.758,0.004));
#4397=CARTESIAN_POINT('',(0.758,1.758,0.));
#4398=CARTESIAN_POINT('',(0.760025,1.758,0.));
#4399=CARTESIAN_POINT('',(0.774,1.758,0.004));
#4400=CARTESIAN_POINT('',(0.774,1.758,0.004));
#4401=CARTESIAN_POINT('',(0.776025,1.758,0.004));
#4402=CARTESIAN_POINT('',(0.774,1.758,0.));
#4403=CARTESIAN_POINT('',(0.776025,1.758,0.));
#4404=CARTESIAN_POINT('',(0.766,1.766,0.004));
#4405=CARTESIAN_POINT('',(0.766,1.766,0.004));
#4406=CARTESIAN_POINT('',(0.768025,1.766,0.004));
#4407=CARTESIAN_POINT('',(0.766,1.766,0.));
#4408=CARTESIAN_POINT('',(0.768025,1.766,0.));
#4409=CARTESIAN_POINT('',(0.766,1.774,0.004));
#4410=CARTESIAN_POINT('',(0.766,1.774,0.));
#4411=CARTESIAN_POINT('',(0.766,1.774,0.004));
#4412=CARTESIAN_POINT('',(0.766,1.762,0.004));
#4413=CARTESIAN_POINT('',(0.766,1.762,0.));
#4414=CARTESIAN_POINT('',(0.,0.,0.));
#4415=CARTESIAN_POINT('',(0.,2.,0.014));
#4416=CARTESIAN_POINT('',(0.,2.,0.014));
#4417=CARTESIAN_POINT('',(0.009025,2.,0.014));
#4418=CARTESIAN_POINT('',(0.,2.,0.));
#4419=CARTESIAN_POINT('',(0.009025,2.,0.));
#4420=CARTESIAN_POINT('',(0.,2.,0.014));
#4421=CARTESIAN_POINT('',(0.,2.,0.014));
#4422=CARTESIAN_POINT('',(0.003025,2.,0.014));
#4423=CARTESIAN_POINT('',(0.,2.,0.));
#4424=CARTESIAN_POINT('',(0.,2.,0.));
#4425=CARTESIAN_POINT('',(0.003025,2.,0.));
#4426=CARTESIAN_POINT('',(0.,2.,0.016));
#4427=CARTESIAN_POINT('',(0.,0.,0.));
#4428=CARTESIAN_POINT('',(0.5,2.012,0.02));
#4429=CARTESIAN_POINT('',(0.5,2.018,0.014));
#4430=CARTESIAN_POINT('',(0.5,2.018,0.016025));
#4431=CARTESIAN_POINT('',(0.5,2.012,0.));
#4432=CARTESIAN_POINT('',(0.5,2.,0.));
#4433=CARTESIAN_POINT('',(0.5,2.024,0.));
#4434=CARTESIAN_POINT('',(0.5,2.,0.02));
#4435=CARTESIAN_POINT('',(0.5,2.,0.02));
#4436=CARTESIAN_POINT('',(0.5,2.012,0.02));
#4437=CARTESIAN_POINT('',(0.5,2.024,0.02));
#4438=CARTESIAN_POINT('',(0.5,2.024,0.02));
#4439=CARTESIAN_POINT('',(0.52,2.,0.02));
#4440=CARTESIAN_POINT('',(0.52,2.,0.));
#4441=CARTESIAN_POINT('',(0.54,2.,0.));
#4442=CARTESIAN_POINT('',(0.54,2.,0.02));
#4443=CARTESIAN_POINT('',(0.54,2.,0.02));
#4444=CARTESIAN_POINT('',(0.52,2.,0.02));
#4445=CARTESIAN_POINT('',(0.54,2.012,0.02));
#4446=CARTESIAN_POINT('',(0.54,2.018,0.014));
#4447=CARTESIAN_POINT('',(0.54,2.018,0.016025));
#4448=CARTESIAN_POINT('',(0.54,2.012,0.));
#4449=CARTESIAN_POINT('',(0.54,2.024,0.));
#4450=CARTESIAN_POINT('',(0.54,2.024,0.02));
#4451=CARTESIAN_POINT('',(0.54,2.024,0.02));
#4452=CARTESIAN_POINT('',(0.54,2.012,0.02));
#4453=CARTESIAN_POINT('',(0.52,2.024,0.02));
#4454=CARTESIAN_POINT('',(0.52,2.024,0.));
#4455=CARTESIAN_POINT('',(0.52,2.024,0.02));
#4456=CARTESIAN_POINT('',(0.52,2.012,0.02));
#4457=CARTESIAN_POINT('',(0.51,2.006,0.02));
#4458=CARTESIAN_POINT('',(0.512025,2.006,0.02));
#4459=CARTESIAN_POINT('',(0.52,2.012,0.));
#4460=CARTESIAN_POINT('',(0.51,2.006,0.));
#4461=CARTESIAN_POINT('',(0.512025,2.006,0.));
#4462=CARTESIAN_POINT('',(0.51,2.006,0.021));
#4463=CARTESIAN_POINT('',(0.541,2.018,0.014));
#4464=CARTESIAN_POINT('',(0.,0.,0.));
#4465=CARTESIAN_POINT('',(0.,2.265,0.005));
#4466=CARTESIAN_POINT('',(0.,2.265,0.));
#4467=CARTESIAN_POINT('',(0.,2.25,0.));
#4468=CARTESIAN_POINT('',(0.,2.28,0.));
#4469=CARTESIAN_POINT('',(0.,2.25,0.005));
#4470=CARTESIAN_POINT('',(0.,2.25,0.005));
#4471=CARTESIAN_POINT('',(0.,2.265,0.005));
#4472=CARTESIAN_POINT('',(0.,2.28,0.005));
#4473=CARTESIAN_POINT('',(0.,2.28,0.005));
#4474=CARTESIAN_POINT('',(0.02,2.25,0.005));
#4475=CARTESIAN_POINT('',(0.02,2.25,0.));
#4476=CARTESIAN_POINT('',(0.04,2.25,0.));
#4477=CARTESIAN_POINT('',(0.04,2.25,0.005));
#4478=CARTESIAN_POINT('',(0.04,2.25,0.005));
#4479=CARTESIAN_POINT('',(0.02,2.25,0.005));
#4480=CARTESIAN_POINT('',(0.04,2.265,0.005));
#4481=CARTESIAN_POINT('',(0.04,2.265,0.));
#4482=CARTESIAN_POINT('',(0.04,2.28,0.));
#4483=CARTESIAN_POINT('',(0.04,2.28,0.005));
#4484=CARTESIAN_POINT('',(0.04,2.28,0.005));
#4485=CARTESIAN_POINT('',(0.04,2.265,0.005));
#4486=CARTESIAN_POINT('',(0.02,2.28,0.005));
#4487=CARTESIAN_POINT('',(0.02,2.28,0.));
#4488=CARTESIAN_POINT('',(0.02,2.28,0.005));
#4489=CARTESIAN_POINT('',(0.02,2.265,0.005));
#4490=CARTESIAN_POINT('',(0.034,2.256,0.005));
#4491=CARTESIAN_POINT('',(0.036025,2.256,0.005));
#4492=CARTESIAN_POINT('',(0.006,2.274,0.005));
#4493=CARTESIAN_POINT('',(0.008025,2.274,0.005));
#4494=CARTESIAN_POINT('',(0.034,2.274,0.005));
#4495=CARTESIAN_POINT('',(0.036025,2.274,0.005));
#4496=CARTESIAN_POINT('',(0.006,2.256,0.005));
#4497=CARTESIAN_POINT('',(0.008025,2.256,0.005));
#4498=CARTESIAN_POINT('',(0.02,2.265,0.));
#4499=CARTESIAN_POINT('',(0.034,2.256,0.));
#4500=CARTESIAN_POINT('',(0.036025,2.256,0.));
#4501=CARTESIAN_POINT('',(0.006,2.274,0.));
#4502=CARTESIAN_POINT('',(0.008025,2.274,0.));
#4503=CARTESIAN_POINT('',(0.034,2.274,0.));
#4504=CARTESIAN_POINT('',(0.036025,2.274,0.));
#4505=CARTESIAN_POINT('',(0.006,2.256,0.));
#4506=CARTESIAN_POINT('',(0.008025,2.256,0.));
#4507=CARTESIAN_POINT('',(0.006,2.256,0.006));
#4508=CARTESIAN_POINT('',(0.034,2.274,0.006));
#4509=CARTESIAN_POINT('',(0.006,2.274,0.006));
#4510=CARTESIAN_POINT('',(0.034,2.256,0.006));
#4511=CARTESIAN_POINT('',(0.,0.,0.));
#4512=CARTESIAN_POINT('',(1.75,2.008,0.012));
#4513=CARTESIAN_POINT('',(1.75,2.008,0.));
#4514=CARTESIAN_POINT('',(1.75,2.,0.));
#4515=CARTESIAN_POINT('',(1.75,2.016,0.));
#4516=CARTESIAN_POINT('',(1.75,2.,0.012));
#4517=CARTESIAN_POINT('',(1.75,2.,0.012));
#4518=CARTESIAN_POINT('',(1.75,2.008,0.012));
#4519=CARTESIAN_POINT('',(1.75,2.016,0.012));
#4520=CARTESIAN_POINT('',(1.75,2.016,0.012));
#4521=CARTESIAN_POINT('',(1.762,2.,0.012));
#4522=CARTESIAN_POINT('',(1.758,2.,0.012));
#4523=CARTESIAN_POINT('',(1.758,2.,0.005));
#4524=CARTESIAN_POINT('',(1.758,2.,0.009));
#4525=CARTESIAN_POINT('',(1.762,2.,0.009));
#4526=CARTESIAN_POINT('',(1.766,2.,0.009));
#4527=CARTESIAN_POINT('',(1.766,2.,0.012));
#4528=CARTESIAN_POINT('',(1.766,2.,0.005));
#4529=CARTESIAN_POINT('',(1.762,2.,0.005));
#4530=CARTESIAN_POINT('',(1.762,2.,0.));
#4531=CARTESIAN_POINT('',(1.774,2.,0.));
#4532=CARTESIAN_POINT('',(1.774,2.,0.012));
#4533=CARTESIAN_POINT('',(1.774,2.,0.012));
#4534=CARTESIAN_POINT('',(1.762,2.,0.012));
#4535=CARTESIAN_POINT('',(1.774,2.008,0.012));
#4536=CARTESIAN_POINT('',(1.774,2.008,0.));
#4537=CARTESIAN_POINT('',(1.774,2.016,0.));
#4538=CARTESIAN_POINT('',(1.774,2.016,0.012));
#4539=CARTESIAN_POINT('',(1.774,2.016,0.012));
#4540=CARTESIAN_POINT('',(1.774,2.008,0.012));
#4541=CARTESIAN_POINT('',(1.762,2.016,0.012));
#4542=CARTESIAN_POINT('',(1.762,2.016,0.));
#4543=CARTESIAN_POINT('',(1.762,2.016,0.012));
#4544=CARTESIAN_POINT('',(1.762,2.008,0.012));
#4545=CARTESIAN_POINT('',(1.762,2.008,0.012));
#4546=CARTESIAN_POINT('',(1.764025,2.008,0.012));
#4547=CARTESIAN_POINT('',(1.762,2.008,0.));
#4548=CARTESIAN_POINT('',(1.762,2.008,0.));
#4549=CARTESIAN_POINT('',(1.764025,2.008,0.));
#4550=CARTESIAN_POINT('',(1.758,2.005,0.009));
#4551=CARTESIAN_POINT('',(1.758,2.005,0.005));
#4552=CARTESIAN_POINT('',(1.758,2.012,0.005));
#4553=CARTESIAN_POINT('',(1.758,2.012,0.009));
#4554=CARTESIAN_POINT('',(1.758,2.012,0.009));
#4555=CARTESIAN_POINT('',(1.758,2.005,0.009));
#4556=CARTESIAN_POINT('',(1.766,2.005,0.009));
#4557=CARTESIAN_POINT('',(1.766,2.005,0.009));
#4558=CARTESIAN_POINT('',(1.766,2.012,0.009));
#4559=CARTESIAN_POINT('',(1.766,2.012,0.009));
#4560=CARTESIAN_POINT('',(1.766,2.012,0.005));
#4561=CARTESIAN_POINT('',(1.766,2.005,0.005));
#4562=CARTESIAN_POINT('',(1.762,2.005,0.009));
#4563=CARTESIAN_POINT('',(1.762,2.008,0.009));
#4564=CARTESIAN_POINT('',(1.764025,2.008,0.009));
#4565=CARTESIAN_POINT('',(1.762,2.012,0.009));
#4566=CARTESIAN_POINT('',(1.762,2.005,0.005));
#4567=CARTESIAN_POINT('',(1.762,2.008,0.005));
#4568=CARTESIAN_POINT('',(1.764025,2.008,0.005));
#4569=CARTESIAN_POINT('',(1.762,2.012,0.005));
#4570=CARTESIAN_POINT('',(1.762,2.008,0.013));
#4571=CARTESIAN_POINT('',(1.762,2.008,0.013));
#4572=CARTESIAN_POINT('',(1.762,2.012,0.009));
#4573=CARTESIAN_POINT('',(0.,0.,0.));
#4574=CARTESIAN_POINT('',(2.25,2.012,0.01));
#4575=CARTESIAN_POINT('',(2.25,2.012,0.));
#4576=CARTESIAN_POINT('',(2.25,2.,0.));
#4577=CARTESIAN_POINT('',(2.25,2.024,0.));
#4578=CARTESIAN_POINT('',(2.25,2.,0.01));
#4579=CARTESIAN_POINT('',(2.25,2.,0.01));
#4580=CARTESIAN_POINT('',(2.25,2.012,0.01));
#4581=CARTESIAN_POINT('',(2.25,2.024,0.01));
#4582=CARTESIAN_POINT('',(2.25,2.024,0.01));
#4583=CARTESIAN_POINT('',(2.266,2.,0.01));
#4584=CARTESIAN_POINT('',(2.266,2.,0.));
#4585=CARTESIAN_POINT('',(2.282,2.,0.));
#4586=CARTESIAN_POINT('',(2.282,2.,0.01));
#4587=CARTESIAN_POINT('',(2.282,2.,0.01));
#4588=CARTESIAN_POINT('',(2.266,2.,0.01));
#4589=CARTESIAN_POINT('',(2.282,2.012,0.01));
#4590=CARTESIAN_POINT('',(2.282,2.012,0.));
#4591=CARTESIAN_POINT('',(2.282,2.024,0.));
#4592=CARTESIAN_POINT('',(2.282,2.024,0.01));
#4593=CARTESIAN_POINT('',(2.282,2.024,0.01));
#4594=CARTESIAN_POINT('',(2.282,2.012,0.01));
#4595=CARTESIAN_POINT('',(2.266,2.024,0.01));
#4596=CARTESIAN_POINT('',(2.266,2.024,0.));
#4597=CARTESIAN_POINT('',(2.266,2.024,0.01));
#4598=CARTESIAN_POINT('',(2.266,2.012,0.01));
#4599=CARTESIAN_POINT('',(2.266,2.012,0.01));
#4600=CARTESIAN_POINT('',(2.270025,2.012,0.01));
#4601=CARTESIAN_POINT('',(2.266,2.012,0.));
#4602=CARTESIAN_POINT('',(2.266,2.012,0.));
#4603=CARTESIAN_POINT('',(2.268025,2.012,0.));
#4604=CARTESIAN_POINT('',(2.266,2.012,0.011));
#4605=CARTESIAN_POINT('',(2.266,2.012,0.007));
#4606=CARTESIAN_POINT('',(2.268025,2.012,0.007));
#4607=CARTESIAN_POINT('',(2.266,2.012,0.011));
#4608=CARTESIAN_POINT('',(2.266,2.012,0.007));
#4609=CARTESIAN_POINT('',(2.270025,2.012,0.007));
#4610=CARTESIAN_POINT('',(2.266,2.012,0.007));
#4611=CARTESIAN_POINT('',(0.,0.,0.));
#4612=CARTESIAN_POINT('',(1.25,2.,0.012));
#4613=CARTESIAN_POINT('',(1.25,2.,0.012));
#4614=CARTESIAN_POINT('',(1.260025,2.,0.012));
#4615=CARTESIAN_POINT('',(1.25433012701892,2.0025,0.012));
#4616=CARTESIAN_POINT('',(1.25288675134595,2.005,0.012));
#4617=CARTESIAN_POINT('',(1.2557735026919,2.,0.012));
#4618=CARTESIAN_POINT('',(1.25433012701892,1.9975,0.012));
#4619=CARTESIAN_POINT('',(1.25288675134595,1.995,0.012));
#4620=CARTESIAN_POINT('',(1.25,1.995,0.012));
#4621=CARTESIAN_POINT('',(1.24711324865405,1.995,0.012));
#4622=CARTESIAN_POINT('',(1.24566987298108,1.9975,0.012));
#4623=CARTESIAN_POINT('',(1.2442264973081,2.,0.012));
#4624=CARTESIAN_POINT('',(1.24566987298108,2.0025,0.012));
#4625=CARTESIAN_POINT('',(1.24711324865405,2.005,0.012));
#4626=CARTESIAN_POINT('',(1.25,2.005,0.012));
#4627=CARTESIAN_POINT('',(1.25,2.,0.012));
#4628=CARTESIAN_POINT('',(1.25,2.,0.));
#4629=CARTESIAN_POINT('',(1.260025,2.,0.));
#4630=CARTESIAN_POINT('',(1.25,2.,0.));
#4631=CARTESIAN_POINT('',(1.25,2.,0.));
#4632=CARTESIAN_POINT('',(1.252025,2.,0.));
#4633=CARTESIAN_POINT('',(1.25,2.,0.013));
#4634=CARTESIAN_POINT('',(1.25,2.,0.008));
#4635=CARTESIAN_POINT('',(1.252025,2.,0.008));
#4636=CARTESIAN_POINT('',(1.25433012701892,1.9975,0.013));
#4637=CARTESIAN_POINT('',(1.2557735026919,2.,0.013));
#4638=CARTESIAN_POINT('',(1.2557735026919,2.,0.008));
#4639=CARTESIAN_POINT('',(1.25433012701892,1.9975,0.008));
#4640=CARTESIAN_POINT('',(1.25288675134595,1.995,0.008));
#4641=CARTESIAN_POINT('',(1.25288675134595,1.995,0.013));
#4642=CARTESIAN_POINT('',(1.25433012701892,2.0025,0.013));
#4643=CARTESIAN_POINT('',(1.25288675134595,2.005,0.013));
#4644=CARTESIAN_POINT('',(1.25288675134595,2.005,0.008));
#4645=CARTESIAN_POINT('',(1.25433012701892,2.0025,0.008));
#4646=CARTESIAN_POINT('',(1.25,2.005,0.013));
#4647=CARTESIAN_POINT('',(1.24711324865405,2.005,0.013));
#4648=CARTESIAN_POINT('',(1.24711324865405,2.005,0.008));
#4649=CARTESIAN_POINT('',(1.25,2.005,0.008));
#4650=CARTESIAN_POINT('',(1.24566987298108,2.0025,0.013));
#4651=CARTESIAN_POINT('',(1.2442264973081,2.,0.013));
#4652=CARTESIAN_POINT('',(1.2442264973081,2.,0.008));
#4653=CARTESIAN_POINT('',(1.24566987298108,2.0025,0.008));
#4654=CARTESIAN_POINT('',(1.24566987298108,1.9975,0.013));
#4655=CARTESIAN_POINT('',(1.24711324865405,1.995,0.013));
#4656=CARTESIAN_POINT('',(1.24711324865405,1.995,0.008));
#4657=CARTESIAN_POINT('',(1.24566987298108,1.9975,0.008));
#4658=CARTESIAN_POINT('',(1.25,1.995,0.013));
#4659=CARTESIAN_POINT('',(1.25,1.995,0.008));
#4660=CARTESIAN_POINT('',(1.25,2.,0.008));
#4661=CARTESIAN_POINT('',(0.,0.,0.));
#4662=CARTESIAN_POINT('',(1.5,2.008,0.004));
#4663=CARTESIAN_POINT('',(1.5,2.008,0.));
#4664=CARTESIAN_POINT('',(1.5,2.,0.));
#4665=CARTESIAN_POINT('',(1.5,2.016,0.));
#4666=CARTESIAN_POINT('',(1.5,2.,0.004));
#4667=CARTESIAN_POINT('',(1.5,2.,0.004));
#4668=CARTESIAN_POINT('',(1.5,2.008,0.004));
#4669=CARTESIAN_POINT('',(1.5,2.016,0.004));
#4670=CARTESIAN_POINT('',(1.5,2.016,0.004));
#4671=CARTESIAN_POINT('',(1.512,2.,0.004));
#4672=CARTESIAN_POINT('',(1.512,2.,0.));
#4673=CARTESIAN_POINT('',(1.524,2.,0.));
#4674=CARTESIAN_POINT('',(1.524,2.,0.004));
#4675=CARTESIAN_POINT('',(1.524,2.,0.004));
#4676=CARTESIAN_POINT('',(1.512,2.,0.004));
#4677=CARTESIAN_POINT('',(1.524,2.008,0.004));
#4678=CARTESIAN_POINT('',(1.524,2.008,0.));
#4679=CARTESIAN_POINT('',(1.524,2.016,0.));
#4680=CARTESIAN_POINT('',(1.524,2.016,0.004));
#4681=CARTESIAN_POINT('',(1.524,2.016,0.004));
#4682=CARTESIAN_POINT('',(1.524,2.008,0.004));
#4683=CARTESIAN_POINT('',(1.512,2.016,0.004));
#4684=CARTESIAN_POINT('',(1.512,2.016,0.));
#4685=CARTESIAN_POINT('',(1.512,2.016,0.004));
#4686=CARTESIAN_POINT('',(1.512,2.008,0.004));
#4687=CARTESIAN_POINT('',(1.512,2.008,0.004));
#4688=CARTESIAN_POINT('',(1.516025,2.008,0.004));
#4689=CARTESIAN_POINT('',(1.512,2.008,0.));
#4690=CARTESIAN_POINT('',(1.512,2.008,0.012));
#4691=CARTESIAN_POINT('',(1.512,2.008,0.012));
#4692=CARTESIAN_POINT('',(1.516025,2.008,0.012));
#4693=CARTESIAN_POINT('',(1.512,2.008,0.012));
#4694=CARTESIAN_POINT('',(0.,0.,0.));
#4695=CARTESIAN_POINT('',(0.25,1.75,0.004));
#4696=CARTESIAN_POINT('',(0.25,1.75,0.));
#4697=CARTESIAN_POINT('',(0.255025,1.75,0.));
#4698=CARTESIAN_POINT('',(0.244975,1.75,0.));
#4699=CARTESIAN_POINT('',(0.244975,1.75,0.004));
#4700=CARTESIAN_POINT('',(0.244975,1.75,0.004));
#4701=CARTESIAN_POINT('',(0.25,1.75,0.004));
#4702=CARTESIAN_POINT('',(0.255025,1.75,0.004));
#4703=CARTESIAN_POINT('',(0.255025,1.75,0.004));
#4704=CARTESIAN_POINT('',(0.25,1.75,0.004));
#4705=CARTESIAN_POINT('',(0.25,1.75,0.));
#4706=CARTESIAN_POINT('',(0.25,1.75,0.004));
#4707=CARTESIAN_POINT('',(0.25,1.75,0.004));
#4708=CARTESIAN_POINT('',(0.25,1.75,0.));
#4709=CARTESIAN_POINT('',(0.,0.,0.));
#4710=CARTESIAN_POINT('',(2.79,2.016,0.008));
#4711=CARTESIAN_POINT('',(2.79,2.016,0.));
#4712=CARTESIAN_POINT('',(2.79,2.008,0.));
#4713=CARTESIAN_POINT('',(2.79,2.024,0.));
#4714=CARTESIAN_POINT('',(2.79,2.008,0.008));
#4715=CARTESIAN_POINT('',(2.79,2.008,0.008));
#4716=CARTESIAN_POINT('',(2.79,2.016,0.008));
#4717=CARTESIAN_POINT('',(2.79,2.024,0.008));
#4718=CARTESIAN_POINT('',(2.79,2.024,0.008));
#4719=CARTESIAN_POINT('',(2.802,2.008,0.008));
#4720=CARTESIAN_POINT('',(2.802,2.008,0.));
#4721=CARTESIAN_POINT('',(2.814,2.008,0.));
#4722=CARTESIAN_POINT('',(2.814,2.008,0.008));
#4723=CARTESIAN_POINT('',(2.814,2.008,0.008));
#4724=CARTESIAN_POINT('',(2.802,2.008,0.008));
#4725=CARTESIAN_POINT('',(2.814,2.016,0.008));
#4726=CARTESIAN_POINT('',(2.814,2.016,0.));
#4727=CARTESIAN_POINT('',(2.814,2.024,0.));
#4728=CARTESIAN_POINT('',(2.814,2.024,0.008));
#4729=CARTESIAN_POINT('',(2.814,2.024,0.008));
#4730=CARTESIAN_POINT('',(2.814,2.016,0.008));
#4731=CARTESIAN_POINT('',(2.802,2.024,0.008));
#4732=CARTESIAN_POINT('',(2.802,2.024,0.));
#4733=CARTESIAN_POINT('',(2.802,2.024,0.008));
#4734=CARTESIAN_POINT('',(2.802,2.016,0.008));
#4735=CARTESIAN_POINT('',(2.802,2.016,0.008));
#4736=CARTESIAN_POINT('',(2.804025,2.016,0.008));
#4737=CARTESIAN_POINT('',(2.802,2.016,0.));
#4738=CARTESIAN_POINT('',(2.802,2.016,0.));
#4739=CARTESIAN_POINT('',(2.804025,2.016,0.));
#4740=CARTESIAN_POINT('',(2.802,2.016,0.009));
#4741=CARTESIAN_POINT('',(0.,0.,0.));
#4742=CARTESIAN_POINT('',(-0.00299999999999968,1.75,0.004));
#4743=CARTESIAN_POINT('',(-0.00299999999999968,1.75,0.));
#4744=CARTESIAN_POINT('',(-1.24466409401336E-16,1.74596879360489,0.));
#4745=CARTESIAN_POINT('',(-1.27502175484295E-16,1.75403120639512,0.));
#4746=CARTESIAN_POINT('',(-1.24466409401336E-16,1.74596879360489,0.004));
#4747=CARTESIAN_POINT('',(-1.24466409401336E-16,1.74596879360489,0.004));
#4748=CARTESIAN_POINT('',(-0.00299999999999968,1.75,0.004));
#4749=CARTESIAN_POINT('',(-1.27502175484295E-16,1.75403120639512,0.004));
#4750=CARTESIAN_POINT('',(-1.27502175484295E-16,1.75403120639512,0.004));
#4751=CARTESIAN_POINT('',(0.003,1.75,0.004));
#4752=CARTESIAN_POINT('',(0.003,1.75,0.));
#4753=CARTESIAN_POINT('',(0.003,1.75,0.004));
#4754=CARTESIAN_POINT('',(0.,1.75,0.004));
#4755=CARTESIAN_POINT('',(0.,1.75,0.));
#4756=CARTESIAN_POINT('',(0.,0.,0.));
#4757=CARTESIAN_POINT('',(1.00886370330516,1.99896472381959,0.004));
#4758=CARTESIAN_POINT('',(1.00886370330516,1.99896472381959,0.));
#4759=CARTESIAN_POINT('',(1.00772740661031,1.99792944763918,0.));
#4760=CARTESIAN_POINT('',(1.01,2.,0.));
#4761=CARTESIAN_POINT('',(1.01,2.,0.004));
#4762=CARTESIAN_POINT('',(1.01,2.,0.004));
#4763=CARTESIAN_POINT('',(1.00886370330516,1.99896472381959,0.004));
#4764=CARTESIAN_POINT('',(1.00772740661031,1.99792944763918,0.004));
#4765=CARTESIAN_POINT('',(1.00772740661031,1.99792944763918,0.004));
#4766=CARTESIAN_POINT('',(1.00886370330516,2.00103527618041,0.004));
#4767=CARTESIAN_POINT('',(1.00886370330516,2.00103527618041,0.));
#4768=CARTESIAN_POINT('',(1.00772740661031,2.00207055236082,0.));
#4769=CARTESIAN_POINT('',(1.00772740661031,2.00207055236082,0.004));
#4770=CARTESIAN_POINT('',(1.00772740661031,2.00207055236082,0.004));
#4771=CARTESIAN_POINT('',(1.00886370330516,2.00103527618041,0.004));
#4772=CARTESIAN_POINT('',(1.00819383032408,2.00353527618041,0.004));
#4773=CARTESIAN_POINT('',(1.00819383032408,2.00353527618041,0.));
#4774=CARTESIAN_POINT('',(1.00866025403784,2.005,0.));
#4775=CARTESIAN_POINT('',(1.00866025403784,2.005,0.004));
#4776=CARTESIAN_POINT('',(1.00866025403784,2.005,0.004));
#4777=CARTESIAN_POINT('',(1.00819383032408,2.00353527618041,0.004));
#4778=CARTESIAN_POINT('',(1.00715855414367,2.00532842712474,0.004));
#4779=CARTESIAN_POINT('',(1.00715855414367,2.00532842712474,0.));
#4780=CARTESIAN_POINT('',(1.00565685424949,2.0056568542495,0.));
#4781=CARTESIAN_POINT('',(1.00565685424949,2.0056568542495,0.004));
#4782=CARTESIAN_POINT('',(1.00565685424949,2.0056568542495,0.004));
#4783=CARTESIAN_POINT('',(1.00715855414367,2.00532842712474,0.004));
#4784=CARTESIAN_POINT('',(1.00532842712475,2.00715855414367,0.004));
#4785=CARTESIAN_POINT('',(1.00532842712475,2.00715855414367,0.));
#4786=CARTESIAN_POINT('',(1.005,2.00866025403784,0.));
#4787=CARTESIAN_POINT('',(1.005,2.00866025403784,0.004));
#4788=CARTESIAN_POINT('',(1.005,2.00866025403784,0.004));
#4789=CARTESIAN_POINT('',(1.00532842712475,2.00715855414367,0.004));
#4790=CARTESIAN_POINT('',(1.00353527618041,2.00819383032408,0.004));
#4791=CARTESIAN_POINT('',(1.00353527618041,2.00819383032408,0.));
#4792=CARTESIAN_POINT('',(1.00207055236082,2.00772740661031,0.));
#4793=CARTESIAN_POINT('',(1.00207055236082,2.00772740661031,0.004));
#4794=CARTESIAN_POINT('',(1.00207055236082,2.00772740661031,0.004));
#4795=CARTESIAN_POINT('',(1.00353527618041,2.00819383032408,0.004));
#4796=CARTESIAN_POINT('',(1.00103527618041,2.00886370330515,0.004));
#4797=CARTESIAN_POINT('',(1.00103527618041,2.00886370330515,0.));
#4798=CARTESIAN_POINT('',(1.,2.01,0.));
#4799=CARTESIAN_POINT('',(1.,2.01,0.004));
#4800=CARTESIAN_POINT('',(1.,2.01,0.004));
#4801=CARTESIAN_POINT('',(1.00103527618041,2.00886370330515,0.004));
#4802=CARTESIAN_POINT('',(0.99896472381959,2.00886370330515,0.004));
#4803=CARTESIAN_POINT('',(0.99896472381959,2.00886370330515,0.));
#4804=CARTESIAN_POINT('',(0.99792944763918,2.00772740661031,0.));
#4805=CARTESIAN_POINT('',(0.99792944763918,2.00772740661031,0.004));
#4806=CARTESIAN_POINT('',(0.99792944763918,2.00772740661031,0.004));
#4807=CARTESIAN_POINT('',(0.99896472381959,2.00886370330515,0.004));
#4808=CARTESIAN_POINT('',(0.99646472381959,2.00819383032408,0.004));
#4809=CARTESIAN_POINT('',(0.99646472381959,2.00819383032408,0.));
#4810=CARTESIAN_POINT('',(0.995,2.00866025403784,0.));
#4811=CARTESIAN_POINT('',(0.995,2.00866025403784,0.004));
#4812=CARTESIAN_POINT('',(0.995,2.00866025403784,0.004));
#4813=CARTESIAN_POINT('',(0.99646472381959,2.00819383032408,0.004));
#4814=CARTESIAN_POINT('',(0.994671572875254,2.00715855414367,0.004));
#4815=CARTESIAN_POINT('',(0.994671572875254,2.00715855414367,0.));
#4816=CARTESIAN_POINT('',(0.994343145750508,2.0056568542495,0.));
#4817=CARTESIAN_POINT('',(0.994343145750508,2.0056568542495,0.004));
#4818=CARTESIAN_POINT('',(0.994343145750508,2.0056568542495,0.004));
#4819=CARTESIAN_POINT('',(0.994671572875254,2.00715855414367,0.004));
#4820=CARTESIAN_POINT('',(0.992841445856332,2.00532842712474,0.004));
#4821=CARTESIAN_POINT('',(0.992841445856332,2.00532842712474,0.));
#4822=CARTESIAN_POINT('',(0.991339745962156,2.005,0.));
#4823=CARTESIAN_POINT('',(0.991339745962156,2.005,0.004));
#4824=CARTESIAN_POINT('',(0.991339745962156,2.005,0.004));
#4825=CARTESIAN_POINT('',(0.992841445856332,2.00532842712474,0.004));
#4826=CARTESIAN_POINT('',(0.991806169675922,2.00353527618041,0.004));
#4827=CARTESIAN_POINT('',(0.991806169675922,2.00353527618041,0.));
#4828=CARTESIAN_POINT('',(0.992272593389687,2.00207055236082,0.));
#4829=CARTESIAN_POINT('',(0.992272593389687,2.00207055236082,0.004));
#4830=CARTESIAN_POINT('',(0.992272593389687,2.00207055236082,0.004));
#4831=CARTESIAN_POINT('',(0.991806169675922,2.00353527618041,0.004));
#4832=CARTESIAN_POINT('',(0.991136296694844,2.00103527618041,0.004));
#4833=CARTESIAN_POINT('',(0.991136296694844,2.00103527618041,0.));
#4834=CARTESIAN_POINT('',(0.99,2.,0.));
#4835=CARTESIAN_POINT('',(0.99,2.,0.004));
#4836=CARTESIAN_POINT('',(0.99,2.,0.004));
#4837=CARTESIAN_POINT('',(0.991136296694844,2.00103527618041,0.004));
#4838=CARTESIAN_POINT('',(0.991136296694844,1.99896472381959,0.004));
#4839=CARTESIAN_POINT('',(0.991136296694844,1.99896472381959,0.));
#4840=CARTESIAN_POINT('',(0.992272593389687,1.99792944763918,0.));
#4841=CARTESIAN_POINT('',(0.992272593389687,1.99792944763918,0.004));
#4842=CARTESIAN_POINT('',(0.992272593389687,1.99792944763918,0.004));
#4843=CARTESIAN_POINT('',(0.991136296694844,1.99896472381959,0.004));
#4844=CARTESIAN_POINT('',(0.991806169675922,1.99646472381959,0.004));
#4845=CARTESIAN_POINT('',(0.991806169675922,1.99646472381959,0.));
#4846=CARTESIAN_POINT('',(0.991339745962156,1.995,0.));
#4847=CARTESIAN_POINT('',(0.991339745962156,1.995,0.004));
#4848=CARTESIAN_POINT('',(0.991339745962156,1.995,0.004));
#4849=CARTESIAN_POINT('',(0.991806169675922,1.99646472381959,0.004));
#4850=CARTESIAN_POINT('',(0.992841445856332,1.99467157287525,0.004));
#4851=CARTESIAN_POINT('',(0.992841445856332,1.99467157287525,0.));
#4852=CARTESIAN_POINT('',(0.994343145750508,1.99434314575051,0.));
#4853=CARTESIAN_POINT('',(0.994343145750508,1.99434314575051,0.004));
#4854=CARTESIAN_POINT('',(0.994343145750508,1.99434314575051,0.004));
#4855=CARTESIAN_POINT('',(0.992841445856332,1.99467157287525,0.004));
#4856=CARTESIAN_POINT('',(0.994671572875254,1.99284144585633,0.004));
#4857=CARTESIAN_POINT('',(0.994671572875254,1.99284144585633,0.));
#4858=CARTESIAN_POINT('',(0.995,1.99133974596216,0.));
#4859=CARTESIAN_POINT('',(0.995,1.99133974596216,0.004));
#4860=CARTESIAN_POINT('',(0.995,1.99133974596216,0.004));
#4861=CARTESIAN_POINT('',(0.994671572875254,1.99284144585633,0.004));
#4862=CARTESIAN_POINT('',(0.99646472381959,1.99180616967592,0.004));
#4863=CARTESIAN_POINT('',(0.99646472381959,1.99180616967592,0.));
#4864=CARTESIAN_POINT('',(0.99792944763918,1.99227259338969,0.));
#4865=CARTESIAN_POINT('',(0.99792944763918,1.99227259338969,0.004));
#4866=CARTESIAN_POINT('',(0.99792944763918,1.99227259338969,0.004));
#4867=CARTESIAN_POINT('',(0.99646472381959,1.99180616967592,0.004));
#4868=CARTESIAN_POINT('',(0.99896472381959,1.99113629669485,0.004));
#4869=CARTESIAN_POINT('',(0.99896472381959,1.99113629669485,0.));
#4870=CARTESIAN_POINT('',(1.,1.99,0.));
#4871=CARTESIAN_POINT('',(1.,1.99,0.004));
#4872=CARTESIAN_POINT('',(1.,1.99,0.004));
#4873=CARTESIAN_POINT('',(0.99896472381959,1.99113629669485,0.004));
#4874=CARTESIAN_POINT('',(1.00103527618041,1.99113629669485,0.004));
#4875=CARTESIAN_POINT('',(1.00103527618041,1.99113629669485,0.));
#4876=CARTESIAN_POINT('',(1.00207055236082,1.99227259338969,0.));
#4877=CARTESIAN_POINT('',(1.00207055236082,1.99227259338969,0.004));
#4878=CARTESIAN_POINT('',(1.00207055236082,1.99227259338969,0.004));
#4879=CARTESIAN_POINT('',(1.00103527618041,1.99113629669485,0.004));
#4880=CARTESIAN_POINT('',(1.00353527618041,1.99180616967592,0.004));
#4881=CARTESIAN_POINT('',(1.00353527618041,1.99180616967592,0.));
#4882=CARTESIAN_POINT('',(1.005,1.99133974596216,0.));
#4883=CARTESIAN_POINT('',(1.005,1.99133974596216,0.004));
#4884=CARTESIAN_POINT('',(1.005,1.99133974596216,0.004));
#4885=CARTESIAN_POINT('',(1.00353527618041,1.99180616967592,0.004));
#4886=CARTESIAN_POINT('',(1.00532842712475,1.99284144585633,0.004));
#4887=CARTESIAN_POINT('',(1.00532842712475,1.99284144585633,0.));
#4888=CARTESIAN_POINT('',(1.00565685424949,1.99434314575051,0.));
#4889=CARTESIAN_POINT('',(1.00565685424949,1.99434314575051,0.004));
#4890=CARTESIAN_POINT('',(1.00565685424949,1.99434314575051,0.004));
#4891=CARTESIAN_POINT('',(1.00532842712475,1.99284144585633,0.004));
#4892=CARTESIAN_POINT('',(1.00715855414367,1.99467157287525,0.004));
#4893=CARTESIAN_POINT('',(1.00715855414367,1.99467157287525,0.));
#4894=CARTESIAN_POINT('',(1.00866025403784,1.995,0.));
#4895=CARTESIAN_POINT('',(1.00866025403784,1.995,0.004));
#4896=CARTESIAN_POINT('',(1.00866025403784,1.995,0.004));
#4897=CARTESIAN_POINT('',(1.00715855414367,1.99467157287525,0.004));
#4898=CARTESIAN_POINT('',(1.00819383032408,1.99646472381959,0.004));
#4899=CARTESIAN_POINT('',(1.00819383032408,1.99646472381959,0.));
#4900=CARTESIAN_POINT('',(1.00819383032408,1.99646472381959,0.004));
#4901=CARTESIAN_POINT('',(1.,2.,0.004));
#4902=CARTESIAN_POINT('',(1.,2.,0.004));
#4903=CARTESIAN_POINT('',(1.003025,2.,0.004));
#4904=CARTESIAN_POINT('',(1.,2.,0.));
#4905=CARTESIAN_POINT('',(1.,2.,0.));
#4906=CARTESIAN_POINT('',(1.003025,2.,0.));
#4907=CARTESIAN_POINT('',(1.,2.,0.005));
#4908=CARTESIAN_POINT('',(0.,0.,0.));
#4909=CARTESIAN_POINT('',(2.,2.012,0.008));
#4910=CARTESIAN_POINT('',(2.,2.012,0.));
#4911=CARTESIAN_POINT('',(2.,2.,0.));
#4912=CARTESIAN_POINT('',(2.,2.024,0.));
#4913=CARTESIAN_POINT('',(2.,2.,0.008));
#4914=CARTESIAN_POINT('',(2.,2.,0.008));
#4915=CARTESIAN_POINT('',(2.,2.012,0.008));
#4916=CARTESIAN_POINT('',(2.,2.024,0.008));
#4917=CARTESIAN_POINT('',(2.,2.024,0.008));
#4918=CARTESIAN_POINT('',(2.016,2.,0.008));
#4919=CARTESIAN_POINT('',(2.016,2.,0.));
#4920=CARTESIAN_POINT('',(2.032,2.,0.));
#4921=CARTESIAN_POINT('',(2.032,2.,0.008));
#4922=CARTESIAN_POINT('',(2.032,2.,0.008));
#4923=CARTESIAN_POINT('',(2.016,2.,0.008));
#4924=CARTESIAN_POINT('',(2.032,2.012,0.008));
#4925=CARTESIAN_POINT('',(2.032,2.012,0.));
#4926=CARTESIAN_POINT('',(2.032,2.024,0.));
#4927=CARTESIAN_POINT('',(2.032,2.024,0.008));
#4928=CARTESIAN_POINT('',(2.032,2.024,0.008));
#4929=CARTESIAN_POINT('',(2.032,2.012,0.008));
#4930=CARTESIAN_POINT('',(2.016,2.024,0.008));
#4931=CARTESIAN_POINT('',(2.016,2.024,0.));
#4932=CARTESIAN_POINT('',(2.016,2.024,0.008));
#4933=CARTESIAN_POINT('',(2.016,2.012,0.008));
#4934=CARTESIAN_POINT('',(2.008,2.012,0.008));
#4935=CARTESIAN_POINT('',(2.010025,2.012,0.008));
#4936=CARTESIAN_POINT('',(2.016,2.012,0.008));
#4937=CARTESIAN_POINT('',(2.018025,2.012,0.008));
#4938=CARTESIAN_POINT('',(2.024,2.012,0.008));
#4939=CARTESIAN_POINT('',(2.026025,2.012,0.008));
#4940=CARTESIAN_POINT('',(2.016,2.012,0.));
#4941=CARTESIAN_POINT('',(2.008,2.012,0.));
#4942=CARTESIAN_POINT('',(2.010025,2.012,0.));
#4943=CARTESIAN_POINT('',(2.016,2.012,0.));
#4944=CARTESIAN_POINT('',(2.018025,2.012,0.));
#4945=CARTESIAN_POINT('',(2.024,2.012,0.));
#4946=CARTESIAN_POINT('',(2.026025,2.012,0.));
#4947=CARTESIAN_POINT('',(2.024,2.012,0.009));
#4948=CARTESIAN_POINT('',(2.016,2.012,0.009));
#4949=CARTESIAN_POINT('',(2.008,2.012,0.009));
#4950=CARTESIAN_POINT('',(0.,0.,0.));
#4951=CARTESIAN_POINT('',(0.00299999999999969,1.75,0.004));
#4952=CARTESIAN_POINT('',(0.00299999999999969,1.75,0.));
#4953=CARTESIAN_POINT('',(-1.27502175484295E-16,1.75403120639512,0.));
#4954=CARTESIAN_POINT('',(-1.24466409401336E-16,1.74596879360489,0.));
#4955=CARTESIAN_POINT('',(-1.24466409401336E-16,1.74596879360489,0.004));
#4956=CARTESIAN_POINT('',(-1.24466409401336E-16,1.74596879360489,0.004));
#4957=CARTESIAN_POINT('',(0.00299999999999969,1.75,0.004));
#4958=CARTESIAN_POINT('',(-1.27502175484295E-16,1.75403120639512,0.004));
#4959=CARTESIAN_POINT('',(-1.27502175484295E-16,1.75403120639512,0.004));
#4960=CARTESIAN_POINT('',(-0.00299999999999968,1.75,0.004));
#4961=CARTESIAN_POINT('',(-0.00299999999999968,1.75,0.));
#4962=CARTESIAN_POINT('',(-0.00299999999999968,1.75,0.004));
#4963=CARTESIAN_POINT('',(0.,1.75,0.004));
#4964=CARTESIAN_POINT('',(0.,1.75,0.));
#4965=CARTESIAN_POINT('',(0.,0.,0.));
#4966=CARTESIAN_POINT('',(0.25,2.012,0.01));
#4967=CARTESIAN_POINT('',(0.25,2.012,0.));
#4968=CARTESIAN_POINT('',(0.25,2.,0.));
#4969=CARTESIAN_POINT('',(0.25,2.024,0.));
#4970=CARTESIAN_POINT('',(0.25,2.,0.01));
#4971=CARTESIAN_POINT('',(0.25,2.,0.01));
#4972=CARTESIAN_POINT('',(0.25,2.012,0.01));
#4973=CARTESIAN_POINT('',(0.25,2.024,0.01));
#4974=CARTESIAN_POINT('',(0.25,2.024,0.01));
#4975=CARTESIAN_POINT('',(0.266,2.,0.01));
#4976=CARTESIAN_POINT('',(0.266,2.,0.));
#4977=CARTESIAN_POINT('',(0.282,2.,0.));
#4978=CARTESIAN_POINT('',(0.282,2.,0.01));
#4979=CARTESIAN_POINT('',(0.282,2.,0.01));
#4980=CARTESIAN_POINT('',(0.266,2.,0.01));
#4981=CARTESIAN_POINT('',(0.282,2.012,0.01));
#4982=CARTESIAN_POINT('',(0.282,2.012,0.));
#4983=CARTESIAN_POINT('',(0.282,2.024,0.));
#4984=CARTESIAN_POINT('',(0.282,2.024,0.01));
#4985=CARTESIAN_POINT('',(0.282,2.024,0.01));
#4986=CARTESIAN_POINT('',(0.282,2.012,0.01));
#4987=CARTESIAN_POINT('',(0.266,2.024,0.01));
#4988=CARTESIAN_POINT('',(0.266,2.024,0.));
#4989=CARTESIAN_POINT('',(0.266,2.024,0.01));
#4990=CARTESIAN_POINT('',(0.266,2.012,0.01));
#4991=CARTESIAN_POINT('',(0.266,2.012,0.01));
#4992=CARTESIAN_POINT('',(0.269025,2.012,0.01));
#4993=CARTESIAN_POINT('',(0.266,2.012,0.));
#4994=CARTESIAN_POINT('',(0.266,2.012,0.012));
#4995=CARTESIAN_POINT('',(0.266,2.012,0.004));
#4996=CARTESIAN_POINT('',(0.269025,2.012,0.004));
#4997=CARTESIAN_POINT('',(0.266,2.012,0.004));
#4998=CARTESIAN_POINT('',(0.,0.,0.));
#4999=CARTESIAN_POINT('',(0.00299999999999969,1.75,0.004));
#5000=CARTESIAN_POINT('',(0.00299999999999969,1.75,0.));
#5001=CARTESIAN_POINT('',(-1.27502175484295E-16,1.75403120639512,0.));
#5002=CARTESIAN_POINT('',(-1.24466409401336E-16,1.74596879360489,0.));
#5003=CARTESIAN_POINT('',(-1.27502175484295E-16,1.75403120639512,0.004));
#5004=CARTESIAN_POINT('',(-1.27502175484295E-16,1.75403120639512,0.004));
#5005=CARTESIAN_POINT('',(0.00299999999999969,1.75,0.004));
#5006=CARTESIAN_POINT('',(-1.24466409401336E-16,1.74596879360489,0.004));
#5007=CARTESIAN_POINT('',(-1.24466409401336E-16,1.74596879360489,0.004));
#5008=CARTESIAN_POINT('',(-0.003,1.75,0.004));
#5009=CARTESIAN_POINT('',(-0.003,1.75,0.));
#5010=CARTESIAN_POINT('',(-0.003,1.75,0.004));
#5011=CARTESIAN_POINT('',(0.,1.75,0.004));
#5012=CARTESIAN_POINT('',(0.,1.75,0.));
#5013=CARTESIAN_POINT('',(0.,0.,0.));
#5014=CARTESIAN_POINT('',(0.75,2.008,0.004));
#5015=CARTESIAN_POINT('',(0.75,2.008,0.));
#5016=CARTESIAN_POINT('',(0.75,2.,0.));
#5017=CARTESIAN_POINT('',(0.75,2.016,0.));
#5018=CARTESIAN_POINT('',(0.75,2.,0.004));
#5019=CARTESIAN_POINT('',(0.75,2.,0.018));
#5020=CARTESIAN_POINT('',(0.75,2.008,0.018));
#5021=CARTESIAN_POINT('',(0.75,2.016,0.018));
#5022=CARTESIAN_POINT('',(0.75,2.016,0.004));
#5023=CARTESIAN_POINT('',(0.762,2.,0.004));
#5024=CARTESIAN_POINT('',(0.762,2.,0.));
#5025=CARTESIAN_POINT('',(0.774,2.,0.));
#5026=CARTESIAN_POINT('',(0.774,2.,0.004));
#5027=CARTESIAN_POINT('',(0.774,2.,0.004));
#5028=CARTESIAN_POINT('',(0.762,2.,0.004));
#5029=CARTESIAN_POINT('',(0.754,2.,0.004));
#5030=CARTESIAN_POINT('',(0.754,2.,0.018));
#5031=CARTESIAN_POINT('',(0.754,2.,0.018));
#5032=CARTESIAN_POINT('',(0.752,2.,0.018));
#5033=CARTESIAN_POINT('',(0.774,2.008,0.004));
#5034=CARTESIAN_POINT('',(0.774,2.008,0.));
#5035=CARTESIAN_POINT('',(0.774,2.016,0.));
#5036=CARTESIAN_POINT('',(0.774,2.016,0.004));
#5037=CARTESIAN_POINT('',(0.774,2.016,0.004));
#5038=CARTESIAN_POINT('',(0.774,2.008,0.004));
#5039=CARTESIAN_POINT('',(0.762,2.016,0.004));
#5040=CARTESIAN_POINT('',(0.762,2.016,0.));
#5041=CARTESIAN_POINT('',(0.752,2.016,0.018));
#5042=CARTESIAN_POINT('',(0.754,2.016,0.018));
#5043=CARTESIAN_POINT('',(0.754,2.016,0.018));
#5044=CARTESIAN_POINT('',(0.754,2.016,0.004));
#5045=CARTESIAN_POINT('',(0.762,2.016,0.004));
#5046=CARTESIAN_POINT('',(0.762,2.008,0.004));
#5047=CARTESIAN_POINT('',(0.766,2.008,0.004));
#5048=CARTESIAN_POINT('',(0.768025,2.008,0.004));
#5049=CARTESIAN_POINT('',(0.754,2.008,0.004));
#5050=CARTESIAN_POINT('',(0.762,2.008,0.));
#5051=CARTESIAN_POINT('',(0.766,2.008,0.));
#5052=CARTESIAN_POINT('',(0.768025,2.008,0.));
#5053=CARTESIAN_POINT('',(0.754,2.008,0.018));
#5054=CARTESIAN_POINT('',(0.754,2.008,0.018));
#5055=CARTESIAN_POINT('',(0.752,2.008,0.018));
#5056=CARTESIAN_POINT('',(0.766,2.008,0.005));
#5057=MECHANICAL_DESIGN_GEOMETRIC_PRESENTATION_REPRESENTATION('',(#2922),
#5077);
#5058=MECHANICAL_DESIGN_GEOMETRIC_PRESENTATION_REPRESENTATION('',(#2923),
#5078);
#5059=MECHANICAL_DESIGN_GEOMETRIC_PRESENTATION_REPRESENTATION('',(#2924),
#5079);
#5060=MECHANICAL_DESIGN_GEOMETRIC_PRESENTATION_REPRESENTATION('',(#2925),
#5080);
#5061=MECHANICAL_DESIGN_GEOMETRIC_PRESENTATION_REPRESENTATION('',(#2926),
#5081);
#5062=MECHANICAL_DESIGN_GEOMETRIC_PRESENTATION_REPRESENTATION('',(#2927),
#5082);
#5063=MECHANICAL_DESIGN_GEOMETRIC_PRESENTATION_REPRESENTATION('',(#2928),
#5083);
#5064=MECHANICAL_DESIGN_GEOMETRIC_PRESENTATION_REPRESENTATION('',(#2929),
#5084);
#5065=MECHANICAL_DESIGN_GEOMETRIC_PRESENTATION_REPRESENTATION('',(#2930),
#5085);
#5066=MECHANICAL_DESIGN_GEOMETRIC_PRESENTATION_REPRESENTATION('',(#2931),
#5086);
#5067=MECHANICAL_DESIGN_GEOMETRIC_PRESENTATION_REPRESENTATION('',(#2932),
#5087);
#5068=MECHANICAL_DESIGN_GEOMETRIC_PRESENTATION_REPRESENTATION('',(#2933),
#5088);
#5069=MECHANICAL_DESIGN_GEOMETRIC_PRESENTATION_REPRESENTATION('',(#2934),
#5089);
#5070=MECHANICAL_DESIGN_GEOMETRIC_PRESENTATION_REPRESENTATION('',(#2935),
#5090);
#5071=MECHANICAL_DESIGN_GEOMETRIC_PRESENTATION_REPRESENTATION('',(#2936),
#5091);
#5072=MECHANICAL_DESIGN_GEOMETRIC_PRESENTATION_REPRESENTATION('',(#2937),
#5092);
#5073=MECHANICAL_DESIGN_GEOMETRIC_PRESENTATION_REPRESENTATION('',(#2938),
#5093);
#5074=MECHANICAL_DESIGN_GEOMETRIC_PRESENTATION_REPRESENTATION('',(#2939),
#5094);
#5075=MECHANICAL_DESIGN_GEOMETRIC_PRESENTATION_REPRESENTATION('',(#2940),
#5095);
#5076=MECHANICAL_DESIGN_GEOMETRIC_PRESENTATION_REPRESENTATION('',(#2941),
#5096);
#5077=(
GEOMETRIC_REPRESENTATION_CONTEXT(3)
GLOBAL_UNCERTAINTY_ASSIGNED_CONTEXT((#5097))
GLOBAL_UNIT_ASSIGNED_CONTEXT((#5157,#5137,#5117))
REPRESENTATION_CONTEXT('AC89_0_V4','TOP_LEVEL_ASSEMBLY_PART')
);
#5078=(
GEOMETRIC_REPRESENTATION_CONTEXT(3)
GLOBAL_UNCERTAINTY_ASSIGNED_CONTEXT((#5098))
GLOBAL_UNIT_ASSIGNED_CONTEXT((#5158,#5138,#5118))
REPRESENTATION_CONTEXT('AC95_0_V4','TOP_LEVEL_ASSEMBLY_PART')
);
#5079=(
GEOMETRIC_REPRESENTATION_CONTEXT(3)
GLOBAL_UNCERTAINTY_ASSIGNED_CONTEXT((#5099))
GLOBAL_UNIT_ASSIGNED_CONTEXT((#5159,#5139,#5119))
REPRESENTATION_CONTEXT('AC72_0_V4','TOP_LEVEL_ASSEMBLY_PART')
);
#5080=(
GEOMETRIC_REPRESENTATION_CONTEXT(3)
GLOBAL_UNCERTAINTY_ASSIGNED_CONTEXT((#5100))
GLOBAL_UNIT_ASSIGNED_CONTEXT((#5160,#5140,#5120))
REPRESENTATION_CONTEXT('AC57_0_V4','TOP_LEVEL_ASSEMBLY_PART')
);
#5081=(
GEOMETRIC_REPRESENTATION_CONTEXT(3)
GLOBAL_UNCERTAINTY_ASSIGNED_CONTEXT((#5101))
GLOBAL_UNIT_ASSIGNED_CONTEXT((#5161,#5141,#5121))
REPRESENTATION_CONTEXT('AC61_0_V4','TOP_LEVEL_ASSEMBLY_PART')
);
#5082=(
GEOMETRIC_REPRESENTATION_CONTEXT(3)
GLOBAL_UNCERTAINTY_ASSIGNED_CONTEXT((#5102))
GLOBAL_UNIT_ASSIGNED_CONTEXT((#5162,#5142,#5122))
REPRESENTATION_CONTEXT('AC64_0_V4','TOP_LEVEL_ASSEMBLY_PART')
);
#5083=(
GEOMETRIC_REPRESENTATION_CONTEXT(3)
GLOBAL_UNCERTAINTY_ASSIGNED_CONTEXT((#5103))
GLOBAL_UNIT_ASSIGNED_CONTEXT((#5163,#5143,#5123))
REPRESENTATION_CONTEXT('AC60_0_V4','TOP_LEVEL_ASSEMBLY_PART')
);
#5084=(
GEOMETRIC_REPRESENTATION_CONTEXT(3)
GLOBAL_UNCERTAINTY_ASSIGNED_CONTEXT((#5104))
GLOBAL_UNIT_ASSIGNED_CONTEXT((#5164,#5144,#5124))
REPRESENTATION_CONTEXT('AC68_0_V4','TOP_LEVEL_ASSEMBLY_PART')
);
#5085=(
GEOMETRIC_REPRESENTATION_CONTEXT(3)
GLOBAL_UNCERTAINTY_ASSIGNED_CONTEXT((#5105))
GLOBAL_UNIT_ASSIGNED_CONTEXT((#5165,#5145,#5125))
REPRESENTATION_CONTEXT('AC75_0_V4','TOP_LEVEL_ASSEMBLY_PART')
);
#5086=(
GEOMETRIC_REPRESENTATION_CONTEXT(3)
GLOBAL_UNCERTAINTY_ASSIGNED_CONTEXT((#5106))
GLOBAL_UNIT_ASSIGNED_CONTEXT((#5166,#5146,#5126))
REPRESENTATION_CONTEXT('AC62_0_V4','TOP_LEVEL_ASSEMBLY_PART')
);
#5087=(
GEOMETRIC_REPRESENTATION_CONTEXT(3)
GLOBAL_UNCERTAINTY_ASSIGNED_CONTEXT((#5107))
GLOBAL_UNIT_ASSIGNED_CONTEXT((#5167,#5147,#5127))
REPRESENTATION_CONTEXT('AC67_0_V4','TOP_LEVEL_ASSEMBLY_PART')
);
#5088=(
GEOMETRIC_REPRESENTATION_CONTEXT(3)
GLOBAL_UNCERTAINTY_ASSIGNED_CONTEXT((#5108))
GLOBAL_UNIT_ASSIGNED_CONTEXT((#5168,#5148,#5128))
REPRESENTATION_CONTEXT('AC53_0_V4','TOP_LEVEL_ASSEMBLY_PART')
);
#5089=(
GEOMETRIC_REPRESENTATION_CONTEXT(3)
GLOBAL_UNCERTAINTY_ASSIGNED_CONTEXT((#5109))
GLOBAL_UNIT_ASSIGNED_CONTEXT((#5169,#5149,#5129))
REPRESENTATION_CONTEXT('AC98_0_V4','TOP_LEVEL_ASSEMBLY_PART')
);
#5090=(
GEOMETRIC_REPRESENTATION_CONTEXT(3)
GLOBAL_UNCERTAINTY_ASSIGNED_CONTEXT((#5110))
GLOBAL_UNIT_ASSIGNED_CONTEXT((#5170,#5150,#5130))
REPRESENTATION_CONTEXT('AC52_2_V4','TOP_LEVEL_ASSEMBLY_PART')
);
#5091=(
GEOMETRIC_REPRESENTATION_CONTEXT(3)
GLOBAL_UNCERTAINTY_ASSIGNED_CONTEXT((#5111))
GLOBAL_UNIT_ASSIGNED_CONTEXT((#5171,#5151,#5131))
REPRESENTATION_CONTEXT('AC51_0_V4','TOP_LEVEL_ASSEMBLY_PART')
);
#5092=(
GEOMETRIC_REPRESENTATION_CONTEXT(3)
GLOBAL_UNCERTAINTY_ASSIGNED_CONTEXT((#5112))
GLOBAL_UNIT_ASSIGNED_CONTEXT((#5172,#5152,#5132))
REPRESENTATION_CONTEXT('AC71_0_V4','TOP_LEVEL_ASSEMBLY_PART')
);
#5093=(
GEOMETRIC_REPRESENTATION_CONTEXT(3)
GLOBAL_UNCERTAINTY_ASSIGNED_CONTEXT((#5113))
GLOBAL_UNIT_ASSIGNED_CONTEXT((#5173,#5153,#5133))
REPRESENTATION_CONTEXT('AC52_0_V4','TOP_LEVEL_ASSEMBLY_PART')
);
#5094=(
GEOMETRIC_REPRESENTATION_CONTEXT(3)
GLOBAL_UNCERTAINTY_ASSIGNED_CONTEXT((#5114))
GLOBAL_UNIT_ASSIGNED_CONTEXT((#5174,#5154,#5134))
REPRESENTATION_CONTEXT('AC63_0_V4','TOP_LEVEL_ASSEMBLY_PART')
);
#5095=(
GEOMETRIC_REPRESENTATION_CONTEXT(3)
GLOBAL_UNCERTAINTY_ASSIGNED_CONTEXT((#5115))
GLOBAL_UNIT_ASSIGNED_CONTEXT((#5175,#5155,#5135))
REPRESENTATION_CONTEXT('AC52_1_V4','TOP_LEVEL_ASSEMBLY_PART')
);
#5096=(
GEOMETRIC_REPRESENTATION_CONTEXT(3)
GLOBAL_UNCERTAINTY_ASSIGNED_CONTEXT((#5116))
GLOBAL_UNIT_ASSIGNED_CONTEXT((#5176,#5156,#5136))
REPRESENTATION_CONTEXT('AC65_0_V4','TOP_LEVEL_ASSEMBLY_PART')
);
#5097=UNCERTAINTY_MEASURE_WITH_UNIT(LENGTH_MEASURE(1.E-8),#5157,
'DISTANCE_ACCURACY_VALUE','Maximum Tolerance applied to model');
#5098=UNCERTAINTY_MEASURE_WITH_UNIT(LENGTH_MEASURE(1.E-8),#5158,
'DISTANCE_ACCURACY_VALUE','Maximum Tolerance applied to model');
#5099=UNCERTAINTY_MEASURE_WITH_UNIT(LENGTH_MEASURE(1.E-8),#5159,
'DISTANCE_ACCURACY_VALUE','Maximum Tolerance applied to model');
#5100=UNCERTAINTY_MEASURE_WITH_UNIT(LENGTH_MEASURE(1.E-8),#5160,
'DISTANCE_ACCURACY_VALUE','Maximum Tolerance applied to model');
#5101=UNCERTAINTY_MEASURE_WITH_UNIT(LENGTH_MEASURE(1.E-8),#5161,
'DISTANCE_ACCURACY_VALUE','Maximum Tolerance applied to model');
#5102=UNCERTAINTY_MEASURE_WITH_UNIT(LENGTH_MEASURE(1.E-8),#5162,
'DISTANCE_ACCURACY_VALUE','Maximum Tolerance applied to model');
#5103=UNCERTAINTY_MEASURE_WITH_UNIT(LENGTH_MEASURE(1.E-8),#5163,
'DISTANCE_ACCURACY_VALUE','Maximum Tolerance applied to model');
#5104=UNCERTAINTY_MEASURE_WITH_UNIT(LENGTH_MEASURE(1.E-8),#5164,
'DISTANCE_ACCURACY_VALUE','Maximum Tolerance applied to model');
#5105=UNCERTAINTY_MEASURE_WITH_UNIT(LENGTH_MEASURE(1.E-8),#5165,
'DISTANCE_ACCURACY_VALUE','Maximum Tolerance applied to model');
#5106=UNCERTAINTY_MEASURE_WITH_UNIT(LENGTH_MEASURE(1.E-8),#5166,
'DISTANCE_ACCURACY_VALUE','Maximum Tolerance applied to model');
#5107=UNCERTAINTY_MEASURE_WITH_UNIT(LENGTH_MEASURE(1.E-8),#5167,
'DISTANCE_ACCURACY_VALUE','Maximum Tolerance applied to model');
#5108=UNCERTAINTY_MEASURE_WITH_UNIT(LENGTH_MEASURE(1.E-8),#5168,
'DISTANCE_ACCURACY_VALUE','Maximum Tolerance applied to model');
#5109=UNCERTAINTY_MEASURE_WITH_UNIT(LENGTH_MEASURE(1.E-8),#5169,
'DISTANCE_ACCURACY_VALUE','Maximum Tolerance applied to model');
#5110=UNCERTAINTY_MEASURE_WITH_UNIT(LENGTH_MEASURE(1.E-8),#5170,
'DISTANCE_ACCURACY_VALUE','Maximum Tolerance applied to model');
#5111=UNCERTAINTY_MEASURE_WITH_UNIT(LENGTH_MEASURE(1.E-8),#5171,
'DISTANCE_ACCURACY_VALUE','Maximum Tolerance applied to model');
#5112=UNCERTAINTY_MEASURE_WITH_UNIT(LENGTH_MEASURE(1.E-8),#5172,
'DISTANCE_ACCURACY_VALUE','Maximum Tolerance applied to model');
#5113=UNCERTAINTY_MEASURE_WITH_UNIT(LENGTH_MEASURE(1.E-8),#5173,
'DISTANCE_ACCURACY_VALUE','Maximum Tolerance applied to model');
#5114=UNCERTAINTY_MEASURE_WITH_UNIT(LENGTH_MEASURE(1.E-8),#5174,
'DISTANCE_ACCURACY_VALUE','Maximum Tolerance applied to model');
#5115=UNCERTAINTY_MEASURE_WITH_UNIT(LENGTH_MEASURE(1.E-8),#5175,
'DISTANCE_ACCURACY_VALUE','Maximum Tolerance applied to model');
#5116=UNCERTAINTY_MEASURE_WITH_UNIT(LENGTH_MEASURE(1.E-8),#5176,
'DISTANCE_ACCURACY_VALUE','Maximum Tolerance applied to model');
#5117=(
NAMED_UNIT(*)
SI_UNIT($,.STERADIAN.)
SOLID_ANGLE_UNIT()
);
#5118=(
NAMED_UNIT(*)
SI_UNIT($,.STERADIAN.)
SOLID_ANGLE_UNIT()
);
#5119=(
NAMED_UNIT(*)
SI_UNIT($,.STERADIAN.)
SOLID_ANGLE_UNIT()
);
#5120=(
NAMED_UNIT(*)
SI_UNIT($,.STERADIAN.)
SOLID_ANGLE_UNIT()
);
#5121=(
NAMED_UNIT(*)
SI_UNIT($,.STERADIAN.)
SOLID_ANGLE_UNIT()
);
#5122=(
NAMED_UNIT(*)
SI_UNIT($,.STERADIAN.)
SOLID_ANGLE_UNIT()
);
#5123=(
NAMED_UNIT(*)
SI_UNIT($,.STERADIAN.)
SOLID_ANGLE_UNIT()
);
#5124=(
NAMED_UNIT(*)
SI_UNIT($,.STERADIAN.)
SOLID_ANGLE_UNIT()
);
#5125=(
NAMED_UNIT(*)
SI_UNIT($,.STERADIAN.)
SOLID_ANGLE_UNIT()
);
#5126=(
NAMED_UNIT(*)
SI_UNIT($,.STERADIAN.)
SOLID_ANGLE_UNIT()
);
#5127=(
NAMED_UNIT(*)
SI_UNIT($,.STERADIAN.)
SOLID_ANGLE_UNIT()
);
#5128=(
NAMED_UNIT(*)
SI_UNIT($,.STERADIAN.)
SOLID_ANGLE_UNIT()
);
#5129=(
NAMED_UNIT(*)
SI_UNIT($,.STERADIAN.)
SOLID_ANGLE_UNIT()
);
#5130=(
NAMED_UNIT(*)
SI_UNIT($,.STERADIAN.)
SOLID_ANGLE_UNIT()
);
#5131=(
NAMED_UNIT(*)
SI_UNIT($,.STERADIAN.)
SOLID_ANGLE_UNIT()
);
#5132=(
NAMED_UNIT(*)
SI_UNIT($,.STERADIAN.)
SOLID_ANGLE_UNIT()
);
#5133=(
NAMED_UNIT(*)
SI_UNIT($,.STERADIAN.)
SOLID_ANGLE_UNIT()
);
#5134=(
NAMED_UNIT(*)
SI_UNIT($,.STERADIAN.)
SOLID_ANGLE_UNIT()
);
#5135=(
NAMED_UNIT(*)
SI_UNIT($,.STERADIAN.)
SOLID_ANGLE_UNIT()
);
#5136=(
NAMED_UNIT(*)
SI_UNIT($,.STERADIAN.)
SOLID_ANGLE_UNIT()
);
#5137=(
NAMED_UNIT(*)
PLANE_ANGLE_UNIT()
SI_UNIT($,.RADIAN.)
);
#5138=(
NAMED_UNIT(*)
PLANE_ANGLE_UNIT()
SI_UNIT($,.RADIAN.)
);
#5139=(
NAMED_UNIT(*)
PLANE_ANGLE_UNIT()
SI_UNIT($,.RADIAN.)
);
#5140=(
NAMED_UNIT(*)
PLANE_ANGLE_UNIT()
SI_UNIT($,.RADIAN.)
);
#5141=(
NAMED_UNIT(*)
PLANE_ANGLE_UNIT()
SI_UNIT($,.RADIAN.)
);
#5142=(
NAMED_UNIT(*)
PLANE_ANGLE_UNIT()
SI_UNIT($,.RADIAN.)
);
#5143=(
NAMED_UNIT(*)
PLANE_ANGLE_UNIT()
SI_UNIT($,.RADIAN.)
);
#5144=(
NAMED_UNIT(*)
PLANE_ANGLE_UNIT()
SI_UNIT($,.RADIAN.)
);
#5145=(
NAMED_UNIT(*)
PLANE_ANGLE_UNIT()
SI_UNIT($,.RADIAN.)
);
#5146=(
NAMED_UNIT(*)
PLANE_ANGLE_UNIT()
SI_UNIT($,.RADIAN.)
);
#5147=(
NAMED_UNIT(*)
PLANE_ANGLE_UNIT()
SI_UNIT($,.RADIAN.)
);
#5148=(
NAMED_UNIT(*)
PLANE_ANGLE_UNIT()
SI_UNIT($,.RADIAN.)
);
#5149=(
NAMED_UNIT(*)
PLANE_ANGLE_UNIT()
SI_UNIT($,.RADIAN.)
);
#5150=(
NAMED_UNIT(*)
PLANE_ANGLE_UNIT()
SI_UNIT($,.RADIAN.)
);
#5151=(
NAMED_UNIT(*)
PLANE_ANGLE_UNIT()
SI_UNIT($,.RADIAN.)
);
#5152=(
NAMED_UNIT(*)
PLANE_ANGLE_UNIT()
SI_UNIT($,.RADIAN.)
);
#5153=(
NAMED_UNIT(*)
PLANE_ANGLE_UNIT()
SI_UNIT($,.RADIAN.)
);
#5154=(
NAMED_UNIT(*)
PLANE_ANGLE_UNIT()
SI_UNIT($,.RADIAN.)
);
#5155=(
NAMED_UNIT(*)
PLANE_ANGLE_UNIT()
SI_UNIT($,.RADIAN.)
);
#5156=(
NAMED_UNIT(*)
PLANE_ANGLE_UNIT()
SI_UNIT($,.RADIAN.)
);
#5157=(
LENGTH_UNIT()
NAMED_UNIT(*)
SI_UNIT($,.METRE.)
);
#5158=(
LENGTH_UNIT()
NAMED_UNIT(*)
SI_UNIT($,.METRE.)
);
#5159=(
LENGTH_UNIT()
NAMED_UNIT(*)
SI_UNIT($,.METRE.)
);
#5160=(
LENGTH_UNIT()
NAMED_UNIT(*)
SI_UNIT($,.METRE.)
);
#5161=(
LENGTH_UNIT()
NAMED_UNIT(*)
SI_UNIT($,.METRE.)
);
#5162=(
LENGTH_UNIT()
NAMED_UNIT(*)
SI_UNIT($,.METRE.)
);
#5163=(
LENGTH_UNIT()
NAMED_UNIT(*)
SI_UNIT($,.METRE.)
);
#5164=(
LENGTH_UNIT()
NAMED_UNIT(*)
SI_UNIT($,.METRE.)
);
#5165=(
LENGTH_UNIT()
NAMED_UNIT(*)
SI_UNIT($,.METRE.)
);
#5166=(
LENGTH_UNIT()
NAMED_UNIT(*)
SI_UNIT($,.METRE.)
);
#5167=(
LENGTH_UNIT()
NAMED_UNIT(*)
SI_UNIT($,.METRE.)
);
#5168=(
LENGTH_UNIT()
NAMED_UNIT(*)
SI_UNIT($,.METRE.)
);
#5169=(
LENGTH_UNIT()
NAMED_UNIT(*)
SI_UNIT($,.METRE.)
);
#5170=(
LENGTH_UNIT()
NAMED_UNIT(*)
SI_UNIT($,.METRE.)
);
#5171=(
LENGTH_UNIT()
NAMED_UNIT(*)
SI_UNIT($,.METRE.)
);
#5172=(
LENGTH_UNIT()
NAMED_UNIT(*)
SI_UNIT($,.METRE.)
);
#5173=(
LENGTH_UNIT()
NAMED_UNIT(*)
SI_UNIT($,.METRE.)
);
#5174=(
LENGTH_UNIT()
NAMED_UNIT(*)
SI_UNIT($,.METRE.)
);
#5175=(
LENGTH_UNIT()
NAMED_UNIT(*)
SI_UNIT($,.METRE.)
);
#5176=(
LENGTH_UNIT()
NAMED_UNIT(*)
SI_UNIT($,.METRE.)
);
#5177=PRODUCT_DEFINITION_SHAPE('','',#5197);
#5178=PRODUCT_DEFINITION_SHAPE('','',#5198);
#5179=PRODUCT_DEFINITION_SHAPE('','',#5199);
#5180=PRODUCT_DEFINITION_SHAPE('','',#5200);
#5181=PRODUCT_DEFINITION_SHAPE('','',#5201);
#5182=PRODUCT_DEFINITION_SHAPE('','',#5202);
#5183=PRODUCT_DEFINITION_SHAPE('','',#5203);
#5184=PRODUCT_DEFINITION_SHAPE('','',#5204);
#5185=PRODUCT_DEFINITION_SHAPE('','',#5205);
#5186=PRODUCT_DEFINITION_SHAPE('','',#5206);
#5187=PRODUCT_DEFINITION_SHAPE('','',#5207);
#5188=PRODUCT_DEFINITION_SHAPE('','',#5208);
#5189=PRODUCT_DEFINITION_SHAPE('','',#5209);
#5190=PRODUCT_DEFINITION_SHAPE('','',#5210);
#5191=PRODUCT_DEFINITION_SHAPE('','',#5211);
#5192=PRODUCT_DEFINITION_SHAPE('','',#5212);
#5193=PRODUCT_DEFINITION_SHAPE('','',#5213);
#5194=PRODUCT_DEFINITION_SHAPE('','',#5214);
#5195=PRODUCT_DEFINITION_SHAPE('','',#5215);
#5196=PRODUCT_DEFINITION_SHAPE('','',#5216);
#5197=PRODUCT_DEFINITION('','',#5237,#5217);
#5198=PRODUCT_DEFINITION('','',#5238,#5218);
#5199=PRODUCT_DEFINITION('','',#5239,#5219);
#5200=PRODUCT_DEFINITION('','',#5240,#5220);
#5201=PRODUCT_DEFINITION('','',#5241,#5221);
#5202=PRODUCT_DEFINITION('','',#5242,#5222);
#5203=PRODUCT_DEFINITION('','',#5243,#5223);
#5204=PRODUCT_DEFINITION('','',#5244,#5224);
#5205=PRODUCT_DEFINITION('','',#5245,#5225);
#5206=PRODUCT_DEFINITION('','',#5246,#5226);
#5207=PRODUCT_DEFINITION('','',#5247,#5227);
#5208=PRODUCT_DEFINITION('','',#5248,#5228);
#5209=PRODUCT_DEFINITION('','',#5249,#5229);
#5210=PRODUCT_DEFINITION('','',#5250,#5230);
#5211=PRODUCT_DEFINITION('','',#5251,#5231);
#5212=PRODUCT_DEFINITION('','',#5252,#5232);
#5213=PRODUCT_DEFINITION('','',#5253,#5233);
#5214=PRODUCT_DEFINITION('','',#5254,#5234);
#5215=PRODUCT_DEFINITION('','',#5255,#5235);
#5216=PRODUCT_DEFINITION('','',#5256,#5236);
#5217=PRODUCT_DEFINITION_CONTEXT('',#5357,'design');
#5218=PRODUCT_DEFINITION_CONTEXT('',#5358,'design');
#5219=PRODUCT_DEFINITION_CONTEXT('',#5359,'design');
#5220=PRODUCT_DEFINITION_CONTEXT('',#5360,'design');
#5221=PRODUCT_DEFINITION_CONTEXT('',#5361,'design');
#5222=PRODUCT_DEFINITION_CONTEXT('',#5362,'design');
#5223=PRODUCT_DEFINITION_CONTEXT('',#5363,'design');
#5224=PRODUCT_DEFINITION_CONTEXT('',#5364,'design');
#5225=PRODUCT_DEFINITION_CONTEXT('',#5365,'design');
#5226=PRODUCT_DEFINITION_CONTEXT('',#5366,'design');
#5227=PRODUCT_DEFINITION_CONTEXT('',#5367,'design');
#5228=PRODUCT_DEFINITION_CONTEXT('',#5368,'design');
#5229=PRODUCT_DEFINITION_CONTEXT('',#5369,'design');
#5230=PRODUCT_DEFINITION_CONTEXT('',#5370,'design');
#5231=PRODUCT_DEFINITION_CONTEXT('',#5371,'design');
#5232=PRODUCT_DEFINITION_CONTEXT('',#5372,'design');
#5233=PRODUCT_DEFINITION_CONTEXT('',#5373,'design');
#5234=PRODUCT_DEFINITION_CONTEXT('',#5374,'design');
#5235=PRODUCT_DEFINITION_CONTEXT('',#5375,'design');
#5236=PRODUCT_DEFINITION_CONTEXT('',#5376,'design');
#5237=PRODUCT_DEFINITION_FORMATION_WITH_SPECIFIED_SOURCE('','',#5277,
 .NOT_KNOWN.);
#5238=PRODUCT_DEFINITION_FORMATION_WITH_SPECIFIED_SOURCE('','',#5278,
 .NOT_KNOWN.);
#5239=PRODUCT_DEFINITION_FORMATION_WITH_SPECIFIED_SOURCE('','',#5279,
 .NOT_KNOWN.);
#5240=PRODUCT_DEFINITION_FORMATION_WITH_SPECIFIED_SOURCE('','',#5280,
 .NOT_KNOWN.);
#5241=PRODUCT_DEFINITION_FORMATION_WITH_SPECIFIED_SOURCE('','',#5281,
 .NOT_KNOWN.);
#5242=PRODUCT_DEFINITION_FORMATION_WITH_SPECIFIED_SOURCE('','',#5282,
 .NOT_KNOWN.);
#5243=PRODUCT_DEFINITION_FORMATION_WITH_SPECIFIED_SOURCE('','',#5283,
 .NOT_KNOWN.);
#5244=PRODUCT_DEFINITION_FORMATION_WITH_SPECIFIED_SOURCE('','',#5284,
 .NOT_KNOWN.);
#5245=PRODUCT_DEFINITION_FORMATION_WITH_SPECIFIED_SOURCE('','',#5285,
 .NOT_KNOWN.);
#5246=PRODUCT_DEFINITION_FORMATION_WITH_SPECIFIED_SOURCE('','',#5286,
 .NOT_KNOWN.);
#5247=PRODUCT_DEFINITION_FORMATION_WITH_SPECIFIED_SOURCE('','',#5287,
 .NOT_KNOWN.);
#5248=PRODUCT_DEFINITION_FORMATION_WITH_SPECIFIED_SOURCE('','',#5288,
 .NOT_KNOWN.);
#5249=PRODUCT_DEFINITION_FORMATION_WITH_SPECIFIED_SOURCE('','',#5289,
 .NOT_KNOWN.);
#5250=PRODUCT_DEFINITION_FORMATION_WITH_SPECIFIED_SOURCE('','',#5290,
 .NOT_KNOWN.);
#5251=PRODUCT_DEFINITION_FORMATION_WITH_SPECIFIED_SOURCE('','',#5291,
 .NOT_KNOWN.);
#5252=PRODUCT_DEFINITION_FORMATION_WITH_SPECIFIED_SOURCE('','',#5292,
 .NOT_KNOWN.);
#5253=PRODUCT_DEFINITION_FORMATION_WITH_SPECIFIED_SOURCE('','',#5293,
 .NOT_KNOWN.);
#5254=PRODUCT_DEFINITION_FORMATION_WITH_SPECIFIED_SOURCE('','',#5294,
 .NOT_KNOWN.);
#5255=PRODUCT_DEFINITION_FORMATION_WITH_SPECIFIED_SOURCE('','',#5295,
 .NOT_KNOWN.);
#5256=PRODUCT_DEFINITION_FORMATION_WITH_SPECIFIED_SOURCE('','',#5296,
 .NOT_KNOWN.);
#5257=PRODUCT_RELATED_PRODUCT_CATEGORY('','',(#5277));
#5258=PRODUCT_RELATED_PRODUCT_CATEGORY('','',(#5278));
#5259=PRODUCT_RELATED_PRODUCT_CATEGORY('','',(#5279));
#5260=PRODUCT_RELATED_PRODUCT_CATEGORY('','',(#5280));
#5261=PRODUCT_RELATED_PRODUCT_CATEGORY('','',(#5281));
#5262=PRODUCT_RELATED_PRODUCT_CATEGORY('','',(#5282));
#5263=PRODUCT_RELATED_PRODUCT_CATEGORY('','',(#5283));
#5264=PRODUCT_RELATED_PRODUCT_CATEGORY('','',(#5284));
#5265=PRODUCT_RELATED_PRODUCT_CATEGORY('','',(#5285));
#5266=PRODUCT_RELATED_PRODUCT_CATEGORY('','',(#5286));
#5267=PRODUCT_RELATED_PRODUCT_CATEGORY('','',(#5287));
#5268=PRODUCT_RELATED_PRODUCT_CATEGORY('','',(#5288));
#5269=PRODUCT_RELATED_PRODUCT_CATEGORY('','',(#5289));
#5270=PRODUCT_RELATED_PRODUCT_CATEGORY('','',(#5290));
#5271=PRODUCT_RELATED_PRODUCT_CATEGORY('','',(#5291));
#5272=PRODUCT_RELATED_PRODUCT_CATEGORY('','',(#5292));
#5273=PRODUCT_RELATED_PRODUCT_CATEGORY('','',(#5293));
#5274=PRODUCT_RELATED_PRODUCT_CATEGORY('','',(#5294));
#5275=PRODUCT_RELATED_PRODUCT_CATEGORY('','',(#5295));
#5276=PRODUCT_RELATED_PRODUCT_CATEGORY('','',(#5296));
#5277=PRODUCT('AC89_0_V4','AC89_0_V4','AC89_0_V4',(#5317));
#5278=PRODUCT('AC95_0_V4','AC95_0_V4','AC95_0_V4',(#5318));
#5279=PRODUCT('AC72_0_V4','AC72_0_V4','AC72_0_V4',(#5319));
#5280=PRODUCT('AC57_0_V4','AC57_0_V4','AC57_0_V4',(#5320));
#5281=PRODUCT('AC61_0_V4','AC61_0_V4','AC61_0_V4',(#5321));
#5282=PRODUCT('AC64_0_V4','AC64_0_V4','AC64_0_V4',(#5322));
#5283=PRODUCT('AC60_0_V4','AC60_0_V4','AC60_0_V4',(#5323));
#5284=PRODUCT('AC68_0_V4','AC68_0_V4','AC68_0_V4',(#5324));
#5285=PRODUCT('AC75_0_V4','AC75_0_V4','AC75_0_V4',(#5325));
#5286=PRODUCT('AC62_0_V4','AC62_0_V4','AC62_0_V4',(#5326));
#5287=PRODUCT('AC67_0_V4','AC67_0_V4','AC67_0_V4',(#5327));
#5288=PRODUCT('AC53_0_V4','AC53_0_V4','AC53_0_V4',(#5328));
#5289=PRODUCT('AC98_0_V4','AC98_0_V4','AC98_0_V4',(#5329));
#5290=PRODUCT('AC52_2_V4','AC52_2_V4','AC52_2_V4',(#5330));
#5291=PRODUCT('AC51_0_V4','AC51_0_V4','AC51_0_V4',(#5331));
#5292=PRODUCT('AC71_0_V4','AC71_0_V4','AC71_0_V4',(#5332));
#5293=PRODUCT('AC52_0_V4','AC52_0_V4','AC52_0_V4',(#5333));
#5294=PRODUCT('AC63_0_V4','AC63_0_V4','AC63_0_V4',(#5334));
#5295=PRODUCT('AC52_1_V4','AC52_1_V4','AC52_1_V4',(#5335));
#5296=PRODUCT('AC65_0_V4','AC65_0_V4','AC65_0_V4',(#5336));
#5297=PRODUCT_CATEGORY('','');
#5298=PRODUCT_CATEGORY('','');
#5299=PRODUCT_CATEGORY('','');
#5300=PRODUCT_CATEGORY('','');
#5301=PRODUCT_CATEGORY('','');
#5302=PRODUCT_CATEGORY('','');
#5303=PRODUCT_CATEGORY('','');
#5304=PRODUCT_CATEGORY('','');
#5305=PRODUCT_CATEGORY('','');
#5306=PRODUCT_CATEGORY('','');
#5307=PRODUCT_CATEGORY('','');
#5308=PRODUCT_CATEGORY('','');
#5309=PRODUCT_CATEGORY('','');
#5310=PRODUCT_CATEGORY('','');
#5311=PRODUCT_CATEGORY('','');
#5312=PRODUCT_CATEGORY('','');
#5313=PRODUCT_CATEGORY('','');
#5314=PRODUCT_CATEGORY('','');
#5315=PRODUCT_CATEGORY('','');
#5316=PRODUCT_CATEGORY('','');
#5317=PRODUCT_CONTEXT('',#5357,'mechanical');
#5318=PRODUCT_CONTEXT('',#5358,'mechanical');
#5319=PRODUCT_CONTEXT('',#5359,'mechanical');
#5320=PRODUCT_CONTEXT('',#5360,'mechanical');
#5321=PRODUCT_CONTEXT('',#5361,'mechanical');
#5322=PRODUCT_CONTEXT('',#5362,'mechanical');
#5323=PRODUCT_CONTEXT('',#5363,'mechanical');
#5324=PRODUCT_CONTEXT('',#5364,'mechanical');
#5325=PRODUCT_CONTEXT('',#5365,'mechanical');
#5326=PRODUCT_CONTEXT('',#5366,'mechanical');
#5327=PRODUCT_CONTEXT('',#5367,'mechanical');
#5328=PRODUCT_CONTEXT('',#5368,'mechanical');
#5329=PRODUCT_CONTEXT('',#5369,'mechanical');
#5330=PRODUCT_CONTEXT('',#5370,'mechanical');
#5331=PRODUCT_CONTEXT('',#5371,'mechanical');
#5332=PRODUCT_CONTEXT('',#5372,'mechanical');
#5333=PRODUCT_CONTEXT('',#5373,'mechanical');
#5334=PRODUCT_CONTEXT('',#5374,'mechanical');
#5335=PRODUCT_CONTEXT('',#5375,'mechanical');
#5336=PRODUCT_CONTEXT('',#5376,'mechanical');
#5337=APPLICATION_PROTOCOL_DEFINITION('international standard',
'automotive_design',2010,#5357);
#5338=APPLICATION_PROTOCOL_DEFINITION('international standard',
'automotive_design',2010,#5358);
#5339=APPLICATION_PROTOCOL_DEFINITION('international standard',
'automotive_design',2010,#5359);
#5340=APPLICATION_PROTOCOL_DEFINITION('international standard',
'automotive_design',2010,#5360);
#5341=APPLICATION_PROTOCOL_DEFINITION('international standard',
'automotive_design',2010,#5361);
#5342=APPLICATION_PROTOCOL_DEFINITION('international standard',
'automotive_design',2010,#5362);
#5343=APPLICATION_PROTOCOL_DEFINITION('international standard',
'automotive_design',2010,#5363);
#5344=APPLICATION_PROTOCOL_DEFINITION('international standard',
'automotive_design',2010,#5364);
#5345=APPLICATION_PROTOCOL_DEFINITION('international standard',
'automotive_design',2010,#5365);
#5346=APPLICATION_PROTOCOL_DEFINITION('international standard',
'automotive_design',2010,#5366);
#5347=APPLICATION_PROTOCOL_DEFINITION('international standard',
'automotive_design',2010,#5367);
#5348=APPLICATION_PROTOCOL_DEFINITION('international standard',
'automotive_design',2010,#5368);
#5349=APPLICATION_PROTOCOL_DEFINITION('international standard',
'automotive_design',2010,#5369);
#5350=APPLICATION_PROTOCOL_DEFINITION('international standard',
'automotive_design',2010,#5370);
#5351=APPLICATION_PROTOCOL_DEFINITION('international standard',
'automotive_design',2010,#5371);
#5352=APPLICATION_PROTOCOL_DEFINITION('international standard',
'automotive_design',2010,#5372);
#5353=APPLICATION_PROTOCOL_DEFINITION('international standard',
'automotive_design',2010,#5373);
#5354=APPLICATION_PROTOCOL_DEFINITION('international standard',
'automotive_design',2010,#5374);
#5355=APPLICATION_PROTOCOL_DEFINITION('international standard',
'automotive_design',2010,#5375);
#5356=APPLICATION_PROTOCOL_DEFINITION('international standard',
'automotive_design',2010,#5376);
#5357=APPLICATION_CONTEXT(
'core data for automotive mechanical design processes');
#5358=APPLICATION_CONTEXT(
'core data for automotive mechanical design processes');
#5359=APPLICATION_CONTEXT(
'core data for automotive mechanical design processes');
#5360=APPLICATION_CONTEXT(
'core data for automotive mechanical design processes');
#5361=APPLICATION_CONTEXT(
'core data for automotive mechanical design processes');
#5362=APPLICATION_CONTEXT(
'core data for automotive mechanical design processes');
#5363=APPLICATION_CONTEXT(
'core data for automotive mechanical design processes');
#5364=APPLICATION_CONTEXT(
'core data for automotive mechanical design processes');
#5365=APPLICATION_CONTEXT(
'core data for automotive mechanical design processes');
#5366=APPLICATION_CONTEXT(
'core data for automotive mechanical design processes');
#5367=APPLICATION_CONTEXT(
'core data for automotive mechanical design processes');
#5368=APPLICATION_CONTEXT(
'core data for automotive mechanical design processes');
#5369=APPLICATION_CONTEXT(
'core data for automotive mechanical design processes');
#5370=APPLICATION_CONTEXT(
'core data for automotive mechanical design processes');
#5371=APPLICATION_CONTEXT(
'core data for automotive mechanical design processes');
#5372=APPLICATION_CONTEXT(
'core data for automotive mechanical design processes');
#5373=APPLICATION_CONTEXT(
'core data for automotive mechanical design processes');
#5374=APPLICATION_CONTEXT(
'core data for automotive mechanical design processes');
#5375=APPLICATION_CONTEXT(
'core data for automotive mechanical design processes');
#5376=APPLICATION_CONTEXT(
'core data for automotive mechanical design processes');
ENDSEC;
END-ISO-10303-21;
