ISO-10303-21;
HEADER;
/* Generated by software containing ST-Developer
 * from STEP Tools, Inc. (www.steptools.com) 
 */
/* OPTION: using custom renumber hook */

FILE_DESCRIPTION(
/* description */ ('STEP AP214',
'CAx-IF Rec.Pracs.---User Defined Attributes---1.5---2016-08-15'),
/* implementation_level */ '2;1');

FILE_NAME(
/* name */ '6ac210540e7ce41d8afa483b',
/* time_stamp */ '2026-10-04T08:37:41Z',
/* author */ (''),
/* organization */ (''),
/* preprocessor_version */ 'ST-DEVELOPER v20',
/* originating_system */ 'ONSHAPE BY PTC INC, 1.221',
/* authorisation */ '  ');

FILE_SCHEMA (('AUTOMOTIVE_DESIGN {1 0 10303 214 3 1 1}'));
ENDSEC;

DATA;
#10=PROPERTY_DEFINITION_REPRESENTATION(#14,#12);
#11=PROPERTY_DEFINITION_REPRESENTATION(#15,#13);
#12=REPRESENTATION('',(#16),#7506);
#13=REPRESENTATION('',(#17),#7506);
#14=PROPERTY_DEFINITION('pmi validation property','',#7611);
#15=PROPERTY_DEFINITION('pmi validation property','',#7611);
#16=VALUE_REPRESENTATION_ITEM('number of annotations',COUNT_MEASURE(0.));
#17=VALUE_REPRESENTATION_ITEM('number of views',COUNT_MEASURE(0.));
#18=B_SPLINE_CURVE_WITH_KNOTS('',3,(#6064,#6065,#6066,#6067,#6068,#6069,
#6070,#6071),.UNSPECIFIED.,.F.,.F.,(4,1,1,1,1,4),(0.,0.201010965864291,
0.396928911056457,0.608164109615667,0.804082054807834,1.),.UNSPECIFIED.);
#19=B_SPLINE_CURVE_WITH_KNOTS('',3,(#6075,#6076,#6077,#6078,#6079,#6080,
#6081,#6082),.UNSPECIFIED.,.F.,.F.,(4,1,1,1,1,4),(0.,0.201010965864291,
0.396928911056457,0.608164109615667,0.804082054807834,1.),.UNSPECIFIED.);
#20=B_SPLINE_CURVE_WITH_KNOTS('',3,(#6105,#6106,#6107,#6108,#6109,#6110,
#6111,#6112,#6113,#6114,#6115,#6116,#6117,#6118,#6119,#6120,#6121),
 .UNSPECIFIED.,.T.,.F.,(1,1,1,1,1,1,1,1,1,1,1,1,1,1,1,1,1,1,1,1,1),(-0.00251808805717988,
-0.00167872537145325,-0.000839362685726623,4.33680868994202E-18,0.000839362685726631,
0.00167872537145326,0.00335745074290651,0.00503617611435976,0.00587553880008639,
0.00671490148581302,0.00755426417153964,0.00839362685726627,0.0092329895429929,
0.0100723522287195,0.0109117149144462,0.0117510776001728,0.0125904402858994,
0.013429802971626,0.0142691656573527,0.0151085283430793,0.0167872537145325),
 .UNSPECIFIED.);
#21=B_SPLINE_CURVE_WITH_KNOTS('',3,(#6123,#6124,#6125,#6126,#6127,#6128,
#6129,#6130,#6131,#6132,#6133,#6134,#6135,#6136,#6137,#6138,#6139),
 .UNSPECIFIED.,.T.,.F.,(1,1,1,1,1,1,1,1,1,1,1,1,1,1,1,1,1,1,1,1,1),(-0.00335719226240455,
-0.00251789419680342,-0.00167859613120228,0.,0.00167859613120228,0.00251789419680342,
0.00335719226240455,0.00419649032800569,0.00503578839360683,0.00587508645920797,
0.00671438452480911,0.00755368259041025,0.00839298065601139,0.00923227872161253,
0.0100715767872137,0.0109108748528148,0.0117501729184159,0.0134287690496182,
0.0151073651808205,0.0159466632464216,0.0167859613120228),.UNSPECIFIED.);
#22=B_SPLINE_CURVE_WITH_KNOTS('',3,(#6189,#6190,#6191,#6192),
 .UNSPECIFIED.,.F.,.F.,(4,4),(0.,1.),.PIECEWISE_BEZIER_KNOTS.);
#23=B_SPLINE_CURVE_WITH_KNOTS('',3,(#6196,#6197,#6198,#6199),
 .UNSPECIFIED.,.F.,.F.,(4,4),(0.,1.),.PIECEWISE_BEZIER_KNOTS.);
#24=B_SPLINE_CURVE_WITH_KNOTS('',3,(#6214,#6215,#6216,#6217),
 .UNSPECIFIED.,.F.,.F.,(4,4),(0.,1.),.PIECEWISE_BEZIER_KNOTS.);
#25=B_SPLINE_CURVE_WITH_KNOTS('',3,(#6221,#6222,#6223,#6224),
 .UNSPECIFIED.,.F.,.F.,(4,4),(0.,1.),.PIECEWISE_BEZIER_KNOTS.);
#26=B_SPLINE_CURVE_WITH_KNOTS('',3,(#6251,#6252,#6253,#6254),
 .UNSPECIFIED.,.F.,.F.,(4,4),(0.,1.),.PIECEWISE_BEZIER_KNOTS.);
#27=B_SPLINE_CURVE_WITH_KNOTS('',3,(#6258,#6259,#6260,#6261),
 .UNSPECIFIED.,.F.,.F.,(4,4),(0.,1.),.PIECEWISE_BEZIER_KNOTS.);
#28=B_SPLINE_CURVE_WITH_KNOTS('',3,(#6276,#6277,#6278,#6279),
 .UNSPECIFIED.,.F.,.F.,(4,4),(0.,1.),.PIECEWISE_BEZIER_KNOTS.);
#29=B_SPLINE_CURVE_WITH_KNOTS('',3,(#6283,#6284,#6285,#6286),
 .UNSPECIFIED.,.F.,.F.,(4,4),(0.,1.),.PIECEWISE_BEZIER_KNOTS.);
#30=B_SPLINE_CURVE_WITH_KNOTS('',3,(#6313,#6314,#6315,#6316),
 .UNSPECIFIED.,.F.,.F.,(4,4),(0.,1.),.PIECEWISE_BEZIER_KNOTS.);
#31=B_SPLINE_CURVE_WITH_KNOTS('',3,(#6320,#6321,#6322,#6323),
 .UNSPECIFIED.,.F.,.F.,(4,4),(0.,1.),.PIECEWISE_BEZIER_KNOTS.);
#32=B_SPLINE_CURVE_WITH_KNOTS('',3,(#6338,#6339,#6340,#6341),
 .UNSPECIFIED.,.F.,.F.,(4,4),(0.,1.),.PIECEWISE_BEZIER_KNOTS.);
#33=B_SPLINE_CURVE_WITH_KNOTS('',3,(#6345,#6346,#6347,#6348),
 .UNSPECIFIED.,.F.,.F.,(4,4),(0.,1.),.PIECEWISE_BEZIER_KNOTS.);
#34=B_SPLINE_CURVE_WITH_KNOTS('',3,(#6375,#6376,#6377,#6378),
 .UNSPECIFIED.,.F.,.F.,(4,4),(0.,1.),.PIECEWISE_BEZIER_KNOTS.);
#35=B_SPLINE_CURVE_WITH_KNOTS('',3,(#6382,#6383,#6384,#6385),
 .UNSPECIFIED.,.F.,.F.,(4,4),(0.,1.),.PIECEWISE_BEZIER_KNOTS.);
#36=B_SPLINE_CURVE_WITH_KNOTS('',3,(#6400,#6401,#6402,#6403),
 .UNSPECIFIED.,.F.,.F.,(4,4),(0.,1.),.PIECEWISE_BEZIER_KNOTS.);
#37=B_SPLINE_CURVE_WITH_KNOTS('',3,(#6407,#6408,#6409,#6410),
 .UNSPECIFIED.,.F.,.F.,(4,4),(0.,1.),.PIECEWISE_BEZIER_KNOTS.);
#38=B_SPLINE_CURVE_WITH_KNOTS('',3,(#6437,#6438,#6439,#6440),
 .UNSPECIFIED.,.F.,.F.,(4,4),(0.,1.),.PIECEWISE_BEZIER_KNOTS.);
#39=B_SPLINE_CURVE_WITH_KNOTS('',3,(#6444,#6445,#6446,#6447),
 .UNSPECIFIED.,.F.,.F.,(4,4),(0.,1.),.PIECEWISE_BEZIER_KNOTS.);
#40=B_SPLINE_CURVE_WITH_KNOTS('',3,(#6462,#6463,#6464,#6465),
 .UNSPECIFIED.,.F.,.F.,(4,4),(0.,1.),.PIECEWISE_BEZIER_KNOTS.);
#41=B_SPLINE_CURVE_WITH_KNOTS('',3,(#6469,#6470,#6471,#6472),
 .UNSPECIFIED.,.F.,.F.,(4,4),(0.,1.),.PIECEWISE_BEZIER_KNOTS.);
#42=B_SPLINE_CURVE_WITH_KNOTS('',3,(#6499,#6500,#6501,#6502),
 .UNSPECIFIED.,.F.,.F.,(4,4),(0.,1.),.PIECEWISE_BEZIER_KNOTS.);
#43=B_SPLINE_CURVE_WITH_KNOTS('',3,(#6506,#6507,#6508,#6509),
 .UNSPECIFIED.,.F.,.F.,(4,4),(0.,1.),.PIECEWISE_BEZIER_KNOTS.);
#44=B_SPLINE_CURVE_WITH_KNOTS('',3,(#6524,#6525,#6526,#6527),
 .UNSPECIFIED.,.F.,.F.,(4,4),(0.,1.),.PIECEWISE_BEZIER_KNOTS.);
#45=B_SPLINE_CURVE_WITH_KNOTS('',3,(#6531,#6532,#6533,#6534),
 .UNSPECIFIED.,.F.,.F.,(4,4),(0.,1.),.PIECEWISE_BEZIER_KNOTS.);
#46=B_SPLINE_CURVE_WITH_KNOTS('',3,(#6561,#6562,#6563,#6564),
 .UNSPECIFIED.,.F.,.F.,(4,4),(0.,1.),.PIECEWISE_BEZIER_KNOTS.);
#47=B_SPLINE_CURVE_WITH_KNOTS('',3,(#6568,#6569,#6570,#6571),
 .UNSPECIFIED.,.F.,.F.,(4,4),(0.,1.),.PIECEWISE_BEZIER_KNOTS.);
#48=B_SPLINE_CURVE_WITH_KNOTS('',3,(#6586,#6587,#6588,#6589),
 .UNSPECIFIED.,.F.,.F.,(4,4),(0.,1.),.PIECEWISE_BEZIER_KNOTS.);
#49=B_SPLINE_CURVE_WITH_KNOTS('',3,(#6593,#6594,#6595,#6596),
 .UNSPECIFIED.,.F.,.F.,(4,4),(0.,1.),.PIECEWISE_BEZIER_KNOTS.);
#50=B_SPLINE_CURVE_WITH_KNOTS('',3,(#6623,#6624,#6625,#6626),
 .UNSPECIFIED.,.F.,.F.,(4,4),(0.,1.),.PIECEWISE_BEZIER_KNOTS.);
#51=B_SPLINE_CURVE_WITH_KNOTS('',3,(#6630,#6631,#6632,#6633),
 .UNSPECIFIED.,.F.,.F.,(4,4),(0.,1.),.PIECEWISE_BEZIER_KNOTS.);
#52=B_SPLINE_CURVE_WITH_KNOTS('',3,(#6648,#6649,#6650,#6651),
 .UNSPECIFIED.,.F.,.F.,(4,4),(0.,1.),.PIECEWISE_BEZIER_KNOTS.);
#53=B_SPLINE_CURVE_WITH_KNOTS('',3,(#6655,#6656,#6657,#6658),
 .UNSPECIFIED.,.F.,.F.,(4,4),(0.,1.),.PIECEWISE_BEZIER_KNOTS.);
#54=B_SPLINE_CURVE_WITH_KNOTS('',3,(#6685,#6686,#6687,#6688),
 .UNSPECIFIED.,.F.,.F.,(4,4),(0.,1.),.PIECEWISE_BEZIER_KNOTS.);
#55=B_SPLINE_CURVE_WITH_KNOTS('',3,(#6692,#6693,#6694,#6695),
 .UNSPECIFIED.,.F.,.F.,(4,4),(0.,1.),.PIECEWISE_BEZIER_KNOTS.);
#56=B_SPLINE_CURVE_WITH_KNOTS('',3,(#6710,#6711,#6712,#6713),
 .UNSPECIFIED.,.F.,.F.,(4,4),(0.,1.),.PIECEWISE_BEZIER_KNOTS.);
#57=B_SPLINE_CURVE_WITH_KNOTS('',3,(#6717,#6718,#6719,#6720),
 .UNSPECIFIED.,.F.,.F.,(4,4),(0.,1.),.PIECEWISE_BEZIER_KNOTS.);
#58=B_SPLINE_CURVE_WITH_KNOTS('',3,(#6747,#6748,#6749,#6750),
 .UNSPECIFIED.,.F.,.F.,(4,4),(0.,1.),.PIECEWISE_BEZIER_KNOTS.);
#59=B_SPLINE_CURVE_WITH_KNOTS('',3,(#6754,#6755,#6756,#6757),
 .UNSPECIFIED.,.F.,.F.,(4,4),(0.,1.),.PIECEWISE_BEZIER_KNOTS.);
#60=B_SPLINE_CURVE_WITH_KNOTS('',3,(#6772,#6773,#6774,#6775),
 .UNSPECIFIED.,.F.,.F.,(4,4),(0.,1.),.PIECEWISE_BEZIER_KNOTS.);
#61=B_SPLINE_CURVE_WITH_KNOTS('',3,(#6779,#6780,#6781,#6782),
 .UNSPECIFIED.,.F.,.F.,(4,4),(0.,1.),.PIECEWISE_BEZIER_KNOTS.);
#62=B_SPLINE_CURVE_WITH_KNOTS('',3,(#6809,#6810,#6811,#6812),
 .UNSPECIFIED.,.F.,.F.,(4,4),(0.,1.),.PIECEWISE_BEZIER_KNOTS.);
#63=B_SPLINE_CURVE_WITH_KNOTS('',3,(#6816,#6817,#6818,#6819),
 .UNSPECIFIED.,.F.,.F.,(4,4),(0.,1.),.PIECEWISE_BEZIER_KNOTS.);
#64=B_SPLINE_CURVE_WITH_KNOTS('',3,(#6834,#6835,#6836,#6837),
 .UNSPECIFIED.,.F.,.F.,(4,4),(0.,1.),.PIECEWISE_BEZIER_KNOTS.);
#65=B_SPLINE_CURVE_WITH_KNOTS('',3,(#6841,#6842,#6843,#6844),
 .UNSPECIFIED.,.F.,.F.,(4,4),(0.,1.),.PIECEWISE_BEZIER_KNOTS.);
#66=B_SPLINE_CURVE_WITH_KNOTS('',3,(#6871,#6872,#6873,#6874),
 .UNSPECIFIED.,.F.,.F.,(4,4),(0.,1.),.PIECEWISE_BEZIER_KNOTS.);
#67=B_SPLINE_CURVE_WITH_KNOTS('',3,(#6878,#6879,#6880,#6881),
 .UNSPECIFIED.,.F.,.F.,(4,4),(0.,1.),.PIECEWISE_BEZIER_KNOTS.);
#68=B_SPLINE_CURVE_WITH_KNOTS('',3,(#6896,#6897,#6898,#6899),
 .UNSPECIFIED.,.F.,.F.,(4,4),(0.,1.),.PIECEWISE_BEZIER_KNOTS.);
#69=B_SPLINE_CURVE_WITH_KNOTS('',3,(#6903,#6904,#6905,#6906),
 .UNSPECIFIED.,.F.,.F.,(4,4),(0.,1.),.PIECEWISE_BEZIER_KNOTS.);
#70=B_SPLINE_CURVE_WITH_KNOTS('',3,(#6933,#6934,#6935,#6936),
 .UNSPECIFIED.,.F.,.F.,(4,4),(0.,1.),.PIECEWISE_BEZIER_KNOTS.);
#71=B_SPLINE_CURVE_WITH_KNOTS('',3,(#6940,#6941,#6942,#6943),
 .UNSPECIFIED.,.F.,.F.,(4,4),(0.,1.),.PIECEWISE_BEZIER_KNOTS.);
#72=B_SPLINE_CURVE_WITH_KNOTS('',3,(#6958,#6959,#6960,#6961),
 .UNSPECIFIED.,.F.,.F.,(4,4),(0.,1.),.PIECEWISE_BEZIER_KNOTS.);
#73=B_SPLINE_CURVE_WITH_KNOTS('',3,(#6965,#6966,#6967,#6968),
 .UNSPECIFIED.,.F.,.F.,(4,4),(0.,1.),.PIECEWISE_BEZIER_KNOTS.);
#74=B_SPLINE_CURVE_WITH_KNOTS('',3,(#6995,#6996,#6997,#6998),
 .UNSPECIFIED.,.F.,.F.,(4,4),(0.,1.),.PIECEWISE_BEZIER_KNOTS.);
#75=B_SPLINE_CURVE_WITH_KNOTS('',3,(#7002,#7003,#7004,#7005),
 .UNSPECIFIED.,.F.,.F.,(4,4),(0.,1.),.PIECEWISE_BEZIER_KNOTS.);
#76=B_SPLINE_CURVE_WITH_KNOTS('',3,(#7020,#7021,#7022,#7023),
 .UNSPECIFIED.,.F.,.F.,(4,4),(0.,1.),.PIECEWISE_BEZIER_KNOTS.);
#77=B_SPLINE_CURVE_WITH_KNOTS('',3,(#7027,#7028,#7029,#7030),
 .UNSPECIFIED.,.F.,.F.,(4,4),(0.,1.),.PIECEWISE_BEZIER_KNOTS.);
#78=B_SPLINE_CURVE_WITH_KNOTS('',3,(#7057,#7058,#7059,#7060),
 .UNSPECIFIED.,.F.,.F.,(4,4),(0.,1.),.PIECEWISE_BEZIER_KNOTS.);
#79=B_SPLINE_CURVE_WITH_KNOTS('',3,(#7064,#7065,#7066,#7067),
 .UNSPECIFIED.,.F.,.F.,(4,4),(0.,1.),.PIECEWISE_BEZIER_KNOTS.);
#80=B_SPLINE_CURVE_WITH_KNOTS('',3,(#7082,#7083,#7084,#7085),
 .UNSPECIFIED.,.F.,.F.,(4,4),(0.,1.),.PIECEWISE_BEZIER_KNOTS.);
#81=B_SPLINE_CURVE_WITH_KNOTS('',3,(#7089,#7090,#7091,#7092),
 .UNSPECIFIED.,.F.,.F.,(4,4),(0.,1.),.PIECEWISE_BEZIER_KNOTS.);
#82=B_SPLINE_CURVE_WITH_KNOTS('',3,(#7119,#7120,#7121,#7122),
 .UNSPECIFIED.,.F.,.F.,(4,4),(0.,1.),.PIECEWISE_BEZIER_KNOTS.);
#83=B_SPLINE_CURVE_WITH_KNOTS('',3,(#7126,#7127,#7128,#7129),
 .UNSPECIFIED.,.F.,.F.,(4,4),(0.,1.),.PIECEWISE_BEZIER_KNOTS.);
#84=B_SPLINE_CURVE_WITH_KNOTS('',3,(#7144,#7145,#7146,#7147),
 .UNSPECIFIED.,.F.,.F.,(4,4),(0.,1.),.PIECEWISE_BEZIER_KNOTS.);
#85=B_SPLINE_CURVE_WITH_KNOTS('',3,(#7151,#7152,#7153,#7154),
 .UNSPECIFIED.,.F.,.F.,(4,4),(0.,1.),.PIECEWISE_BEZIER_KNOTS.);
#86=B_SPLINE_CURVE_WITH_KNOTS('',3,(#7228,#7229,#7230,#7231,#7232,#7233,
#7234,#7235,#7236,#7237,#7238),.UNSPECIFIED.,.T.,.F.,(1,1,1,1,1,1,1,1,1,
1,1,1,1,1,1),(-0.00473828046861757,-0.00315885364574504,-0.00157942682287251,
1.80115035670574E-17,0.00157942682287255,0.00315885364574508,0.00473828046861761,
0.00631770729149014,0.00789713411436267,0.00947656093723519,0.0110559877601077,
0.0126354145829803,0.0142148414058528,0.0157942682287253,0.0173736950515978),
 .UNSPECIFIED.);
#87=B_SPLINE_CURVE_WITH_KNOTS('',3,(#7240,#7241,#7242,#7243,#7244,#7245,
#7246,#7247,#7248,#7249,#7250),.UNSPECIFIED.,.T.,.F.,(1,1,1,1,1,1,1,1,1,
1,1,1,1,1,1),(-0.00473828046861757,-0.00315885364574504,-0.00157942682287251,
1.80063712478948E-17,0.00157942682287255,0.00315885364574508,0.00473828046861761,
0.00631770729149014,0.00789713411436267,0.00947656093723519,0.0110559877601077,
0.0126354145829803,0.0142148414058528,0.0157942682287253,0.0173736950515978),
 .UNSPECIFIED.);
#88=B_SPLINE_CURVE_WITH_KNOTS('',3,(#7359,#7360,#7361,#7362),
 .UNSPECIFIED.,.F.,.F.,(4,4),(0.,1.),.PIECEWISE_BEZIER_KNOTS.);
#89=B_SPLINE_CURVE_WITH_KNOTS('',3,(#7367,#7368,#7369,#7370),
 .UNSPECIFIED.,.F.,.F.,(4,4),(0.,1.),.PIECEWISE_BEZIER_KNOTS.);
#90=B_SPLINE_SURFACE_WITH_KNOTS('',3,1,((#6048,#6049),(#6050,#6051),(#6052,
#6053),(#6054,#6055),(#6056,#6057),(#6058,#6059),(#6060,#6061),(#6062,#6063)),
 .SURF_OF_LINEAR_EXTRUSION.,.F.,.F.,.F.,(4,1,1,1,1,4),(2,2),(0.,0.201010965864291,
0.396928911056457,0.608164109615667,0.804082054807834,1.),(0.,1.),
 .UNSPECIFIED.);
#91=B_SPLINE_SURFACE_WITH_KNOTS('',3,1,((#6181,#6182),(#6183,#6184),(#6185,
#6186),(#6187,#6188)),.SURF_OF_LINEAR_EXTRUSION.,.F.,.F.,.F.,(4,4),(2,2),
(0.,1.),(0.,1.),.PIECEWISE_BEZIER_KNOTS.);
#92=B_SPLINE_SURFACE_WITH_KNOTS('',3,1,((#6206,#6207),(#6208,#6209),(#6210,
#6211),(#6212,#6213)),.SURF_OF_LINEAR_EXTRUSION.,.F.,.F.,.F.,(4,4),(2,2),
(0.,1.),(0.,1.),.PIECEWISE_BEZIER_KNOTS.);
#93=B_SPLINE_SURFACE_WITH_KNOTS('',3,1,((#6243,#6244),(#6245,#6246),(#6247,
#6248),(#6249,#6250)),.SURF_OF_LINEAR_EXTRUSION.,.F.,.F.,.F.,(4,4),(2,2),
(0.,1.),(0.,1.),.PIECEWISE_BEZIER_KNOTS.);
#94=B_SPLINE_SURFACE_WITH_KNOTS('',3,1,((#6268,#6269),(#6270,#6271),(#6272,
#6273),(#6274,#6275)),.SURF_OF_LINEAR_EXTRUSION.,.F.,.F.,.F.,(4,4),(2,2),
(0.,1.),(0.,1.),.PIECEWISE_BEZIER_KNOTS.);
#95=B_SPLINE_SURFACE_WITH_KNOTS('',3,1,((#6305,#6306),(#6307,#6308),(#6309,
#6310),(#6311,#6312)),.SURF_OF_LINEAR_EXTRUSION.,.F.,.F.,.F.,(4,4),(2,2),
(0.,1.),(0.,1.),.PIECEWISE_BEZIER_KNOTS.);
#96=B_SPLINE_SURFACE_WITH_KNOTS('',3,1,((#6330,#6331),(#6332,#6333),(#6334,
#6335),(#6336,#6337)),.SURF_OF_LINEAR_EXTRUSION.,.F.,.F.,.F.,(4,4),(2,2),
(0.,1.),(0.,1.),.PIECEWISE_BEZIER_KNOTS.);
#97=B_SPLINE_SURFACE_WITH_KNOTS('',3,1,((#6367,#6368),(#6369,#6370),(#6371,
#6372),(#6373,#6374)),.SURF_OF_LINEAR_EXTRUSION.,.F.,.F.,.F.,(4,4),(2,2),
(0.,1.),(0.,1.),.PIECEWISE_BEZIER_KNOTS.);
#98=B_SPLINE_SURFACE_WITH_KNOTS('',3,1,((#6392,#6393),(#6394,#6395),(#6396,
#6397),(#6398,#6399)),.SURF_OF_LINEAR_EXTRUSION.,.F.,.F.,.F.,(4,4),(2,2),
(0.,1.),(0.,1.),.PIECEWISE_BEZIER_KNOTS.);
#99=B_SPLINE_SURFACE_WITH_KNOTS('',3,1,((#6429,#6430),(#6431,#6432),(#6433,
#6434),(#6435,#6436)),.SURF_OF_LINEAR_EXTRUSION.,.F.,.F.,.F.,(4,4),(2,2),
(0.,1.),(0.,1.),.PIECEWISE_BEZIER_KNOTS.);
#100=B_SPLINE_SURFACE_WITH_KNOTS('',3,1,((#6454,#6455),(#6456,#6457),(#6458,
#6459),(#6460,#6461)),.SURF_OF_LINEAR_EXTRUSION.,.F.,.F.,.F.,(4,4),(2,2),
(0.,1.),(0.,1.),.PIECEWISE_BEZIER_KNOTS.);
#101=B_SPLINE_SURFACE_WITH_KNOTS('',3,1,((#6491,#6492),(#6493,#6494),(#6495,
#6496),(#6497,#6498)),.SURF_OF_LINEAR_EXTRUSION.,.F.,.F.,.F.,(4,4),(2,2),
(0.,1.),(0.,1.),.PIECEWISE_BEZIER_KNOTS.);
#102=B_SPLINE_SURFACE_WITH_KNOTS('',3,1,((#6516,#6517),(#6518,#6519),(#6520,
#6521),(#6522,#6523)),.SURF_OF_LINEAR_EXTRUSION.,.F.,.F.,.F.,(4,4),(2,2),
(0.,1.),(0.,1.),.PIECEWISE_BEZIER_KNOTS.);
#103=B_SPLINE_SURFACE_WITH_KNOTS('',3,1,((#6553,#6554),(#6555,#6556),(#6557,
#6558),(#6559,#6560)),.SURF_OF_LINEAR_EXTRUSION.,.F.,.F.,.F.,(4,4),(2,2),
(0.,1.),(0.,1.),.PIECEWISE_BEZIER_KNOTS.);
#104=B_SPLINE_SURFACE_WITH_KNOTS('',3,1,((#6578,#6579),(#6580,#6581),(#6582,
#6583),(#6584,#6585)),.SURF_OF_LINEAR_EXTRUSION.,.F.,.F.,.F.,(4,4),(2,2),
(0.,1.),(0.,1.),.PIECEWISE_BEZIER_KNOTS.);
#105=B_SPLINE_SURFACE_WITH_KNOTS('',3,1,((#6615,#6616),(#6617,#6618),(#6619,
#6620),(#6621,#6622)),.SURF_OF_LINEAR_EXTRUSION.,.F.,.F.,.F.,(4,4),(2,2),
(0.,1.),(0.,1.),.PIECEWISE_BEZIER_KNOTS.);
#106=B_SPLINE_SURFACE_WITH_KNOTS('',3,1,((#6640,#6641),(#6642,#6643),(#6644,
#6645),(#6646,#6647)),.SURF_OF_LINEAR_EXTRUSION.,.F.,.F.,.F.,(4,4),(2,2),
(0.,1.),(0.,1.),.PIECEWISE_BEZIER_KNOTS.);
#107=B_SPLINE_SURFACE_WITH_KNOTS('',3,1,((#6677,#6678),(#6679,#6680),(#6681,
#6682),(#6683,#6684)),.SURF_OF_LINEAR_EXTRUSION.,.F.,.F.,.F.,(4,4),(2,2),
(0.,1.),(0.,1.),.PIECEWISE_BEZIER_KNOTS.);
#108=B_SPLINE_SURFACE_WITH_KNOTS('',3,1,((#6702,#6703),(#6704,#6705),(#6706,
#6707),(#6708,#6709)),.SURF_OF_LINEAR_EXTRUSION.,.F.,.F.,.F.,(4,4),(2,2),
(0.,1.),(0.,1.),.PIECEWISE_BEZIER_KNOTS.);
#109=B_SPLINE_SURFACE_WITH_KNOTS('',3,1,((#6739,#6740),(#6741,#6742),(#6743,
#6744),(#6745,#6746)),.SURF_OF_LINEAR_EXTRUSION.,.F.,.F.,.F.,(4,4),(2,2),
(0.,1.),(0.,1.),.PIECEWISE_BEZIER_KNOTS.);
#110=B_SPLINE_SURFACE_WITH_KNOTS('',3,1,((#6764,#6765),(#6766,#6767),(#6768,
#6769),(#6770,#6771)),.SURF_OF_LINEAR_EXTRUSION.,.F.,.F.,.F.,(4,4),(2,2),
(0.,1.),(0.,1.),.PIECEWISE_BEZIER_KNOTS.);
#111=B_SPLINE_SURFACE_WITH_KNOTS('',3,1,((#6801,#6802),(#6803,#6804),(#6805,
#6806),(#6807,#6808)),.SURF_OF_LINEAR_EXTRUSION.,.F.,.F.,.F.,(4,4),(2,2),
(0.,1.),(0.,1.),.PIECEWISE_BEZIER_KNOTS.);
#112=B_SPLINE_SURFACE_WITH_KNOTS('',3,1,((#6826,#6827),(#6828,#6829),(#6830,
#6831),(#6832,#6833)),.SURF_OF_LINEAR_EXTRUSION.,.F.,.F.,.F.,(4,4),(2,2),
(0.,1.),(0.,1.),.PIECEWISE_BEZIER_KNOTS.);
#113=B_SPLINE_SURFACE_WITH_KNOTS('',3,1,((#6863,#6864),(#6865,#6866),(#6867,
#6868),(#6869,#6870)),.SURF_OF_LINEAR_EXTRUSION.,.F.,.F.,.F.,(4,4),(2,2),
(0.,1.),(0.,1.),.PIECEWISE_BEZIER_KNOTS.);
#114=B_SPLINE_SURFACE_WITH_KNOTS('',3,1,((#6888,#6889),(#6890,#6891),(#6892,
#6893),(#6894,#6895)),.SURF_OF_LINEAR_EXTRUSION.,.F.,.F.,.F.,(4,4),(2,2),
(0.,1.),(0.,1.),.PIECEWISE_BEZIER_KNOTS.);
#115=B_SPLINE_SURFACE_WITH_KNOTS('',3,1,((#6925,#6926),(#6927,#6928),(#6929,
#6930),(#6931,#6932)),.SURF_OF_LINEAR_EXTRUSION.,.F.,.F.,.F.,(4,4),(2,2),
(0.,1.),(0.,1.),.PIECEWISE_BEZIER_KNOTS.);
#116=B_SPLINE_SURFACE_WITH_KNOTS('',3,1,((#6950,#6951),(#6952,#6953),(#6954,
#6955),(#6956,#6957)),.SURF_OF_LINEAR_EXTRUSION.,.F.,.F.,.F.,(4,4),(2,2),
(0.,1.),(0.,1.),.PIECEWISE_BEZIER_KNOTS.);
#117=B_SPLINE_SURFACE_WITH_KNOTS('',3,1,((#6987,#6988),(#6989,#6990),(#6991,
#6992),(#6993,#6994)),.SURF_OF_LINEAR_EXTRUSION.,.F.,.F.,.F.,(4,4),(2,2),
(0.,1.),(0.,1.),.PIECEWISE_BEZIER_KNOTS.);
#118=B_SPLINE_SURFACE_WITH_KNOTS('',3,1,((#7012,#7013),(#7014,#7015),(#7016,
#7017),(#7018,#7019)),.SURF_OF_LINEAR_EXTRUSION.,.F.,.F.,.F.,(4,4),(2,2),
(0.,1.),(0.,1.),.PIECEWISE_BEZIER_KNOTS.);
#119=B_SPLINE_SURFACE_WITH_KNOTS('',3,1,((#7049,#7050),(#7051,#7052),(#7053,
#7054),(#7055,#7056)),.SURF_OF_LINEAR_EXTRUSION.,.F.,.F.,.F.,(4,4),(2,2),
(0.,1.),(0.,1.),.PIECEWISE_BEZIER_KNOTS.);
#120=B_SPLINE_SURFACE_WITH_KNOTS('',3,1,((#7074,#7075),(#7076,#7077),(#7078,
#7079),(#7080,#7081)),.SURF_OF_LINEAR_EXTRUSION.,.F.,.F.,.F.,(4,4),(2,2),
(0.,1.),(0.,1.),.PIECEWISE_BEZIER_KNOTS.);
#121=B_SPLINE_SURFACE_WITH_KNOTS('',3,1,((#7111,#7112),(#7113,#7114),(#7115,
#7116),(#7117,#7118)),.SURF_OF_LINEAR_EXTRUSION.,.F.,.F.,.F.,(4,4),(2,2),
(0.,1.),(0.,1.),.PIECEWISE_BEZIER_KNOTS.);
#122=B_SPLINE_SURFACE_WITH_KNOTS('',3,1,((#7136,#7137),(#7138,#7139),(#7140,
#7141),(#7142,#7143)),.SURF_OF_LINEAR_EXTRUSION.,.F.,.F.,.F.,(4,4),(2,2),
(0.,1.),(0.,1.),.PIECEWISE_BEZIER_KNOTS.);
#123=B_SPLINE_SURFACE_WITH_KNOTS('',3,1,((#7351,#7352),(#7353,#7354),(#7355,
#7356),(#7357,#7358)),.SURF_OF_LINEAR_EXTRUSION.,.F.,.F.,.F.,(4,4),(2,2),
(0.,1.),(0.,1.),.PIECEWISE_BEZIER_KNOTS.);
#124=TOROIDAL_SURFACE('',#4335,0.003,0.00100000000000017);
#125=TOROIDAL_SURFACE('',#4420,0.01,0.002);
#126=TOROIDAL_SURFACE('',#4645,0.005,0.001);
#127=SPHERICAL_SURFACE('',#4329,0.001);
#128=SPHERICAL_SURFACE('',#4339,0.00399999999999978);
#129=ELLIPSE('',#4320,0.00115470053837925,0.001);
#130=ELLIPSE('',#4321,0.00115470053837925,0.001);
#131=ELLIPSE('',#4349,0.0014142135623727,0.001);
#132=ELLIPSE('',#4598,0.00565685424949238,0.004);
#133=ELLIPSE('',#4599,0.00565685424949238,0.004);
#134=LINE('',#5777,#480);
#135=LINE('',#5780,#481);
#136=LINE('',#5782,#482);
#137=LINE('',#5784,#483);
#138=LINE('',#5786,#484);
#139=LINE('',#5789,#485);
#140=LINE('',#5791,#486);
#141=LINE('',#5793,#487);
#142=LINE('',#5795,#488);
#143=LINE('',#5799,#489);
#144=LINE('',#5804,#490);
#145=LINE('',#5806,#491);
#146=LINE('',#5827,#492);
#147=LINE('',#5830,#493);
#148=LINE('',#5832,#494);
#149=LINE('',#5834,#495);
#150=LINE('',#5836,#496);
#151=LINE('',#5839,#497);
#152=LINE('',#5841,#498);
#153=LINE('',#5843,#499);
#154=LINE('',#5845,#500);
#155=LINE('',#5847,#501);
#156=LINE('',#5848,#502);
#157=LINE('',#5852,#503);
#158=LINE('',#5860,#504);
#159=LINE('',#5863,#505);
#160=LINE('',#5865,#506);
#161=LINE('',#5867,#507);
#162=LINE('',#5869,#508);
#163=LINE('',#5871,#509);
#164=LINE('',#5873,#510);
#165=LINE('',#5875,#511);
#166=LINE('',#5877,#512);
#167=LINE('',#5879,#513);
#168=LINE('',#5881,#514);
#169=LINE('',#5882,#515);
#170=LINE('',#5884,#516);
#171=LINE('',#5887,#517);
#172=LINE('',#5889,#518);
#173=LINE('',#5891,#519);
#174=LINE('',#5899,#520);
#175=LINE('',#5901,#521);
#176=LINE('',#5903,#522);
#177=LINE('',#5905,#523);
#178=LINE('',#5907,#524);
#179=LINE('',#5909,#525);
#180=LINE('',#5911,#526);
#181=LINE('',#5913,#527);
#182=LINE('',#5917,#528);
#183=LINE('',#5920,#529);
#184=LINE('',#5922,#530);
#185=LINE('',#5924,#531);
#186=LINE('',#5926,#532);
#187=LINE('',#5929,#533);
#188=LINE('',#5931,#534);
#189=LINE('',#5933,#535);
#190=LINE('',#5935,#536);
#191=LINE('',#5938,#537);
#192=LINE('',#5940,#538);
#193=LINE('',#5942,#539);
#194=LINE('',#5944,#540);
#195=LINE('',#5947,#541);
#196=LINE('',#5949,#542);
#197=LINE('',#5951,#543);
#198=LINE('',#5953,#544);
#199=LINE('',#5956,#545);
#200=LINE('',#5958,#546);
#201=LINE('',#5960,#547);
#202=LINE('',#5975,#548);
#203=LINE('',#5976,#549);
#204=LINE('',#5978,#550);
#205=LINE('',#5980,#551);
#206=LINE('',#5982,#552);
#207=LINE('',#5984,#553);
#208=LINE('',#5986,#554);
#209=LINE('',#5988,#555);
#210=LINE('',#5995,#556);
#211=LINE('',#5999,#557);
#212=LINE('',#6004,#558);
#213=LINE('',#6005,#559);
#214=LINE('',#6010,#560);
#215=LINE('',#6011,#561);
#216=LINE('',#6013,#562);
#217=LINE('',#6014,#563);
#218=LINE('',#6019,#564);
#219=LINE('',#6024,#565);
#220=LINE('',#6034,#566);
#221=LINE('',#6037,#567);
#222=LINE('',#6039,#568);
#223=LINE('',#6041,#569);
#224=LINE('',#6043,#570);
#225=LINE('',#6045,#571);
#226=LINE('',#6047,#572);
#227=LINE('',#6073,#573);
#228=LINE('',#6084,#574);
#229=LINE('',#6085,#575);
#230=LINE('',#6149,#576);
#231=LINE('',#6153,#577);
#232=LINE('',#6155,#578);
#233=LINE('',#6157,#579);
#234=LINE('',#6159,#580);
#235=LINE('',#6170,#581);
#236=LINE('',#6174,#582);
#237=LINE('',#6176,#583);
#238=LINE('',#6178,#584);
#239=LINE('',#6180,#585);
#240=LINE('',#6194,#586);
#241=LINE('',#6203,#587);
#242=LINE('',#6219,#588);
#243=LINE('',#6226,#589);
#244=LINE('',#6228,#590);
#245=LINE('',#6230,#591);
#246=LINE('',#6234,#592);
#247=LINE('',#6238,#593);
#248=LINE('',#6240,#594);
#249=LINE('',#6242,#595);
#250=LINE('',#6256,#596);
#251=LINE('',#6265,#597);
#252=LINE('',#6281,#598);
#253=LINE('',#6288,#599);
#254=LINE('',#6290,#600);
#255=LINE('',#6292,#601);
#256=LINE('',#6296,#602);
#257=LINE('',#6300,#603);
#258=LINE('',#6302,#604);
#259=LINE('',#6304,#605);
#260=LINE('',#6318,#606);
#261=LINE('',#6327,#607);
#262=LINE('',#6343,#608);
#263=LINE('',#6350,#609);
#264=LINE('',#6352,#610);
#265=LINE('',#6354,#611);
#266=LINE('',#6358,#612);
#267=LINE('',#6362,#613);
#268=LINE('',#6364,#614);
#269=LINE('',#6366,#615);
#270=LINE('',#6380,#616);
#271=LINE('',#6389,#617);
#272=LINE('',#6405,#618);
#273=LINE('',#6412,#619);
#274=LINE('',#6414,#620);
#275=LINE('',#6416,#621);
#276=LINE('',#6420,#622);
#277=LINE('',#6424,#623);
#278=LINE('',#6426,#624);
#279=LINE('',#6428,#625);
#280=LINE('',#6442,#626);
#281=LINE('',#6451,#627);
#282=LINE('',#6467,#628);
#283=LINE('',#6474,#629);
#284=LINE('',#6476,#630);
#285=LINE('',#6478,#631);
#286=LINE('',#6482,#632);
#287=LINE('',#6486,#633);
#288=LINE('',#6488,#634);
#289=LINE('',#6490,#635);
#290=LINE('',#6504,#636);
#291=LINE('',#6513,#637);
#292=LINE('',#6529,#638);
#293=LINE('',#6536,#639);
#294=LINE('',#6538,#640);
#295=LINE('',#6540,#641);
#296=LINE('',#6544,#642);
#297=LINE('',#6548,#643);
#298=LINE('',#6550,#644);
#299=LINE('',#6552,#645);
#300=LINE('',#6566,#646);
#301=LINE('',#6575,#647);
#302=LINE('',#6591,#648);
#303=LINE('',#6598,#649);
#304=LINE('',#6600,#650);
#305=LINE('',#6602,#651);
#306=LINE('',#6606,#652);
#307=LINE('',#6610,#653);
#308=LINE('',#6612,#654);
#309=LINE('',#6614,#655);
#310=LINE('',#6628,#656);
#311=LINE('',#6637,#657);
#312=LINE('',#6653,#658);
#313=LINE('',#6660,#659);
#314=LINE('',#6662,#660);
#315=LINE('',#6664,#661);
#316=LINE('',#6668,#662);
#317=LINE('',#6672,#663);
#318=LINE('',#6674,#664);
#319=LINE('',#6676,#665);
#320=LINE('',#6690,#666);
#321=LINE('',#6699,#667);
#322=LINE('',#6715,#668);
#323=LINE('',#6722,#669);
#324=LINE('',#6724,#670);
#325=LINE('',#6726,#671);
#326=LINE('',#6730,#672);
#327=LINE('',#6734,#673);
#328=LINE('',#6736,#674);
#329=LINE('',#6738,#675);
#330=LINE('',#6752,#676);
#331=LINE('',#6761,#677);
#332=LINE('',#6777,#678);
#333=LINE('',#6784,#679);
#334=LINE('',#6786,#680);
#335=LINE('',#6788,#681);
#336=LINE('',#6792,#682);
#337=LINE('',#6796,#683);
#338=LINE('',#6798,#684);
#339=LINE('',#6800,#685);
#340=LINE('',#6814,#686);
#341=LINE('',#6823,#687);
#342=LINE('',#6839,#688);
#343=LINE('',#6846,#689);
#344=LINE('',#6848,#690);
#345=LINE('',#6850,#691);
#346=LINE('',#6854,#692);
#347=LINE('',#6858,#693);
#348=LINE('',#6860,#694);
#349=LINE('',#6862,#695);
#350=LINE('',#6876,#696);
#351=LINE('',#6885,#697);
#352=LINE('',#6901,#698);
#353=LINE('',#6908,#699);
#354=LINE('',#6910,#700);
#355=LINE('',#6912,#701);
#356=LINE('',#6916,#702);
#357=LINE('',#6920,#703);
#358=LINE('',#6922,#704);
#359=LINE('',#6924,#705);
#360=LINE('',#6938,#706);
#361=LINE('',#6947,#707);
#362=LINE('',#6963,#708);
#363=LINE('',#6970,#709);
#364=LINE('',#6972,#710);
#365=LINE('',#6974,#711);
#366=LINE('',#6978,#712);
#367=LINE('',#6982,#713);
#368=LINE('',#6984,#714);
#369=LINE('',#6986,#715);
#370=LINE('',#7000,#716);
#371=LINE('',#7009,#717);
#372=LINE('',#7025,#718);
#373=LINE('',#7032,#719);
#374=LINE('',#7034,#720);
#375=LINE('',#7036,#721);
#376=LINE('',#7040,#722);
#377=LINE('',#7044,#723);
#378=LINE('',#7046,#724);
#379=LINE('',#7048,#725);
#380=LINE('',#7062,#726);
#381=LINE('',#7071,#727);
#382=LINE('',#7087,#728);
#383=LINE('',#7094,#729);
#384=LINE('',#7096,#730);
#385=LINE('',#7098,#731);
#386=LINE('',#7102,#732);
#387=LINE('',#7106,#733);
#388=LINE('',#7108,#734);
#389=LINE('',#7110,#735);
#390=LINE('',#7124,#736);
#391=LINE('',#7133,#737);
#392=LINE('',#7149,#738);
#393=LINE('',#7156,#739);
#394=LINE('',#7157,#740);
#395=LINE('',#7173,#741);
#396=LINE('',#7176,#742);
#397=LINE('',#7178,#743);
#398=LINE('',#7180,#744);
#399=LINE('',#7182,#745);
#400=LINE('',#7184,#746);
#401=LINE('',#7186,#747);
#402=LINE('',#7188,#748);
#403=LINE('',#7190,#749);
#404=LINE('',#7192,#750);
#405=LINE('',#7194,#751);
#406=LINE('',#7195,#752);
#407=LINE('',#7257,#753);
#408=LINE('',#7260,#754);
#409=LINE('',#7262,#755);
#410=LINE('',#7264,#756);
#411=LINE('',#7268,#757);
#412=LINE('',#7270,#758);
#413=LINE('',#7272,#759);
#414=LINE('',#7274,#760);
#415=LINE('',#7276,#761);
#416=LINE('',#7278,#762);
#417=LINE('',#7282,#763);
#418=LINE('',#7283,#764);
#419=LINE('',#7292,#765);
#420=LINE('',#7296,#766);
#421=LINE('',#7301,#767);
#422=LINE('',#7302,#768);
#423=LINE('',#7307,#769);
#424=LINE('',#7308,#770);
#425=LINE('',#7310,#771);
#426=LINE('',#7311,#772);
#427=LINE('',#7316,#773);
#428=LINE('',#7319,#774);
#429=LINE('',#7321,#775);
#430=LINE('',#7323,#776);
#431=LINE('',#7325,#777);
#432=LINE('',#7327,#778);
#433=LINE('',#7329,#779);
#434=LINE('',#7331,#780);
#435=LINE('',#7333,#781);
#436=LINE('',#7335,#782);
#437=LINE('',#7337,#783);
#438=LINE('',#7338,#784);
#439=LINE('',#7365,#785);
#440=LINE('',#7372,#786);
#441=LINE('',#7374,#787);
#442=LINE('',#7375,#788);
#443=LINE('',#7380,#789);
#444=LINE('',#7383,#790);
#445=LINE('',#7385,#791);
#446=LINE('',#7387,#792);
#447=LINE('',#7389,#793);
#448=LINE('',#7392,#794);
#449=LINE('',#7394,#795);
#450=LINE('',#7396,#796);
#451=LINE('',#7398,#797);
#452=LINE('',#7401,#798);
#453=LINE('',#7403,#799);
#454=LINE('',#7405,#800);
#455=LINE('',#7407,#801);
#456=LINE('',#7410,#802);
#457=LINE('',#7412,#803);
#458=LINE('',#7414,#804);
#459=LINE('',#7421,#805);
#460=LINE('',#7426,#806);
#461=LINE('',#7428,#807);
#462=LINE('',#7430,#808);
#463=LINE('',#7431,#809);
#464=LINE('',#7432,#810);
#465=LINE('',#7434,#811);
#466=LINE('',#7436,#812);
#467=LINE('',#7437,#813);
#468=LINE('',#7441,#814);
#469=LINE('',#7443,#815);
#470=LINE('',#7445,#816);
#471=LINE('',#7447,#817);
#472=LINE('',#7449,#818);
#473=LINE('',#7451,#819);
#474=LINE('',#7453,#820);
#475=LINE('',#7455,#821);
#476=LINE('',#7457,#822);
#477=LINE('',#7459,#823);
#478=LINE('',#7461,#824);
#479=LINE('',#7463,#825);
#480=VECTOR('',#4702,1.);
#481=VECTOR('',#4703,1.);
#482=VECTOR('',#4704,1.);
#483=VECTOR('',#4705,1.);
#484=VECTOR('',#4708,1.);
#485=VECTOR('',#4709,1.);
#486=VECTOR('',#4710,1.);
#487=VECTOR('',#4711,1.);
#488=VECTOR('',#4714,1.);
#489=VECTOR('',#4717,1.);
#490=VECTOR('',#4726,1.);
#491=VECTOR('',#4727,1.);
#492=VECTOR('',#4762,1.);
#493=VECTOR('',#4763,1.);
#494=VECTOR('',#4764,1.);
#495=VECTOR('',#4765,1.);
#496=VECTOR('',#4768,1.);
#497=VECTOR('',#4769,1.);
#498=VECTOR('',#4770,1.);
#499=VECTOR('',#4771,1.);
#500=VECTOR('',#4774,1.);
#501=VECTOR('',#4775,1.);
#502=VECTOR('',#4776,1.);
#503=VECTOR('',#4781,1.);
#504=VECTOR('',#4796,1.);
#505=VECTOR('',#4797,1.);
#506=VECTOR('',#4798,1.);
#507=VECTOR('',#4799,1.);
#508=VECTOR('',#4802,1.);
#509=VECTOR('',#4803,1.);
#510=VECTOR('',#4804,1.);
#511=VECTOR('',#4807,1.);
#512=VECTOR('',#4808,1.);
#513=VECTOR('',#4809,1.);
#514=VECTOR('',#4812,1.);
#515=VECTOR('',#4813,1.);
#516=VECTOR('',#4816,1.);
#517=VECTOR('',#4817,1.);
#518=VECTOR('',#4818,1.);
#519=VECTOR('',#4819,1.);
#520=VECTOR('',#4830,1.);
#521=VECTOR('',#4831,1.);
#522=VECTOR('',#4832,1.);
#523=VECTOR('',#4835,1.);
#524=VECTOR('',#4836,1.);
#525=VECTOR('',#4839,1.);
#526=VECTOR('',#4840,1.);
#527=VECTOR('',#4843,1.);
#528=VECTOR('',#4850,1.);
#529=VECTOR('',#4851,1.);
#530=VECTOR('',#4852,1.);
#531=VECTOR('',#4853,1.);
#532=VECTOR('',#4856,1.);
#533=VECTOR('',#4857,1.);
#534=VECTOR('',#4858,1.);
#535=VECTOR('',#4859,1.);
#536=VECTOR('',#4862,1.);
#537=VECTOR('',#4863,1.);
#538=VECTOR('',#4864,1.);
#539=VECTOR('',#4865,1.);
#540=VECTOR('',#4868,1.);
#541=VECTOR('',#4869,1.);
#542=VECTOR('',#4870,1.);
#543=VECTOR('',#4871,1.);
#544=VECTOR('',#4874,1.);
#545=VECTOR('',#4875,1.);
#546=VECTOR('',#4876,1.);
#547=VECTOR('',#4877,1.);
#548=VECTOR('',#4906,1.);
#549=VECTOR('',#4907,1.);
#550=VECTOR('',#4910,1.);
#551=VECTOR('',#4913,1.);
#552=VECTOR('',#4916,1.);
#553=VECTOR('',#4919,1.);
#554=VECTOR('',#4922,1.);
#555=VECTOR('',#4925,1.);
#556=VECTOR('',#4934,1.);
#557=VECTOR('',#4937,1.);
#558=VECTOR('',#4942,1.);
#559=VECTOR('',#4943,1.);
#560=VECTOR('',#4948,1.);
#561=VECTOR('',#4949,1.);
#562=VECTOR('',#4952,1.);
#563=VECTOR('',#4953,1.);
#564=VECTOR('',#4962,1.);
#565=VECTOR('',#4965,1.);
#566=VECTOR('',#4982,1.);
#567=VECTOR('',#4983,1.);
#568=VECTOR('',#4984,1.);
#569=VECTOR('',#4985,1.);
#570=VECTOR('',#4988,1.);
#571=VECTOR('',#4989,1.);
#572=VECTOR('',#4990,1.);
#573=VECTOR('',#4991,1.);
#574=VECTOR('',#4994,1.);
#575=VECTOR('',#4995,1.);
#576=VECTOR('',#5036,1.);
#577=VECTOR('',#5039,1.);
#578=VECTOR('',#5042,1.);
#579=VECTOR('',#5043,1.);
#580=VECTOR('',#5044,1.);
#581=VECTOR('',#5061,1.);
#582=VECTOR('',#5064,1.);
#583=VECTOR('',#5067,1.);
#584=VECTOR('',#5068,1.);
#585=VECTOR('',#5069,1.);
#586=VECTOR('',#5070,1.);
#587=VECTOR('',#5075,1.);
#588=VECTOR('',#5078,1.);
#589=VECTOR('',#5081,1.);
#590=VECTOR('',#5082,1.);
#591=VECTOR('',#5083,1.);
#592=VECTOR('',#5088,1.);
#593=VECTOR('',#5093,1.);
#594=VECTOR('',#5094,1.);
#595=VECTOR('',#5095,1.);
#596=VECTOR('',#5096,1.);
#597=VECTOR('',#5101,1.);
#598=VECTOR('',#5104,1.);
#599=VECTOR('',#5107,1.);
#600=VECTOR('',#5108,1.);
#601=VECTOR('',#5109,1.);
#602=VECTOR('',#5114,1.);
#603=VECTOR('',#5119,1.);
#604=VECTOR('',#5120,1.);
#605=VECTOR('',#5121,1.);
#606=VECTOR('',#5122,1.);
#607=VECTOR('',#5127,1.);
#608=VECTOR('',#5130,1.);
#609=VECTOR('',#5133,1.);
#610=VECTOR('',#5134,1.);
#611=VECTOR('',#5135,1.);
#612=VECTOR('',#5140,1.);
#613=VECTOR('',#5145,1.);
#614=VECTOR('',#5146,1.);
#615=VECTOR('',#5147,1.);
#616=VECTOR('',#5148,1.);
#617=VECTOR('',#5153,1.);
#618=VECTOR('',#5156,1.);
#619=VECTOR('',#5159,1.);
#620=VECTOR('',#5160,1.);
#621=VECTOR('',#5161,1.);
#622=VECTOR('',#5166,1.);
#623=VECTOR('',#5171,1.);
#624=VECTOR('',#5172,1.);
#625=VECTOR('',#5173,1.);
#626=VECTOR('',#5174,1.);
#627=VECTOR('',#5179,1.);
#628=VECTOR('',#5182,1.);
#629=VECTOR('',#5185,1.);
#630=VECTOR('',#5186,1.);
#631=VECTOR('',#5187,1.);
#632=VECTOR('',#5192,1.);
#633=VECTOR('',#5197,1.);
#634=VECTOR('',#5198,1.);
#635=VECTOR('',#5199,1.);
#636=VECTOR('',#5200,1.);
#637=VECTOR('',#5205,1.);
#638=VECTOR('',#5208,1.);
#639=VECTOR('',#5211,1.);
#640=VECTOR('',#5212,1.);
#641=VECTOR('',#5213,1.);
#642=VECTOR('',#5218,1.);
#643=VECTOR('',#5223,1.);
#644=VECTOR('',#5224,1.);
#645=VECTOR('',#5225,1.);
#646=VECTOR('',#5226,1.);
#647=VECTOR('',#5231,1.);
#648=VECTOR('',#5234,1.);
#649=VECTOR('',#5237,1.);
#650=VECTOR('',#5238,1.);
#651=VECTOR('',#5239,1.);
#652=VECTOR('',#5244,1.);
#653=VECTOR('',#5249,1.);
#654=VECTOR('',#5250,1.);
#655=VECTOR('',#5251,1.);
#656=VECTOR('',#5252,1.);
#657=VECTOR('',#5257,1.);
#658=VECTOR('',#5260,1.);
#659=VECTOR('',#5263,1.);
#660=VECTOR('',#5264,1.);
#661=VECTOR('',#5265,1.);
#662=VECTOR('',#5270,1.);
#663=VECTOR('',#5275,1.);
#664=VECTOR('',#5276,1.);
#665=VECTOR('',#5277,1.);
#666=VECTOR('',#5278,1.);
#667=VECTOR('',#5283,1.);
#668=VECTOR('',#5286,1.);
#669=VECTOR('',#5289,1.);
#670=VECTOR('',#5290,1.);
#671=VECTOR('',#5291,1.);
#672=VECTOR('',#5296,1.);
#673=VECTOR('',#5301,1.);
#674=VECTOR('',#5302,1.);
#675=VECTOR('',#5303,1.);
#676=VECTOR('',#5304,1.);
#677=VECTOR('',#5309,1.);
#678=VECTOR('',#5312,1.);
#679=VECTOR('',#5315,1.);
#680=VECTOR('',#5316,1.);
#681=VECTOR('',#5317,1.);
#682=VECTOR('',#5322,1.);
#683=VECTOR('',#5327,1.);
#684=VECTOR('',#5328,1.);
#685=VECTOR('',#5329,1.);
#686=VECTOR('',#5330,1.);
#687=VECTOR('',#5335,1.);
#688=VECTOR('',#5338,1.);
#689=VECTOR('',#5341,1.);
#690=VECTOR('',#5342,1.);
#691=VECTOR('',#5343,1.);
#692=VECTOR('',#5348,1.);
#693=VECTOR('',#5353,1.);
#694=VECTOR('',#5354,1.);
#695=VECTOR('',#5355,1.);
#696=VECTOR('',#5356,1.);
#697=VECTOR('',#5361,1.);
#698=VECTOR('',#5364,1.);
#699=VECTOR('',#5367,1.);
#700=VECTOR('',#5368,1.);
#701=VECTOR('',#5369,1.);
#702=VECTOR('',#5374,1.);
#703=VECTOR('',#5379,1.);
#704=VECTOR('',#5380,1.);
#705=VECTOR('',#5381,1.);
#706=VECTOR('',#5382,1.);
#707=VECTOR('',#5387,1.);
#708=VECTOR('',#5390,1.);
#709=VECTOR('',#5393,1.);
#710=VECTOR('',#5394,1.);
#711=VECTOR('',#5395,1.);
#712=VECTOR('',#5400,1.);
#713=VECTOR('',#5405,1.);
#714=VECTOR('',#5406,1.);
#715=VECTOR('',#5407,1.);
#716=VECTOR('',#5408,1.);
#717=VECTOR('',#5413,1.);
#718=VECTOR('',#5416,1.);
#719=VECTOR('',#5419,1.);
#720=VECTOR('',#5420,1.);
#721=VECTOR('',#5421,1.);
#722=VECTOR('',#5426,1.);
#723=VECTOR('',#5431,1.);
#724=VECTOR('',#5432,1.);
#725=VECTOR('',#5433,1.);
#726=VECTOR('',#5434,1.);
#727=VECTOR('',#5439,1.);
#728=VECTOR('',#5442,1.);
#729=VECTOR('',#5445,1.);
#730=VECTOR('',#5446,1.);
#731=VECTOR('',#5447,1.);
#732=VECTOR('',#5452,1.);
#733=VECTOR('',#5457,1.);
#734=VECTOR('',#5458,1.);
#735=VECTOR('',#5459,1.);
#736=VECTOR('',#5460,1.);
#737=VECTOR('',#5465,1.);
#738=VECTOR('',#5468,1.);
#739=VECTOR('',#5471,1.);
#740=VECTOR('',#5472,1.);
#741=VECTOR('',#5495,1.);
#742=VECTOR('',#5496,1.);
#743=VECTOR('',#5497,1.);
#744=VECTOR('',#5498,1.);
#745=VECTOR('',#5501,1.);
#746=VECTOR('',#5502,1.);
#747=VECTOR('',#5503,1.);
#748=VECTOR('',#5506,1.);
#749=VECTOR('',#5507,1.);
#750=VECTOR('',#5508,1.);
#751=VECTOR('',#5511,1.);
#752=VECTOR('',#5512,1.);
#753=VECTOR('',#5567,1.);
#754=VECTOR('',#5568,1.);
#755=VECTOR('',#5569,1.);
#756=VECTOR('',#5570,1.);
#757=VECTOR('',#5575,1.);
#758=VECTOR('',#5576,1.);
#759=VECTOR('',#5577,1.);
#760=VECTOR('',#5580,1.);
#761=VECTOR('',#5581,1.);
#762=VECTOR('',#5582,1.);
#763=VECTOR('',#5587,1.);
#764=VECTOR('',#5588,1.);
#765=VECTOR('',#5601,1.);
#766=VECTOR('',#5604,1.);
#767=VECTOR('',#5609,1.);
#768=VECTOR('',#5610,1.);
#769=VECTOR('',#5615,1.);
#770=VECTOR('',#5616,1.);
#771=VECTOR('',#5619,1.);
#772=VECTOR('',#5620,1.);
#773=VECTOR('',#5629,1.);
#774=VECTOR('',#5630,1.);
#775=VECTOR('',#5631,1.);
#776=VECTOR('',#5632,1.);
#777=VECTOR('',#5635,1.);
#778=VECTOR('',#5636,1.);
#779=VECTOR('',#5637,1.);
#780=VECTOR('',#5640,1.);
#781=VECTOR('',#5641,1.);
#782=VECTOR('',#5642,1.);
#783=VECTOR('',#5645,1.);
#784=VECTOR('',#5646,1.);
#785=VECTOR('',#5665,1.);
#786=VECTOR('',#5666,1.);
#787=VECTOR('',#5669,1.);
#788=VECTOR('',#5670,1.);
#789=VECTOR('',#5679,1.);
#790=VECTOR('',#5680,1.);
#791=VECTOR('',#5681,1.);
#792=VECTOR('',#5682,1.);
#793=VECTOR('',#5685,1.);
#794=VECTOR('',#5686,1.);
#795=VECTOR('',#5687,1.);
#796=VECTOR('',#5688,1.);
#797=VECTOR('',#5691,1.);
#798=VECTOR('',#5692,1.);
#799=VECTOR('',#5693,1.);
#800=VECTOR('',#5694,1.);
#801=VECTOR('',#5697,1.);
#802=VECTOR('',#5698,1.);
#803=VECTOR('',#5699,1.);
#804=VECTOR('',#5700,1.);
#805=VECTOR('',#5711,1.);
#806=VECTOR('',#5718,1.);
#807=VECTOR('',#5719,1.);
#808=VECTOR('',#5720,1.);
#809=VECTOR('',#5721,1.);
#810=VECTOR('',#5722,1.);
#811=VECTOR('',#5723,1.);
#812=VECTOR('',#5724,1.);
#813=VECTOR('',#5725,1.);
#814=VECTOR('',#5732,1.);
#815=VECTOR('',#5733,1.);
#816=VECTOR('',#5734,1.);
#817=VECTOR('',#5737,1.);
#818=VECTOR('',#5738,1.);
#819=VECTOR('',#5741,1.);
#820=VECTOR('',#5742,1.);
#821=VECTOR('',#5745,1.);
#822=VECTOR('',#5746,1.);
#823=VECTOR('',#5749,1.);
#824=VECTOR('',#5750,1.);
#825=VECTOR('',#5753,1.);
#826=SHAPE_REPRESENTATION_RELATIONSHIP('','',#4282,#847);
#827=SHAPE_REPRESENTATION_RELATIONSHIP('','',#4283,#848);
#828=SHAPE_REPRESENTATION_RELATIONSHIP('','',#4284,#849);
#829=SHAPE_REPRESENTATION_RELATIONSHIP('','',#4285,#850);
#830=SHAPE_REPRESENTATION_RELATIONSHIP('','',#4286,#851);
#831=SHAPE_REPRESENTATION_RELATIONSHIP('','',#4287,#852);
#832=SHAPE_REPRESENTATION_RELATIONSHIP('','',#4288,#853);
#833=SHAPE_REPRESENTATION_RELATIONSHIP('','',#4289,#854);
#834=SHAPE_REPRESENTATION_RELATIONSHIP('','',#4290,#855);
#835=SHAPE_REPRESENTATION_RELATIONSHIP('','',#4291,#856);
#836=SHAPE_REPRESENTATION_RELATIONSHIP('','',#4292,#857);
#837=SHAPE_REPRESENTATION_RELATIONSHIP('','',#4293,#858);
#838=SHAPE_REPRESENTATION_RELATIONSHIP('','',#4294,#859);
#839=SHAPE_REPRESENTATION_RELATIONSHIP('','',#4295,#860);
#840=SHAPE_REPRESENTATION_RELATIONSHIP('','',#4296,#861);
#841=SHAPE_REPRESENTATION_RELATIONSHIP('','',#4297,#862);
#842=SHAPE_REPRESENTATION_RELATIONSHIP('','',#4298,#863);
#843=SHAPE_REPRESENTATION_RELATIONSHIP('','',#4299,#864);
#844=SHAPE_REPRESENTATION_RELATIONSHIP('','',#4300,#865);
#845=SHAPE_REPRESENTATION_RELATIONSHIP('','',#4301,#866);
#846=SHAPE_REPRESENTATION_RELATIONSHIP('','',#4302,#867);
#847=ADVANCED_BREP_SHAPE_REPRESENTATION('',(#4240),#7486);
#848=ADVANCED_BREP_SHAPE_REPRESENTATION('',(#4241),#7487);
#849=ADVANCED_BREP_SHAPE_REPRESENTATION('',(#4242),#7488);
#850=ADVANCED_BREP_SHAPE_REPRESENTATION('',(#4243),#7489);
#851=ADVANCED_BREP_SHAPE_REPRESENTATION('',(#4244),#7490);
#852=ADVANCED_BREP_SHAPE_REPRESENTATION('',(#4245),#7491);
#853=ADVANCED_BREP_SHAPE_REPRESENTATION('',(#4246),#7492);
#854=ADVANCED_BREP_SHAPE_REPRESENTATION('',(#4247),#7493);
#855=ADVANCED_BREP_SHAPE_REPRESENTATION('',(#4248),#7494);
#856=ADVANCED_BREP_SHAPE_REPRESENTATION('',(#4249),#7495);
#857=ADVANCED_BREP_SHAPE_REPRESENTATION('',(#4250),#7496);
#858=ADVANCED_BREP_SHAPE_REPRESENTATION('',(#4251),#7497);
#859=ADVANCED_BREP_SHAPE_REPRESENTATION('',(#4252),#7498);
#860=ADVANCED_BREP_SHAPE_REPRESENTATION('',(#4253),#7499);
#861=ADVANCED_BREP_SHAPE_REPRESENTATION('',(#4254),#7500);
#862=ADVANCED_BREP_SHAPE_REPRESENTATION('',(#4255),#7501);
#863=ADVANCED_BREP_SHAPE_REPRESENTATION('',(#4256),#7502);
#864=ADVANCED_BREP_SHAPE_REPRESENTATION('',(#4257),#7503);
#865=ADVANCED_BREP_SHAPE_REPRESENTATION('',(#4258),#7504);
#866=ADVANCED_BREP_SHAPE_REPRESENTATION('',(#4259),#7505);
#867=ADVANCED_BREP_SHAPE_REPRESENTATION('',(#4260),#7506);
#868=CONICAL_SURFACE('',#4313,0.002,0.785398163397448);
#869=CONICAL_SURFACE('',#4315,0.00450000000000018,1.17809724509626);
#870=CONICAL_SURFACE('',#4386,0.001,0.785398163397281);
#871=CONICAL_SURFACE('',#4387,0.001,0.785398163397281);
#872=CONICAL_SURFACE('',#4390,0.001,0.785398163397281);
#873=CONICAL_SURFACE('',#4391,0.001,0.785398163397281);
#874=CONICAL_SURFACE('',#4593,0.002,0.785398163397448);
#875=PLANE('',#4307);
#876=PLANE('',#4309);
#877=PLANE('',#4317);
#878=PLANE('',#4318);
#879=PLANE('',#4319);
#880=PLANE('',#4322);
#881=PLANE('',#4324);
#882=PLANE('',#4333);
#883=PLANE('',#4341);
#884=PLANE('',#4342);
#885=PLANE('',#4343);
#886=PLANE('',#4344);
#887=PLANE('',#4346);
#888=PLANE('',#4350);
#889=PLANE('',#4352);
#890=PLANE('',#4353);
#891=PLANE('',#4354);
#892=PLANE('',#4355);
#893=PLANE('',#4356);
#894=PLANE('',#4358);
#895=PLANE('',#4361);
#896=PLANE('',#4362);
#897=PLANE('',#4363);
#898=PLANE('',#4364);
#899=PLANE('',#4365);
#900=PLANE('',#4367);
#901=PLANE('',#4368);
#902=PLANE('',#4369);
#903=PLANE('',#4370);
#904=PLANE('',#4371);
#905=PLANE('',#4372);
#906=PLANE('',#4385);
#907=PLANE('',#4388);
#908=PLANE('',#4389);
#909=PLANE('',#4392);
#910=PLANE('',#4397);
#911=PLANE('',#4401);
#912=PLANE('',#4402);
#913=PLANE('',#4403);
#914=PLANE('',#4408);
#915=PLANE('',#4410);
#916=PLANE('',#4414);
#917=PLANE('',#4415);
#918=PLANE('',#4416);
#919=PLANE('',#4417);
#920=PLANE('',#4418);
#921=PLANE('',#4425);
#922=PLANE('',#4426);
#923=PLANE('',#4431);
#924=PLANE('',#4432);
#925=PLANE('',#4438);
#926=PLANE('',#4439);
#927=PLANE('',#4441);
#928=PLANE('',#4448);
#929=PLANE('',#4452);
#930=PLANE('',#4456);
#931=PLANE('',#4460);
#932=PLANE('',#4464);
#933=PLANE('',#4468);
#934=PLANE('',#4472);
#935=PLANE('',#4476);
#936=PLANE('',#4480);
#937=PLANE('',#4484);
#938=PLANE('',#4488);
#939=PLANE('',#4492);
#940=PLANE('',#4496);
#941=PLANE('',#4500);
#942=PLANE('',#4504);
#943=PLANE('',#4508);
#944=PLANE('',#4512);
#945=PLANE('',#4516);
#946=PLANE('',#4520);
#947=PLANE('',#4524);
#948=PLANE('',#4528);
#949=PLANE('',#4532);
#950=PLANE('',#4536);
#951=PLANE('',#4540);
#952=PLANE('',#4544);
#953=PLANE('',#4548);
#954=PLANE('',#4552);
#955=PLANE('',#4556);
#956=PLANE('',#4560);
#957=PLANE('',#4564);
#958=PLANE('',#4568);
#959=PLANE('',#4572);
#960=PLANE('',#4573);
#961=PLANE('',#4575);
#962=PLANE('',#4579);
#963=PLANE('',#4583);
#964=PLANE('',#4584);
#965=PLANE('',#4585);
#966=PLANE('',#4586);
#967=PLANE('',#4587);
#968=PLANE('',#4589);
#969=PLANE('',#4600);
#970=PLANE('',#4601);
#971=PLANE('',#4604);
#972=PLANE('',#4609);
#973=PLANE('',#4610);
#974=PLANE('',#4613);
#975=PLANE('',#4614);
#976=PLANE('',#4616);
#977=PLANE('',#4617);
#978=PLANE('',#4619);
#979=PLANE('',#4620);
#980=PLANE('',#4626);
#981=PLANE('',#4630);
#982=PLANE('',#4631);
#983=PLANE('',#4632);
#984=PLANE('',#4634);
#985=PLANE('',#4635);
#986=PLANE('',#4636);
#987=PLANE('',#4637);
#988=PLANE('',#4638);
#989=PLANE('',#4640);
#990=PLANE('',#4644);
#991=PLANE('',#4647);
#992=PLANE('',#4648);
#993=PLANE('',#4649);
#994=PLANE('',#4651);
#995=PLANE('',#4652);
#996=PLANE('',#4653);
#997=PLANE('',#4654);
#998=PLANE('',#4662);
#999=PLANE('',#4663);
#1000=PLANE('',#4664);
#1001=PLANE('',#4665);
#1002=PLANE('',#4666);
#1003=PLANE('',#4667);
#1004=PLANE('',#4668);
#1005=PLANE('',#4669);
#1006=PLANE('',#4670);
#1007=PLANE('',#4671);
#1008=ORIENTED_EDGE('',*,*,#2118,.F.);
#1009=ORIENTED_EDGE('',*,*,#2119,.T.);
#1010=ORIENTED_EDGE('',*,*,#2120,.T.);
#1011=ORIENTED_EDGE('',*,*,#2118,.T.);
#1012=ORIENTED_EDGE('',*,*,#2121,.T.);
#1013=ORIENTED_EDGE('',*,*,#2119,.F.);
#1014=ORIENTED_EDGE('',*,*,#2122,.F.);
#1015=ORIENTED_EDGE('',*,*,#2121,.F.);
#1016=ORIENTED_EDGE('',*,*,#2123,.T.);
#1017=ORIENTED_EDGE('',*,*,#2122,.T.);
#1018=ORIENTED_EDGE('',*,*,#2123,.F.);
#1019=ORIENTED_EDGE('',*,*,#2120,.F.);
#1020=ORIENTED_EDGE('',*,*,#2124,.T.);
#1021=ORIENTED_EDGE('',*,*,#2125,.T.);
#1022=ORIENTED_EDGE('',*,*,#2126,.T.);
#1023=ORIENTED_EDGE('',*,*,#2127,.F.);
#1024=ORIENTED_EDGE('',*,*,#2128,.T.);
#1025=ORIENTED_EDGE('',*,*,#2129,.T.);
#1026=ORIENTED_EDGE('',*,*,#2130,.F.);
#1027=ORIENTED_EDGE('',*,*,#2131,.F.);
#1028=ORIENTED_EDGE('',*,*,#2132,.T.);
#1029=ORIENTED_EDGE('',*,*,#2133,.T.);
#1030=ORIENTED_EDGE('',*,*,#2124,.F.);
#1031=ORIENTED_EDGE('',*,*,#2134,.F.);
#1032=ORIENTED_EDGE('',*,*,#2130,.T.);
#1033=ORIENTED_EDGE('',*,*,#2135,.T.);
#1034=ORIENTED_EDGE('',*,*,#2127,.T.);
#1035=ORIENTED_EDGE('',*,*,#2136,.T.);
#1036=ORIENTED_EDGE('',*,*,#2131,.T.);
#1037=ORIENTED_EDGE('',*,*,#2134,.T.);
#1038=ORIENTED_EDGE('',*,*,#2137,.T.);
#1039=ORIENTED_EDGE('',*,*,#2138,.T.);
#1040=ORIENTED_EDGE('',*,*,#2132,.F.);
#1041=ORIENTED_EDGE('',*,*,#2136,.F.);
#1042=ORIENTED_EDGE('',*,*,#2126,.F.);
#1043=ORIENTED_EDGE('',*,*,#2139,.F.);
#1044=ORIENTED_EDGE('',*,*,#2128,.F.);
#1045=ORIENTED_EDGE('',*,*,#2135,.F.);
#1046=ORIENTED_EDGE('',*,*,#2129,.F.);
#1047=ORIENTED_EDGE('',*,*,#2140,.F.);
#1048=ORIENTED_EDGE('',*,*,#2137,.F.);
#1049=ORIENTED_EDGE('',*,*,#2140,.T.);
#1050=ORIENTED_EDGE('',*,*,#2139,.T.);
#1051=ORIENTED_EDGE('',*,*,#2141,.F.);
#1052=ORIENTED_EDGE('',*,*,#2133,.F.);
#1053=ORIENTED_EDGE('',*,*,#2138,.F.);
#1054=ORIENTED_EDGE('',*,*,#2141,.T.);
#1055=ORIENTED_EDGE('',*,*,#2125,.F.);
#1056=ORIENTED_EDGE('',*,*,#2142,.T.);
#1057=ORIENTED_EDGE('',*,*,#2143,.T.);
#1058=ORIENTED_EDGE('',*,*,#2142,.F.);
#1059=ORIENTED_EDGE('',*,*,#2144,.T.);
#1060=ORIENTED_EDGE('',*,*,#2143,.F.);
#1061=ORIENTED_EDGE('',*,*,#2144,.F.);
#1062=ORIENTED_EDGE('',*,*,#2145,.T.);
#1063=ORIENTED_EDGE('',*,*,#2146,.T.);
#1064=ORIENTED_EDGE('',*,*,#2147,.F.);
#1065=ORIENTED_EDGE('',*,*,#2148,.T.);
#1066=ORIENTED_EDGE('',*,*,#2149,.F.);
#1067=ORIENTED_EDGE('',*,*,#2150,.T.);
#1068=ORIENTED_EDGE('',*,*,#2151,.T.);
#1069=ORIENTED_EDGE('',*,*,#2152,.T.);
#1070=ORIENTED_EDGE('',*,*,#2153,.F.);
#1071=ORIENTED_EDGE('',*,*,#2154,.T.);
#1072=ORIENTED_EDGE('',*,*,#2149,.T.);
#1073=ORIENTED_EDGE('',*,*,#2155,.T.);
#1074=ORIENTED_EDGE('',*,*,#2148,.F.);
#1075=ORIENTED_EDGE('',*,*,#2156,.T.);
#1076=ORIENTED_EDGE('',*,*,#2157,.T.);
#1077=ORIENTED_EDGE('',*,*,#2153,.T.);
#1078=ORIENTED_EDGE('',*,*,#2147,.T.);
#1079=ORIENTED_EDGE('',*,*,#2152,.F.);
#1080=ORIENTED_EDGE('',*,*,#2158,.T.);
#1081=ORIENTED_EDGE('',*,*,#2145,.F.);
#1082=ORIENTED_EDGE('',*,*,#2155,.F.);
#1083=ORIENTED_EDGE('',*,*,#2151,.F.);
#1084=ORIENTED_EDGE('',*,*,#2159,.T.);
#1085=ORIENTED_EDGE('',*,*,#2156,.F.);
#1086=ORIENTED_EDGE('',*,*,#2146,.F.);
#1087=ORIENTED_EDGE('',*,*,#2158,.F.);
#1088=ORIENTED_EDGE('',*,*,#2159,.F.);
#1089=ORIENTED_EDGE('',*,*,#2150,.F.);
#1090=ORIENTED_EDGE('',*,*,#2154,.F.);
#1091=ORIENTED_EDGE('',*,*,#2157,.F.);
#1092=ORIENTED_EDGE('',*,*,#2160,.F.);
#1093=ORIENTED_EDGE('',*,*,#2161,.F.);
#1094=ORIENTED_EDGE('',*,*,#2162,.T.);
#1095=ORIENTED_EDGE('',*,*,#2163,.T.);
#1096=ORIENTED_EDGE('',*,*,#2164,.T.);
#1097=ORIENTED_EDGE('',*,*,#2165,.F.);
#1098=ORIENTED_EDGE('',*,*,#2166,.F.);
#1099=ORIENTED_EDGE('',*,*,#2161,.T.);
#1100=ORIENTED_EDGE('',*,*,#2167,.T.);
#1101=ORIENTED_EDGE('',*,*,#2168,.F.);
#1102=ORIENTED_EDGE('',*,*,#2169,.F.);
#1103=ORIENTED_EDGE('',*,*,#2165,.T.);
#1104=ORIENTED_EDGE('',*,*,#2170,.F.);
#1105=ORIENTED_EDGE('',*,*,#2163,.F.);
#1106=ORIENTED_EDGE('',*,*,#2171,.T.);
#1107=ORIENTED_EDGE('',*,*,#2168,.T.);
#1108=ORIENTED_EDGE('',*,*,#2172,.F.);
#1109=ORIENTED_EDGE('',*,*,#2173,.F.);
#1110=ORIENTED_EDGE('',*,*,#2174,.T.);
#1111=ORIENTED_EDGE('',*,*,#2175,.T.);
#1112=ORIENTED_EDGE('',*,*,#2176,.T.);
#1113=ORIENTED_EDGE('',*,*,#2162,.F.);
#1114=ORIENTED_EDGE('',*,*,#2166,.T.);
#1115=ORIENTED_EDGE('',*,*,#2169,.T.);
#1116=ORIENTED_EDGE('',*,*,#2171,.F.);
#1117=ORIENTED_EDGE('',*,*,#2177,.F.);
#1118=ORIENTED_EDGE('',*,*,#2160,.T.);
#1119=ORIENTED_EDGE('',*,*,#2170,.T.);
#1120=ORIENTED_EDGE('',*,*,#2167,.F.);
#1121=ORIENTED_EDGE('',*,*,#2164,.F.);
#1122=ORIENTED_EDGE('',*,*,#2176,.F.);
#1123=ORIENTED_EDGE('',*,*,#2177,.T.);
#1124=ORIENTED_EDGE('',*,*,#2172,.T.);
#1125=ORIENTED_EDGE('',*,*,#2178,.T.);
#1126=ORIENTED_EDGE('',*,*,#2179,.T.);
#1127=ORIENTED_EDGE('',*,*,#2180,.F.);
#1128=ORIENTED_EDGE('',*,*,#2181,.T.);
#1129=ORIENTED_EDGE('',*,*,#2182,.F.);
#1130=ORIENTED_EDGE('',*,*,#2178,.F.);
#1131=ORIENTED_EDGE('',*,*,#2175,.F.);
#1132=ORIENTED_EDGE('',*,*,#2183,.T.);
#1133=ORIENTED_EDGE('',*,*,#2184,.F.);
#1134=ORIENTED_EDGE('',*,*,#2181,.F.);
#1135=ORIENTED_EDGE('',*,*,#2174,.F.);
#1136=ORIENTED_EDGE('',*,*,#2173,.T.);
#1137=ORIENTED_EDGE('',*,*,#2180,.T.);
#1138=ORIENTED_EDGE('',*,*,#2185,.T.);
#1139=ORIENTED_EDGE('',*,*,#2183,.F.);
#1140=ORIENTED_EDGE('',*,*,#2179,.F.);
#1141=ORIENTED_EDGE('',*,*,#2182,.T.);
#1142=ORIENTED_EDGE('',*,*,#2184,.T.);
#1143=ORIENTED_EDGE('',*,*,#2185,.F.);
#1144=ORIENTED_EDGE('',*,*,#2186,.T.);
#1145=ORIENTED_EDGE('',*,*,#2187,.T.);
#1146=ORIENTED_EDGE('',*,*,#2188,.T.);
#1147=ORIENTED_EDGE('',*,*,#2189,.F.);
#1148=ORIENTED_EDGE('',*,*,#2190,.T.);
#1149=ORIENTED_EDGE('',*,*,#2191,.T.);
#1150=ORIENTED_EDGE('',*,*,#2192,.T.);
#1151=ORIENTED_EDGE('',*,*,#2193,.T.);
#1152=ORIENTED_EDGE('',*,*,#2194,.T.);
#1153=ORIENTED_EDGE('',*,*,#2195,.T.);
#1154=ORIENTED_EDGE('',*,*,#2196,.T.);
#1155=ORIENTED_EDGE('',*,*,#2197,.T.);
#1156=ORIENTED_EDGE('',*,*,#2198,.T.);
#1157=ORIENTED_EDGE('',*,*,#2199,.T.);
#1158=ORIENTED_EDGE('',*,*,#2200,.T.);
#1159=ORIENTED_EDGE('',*,*,#2201,.F.);
#1160=ORIENTED_EDGE('',*,*,#2202,.T.);
#1161=ORIENTED_EDGE('',*,*,#2203,.T.);
#1162=ORIENTED_EDGE('',*,*,#2204,.T.);
#1163=ORIENTED_EDGE('',*,*,#2205,.T.);
#1164=ORIENTED_EDGE('',*,*,#2189,.T.);
#1165=ORIENTED_EDGE('',*,*,#2206,.T.);
#1166=ORIENTED_EDGE('',*,*,#2201,.T.);
#1167=ORIENTED_EDGE('',*,*,#2207,.T.);
#1168=ORIENTED_EDGE('',*,*,#2197,.F.);
#1169=ORIENTED_EDGE('',*,*,#2208,.T.);
#1170=ORIENTED_EDGE('',*,*,#2193,.F.);
#1171=ORIENTED_EDGE('',*,*,#2209,.T.);
#1172=ORIENTED_EDGE('',*,*,#2188,.F.);
#1173=ORIENTED_EDGE('',*,*,#2210,.T.);
#1174=ORIENTED_EDGE('',*,*,#2198,.F.);
#1175=ORIENTED_EDGE('',*,*,#2206,.F.);
#1176=ORIENTED_EDGE('',*,*,#2200,.F.);
#1177=ORIENTED_EDGE('',*,*,#2211,.T.);
#1178=ORIENTED_EDGE('',*,*,#2194,.F.);
#1179=ORIENTED_EDGE('',*,*,#2207,.F.);
#1180=ORIENTED_EDGE('',*,*,#2196,.F.);
#1181=ORIENTED_EDGE('',*,*,#2212,.T.);
#1182=ORIENTED_EDGE('',*,*,#2190,.F.);
#1183=ORIENTED_EDGE('',*,*,#2208,.F.);
#1184=ORIENTED_EDGE('',*,*,#2192,.F.);
#1185=ORIENTED_EDGE('',*,*,#2213,.T.);
#1186=ORIENTED_EDGE('',*,*,#2186,.F.);
#1187=ORIENTED_EDGE('',*,*,#2209,.F.);
#1188=ORIENTED_EDGE('',*,*,#2214,.F.);
#1189=ORIENTED_EDGE('',*,*,#2191,.F.);
#1190=ORIENTED_EDGE('',*,*,#2215,.F.);
#1191=ORIENTED_EDGE('',*,*,#2205,.F.);
#1192=ORIENTED_EDGE('',*,*,#2213,.F.);
#1193=ORIENTED_EDGE('',*,*,#2214,.T.);
#1194=ORIENTED_EDGE('',*,*,#2216,.F.);
#1195=ORIENTED_EDGE('',*,*,#2215,.T.);
#1196=ORIENTED_EDGE('',*,*,#2212,.F.);
#1197=ORIENTED_EDGE('',*,*,#2217,.F.);
#1198=ORIENTED_EDGE('',*,*,#2216,.T.);
#1199=ORIENTED_EDGE('',*,*,#2204,.F.);
#1200=ORIENTED_EDGE('',*,*,#2218,.F.);
#1201=ORIENTED_EDGE('',*,*,#2187,.F.);
#1202=ORIENTED_EDGE('',*,*,#2217,.T.);
#1203=ORIENTED_EDGE('',*,*,#2195,.F.);
#1204=ORIENTED_EDGE('',*,*,#2219,.F.);
#1205=ORIENTED_EDGE('',*,*,#2202,.F.);
#1206=ORIENTED_EDGE('',*,*,#2210,.F.);
#1207=ORIENTED_EDGE('',*,*,#2218,.T.);
#1208=ORIENTED_EDGE('',*,*,#2220,.F.);
#1209=ORIENTED_EDGE('',*,*,#2219,.T.);
#1210=ORIENTED_EDGE('',*,*,#2211,.F.);
#1211=ORIENTED_EDGE('',*,*,#2221,.F.);
#1212=ORIENTED_EDGE('',*,*,#2220,.T.);
#1213=ORIENTED_EDGE('',*,*,#2203,.F.);
#1214=ORIENTED_EDGE('',*,*,#2221,.T.);
#1215=ORIENTED_EDGE('',*,*,#2199,.F.);
#1216=ORIENTED_EDGE('',*,*,#2222,.T.);
#1217=ORIENTED_EDGE('',*,*,#2223,.F.);
#1218=ORIENTED_EDGE('',*,*,#2224,.F.);
#1219=ORIENTED_EDGE('',*,*,#2225,.T.);
#1220=ORIENTED_EDGE('',*,*,#2226,.T.);
#1221=ORIENTED_EDGE('',*,*,#2227,.F.);
#1222=ORIENTED_EDGE('',*,*,#2222,.F.);
#1223=ORIENTED_EDGE('',*,*,#2228,.T.);
#1224=ORIENTED_EDGE('',*,*,#2229,.T.);
#1225=ORIENTED_EDGE('',*,*,#2230,.F.);
#1226=ORIENTED_EDGE('',*,*,#2226,.F.);
#1227=ORIENTED_EDGE('',*,*,#2231,.T.);
#1228=ORIENTED_EDGE('',*,*,#2232,.T.);
#1229=ORIENTED_EDGE('',*,*,#2224,.T.);
#1230=ORIENTED_EDGE('',*,*,#2233,.F.);
#1231=ORIENTED_EDGE('',*,*,#2229,.F.);
#1232=ORIENTED_EDGE('',*,*,#2225,.F.);
#1233=ORIENTED_EDGE('',*,*,#2232,.F.);
#1234=ORIENTED_EDGE('',*,*,#2231,.F.);
#1235=ORIENTED_EDGE('',*,*,#2228,.F.);
#1236=ORIENTED_EDGE('',*,*,#2223,.T.);
#1237=ORIENTED_EDGE('',*,*,#2227,.T.);
#1238=ORIENTED_EDGE('',*,*,#2230,.T.);
#1239=ORIENTED_EDGE('',*,*,#2233,.T.);
#1240=ORIENTED_EDGE('',*,*,#2234,.F.);
#1241=ORIENTED_EDGE('',*,*,#2235,.F.);
#1242=ORIENTED_EDGE('',*,*,#2236,.F.);
#1243=ORIENTED_EDGE('',*,*,#2237,.T.);
#1244=ORIENTED_EDGE('',*,*,#2235,.T.);
#1245=ORIENTED_EDGE('',*,*,#2238,.T.);
#1246=ORIENTED_EDGE('',*,*,#2237,.F.);
#1247=ORIENTED_EDGE('',*,*,#2239,.F.);
#1248=ORIENTED_EDGE('',*,*,#2238,.F.);
#1249=ORIENTED_EDGE('',*,*,#2234,.T.);
#1250=ORIENTED_EDGE('',*,*,#2239,.T.);
#1251=ORIENTED_EDGE('',*,*,#2236,.T.);
#1252=ORIENTED_EDGE('',*,*,#2240,.T.);
#1253=ORIENTED_EDGE('',*,*,#2241,.F.);
#1254=ORIENTED_EDGE('',*,*,#2242,.F.);
#1255=ORIENTED_EDGE('',*,*,#2243,.T.);
#1256=ORIENTED_EDGE('',*,*,#2244,.T.);
#1257=ORIENTED_EDGE('',*,*,#2245,.F.);
#1258=ORIENTED_EDGE('',*,*,#2246,.F.);
#1259=ORIENTED_EDGE('',*,*,#2241,.T.);
#1260=ORIENTED_EDGE('',*,*,#2247,.T.);
#1261=ORIENTED_EDGE('',*,*,#2248,.F.);
#1262=ORIENTED_EDGE('',*,*,#2249,.F.);
#1263=ORIENTED_EDGE('',*,*,#2245,.T.);
#1264=ORIENTED_EDGE('',*,*,#2250,.T.);
#1265=ORIENTED_EDGE('',*,*,#2243,.F.);
#1266=ORIENTED_EDGE('',*,*,#2251,.F.);
#1267=ORIENTED_EDGE('',*,*,#2248,.T.);
#1268=ORIENTED_EDGE('',*,*,#2242,.T.);
#1269=ORIENTED_EDGE('',*,*,#2246,.T.);
#1270=ORIENTED_EDGE('',*,*,#2249,.T.);
#1271=ORIENTED_EDGE('',*,*,#2251,.T.);
#1272=ORIENTED_EDGE('',*,*,#2240,.F.);
#1273=ORIENTED_EDGE('',*,*,#2250,.F.);
#1274=ORIENTED_EDGE('',*,*,#2247,.F.);
#1275=ORIENTED_EDGE('',*,*,#2244,.F.);
#1276=ORIENTED_EDGE('',*,*,#2252,.F.);
#1277=ORIENTED_EDGE('',*,*,#2253,.T.);
#1278=ORIENTED_EDGE('',*,*,#2253,.F.);
#1279=ORIENTED_EDGE('',*,*,#2254,.T.);
#1280=ORIENTED_EDGE('',*,*,#2252,.T.);
#1281=ORIENTED_EDGE('',*,*,#2254,.F.);
#1282=ORIENTED_EDGE('',*,*,#2255,.F.);
#1283=ORIENTED_EDGE('',*,*,#2256,.T.);
#1284=ORIENTED_EDGE('',*,*,#2257,.F.);
#1285=ORIENTED_EDGE('',*,*,#2258,.F.);
#1286=ORIENTED_EDGE('',*,*,#2255,.T.);
#1287=ORIENTED_EDGE('',*,*,#2256,.F.);
#1288=ORIENTED_EDGE('',*,*,#2257,.T.);
#1289=ORIENTED_EDGE('',*,*,#2258,.T.);
#1290=ORIENTED_EDGE('',*,*,#2259,.T.);
#1291=ORIENTED_EDGE('',*,*,#2260,.T.);
#1292=ORIENTED_EDGE('',*,*,#2261,.F.);
#1293=ORIENTED_EDGE('',*,*,#2262,.T.);
#1294=ORIENTED_EDGE('',*,*,#2263,.F.);
#1295=ORIENTED_EDGE('',*,*,#2264,.T.);
#1296=ORIENTED_EDGE('',*,*,#2265,.T.);
#1297=ORIENTED_EDGE('',*,*,#2262,.F.);
#1298=ORIENTED_EDGE('',*,*,#2261,.T.);
#1299=ORIENTED_EDGE('',*,*,#2266,.T.);
#1300=ORIENTED_EDGE('',*,*,#2263,.T.);
#1301=ORIENTED_EDGE('',*,*,#2265,.F.);
#1302=ORIENTED_EDGE('',*,*,#2267,.T.);
#1303=ORIENTED_EDGE('',*,*,#2259,.F.);
#1304=ORIENTED_EDGE('',*,*,#2266,.F.);
#1305=ORIENTED_EDGE('',*,*,#2260,.F.);
#1306=ORIENTED_EDGE('',*,*,#2267,.F.);
#1307=ORIENTED_EDGE('',*,*,#2264,.F.);
#1308=ORIENTED_EDGE('',*,*,#2268,.T.);
#1309=ORIENTED_EDGE('',*,*,#2269,.F.);
#1310=ORIENTED_EDGE('',*,*,#2270,.F.);
#1311=ORIENTED_EDGE('',*,*,#2271,.T.);
#1312=ORIENTED_EDGE('',*,*,#2272,.T.);
#1313=ORIENTED_EDGE('',*,*,#2273,.F.);
#1314=ORIENTED_EDGE('',*,*,#2274,.F.);
#1315=ORIENTED_EDGE('',*,*,#2269,.T.);
#1316=ORIENTED_EDGE('',*,*,#2275,.T.);
#1317=ORIENTED_EDGE('',*,*,#2276,.F.);
#1318=ORIENTED_EDGE('',*,*,#2277,.F.);
#1319=ORIENTED_EDGE('',*,*,#2273,.T.);
#1320=ORIENTED_EDGE('',*,*,#2278,.T.);
#1321=ORIENTED_EDGE('',*,*,#2279,.F.);
#1322=ORIENTED_EDGE('',*,*,#2280,.F.);
#1323=ORIENTED_EDGE('',*,*,#2276,.T.);
#1324=ORIENTED_EDGE('',*,*,#2281,.F.);
#1325=ORIENTED_EDGE('',*,*,#2282,.F.);
#1326=ORIENTED_EDGE('',*,*,#2283,.T.);
#1327=ORIENTED_EDGE('',*,*,#2279,.T.);
#1328=ORIENTED_EDGE('',*,*,#2284,.T.);
#1329=ORIENTED_EDGE('',*,*,#2285,.F.);
#1330=ORIENTED_EDGE('',*,*,#2286,.F.);
#1331=ORIENTED_EDGE('',*,*,#2282,.T.);
#1332=ORIENTED_EDGE('',*,*,#2287,.T.);
#1333=ORIENTED_EDGE('',*,*,#2288,.F.);
#1334=ORIENTED_EDGE('',*,*,#2289,.F.);
#1335=ORIENTED_EDGE('',*,*,#2285,.T.);
#1336=ORIENTED_EDGE('',*,*,#2290,.T.);
#1337=ORIENTED_EDGE('',*,*,#2291,.F.);
#1338=ORIENTED_EDGE('',*,*,#2292,.F.);
#1339=ORIENTED_EDGE('',*,*,#2288,.T.);
#1340=ORIENTED_EDGE('',*,*,#2293,.T.);
#1341=ORIENTED_EDGE('',*,*,#2294,.F.);
#1342=ORIENTED_EDGE('',*,*,#2295,.F.);
#1343=ORIENTED_EDGE('',*,*,#2291,.T.);
#1344=ORIENTED_EDGE('',*,*,#2296,.T.);
#1345=ORIENTED_EDGE('',*,*,#2297,.F.);
#1346=ORIENTED_EDGE('',*,*,#2298,.F.);
#1347=ORIENTED_EDGE('',*,*,#2294,.T.);
#1348=ORIENTED_EDGE('',*,*,#2299,.F.);
#1349=ORIENTED_EDGE('',*,*,#2300,.F.);
#1350=ORIENTED_EDGE('',*,*,#2301,.T.);
#1351=ORIENTED_EDGE('',*,*,#2297,.T.);
#1352=ORIENTED_EDGE('',*,*,#2302,.T.);
#1353=ORIENTED_EDGE('',*,*,#2303,.F.);
#1354=ORIENTED_EDGE('',*,*,#2304,.F.);
#1355=ORIENTED_EDGE('',*,*,#2300,.T.);
#1356=ORIENTED_EDGE('',*,*,#2305,.T.);
#1357=ORIENTED_EDGE('',*,*,#2306,.F.);
#1358=ORIENTED_EDGE('',*,*,#2307,.F.);
#1359=ORIENTED_EDGE('',*,*,#2303,.T.);
#1360=ORIENTED_EDGE('',*,*,#2308,.T.);
#1361=ORIENTED_EDGE('',*,*,#2309,.F.);
#1362=ORIENTED_EDGE('',*,*,#2310,.F.);
#1363=ORIENTED_EDGE('',*,*,#2306,.T.);
#1364=ORIENTED_EDGE('',*,*,#2311,.T.);
#1365=ORIENTED_EDGE('',*,*,#2312,.F.);
#1366=ORIENTED_EDGE('',*,*,#2313,.F.);
#1367=ORIENTED_EDGE('',*,*,#2309,.T.);
#1368=ORIENTED_EDGE('',*,*,#2314,.T.);
#1369=ORIENTED_EDGE('',*,*,#2315,.F.);
#1370=ORIENTED_EDGE('',*,*,#2316,.F.);
#1371=ORIENTED_EDGE('',*,*,#2312,.T.);
#1372=ORIENTED_EDGE('',*,*,#2317,.F.);
#1373=ORIENTED_EDGE('',*,*,#2318,.F.);
#1374=ORIENTED_EDGE('',*,*,#2319,.T.);
#1375=ORIENTED_EDGE('',*,*,#2315,.T.);
#1376=ORIENTED_EDGE('',*,*,#2320,.T.);
#1377=ORIENTED_EDGE('',*,*,#2321,.F.);
#1378=ORIENTED_EDGE('',*,*,#2322,.F.);
#1379=ORIENTED_EDGE('',*,*,#2318,.T.);
#1380=ORIENTED_EDGE('',*,*,#2323,.T.);
#1381=ORIENTED_EDGE('',*,*,#2324,.F.);
#1382=ORIENTED_EDGE('',*,*,#2325,.F.);
#1383=ORIENTED_EDGE('',*,*,#2321,.T.);
#1384=ORIENTED_EDGE('',*,*,#2326,.T.);
#1385=ORIENTED_EDGE('',*,*,#2327,.F.);
#1386=ORIENTED_EDGE('',*,*,#2328,.F.);
#1387=ORIENTED_EDGE('',*,*,#2324,.T.);
#1388=ORIENTED_EDGE('',*,*,#2329,.T.);
#1389=ORIENTED_EDGE('',*,*,#2330,.F.);
#1390=ORIENTED_EDGE('',*,*,#2331,.F.);
#1391=ORIENTED_EDGE('',*,*,#2327,.T.);
#1392=ORIENTED_EDGE('',*,*,#2332,.T.);
#1393=ORIENTED_EDGE('',*,*,#2333,.F.);
#1394=ORIENTED_EDGE('',*,*,#2334,.F.);
#1395=ORIENTED_EDGE('',*,*,#2330,.T.);
#1396=ORIENTED_EDGE('',*,*,#2335,.F.);
#1397=ORIENTED_EDGE('',*,*,#2336,.F.);
#1398=ORIENTED_EDGE('',*,*,#2337,.T.);
#1399=ORIENTED_EDGE('',*,*,#2333,.T.);
#1400=ORIENTED_EDGE('',*,*,#2338,.T.);
#1401=ORIENTED_EDGE('',*,*,#2339,.F.);
#1402=ORIENTED_EDGE('',*,*,#2340,.F.);
#1403=ORIENTED_EDGE('',*,*,#2336,.T.);
#1404=ORIENTED_EDGE('',*,*,#2341,.T.);
#1405=ORIENTED_EDGE('',*,*,#2342,.F.);
#1406=ORIENTED_EDGE('',*,*,#2343,.F.);
#1407=ORIENTED_EDGE('',*,*,#2339,.T.);
#1408=ORIENTED_EDGE('',*,*,#2344,.T.);
#1409=ORIENTED_EDGE('',*,*,#2345,.F.);
#1410=ORIENTED_EDGE('',*,*,#2346,.F.);
#1411=ORIENTED_EDGE('',*,*,#2342,.T.);
#1412=ORIENTED_EDGE('',*,*,#2347,.T.);
#1413=ORIENTED_EDGE('',*,*,#2348,.F.);
#1414=ORIENTED_EDGE('',*,*,#2349,.F.);
#1415=ORIENTED_EDGE('',*,*,#2345,.T.);
#1416=ORIENTED_EDGE('',*,*,#2350,.T.);
#1417=ORIENTED_EDGE('',*,*,#2351,.F.);
#1418=ORIENTED_EDGE('',*,*,#2352,.F.);
#1419=ORIENTED_EDGE('',*,*,#2348,.T.);
#1420=ORIENTED_EDGE('',*,*,#2353,.F.);
#1421=ORIENTED_EDGE('',*,*,#2354,.F.);
#1422=ORIENTED_EDGE('',*,*,#2355,.T.);
#1423=ORIENTED_EDGE('',*,*,#2351,.T.);
#1424=ORIENTED_EDGE('',*,*,#2356,.T.);
#1425=ORIENTED_EDGE('',*,*,#2357,.F.);
#1426=ORIENTED_EDGE('',*,*,#2358,.F.);
#1427=ORIENTED_EDGE('',*,*,#2354,.T.);
#1428=ORIENTED_EDGE('',*,*,#2359,.T.);
#1429=ORIENTED_EDGE('',*,*,#2360,.F.);
#1430=ORIENTED_EDGE('',*,*,#2361,.F.);
#1431=ORIENTED_EDGE('',*,*,#2357,.T.);
#1432=ORIENTED_EDGE('',*,*,#2362,.T.);
#1433=ORIENTED_EDGE('',*,*,#2363,.F.);
#1434=ORIENTED_EDGE('',*,*,#2364,.F.);
#1435=ORIENTED_EDGE('',*,*,#2360,.T.);
#1436=ORIENTED_EDGE('',*,*,#2365,.T.);
#1437=ORIENTED_EDGE('',*,*,#2366,.F.);
#1438=ORIENTED_EDGE('',*,*,#2367,.F.);
#1439=ORIENTED_EDGE('',*,*,#2363,.T.);
#1440=ORIENTED_EDGE('',*,*,#2368,.T.);
#1441=ORIENTED_EDGE('',*,*,#2369,.F.);
#1442=ORIENTED_EDGE('',*,*,#2370,.F.);
#1443=ORIENTED_EDGE('',*,*,#2366,.T.);
#1444=ORIENTED_EDGE('',*,*,#2371,.F.);
#1445=ORIENTED_EDGE('',*,*,#2372,.F.);
#1446=ORIENTED_EDGE('',*,*,#2373,.T.);
#1447=ORIENTED_EDGE('',*,*,#2369,.T.);
#1448=ORIENTED_EDGE('',*,*,#2374,.T.);
#1449=ORIENTED_EDGE('',*,*,#2375,.F.);
#1450=ORIENTED_EDGE('',*,*,#2376,.F.);
#1451=ORIENTED_EDGE('',*,*,#2372,.T.);
#1452=ORIENTED_EDGE('',*,*,#2377,.T.);
#1453=ORIENTED_EDGE('',*,*,#2378,.F.);
#1454=ORIENTED_EDGE('',*,*,#2379,.F.);
#1455=ORIENTED_EDGE('',*,*,#2375,.T.);
#1456=ORIENTED_EDGE('',*,*,#2380,.T.);
#1457=ORIENTED_EDGE('',*,*,#2381,.F.);
#1458=ORIENTED_EDGE('',*,*,#2382,.F.);
#1459=ORIENTED_EDGE('',*,*,#2378,.T.);
#1460=ORIENTED_EDGE('',*,*,#2383,.T.);
#1461=ORIENTED_EDGE('',*,*,#2384,.F.);
#1462=ORIENTED_EDGE('',*,*,#2385,.F.);
#1463=ORIENTED_EDGE('',*,*,#2381,.T.);
#1464=ORIENTED_EDGE('',*,*,#2386,.T.);
#1465=ORIENTED_EDGE('',*,*,#2387,.F.);
#1466=ORIENTED_EDGE('',*,*,#2388,.F.);
#1467=ORIENTED_EDGE('',*,*,#2384,.T.);
#1468=ORIENTED_EDGE('',*,*,#2389,.F.);
#1469=ORIENTED_EDGE('',*,*,#2390,.F.);
#1470=ORIENTED_EDGE('',*,*,#2391,.T.);
#1471=ORIENTED_EDGE('',*,*,#2387,.T.);
#1472=ORIENTED_EDGE('',*,*,#2392,.T.);
#1473=ORIENTED_EDGE('',*,*,#2393,.F.);
#1474=ORIENTED_EDGE('',*,*,#2394,.F.);
#1475=ORIENTED_EDGE('',*,*,#2390,.T.);
#1476=ORIENTED_EDGE('',*,*,#2395,.T.);
#1477=ORIENTED_EDGE('',*,*,#2396,.F.);
#1478=ORIENTED_EDGE('',*,*,#2397,.F.);
#1479=ORIENTED_EDGE('',*,*,#2393,.T.);
#1480=ORIENTED_EDGE('',*,*,#2398,.T.);
#1481=ORIENTED_EDGE('',*,*,#2399,.F.);
#1482=ORIENTED_EDGE('',*,*,#2400,.F.);
#1483=ORIENTED_EDGE('',*,*,#2396,.T.);
#1484=ORIENTED_EDGE('',*,*,#2401,.T.);
#1485=ORIENTED_EDGE('',*,*,#2402,.F.);
#1486=ORIENTED_EDGE('',*,*,#2403,.F.);
#1487=ORIENTED_EDGE('',*,*,#2399,.T.);
#1488=ORIENTED_EDGE('',*,*,#2404,.T.);
#1489=ORIENTED_EDGE('',*,*,#2405,.F.);
#1490=ORIENTED_EDGE('',*,*,#2406,.F.);
#1491=ORIENTED_EDGE('',*,*,#2402,.T.);
#1492=ORIENTED_EDGE('',*,*,#2407,.F.);
#1493=ORIENTED_EDGE('',*,*,#2408,.F.);
#1494=ORIENTED_EDGE('',*,*,#2409,.T.);
#1495=ORIENTED_EDGE('',*,*,#2405,.T.);
#1496=ORIENTED_EDGE('',*,*,#2410,.T.);
#1497=ORIENTED_EDGE('',*,*,#2411,.F.);
#1498=ORIENTED_EDGE('',*,*,#2412,.F.);
#1499=ORIENTED_EDGE('',*,*,#2408,.T.);
#1500=ORIENTED_EDGE('',*,*,#2413,.T.);
#1501=ORIENTED_EDGE('',*,*,#2414,.F.);
#1502=ORIENTED_EDGE('',*,*,#2415,.F.);
#1503=ORIENTED_EDGE('',*,*,#2411,.T.);
#1504=ORIENTED_EDGE('',*,*,#2416,.T.);
#1505=ORIENTED_EDGE('',*,*,#2417,.F.);
#1506=ORIENTED_EDGE('',*,*,#2418,.F.);
#1507=ORIENTED_EDGE('',*,*,#2414,.T.);
#1508=ORIENTED_EDGE('',*,*,#2419,.T.);
#1509=ORIENTED_EDGE('',*,*,#2420,.F.);
#1510=ORIENTED_EDGE('',*,*,#2421,.F.);
#1511=ORIENTED_EDGE('',*,*,#2417,.T.);
#1512=ORIENTED_EDGE('',*,*,#2422,.T.);
#1513=ORIENTED_EDGE('',*,*,#2423,.F.);
#1514=ORIENTED_EDGE('',*,*,#2424,.F.);
#1515=ORIENTED_EDGE('',*,*,#2420,.T.);
#1516=ORIENTED_EDGE('',*,*,#2425,.F.);
#1517=ORIENTED_EDGE('',*,*,#2426,.F.);
#1518=ORIENTED_EDGE('',*,*,#2427,.T.);
#1519=ORIENTED_EDGE('',*,*,#2423,.T.);
#1520=ORIENTED_EDGE('',*,*,#2428,.T.);
#1521=ORIENTED_EDGE('',*,*,#2429,.F.);
#1522=ORIENTED_EDGE('',*,*,#2430,.F.);
#1523=ORIENTED_EDGE('',*,*,#2426,.T.);
#1524=ORIENTED_EDGE('',*,*,#2431,.T.);
#1525=ORIENTED_EDGE('',*,*,#2432,.F.);
#1526=ORIENTED_EDGE('',*,*,#2433,.F.);
#1527=ORIENTED_EDGE('',*,*,#2429,.T.);
#1528=ORIENTED_EDGE('',*,*,#2434,.T.);
#1529=ORIENTED_EDGE('',*,*,#2435,.F.);
#1530=ORIENTED_EDGE('',*,*,#2436,.F.);
#1531=ORIENTED_EDGE('',*,*,#2432,.T.);
#1532=ORIENTED_EDGE('',*,*,#2437,.T.);
#1533=ORIENTED_EDGE('',*,*,#2438,.F.);
#1534=ORIENTED_EDGE('',*,*,#2439,.F.);
#1535=ORIENTED_EDGE('',*,*,#2435,.T.);
#1536=ORIENTED_EDGE('',*,*,#2440,.T.);
#1537=ORIENTED_EDGE('',*,*,#2441,.F.);
#1538=ORIENTED_EDGE('',*,*,#2442,.F.);
#1539=ORIENTED_EDGE('',*,*,#2438,.T.);
#1540=ORIENTED_EDGE('',*,*,#2443,.F.);
#1541=ORIENTED_EDGE('',*,*,#2444,.F.);
#1542=ORIENTED_EDGE('',*,*,#2445,.T.);
#1543=ORIENTED_EDGE('',*,*,#2441,.T.);
#1544=ORIENTED_EDGE('',*,*,#2446,.T.);
#1545=ORIENTED_EDGE('',*,*,#2447,.F.);
#1546=ORIENTED_EDGE('',*,*,#2448,.F.);
#1547=ORIENTED_EDGE('',*,*,#2444,.T.);
#1548=ORIENTED_EDGE('',*,*,#2449,.T.);
#1549=ORIENTED_EDGE('',*,*,#2450,.F.);
#1550=ORIENTED_EDGE('',*,*,#2451,.F.);
#1551=ORIENTED_EDGE('',*,*,#2447,.T.);
#1552=ORIENTED_EDGE('',*,*,#2452,.T.);
#1553=ORIENTED_EDGE('',*,*,#2453,.F.);
#1554=ORIENTED_EDGE('',*,*,#2454,.F.);
#1555=ORIENTED_EDGE('',*,*,#2450,.T.);
#1556=ORIENTED_EDGE('',*,*,#2455,.T.);
#1557=ORIENTED_EDGE('',*,*,#2456,.F.);
#1558=ORIENTED_EDGE('',*,*,#2457,.F.);
#1559=ORIENTED_EDGE('',*,*,#2453,.T.);
#1560=ORIENTED_EDGE('',*,*,#2458,.T.);
#1561=ORIENTED_EDGE('',*,*,#2459,.F.);
#1562=ORIENTED_EDGE('',*,*,#2460,.F.);
#1563=ORIENTED_EDGE('',*,*,#2456,.T.);
#1564=ORIENTED_EDGE('',*,*,#2461,.F.);
#1565=ORIENTED_EDGE('',*,*,#2462,.F.);
#1566=ORIENTED_EDGE('',*,*,#2463,.T.);
#1567=ORIENTED_EDGE('',*,*,#2459,.T.);
#1568=ORIENTED_EDGE('',*,*,#2464,.T.);
#1569=ORIENTED_EDGE('',*,*,#2465,.F.);
#1570=ORIENTED_EDGE('',*,*,#2466,.F.);
#1571=ORIENTED_EDGE('',*,*,#2462,.T.);
#1572=ORIENTED_EDGE('',*,*,#2467,.T.);
#1573=ORIENTED_EDGE('',*,*,#2468,.F.);
#1574=ORIENTED_EDGE('',*,*,#2469,.F.);
#1575=ORIENTED_EDGE('',*,*,#2465,.T.);
#1576=ORIENTED_EDGE('',*,*,#2470,.T.);
#1577=ORIENTED_EDGE('',*,*,#2471,.F.);
#1578=ORIENTED_EDGE('',*,*,#2472,.F.);
#1579=ORIENTED_EDGE('',*,*,#2468,.T.);
#1580=ORIENTED_EDGE('',*,*,#2473,.T.);
#1581=ORIENTED_EDGE('',*,*,#2474,.F.);
#1582=ORIENTED_EDGE('',*,*,#2475,.F.);
#1583=ORIENTED_EDGE('',*,*,#2471,.T.);
#1584=ORIENTED_EDGE('',*,*,#2476,.T.);
#1585=ORIENTED_EDGE('',*,*,#2477,.F.);
#1586=ORIENTED_EDGE('',*,*,#2478,.F.);
#1587=ORIENTED_EDGE('',*,*,#2474,.T.);
#1588=ORIENTED_EDGE('',*,*,#2479,.F.);
#1589=ORIENTED_EDGE('',*,*,#2480,.F.);
#1590=ORIENTED_EDGE('',*,*,#2481,.T.);
#1591=ORIENTED_EDGE('',*,*,#2477,.T.);
#1592=ORIENTED_EDGE('',*,*,#2482,.T.);
#1593=ORIENTED_EDGE('',*,*,#2483,.F.);
#1594=ORIENTED_EDGE('',*,*,#2484,.F.);
#1595=ORIENTED_EDGE('',*,*,#2480,.T.);
#1596=ORIENTED_EDGE('',*,*,#2485,.T.);
#1597=ORIENTED_EDGE('',*,*,#2486,.F.);
#1598=ORIENTED_EDGE('',*,*,#2487,.F.);
#1599=ORIENTED_EDGE('',*,*,#2483,.T.);
#1600=ORIENTED_EDGE('',*,*,#2488,.T.);
#1601=ORIENTED_EDGE('',*,*,#2489,.F.);
#1602=ORIENTED_EDGE('',*,*,#2490,.F.);
#1603=ORIENTED_EDGE('',*,*,#2486,.T.);
#1604=ORIENTED_EDGE('',*,*,#2491,.T.);
#1605=ORIENTED_EDGE('',*,*,#2492,.F.);
#1606=ORIENTED_EDGE('',*,*,#2493,.F.);
#1607=ORIENTED_EDGE('',*,*,#2489,.T.);
#1608=ORIENTED_EDGE('',*,*,#2494,.T.);
#1609=ORIENTED_EDGE('',*,*,#2495,.F.);
#1610=ORIENTED_EDGE('',*,*,#2496,.F.);
#1611=ORIENTED_EDGE('',*,*,#2492,.T.);
#1612=ORIENTED_EDGE('',*,*,#2497,.F.);
#1613=ORIENTED_EDGE('',*,*,#2498,.F.);
#1614=ORIENTED_EDGE('',*,*,#2499,.T.);
#1615=ORIENTED_EDGE('',*,*,#2495,.T.);
#1616=ORIENTED_EDGE('',*,*,#2500,.T.);
#1617=ORIENTED_EDGE('',*,*,#2501,.F.);
#1618=ORIENTED_EDGE('',*,*,#2502,.F.);
#1619=ORIENTED_EDGE('',*,*,#2498,.T.);
#1620=ORIENTED_EDGE('',*,*,#2503,.T.);
#1621=ORIENTED_EDGE('',*,*,#2504,.F.);
#1622=ORIENTED_EDGE('',*,*,#2505,.F.);
#1623=ORIENTED_EDGE('',*,*,#2501,.T.);
#1624=ORIENTED_EDGE('',*,*,#2506,.T.);
#1625=ORIENTED_EDGE('',*,*,#2507,.F.);
#1626=ORIENTED_EDGE('',*,*,#2508,.F.);
#1627=ORIENTED_EDGE('',*,*,#2504,.T.);
#1628=ORIENTED_EDGE('',*,*,#2509,.T.);
#1629=ORIENTED_EDGE('',*,*,#2510,.F.);
#1630=ORIENTED_EDGE('',*,*,#2511,.F.);
#1631=ORIENTED_EDGE('',*,*,#2507,.T.);
#1632=ORIENTED_EDGE('',*,*,#2512,.T.);
#1633=ORIENTED_EDGE('',*,*,#2513,.F.);
#1634=ORIENTED_EDGE('',*,*,#2514,.F.);
#1635=ORIENTED_EDGE('',*,*,#2510,.T.);
#1636=ORIENTED_EDGE('',*,*,#2515,.F.);
#1637=ORIENTED_EDGE('',*,*,#2516,.F.);
#1638=ORIENTED_EDGE('',*,*,#2517,.T.);
#1639=ORIENTED_EDGE('',*,*,#2513,.T.);
#1640=ORIENTED_EDGE('',*,*,#2518,.T.);
#1641=ORIENTED_EDGE('',*,*,#2519,.F.);
#1642=ORIENTED_EDGE('',*,*,#2520,.F.);
#1643=ORIENTED_EDGE('',*,*,#2516,.T.);
#1644=ORIENTED_EDGE('',*,*,#2521,.T.);
#1645=ORIENTED_EDGE('',*,*,#2522,.F.);
#1646=ORIENTED_EDGE('',*,*,#2523,.F.);
#1647=ORIENTED_EDGE('',*,*,#2519,.T.);
#1648=ORIENTED_EDGE('',*,*,#2524,.T.);
#1649=ORIENTED_EDGE('',*,*,#2525,.F.);
#1650=ORIENTED_EDGE('',*,*,#2526,.F.);
#1651=ORIENTED_EDGE('',*,*,#2522,.T.);
#1652=ORIENTED_EDGE('',*,*,#2527,.T.);
#1653=ORIENTED_EDGE('',*,*,#2528,.F.);
#1654=ORIENTED_EDGE('',*,*,#2529,.F.);
#1655=ORIENTED_EDGE('',*,*,#2525,.T.);
#1656=ORIENTED_EDGE('',*,*,#2530,.T.);
#1657=ORIENTED_EDGE('',*,*,#2531,.F.);
#1658=ORIENTED_EDGE('',*,*,#2532,.F.);
#1659=ORIENTED_EDGE('',*,*,#2528,.T.);
#1660=ORIENTED_EDGE('',*,*,#2533,.F.);
#1661=ORIENTED_EDGE('',*,*,#2534,.F.);
#1662=ORIENTED_EDGE('',*,*,#2535,.T.);
#1663=ORIENTED_EDGE('',*,*,#2531,.T.);
#1664=ORIENTED_EDGE('',*,*,#2536,.T.);
#1665=ORIENTED_EDGE('',*,*,#2537,.F.);
#1666=ORIENTED_EDGE('',*,*,#2538,.F.);
#1667=ORIENTED_EDGE('',*,*,#2534,.T.);
#1668=ORIENTED_EDGE('',*,*,#2539,.T.);
#1669=ORIENTED_EDGE('',*,*,#2540,.F.);
#1670=ORIENTED_EDGE('',*,*,#2541,.F.);
#1671=ORIENTED_EDGE('',*,*,#2537,.T.);
#1672=ORIENTED_EDGE('',*,*,#2542,.T.);
#1673=ORIENTED_EDGE('',*,*,#2543,.F.);
#1674=ORIENTED_EDGE('',*,*,#2544,.F.);
#1675=ORIENTED_EDGE('',*,*,#2540,.T.);
#1676=ORIENTED_EDGE('',*,*,#2545,.T.);
#1677=ORIENTED_EDGE('',*,*,#2546,.F.);
#1678=ORIENTED_EDGE('',*,*,#2547,.F.);
#1679=ORIENTED_EDGE('',*,*,#2543,.T.);
#1680=ORIENTED_EDGE('',*,*,#2548,.T.);
#1681=ORIENTED_EDGE('',*,*,#2549,.F.);
#1682=ORIENTED_EDGE('',*,*,#2550,.F.);
#1683=ORIENTED_EDGE('',*,*,#2546,.T.);
#1684=ORIENTED_EDGE('',*,*,#2551,.F.);
#1685=ORIENTED_EDGE('',*,*,#2552,.F.);
#1686=ORIENTED_EDGE('',*,*,#2553,.T.);
#1687=ORIENTED_EDGE('',*,*,#2549,.T.);
#1688=ORIENTED_EDGE('',*,*,#2554,.T.);
#1689=ORIENTED_EDGE('',*,*,#2271,.F.);
#1690=ORIENTED_EDGE('',*,*,#2555,.F.);
#1691=ORIENTED_EDGE('',*,*,#2552,.T.);
#1692=ORIENTED_EDGE('',*,*,#2556,.F.);
#1693=ORIENTED_EDGE('',*,*,#2270,.T.);
#1694=ORIENTED_EDGE('',*,*,#2274,.T.);
#1695=ORIENTED_EDGE('',*,*,#2277,.T.);
#1696=ORIENTED_EDGE('',*,*,#2280,.T.);
#1697=ORIENTED_EDGE('',*,*,#2283,.F.);
#1698=ORIENTED_EDGE('',*,*,#2286,.T.);
#1699=ORIENTED_EDGE('',*,*,#2289,.T.);
#1700=ORIENTED_EDGE('',*,*,#2292,.T.);
#1701=ORIENTED_EDGE('',*,*,#2295,.T.);
#1702=ORIENTED_EDGE('',*,*,#2298,.T.);
#1703=ORIENTED_EDGE('',*,*,#2301,.F.);
#1704=ORIENTED_EDGE('',*,*,#2304,.T.);
#1705=ORIENTED_EDGE('',*,*,#2307,.T.);
#1706=ORIENTED_EDGE('',*,*,#2310,.T.);
#1707=ORIENTED_EDGE('',*,*,#2313,.T.);
#1708=ORIENTED_EDGE('',*,*,#2316,.T.);
#1709=ORIENTED_EDGE('',*,*,#2319,.F.);
#1710=ORIENTED_EDGE('',*,*,#2322,.T.);
#1711=ORIENTED_EDGE('',*,*,#2325,.T.);
#1712=ORIENTED_EDGE('',*,*,#2328,.T.);
#1713=ORIENTED_EDGE('',*,*,#2331,.T.);
#1714=ORIENTED_EDGE('',*,*,#2334,.T.);
#1715=ORIENTED_EDGE('',*,*,#2337,.F.);
#1716=ORIENTED_EDGE('',*,*,#2340,.T.);
#1717=ORIENTED_EDGE('',*,*,#2343,.T.);
#1718=ORIENTED_EDGE('',*,*,#2346,.T.);
#1719=ORIENTED_EDGE('',*,*,#2349,.T.);
#1720=ORIENTED_EDGE('',*,*,#2352,.T.);
#1721=ORIENTED_EDGE('',*,*,#2355,.F.);
#1722=ORIENTED_EDGE('',*,*,#2358,.T.);
#1723=ORIENTED_EDGE('',*,*,#2361,.T.);
#1724=ORIENTED_EDGE('',*,*,#2364,.T.);
#1725=ORIENTED_EDGE('',*,*,#2367,.T.);
#1726=ORIENTED_EDGE('',*,*,#2370,.T.);
#1727=ORIENTED_EDGE('',*,*,#2373,.F.);
#1728=ORIENTED_EDGE('',*,*,#2376,.T.);
#1729=ORIENTED_EDGE('',*,*,#2379,.T.);
#1730=ORIENTED_EDGE('',*,*,#2382,.T.);
#1731=ORIENTED_EDGE('',*,*,#2385,.T.);
#1732=ORIENTED_EDGE('',*,*,#2388,.T.);
#1733=ORIENTED_EDGE('',*,*,#2391,.F.);
#1734=ORIENTED_EDGE('',*,*,#2394,.T.);
#1735=ORIENTED_EDGE('',*,*,#2397,.T.);
#1736=ORIENTED_EDGE('',*,*,#2400,.T.);
#1737=ORIENTED_EDGE('',*,*,#2403,.T.);
#1738=ORIENTED_EDGE('',*,*,#2406,.T.);
#1739=ORIENTED_EDGE('',*,*,#2409,.F.);
#1740=ORIENTED_EDGE('',*,*,#2412,.T.);
#1741=ORIENTED_EDGE('',*,*,#2415,.T.);
#1742=ORIENTED_EDGE('',*,*,#2418,.T.);
#1743=ORIENTED_EDGE('',*,*,#2421,.T.);
#1744=ORIENTED_EDGE('',*,*,#2424,.T.);
#1745=ORIENTED_EDGE('',*,*,#2427,.F.);
#1746=ORIENTED_EDGE('',*,*,#2430,.T.);
#1747=ORIENTED_EDGE('',*,*,#2433,.T.);
#1748=ORIENTED_EDGE('',*,*,#2436,.T.);
#1749=ORIENTED_EDGE('',*,*,#2439,.T.);
#1750=ORIENTED_EDGE('',*,*,#2442,.T.);
#1751=ORIENTED_EDGE('',*,*,#2445,.F.);
#1752=ORIENTED_EDGE('',*,*,#2448,.T.);
#1753=ORIENTED_EDGE('',*,*,#2451,.T.);
#1754=ORIENTED_EDGE('',*,*,#2454,.T.);
#1755=ORIENTED_EDGE('',*,*,#2457,.T.);
#1756=ORIENTED_EDGE('',*,*,#2460,.T.);
#1757=ORIENTED_EDGE('',*,*,#2463,.F.);
#1758=ORIENTED_EDGE('',*,*,#2466,.T.);
#1759=ORIENTED_EDGE('',*,*,#2469,.T.);
#1760=ORIENTED_EDGE('',*,*,#2472,.T.);
#1761=ORIENTED_EDGE('',*,*,#2475,.T.);
#1762=ORIENTED_EDGE('',*,*,#2478,.T.);
#1763=ORIENTED_EDGE('',*,*,#2481,.F.);
#1764=ORIENTED_EDGE('',*,*,#2484,.T.);
#1765=ORIENTED_EDGE('',*,*,#2487,.T.);
#1766=ORIENTED_EDGE('',*,*,#2490,.T.);
#1767=ORIENTED_EDGE('',*,*,#2493,.T.);
#1768=ORIENTED_EDGE('',*,*,#2496,.T.);
#1769=ORIENTED_EDGE('',*,*,#2499,.F.);
#1770=ORIENTED_EDGE('',*,*,#2502,.T.);
#1771=ORIENTED_EDGE('',*,*,#2505,.T.);
#1772=ORIENTED_EDGE('',*,*,#2508,.T.);
#1773=ORIENTED_EDGE('',*,*,#2511,.T.);
#1774=ORIENTED_EDGE('',*,*,#2514,.T.);
#1775=ORIENTED_EDGE('',*,*,#2517,.F.);
#1776=ORIENTED_EDGE('',*,*,#2520,.T.);
#1777=ORIENTED_EDGE('',*,*,#2523,.T.);
#1778=ORIENTED_EDGE('',*,*,#2526,.T.);
#1779=ORIENTED_EDGE('',*,*,#2529,.T.);
#1780=ORIENTED_EDGE('',*,*,#2532,.T.);
#1781=ORIENTED_EDGE('',*,*,#2535,.F.);
#1782=ORIENTED_EDGE('',*,*,#2538,.T.);
#1783=ORIENTED_EDGE('',*,*,#2541,.T.);
#1784=ORIENTED_EDGE('',*,*,#2544,.T.);
#1785=ORIENTED_EDGE('',*,*,#2547,.T.);
#1786=ORIENTED_EDGE('',*,*,#2550,.T.);
#1787=ORIENTED_EDGE('',*,*,#2553,.F.);
#1788=ORIENTED_EDGE('',*,*,#2555,.T.);
#1789=ORIENTED_EDGE('',*,*,#2557,.T.);
#1790=ORIENTED_EDGE('',*,*,#2268,.F.);
#1791=ORIENTED_EDGE('',*,*,#2554,.F.);
#1792=ORIENTED_EDGE('',*,*,#2551,.T.);
#1793=ORIENTED_EDGE('',*,*,#2548,.F.);
#1794=ORIENTED_EDGE('',*,*,#2545,.F.);
#1795=ORIENTED_EDGE('',*,*,#2542,.F.);
#1796=ORIENTED_EDGE('',*,*,#2539,.F.);
#1797=ORIENTED_EDGE('',*,*,#2536,.F.);
#1798=ORIENTED_EDGE('',*,*,#2533,.T.);
#1799=ORIENTED_EDGE('',*,*,#2530,.F.);
#1800=ORIENTED_EDGE('',*,*,#2527,.F.);
#1801=ORIENTED_EDGE('',*,*,#2524,.F.);
#1802=ORIENTED_EDGE('',*,*,#2521,.F.);
#1803=ORIENTED_EDGE('',*,*,#2518,.F.);
#1804=ORIENTED_EDGE('',*,*,#2515,.T.);
#1805=ORIENTED_EDGE('',*,*,#2512,.F.);
#1806=ORIENTED_EDGE('',*,*,#2509,.F.);
#1807=ORIENTED_EDGE('',*,*,#2506,.F.);
#1808=ORIENTED_EDGE('',*,*,#2503,.F.);
#1809=ORIENTED_EDGE('',*,*,#2500,.F.);
#1810=ORIENTED_EDGE('',*,*,#2497,.T.);
#1811=ORIENTED_EDGE('',*,*,#2494,.F.);
#1812=ORIENTED_EDGE('',*,*,#2491,.F.);
#1813=ORIENTED_EDGE('',*,*,#2488,.F.);
#1814=ORIENTED_EDGE('',*,*,#2485,.F.);
#1815=ORIENTED_EDGE('',*,*,#2482,.F.);
#1816=ORIENTED_EDGE('',*,*,#2479,.T.);
#1817=ORIENTED_EDGE('',*,*,#2476,.F.);
#1818=ORIENTED_EDGE('',*,*,#2473,.F.);
#1819=ORIENTED_EDGE('',*,*,#2470,.F.);
#1820=ORIENTED_EDGE('',*,*,#2467,.F.);
#1821=ORIENTED_EDGE('',*,*,#2464,.F.);
#1822=ORIENTED_EDGE('',*,*,#2461,.T.);
#1823=ORIENTED_EDGE('',*,*,#2458,.F.);
#1824=ORIENTED_EDGE('',*,*,#2455,.F.);
#1825=ORIENTED_EDGE('',*,*,#2452,.F.);
#1826=ORIENTED_EDGE('',*,*,#2449,.F.);
#1827=ORIENTED_EDGE('',*,*,#2446,.F.);
#1828=ORIENTED_EDGE('',*,*,#2443,.T.);
#1829=ORIENTED_EDGE('',*,*,#2440,.F.);
#1830=ORIENTED_EDGE('',*,*,#2437,.F.);
#1831=ORIENTED_EDGE('',*,*,#2434,.F.);
#1832=ORIENTED_EDGE('',*,*,#2431,.F.);
#1833=ORIENTED_EDGE('',*,*,#2428,.F.);
#1834=ORIENTED_EDGE('',*,*,#2425,.T.);
#1835=ORIENTED_EDGE('',*,*,#2422,.F.);
#1836=ORIENTED_EDGE('',*,*,#2419,.F.);
#1837=ORIENTED_EDGE('',*,*,#2416,.F.);
#1838=ORIENTED_EDGE('',*,*,#2413,.F.);
#1839=ORIENTED_EDGE('',*,*,#2410,.F.);
#1840=ORIENTED_EDGE('',*,*,#2407,.T.);
#1841=ORIENTED_EDGE('',*,*,#2404,.F.);
#1842=ORIENTED_EDGE('',*,*,#2401,.F.);
#1843=ORIENTED_EDGE('',*,*,#2398,.F.);
#1844=ORIENTED_EDGE('',*,*,#2395,.F.);
#1845=ORIENTED_EDGE('',*,*,#2392,.F.);
#1846=ORIENTED_EDGE('',*,*,#2389,.T.);
#1847=ORIENTED_EDGE('',*,*,#2386,.F.);
#1848=ORIENTED_EDGE('',*,*,#2383,.F.);
#1849=ORIENTED_EDGE('',*,*,#2380,.F.);
#1850=ORIENTED_EDGE('',*,*,#2377,.F.);
#1851=ORIENTED_EDGE('',*,*,#2374,.F.);
#1852=ORIENTED_EDGE('',*,*,#2371,.T.);
#1853=ORIENTED_EDGE('',*,*,#2368,.F.);
#1854=ORIENTED_EDGE('',*,*,#2365,.F.);
#1855=ORIENTED_EDGE('',*,*,#2362,.F.);
#1856=ORIENTED_EDGE('',*,*,#2359,.F.);
#1857=ORIENTED_EDGE('',*,*,#2356,.F.);
#1858=ORIENTED_EDGE('',*,*,#2353,.T.);
#1859=ORIENTED_EDGE('',*,*,#2350,.F.);
#1860=ORIENTED_EDGE('',*,*,#2347,.F.);
#1861=ORIENTED_EDGE('',*,*,#2344,.F.);
#1862=ORIENTED_EDGE('',*,*,#2341,.F.);
#1863=ORIENTED_EDGE('',*,*,#2338,.F.);
#1864=ORIENTED_EDGE('',*,*,#2335,.T.);
#1865=ORIENTED_EDGE('',*,*,#2332,.F.);
#1866=ORIENTED_EDGE('',*,*,#2329,.F.);
#1867=ORIENTED_EDGE('',*,*,#2326,.F.);
#1868=ORIENTED_EDGE('',*,*,#2323,.F.);
#1869=ORIENTED_EDGE('',*,*,#2320,.F.);
#1870=ORIENTED_EDGE('',*,*,#2317,.T.);
#1871=ORIENTED_EDGE('',*,*,#2314,.F.);
#1872=ORIENTED_EDGE('',*,*,#2311,.F.);
#1873=ORIENTED_EDGE('',*,*,#2308,.F.);
#1874=ORIENTED_EDGE('',*,*,#2305,.F.);
#1875=ORIENTED_EDGE('',*,*,#2302,.F.);
#1876=ORIENTED_EDGE('',*,*,#2299,.T.);
#1877=ORIENTED_EDGE('',*,*,#2296,.F.);
#1878=ORIENTED_EDGE('',*,*,#2293,.F.);
#1879=ORIENTED_EDGE('',*,*,#2290,.F.);
#1880=ORIENTED_EDGE('',*,*,#2287,.F.);
#1881=ORIENTED_EDGE('',*,*,#2284,.F.);
#1882=ORIENTED_EDGE('',*,*,#2281,.T.);
#1883=ORIENTED_EDGE('',*,*,#2278,.F.);
#1884=ORIENTED_EDGE('',*,*,#2275,.F.);
#1885=ORIENTED_EDGE('',*,*,#2272,.F.);
#1886=ORIENTED_EDGE('',*,*,#2558,.F.);
#1887=ORIENTED_EDGE('',*,*,#2556,.T.);
#1888=ORIENTED_EDGE('',*,*,#2559,.F.);
#1889=ORIENTED_EDGE('',*,*,#2558,.T.);
#1890=ORIENTED_EDGE('',*,*,#2559,.T.);
#1891=ORIENTED_EDGE('',*,*,#2557,.F.);
#1892=ORIENTED_EDGE('',*,*,#2560,.F.);
#1893=ORIENTED_EDGE('',*,*,#2561,.F.);
#1894=ORIENTED_EDGE('',*,*,#2562,.T.);
#1895=ORIENTED_EDGE('',*,*,#2563,.T.);
#1896=ORIENTED_EDGE('',*,*,#2564,.T.);
#1897=ORIENTED_EDGE('',*,*,#2565,.F.);
#1898=ORIENTED_EDGE('',*,*,#2566,.F.);
#1899=ORIENTED_EDGE('',*,*,#2561,.T.);
#1900=ORIENTED_EDGE('',*,*,#2567,.T.);
#1901=ORIENTED_EDGE('',*,*,#2568,.F.);
#1902=ORIENTED_EDGE('',*,*,#2569,.F.);
#1903=ORIENTED_EDGE('',*,*,#2565,.T.);
#1904=ORIENTED_EDGE('',*,*,#2570,.F.);
#1905=ORIENTED_EDGE('',*,*,#2563,.F.);
#1906=ORIENTED_EDGE('',*,*,#2571,.T.);
#1907=ORIENTED_EDGE('',*,*,#2568,.T.);
#1908=ORIENTED_EDGE('',*,*,#2572,.T.);
#1909=ORIENTED_EDGE('',*,*,#2562,.F.);
#1910=ORIENTED_EDGE('',*,*,#2566,.T.);
#1911=ORIENTED_EDGE('',*,*,#2569,.T.);
#1912=ORIENTED_EDGE('',*,*,#2571,.F.);
#1913=ORIENTED_EDGE('',*,*,#2573,.T.);
#1914=ORIENTED_EDGE('',*,*,#2560,.T.);
#1915=ORIENTED_EDGE('',*,*,#2570,.T.);
#1916=ORIENTED_EDGE('',*,*,#2567,.F.);
#1917=ORIENTED_EDGE('',*,*,#2564,.F.);
#1918=ORIENTED_EDGE('',*,*,#2574,.F.);
#1919=ORIENTED_EDGE('',*,*,#2573,.F.);
#1920=ORIENTED_EDGE('',*,*,#2572,.F.);
#1921=ORIENTED_EDGE('',*,*,#2574,.T.);
#1922=ORIENTED_EDGE('',*,*,#2575,.T.);
#1923=ORIENTED_EDGE('',*,*,#2576,.F.);
#1924=ORIENTED_EDGE('',*,*,#2577,.F.);
#1925=ORIENTED_EDGE('',*,*,#2578,.F.);
#1926=ORIENTED_EDGE('',*,*,#2576,.T.);
#1927=ORIENTED_EDGE('',*,*,#2575,.F.);
#1928=ORIENTED_EDGE('',*,*,#2579,.F.);
#1929=ORIENTED_EDGE('',*,*,#2578,.T.);
#1930=ORIENTED_EDGE('',*,*,#2577,.T.);
#1931=ORIENTED_EDGE('',*,*,#2579,.T.);
#1932=ORIENTED_EDGE('',*,*,#2580,.F.);
#1933=ORIENTED_EDGE('',*,*,#2581,.T.);
#1934=ORIENTED_EDGE('',*,*,#2582,.F.);
#1935=ORIENTED_EDGE('',*,*,#2583,.F.);
#1936=ORIENTED_EDGE('',*,*,#2580,.T.);
#1937=ORIENTED_EDGE('',*,*,#2581,.F.);
#1938=ORIENTED_EDGE('',*,*,#2582,.T.);
#1939=ORIENTED_EDGE('',*,*,#2583,.T.);
#1940=ORIENTED_EDGE('',*,*,#2584,.F.);
#1941=ORIENTED_EDGE('',*,*,#2585,.F.);
#1942=ORIENTED_EDGE('',*,*,#2586,.T.);
#1943=ORIENTED_EDGE('',*,*,#2587,.T.);
#1944=ORIENTED_EDGE('',*,*,#2588,.T.);
#1945=ORIENTED_EDGE('',*,*,#2589,.F.);
#1946=ORIENTED_EDGE('',*,*,#2587,.F.);
#1947=ORIENTED_EDGE('',*,*,#2590,.T.);
#1948=ORIENTED_EDGE('',*,*,#2591,.T.);
#1949=ORIENTED_EDGE('',*,*,#2592,.F.);
#1950=ORIENTED_EDGE('',*,*,#2591,.F.);
#1951=ORIENTED_EDGE('',*,*,#2593,.T.);
#1952=ORIENTED_EDGE('',*,*,#2594,.T.);
#1953=ORIENTED_EDGE('',*,*,#2595,.F.);
#1954=ORIENTED_EDGE('',*,*,#2596,.F.);
#1955=ORIENTED_EDGE('',*,*,#2594,.F.);
#1956=ORIENTED_EDGE('',*,*,#2597,.T.);
#1957=ORIENTED_EDGE('',*,*,#2585,.T.);
#1958=ORIENTED_EDGE('',*,*,#2586,.F.);
#1959=ORIENTED_EDGE('',*,*,#2597,.F.);
#1960=ORIENTED_EDGE('',*,*,#2593,.F.);
#1961=ORIENTED_EDGE('',*,*,#2590,.F.);
#1962=ORIENTED_EDGE('',*,*,#2584,.T.);
#1963=ORIENTED_EDGE('',*,*,#2589,.T.);
#1964=ORIENTED_EDGE('',*,*,#2592,.T.);
#1965=ORIENTED_EDGE('',*,*,#2596,.T.);
#1966=ORIENTED_EDGE('',*,*,#2595,.T.);
#1967=ORIENTED_EDGE('',*,*,#2588,.F.);
#1968=ORIENTED_EDGE('',*,*,#2598,.T.);
#1969=ORIENTED_EDGE('',*,*,#2599,.F.);
#1970=ORIENTED_EDGE('',*,*,#2600,.F.);
#1971=ORIENTED_EDGE('',*,*,#2601,.T.);
#1972=ORIENTED_EDGE('',*,*,#2602,.T.);
#1973=ORIENTED_EDGE('',*,*,#2603,.F.);
#1974=ORIENTED_EDGE('',*,*,#2598,.F.);
#1975=ORIENTED_EDGE('',*,*,#2604,.T.);
#1976=ORIENTED_EDGE('',*,*,#2605,.T.);
#1977=ORIENTED_EDGE('',*,*,#2606,.F.);
#1978=ORIENTED_EDGE('',*,*,#2602,.F.);
#1979=ORIENTED_EDGE('',*,*,#2607,.T.);
#1980=ORIENTED_EDGE('',*,*,#2608,.T.);
#1981=ORIENTED_EDGE('',*,*,#2600,.T.);
#1982=ORIENTED_EDGE('',*,*,#2609,.F.);
#1983=ORIENTED_EDGE('',*,*,#2605,.F.);
#1984=ORIENTED_EDGE('',*,*,#2601,.F.);
#1985=ORIENTED_EDGE('',*,*,#2608,.F.);
#1986=ORIENTED_EDGE('',*,*,#2607,.F.);
#1987=ORIENTED_EDGE('',*,*,#2604,.F.);
#1988=ORIENTED_EDGE('',*,*,#2599,.T.);
#1989=ORIENTED_EDGE('',*,*,#2603,.T.);
#1990=ORIENTED_EDGE('',*,*,#2606,.T.);
#1991=ORIENTED_EDGE('',*,*,#2609,.T.);
#1992=ORIENTED_EDGE('',*,*,#2610,.F.);
#1993=ORIENTED_EDGE('',*,*,#2611,.F.);
#1994=ORIENTED_EDGE('',*,*,#2612,.T.);
#1995=ORIENTED_EDGE('',*,*,#2613,.T.);
#1996=ORIENTED_EDGE('',*,*,#2614,.T.);
#1997=ORIENTED_EDGE('',*,*,#2615,.F.);
#1998=ORIENTED_EDGE('',*,*,#2616,.F.);
#1999=ORIENTED_EDGE('',*,*,#2611,.T.);
#2000=ORIENTED_EDGE('',*,*,#2617,.T.);
#2001=ORIENTED_EDGE('',*,*,#2618,.F.);
#2002=ORIENTED_EDGE('',*,*,#2619,.F.);
#2003=ORIENTED_EDGE('',*,*,#2615,.T.);
#2004=ORIENTED_EDGE('',*,*,#2620,.F.);
#2005=ORIENTED_EDGE('',*,*,#2613,.F.);
#2006=ORIENTED_EDGE('',*,*,#2621,.T.);
#2007=ORIENTED_EDGE('',*,*,#2618,.T.);
#2008=ORIENTED_EDGE('',*,*,#2622,.T.);
#2009=ORIENTED_EDGE('',*,*,#2612,.F.);
#2010=ORIENTED_EDGE('',*,*,#2616,.T.);
#2011=ORIENTED_EDGE('',*,*,#2619,.T.);
#2012=ORIENTED_EDGE('',*,*,#2621,.F.);
#2013=ORIENTED_EDGE('',*,*,#2610,.T.);
#2014=ORIENTED_EDGE('',*,*,#2620,.T.);
#2015=ORIENTED_EDGE('',*,*,#2617,.F.);
#2016=ORIENTED_EDGE('',*,*,#2614,.F.);
#2017=ORIENTED_EDGE('',*,*,#2623,.T.);
#2018=ORIENTED_EDGE('',*,*,#2624,.F.);
#2019=ORIENTED_EDGE('',*,*,#2624,.T.);
#2020=ORIENTED_EDGE('',*,*,#2622,.F.);
#2021=ORIENTED_EDGE('',*,*,#2623,.F.);
#2022=ORIENTED_EDGE('',*,*,#2625,.F.);
#2023=ORIENTED_EDGE('',*,*,#2626,.F.);
#2024=ORIENTED_EDGE('',*,*,#2627,.T.);
#2025=ORIENTED_EDGE('',*,*,#2628,.T.);
#2026=ORIENTED_EDGE('',*,*,#2629,.F.);
#2027=ORIENTED_EDGE('',*,*,#2628,.F.);
#2028=ORIENTED_EDGE('',*,*,#2630,.T.);
#2029=ORIENTED_EDGE('',*,*,#2626,.T.);
#2030=ORIENTED_EDGE('',*,*,#2627,.F.);
#2031=ORIENTED_EDGE('',*,*,#2630,.F.);
#2032=ORIENTED_EDGE('',*,*,#2625,.T.);
#2033=ORIENTED_EDGE('',*,*,#2629,.T.);
#2034=ORIENTED_EDGE('',*,*,#2631,.F.);
#2035=ORIENTED_EDGE('',*,*,#2632,.T.);
#2036=ORIENTED_EDGE('',*,*,#2633,.T.);
#2037=ORIENTED_EDGE('',*,*,#2634,.F.);
#2038=ORIENTED_EDGE('',*,*,#2635,.F.);
#2039=ORIENTED_EDGE('',*,*,#2636,.F.);
#2040=ORIENTED_EDGE('',*,*,#2637,.F.);
#2041=ORIENTED_EDGE('',*,*,#2638,.T.);
#2042=ORIENTED_EDGE('',*,*,#2639,.F.);
#2043=ORIENTED_EDGE('',*,*,#2640,.F.);
#2044=ORIENTED_EDGE('',*,*,#2641,.F.);
#2045=ORIENTED_EDGE('',*,*,#2642,.T.);
#2046=ORIENTED_EDGE('',*,*,#2643,.F.);
#2047=ORIENTED_EDGE('',*,*,#2644,.T.);
#2048=ORIENTED_EDGE('',*,*,#2645,.T.);
#2049=ORIENTED_EDGE('',*,*,#2646,.F.);
#2050=ORIENTED_EDGE('',*,*,#2647,.F.);
#2051=ORIENTED_EDGE('',*,*,#2638,.F.);
#2052=ORIENTED_EDGE('',*,*,#2648,.F.);
#2053=ORIENTED_EDGE('',*,*,#2640,.T.);
#2054=ORIENTED_EDGE('',*,*,#2649,.F.);
#2055=ORIENTED_EDGE('',*,*,#2650,.F.);
#2056=ORIENTED_EDGE('',*,*,#2651,.F.);
#2057=ORIENTED_EDGE('',*,*,#2646,.T.);
#2058=ORIENTED_EDGE('',*,*,#2652,.T.);
#2059=ORIENTED_EDGE('',*,*,#2632,.F.);
#2060=ORIENTED_EDGE('',*,*,#2636,.T.);
#2061=ORIENTED_EDGE('',*,*,#2653,.F.);
#2062=ORIENTED_EDGE('',*,*,#2654,.F.);
#2063=ORIENTED_EDGE('',*,*,#2655,.F.);
#2064=ORIENTED_EDGE('',*,*,#2634,.T.);
#2065=ORIENTED_EDGE('',*,*,#2656,.T.);
#2066=ORIENTED_EDGE('',*,*,#2644,.F.);
#2067=ORIENTED_EDGE('',*,*,#2657,.F.);
#2068=ORIENTED_EDGE('',*,*,#2658,.F.);
#2069=ORIENTED_EDGE('',*,*,#2659,.F.);
#2070=ORIENTED_EDGE('',*,*,#2642,.F.);
#2071=ORIENTED_EDGE('',*,*,#2660,.F.);
#2072=ORIENTED_EDGE('',*,*,#2637,.T.);
#2073=ORIENTED_EDGE('',*,*,#2660,.T.);
#2074=ORIENTED_EDGE('',*,*,#2641,.T.);
#2075=ORIENTED_EDGE('',*,*,#2648,.T.);
#2076=ORIENTED_EDGE('',*,*,#2633,.F.);
#2077=ORIENTED_EDGE('',*,*,#2652,.F.);
#2078=ORIENTED_EDGE('',*,*,#2645,.F.);
#2079=ORIENTED_EDGE('',*,*,#2656,.F.);
#2080=ORIENTED_EDGE('',*,*,#2661,.T.);
#2081=ORIENTED_EDGE('',*,*,#2650,.T.);
#2082=ORIENTED_EDGE('',*,*,#2662,.F.);
#2083=ORIENTED_EDGE('',*,*,#2663,.F.);
#2084=ORIENTED_EDGE('',*,*,#2649,.T.);
#2085=ORIENTED_EDGE('',*,*,#2631,.T.);
#2086=ORIENTED_EDGE('',*,*,#2655,.T.);
#2087=ORIENTED_EDGE('',*,*,#2664,.F.);
#2088=ORIENTED_EDGE('',*,*,#2665,.F.);
#2089=ORIENTED_EDGE('',*,*,#2662,.T.);
#2090=ORIENTED_EDGE('',*,*,#2654,.T.);
#2091=ORIENTED_EDGE('',*,*,#2666,.F.);
#2092=ORIENTED_EDGE('',*,*,#2667,.F.);
#2093=ORIENTED_EDGE('',*,*,#2664,.T.);
#2094=ORIENTED_EDGE('',*,*,#2653,.T.);
#2095=ORIENTED_EDGE('',*,*,#2635,.T.);
#2096=ORIENTED_EDGE('',*,*,#2647,.T.);
#2097=ORIENTED_EDGE('',*,*,#2639,.T.);
#2098=ORIENTED_EDGE('',*,*,#2659,.T.);
#2099=ORIENTED_EDGE('',*,*,#2668,.F.);
#2100=ORIENTED_EDGE('',*,*,#2669,.F.);
#2101=ORIENTED_EDGE('',*,*,#2666,.T.);
#2102=ORIENTED_EDGE('',*,*,#2658,.T.);
#2103=ORIENTED_EDGE('',*,*,#2670,.F.);
#2104=ORIENTED_EDGE('',*,*,#2671,.F.);
#2105=ORIENTED_EDGE('',*,*,#2668,.T.);
#2106=ORIENTED_EDGE('',*,*,#2657,.T.);
#2107=ORIENTED_EDGE('',*,*,#2643,.T.);
#2108=ORIENTED_EDGE('',*,*,#2651,.T.);
#2109=ORIENTED_EDGE('',*,*,#2661,.F.);
#2110=ORIENTED_EDGE('',*,*,#2672,.F.);
#2111=ORIENTED_EDGE('',*,*,#2670,.T.);
#2112=ORIENTED_EDGE('',*,*,#2665,.T.);
#2113=ORIENTED_EDGE('',*,*,#2667,.T.);
#2114=ORIENTED_EDGE('',*,*,#2669,.T.);
#2115=ORIENTED_EDGE('',*,*,#2671,.T.);
#2116=ORIENTED_EDGE('',*,*,#2672,.T.);
#2117=ORIENTED_EDGE('',*,*,#2663,.T.);
#2118=EDGE_CURVE('',#2673,#2673,#3051,.T.);
#2119=EDGE_CURVE('',#2674,#2674,#3052,.T.);
#2120=EDGE_CURVE('',#2675,#2675,#3053,.F.);
#2121=EDGE_CURVE('',#2676,#2676,#3054,.T.);
#2122=EDGE_CURVE('',#2677,#2677,#3055,.T.);
#2123=EDGE_CURVE('',#2678,#2678,#3056,.T.);
#2124=EDGE_CURVE('',#2679,#2680,#134,.T.);
#2125=EDGE_CURVE('',#2680,#2681,#135,.T.);
#2126=EDGE_CURVE('',#2681,#2682,#136,.F.);
#2127=EDGE_CURVE('',#2679,#2682,#137,.T.);
#2128=EDGE_CURVE('',#2683,#2684,#138,.T.);
#2129=EDGE_CURVE('',#2684,#2685,#139,.T.);
#2130=EDGE_CURVE('',#2686,#2685,#140,.T.);
#2131=EDGE_CURVE('',#2683,#2686,#141,.T.);
#2132=EDGE_CURVE('',#2687,#2688,#142,.T.);
#2133=EDGE_CURVE('',#2688,#2680,#129,.F.);
#2134=EDGE_CURVE('',#2686,#2679,#143,.T.);
#2135=EDGE_CURVE('',#2685,#2687,#130,.F.);
#2136=EDGE_CURVE('',#2682,#2683,#3057,.T.);
#2137=EDGE_CURVE('',#2687,#2689,#144,.F.);
#2138=EDGE_CURVE('',#2689,#2688,#145,.F.);
#2139=EDGE_CURVE('',#2684,#2681,#3058,.T.);
#2140=EDGE_CURVE('',#2689,#2684,#3059,.T.);
#2141=EDGE_CURVE('',#2689,#2681,#3060,.F.);
#2142=EDGE_CURVE('',#2690,#2690,#3061,.T.);
#2143=EDGE_CURVE('',#2691,#2691,#3062,.T.);
#2144=EDGE_CURVE('',#2692,#2692,#3063,.T.);
#2145=EDGE_CURVE('',#2693,#2694,#146,.T.);
#2146=EDGE_CURVE('',#2694,#2695,#147,.F.);
#2147=EDGE_CURVE('',#2696,#2695,#148,.T.);
#2148=EDGE_CURVE('',#2696,#2693,#149,.T.);
#2149=EDGE_CURVE('',#2697,#2698,#150,.T.);
#2150=EDGE_CURVE('',#2697,#2699,#151,.T.);
#2151=EDGE_CURVE('',#2699,#2700,#152,.T.);
#2152=EDGE_CURVE('',#2700,#2698,#153,.T.);
#2153=EDGE_CURVE('',#2701,#2696,#154,.T.);
#2154=EDGE_CURVE('',#2701,#2697,#155,.T.);
#2155=EDGE_CURVE('',#2698,#2693,#156,.T.);
#2156=EDGE_CURVE('',#2695,#2702,#3064,.T.);
#2157=EDGE_CURVE('',#2702,#2701,#157,.T.);
#2158=EDGE_CURVE('',#2700,#2694,#3065,.F.);
#2159=EDGE_CURVE('',#2699,#2702,#131,.F.);
#2160=EDGE_CURVE('',#2703,#2704,#158,.T.);
#2161=EDGE_CURVE('',#2705,#2703,#159,.T.);
#2162=EDGE_CURVE('',#2705,#2706,#160,.T.);
#2163=EDGE_CURVE('',#2706,#2704,#161,.T.);
#2164=EDGE_CURVE('',#2703,#2707,#162,.T.);
#2165=EDGE_CURVE('',#2708,#2707,#163,.T.);
#2166=EDGE_CURVE('',#2705,#2708,#164,.T.);
#2167=EDGE_CURVE('',#2707,#2709,#165,.T.);
#2168=EDGE_CURVE('',#2710,#2709,#166,.T.);
#2169=EDGE_CURVE('',#2708,#2710,#167,.T.);
#2170=EDGE_CURVE('',#2704,#2709,#168,.T.);
#2171=EDGE_CURVE('',#2706,#2710,#169,.T.);
#2172=EDGE_CURVE('',#2711,#2712,#170,.T.);
#2173=EDGE_CURVE('',#2713,#2711,#171,.T.);
#2174=EDGE_CURVE('',#2713,#2714,#172,.T.);
#2175=EDGE_CURVE('',#2714,#2712,#173,.T.);
#2176=EDGE_CURVE('',#2715,#2715,#3066,.F.);
#2177=EDGE_CURVE('',#2716,#2716,#3067,.F.);
#2178=EDGE_CURVE('',#2712,#2717,#174,.T.);
#2179=EDGE_CURVE('',#2717,#2718,#175,.T.);
#2180=EDGE_CURVE('',#2711,#2718,#176,.T.);
#2181=EDGE_CURVE('',#2714,#2719,#177,.T.);
#2182=EDGE_CURVE('',#2717,#2719,#178,.T.);
#2183=EDGE_CURVE('',#2713,#2720,#179,.T.);
#2184=EDGE_CURVE('',#2719,#2720,#180,.T.);
#2185=EDGE_CURVE('',#2718,#2720,#181,.T.);
#2186=EDGE_CURVE('',#2721,#2722,#182,.F.);
#2187=EDGE_CURVE('',#2722,#2723,#183,.T.);
#2188=EDGE_CURVE('',#2723,#2724,#184,.T.);
#2189=EDGE_CURVE('',#2721,#2724,#185,.T.);
#2190=EDGE_CURVE('',#2725,#2726,#186,.F.);
#2191=EDGE_CURVE('',#2726,#2727,#187,.T.);
#2192=EDGE_CURVE('',#2727,#2728,#188,.T.);
#2193=EDGE_CURVE('',#2728,#2725,#189,.T.);
#2194=EDGE_CURVE('',#2729,#2730,#190,.F.);
#2195=EDGE_CURVE('',#2730,#2731,#191,.T.);
#2196=EDGE_CURVE('',#2731,#2732,#192,.T.);
#2197=EDGE_CURVE('',#2732,#2729,#193,.T.);
#2198=EDGE_CURVE('',#2733,#2734,#194,.F.);
#2199=EDGE_CURVE('',#2734,#2735,#195,.T.);
#2200=EDGE_CURVE('',#2735,#2736,#196,.T.);
#2201=EDGE_CURVE('',#2733,#2736,#197,.T.);
#2202=EDGE_CURVE('',#2737,#2738,#198,.T.);
#2203=EDGE_CURVE('',#2738,#2739,#199,.T.);
#2204=EDGE_CURVE('',#2739,#2740,#200,.T.);
#2205=EDGE_CURVE('',#2740,#2737,#201,.T.);
#2206=EDGE_CURVE('',#2724,#2733,#3068,.F.);
#2207=EDGE_CURVE('',#2736,#2729,#3069,.F.);
#2208=EDGE_CURVE('',#2732,#2725,#3070,.F.);
#2209=EDGE_CURVE('',#2728,#2721,#3071,.F.);
#2210=EDGE_CURVE('',#2723,#2734,#3072,.F.);
#2211=EDGE_CURVE('',#2735,#2730,#3073,.F.);
#2212=EDGE_CURVE('',#2731,#2726,#3074,.F.);
#2213=EDGE_CURVE('',#2727,#2722,#3075,.F.);
#2214=EDGE_CURVE('',#2727,#2740,#202,.T.);
#2215=EDGE_CURVE('',#2737,#2726,#203,.T.);
#2216=EDGE_CURVE('',#2722,#2740,#204,.T.);
#2217=EDGE_CURVE('',#2737,#2731,#205,.T.);
#2218=EDGE_CURVE('',#2723,#2739,#206,.T.);
#2219=EDGE_CURVE('',#2738,#2730,#207,.T.);
#2220=EDGE_CURVE('',#2734,#2739,#208,.T.);
#2221=EDGE_CURVE('',#2738,#2735,#209,.T.);
#2222=EDGE_CURVE('',#2741,#2742,#3076,.T.);
#2223=EDGE_CURVE('',#2743,#2742,#210,.T.);
#2224=EDGE_CURVE('',#2744,#2743,#3077,.T.);
#2225=EDGE_CURVE('',#2744,#2741,#211,.T.);
#2226=EDGE_CURVE('',#2745,#2746,#3078,.T.);
#2227=EDGE_CURVE('',#2742,#2746,#212,.T.);
#2228=EDGE_CURVE('',#2741,#2745,#213,.T.);
#2229=EDGE_CURVE('',#2747,#2748,#3079,.T.);
#2230=EDGE_CURVE('',#2746,#2748,#214,.T.);
#2231=EDGE_CURVE('',#2745,#2747,#215,.T.);
#2232=EDGE_CURVE('',#2747,#2744,#216,.T.);
#2233=EDGE_CURVE('',#2748,#2743,#217,.T.);
#2234=EDGE_CURVE('',#2749,#2750,#218,.T.);
#2235=EDGE_CURVE('',#2751,#2749,#3080,.T.);
#2236=EDGE_CURVE('',#2752,#2751,#219,.F.);
#2237=EDGE_CURVE('',#2752,#2750,#3081,.T.);
#2238=EDGE_CURVE('',#2749,#2751,#3082,.T.);
#2239=EDGE_CURVE('',#2750,#2752,#3083,.T.);
#2240=EDGE_CURVE('',#2753,#2754,#220,.T.);
#2241=EDGE_CURVE('',#2755,#2754,#221,.T.);
#2242=EDGE_CURVE('',#2756,#2755,#222,.T.);
#2243=EDGE_CURVE('',#2756,#2753,#223,.T.);
#2244=EDGE_CURVE('',#2754,#2757,#224,.T.);
#2245=EDGE_CURVE('',#2758,#2757,#225,.T.);
#2246=EDGE_CURVE('',#2755,#2758,#226,.T.);
#2247=EDGE_CURVE('',#2757,#2759,#18,.T.);
#2248=EDGE_CURVE('',#2760,#2759,#227,.T.);
#2249=EDGE_CURVE('',#2758,#2760,#19,.T.);
#2250=EDGE_CURVE('',#2759,#2753,#228,.T.);
#2251=EDGE_CURVE('',#2760,#2756,#229,.T.);
#2252=EDGE_CURVE('',#2761,#2761,#3084,.T.);
#2253=EDGE_CURVE('',#2762,#2762,#3085,.T.);
#2254=EDGE_CURVE('',#2763,#2763,#3086,.T.);
#2255=EDGE_CURVE('',#2764,#2764,#3087,.T.);
#2256=EDGE_CURVE('',#2765,#2765,#3088,.T.);
#2257=EDGE_CURVE('',#2766,#2766,#20,.T.);
#2258=EDGE_CURVE('',#2767,#2767,#21,.T.);
#2259=EDGE_CURVE('',#2768,#2769,#3089,.T.);
#2260=EDGE_CURVE('',#2769,#2770,#230,.F.);
#2261=EDGE_CURVE('',#2771,#2770,#3090,.T.);
#2262=EDGE_CURVE('',#2771,#2768,#231,.T.);
#2263=EDGE_CURVE('',#2772,#2771,#232,.T.);
#2264=EDGE_CURVE('',#2772,#2773,#233,.T.);
#2265=EDGE_CURVE('',#2773,#2768,#234,.T.);
#2266=EDGE_CURVE('',#2770,#2772,#3091,.T.);
#2267=EDGE_CURVE('',#2773,#2769,#3092,.F.);
#2268=EDGE_CURVE('',#2774,#2775,#3093,.T.);
#2269=EDGE_CURVE('',#2776,#2775,#235,.T.);
#2270=EDGE_CURVE('',#2777,#2776,#3094,.T.);
#2271=EDGE_CURVE('',#2777,#2774,#236,.T.);
#2272=EDGE_CURVE('',#2775,#2778,#237,.T.);
#2273=EDGE_CURVE('',#2779,#2778,#238,.T.);
#2274=EDGE_CURVE('',#2776,#2779,#239,.T.);
#2275=EDGE_CURVE('',#2778,#2780,#22,.T.);
#2276=EDGE_CURVE('',#2781,#2780,#240,.T.);
#2277=EDGE_CURVE('',#2779,#2781,#23,.T.);
#2278=EDGE_CURVE('',#2780,#2782,#3095,.T.);
#2279=EDGE_CURVE('',#2783,#2782,#241,.T.);
#2280=EDGE_CURVE('',#2781,#2783,#3096,.T.);
#2281=EDGE_CURVE('',#2784,#2782,#24,.T.);
#2282=EDGE_CURVE('',#2785,#2784,#242,.T.);
#2283=EDGE_CURVE('',#2785,#2783,#25,.T.);
#2284=EDGE_CURVE('',#2784,#2786,#243,.T.);
#2285=EDGE_CURVE('',#2787,#2786,#244,.T.);
#2286=EDGE_CURVE('',#2785,#2787,#245,.T.);
#2287=EDGE_CURVE('',#2786,#2788,#3097,.T.);
#2288=EDGE_CURVE('',#2789,#2788,#246,.T.);
#2289=EDGE_CURVE('',#2787,#2789,#3098,.T.);
#2290=EDGE_CURVE('',#2788,#2790,#247,.T.);
#2291=EDGE_CURVE('',#2791,#2790,#248,.T.);
#2292=EDGE_CURVE('',#2789,#2791,#249,.T.);
#2293=EDGE_CURVE('',#2790,#2792,#26,.T.);
#2294=EDGE_CURVE('',#2793,#2792,#250,.T.);
#2295=EDGE_CURVE('',#2791,#2793,#27,.T.);
#2296=EDGE_CURVE('',#2792,#2794,#3099,.T.);
#2297=EDGE_CURVE('',#2795,#2794,#251,.T.);
#2298=EDGE_CURVE('',#2793,#2795,#3100,.T.);
#2299=EDGE_CURVE('',#2796,#2794,#28,.T.);
#2300=EDGE_CURVE('',#2797,#2796,#252,.T.);
#2301=EDGE_CURVE('',#2797,#2795,#29,.T.);
#2302=EDGE_CURVE('',#2796,#2798,#253,.T.);
#2303=EDGE_CURVE('',#2799,#2798,#254,.T.);
#2304=EDGE_CURVE('',#2797,#2799,#255,.T.);
#2305=EDGE_CURVE('',#2798,#2800,#3101,.T.);
#2306=EDGE_CURVE('',#2801,#2800,#256,.T.);
#2307=EDGE_CURVE('',#2799,#2801,#3102,.T.);
#2308=EDGE_CURVE('',#2800,#2802,#257,.T.);
#2309=EDGE_CURVE('',#2803,#2802,#258,.T.);
#2310=EDGE_CURVE('',#2801,#2803,#259,.T.);
#2311=EDGE_CURVE('',#2802,#2804,#30,.T.);
#2312=EDGE_CURVE('',#2805,#2804,#260,.T.);
#2313=EDGE_CURVE('',#2803,#2805,#31,.T.);
#2314=EDGE_CURVE('',#2804,#2806,#3103,.T.);
#2315=EDGE_CURVE('',#2807,#2806,#261,.T.);
#2316=EDGE_CURVE('',#2805,#2807,#3104,.T.);
#2317=EDGE_CURVE('',#2808,#2806,#32,.T.);
#2318=EDGE_CURVE('',#2809,#2808,#262,.T.);
#2319=EDGE_CURVE('',#2809,#2807,#33,.T.);
#2320=EDGE_CURVE('',#2808,#2810,#263,.T.);
#2321=EDGE_CURVE('',#2811,#2810,#264,.T.);
#2322=EDGE_CURVE('',#2809,#2811,#265,.T.);
#2323=EDGE_CURVE('',#2810,#2812,#3105,.T.);
#2324=EDGE_CURVE('',#2813,#2812,#266,.T.);
#2325=EDGE_CURVE('',#2811,#2813,#3106,.T.);
#2326=EDGE_CURVE('',#2812,#2814,#267,.T.);
#2327=EDGE_CURVE('',#2815,#2814,#268,.T.);
#2328=EDGE_CURVE('',#2813,#2815,#269,.T.);
#2329=EDGE_CURVE('',#2814,#2816,#34,.T.);
#2330=EDGE_CURVE('',#2817,#2816,#270,.T.);
#2331=EDGE_CURVE('',#2815,#2817,#35,.T.);
#2332=EDGE_CURVE('',#2816,#2818,#3107,.T.);
#2333=EDGE_CURVE('',#2819,#2818,#271,.T.);
#2334=EDGE_CURVE('',#2817,#2819,#3108,.T.);
#2335=EDGE_CURVE('',#2820,#2818,#36,.T.);
#2336=EDGE_CURVE('',#2821,#2820,#272,.T.);
#2337=EDGE_CURVE('',#2821,#2819,#37,.T.);
#2338=EDGE_CURVE('',#2820,#2822,#273,.T.);
#2339=EDGE_CURVE('',#2823,#2822,#274,.T.);
#2340=EDGE_CURVE('',#2821,#2823,#275,.T.);
#2341=EDGE_CURVE('',#2822,#2824,#3109,.T.);
#2342=EDGE_CURVE('',#2825,#2824,#276,.T.);
#2343=EDGE_CURVE('',#2823,#2825,#3110,.T.);
#2344=EDGE_CURVE('',#2824,#2826,#277,.T.);
#2345=EDGE_CURVE('',#2827,#2826,#278,.T.);
#2346=EDGE_CURVE('',#2825,#2827,#279,.T.);
#2347=EDGE_CURVE('',#2826,#2828,#38,.T.);
#2348=EDGE_CURVE('',#2829,#2828,#280,.T.);
#2349=EDGE_CURVE('',#2827,#2829,#39,.T.);
#2350=EDGE_CURVE('',#2828,#2830,#3111,.T.);
#2351=EDGE_CURVE('',#2831,#2830,#281,.T.);
#2352=EDGE_CURVE('',#2829,#2831,#3112,.T.);
#2353=EDGE_CURVE('',#2832,#2830,#40,.T.);
#2354=EDGE_CURVE('',#2833,#2832,#282,.T.);
#2355=EDGE_CURVE('',#2833,#2831,#41,.T.);
#2356=EDGE_CURVE('',#2832,#2834,#283,.T.);
#2357=EDGE_CURVE('',#2835,#2834,#284,.T.);
#2358=EDGE_CURVE('',#2833,#2835,#285,.T.);
#2359=EDGE_CURVE('',#2834,#2836,#3113,.T.);
#2360=EDGE_CURVE('',#2837,#2836,#286,.T.);
#2361=EDGE_CURVE('',#2835,#2837,#3114,.T.);
#2362=EDGE_CURVE('',#2836,#2838,#287,.T.);
#2363=EDGE_CURVE('',#2839,#2838,#288,.T.);
#2364=EDGE_CURVE('',#2837,#2839,#289,.T.);
#2365=EDGE_CURVE('',#2838,#2840,#42,.T.);
#2366=EDGE_CURVE('',#2841,#2840,#290,.T.);
#2367=EDGE_CURVE('',#2839,#2841,#43,.T.);
#2368=EDGE_CURVE('',#2840,#2842,#3115,.T.);
#2369=EDGE_CURVE('',#2843,#2842,#291,.T.);
#2370=EDGE_CURVE('',#2841,#2843,#3116,.T.);
#2371=EDGE_CURVE('',#2844,#2842,#44,.T.);
#2372=EDGE_CURVE('',#2845,#2844,#292,.T.);
#2373=EDGE_CURVE('',#2845,#2843,#45,.T.);
#2374=EDGE_CURVE('',#2844,#2846,#293,.T.);
#2375=EDGE_CURVE('',#2847,#2846,#294,.T.);
#2376=EDGE_CURVE('',#2845,#2847,#295,.T.);
#2377=EDGE_CURVE('',#2846,#2848,#3117,.T.);
#2378=EDGE_CURVE('',#2849,#2848,#296,.T.);
#2379=EDGE_CURVE('',#2847,#2849,#3118,.T.);
#2380=EDGE_CURVE('',#2848,#2850,#297,.T.);
#2381=EDGE_CURVE('',#2851,#2850,#298,.T.);
#2382=EDGE_CURVE('',#2849,#2851,#299,.T.);
#2383=EDGE_CURVE('',#2850,#2852,#46,.T.);
#2384=EDGE_CURVE('',#2853,#2852,#300,.T.);
#2385=EDGE_CURVE('',#2851,#2853,#47,.T.);
#2386=EDGE_CURVE('',#2852,#2854,#3119,.T.);
#2387=EDGE_CURVE('',#2855,#2854,#301,.T.);
#2388=EDGE_CURVE('',#2853,#2855,#3120,.T.);
#2389=EDGE_CURVE('',#2856,#2854,#48,.T.);
#2390=EDGE_CURVE('',#2857,#2856,#302,.T.);
#2391=EDGE_CURVE('',#2857,#2855,#49,.T.);
#2392=EDGE_CURVE('',#2856,#2858,#303,.T.);
#2393=EDGE_CURVE('',#2859,#2858,#304,.T.);
#2394=EDGE_CURVE('',#2857,#2859,#305,.T.);
#2395=EDGE_CURVE('',#2858,#2860,#3121,.T.);
#2396=EDGE_CURVE('',#2861,#2860,#306,.T.);
#2397=EDGE_CURVE('',#2859,#2861,#3122,.T.);
#2398=EDGE_CURVE('',#2860,#2862,#307,.T.);
#2399=EDGE_CURVE('',#2863,#2862,#308,.T.);
#2400=EDGE_CURVE('',#2861,#2863,#309,.T.);
#2401=EDGE_CURVE('',#2862,#2864,#50,.T.);
#2402=EDGE_CURVE('',#2865,#2864,#310,.T.);
#2403=EDGE_CURVE('',#2863,#2865,#51,.T.);
#2404=EDGE_CURVE('',#2864,#2866,#3123,.T.);
#2405=EDGE_CURVE('',#2867,#2866,#311,.T.);
#2406=EDGE_CURVE('',#2865,#2867,#3124,.T.);
#2407=EDGE_CURVE('',#2868,#2866,#52,.T.);
#2408=EDGE_CURVE('',#2869,#2868,#312,.T.);
#2409=EDGE_CURVE('',#2869,#2867,#53,.T.);
#2410=EDGE_CURVE('',#2868,#2870,#313,.T.);
#2411=EDGE_CURVE('',#2871,#2870,#314,.T.);
#2412=EDGE_CURVE('',#2869,#2871,#315,.T.);
#2413=EDGE_CURVE('',#2870,#2872,#3125,.T.);
#2414=EDGE_CURVE('',#2873,#2872,#316,.T.);
#2415=EDGE_CURVE('',#2871,#2873,#3126,.T.);
#2416=EDGE_CURVE('',#2872,#2874,#317,.T.);
#2417=EDGE_CURVE('',#2875,#2874,#318,.T.);
#2418=EDGE_CURVE('',#2873,#2875,#319,.T.);
#2419=EDGE_CURVE('',#2874,#2876,#54,.T.);
#2420=EDGE_CURVE('',#2877,#2876,#320,.T.);
#2421=EDGE_CURVE('',#2875,#2877,#55,.T.);
#2422=EDGE_CURVE('',#2876,#2878,#3127,.T.);
#2423=EDGE_CURVE('',#2879,#2878,#321,.T.);
#2424=EDGE_CURVE('',#2877,#2879,#3128,.T.);
#2425=EDGE_CURVE('',#2880,#2878,#56,.T.);
#2426=EDGE_CURVE('',#2881,#2880,#322,.T.);
#2427=EDGE_CURVE('',#2881,#2879,#57,.T.);
#2428=EDGE_CURVE('',#2880,#2882,#323,.T.);
#2429=EDGE_CURVE('',#2883,#2882,#324,.T.);
#2430=EDGE_CURVE('',#2881,#2883,#325,.T.);
#2431=EDGE_CURVE('',#2882,#2884,#3129,.T.);
#2432=EDGE_CURVE('',#2885,#2884,#326,.T.);
#2433=EDGE_CURVE('',#2883,#2885,#3130,.T.);
#2434=EDGE_CURVE('',#2884,#2886,#327,.T.);
#2435=EDGE_CURVE('',#2887,#2886,#328,.T.);
#2436=EDGE_CURVE('',#2885,#2887,#329,.T.);
#2437=EDGE_CURVE('',#2886,#2888,#58,.T.);
#2438=EDGE_CURVE('',#2889,#2888,#330,.T.);
#2439=EDGE_CURVE('',#2887,#2889,#59,.T.);
#2440=EDGE_CURVE('',#2888,#2890,#3131,.T.);
#2441=EDGE_CURVE('',#2891,#2890,#331,.T.);
#2442=EDGE_CURVE('',#2889,#2891,#3132,.T.);
#2443=EDGE_CURVE('',#2892,#2890,#60,.T.);
#2444=EDGE_CURVE('',#2893,#2892,#332,.T.);
#2445=EDGE_CURVE('',#2893,#2891,#61,.T.);
#2446=EDGE_CURVE('',#2892,#2894,#333,.T.);
#2447=EDGE_CURVE('',#2895,#2894,#334,.T.);
#2448=EDGE_CURVE('',#2893,#2895,#335,.T.);
#2449=EDGE_CURVE('',#2894,#2896,#3133,.T.);
#2450=EDGE_CURVE('',#2897,#2896,#336,.T.);
#2451=EDGE_CURVE('',#2895,#2897,#3134,.T.);
#2452=EDGE_CURVE('',#2896,#2898,#337,.T.);
#2453=EDGE_CURVE('',#2899,#2898,#338,.T.);
#2454=EDGE_CURVE('',#2897,#2899,#339,.T.);
#2455=EDGE_CURVE('',#2898,#2900,#62,.T.);
#2456=EDGE_CURVE('',#2901,#2900,#340,.T.);
#2457=EDGE_CURVE('',#2899,#2901,#63,.T.);
#2458=EDGE_CURVE('',#2900,#2902,#3135,.T.);
#2459=EDGE_CURVE('',#2903,#2902,#341,.T.);
#2460=EDGE_CURVE('',#2901,#2903,#3136,.T.);
#2461=EDGE_CURVE('',#2904,#2902,#64,.T.);
#2462=EDGE_CURVE('',#2905,#2904,#342,.T.);
#2463=EDGE_CURVE('',#2905,#2903,#65,.T.);
#2464=EDGE_CURVE('',#2904,#2906,#343,.T.);
#2465=EDGE_CURVE('',#2907,#2906,#344,.T.);
#2466=EDGE_CURVE('',#2905,#2907,#345,.T.);
#2467=EDGE_CURVE('',#2906,#2908,#3137,.T.);
#2468=EDGE_CURVE('',#2909,#2908,#346,.T.);
#2469=EDGE_CURVE('',#2907,#2909,#3138,.T.);
#2470=EDGE_CURVE('',#2908,#2910,#347,.T.);
#2471=EDGE_CURVE('',#2911,#2910,#348,.T.);
#2472=EDGE_CURVE('',#2909,#2911,#349,.T.);
#2473=EDGE_CURVE('',#2910,#2912,#66,.T.);
#2474=EDGE_CURVE('',#2913,#2912,#350,.T.);
#2475=EDGE_CURVE('',#2911,#2913,#67,.T.);
#2476=EDGE_CURVE('',#2912,#2914,#3139,.T.);
#2477=EDGE_CURVE('',#2915,#2914,#351,.T.);
#2478=EDGE_CURVE('',#2913,#2915,#3140,.T.);
#2479=EDGE_CURVE('',#2916,#2914,#68,.T.);
#2480=EDGE_CURVE('',#2917,#2916,#352,.T.);
#2481=EDGE_CURVE('',#2917,#2915,#69,.T.);
#2482=EDGE_CURVE('',#2916,#2918,#353,.T.);
#2483=EDGE_CURVE('',#2919,#2918,#354,.T.);
#2484=EDGE_CURVE('',#2917,#2919,#355,.T.);
#2485=EDGE_CURVE('',#2918,#2920,#3141,.T.);
#2486=EDGE_CURVE('',#2921,#2920,#356,.T.);
#2487=EDGE_CURVE('',#2919,#2921,#3142,.T.);
#2488=EDGE_CURVE('',#2920,#2922,#357,.T.);
#2489=EDGE_CURVE('',#2923,#2922,#358,.T.);
#2490=EDGE_CURVE('',#2921,#2923,#359,.T.);
#2491=EDGE_CURVE('',#2922,#2924,#70,.T.);
#2492=EDGE_CURVE('',#2925,#2924,#360,.T.);
#2493=EDGE_CURVE('',#2923,#2925,#71,.T.);
#2494=EDGE_CURVE('',#2924,#2926,#3143,.T.);
#2495=EDGE_CURVE('',#2927,#2926,#361,.T.);
#2496=EDGE_CURVE('',#2925,#2927,#3144,.T.);
#2497=EDGE_CURVE('',#2928,#2926,#72,.T.);
#2498=EDGE_CURVE('',#2929,#2928,#362,.T.);
#2499=EDGE_CURVE('',#2929,#2927,#73,.T.);
#2500=EDGE_CURVE('',#2928,#2930,#363,.T.);
#2501=EDGE_CURVE('',#2931,#2930,#364,.T.);
#2502=EDGE_CURVE('',#2929,#2931,#365,.T.);
#2503=EDGE_CURVE('',#2930,#2932,#3145,.T.);
#2504=EDGE_CURVE('',#2933,#2932,#366,.T.);
#2505=EDGE_CURVE('',#2931,#2933,#3146,.T.);
#2506=EDGE_CURVE('',#2932,#2934,#367,.T.);
#2507=EDGE_CURVE('',#2935,#2934,#368,.T.);
#2508=EDGE_CURVE('',#2933,#2935,#369,.T.);
#2509=EDGE_CURVE('',#2934,#2936,#74,.T.);
#2510=EDGE_CURVE('',#2937,#2936,#370,.T.);
#2511=EDGE_CURVE('',#2935,#2937,#75,.T.);
#2512=EDGE_CURVE('',#2936,#2938,#3147,.T.);
#2513=EDGE_CURVE('',#2939,#2938,#371,.T.);
#2514=EDGE_CURVE('',#2937,#2939,#3148,.T.);
#2515=EDGE_CURVE('',#2940,#2938,#76,.T.);
#2516=EDGE_CURVE('',#2941,#2940,#372,.T.);
#2517=EDGE_CURVE('',#2941,#2939,#77,.T.);
#2518=EDGE_CURVE('',#2940,#2942,#373,.T.);
#2519=EDGE_CURVE('',#2943,#2942,#374,.T.);
#2520=EDGE_CURVE('',#2941,#2943,#375,.T.);
#2521=EDGE_CURVE('',#2942,#2944,#3149,.T.);
#2522=EDGE_CURVE('',#2945,#2944,#376,.T.);
#2523=EDGE_CURVE('',#2943,#2945,#3150,.T.);
#2524=EDGE_CURVE('',#2944,#2946,#377,.T.);
#2525=EDGE_CURVE('',#2947,#2946,#378,.T.);
#2526=EDGE_CURVE('',#2945,#2947,#379,.T.);
#2527=EDGE_CURVE('',#2946,#2948,#78,.T.);
#2528=EDGE_CURVE('',#2949,#2948,#380,.T.);
#2529=EDGE_CURVE('',#2947,#2949,#79,.T.);
#2530=EDGE_CURVE('',#2948,#2950,#3151,.T.);
#2531=EDGE_CURVE('',#2951,#2950,#381,.T.);
#2532=EDGE_CURVE('',#2949,#2951,#3152,.T.);
#2533=EDGE_CURVE('',#2952,#2950,#80,.T.);
#2534=EDGE_CURVE('',#2953,#2952,#382,.T.);
#2535=EDGE_CURVE('',#2953,#2951,#81,.T.);
#2536=EDGE_CURVE('',#2952,#2954,#383,.T.);
#2537=EDGE_CURVE('',#2955,#2954,#384,.T.);
#2538=EDGE_CURVE('',#2953,#2955,#385,.T.);
#2539=EDGE_CURVE('',#2954,#2956,#3153,.T.);
#2540=EDGE_CURVE('',#2957,#2956,#386,.T.);
#2541=EDGE_CURVE('',#2955,#2957,#3154,.T.);
#2542=EDGE_CURVE('',#2956,#2958,#387,.T.);
#2543=EDGE_CURVE('',#2959,#2958,#388,.T.);
#2544=EDGE_CURVE('',#2957,#2959,#389,.T.);
#2545=EDGE_CURVE('',#2958,#2960,#82,.T.);
#2546=EDGE_CURVE('',#2961,#2960,#390,.T.);
#2547=EDGE_CURVE('',#2959,#2961,#83,.T.);
#2548=EDGE_CURVE('',#2960,#2962,#3155,.T.);
#2549=EDGE_CURVE('',#2963,#2962,#391,.T.);
#2550=EDGE_CURVE('',#2961,#2963,#3156,.T.);
#2551=EDGE_CURVE('',#2964,#2962,#84,.T.);
#2552=EDGE_CURVE('',#2965,#2964,#392,.T.);
#2553=EDGE_CURVE('',#2965,#2963,#85,.T.);
#2554=EDGE_CURVE('',#2964,#2774,#393,.T.);
#2555=EDGE_CURVE('',#2965,#2777,#394,.T.);
#2556=EDGE_CURVE('',#2966,#2966,#3157,.T.);
#2557=EDGE_CURVE('',#2967,#2967,#3158,.T.);
#2558=EDGE_CURVE('',#2968,#2968,#3159,.T.);
#2559=EDGE_CURVE('',#2969,#2969,#3160,.T.);
#2560=EDGE_CURVE('',#2970,#2971,#395,.T.);
#2561=EDGE_CURVE('',#2972,#2970,#396,.T.);
#2562=EDGE_CURVE('',#2972,#2973,#397,.T.);
#2563=EDGE_CURVE('',#2973,#2971,#398,.T.);
#2564=EDGE_CURVE('',#2970,#2974,#399,.T.);
#2565=EDGE_CURVE('',#2975,#2974,#400,.T.);
#2566=EDGE_CURVE('',#2972,#2975,#401,.T.);
#2567=EDGE_CURVE('',#2974,#2976,#402,.T.);
#2568=EDGE_CURVE('',#2977,#2976,#403,.T.);
#2569=EDGE_CURVE('',#2975,#2977,#404,.T.);
#2570=EDGE_CURVE('',#2971,#2976,#405,.T.);
#2571=EDGE_CURVE('',#2973,#2977,#406,.T.);
#2572=EDGE_CURVE('',#2978,#2978,#3161,.T.);
#2573=EDGE_CURVE('',#2979,#2979,#3162,.T.);
#2574=EDGE_CURVE('',#2980,#2980,#3163,.T.);
#2575=EDGE_CURVE('',#2981,#2981,#3164,.T.);
#2576=EDGE_CURVE('',#2982,#2982,#3165,.T.);
#2577=EDGE_CURVE('',#2983,#2984,#132,.F.);
#2578=EDGE_CURVE('',#2984,#2983,#133,.T.);
#2579=EDGE_CURVE('',#2985,#2985,#3166,.T.);
#2580=EDGE_CURVE('',#2986,#2986,#3167,.T.);
#2581=EDGE_CURVE('',#2987,#2987,#3168,.T.);
#2582=EDGE_CURVE('',#2988,#2988,#86,.T.);
#2583=EDGE_CURVE('',#2989,#2989,#87,.T.);
#2584=EDGE_CURVE('',#2990,#2991,#407,.T.);
#2585=EDGE_CURVE('',#2992,#2990,#408,.T.);
#2586=EDGE_CURVE('',#2992,#2993,#409,.T.);
#2587=EDGE_CURVE('',#2993,#2991,#410,.T.);
#2588=EDGE_CURVE('',#2994,#2994,#3169,.T.);
#2589=EDGE_CURVE('',#2991,#2995,#411,.T.);
#2590=EDGE_CURVE('',#2993,#2996,#412,.T.);
#2591=EDGE_CURVE('',#2996,#2995,#413,.T.);
#2592=EDGE_CURVE('',#2995,#2997,#414,.T.);
#2593=EDGE_CURVE('',#2996,#2998,#415,.T.);
#2594=EDGE_CURVE('',#2998,#2997,#416,.T.);
#2595=EDGE_CURVE('',#2999,#2999,#3170,.T.);
#2596=EDGE_CURVE('',#2997,#2990,#417,.T.);
#2597=EDGE_CURVE('',#2998,#2992,#418,.T.);
#2598=EDGE_CURVE('',#3000,#3001,#3171,.T.);
#2599=EDGE_CURVE('',#3002,#3001,#419,.T.);
#2600=EDGE_CURVE('',#3003,#3002,#3172,.T.);
#2601=EDGE_CURVE('',#3003,#3000,#420,.T.);
#2602=EDGE_CURVE('',#3004,#3005,#3173,.T.);
#2603=EDGE_CURVE('',#3001,#3005,#421,.T.);
#2604=EDGE_CURVE('',#3000,#3004,#422,.T.);
#2605=EDGE_CURVE('',#3006,#3007,#3174,.T.);
#2606=EDGE_CURVE('',#3005,#3007,#423,.T.);
#2607=EDGE_CURVE('',#3004,#3006,#424,.T.);
#2608=EDGE_CURVE('',#3006,#3003,#425,.T.);
#2609=EDGE_CURVE('',#3007,#3002,#426,.T.);
#2610=EDGE_CURVE('',#3008,#3009,#427,.T.);
#2611=EDGE_CURVE('',#3010,#3008,#428,.T.);
#2612=EDGE_CURVE('',#3010,#3011,#429,.T.);
#2613=EDGE_CURVE('',#3011,#3009,#430,.T.);
#2614=EDGE_CURVE('',#3008,#3012,#431,.T.);
#2615=EDGE_CURVE('',#3013,#3012,#432,.T.);
#2616=EDGE_CURVE('',#3010,#3013,#433,.T.);
#2617=EDGE_CURVE('',#3012,#3014,#434,.T.);
#2618=EDGE_CURVE('',#3015,#3014,#435,.T.);
#2619=EDGE_CURVE('',#3013,#3015,#436,.T.);
#2620=EDGE_CURVE('',#3009,#3014,#437,.T.);
#2621=EDGE_CURVE('',#3011,#3015,#438,.T.);
#2622=EDGE_CURVE('',#3016,#3016,#3175,.F.);
#2623=EDGE_CURVE('',#3017,#3017,#3176,.T.);
#2624=EDGE_CURVE('',#3018,#3018,#3177,.T.);
#2625=EDGE_CURVE('',#3019,#3020,#88,.T.);
#2626=EDGE_CURVE('',#3021,#3019,#439,.T.);
#2627=EDGE_CURVE('',#3021,#3022,#89,.T.);
#2628=EDGE_CURVE('',#3022,#3020,#440,.T.);
#2629=EDGE_CURVE('',#3020,#3019,#441,.T.);
#2630=EDGE_CURVE('',#3022,#3021,#442,.T.);
#2631=EDGE_CURVE('',#3023,#3024,#443,.T.);
#2632=EDGE_CURVE('',#3023,#3025,#444,.T.);
#2633=EDGE_CURVE('',#3025,#3026,#445,.T.);
#2634=EDGE_CURVE('',#3024,#3026,#446,.T.);
#2635=EDGE_CURVE('',#3027,#3028,#447,.T.);
#2636=EDGE_CURVE('',#3029,#3027,#448,.T.);
#2637=EDGE_CURVE('',#3030,#3029,#449,.T.);
#2638=EDGE_CURVE('',#3030,#3028,#450,.T.);
#2639=EDGE_CURVE('',#3031,#3032,#451,.T.);
#2640=EDGE_CURVE('',#3033,#3031,#452,.T.);
#2641=EDGE_CURVE('',#3034,#3033,#453,.T.);
#2642=EDGE_CURVE('',#3034,#3032,#454,.T.);
#2643=EDGE_CURVE('',#3035,#3036,#455,.T.);
#2644=EDGE_CURVE('',#3035,#3037,#456,.T.);
#2645=EDGE_CURVE('',#3037,#3038,#457,.T.);
#2646=EDGE_CURVE('',#3036,#3038,#458,.T.);
#2647=EDGE_CURVE('',#3028,#3031,#3178,.T.);
#2648=EDGE_CURVE('',#3033,#3030,#3179,.T.);
#2649=EDGE_CURVE('',#3039,#3023,#3180,.T.);
#2650=EDGE_CURVE('',#3040,#3039,#459,.T.);
#2651=EDGE_CURVE('',#3036,#3040,#3181,.T.);
#2652=EDGE_CURVE('',#3038,#3025,#3182,.T.);
#2653=EDGE_CURVE('',#3041,#3027,#460,.T.);
#2654=EDGE_CURVE('',#3042,#3041,#461,.T.);
#2655=EDGE_CURVE('',#3024,#3042,#462,.T.);
#2656=EDGE_CURVE('',#3026,#3037,#463,.T.);
#2657=EDGE_CURVE('',#3043,#3035,#464,.T.);
#2658=EDGE_CURVE('',#3044,#3043,#465,.T.);
#2659=EDGE_CURVE('',#3032,#3044,#466,.T.);
#2660=EDGE_CURVE('',#3029,#3034,#467,.T.);
#2661=EDGE_CURVE('',#3045,#3040,#468,.T.);
#2662=EDGE_CURVE('',#3046,#3039,#469,.T.);
#2663=EDGE_CURVE('',#3045,#3046,#470,.T.);
#2664=EDGE_CURVE('',#3047,#3042,#471,.T.);
#2665=EDGE_CURVE('',#3046,#3047,#472,.T.);
#2666=EDGE_CURVE('',#3048,#3041,#473,.T.);
#2667=EDGE_CURVE('',#3047,#3048,#474,.T.);
#2668=EDGE_CURVE('',#3049,#3044,#475,.T.);
#2669=EDGE_CURVE('',#3048,#3049,#476,.T.);
#2670=EDGE_CURVE('',#3050,#3043,#477,.T.);
#2671=EDGE_CURVE('',#3049,#3050,#478,.T.);
#2672=EDGE_CURVE('',#3050,#3045,#479,.T.);
#2673=VERTEX_POINT('',#5759);
#2674=VERTEX_POINT('',#5761);
#2675=VERTEX_POINT('',#5764);
#2676=VERTEX_POINT('',#5767);
#2677=VERTEX_POINT('',#5770);
#2678=VERTEX_POINT('',#5773);
#2679=VERTEX_POINT('',#5778);
#2680=VERTEX_POINT('',#5779);
#2681=VERTEX_POINT('',#5781);
#2682=VERTEX_POINT('',#5783);
#2683=VERTEX_POINT('',#5787);
#2684=VERTEX_POINT('',#5788);
#2685=VERTEX_POINT('',#5790);
#2686=VERTEX_POINT('',#5792);
#2687=VERTEX_POINT('',#5796);
#2688=VERTEX_POINT('',#5797);
#2689=VERTEX_POINT('',#5805);
#2690=VERTEX_POINT('',#5817);
#2691=VERTEX_POINT('',#5820);
#2692=VERTEX_POINT('',#5823);
#2693=VERTEX_POINT('',#5828);
#2694=VERTEX_POINT('',#5829);
#2695=VERTEX_POINT('',#5831);
#2696=VERTEX_POINT('',#5833);
#2697=VERTEX_POINT('',#5837);
#2698=VERTEX_POINT('',#5838);
#2699=VERTEX_POINT('',#5840);
#2700=VERTEX_POINT('',#5842);
#2701=VERTEX_POINT('',#5846);
#2702=VERTEX_POINT('',#5851);
#2703=VERTEX_POINT('',#5861);
#2704=VERTEX_POINT('',#5862);
#2705=VERTEX_POINT('',#5864);
#2706=VERTEX_POINT('',#5866);
#2707=VERTEX_POINT('',#5870);
#2708=VERTEX_POINT('',#5872);
#2709=VERTEX_POINT('',#5876);
#2710=VERTEX_POINT('',#5878);
#2711=VERTEX_POINT('',#5885);
#2712=VERTEX_POINT('',#5886);
#2713=VERTEX_POINT('',#5888);
#2714=VERTEX_POINT('',#5890);
#2715=VERTEX_POINT('',#5893);
#2716=VERTEX_POINT('',#5896);
#2717=VERTEX_POINT('',#5900);
#2718=VERTEX_POINT('',#5902);
#2719=VERTEX_POINT('',#5906);
#2720=VERTEX_POINT('',#5910);
#2721=VERTEX_POINT('',#5918);
#2722=VERTEX_POINT('',#5919);
#2723=VERTEX_POINT('',#5921);
#2724=VERTEX_POINT('',#5923);
#2725=VERTEX_POINT('',#5927);
#2726=VERTEX_POINT('',#5928);
#2727=VERTEX_POINT('',#5930);
#2728=VERTEX_POINT('',#5932);
#2729=VERTEX_POINT('',#5936);
#2730=VERTEX_POINT('',#5937);
#2731=VERTEX_POINT('',#5939);
#2732=VERTEX_POINT('',#5941);
#2733=VERTEX_POINT('',#5945);
#2734=VERTEX_POINT('',#5946);
#2735=VERTEX_POINT('',#5948);
#2736=VERTEX_POINT('',#5950);
#2737=VERTEX_POINT('',#5954);
#2738=VERTEX_POINT('',#5955);
#2739=VERTEX_POINT('',#5957);
#2740=VERTEX_POINT('',#5959);
#2741=VERTEX_POINT('',#5993);
#2742=VERTEX_POINT('',#5994);
#2743=VERTEX_POINT('',#5996);
#2744=VERTEX_POINT('',#5998);
#2745=VERTEX_POINT('',#6002);
#2746=VERTEX_POINT('',#6003);
#2747=VERTEX_POINT('',#6008);
#2748=VERTEX_POINT('',#6009);
#2749=VERTEX_POINT('',#6020);
#2750=VERTEX_POINT('',#6021);
#2751=VERTEX_POINT('',#6023);
#2752=VERTEX_POINT('',#6025);
#2753=VERTEX_POINT('',#6035);
#2754=VERTEX_POINT('',#6036);
#2755=VERTEX_POINT('',#6038);
#2756=VERTEX_POINT('',#6040);
#2757=VERTEX_POINT('',#6044);
#2758=VERTEX_POINT('',#6046);
#2759=VERTEX_POINT('',#6072);
#2760=VERTEX_POINT('',#6074);
#2761=VERTEX_POINT('',#6091);
#2762=VERTEX_POINT('',#6093);
#2763=VERTEX_POINT('',#6096);
#2764=VERTEX_POINT('',#6102);
#2765=VERTEX_POINT('',#6104);
#2766=VERTEX_POINT('',#6122);
#2767=VERTEX_POINT('',#6140);
#2768=VERTEX_POINT('',#6147);
#2769=VERTEX_POINT('',#6148);
#2770=VERTEX_POINT('',#6150);
#2771=VERTEX_POINT('',#6152);
#2772=VERTEX_POINT('',#6156);
#2773=VERTEX_POINT('',#6158);
#2774=VERTEX_POINT('',#6168);
#2775=VERTEX_POINT('',#6169);
#2776=VERTEX_POINT('',#6171);
#2777=VERTEX_POINT('',#6173);
#2778=VERTEX_POINT('',#6177);
#2779=VERTEX_POINT('',#6179);
#2780=VERTEX_POINT('',#6193);
#2781=VERTEX_POINT('',#6195);
#2782=VERTEX_POINT('',#6202);
#2783=VERTEX_POINT('',#6204);
#2784=VERTEX_POINT('',#6218);
#2785=VERTEX_POINT('',#6220);
#2786=VERTEX_POINT('',#6227);
#2787=VERTEX_POINT('',#6229);
#2788=VERTEX_POINT('',#6233);
#2789=VERTEX_POINT('',#6235);
#2790=VERTEX_POINT('',#6239);
#2791=VERTEX_POINT('',#6241);
#2792=VERTEX_POINT('',#6255);
#2793=VERTEX_POINT('',#6257);
#2794=VERTEX_POINT('',#6264);
#2795=VERTEX_POINT('',#6266);
#2796=VERTEX_POINT('',#6280);
#2797=VERTEX_POINT('',#6282);
#2798=VERTEX_POINT('',#6289);
#2799=VERTEX_POINT('',#6291);
#2800=VERTEX_POINT('',#6295);
#2801=VERTEX_POINT('',#6297);
#2802=VERTEX_POINT('',#6301);
#2803=VERTEX_POINT('',#6303);
#2804=VERTEX_POINT('',#6317);
#2805=VERTEX_POINT('',#6319);
#2806=VERTEX_POINT('',#6326);
#2807=VERTEX_POINT('',#6328);
#2808=VERTEX_POINT('',#6342);
#2809=VERTEX_POINT('',#6344);
#2810=VERTEX_POINT('',#6351);
#2811=VERTEX_POINT('',#6353);
#2812=VERTEX_POINT('',#6357);
#2813=VERTEX_POINT('',#6359);
#2814=VERTEX_POINT('',#6363);
#2815=VERTEX_POINT('',#6365);
#2816=VERTEX_POINT('',#6379);
#2817=VERTEX_POINT('',#6381);
#2818=VERTEX_POINT('',#6388);
#2819=VERTEX_POINT('',#6390);
#2820=VERTEX_POINT('',#6404);
#2821=VERTEX_POINT('',#6406);
#2822=VERTEX_POINT('',#6413);
#2823=VERTEX_POINT('',#6415);
#2824=VERTEX_POINT('',#6419);
#2825=VERTEX_POINT('',#6421);
#2826=VERTEX_POINT('',#6425);
#2827=VERTEX_POINT('',#6427);
#2828=VERTEX_POINT('',#6441);
#2829=VERTEX_POINT('',#6443);
#2830=VERTEX_POINT('',#6450);
#2831=VERTEX_POINT('',#6452);
#2832=VERTEX_POINT('',#6466);
#2833=VERTEX_POINT('',#6468);
#2834=VERTEX_POINT('',#6475);
#2835=VERTEX_POINT('',#6477);
#2836=VERTEX_POINT('',#6481);
#2837=VERTEX_POINT('',#6483);
#2838=VERTEX_POINT('',#6487);
#2839=VERTEX_POINT('',#6489);
#2840=VERTEX_POINT('',#6503);
#2841=VERTEX_POINT('',#6505);
#2842=VERTEX_POINT('',#6512);
#2843=VERTEX_POINT('',#6514);
#2844=VERTEX_POINT('',#6528);
#2845=VERTEX_POINT('',#6530);
#2846=VERTEX_POINT('',#6537);
#2847=VERTEX_POINT('',#6539);
#2848=VERTEX_POINT('',#6543);
#2849=VERTEX_POINT('',#6545);
#2850=VERTEX_POINT('',#6549);
#2851=VERTEX_POINT('',#6551);
#2852=VERTEX_POINT('',#6565);
#2853=VERTEX_POINT('',#6567);
#2854=VERTEX_POINT('',#6574);
#2855=VERTEX_POINT('',#6576);
#2856=VERTEX_POINT('',#6590);
#2857=VERTEX_POINT('',#6592);
#2858=VERTEX_POINT('',#6599);
#2859=VERTEX_POINT('',#6601);
#2860=VERTEX_POINT('',#6605);
#2861=VERTEX_POINT('',#6607);
#2862=VERTEX_POINT('',#6611);
#2863=VERTEX_POINT('',#6613);
#2864=VERTEX_POINT('',#6627);
#2865=VERTEX_POINT('',#6629);
#2866=VERTEX_POINT('',#6636);
#2867=VERTEX_POINT('',#6638);
#2868=VERTEX_POINT('',#6652);
#2869=VERTEX_POINT('',#6654);
#2870=VERTEX_POINT('',#6661);
#2871=VERTEX_POINT('',#6663);
#2872=VERTEX_POINT('',#6667);
#2873=VERTEX_POINT('',#6669);
#2874=VERTEX_POINT('',#6673);
#2875=VERTEX_POINT('',#6675);
#2876=VERTEX_POINT('',#6689);
#2877=VERTEX_POINT('',#6691);
#2878=VERTEX_POINT('',#6698);
#2879=VERTEX_POINT('',#6700);
#2880=VERTEX_POINT('',#6714);
#2881=VERTEX_POINT('',#6716);
#2882=VERTEX_POINT('',#6723);
#2883=VERTEX_POINT('',#6725);
#2884=VERTEX_POINT('',#6729);
#2885=VERTEX_POINT('',#6731);
#2886=VERTEX_POINT('',#6735);
#2887=VERTEX_POINT('',#6737);
#2888=VERTEX_POINT('',#6751);
#2889=VERTEX_POINT('',#6753);
#2890=VERTEX_POINT('',#6760);
#2891=VERTEX_POINT('',#6762);
#2892=VERTEX_POINT('',#6776);
#2893=VERTEX_POINT('',#6778);
#2894=VERTEX_POINT('',#6785);
#2895=VERTEX_POINT('',#6787);
#2896=VERTEX_POINT('',#6791);
#2897=VERTEX_POINT('',#6793);
#2898=VERTEX_POINT('',#6797);
#2899=VERTEX_POINT('',#6799);
#2900=VERTEX_POINT('',#6813);
#2901=VERTEX_POINT('',#6815);
#2902=VERTEX_POINT('',#6822);
#2903=VERTEX_POINT('',#6824);
#2904=VERTEX_POINT('',#6838);
#2905=VERTEX_POINT('',#6840);
#2906=VERTEX_POINT('',#6847);
#2907=VERTEX_POINT('',#6849);
#2908=VERTEX_POINT('',#6853);
#2909=VERTEX_POINT('',#6855);
#2910=VERTEX_POINT('',#6859);
#2911=VERTEX_POINT('',#6861);
#2912=VERTEX_POINT('',#6875);
#2913=VERTEX_POINT('',#6877);
#2914=VERTEX_POINT('',#6884);
#2915=VERTEX_POINT('',#6886);
#2916=VERTEX_POINT('',#6900);
#2917=VERTEX_POINT('',#6902);
#2918=VERTEX_POINT('',#6909);
#2919=VERTEX_POINT('',#6911);
#2920=VERTEX_POINT('',#6915);
#2921=VERTEX_POINT('',#6917);
#2922=VERTEX_POINT('',#6921);
#2923=VERTEX_POINT('',#6923);
#2924=VERTEX_POINT('',#6937);
#2925=VERTEX_POINT('',#6939);
#2926=VERTEX_POINT('',#6946);
#2927=VERTEX_POINT('',#6948);
#2928=VERTEX_POINT('',#6962);
#2929=VERTEX_POINT('',#6964);
#2930=VERTEX_POINT('',#6971);
#2931=VERTEX_POINT('',#6973);
#2932=VERTEX_POINT('',#6977);
#2933=VERTEX_POINT('',#6979);
#2934=VERTEX_POINT('',#6983);
#2935=VERTEX_POINT('',#6985);
#2936=VERTEX_POINT('',#6999);
#2937=VERTEX_POINT('',#7001);
#2938=VERTEX_POINT('',#7008);
#2939=VERTEX_POINT('',#7010);
#2940=VERTEX_POINT('',#7024);
#2941=VERTEX_POINT('',#7026);
#2942=VERTEX_POINT('',#7033);
#2943=VERTEX_POINT('',#7035);
#2944=VERTEX_POINT('',#7039);
#2945=VERTEX_POINT('',#7041);
#2946=VERTEX_POINT('',#7045);
#2947=VERTEX_POINT('',#7047);
#2948=VERTEX_POINT('',#7061);
#2949=VERTEX_POINT('',#7063);
#2950=VERTEX_POINT('',#7070);
#2951=VERTEX_POINT('',#7072);
#2952=VERTEX_POINT('',#7086);
#2953=VERTEX_POINT('',#7088);
#2954=VERTEX_POINT('',#7095);
#2955=VERTEX_POINT('',#7097);
#2956=VERTEX_POINT('',#7101);
#2957=VERTEX_POINT('',#7103);
#2958=VERTEX_POINT('',#7107);
#2959=VERTEX_POINT('',#7109);
#2960=VERTEX_POINT('',#7123);
#2961=VERTEX_POINT('',#7125);
#2962=VERTEX_POINT('',#7132);
#2963=VERTEX_POINT('',#7134);
#2964=VERTEX_POINT('',#7148);
#2965=VERTEX_POINT('',#7150);
#2966=VERTEX_POINT('',#7160);
#2967=VERTEX_POINT('',#7163);
#2968=VERTEX_POINT('',#7166);
#2969=VERTEX_POINT('',#7169);
#2970=VERTEX_POINT('',#7174);
#2971=VERTEX_POINT('',#7175);
#2972=VERTEX_POINT('',#7177);
#2973=VERTEX_POINT('',#7179);
#2974=VERTEX_POINT('',#7183);
#2975=VERTEX_POINT('',#7185);
#2976=VERTEX_POINT('',#7189);
#2977=VERTEX_POINT('',#7191);
#2978=VERTEX_POINT('',#7198);
#2979=VERTEX_POINT('',#7201);
#2980=VERTEX_POINT('',#7204);
#2981=VERTEX_POINT('',#7209);
#2982=VERTEX_POINT('',#7211);
#2983=VERTEX_POINT('',#7213);
#2984=VERTEX_POINT('',#7214);
#2985=VERTEX_POINT('',#7220);
#2986=VERTEX_POINT('',#7225);
#2987=VERTEX_POINT('',#7227);
#2988=VERTEX_POINT('',#7239);
#2989=VERTEX_POINT('',#7251);
#2990=VERTEX_POINT('',#7258);
#2991=VERTEX_POINT('',#7259);
#2992=VERTEX_POINT('',#7261);
#2993=VERTEX_POINT('',#7263);
#2994=VERTEX_POINT('',#7267);
#2995=VERTEX_POINT('',#7269);
#2996=VERTEX_POINT('',#7271);
#2997=VERTEX_POINT('',#7275);
#2998=VERTEX_POINT('',#7277);
#2999=VERTEX_POINT('',#7281);
#3000=VERTEX_POINT('',#7290);
#3001=VERTEX_POINT('',#7291);
#3002=VERTEX_POINT('',#7293);
#3003=VERTEX_POINT('',#7295);
#3004=VERTEX_POINT('',#7299);
#3005=VERTEX_POINT('',#7300);
#3006=VERTEX_POINT('',#7305);
#3007=VERTEX_POINT('',#7306);
#3008=VERTEX_POINT('',#7317);
#3009=VERTEX_POINT('',#7318);
#3010=VERTEX_POINT('',#7320);
#3011=VERTEX_POINT('',#7322);
#3012=VERTEX_POINT('',#7326);
#3013=VERTEX_POINT('',#7328);
#3014=VERTEX_POINT('',#7332);
#3015=VERTEX_POINT('',#7334);
#3016=VERTEX_POINT('',#7341);
#3017=VERTEX_POINT('',#7345);
#3018=VERTEX_POINT('',#7347);
#3019=VERTEX_POINT('',#7363);
#3020=VERTEX_POINT('',#7364);
#3021=VERTEX_POINT('',#7366);
#3022=VERTEX_POINT('',#7371);
#3023=VERTEX_POINT('',#7381);
#3024=VERTEX_POINT('',#7382);
#3025=VERTEX_POINT('',#7384);
#3026=VERTEX_POINT('',#7386);
#3027=VERTEX_POINT('',#7390);
#3028=VERTEX_POINT('',#7391);
#3029=VERTEX_POINT('',#7393);
#3030=VERTEX_POINT('',#7395);
#3031=VERTEX_POINT('',#7399);
#3032=VERTEX_POINT('',#7400);
#3033=VERTEX_POINT('',#7402);
#3034=VERTEX_POINT('',#7404);
#3035=VERTEX_POINT('',#7408);
#3036=VERTEX_POINT('',#7409);
#3037=VERTEX_POINT('',#7411);
#3038=VERTEX_POINT('',#7413);
#3039=VERTEX_POINT('',#7420);
#3040=VERTEX_POINT('',#7422);
#3041=VERTEX_POINT('',#7427);
#3042=VERTEX_POINT('',#7429);
#3043=VERTEX_POINT('',#7433);
#3044=VERTEX_POINT('',#7435);
#3045=VERTEX_POINT('',#7442);
#3046=VERTEX_POINT('',#7444);
#3047=VERTEX_POINT('',#7448);
#3048=VERTEX_POINT('',#7452);
#3049=VERTEX_POINT('',#7456);
#3050=VERTEX_POINT('',#7460);
#3051=CIRCLE('',#4305,0.01);
#3052=CIRCLE('',#4306,0.01);
#3053=CIRCLE('',#4308,0.00450000000000018);
#3054=CIRCLE('',#4310,0.002);
#3055=CIRCLE('',#4312,0.002);
#3056=CIRCLE('',#4314,0.00364644660940616);
#3057=CIRCLE('',#4323,0.001);
#3058=CIRCLE('',#4326,0.001);
#3059=CIRCLE('',#4328,0.001);
#3060=CIRCLE('',#4330,0.001);
#3061=CIRCLE('',#4334,0.003);
#3062=CIRCLE('',#4336,0.004);
#3063=CIRCLE('',#4338,0.004);
#3064=CIRCLE('',#4345,0.001);
#3065=CIRCLE('',#4347,0.001);
#3066=CIRCLE('',#4357,0.002);
#3067=CIRCLE('',#4359,0.002);
#3068=CIRCLE('',#4373,0.001);
#3069=CIRCLE('',#4374,0.001);
#3070=CIRCLE('',#4375,0.001);
#3071=CIRCLE('',#4376,0.001);
#3072=CIRCLE('',#4378,0.001);
#3073=CIRCLE('',#4380,0.001);
#3074=CIRCLE('',#4382,0.001);
#3075=CIRCLE('',#4384,0.001);
#3076=CIRCLE('',#4395,0.002);
#3077=CIRCLE('',#4396,0.002);
#3078=CIRCLE('',#4398,0.004);
#3079=CIRCLE('',#4400,0.004);
#3080=CIRCLE('',#4406,0.005);
#3081=CIRCLE('',#4407,0.005);
#3082=CIRCLE('',#4409,0.004);
#3083=CIRCLE('',#4411,0.004);
#3084=CIRCLE('',#4421,0.002);
#3085=CIRCLE('',#4422,0.002);
#3086=CIRCLE('',#4424,0.002);
#3087=CIRCLE('',#4429,0.005);
#3088=CIRCLE('',#4430,0.005);
#3089=CIRCLE('',#4436,0.006);
#3090=CIRCLE('',#4437,0.006);
#3091=CIRCLE('',#4440,0.001);
#3092=CIRCLE('',#4442,0.001);
#3093=CIRCLE('',#4446,0.0101249999999999);
#3094=CIRCLE('',#4447,0.0101249999999999);
#3095=CIRCLE('',#4450,0.0135000000000008);
#3096=CIRCLE('',#4451,0.0135000000000008);
#3097=CIRCLE('',#4454,0.010125);
#3098=CIRCLE('',#4455,0.010125);
#3099=CIRCLE('',#4458,0.0134999999999996);
#3100=CIRCLE('',#4459,0.0134999999999996);
#3101=CIRCLE('',#4462,0.0101250000000008);
#3102=CIRCLE('',#4463,0.0101250000000008);
#3103=CIRCLE('',#4466,0.0135);
#3104=CIRCLE('',#4467,0.0135);
#3105=CIRCLE('',#4470,0.010125);
#3106=CIRCLE('',#4471,0.010125);
#3107=CIRCLE('',#4474,0.0134999999999985);
#3108=CIRCLE('',#4475,0.0134999999999985);
#3109=CIRCLE('',#4478,0.010125);
#3110=CIRCLE('',#4479,0.010125);
#3111=CIRCLE('',#4482,0.0135000000000007);
#3112=CIRCLE('',#4483,0.0135000000000007);
#3113=CIRCLE('',#4486,0.010125);
#3114=CIRCLE('',#4487,0.010125);
#3115=CIRCLE('',#4490,0.0135000000000006);
#3116=CIRCLE('',#4491,0.0135000000000006);
#3117=CIRCLE('',#4494,0.0101250000000001);
#3118=CIRCLE('',#4495,0.0101250000000001);
#3119=CIRCLE('',#4498,0.013500000000002);
#3120=CIRCLE('',#4499,0.013500000000002);
#3121=CIRCLE('',#4502,0.010125);
#3122=CIRCLE('',#4503,0.010125);
#3123=CIRCLE('',#4506,0.0134999999999987);
#3124=CIRCLE('',#4507,0.0134999999999987);
#3125=CIRCLE('',#4510,0.0101250000000002);
#3126=CIRCLE('',#4511,0.0101250000000002);
#3127=CIRCLE('',#4514,0.0135000000000009);
#3128=CIRCLE('',#4515,0.0135000000000009);
#3129=CIRCLE('',#4518,0.010125);
#3130=CIRCLE('',#4519,0.010125);
#3131=CIRCLE('',#4522,0.0134999999999985);
#3132=CIRCLE('',#4523,0.0134999999999985);
#3133=CIRCLE('',#4526,0.010125);
#3134=CIRCLE('',#4527,0.010125);
#3135=CIRCLE('',#4530,0.0134999999999951);
#3136=CIRCLE('',#4531,0.0134999999999951);
#3137=CIRCLE('',#4534,0.010125);
#3138=CIRCLE('',#4535,0.010125);
#3139=CIRCLE('',#4538,0.0135000000000008);
#3140=CIRCLE('',#4539,0.0135000000000008);
#3141=CIRCLE('',#4542,0.0101249999999999);
#3142=CIRCLE('',#4543,0.0101249999999999);
#3143=CIRCLE('',#4546,0.0135000000000009);
#3144=CIRCLE('',#4547,0.0135000000000009);
#3145=CIRCLE('',#4550,0.0101249999999999);
#3146=CIRCLE('',#4551,0.0101249999999999);
#3147=CIRCLE('',#4554,0.0135000000000007);
#3148=CIRCLE('',#4555,0.0135000000000007);
#3149=CIRCLE('',#4558,0.010125);
#3150=CIRCLE('',#4559,0.010125);
#3151=CIRCLE('',#4562,0.0135000000000014);
#3152=CIRCLE('',#4563,0.0135000000000014);
#3153=CIRCLE('',#4566,0.0101250000000007);
#3154=CIRCLE('',#4567,0.0101250000000007);
#3155=CIRCLE('',#4570,0.0135000000000005);
#3156=CIRCLE('',#4571,0.0135000000000005);
#3157=CIRCLE('',#4574,0.006);
#3158=CIRCLE('',#4576,0.0025);
#3159=CIRCLE('',#4578,0.006);
#3160=CIRCLE('',#4580,0.0025);
#3161=CIRCLE('',#4588,0.004);
#3162=CIRCLE('',#4590,0.002);
#3163=CIRCLE('',#4592,0.002);
#3164=CIRCLE('',#4596,0.004);
#3165=CIRCLE('',#4597,0.004);
#3166=CIRCLE('',#4603,0.004);
#3167=CIRCLE('',#4607,0.005);
#3168=CIRCLE('',#4608,0.005);
#3169=CIRCLE('',#4615,0.002);
#3170=CIRCLE('',#4618,0.002);
#3171=CIRCLE('',#4624,0.002);
#3172=CIRCLE('',#4625,0.002);
#3173=CIRCLE('',#4627,0.004);
#3174=CIRCLE('',#4629,0.004);
#3175=CIRCLE('',#4639,0.005);
#3176=CIRCLE('',#4642,0.004);
#3177=CIRCLE('',#4643,0.004);
#3178=CIRCLE('',#4656,0.005);
#3179=CIRCLE('',#4657,0.005);
#3180=CIRCLE('',#4659,0.005);
#3181=CIRCLE('',#4660,0.005);
#3182=CIRCLE('',#4661,0.005);
#3183=EDGE_LOOP('',(#1008));
#3184=EDGE_LOOP('',(#1009));
#3185=EDGE_LOOP('',(#1010));
#3186=EDGE_LOOP('',(#1011));
#3187=EDGE_LOOP('',(#1012));
#3188=EDGE_LOOP('',(#1013));
#3189=EDGE_LOOP('',(#1014));
#3190=EDGE_LOOP('',(#1015));
#3191=EDGE_LOOP('',(#1016));
#3192=EDGE_LOOP('',(#1017));
#3193=EDGE_LOOP('',(#1018));
#3194=EDGE_LOOP('',(#1019));
#3195=EDGE_LOOP('',(#1020,#1021,#1022,#1023));
#3196=EDGE_LOOP('',(#1024,#1025,#1026,#1027));
#3197=EDGE_LOOP('',(#1028,#1029,#1030,#1031,#1032,#1033));
#3198=EDGE_LOOP('',(#1034,#1035,#1036,#1037));
#3199=EDGE_LOOP('',(#1038,#1039,#1040));
#3200=EDGE_LOOP('',(#1041,#1042,#1043,#1044));
#3201=EDGE_LOOP('',(#1045,#1046,#1047,#1048));
#3202=EDGE_LOOP('',(#1049,#1050,#1051));
#3203=EDGE_LOOP('',(#1052,#1053,#1054,#1055));
#3204=EDGE_LOOP('',(#1056));
#3205=EDGE_LOOP('',(#1057));
#3206=EDGE_LOOP('',(#1058));
#3207=EDGE_LOOP('',(#1059));
#3208=EDGE_LOOP('',(#1060));
#3209=EDGE_LOOP('',(#1061));
#3210=EDGE_LOOP('',(#1062,#1063,#1064,#1065));
#3211=EDGE_LOOP('',(#1066,#1067,#1068,#1069));
#3212=EDGE_LOOP('',(#1070,#1071,#1072,#1073,#1074));
#3213=EDGE_LOOP('',(#1075,#1076,#1077,#1078));
#3214=EDGE_LOOP('',(#1079,#1080,#1081,#1082));
#3215=EDGE_LOOP('',(#1083,#1084,#1085,#1086,#1087));
#3216=EDGE_LOOP('',(#1088,#1089,#1090,#1091));
#3217=EDGE_LOOP('',(#1092,#1093,#1094,#1095));
#3218=EDGE_LOOP('',(#1096,#1097,#1098,#1099));
#3219=EDGE_LOOP('',(#1100,#1101,#1102,#1103));
#3220=EDGE_LOOP('',(#1104,#1105,#1106,#1107));
#3221=EDGE_LOOP('',(#1108,#1109,#1110,#1111));
#3222=EDGE_LOOP('',(#1112));
#3223=EDGE_LOOP('',(#1113,#1114,#1115,#1116));
#3224=EDGE_LOOP('',(#1117));
#3225=EDGE_LOOP('',(#1118,#1119,#1120,#1121));
#3226=EDGE_LOOP('',(#1122));
#3227=EDGE_LOOP('',(#1123));
#3228=EDGE_LOOP('',(#1124,#1125,#1126,#1127));
#3229=EDGE_LOOP('',(#1128,#1129,#1130,#1131));
#3230=EDGE_LOOP('',(#1132,#1133,#1134,#1135));
#3231=EDGE_LOOP('',(#1136,#1137,#1138,#1139));
#3232=EDGE_LOOP('',(#1140,#1141,#1142,#1143));
#3233=EDGE_LOOP('',(#1144,#1145,#1146,#1147));
#3234=EDGE_LOOP('',(#1148,#1149,#1150,#1151));
#3235=EDGE_LOOP('',(#1152,#1153,#1154,#1155));
#3236=EDGE_LOOP('',(#1156,#1157,#1158,#1159));
#3237=EDGE_LOOP('',(#1160,#1161,#1162,#1163));
#3238=EDGE_LOOP('',(#1164,#1165,#1166,#1167,#1168,#1169,#1170,#1171));
#3239=EDGE_LOOP('',(#1172,#1173,#1174,#1175));
#3240=EDGE_LOOP('',(#1176,#1177,#1178,#1179));
#3241=EDGE_LOOP('',(#1180,#1181,#1182,#1183));
#3242=EDGE_LOOP('',(#1184,#1185,#1186,#1187));
#3243=EDGE_LOOP('',(#1188,#1189,#1190,#1191));
#3244=EDGE_LOOP('',(#1192,#1193,#1194));
#3245=EDGE_LOOP('',(#1195,#1196,#1197));
#3246=EDGE_LOOP('',(#1198,#1199,#1200,#1201));
#3247=EDGE_LOOP('',(#1202,#1203,#1204,#1205));
#3248=EDGE_LOOP('',(#1206,#1207,#1208));
#3249=EDGE_LOOP('',(#1209,#1210,#1211));
#3250=EDGE_LOOP('',(#1212,#1213,#1214,#1215));
#3251=EDGE_LOOP('',(#1216,#1217,#1218,#1219));
#3252=EDGE_LOOP('',(#1220,#1221,#1222,#1223));
#3253=EDGE_LOOP('',(#1224,#1225,#1226,#1227));
#3254=EDGE_LOOP('',(#1228,#1229,#1230,#1231));
#3255=EDGE_LOOP('',(#1232,#1233,#1234,#1235));
#3256=EDGE_LOOP('',(#1236,#1237,#1238,#1239));
#3257=EDGE_LOOP('',(#1240,#1241,#1242,#1243));
#3258=EDGE_LOOP('',(#1244,#1245));
#3259=EDGE_LOOP('',(#1246,#1247));
#3260=EDGE_LOOP('',(#1248,#1249,#1250,#1251));
#3261=EDGE_LOOP('',(#1252,#1253,#1254,#1255));
#3262=EDGE_LOOP('',(#1256,#1257,#1258,#1259));
#3263=EDGE_LOOP('',(#1260,#1261,#1262,#1263));
#3264=EDGE_LOOP('',(#1264,#1265,#1266,#1267));
#3265=EDGE_LOOP('',(#1268,#1269,#1270,#1271));
#3266=EDGE_LOOP('',(#1272,#1273,#1274,#1275));
#3267=EDGE_LOOP('',(#1276));
#3268=EDGE_LOOP('',(#1277));
#3269=EDGE_LOOP('',(#1278));
#3270=EDGE_LOOP('',(#1279));
#3271=EDGE_LOOP('',(#1280));
#3272=EDGE_LOOP('',(#1281));
#3273=EDGE_LOOP('',(#1282));
#3274=EDGE_LOOP('',(#1283));
#3275=EDGE_LOOP('',(#1284));
#3276=EDGE_LOOP('',(#1285));
#3277=EDGE_LOOP('',(#1286));
#3278=EDGE_LOOP('',(#1287));
#3279=EDGE_LOOP('',(#1288));
#3280=EDGE_LOOP('',(#1289));
#3281=EDGE_LOOP('',(#1290,#1291,#1292,#1293));
#3282=EDGE_LOOP('',(#1294,#1295,#1296,#1297));
#3283=EDGE_LOOP('',(#1298,#1299,#1300));
#3284=EDGE_LOOP('',(#1301,#1302,#1303));
#3285=EDGE_LOOP('',(#1304,#1305,#1306,#1307));
#3286=EDGE_LOOP('',(#1308,#1309,#1310,#1311));
#3287=EDGE_LOOP('',(#1312,#1313,#1314,#1315));
#3288=EDGE_LOOP('',(#1316,#1317,#1318,#1319));
#3289=EDGE_LOOP('',(#1320,#1321,#1322,#1323));
#3290=EDGE_LOOP('',(#1324,#1325,#1326,#1327));
#3291=EDGE_LOOP('',(#1328,#1329,#1330,#1331));
#3292=EDGE_LOOP('',(#1332,#1333,#1334,#1335));
#3293=EDGE_LOOP('',(#1336,#1337,#1338,#1339));
#3294=EDGE_LOOP('',(#1340,#1341,#1342,#1343));
#3295=EDGE_LOOP('',(#1344,#1345,#1346,#1347));
#3296=EDGE_LOOP('',(#1348,#1349,#1350,#1351));
#3297=EDGE_LOOP('',(#1352,#1353,#1354,#1355));
#3298=EDGE_LOOP('',(#1356,#1357,#1358,#1359));
#3299=EDGE_LOOP('',(#1360,#1361,#1362,#1363));
#3300=EDGE_LOOP('',(#1364,#1365,#1366,#1367));
#3301=EDGE_LOOP('',(#1368,#1369,#1370,#1371));
#3302=EDGE_LOOP('',(#1372,#1373,#1374,#1375));
#3303=EDGE_LOOP('',(#1376,#1377,#1378,#1379));
#3304=EDGE_LOOP('',(#1380,#1381,#1382,#1383));
#3305=EDGE_LOOP('',(#1384,#1385,#1386,#1387));
#3306=EDGE_LOOP('',(#1388,#1389,#1390,#1391));
#3307=EDGE_LOOP('',(#1392,#1393,#1394,#1395));
#3308=EDGE_LOOP('',(#1396,#1397,#1398,#1399));
#3309=EDGE_LOOP('',(#1400,#1401,#1402,#1403));
#3310=EDGE_LOOP('',(#1404,#1405,#1406,#1407));
#3311=EDGE_LOOP('',(#1408,#1409,#1410,#1411));
#3312=EDGE_LOOP('',(#1412,#1413,#1414,#1415));
#3313=EDGE_LOOP('',(#1416,#1417,#1418,#1419));
#3314=EDGE_LOOP('',(#1420,#1421,#1422,#1423));
#3315=EDGE_LOOP('',(#1424,#1425,#1426,#1427));
#3316=EDGE_LOOP('',(#1428,#1429,#1430,#1431));
#3317=EDGE_LOOP('',(#1432,#1433,#1434,#1435));
#3318=EDGE_LOOP('',(#1436,#1437,#1438,#1439));
#3319=EDGE_LOOP('',(#1440,#1441,#1442,#1443));
#3320=EDGE_LOOP('',(#1444,#1445,#1446,#1447));
#3321=EDGE_LOOP('',(#1448,#1449,#1450,#1451));
#3322=EDGE_LOOP('',(#1452,#1453,#1454,#1455));
#3323=EDGE_LOOP('',(#1456,#1457,#1458,#1459));
#3324=EDGE_LOOP('',(#1460,#1461,#1462,#1463));
#3325=EDGE_LOOP('',(#1464,#1465,#1466,#1467));
#3326=EDGE_LOOP('',(#1468,#1469,#1470,#1471));
#3327=EDGE_LOOP('',(#1472,#1473,#1474,#1475));
#3328=EDGE_LOOP('',(#1476,#1477,#1478,#1479));
#3329=EDGE_LOOP('',(#1480,#1481,#1482,#1483));
#3330=EDGE_LOOP('',(#1484,#1485,#1486,#1487));
#3331=EDGE_LOOP('',(#1488,#1489,#1490,#1491));
#3332=EDGE_LOOP('',(#1492,#1493,#1494,#1495));
#3333=EDGE_LOOP('',(#1496,#1497,#1498,#1499));
#3334=EDGE_LOOP('',(#1500,#1501,#1502,#1503));
#3335=EDGE_LOOP('',(#1504,#1505,#1506,#1507));
#3336=EDGE_LOOP('',(#1508,#1509,#1510,#1511));
#3337=EDGE_LOOP('',(#1512,#1513,#1514,#1515));
#3338=EDGE_LOOP('',(#1516,#1517,#1518,#1519));
#3339=EDGE_LOOP('',(#1520,#1521,#1522,#1523));
#3340=EDGE_LOOP('',(#1524,#1525,#1526,#1527));
#3341=EDGE_LOOP('',(#1528,#1529,#1530,#1531));
#3342=EDGE_LOOP('',(#1532,#1533,#1534,#1535));
#3343=EDGE_LOOP('',(#1536,#1537,#1538,#1539));
#3344=EDGE_LOOP('',(#1540,#1541,#1542,#1543));
#3345=EDGE_LOOP('',(#1544,#1545,#1546,#1547));
#3346=EDGE_LOOP('',(#1548,#1549,#1550,#1551));
#3347=EDGE_LOOP('',(#1552,#1553,#1554,#1555));
#3348=EDGE_LOOP('',(#1556,#1557,#1558,#1559));
#3349=EDGE_LOOP('',(#1560,#1561,#1562,#1563));
#3350=EDGE_LOOP('',(#1564,#1565,#1566,#1567));
#3351=EDGE_LOOP('',(#1568,#1569,#1570,#1571));
#3352=EDGE_LOOP('',(#1572,#1573,#1574,#1575));
#3353=EDGE_LOOP('',(#1576,#1577,#1578,#1579));
#3354=EDGE_LOOP('',(#1580,#1581,#1582,#1583));
#3355=EDGE_LOOP('',(#1584,#1585,#1586,#1587));
#3356=EDGE_LOOP('',(#1588,#1589,#1590,#1591));
#3357=EDGE_LOOP('',(#1592,#1593,#1594,#1595));
#3358=EDGE_LOOP('',(#1596,#1597,#1598,#1599));
#3359=EDGE_LOOP('',(#1600,#1601,#1602,#1603));
#3360=EDGE_LOOP('',(#1604,#1605,#1606,#1607));
#3361=EDGE_LOOP('',(#1608,#1609,#1610,#1611));
#3362=EDGE_LOOP('',(#1612,#1613,#1614,#1615));
#3363=EDGE_LOOP('',(#1616,#1617,#1618,#1619));
#3364=EDGE_LOOP('',(#1620,#1621,#1622,#1623));
#3365=EDGE_LOOP('',(#1624,#1625,#1626,#1627));
#3366=EDGE_LOOP('',(#1628,#1629,#1630,#1631));
#3367=EDGE_LOOP('',(#1632,#1633,#1634,#1635));
#3368=EDGE_LOOP('',(#1636,#1637,#1638,#1639));
#3369=EDGE_LOOP('',(#1640,#1641,#1642,#1643));
#3370=EDGE_LOOP('',(#1644,#1645,#1646,#1647));
#3371=EDGE_LOOP('',(#1648,#1649,#1650,#1651));
#3372=EDGE_LOOP('',(#1652,#1653,#1654,#1655));
#3373=EDGE_LOOP('',(#1656,#1657,#1658,#1659));
#3374=EDGE_LOOP('',(#1660,#1661,#1662,#1663));
#3375=EDGE_LOOP('',(#1664,#1665,#1666,#1667));
#3376=EDGE_LOOP('',(#1668,#1669,#1670,#1671));
#3377=EDGE_LOOP('',(#1672,#1673,#1674,#1675));
#3378=EDGE_LOOP('',(#1676,#1677,#1678,#1679));
#3379=EDGE_LOOP('',(#1680,#1681,#1682,#1683));
#3380=EDGE_LOOP('',(#1684,#1685,#1686,#1687));
#3381=EDGE_LOOP('',(#1688,#1689,#1690,#1691));
#3382=EDGE_LOOP('',(#1692));
#3383=EDGE_LOOP('',(#1693,#1694,#1695,#1696,#1697,#1698,#1699,#1700,#1701,
#1702,#1703,#1704,#1705,#1706,#1707,#1708,#1709,#1710,#1711,#1712,#1713,
#1714,#1715,#1716,#1717,#1718,#1719,#1720,#1721,#1722,#1723,#1724,#1725,
#1726,#1727,#1728,#1729,#1730,#1731,#1732,#1733,#1734,#1735,#1736,#1737,
#1738,#1739,#1740,#1741,#1742,#1743,#1744,#1745,#1746,#1747,#1748,#1749,
#1750,#1751,#1752,#1753,#1754,#1755,#1756,#1757,#1758,#1759,#1760,#1761,
#1762,#1763,#1764,#1765,#1766,#1767,#1768,#1769,#1770,#1771,#1772,#1773,
#1774,#1775,#1776,#1777,#1778,#1779,#1780,#1781,#1782,#1783,#1784,#1785,
#1786,#1787,#1788));
#3384=EDGE_LOOP('',(#1789));
#3385=EDGE_LOOP('',(#1790,#1791,#1792,#1793,#1794,#1795,#1796,#1797,#1798,
#1799,#1800,#1801,#1802,#1803,#1804,#1805,#1806,#1807,#1808,#1809,#1810,
#1811,#1812,#1813,#1814,#1815,#1816,#1817,#1818,#1819,#1820,#1821,#1822,
#1823,#1824,#1825,#1826,#1827,#1828,#1829,#1830,#1831,#1832,#1833,#1834,
#1835,#1836,#1837,#1838,#1839,#1840,#1841,#1842,#1843,#1844,#1845,#1846,
#1847,#1848,#1849,#1850,#1851,#1852,#1853,#1854,#1855,#1856,#1857,#1858,
#1859,#1860,#1861,#1862,#1863,#1864,#1865,#1866,#1867,#1868,#1869,#1870,
#1871,#1872,#1873,#1874,#1875,#1876,#1877,#1878,#1879,#1880,#1881,#1882,
#1883,#1884,#1885));
#3386=EDGE_LOOP('',(#1886));
#3387=EDGE_LOOP('',(#1887));
#3388=EDGE_LOOP('',(#1888));
#3389=EDGE_LOOP('',(#1889));
#3390=EDGE_LOOP('',(#1890));
#3391=EDGE_LOOP('',(#1891));
#3392=EDGE_LOOP('',(#1892,#1893,#1894,#1895));
#3393=EDGE_LOOP('',(#1896,#1897,#1898,#1899));
#3394=EDGE_LOOP('',(#1900,#1901,#1902,#1903));
#3395=EDGE_LOOP('',(#1904,#1905,#1906,#1907));
#3396=EDGE_LOOP('',(#1908));
#3397=EDGE_LOOP('',(#1909,#1910,#1911,#1912));
#3398=EDGE_LOOP('',(#1913));
#3399=EDGE_LOOP('',(#1914,#1915,#1916,#1917));
#3400=EDGE_LOOP('',(#1918));
#3401=EDGE_LOOP('',(#1919));
#3402=EDGE_LOOP('',(#1920));
#3403=EDGE_LOOP('',(#1921));
#3404=EDGE_LOOP('',(#1922));
#3405=EDGE_LOOP('',(#1923));
#3406=EDGE_LOOP('',(#1924,#1925));
#3407=EDGE_LOOP('',(#1926));
#3408=EDGE_LOOP('',(#1927));
#3409=EDGE_LOOP('',(#1928));
#3410=EDGE_LOOP('',(#1929,#1930));
#3411=EDGE_LOOP('',(#1931));
#3412=EDGE_LOOP('',(#1932));
#3413=EDGE_LOOP('',(#1933));
#3414=EDGE_LOOP('',(#1934));
#3415=EDGE_LOOP('',(#1935));
#3416=EDGE_LOOP('',(#1936));
#3417=EDGE_LOOP('',(#1937));
#3418=EDGE_LOOP('',(#1938));
#3419=EDGE_LOOP('',(#1939));
#3420=EDGE_LOOP('',(#1940,#1941,#1942,#1943));
#3421=EDGE_LOOP('',(#1944));
#3422=EDGE_LOOP('',(#1945,#1946,#1947,#1948));
#3423=EDGE_LOOP('',(#1949,#1950,#1951,#1952));
#3424=EDGE_LOOP('',(#1953));
#3425=EDGE_LOOP('',(#1954,#1955,#1956,#1957));
#3426=EDGE_LOOP('',(#1958,#1959,#1960,#1961));
#3427=EDGE_LOOP('',(#1962,#1963,#1964,#1965));
#3428=EDGE_LOOP('',(#1966));
#3429=EDGE_LOOP('',(#1967));
#3430=EDGE_LOOP('',(#1968,#1969,#1970,#1971));
#3431=EDGE_LOOP('',(#1972,#1973,#1974,#1975));
#3432=EDGE_LOOP('',(#1976,#1977,#1978,#1979));
#3433=EDGE_LOOP('',(#1980,#1981,#1982,#1983));
#3434=EDGE_LOOP('',(#1984,#1985,#1986,#1987));
#3435=EDGE_LOOP('',(#1988,#1989,#1990,#1991));
#3436=EDGE_LOOP('',(#1992,#1993,#1994,#1995));
#3437=EDGE_LOOP('',(#1996,#1997,#1998,#1999));
#3438=EDGE_LOOP('',(#2000,#2001,#2002,#2003));
#3439=EDGE_LOOP('',(#2004,#2005,#2006,#2007));
#3440=EDGE_LOOP('',(#2008));
#3441=EDGE_LOOP('',(#2009,#2010,#2011,#2012));
#3442=EDGE_LOOP('',(#2013,#2014,#2015,#2016));
#3443=EDGE_LOOP('',(#2017));
#3444=EDGE_LOOP('',(#2018));
#3445=EDGE_LOOP('',(#2019));
#3446=EDGE_LOOP('',(#2020));
#3447=EDGE_LOOP('',(#2021));
#3448=EDGE_LOOP('',(#2022,#2023,#2024,#2025));
#3449=EDGE_LOOP('',(#2026,#2027,#2028,#2029));
#3450=EDGE_LOOP('',(#2030,#2031));
#3451=EDGE_LOOP('',(#2032,#2033));
#3452=EDGE_LOOP('',(#2034,#2035,#2036,#2037));
#3453=EDGE_LOOP('',(#2038,#2039,#2040,#2041));
#3454=EDGE_LOOP('',(#2042,#2043,#2044,#2045));
#3455=EDGE_LOOP('',(#2046,#2047,#2048,#2049));
#3456=EDGE_LOOP('',(#2050,#2051,#2052,#2053));
#3457=EDGE_LOOP('',(#2054,#2055,#2056,#2057,#2058,#2059));
#3458=EDGE_LOOP('',(#2060,#2061,#2062,#2063,#2064,#2065,#2066,#2067,#2068,
#2069,#2070,#2071));
#3459=EDGE_LOOP('',(#2072,#2073,#2074,#2075));
#3460=EDGE_LOOP('',(#2076,#2077,#2078,#2079));
#3461=EDGE_LOOP('',(#2080,#2081,#2082,#2083));
#3462=EDGE_LOOP('',(#2084,#2085,#2086,#2087,#2088,#2089));
#3463=EDGE_LOOP('',(#2090,#2091,#2092,#2093));
#3464=EDGE_LOOP('',(#2094,#2095,#2096,#2097,#2098,#2099,#2100,#2101));
#3465=EDGE_LOOP('',(#2102,#2103,#2104,#2105));
#3466=EDGE_LOOP('',(#2106,#2107,#2108,#2109,#2110,#2111));
#3467=EDGE_LOOP('',(#2112,#2113,#2114,#2115,#2116,#2117));
#3468=FACE_BOUND('',#3183,.T.);
#3469=FACE_BOUND('',#3184,.T.);
#3470=FACE_BOUND('',#3185,.T.);
#3471=FACE_BOUND('',#3186,.T.);
#3472=FACE_BOUND('',#3187,.T.);
#3473=FACE_BOUND('',#3188,.T.);
#3474=FACE_BOUND('',#3189,.T.);
#3475=FACE_BOUND('',#3190,.T.);
#3476=FACE_BOUND('',#3191,.T.);
#3477=FACE_BOUND('',#3192,.T.);
#3478=FACE_BOUND('',#3193,.T.);
#3479=FACE_BOUND('',#3194,.T.);
#3480=FACE_BOUND('',#3195,.T.);
#3481=FACE_BOUND('',#3196,.T.);
#3482=FACE_BOUND('',#3197,.T.);
#3483=FACE_BOUND('',#3198,.T.);
#3484=FACE_BOUND('',#3199,.T.);
#3485=FACE_BOUND('',#3200,.T.);
#3486=FACE_BOUND('',#3201,.T.);
#3487=FACE_BOUND('',#3202,.T.);
#3488=FACE_BOUND('',#3203,.T.);
#3489=FACE_BOUND('',#3204,.T.);
#3490=FACE_BOUND('',#3205,.T.);
#3491=FACE_BOUND('',#3206,.T.);
#3492=FACE_BOUND('',#3207,.T.);
#3493=FACE_BOUND('',#3208,.T.);
#3494=FACE_BOUND('',#3209,.T.);
#3495=FACE_BOUND('',#3210,.T.);
#3496=FACE_BOUND('',#3211,.T.);
#3497=FACE_BOUND('',#3212,.T.);
#3498=FACE_BOUND('',#3213,.T.);
#3499=FACE_BOUND('',#3214,.T.);
#3500=FACE_BOUND('',#3215,.T.);
#3501=FACE_BOUND('',#3216,.T.);
#3502=FACE_BOUND('',#3217,.T.);
#3503=FACE_BOUND('',#3218,.T.);
#3504=FACE_BOUND('',#3219,.T.);
#3505=FACE_BOUND('',#3220,.T.);
#3506=FACE_BOUND('',#3221,.T.);
#3507=FACE_BOUND('',#3222,.T.);
#3508=FACE_BOUND('',#3223,.T.);
#3509=FACE_BOUND('',#3224,.T.);
#3510=FACE_BOUND('',#3225,.T.);
#3511=FACE_BOUND('',#3226,.T.);
#3512=FACE_BOUND('',#3227,.T.);
#3513=FACE_BOUND('',#3228,.T.);
#3514=FACE_BOUND('',#3229,.T.);
#3515=FACE_BOUND('',#3230,.T.);
#3516=FACE_BOUND('',#3231,.T.);
#3517=FACE_BOUND('',#3232,.T.);
#3518=FACE_BOUND('',#3233,.T.);
#3519=FACE_BOUND('',#3234,.T.);
#3520=FACE_BOUND('',#3235,.T.);
#3521=FACE_BOUND('',#3236,.T.);
#3522=FACE_BOUND('',#3237,.T.);
#3523=FACE_BOUND('',#3238,.T.);
#3524=FACE_BOUND('',#3239,.T.);
#3525=FACE_BOUND('',#3240,.T.);
#3526=FACE_BOUND('',#3241,.T.);
#3527=FACE_BOUND('',#3242,.T.);
#3528=FACE_BOUND('',#3243,.T.);
#3529=FACE_BOUND('',#3244,.T.);
#3530=FACE_BOUND('',#3245,.T.);
#3531=FACE_BOUND('',#3246,.T.);
#3532=FACE_BOUND('',#3247,.T.);
#3533=FACE_BOUND('',#3248,.T.);
#3534=FACE_BOUND('',#3249,.T.);
#3535=FACE_BOUND('',#3250,.T.);
#3536=FACE_BOUND('',#3251,.T.);
#3537=FACE_BOUND('',#3252,.T.);
#3538=FACE_BOUND('',#3253,.T.);
#3539=FACE_BOUND('',#3254,.T.);
#3540=FACE_BOUND('',#3255,.T.);
#3541=FACE_BOUND('',#3256,.T.);
#3542=FACE_BOUND('',#3257,.T.);
#3543=FACE_BOUND('',#3258,.T.);
#3544=FACE_BOUND('',#3259,.T.);
#3545=FACE_BOUND('',#3260,.T.);
#3546=FACE_BOUND('',#3261,.T.);
#3547=FACE_BOUND('',#3262,.T.);
#3548=FACE_BOUND('',#3263,.T.);
#3549=FACE_BOUND('',#3264,.T.);
#3550=FACE_BOUND('',#3265,.T.);
#3551=FACE_BOUND('',#3266,.T.);
#3552=FACE_BOUND('',#3267,.T.);
#3553=FACE_BOUND('',#3268,.T.);
#3554=FACE_BOUND('',#3269,.T.);
#3555=FACE_BOUND('',#3270,.T.);
#3556=FACE_BOUND('',#3271,.T.);
#3557=FACE_BOUND('',#3272,.T.);
#3558=FACE_BOUND('',#3273,.T.);
#3559=FACE_BOUND('',#3274,.T.);
#3560=FACE_BOUND('',#3275,.T.);
#3561=FACE_BOUND('',#3276,.T.);
#3562=FACE_BOUND('',#3277,.T.);
#3563=FACE_BOUND('',#3278,.T.);
#3564=FACE_BOUND('',#3279,.T.);
#3565=FACE_BOUND('',#3280,.T.);
#3566=FACE_BOUND('',#3281,.T.);
#3567=FACE_BOUND('',#3282,.T.);
#3568=FACE_BOUND('',#3283,.T.);
#3569=FACE_BOUND('',#3284,.T.);
#3570=FACE_BOUND('',#3285,.T.);
#3571=FACE_BOUND('',#3286,.T.);
#3572=FACE_BOUND('',#3287,.T.);
#3573=FACE_BOUND('',#3288,.T.);
#3574=FACE_BOUND('',#3289,.T.);
#3575=FACE_BOUND('',#3290,.T.);
#3576=FACE_BOUND('',#3291,.T.);
#3577=FACE_BOUND('',#3292,.T.);
#3578=FACE_BOUND('',#3293,.T.);
#3579=FACE_BOUND('',#3294,.T.);
#3580=FACE_BOUND('',#3295,.T.);
#3581=FACE_BOUND('',#3296,.T.);
#3582=FACE_BOUND('',#3297,.T.);
#3583=FACE_BOUND('',#3298,.T.);
#3584=FACE_BOUND('',#3299,.T.);
#3585=FACE_BOUND('',#3300,.T.);
#3586=FACE_BOUND('',#3301,.T.);
#3587=FACE_BOUND('',#3302,.T.);
#3588=FACE_BOUND('',#3303,.T.);
#3589=FACE_BOUND('',#3304,.T.);
#3590=FACE_BOUND('',#3305,.T.);
#3591=FACE_BOUND('',#3306,.T.);
#3592=FACE_BOUND('',#3307,.T.);
#3593=FACE_BOUND('',#3308,.T.);
#3594=FACE_BOUND('',#3309,.T.);
#3595=FACE_BOUND('',#3310,.T.);
#3596=FACE_BOUND('',#3311,.T.);
#3597=FACE_BOUND('',#3312,.T.);
#3598=FACE_BOUND('',#3313,.T.);
#3599=FACE_BOUND('',#3314,.T.);
#3600=FACE_BOUND('',#3315,.T.);
#3601=FACE_BOUND('',#3316,.T.);
#3602=FACE_BOUND('',#3317,.T.);
#3603=FACE_BOUND('',#3318,.T.);
#3604=FACE_BOUND('',#3319,.T.);
#3605=FACE_BOUND('',#3320,.T.);
#3606=FACE_BOUND('',#3321,.T.);
#3607=FACE_BOUND('',#3322,.T.);
#3608=FACE_BOUND('',#3323,.T.);
#3609=FACE_BOUND('',#3324,.T.);
#3610=FACE_BOUND('',#3325,.T.);
#3611=FACE_BOUND('',#3326,.T.);
#3612=FACE_BOUND('',#3327,.T.);
#3613=FACE_BOUND('',#3328,.T.);
#3614=FACE_BOUND('',#3329,.T.);
#3615=FACE_BOUND('',#3330,.T.);
#3616=FACE_BOUND('',#3331,.T.);
#3617=FACE_BOUND('',#3332,.T.);
#3618=FACE_BOUND('',#3333,.T.);
#3619=FACE_BOUND('',#3334,.T.);
#3620=FACE_BOUND('',#3335,.T.);
#3621=FACE_BOUND('',#3336,.T.);
#3622=FACE_BOUND('',#3337,.T.);
#3623=FACE_BOUND('',#3338,.T.);
#3624=FACE_BOUND('',#3339,.T.);
#3625=FACE_BOUND('',#3340,.T.);
#3626=FACE_BOUND('',#3341,.T.);
#3627=FACE_BOUND('',#3342,.T.);
#3628=FACE_BOUND('',#3343,.T.);
#3629=FACE_BOUND('',#3344,.T.);
#3630=FACE_BOUND('',#3345,.T.);
#3631=FACE_BOUND('',#3346,.T.);
#3632=FACE_BOUND('',#3347,.T.);
#3633=FACE_BOUND('',#3348,.T.);
#3634=FACE_BOUND('',#3349,.T.);
#3635=FACE_BOUND('',#3350,.T.);
#3636=FACE_BOUND('',#3351,.T.);
#3637=FACE_BOUND('',#3352,.T.);
#3638=FACE_BOUND('',#3353,.T.);
#3639=FACE_BOUND('',#3354,.T.);
#3640=FACE_BOUND('',#3355,.T.);
#3641=FACE_BOUND('',#3356,.T.);
#3642=FACE_BOUND('',#3357,.T.);
#3643=FACE_BOUND('',#3358,.T.);
#3644=FACE_BOUND('',#3359,.T.);
#3645=FACE_BOUND('',#3360,.T.);
#3646=FACE_BOUND('',#3361,.T.);
#3647=FACE_BOUND('',#3362,.T.);
#3648=FACE_BOUND('',#3363,.T.);
#3649=FACE_BOUND('',#3364,.T.);
#3650=FACE_BOUND('',#3365,.T.);
#3651=FACE_BOUND('',#3366,.T.);
#3652=FACE_BOUND('',#3367,.T.);
#3653=FACE_BOUND('',#3368,.T.);
#3654=FACE_BOUND('',#3369,.T.);
#3655=FACE_BOUND('',#3370,.T.);
#3656=FACE_BOUND('',#3371,.T.);
#3657=FACE_BOUND('',#3372,.T.);
#3658=FACE_BOUND('',#3373,.T.);
#3659=FACE_BOUND('',#3374,.T.);
#3660=FACE_BOUND('',#3375,.T.);
#3661=FACE_BOUND('',#3376,.T.);
#3662=FACE_BOUND('',#3377,.T.);
#3663=FACE_BOUND('',#3378,.T.);
#3664=FACE_BOUND('',#3379,.T.);
#3665=FACE_BOUND('',#3380,.T.);
#3666=FACE_BOUND('',#3381,.T.);
#3667=FACE_BOUND('',#3382,.T.);
#3668=FACE_BOUND('',#3383,.T.);
#3669=FACE_BOUND('',#3384,.T.);
#3670=FACE_BOUND('',#3385,.T.);
#3671=FACE_BOUND('',#3386,.T.);
#3672=FACE_BOUND('',#3387,.T.);
#3673=FACE_BOUND('',#3388,.T.);
#3674=FACE_BOUND('',#3389,.T.);
#3675=FACE_BOUND('',#3390,.T.);
#3676=FACE_BOUND('',#3391,.T.);
#3677=FACE_BOUND('',#3392,.T.);
#3678=FACE_BOUND('',#3393,.T.);
#3679=FACE_BOUND('',#3394,.T.);
#3680=FACE_BOUND('',#3395,.T.);
#3681=FACE_BOUND('',#3396,.T.);
#3682=FACE_BOUND('',#3397,.T.);
#3683=FACE_BOUND('',#3398,.T.);
#3684=FACE_BOUND('',#3399,.T.);
#3685=FACE_BOUND('',#3400,.T.);
#3686=FACE_BOUND('',#3401,.T.);
#3687=FACE_BOUND('',#3402,.T.);
#3688=FACE_BOUND('',#3403,.T.);
#3689=FACE_BOUND('',#3404,.T.);
#3690=FACE_BOUND('',#3405,.T.);
#3691=FACE_BOUND('',#3406,.T.);
#3692=FACE_BOUND('',#3407,.T.);
#3693=FACE_BOUND('',#3408,.T.);
#3694=FACE_BOUND('',#3409,.T.);
#3695=FACE_BOUND('',#3410,.T.);
#3696=FACE_BOUND('',#3411,.T.);
#3697=FACE_BOUND('',#3412,.T.);
#3698=FACE_BOUND('',#3413,.T.);
#3699=FACE_BOUND('',#3414,.T.);
#3700=FACE_BOUND('',#3415,.T.);
#3701=FACE_BOUND('',#3416,.T.);
#3702=FACE_BOUND('',#3417,.T.);
#3703=FACE_BOUND('',#3418,.T.);
#3704=FACE_BOUND('',#3419,.T.);
#3705=FACE_BOUND('',#3420,.T.);
#3706=FACE_BOUND('',#3421,.T.);
#3707=FACE_BOUND('',#3422,.T.);
#3708=FACE_BOUND('',#3423,.T.);
#3709=FACE_BOUND('',#3424,.T.);
#3710=FACE_BOUND('',#3425,.T.);
#3711=FACE_BOUND('',#3426,.T.);
#3712=FACE_BOUND('',#3427,.T.);
#3713=FACE_BOUND('',#3428,.T.);
#3714=FACE_BOUND('',#3429,.T.);
#3715=FACE_BOUND('',#3430,.T.);
#3716=FACE_BOUND('',#3431,.T.);
#3717=FACE_BOUND('',#3432,.T.);
#3718=FACE_BOUND('',#3433,.T.);
#3719=FACE_BOUND('',#3434,.T.);
#3720=FACE_BOUND('',#3435,.T.);
#3721=FACE_BOUND('',#3436,.T.);
#3722=FACE_BOUND('',#3437,.T.);
#3723=FACE_BOUND('',#3438,.T.);
#3724=FACE_BOUND('',#3439,.T.);
#3725=FACE_BOUND('',#3440,.T.);
#3726=FACE_BOUND('',#3441,.T.);
#3727=FACE_BOUND('',#3442,.T.);
#3728=FACE_BOUND('',#3443,.T.);
#3729=FACE_BOUND('',#3444,.T.);
#3730=FACE_BOUND('',#3445,.T.);
#3731=FACE_BOUND('',#3446,.T.);
#3732=FACE_BOUND('',#3447,.T.);
#3733=FACE_BOUND('',#3448,.T.);
#3734=FACE_BOUND('',#3449,.T.);
#3735=FACE_BOUND('',#3450,.T.);
#3736=FACE_BOUND('',#3451,.T.);
#3737=FACE_BOUND('',#3452,.T.);
#3738=FACE_BOUND('',#3453,.T.);
#3739=FACE_BOUND('',#3454,.T.);
#3740=FACE_BOUND('',#3455,.T.);
#3741=FACE_BOUND('',#3456,.T.);
#3742=FACE_BOUND('',#3457,.T.);
#3743=FACE_BOUND('',#3458,.T.);
#3744=FACE_BOUND('',#3459,.T.);
#3745=FACE_BOUND('',#3460,.T.);
#3746=FACE_BOUND('',#3461,.T.);
#3747=FACE_BOUND('',#3462,.T.);
#3748=FACE_BOUND('',#3463,.T.);
#3749=FACE_BOUND('',#3464,.T.);
#3750=FACE_BOUND('',#3465,.T.);
#3751=FACE_BOUND('',#3466,.T.);
#3752=FACE_BOUND('',#3467,.T.);
#3753=CYLINDRICAL_SURFACE('',#4304,0.01);
#3754=CYLINDRICAL_SURFACE('',#4311,0.002);
#3755=CYLINDRICAL_SURFACE('',#4325,0.001);
#3756=CYLINDRICAL_SURFACE('',#4327,0.001);
#3757=CYLINDRICAL_SURFACE('',#4331,0.001);
#3758=CYLINDRICAL_SURFACE('',#4337,0.004);
#3759=CYLINDRICAL_SURFACE('',#4348,0.001);
#3760=CYLINDRICAL_SURFACE('',#4360,0.002);
#3761=CYLINDRICAL_SURFACE('',#4377,0.001);
#3762=CYLINDRICAL_SURFACE('',#4379,0.001);
#3763=CYLINDRICAL_SURFACE('',#4381,0.001);
#3764=CYLINDRICAL_SURFACE('',#4383,0.001);
#3765=CYLINDRICAL_SURFACE('',#4394,0.002);
#3766=CYLINDRICAL_SURFACE('',#4399,0.004);
#3767=CYLINDRICAL_SURFACE('',#4405,0.005);
#3768=CYLINDRICAL_SURFACE('',#4412,0.004);
#3769=CYLINDRICAL_SURFACE('',#4423,0.002);
#3770=CYLINDRICAL_SURFACE('',#4428,0.005);
#3771=CYLINDRICAL_SURFACE('',#4433,0.002);
#3772=CYLINDRICAL_SURFACE('',#4435,0.006);
#3773=CYLINDRICAL_SURFACE('',#4443,0.001);
#3774=CYLINDRICAL_SURFACE('',#4445,0.0101249999999999);
#3775=CYLINDRICAL_SURFACE('',#4449,0.0135000000000008);
#3776=CYLINDRICAL_SURFACE('',#4453,0.010125);
#3777=CYLINDRICAL_SURFACE('',#4457,0.0134999999999996);
#3778=CYLINDRICAL_SURFACE('',#4461,0.0101250000000008);
#3779=CYLINDRICAL_SURFACE('',#4465,0.0135);
#3780=CYLINDRICAL_SURFACE('',#4469,0.010125);
#3781=CYLINDRICAL_SURFACE('',#4473,0.0134999999999985);
#3782=CYLINDRICAL_SURFACE('',#4477,0.010125);
#3783=CYLINDRICAL_SURFACE('',#4481,0.0135000000000007);
#3784=CYLINDRICAL_SURFACE('',#4485,0.010125);
#3785=CYLINDRICAL_SURFACE('',#4489,0.0135000000000006);
#3786=CYLINDRICAL_SURFACE('',#4493,0.0101250000000001);
#3787=CYLINDRICAL_SURFACE('',#4497,0.013500000000002);
#3788=CYLINDRICAL_SURFACE('',#4501,0.010125);
#3789=CYLINDRICAL_SURFACE('',#4505,0.0134999999999987);
#3790=CYLINDRICAL_SURFACE('',#4509,0.0101250000000002);
#3791=CYLINDRICAL_SURFACE('',#4513,0.0135000000000009);
#3792=CYLINDRICAL_SURFACE('',#4517,0.010125);
#3793=CYLINDRICAL_SURFACE('',#4521,0.0134999999999985);
#3794=CYLINDRICAL_SURFACE('',#4525,0.010125);
#3795=CYLINDRICAL_SURFACE('',#4529,0.0134999999999951);
#3796=CYLINDRICAL_SURFACE('',#4533,0.010125);
#3797=CYLINDRICAL_SURFACE('',#4537,0.0135000000000008);
#3798=CYLINDRICAL_SURFACE('',#4541,0.0101249999999999);
#3799=CYLINDRICAL_SURFACE('',#4545,0.0135000000000009);
#3800=CYLINDRICAL_SURFACE('',#4549,0.0101249999999999);
#3801=CYLINDRICAL_SURFACE('',#4553,0.0135000000000007);
#3802=CYLINDRICAL_SURFACE('',#4557,0.010125);
#3803=CYLINDRICAL_SURFACE('',#4561,0.0135000000000014);
#3804=CYLINDRICAL_SURFACE('',#4565,0.0101250000000007);
#3805=CYLINDRICAL_SURFACE('',#4569,0.0135000000000005);
#3806=CYLINDRICAL_SURFACE('',#4577,0.006);
#3807=CYLINDRICAL_SURFACE('',#4581,0.0025);
#3808=CYLINDRICAL_SURFACE('',#4591,0.002);
#3809=CYLINDRICAL_SURFACE('',#4595,0.004);
#3810=CYLINDRICAL_SURFACE('',#4602,0.004);
#3811=CYLINDRICAL_SURFACE('',#4606,0.005);
#3812=CYLINDRICAL_SURFACE('',#4611,0.002);
#3813=CYLINDRICAL_SURFACE('',#4621,0.002);
#3814=CYLINDRICAL_SURFACE('',#4623,0.002);
#3815=CYLINDRICAL_SURFACE('',#4628,0.004);
#3816=CYLINDRICAL_SURFACE('',#4641,0.004);
#3817=CYLINDRICAL_SURFACE('',#4655,0.005);
#3818=CYLINDRICAL_SURFACE('',#4658,0.005);
#3819=ADVANCED_FACE('',(#3468,#3469),#3753,.T.);
#3820=ADVANCED_FACE('',(#3470,#3471),#875,.T.);
#3821=ADVANCED_FACE('',(#3472,#3473),#876,.F.);
#3822=ADVANCED_FACE('',(#3474,#3475),#3754,.F.);
#3823=ADVANCED_FACE('',(#3476,#3477),#868,.F.);
#3824=ADVANCED_FACE('',(#3478,#3479),#869,.F.);
#3825=ADVANCED_FACE('',(#3480),#877,.F.);
#3826=ADVANCED_FACE('',(#3481),#878,.F.);
#3827=ADVANCED_FACE('',(#3482),#879,.F.);
#3828=ADVANCED_FACE('',(#3483),#880,.T.);
#3829=ADVANCED_FACE('',(#3484),#881,.F.);
#3830=ADVANCED_FACE('',(#3485),#3755,.T.);
#3831=ADVANCED_FACE('',(#3486),#3756,.T.);
#3832=ADVANCED_FACE('',(#3487),#127,.T.);
#3833=ADVANCED_FACE('',(#3488),#3757,.T.);
#3834=ADVANCED_FACE('',(#3489),#882,.T.);
#3835=ADVANCED_FACE('',(#3490,#3491),#124,.T.);
#3836=ADVANCED_FACE('',(#3492,#3493),#3758,.T.);
#3837=ADVANCED_FACE('',(#3494),#128,.T.);
#3838=ADVANCED_FACE('',(#3495),#883,.F.);
#3839=ADVANCED_FACE('',(#3496),#884,.F.);
#3840=ADVANCED_FACE('',(#3497),#885,.F.);
#3841=ADVANCED_FACE('',(#3498),#886,.T.);
#3842=ADVANCED_FACE('',(#3499),#887,.F.);
#3843=ADVANCED_FACE('',(#3500),#3759,.T.);
#3844=ADVANCED_FACE('',(#3501),#888,.T.);
#3845=ADVANCED_FACE('',(#3502),#889,.T.);
#3846=ADVANCED_FACE('',(#3503),#890,.F.);
#3847=ADVANCED_FACE('',(#3504),#891,.F.);
#3848=ADVANCED_FACE('',(#3505),#892,.T.);
#3849=ADVANCED_FACE('',(#3506,#3507,#3508),#893,.T.);
#3850=ADVANCED_FACE('',(#3509,#3510),#894,.F.);
#3851=ADVANCED_FACE('',(#3511,#3512),#3760,.F.);
#3852=ADVANCED_FACE('',(#3513),#895,.F.);
#3853=ADVANCED_FACE('',(#3514),#896,.T.);
#3854=ADVANCED_FACE('',(#3515),#897,.T.);
#3855=ADVANCED_FACE('',(#3516),#898,.F.);
#3856=ADVANCED_FACE('',(#3517),#899,.T.);
#3857=ADVANCED_FACE('',(#3518),#900,.T.);
#3858=ADVANCED_FACE('',(#3519),#901,.F.);
#3859=ADVANCED_FACE('',(#3520),#902,.F.);
#3860=ADVANCED_FACE('',(#3521),#903,.T.);
#3861=ADVANCED_FACE('',(#3522),#904,.T.);
#3862=ADVANCED_FACE('',(#3523),#905,.F.);
#3863=ADVANCED_FACE('',(#3524),#3761,.T.);
#3864=ADVANCED_FACE('',(#3525),#3762,.T.);
#3865=ADVANCED_FACE('',(#3526),#3763,.T.);
#3866=ADVANCED_FACE('',(#3527),#3764,.T.);
#3867=ADVANCED_FACE('',(#3528),#906,.T.);
#3868=ADVANCED_FACE('',(#3529),#870,.T.);
#3869=ADVANCED_FACE('',(#3530),#871,.T.);
#3870=ADVANCED_FACE('',(#3531),#907,.F.);
#3871=ADVANCED_FACE('',(#3532),#908,.T.);
#3872=ADVANCED_FACE('',(#3533),#872,.T.);
#3873=ADVANCED_FACE('',(#3534),#873,.T.);
#3874=ADVANCED_FACE('',(#3535),#909,.F.);
#3875=ADVANCED_FACE('',(#3536),#3765,.F.);
#3876=ADVANCED_FACE('',(#3537),#910,.T.);
#3877=ADVANCED_FACE('',(#3538),#3766,.T.);
#3878=ADVANCED_FACE('',(#3539),#911,.T.);
#3879=ADVANCED_FACE('',(#3540),#912,.F.);
#3880=ADVANCED_FACE('',(#3541),#913,.T.);
#3881=ADVANCED_FACE('',(#3542),#3767,.T.);
#3882=ADVANCED_FACE('',(#3543),#914,.T.);
#3883=ADVANCED_FACE('',(#3544),#915,.F.);
#3884=ADVANCED_FACE('',(#3545),#3768,.T.);
#3885=ADVANCED_FACE('',(#3546),#916,.F.);
#3886=ADVANCED_FACE('',(#3547),#917,.F.);
#3887=ADVANCED_FACE('',(#3548),#90,.F.);
#3888=ADVANCED_FACE('',(#3549),#918,.F.);
#3889=ADVANCED_FACE('',(#3550),#919,.T.);
#3890=ADVANCED_FACE('',(#3551),#920,.F.);
#3891=ADVANCED_FACE('',(#3552,#3553),#125,.T.);
#3892=ADVANCED_FACE('',(#3554,#3555),#3769,.T.);
#3893=ADVANCED_FACE('',(#3556),#921,.T.);
#3894=ADVANCED_FACE('',(#3557),#922,.F.);
#3895=ADVANCED_FACE('',(#3558,#3559,#3560,#3561),#3770,.T.);
#3896=ADVANCED_FACE('',(#3562),#923,.T.);
#3897=ADVANCED_FACE('',(#3563),#924,.F.);
#3898=ADVANCED_FACE('',(#3564,#3565),#3771,.F.);
#3899=ADVANCED_FACE('',(#3566),#3772,.T.);
#3900=ADVANCED_FACE('',(#3567),#925,.F.);
#3901=ADVANCED_FACE('',(#3568),#926,.T.);
#3902=ADVANCED_FACE('',(#3569),#927,.F.);
#3903=ADVANCED_FACE('',(#3570),#3773,.T.);
#3904=ADVANCED_FACE('',(#3571),#3774,.T.);
#3905=ADVANCED_FACE('',(#3572),#928,.F.);
#3906=ADVANCED_FACE('',(#3573),#91,.F.);
#3907=ADVANCED_FACE('',(#3574),#3775,.T.);
#3908=ADVANCED_FACE('',(#3575),#92,.T.);
#3909=ADVANCED_FACE('',(#3576),#929,.F.);
#3910=ADVANCED_FACE('',(#3577),#3776,.T.);
#3911=ADVANCED_FACE('',(#3578),#930,.F.);
#3912=ADVANCED_FACE('',(#3579),#93,.F.);
#3913=ADVANCED_FACE('',(#3580),#3777,.T.);
#3914=ADVANCED_FACE('',(#3581),#94,.T.);
#3915=ADVANCED_FACE('',(#3582),#931,.F.);
#3916=ADVANCED_FACE('',(#3583),#3778,.T.);
#3917=ADVANCED_FACE('',(#3584),#932,.F.);
#3918=ADVANCED_FACE('',(#3585),#95,.F.);
#3919=ADVANCED_FACE('',(#3586),#3779,.T.);
#3920=ADVANCED_FACE('',(#3587),#96,.T.);
#3921=ADVANCED_FACE('',(#3588),#933,.F.);
#3922=ADVANCED_FACE('',(#3589),#3780,.T.);
#3923=ADVANCED_FACE('',(#3590),#934,.F.);
#3924=ADVANCED_FACE('',(#3591),#97,.F.);
#3925=ADVANCED_FACE('',(#3592),#3781,.T.);
#3926=ADVANCED_FACE('',(#3593),#98,.T.);
#3927=ADVANCED_FACE('',(#3594),#935,.F.);
#3928=ADVANCED_FACE('',(#3595),#3782,.T.);
#3929=ADVANCED_FACE('',(#3596),#936,.F.);
#3930=ADVANCED_FACE('',(#3597),#99,.F.);
#3931=ADVANCED_FACE('',(#3598),#3783,.T.);
#3932=ADVANCED_FACE('',(#3599),#100,.T.);
#3933=ADVANCED_FACE('',(#3600),#937,.F.);
#3934=ADVANCED_FACE('',(#3601),#3784,.T.);
#3935=ADVANCED_FACE('',(#3602),#938,.F.);
#3936=ADVANCED_FACE('',(#3603),#101,.F.);
#3937=ADVANCED_FACE('',(#3604),#3785,.T.);
#3938=ADVANCED_FACE('',(#3605),#102,.T.);
#3939=ADVANCED_FACE('',(#3606),#939,.F.);
#3940=ADVANCED_FACE('',(#3607),#3786,.T.);
#3941=ADVANCED_FACE('',(#3608),#940,.F.);
#3942=ADVANCED_FACE('',(#3609),#103,.F.);
#3943=ADVANCED_FACE('',(#3610),#3787,.T.);
#3944=ADVANCED_FACE('',(#3611),#104,.T.);
#3945=ADVANCED_FACE('',(#3612),#941,.F.);
#3946=ADVANCED_FACE('',(#3613),#3788,.T.);
#3947=ADVANCED_FACE('',(#3614),#942,.F.);
#3948=ADVANCED_FACE('',(#3615),#105,.F.);
#3949=ADVANCED_FACE('',(#3616),#3789,.T.);
#3950=ADVANCED_FACE('',(#3617),#106,.T.);
#3951=ADVANCED_FACE('',(#3618),#943,.F.);
#3952=ADVANCED_FACE('',(#3619),#3790,.T.);
#3953=ADVANCED_FACE('',(#3620),#944,.F.);
#3954=ADVANCED_FACE('',(#3621),#107,.F.);
#3955=ADVANCED_FACE('',(#3622),#3791,.T.);
#3956=ADVANCED_FACE('',(#3623),#108,.T.);
#3957=ADVANCED_FACE('',(#3624),#945,.F.);
#3958=ADVANCED_FACE('',(#3625),#3792,.T.);
#3959=ADVANCED_FACE('',(#3626),#946,.F.);
#3960=ADVANCED_FACE('',(#3627),#109,.F.);
#3961=ADVANCED_FACE('',(#3628),#3793,.T.);
#3962=ADVANCED_FACE('',(#3629),#110,.T.);
#3963=ADVANCED_FACE('',(#3630),#947,.F.);
#3964=ADVANCED_FACE('',(#3631),#3794,.T.);
#3965=ADVANCED_FACE('',(#3632),#948,.F.);
#3966=ADVANCED_FACE('',(#3633),#111,.F.);
#3967=ADVANCED_FACE('',(#3634),#3795,.T.);
#3968=ADVANCED_FACE('',(#3635),#112,.T.);
#3969=ADVANCED_FACE('',(#3636),#949,.F.);
#3970=ADVANCED_FACE('',(#3637),#3796,.T.);
#3971=ADVANCED_FACE('',(#3638),#950,.F.);
#3972=ADVANCED_FACE('',(#3639),#113,.F.);
#3973=ADVANCED_FACE('',(#3640),#3797,.T.);
#3974=ADVANCED_FACE('',(#3641),#114,.T.);
#3975=ADVANCED_FACE('',(#3642),#951,.F.);
#3976=ADVANCED_FACE('',(#3643),#3798,.T.);
#3977=ADVANCED_FACE('',(#3644),#952,.F.);
#3978=ADVANCED_FACE('',(#3645),#115,.F.);
#3979=ADVANCED_FACE('',(#3646),#3799,.T.);
#3980=ADVANCED_FACE('',(#3647),#116,.T.);
#3981=ADVANCED_FACE('',(#3648),#953,.F.);
#3982=ADVANCED_FACE('',(#3649),#3800,.T.);
#3983=ADVANCED_FACE('',(#3650),#954,.F.);
#3984=ADVANCED_FACE('',(#3651),#117,.F.);
#3985=ADVANCED_FACE('',(#3652),#3801,.T.);
#3986=ADVANCED_FACE('',(#3653),#118,.T.);
#3987=ADVANCED_FACE('',(#3654),#955,.F.);
#3988=ADVANCED_FACE('',(#3655),#3802,.T.);
#3989=ADVANCED_FACE('',(#3656),#956,.F.);
#3990=ADVANCED_FACE('',(#3657),#119,.F.);
#3991=ADVANCED_FACE('',(#3658),#3803,.T.);
#3992=ADVANCED_FACE('',(#3659),#120,.T.);
#3993=ADVANCED_FACE('',(#3660),#957,.F.);
#3994=ADVANCED_FACE('',(#3661),#3804,.T.);
#3995=ADVANCED_FACE('',(#3662),#958,.F.);
#3996=ADVANCED_FACE('',(#3663),#121,.F.);
#3997=ADVANCED_FACE('',(#3664),#3805,.T.);
#3998=ADVANCED_FACE('',(#3665),#122,.T.);
#3999=ADVANCED_FACE('',(#3666),#959,.F.);
#4000=ADVANCED_FACE('',(#3667,#3668),#960,.T.);
#4001=ADVANCED_FACE('',(#3669,#3670),#961,.F.);
#4002=ADVANCED_FACE('',(#3671,#3672),#3806,.T.);
#4003=ADVANCED_FACE('',(#3673,#3674),#962,.T.);
#4004=ADVANCED_FACE('',(#3675,#3676),#3807,.F.);
#4005=ADVANCED_FACE('',(#3677),#963,.T.);
#4006=ADVANCED_FACE('',(#3678),#964,.F.);
#4007=ADVANCED_FACE('',(#3679),#965,.F.);
#4008=ADVANCED_FACE('',(#3680),#966,.T.);
#4009=ADVANCED_FACE('',(#3681,#3682),#967,.T.);
#4010=ADVANCED_FACE('',(#3683,#3684),#968,.F.);
#4011=ADVANCED_FACE('',(#3685,#3686),#3808,.F.);
#4012=ADVANCED_FACE('',(#3687,#3688),#874,.F.);
#4013=ADVANCED_FACE('',(#3689,#3690,#3691),#3809,.T.);
#4014=ADVANCED_FACE('',(#3692),#969,.T.);
#4015=ADVANCED_FACE('',(#3693),#970,.F.);
#4016=ADVANCED_FACE('',(#3694,#3695),#3810,.T.);
#4017=ADVANCED_FACE('',(#3696),#971,.T.);
#4018=ADVANCED_FACE('',(#3697,#3698,#3699,#3700),#3811,.T.);
#4019=ADVANCED_FACE('',(#3701),#972,.T.);
#4020=ADVANCED_FACE('',(#3702),#973,.F.);
#4021=ADVANCED_FACE('',(#3703,#3704),#3812,.F.);
#4022=ADVANCED_FACE('',(#3705),#974,.T.);
#4023=ADVANCED_FACE('',(#3706,#3707),#975,.T.);
#4024=ADVANCED_FACE('',(#3708),#976,.T.);
#4025=ADVANCED_FACE('',(#3709,#3710),#977,.T.);
#4026=ADVANCED_FACE('',(#3711),#978,.F.);
#4027=ADVANCED_FACE('',(#3712),#979,.T.);
#4028=ADVANCED_FACE('',(#3713,#3714),#3813,.F.);
#4029=ADVANCED_FACE('',(#3715),#3814,.F.);
#4030=ADVANCED_FACE('',(#3716),#980,.T.);
#4031=ADVANCED_FACE('',(#3717),#3815,.T.);
#4032=ADVANCED_FACE('',(#3718),#981,.T.);
#4033=ADVANCED_FACE('',(#3719),#982,.F.);
#4034=ADVANCED_FACE('',(#3720),#983,.T.);
#4035=ADVANCED_FACE('',(#3721),#984,.T.);
#4036=ADVANCED_FACE('',(#3722),#985,.F.);
#4037=ADVANCED_FACE('',(#3723),#986,.F.);
#4038=ADVANCED_FACE('',(#3724),#987,.T.);
#4039=ADVANCED_FACE('',(#3725,#3726),#988,.T.);
#4040=ADVANCED_FACE('',(#3727),#989,.F.);
#4041=ADVANCED_FACE('',(#3728,#3729),#3816,.T.);
#4042=ADVANCED_FACE('',(#3730),#990,.T.);
#4043=ADVANCED_FACE('',(#3731,#3732),#126,.F.);
#4044=ADVANCED_FACE('',(#3733),#123,.T.);
#4045=ADVANCED_FACE('',(#3734),#991,.T.);
#4046=ADVANCED_FACE('',(#3735),#992,.T.);
#4047=ADVANCED_FACE('',(#3736),#993,.F.);
#4048=ADVANCED_FACE('',(#3737),#994,.F.);
#4049=ADVANCED_FACE('',(#3738),#995,.F.);
#4050=ADVANCED_FACE('',(#3739),#996,.F.);
#4051=ADVANCED_FACE('',(#3740),#997,.F.);
#4052=ADVANCED_FACE('',(#3741),#3817,.T.);
#4053=ADVANCED_FACE('',(#3742),#3818,.T.);
#4054=ADVANCED_FACE('',(#3743),#998,.F.);
#4055=ADVANCED_FACE('',(#3744),#999,.T.);
#4056=ADVANCED_FACE('',(#3745),#1000,.F.);
#4057=ADVANCED_FACE('',(#3746),#1001,.F.);
#4058=ADVANCED_FACE('',(#3747),#1002,.F.);
#4059=ADVANCED_FACE('',(#3748),#1003,.F.);
#4060=ADVANCED_FACE('',(#3749),#1004,.F.);
#4061=ADVANCED_FACE('',(#3750),#1005,.F.);
#4062=ADVANCED_FACE('',(#3751),#1006,.F.);
#4063=ADVANCED_FACE('',(#3752),#1007,.T.);
#4064=CLOSED_SHELL('',(#3819,#3820,#3821,#3822,#3823,#3824));
#4065=CLOSED_SHELL('',(#3825,#3826,#3827,#3828,#3829,#3830,#3831,#3832,
#3833));
#4066=CLOSED_SHELL('',(#3834,#3835,#3836,#3837));
#4067=CLOSED_SHELL('',(#3838,#3839,#3840,#3841,#3842,#3843,#3844));
#4068=CLOSED_SHELL('',(#3845,#3846,#3847,#3848,#3849,#3850,#3851,#3852,
#3853,#3854,#3855,#3856));
#4069=CLOSED_SHELL('',(#3857,#3858,#3859,#3860,#3861,#3862,#3863,#3864,
#3865,#3866,#3867,#3868,#3869,#3870,#3871,#3872,#3873,#3874));
#4070=CLOSED_SHELL('',(#3875,#3876,#3877,#3878,#3879,#3880));
#4071=CLOSED_SHELL('',(#3881,#3882,#3883,#3884));
#4072=CLOSED_SHELL('',(#3885,#3886,#3887,#3888,#3889,#3890));
#4073=CLOSED_SHELL('',(#3891,#3892,#3893,#3894));
#4074=CLOSED_SHELL('',(#3895,#3896,#3897,#3898));
#4075=CLOSED_SHELL('',(#3899,#3900,#3901,#3902,#3903));
#4076=CLOSED_SHELL('',(#3904,#3905,#3906,#3907,#3908,#3909,#3910,#3911,
#3912,#3913,#3914,#3915,#3916,#3917,#3918,#3919,#3920,#3921,#3922,#3923,
#3924,#3925,#3926,#3927,#3928,#3929,#3930,#3931,#3932,#3933,#3934,#3935,
#3936,#3937,#3938,#3939,#3940,#3941,#3942,#3943,#3944,#3945,#3946,#3947,
#3948,#3949,#3950,#3951,#3952,#3953,#3954,#3955,#3956,#3957,#3958,#3959,
#3960,#3961,#3962,#3963,#3964,#3965,#3966,#3967,#3968,#3969,#3970,#3971,
#3972,#3973,#3974,#3975,#3976,#3977,#3978,#3979,#3980,#3981,#3982,#3983,
#3984,#3985,#3986,#3987,#3988,#3989,#3990,#3991,#3992,#3993,#3994,#3995,
#3996,#3997,#3998,#3999,#4000,#4001,#4002,#4003,#4004));
#4077=CLOSED_SHELL('',(#4005,#4006,#4007,#4008,#4009,#4010,#4011,#4012));
#4078=CLOSED_SHELL('',(#4013,#4014,#4015,#4016,#4017));
#4079=CLOSED_SHELL('',(#4018,#4019,#4020,#4021));
#4080=CLOSED_SHELL('',(#4022,#4023,#4024,#4025,#4026,#4027,#4028));
#4081=CLOSED_SHELL('',(#4029,#4030,#4031,#4032,#4033,#4034));
#4082=CLOSED_SHELL('',(#4035,#4036,#4037,#4038,#4039,#4040,#4041,#4042,
#4043));
#4083=CLOSED_SHELL('',(#4044,#4045,#4046,#4047));
#4084=CLOSED_SHELL('',(#4048,#4049,#4050,#4051,#4052,#4053,#4054,#4055,
#4056,#4057,#4058,#4059,#4060,#4061,#4062,#4063));
#4085=STYLED_ITEM('',(#4106),#4240);
#4086=STYLED_ITEM('',(#4107),#4241);
#4087=STYLED_ITEM('',(#4108),#4242);
#4088=STYLED_ITEM('',(#4109),#4243);
#4089=STYLED_ITEM('',(#4110),#4244);
#4090=STYLED_ITEM('',(#4111),#4245);
#4091=STYLED_ITEM('',(#4112),#4246);
#4092=STYLED_ITEM('',(#4113),#4247);
#4093=STYLED_ITEM('',(#4114),#4248);
#4094=STYLED_ITEM('',(#4115),#4249);
#4095=STYLED_ITEM('',(#4116),#4250);
#4096=STYLED_ITEM('',(#4117),#4251);
#4097=STYLED_ITEM('',(#4118),#4252);
#4098=STYLED_ITEM('',(#4119),#4253);
#4099=STYLED_ITEM('',(#4120),#4254);
#4100=STYLED_ITEM('',(#4121),#4255);
#4101=STYLED_ITEM('',(#4122),#4256);
#4102=STYLED_ITEM('',(#4123),#4257);
#4103=STYLED_ITEM('',(#4124),#4258);
#4104=STYLED_ITEM('',(#4125),#4259);
#4105=STYLED_ITEM('',(#4126),#4260);
#4106=PRESENTATION_STYLE_ASSIGNMENT((#4127));
#4107=PRESENTATION_STYLE_ASSIGNMENT((#4128));
#4108=PRESENTATION_STYLE_ASSIGNMENT((#4129));
#4109=PRESENTATION_STYLE_ASSIGNMENT((#4130));
#4110=PRESENTATION_STYLE_ASSIGNMENT((#4131));
#4111=PRESENTATION_STYLE_ASSIGNMENT((#4132));
#4112=PRESENTATION_STYLE_ASSIGNMENT((#4133));
#4113=PRESENTATION_STYLE_ASSIGNMENT((#4134));
#4114=PRESENTATION_STYLE_ASSIGNMENT((#4135));
#4115=PRESENTATION_STYLE_ASSIGNMENT((#4136));
#4116=PRESENTATION_STYLE_ASSIGNMENT((#4137));
#4117=PRESENTATION_STYLE_ASSIGNMENT((#4138));
#4118=PRESENTATION_STYLE_ASSIGNMENT((#4139));
#4119=PRESENTATION_STYLE_ASSIGNMENT((#4140));
#4120=PRESENTATION_STYLE_ASSIGNMENT((#4141));
#4121=PRESENTATION_STYLE_ASSIGNMENT((#4142));
#4122=PRESENTATION_STYLE_ASSIGNMENT((#4143));
#4123=PRESENTATION_STYLE_ASSIGNMENT((#4144));
#4124=PRESENTATION_STYLE_ASSIGNMENT((#4145));
#4125=PRESENTATION_STYLE_ASSIGNMENT((#4146));
#4126=PRESENTATION_STYLE_ASSIGNMENT((#4147));
#4127=SURFACE_STYLE_USAGE(.BOTH.,#4148);
#4128=SURFACE_STYLE_USAGE(.BOTH.,#4149);
#4129=SURFACE_STYLE_USAGE(.BOTH.,#4150);
#4130=SURFACE_STYLE_USAGE(.BOTH.,#4151);
#4131=SURFACE_STYLE_USAGE(.BOTH.,#4152);
#4132=SURFACE_STYLE_USAGE(.BOTH.,#4153);
#4133=SURFACE_STYLE_USAGE(.BOTH.,#4154);
#4134=SURFACE_STYLE_USAGE(.BOTH.,#4155);
#4135=SURFACE_STYLE_USAGE(.BOTH.,#4156);
#4136=SURFACE_STYLE_USAGE(.BOTH.,#4157);
#4137=SURFACE_STYLE_USAGE(.BOTH.,#4158);
#4138=SURFACE_STYLE_USAGE(.BOTH.,#4159);
#4139=SURFACE_STYLE_USAGE(.BOTH.,#4160);
#4140=SURFACE_STYLE_USAGE(.BOTH.,#4161);
#4141=SURFACE_STYLE_USAGE(.BOTH.,#4162);
#4142=SURFACE_STYLE_USAGE(.BOTH.,#4163);
#4143=SURFACE_STYLE_USAGE(.BOTH.,#4164);
#4144=SURFACE_STYLE_USAGE(.BOTH.,#4165);
#4145=SURFACE_STYLE_USAGE(.BOTH.,#4166);
#4146=SURFACE_STYLE_USAGE(.BOTH.,#4167);
#4147=SURFACE_STYLE_USAGE(.BOTH.,#4168);
#4148=SURFACE_SIDE_STYLE('',(#4169));
#4149=SURFACE_SIDE_STYLE('',(#4170));
#4150=SURFACE_SIDE_STYLE('',(#4171));
#4151=SURFACE_SIDE_STYLE('',(#4172));
#4152=SURFACE_SIDE_STYLE('',(#4173));
#4153=SURFACE_SIDE_STYLE('',(#4174));
#4154=SURFACE_SIDE_STYLE('',(#4175));
#4155=SURFACE_SIDE_STYLE('',(#4176));
#4156=SURFACE_SIDE_STYLE('',(#4177));
#4157=SURFACE_SIDE_STYLE('',(#4178));
#4158=SURFACE_SIDE_STYLE('',(#4179));
#4159=SURFACE_SIDE_STYLE('',(#4180));
#4160=SURFACE_SIDE_STYLE('',(#4181));
#4161=SURFACE_SIDE_STYLE('',(#4182));
#4162=SURFACE_SIDE_STYLE('',(#4183));
#4163=SURFACE_SIDE_STYLE('',(#4184));
#4164=SURFACE_SIDE_STYLE('',(#4185));
#4165=SURFACE_SIDE_STYLE('',(#4186));
#4166=SURFACE_SIDE_STYLE('',(#4187));
#4167=SURFACE_SIDE_STYLE('',(#4188));
#4168=SURFACE_SIDE_STYLE('',(#4189));
#4169=SURFACE_STYLE_FILL_AREA(#4190);
#4170=SURFACE_STYLE_FILL_AREA(#4191);
#4171=SURFACE_STYLE_FILL_AREA(#4192);
#4172=SURFACE_STYLE_FILL_AREA(#4193);
#4173=SURFACE_STYLE_FILL_AREA(#4194);
#4174=SURFACE_STYLE_FILL_AREA(#4195);
#4175=SURFACE_STYLE_FILL_AREA(#4196);
#4176=SURFACE_STYLE_FILL_AREA(#4197);
#4177=SURFACE_STYLE_FILL_AREA(#4198);
#4178=SURFACE_STYLE_FILL_AREA(#4199);
#4179=SURFACE_STYLE_FILL_AREA(#4200);
#4180=SURFACE_STYLE_FILL_AREA(#4201);
#4181=SURFACE_STYLE_FILL_AREA(#4202);
#4182=SURFACE_STYLE_FILL_AREA(#4203);
#4183=SURFACE_STYLE_FILL_AREA(#4204);
#4184=SURFACE_STYLE_FILL_AREA(#4205);
#4185=SURFACE_STYLE_FILL_AREA(#4206);
#4186=SURFACE_STYLE_FILL_AREA(#4207);
#4187=SURFACE_STYLE_FILL_AREA(#4208);
#4188=SURFACE_STYLE_FILL_AREA(#4209);
#4189=SURFACE_STYLE_FILL_AREA(#4210);
#4190=FILL_AREA_STYLE('',(#4211));
#4191=FILL_AREA_STYLE('',(#4212));
#4192=FILL_AREA_STYLE('',(#4213));
#4193=FILL_AREA_STYLE('',(#4214));
#4194=FILL_AREA_STYLE('',(#4215));
#4195=FILL_AREA_STYLE('',(#4216));
#4196=FILL_AREA_STYLE('',(#4217));
#4197=FILL_AREA_STYLE('',(#4218));
#4198=FILL_AREA_STYLE('',(#4219));
#4199=FILL_AREA_STYLE('',(#4220));
#4200=FILL_AREA_STYLE('',(#4221));
#4201=FILL_AREA_STYLE('',(#4222));
#4202=FILL_AREA_STYLE('',(#4223));
#4203=FILL_AREA_STYLE('',(#4224));
#4204=FILL_AREA_STYLE('',(#4225));
#4205=FILL_AREA_STYLE('',(#4226));
#4206=FILL_AREA_STYLE('',(#4227));
#4207=FILL_AREA_STYLE('',(#4228));
#4208=FILL_AREA_STYLE('',(#4229));
#4209=FILL_AREA_STYLE('',(#4230));
#4210=FILL_AREA_STYLE('',(#4231));
#4211=FILL_AREA_STYLE_COLOUR('',#4232);
#4212=FILL_AREA_STYLE_COLOUR('',#4233);
#4213=FILL_AREA_STYLE_COLOUR('',#4234);
#4214=FILL_AREA_STYLE_COLOUR('',#4235);
#4215=FILL_AREA_STYLE_COLOUR('',#4232);
#4216=FILL_AREA_STYLE_COLOUR('',#4236);
#4217=FILL_AREA_STYLE_COLOUR('',#4237);
#4218=FILL_AREA_STYLE_COLOUR('',#4234);
#4219=FILL_AREA_STYLE_COLOUR('',#4238);
#4220=FILL_AREA_STYLE_COLOUR('',#4233);
#4221=FILL_AREA_STYLE_COLOUR('',#4239);
#4222=FILL_AREA_STYLE_COLOUR('',#4237);
#4223=FILL_AREA_STYLE_COLOUR('',#4235);
#4224=FILL_AREA_STYLE_COLOUR('',#4237);
#4225=FILL_AREA_STYLE_COLOUR('',#4238);
#4226=FILL_AREA_STYLE_COLOUR('',#4236);
#4227=FILL_AREA_STYLE_COLOUR('',#4236);
#4228=FILL_AREA_STYLE_COLOUR('',#4232);
#4229=FILL_AREA_STYLE_COLOUR('',#4234);
#4230=FILL_AREA_STYLE_COLOUR('',#4239);
#4231=FILL_AREA_STYLE_COLOUR('',#4233);
#4232=COLOUR_RGB('',0.615686274509804,0.811764705882353,0.929411764705882);
#4233=COLOUR_RGB('',0.917647058823529,0.917647058823529,0.917647058823529);
#4234=COLOUR_RGB('',0.231372549019608,0.380392156862745,0.705882352941177);
#4235=COLOUR_RGB('',0.980392156862745,0.713725490196078,0.00392156862745098);
#4236=COLOUR_RGB('',0.768627450980392,0.886274509803922,0.952941176470588);
#4237=COLOUR_RGB('',0.647058823529412,0.647058823529412,0.647058823529412);
#4238=COLOUR_RGB('',0.972549019607843,0.529411764705882,0.00392156862745098);
#4239=COLOUR_RGB('',0.498039215686275,0.498039215686275,0.498039215686275);
#4240=MANIFOLD_SOLID_BREP('AC119_0_V2',#4064);
#4241=MANIFOLD_SOLID_BREP('AC122_0_V2',#4065);
#4242=MANIFOLD_SOLID_BREP('AC128_0_V2',#4066);
#4243=MANIFOLD_SOLID_BREP('AC118_0_V2',#4067);
#4244=MANIFOLD_SOLID_BREP('AC66_0_V2',#4068);
#4245=MANIFOLD_SOLID_BREP('AC123_0_V2',#4069);
#4246=MANIFOLD_SOLID_BREP('AC127_0_V2',#4070);
#4247=MANIFOLD_SOLID_BREP('AC112_0_V2',#4071);
#4248=MANIFOLD_SOLID_BREP('AC101_0_V2',#4072);
#4249=MANIFOLD_SOLID_BREP('AC130_0_V2',#4073);
#4250=MANIFOLD_SOLID_BREP('AC108_0_V2',#4074);
#4251=MANIFOLD_SOLID_BREP('AC120_0_V2',#4075);
#4252=MANIFOLD_SOLID_BREP('AC102_0_V2',#4076);
#4253=MANIFOLD_SOLID_BREP('AC74_0_V2',#4077);
#4254=MANIFOLD_SOLID_BREP('AC107_0_V2',#4078);
#4255=MANIFOLD_SOLID_BREP('AC106_0_V2',#4079);
#4256=MANIFOLD_SOLID_BREP('AC131_0_V2',#4080);
#4257=MANIFOLD_SOLID_BREP('AC126_0_V2',#4081);
#4258=MANIFOLD_SOLID_BREP('AC121_0_V2',#4082);
#4259=MANIFOLD_SOLID_BREP('AC100_0_V2',#4083);
#4260=MANIFOLD_SOLID_BREP('AC113_0_V2',#4084);
#4261=SHAPE_DEFINITION_REPRESENTATION(#7591,#4282);
#4262=SHAPE_DEFINITION_REPRESENTATION(#7592,#4283);
#4263=SHAPE_DEFINITION_REPRESENTATION(#7593,#4284);
#4264=SHAPE_DEFINITION_REPRESENTATION(#7594,#4285);
#4265=SHAPE_DEFINITION_REPRESENTATION(#7595,#4286);
#4266=SHAPE_DEFINITION_REPRESENTATION(#7596,#4287);
#4267=SHAPE_DEFINITION_REPRESENTATION(#7597,#4288);
#4268=SHAPE_DEFINITION_REPRESENTATION(#7598,#4289);
#4269=SHAPE_DEFINITION_REPRESENTATION(#7599,#4290);
#4270=SHAPE_DEFINITION_REPRESENTATION(#7600,#4291);
#4271=SHAPE_DEFINITION_REPRESENTATION(#7601,#4292);
#4272=SHAPE_DEFINITION_REPRESENTATION(#7602,#4293);
#4273=SHAPE_DEFINITION_REPRESENTATION(#7603,#4294);
#4274=SHAPE_DEFINITION_REPRESENTATION(#7604,#4295);
#4275=SHAPE_DEFINITION_REPRESENTATION(#7605,#4296);
#4276=SHAPE_DEFINITION_REPRESENTATION(#7606,#4297);
#4277=SHAPE_DEFINITION_REPRESENTATION(#7607,#4298);
#4278=SHAPE_DEFINITION_REPRESENTATION(#7608,#4299);
#4279=SHAPE_DEFINITION_REPRESENTATION(#7609,#4300);
#4280=SHAPE_DEFINITION_REPRESENTATION(#7610,#4301);
#4281=SHAPE_DEFINITION_REPRESENTATION(#7611,#4302);
#4282=SHAPE_REPRESENTATION('AC119_0_V2',(#4303),#7486);
#4283=SHAPE_REPRESENTATION('AC122_0_V2',(#4316),#7487);
#4284=SHAPE_REPRESENTATION('AC128_0_V2',(#4332),#7488);
#4285=SHAPE_REPRESENTATION('AC118_0_V2',(#4340),#7489);
#4286=SHAPE_REPRESENTATION('AC66_0_V2',(#4351),#7490);
#4287=SHAPE_REPRESENTATION('AC123_0_V2',(#4366),#7491);
#4288=SHAPE_REPRESENTATION('AC127_0_V2',(#4393),#7492);
#4289=SHAPE_REPRESENTATION('AC112_0_V2',(#4404),#7493);
#4290=SHAPE_REPRESENTATION('AC101_0_V2',(#4413),#7494);
#4291=SHAPE_REPRESENTATION('AC130_0_V2',(#4419),#7495);
#4292=SHAPE_REPRESENTATION('AC108_0_V2',(#4427),#7496);
#4293=SHAPE_REPRESENTATION('AC120_0_V2',(#4434),#7497);
#4294=SHAPE_REPRESENTATION('AC102_0_V2',(#4444),#7498);
#4295=SHAPE_REPRESENTATION('AC74_0_V2',(#4582),#7499);
#4296=SHAPE_REPRESENTATION('AC107_0_V2',(#4594),#7500);
#4297=SHAPE_REPRESENTATION('AC106_0_V2',(#4605),#7501);
#4298=SHAPE_REPRESENTATION('AC131_0_V2',(#4612),#7502);
#4299=SHAPE_REPRESENTATION('AC126_0_V2',(#4622),#7503);
#4300=SHAPE_REPRESENTATION('AC121_0_V2',(#4633),#7504);
#4301=SHAPE_REPRESENTATION('AC100_0_V2',(#4646),#7505);
#4302=SHAPE_REPRESENTATION('AC113_0_V2',(#4650),#7506);
#4303=AXIS2_PLACEMENT_3D('',#5756,#4672,#4673);
#4304=AXIS2_PLACEMENT_3D('',#5757,#4674,#4675);
#4305=AXIS2_PLACEMENT_3D('',#5758,#4676,#4677);
#4306=AXIS2_PLACEMENT_3D('',#5760,#4678,#4679);
#4307=AXIS2_PLACEMENT_3D('',#5762,#4680,#4681);
#4308=AXIS2_PLACEMENT_3D('',#5763,#4682,#4683);
#4309=AXIS2_PLACEMENT_3D('',#5765,#4684,#4685);
#4310=AXIS2_PLACEMENT_3D('',#5766,#4686,#4687);
#4311=AXIS2_PLACEMENT_3D('',#5768,#4688,#4689);
#4312=AXIS2_PLACEMENT_3D('',#5769,#4690,#4691);
#4313=AXIS2_PLACEMENT_3D('',#5771,#4692,#4693);
#4314=AXIS2_PLACEMENT_3D('',#5772,#4694,#4695);
#4315=AXIS2_PLACEMENT_3D('',#5774,#4696,#4697);
#4316=AXIS2_PLACEMENT_3D('',#5775,#4698,#4699);
#4317=AXIS2_PLACEMENT_3D('',#5776,#4700,#4701);
#4318=AXIS2_PLACEMENT_3D('',#5785,#4706,#4707);
#4319=AXIS2_PLACEMENT_3D('',#5794,#4712,#4713);
#4320=AXIS2_PLACEMENT_3D('',#5798,#4715,#4716);
#4321=AXIS2_PLACEMENT_3D('',#5800,#4718,#4719);
#4322=AXIS2_PLACEMENT_3D('',#5801,#4720,#4721);
#4323=AXIS2_PLACEMENT_3D('',#5802,#4722,#4723);
#4324=AXIS2_PLACEMENT_3D('',#5803,#4724,#4725);
#4325=AXIS2_PLACEMENT_3D('',#5807,#4728,#4729);
#4326=AXIS2_PLACEMENT_3D('',#5808,#4730,#4731);
#4327=AXIS2_PLACEMENT_3D('',#5809,#4732,#4733);
#4328=AXIS2_PLACEMENT_3D('',#5810,#4734,#4735);
#4329=AXIS2_PLACEMENT_3D('',#5811,#4736,#4737);
#4330=AXIS2_PLACEMENT_3D('',#5812,#4738,#4739);
#4331=AXIS2_PLACEMENT_3D('',#5813,#4740,#4741);
#4332=AXIS2_PLACEMENT_3D('',#5814,#4742,#4743);
#4333=AXIS2_PLACEMENT_3D('',#5815,#4744,#4745);
#4334=AXIS2_PLACEMENT_3D('',#5816,#4746,#4747);
#4335=AXIS2_PLACEMENT_3D('',#5818,#4748,#4749);
#4336=AXIS2_PLACEMENT_3D('',#5819,#4750,#4751);
#4337=AXIS2_PLACEMENT_3D('',#5821,#4752,#4753);
#4338=AXIS2_PLACEMENT_3D('',#5822,#4754,#4755);
#4339=AXIS2_PLACEMENT_3D('',#5824,#4756,#4757);
#4340=AXIS2_PLACEMENT_3D('',#5825,#4758,#4759);
#4341=AXIS2_PLACEMENT_3D('',#5826,#4760,#4761);
#4342=AXIS2_PLACEMENT_3D('',#5835,#4766,#4767);
#4343=AXIS2_PLACEMENT_3D('',#5844,#4772,#4773);
#4344=AXIS2_PLACEMENT_3D('',#5849,#4777,#4778);
#4345=AXIS2_PLACEMENT_3D('',#5850,#4779,#4780);
#4346=AXIS2_PLACEMENT_3D('',#5853,#4782,#4783);
#4347=AXIS2_PLACEMENT_3D('',#5854,#4784,#4785);
#4348=AXIS2_PLACEMENT_3D('',#5855,#4786,#4787);
#4349=AXIS2_PLACEMENT_3D('',#5856,#4788,#4789);
#4350=AXIS2_PLACEMENT_3D('',#5857,#4790,#4791);
#4351=AXIS2_PLACEMENT_3D('',#5858,#4792,#4793);
#4352=AXIS2_PLACEMENT_3D('',#5859,#4794,#4795);
#4353=AXIS2_PLACEMENT_3D('',#5868,#4800,#4801);
#4354=AXIS2_PLACEMENT_3D('',#5874,#4805,#4806);
#4355=AXIS2_PLACEMENT_3D('',#5880,#4810,#4811);
#4356=AXIS2_PLACEMENT_3D('',#5883,#4814,#4815);
#4357=AXIS2_PLACEMENT_3D('',#5892,#4820,#4821);
#4358=AXIS2_PLACEMENT_3D('',#5894,#4822,#4823);
#4359=AXIS2_PLACEMENT_3D('',#5895,#4824,#4825);
#4360=AXIS2_PLACEMENT_3D('',#5897,#4826,#4827);
#4361=AXIS2_PLACEMENT_3D('',#5898,#4828,#4829);
#4362=AXIS2_PLACEMENT_3D('',#5904,#4833,#4834);
#4363=AXIS2_PLACEMENT_3D('',#5908,#4837,#4838);
#4364=AXIS2_PLACEMENT_3D('',#5912,#4841,#4842);
#4365=AXIS2_PLACEMENT_3D('',#5914,#4844,#4845);
#4366=AXIS2_PLACEMENT_3D('',#5915,#4846,#4847);
#4367=AXIS2_PLACEMENT_3D('',#5916,#4848,#4849);
#4368=AXIS2_PLACEMENT_3D('',#5925,#4854,#4855);
#4369=AXIS2_PLACEMENT_3D('',#5934,#4860,#4861);
#4370=AXIS2_PLACEMENT_3D('',#5943,#4866,#4867);
#4371=AXIS2_PLACEMENT_3D('',#5952,#4872,#4873);
#4372=AXIS2_PLACEMENT_3D('',#5961,#4878,#4879);
#4373=AXIS2_PLACEMENT_3D('',#5962,#4880,#4881);
#4374=AXIS2_PLACEMENT_3D('',#5963,#4882,#4883);
#4375=AXIS2_PLACEMENT_3D('',#5964,#4884,#4885);
#4376=AXIS2_PLACEMENT_3D('',#5965,#4886,#4887);
#4377=AXIS2_PLACEMENT_3D('',#5966,#4888,#4889);
#4378=AXIS2_PLACEMENT_3D('',#5967,#4890,#4891);
#4379=AXIS2_PLACEMENT_3D('',#5968,#4892,#4893);
#4380=AXIS2_PLACEMENT_3D('',#5969,#4894,#4895);
#4381=AXIS2_PLACEMENT_3D('',#5970,#4896,#4897);
#4382=AXIS2_PLACEMENT_3D('',#5971,#4898,#4899);
#4383=AXIS2_PLACEMENT_3D('',#5972,#4900,#4901);
#4384=AXIS2_PLACEMENT_3D('',#5973,#4902,#4903);
#4385=AXIS2_PLACEMENT_3D('',#5974,#4904,#4905);
#4386=AXIS2_PLACEMENT_3D('',#5977,#4908,#4909);
#4387=AXIS2_PLACEMENT_3D('',#5979,#4911,#4912);
#4388=AXIS2_PLACEMENT_3D('',#5981,#4914,#4915);
#4389=AXIS2_PLACEMENT_3D('',#5983,#4917,#4918);
#4390=AXIS2_PLACEMENT_3D('',#5985,#4920,#4921);
#4391=AXIS2_PLACEMENT_3D('',#5987,#4923,#4924);
#4392=AXIS2_PLACEMENT_3D('',#5989,#4926,#4927);
#4393=AXIS2_PLACEMENT_3D('',#5990,#4928,#4929);
#4394=AXIS2_PLACEMENT_3D('',#5991,#4930,#4931);
#4395=AXIS2_PLACEMENT_3D('',#5992,#4932,#4933);
#4396=AXIS2_PLACEMENT_3D('',#5997,#4935,#4936);
#4397=AXIS2_PLACEMENT_3D('',#6000,#4938,#4939);
#4398=AXIS2_PLACEMENT_3D('',#6001,#4940,#4941);
#4399=AXIS2_PLACEMENT_3D('',#6006,#4944,#4945);
#4400=AXIS2_PLACEMENT_3D('',#6007,#4946,#4947);
#4401=AXIS2_PLACEMENT_3D('',#6012,#4950,#4951);
#4402=AXIS2_PLACEMENT_3D('',#6015,#4954,#4955);
#4403=AXIS2_PLACEMENT_3D('',#6016,#4956,#4957);
#4404=AXIS2_PLACEMENT_3D('',#6017,#4958,#4959);
#4405=AXIS2_PLACEMENT_3D('',#6018,#4960,#4961);
#4406=AXIS2_PLACEMENT_3D('',#6022,#4963,#4964);
#4407=AXIS2_PLACEMENT_3D('',#6026,#4966,#4967);
#4408=AXIS2_PLACEMENT_3D('',#6027,#4968,#4969);
#4409=AXIS2_PLACEMENT_3D('',#6028,#4970,#4971);
#4410=AXIS2_PLACEMENT_3D('',#6029,#4972,#4973);
#4411=AXIS2_PLACEMENT_3D('',#6030,#4974,#4975);
#4412=AXIS2_PLACEMENT_3D('',#6031,#4976,#4977);
#4413=AXIS2_PLACEMENT_3D('',#6032,#4978,#4979);
#4414=AXIS2_PLACEMENT_3D('',#6033,#4980,#4981);
#4415=AXIS2_PLACEMENT_3D('',#6042,#4986,#4987);
#4416=AXIS2_PLACEMENT_3D('',#6083,#4992,#4993);
#4417=AXIS2_PLACEMENT_3D('',#6086,#4996,#4997);
#4418=AXIS2_PLACEMENT_3D('',#6087,#4998,#4999);
#4419=AXIS2_PLACEMENT_3D('',#6088,#5000,#5001);
#4420=AXIS2_PLACEMENT_3D('',#6089,#5002,#5003);
#4421=AXIS2_PLACEMENT_3D('',#6090,#5004,#5005);
#4422=AXIS2_PLACEMENT_3D('',#6092,#5006,#5007);
#4423=AXIS2_PLACEMENT_3D('',#6094,#5008,#5009);
#4424=AXIS2_PLACEMENT_3D('',#6095,#5010,#5011);
#4425=AXIS2_PLACEMENT_3D('',#6097,#5012,#5013);
#4426=AXIS2_PLACEMENT_3D('',#6098,#5014,#5015);
#4427=AXIS2_PLACEMENT_3D('',#6099,#5016,#5017);
#4428=AXIS2_PLACEMENT_3D('',#6100,#5018,#5019);
#4429=AXIS2_PLACEMENT_3D('',#6101,#5020,#5021);
#4430=AXIS2_PLACEMENT_3D('',#6103,#5022,#5023);
#4431=AXIS2_PLACEMENT_3D('',#6141,#5024,#5025);
#4432=AXIS2_PLACEMENT_3D('',#6142,#5026,#5027);
#4433=AXIS2_PLACEMENT_3D('',#6143,#5028,#5029);
#4434=AXIS2_PLACEMENT_3D('',#6144,#5030,#5031);
#4435=AXIS2_PLACEMENT_3D('',#6145,#5032,#5033);
#4436=AXIS2_PLACEMENT_3D('',#6146,#5034,#5035);
#4437=AXIS2_PLACEMENT_3D('',#6151,#5037,#5038);
#4438=AXIS2_PLACEMENT_3D('',#6154,#5040,#5041);
#4439=AXIS2_PLACEMENT_3D('',#6160,#5045,#5046);
#4440=AXIS2_PLACEMENT_3D('',#6161,#5047,#5048);
#4441=AXIS2_PLACEMENT_3D('',#6162,#5049,#5050);
#4442=AXIS2_PLACEMENT_3D('',#6163,#5051,#5052);
#4443=AXIS2_PLACEMENT_3D('',#6164,#5053,#5054);
#4444=AXIS2_PLACEMENT_3D('',#6165,#5055,#5056);
#4445=AXIS2_PLACEMENT_3D('',#6166,#5057,#5058);
#4446=AXIS2_PLACEMENT_3D('',#6167,#5059,#5060);
#4447=AXIS2_PLACEMENT_3D('',#6172,#5062,#5063);
#4448=AXIS2_PLACEMENT_3D('',#6175,#5065,#5066);
#4449=AXIS2_PLACEMENT_3D('',#6200,#5071,#5072);
#4450=AXIS2_PLACEMENT_3D('',#6201,#5073,#5074);
#4451=AXIS2_PLACEMENT_3D('',#6205,#5076,#5077);
#4452=AXIS2_PLACEMENT_3D('',#6225,#5079,#5080);
#4453=AXIS2_PLACEMENT_3D('',#6231,#5084,#5085);
#4454=AXIS2_PLACEMENT_3D('',#6232,#5086,#5087);
#4455=AXIS2_PLACEMENT_3D('',#6236,#5089,#5090);
#4456=AXIS2_PLACEMENT_3D('',#6237,#5091,#5092);
#4457=AXIS2_PLACEMENT_3D('',#6262,#5097,#5098);
#4458=AXIS2_PLACEMENT_3D('',#6263,#5099,#5100);
#4459=AXIS2_PLACEMENT_3D('',#6267,#5102,#5103);
#4460=AXIS2_PLACEMENT_3D('',#6287,#5105,#5106);
#4461=AXIS2_PLACEMENT_3D('',#6293,#5110,#5111);
#4462=AXIS2_PLACEMENT_3D('',#6294,#5112,#5113);
#4463=AXIS2_PLACEMENT_3D('',#6298,#5115,#5116);
#4464=AXIS2_PLACEMENT_3D('',#6299,#5117,#5118);
#4465=AXIS2_PLACEMENT_3D('',#6324,#5123,#5124);
#4466=AXIS2_PLACEMENT_3D('',#6325,#5125,#5126);
#4467=AXIS2_PLACEMENT_3D('',#6329,#5128,#5129);
#4468=AXIS2_PLACEMENT_3D('',#6349,#5131,#5132);
#4469=AXIS2_PLACEMENT_3D('',#6355,#5136,#5137);
#4470=AXIS2_PLACEMENT_3D('',#6356,#5138,#5139);
#4471=AXIS2_PLACEMENT_3D('',#6360,#5141,#5142);
#4472=AXIS2_PLACEMENT_3D('',#6361,#5143,#5144);
#4473=AXIS2_PLACEMENT_3D('',#6386,#5149,#5150);
#4474=AXIS2_PLACEMENT_3D('',#6387,#5151,#5152);
#4475=AXIS2_PLACEMENT_3D('',#6391,#5154,#5155);
#4476=AXIS2_PLACEMENT_3D('',#6411,#5157,#5158);
#4477=AXIS2_PLACEMENT_3D('',#6417,#5162,#5163);
#4478=AXIS2_PLACEMENT_3D('',#6418,#5164,#5165);
#4479=AXIS2_PLACEMENT_3D('',#6422,#5167,#5168);
#4480=AXIS2_PLACEMENT_3D('',#6423,#5169,#5170);
#4481=AXIS2_PLACEMENT_3D('',#6448,#5175,#5176);
#4482=AXIS2_PLACEMENT_3D('',#6449,#5177,#5178);
#4483=AXIS2_PLACEMENT_3D('',#6453,#5180,#5181);
#4484=AXIS2_PLACEMENT_3D('',#6473,#5183,#5184);
#4485=AXIS2_PLACEMENT_3D('',#6479,#5188,#5189);
#4486=AXIS2_PLACEMENT_3D('',#6480,#5190,#5191);
#4487=AXIS2_PLACEMENT_3D('',#6484,#5193,#5194);
#4488=AXIS2_PLACEMENT_3D('',#6485,#5195,#5196);
#4489=AXIS2_PLACEMENT_3D('',#6510,#5201,#5202);
#4490=AXIS2_PLACEMENT_3D('',#6511,#5203,#5204);
#4491=AXIS2_PLACEMENT_3D('',#6515,#5206,#5207);
#4492=AXIS2_PLACEMENT_3D('',#6535,#5209,#5210);
#4493=AXIS2_PLACEMENT_3D('',#6541,#5214,#5215);
#4494=AXIS2_PLACEMENT_3D('',#6542,#5216,#5217);
#4495=AXIS2_PLACEMENT_3D('',#6546,#5219,#5220);
#4496=AXIS2_PLACEMENT_3D('',#6547,#5221,#5222);
#4497=AXIS2_PLACEMENT_3D('',#6572,#5227,#5228);
#4498=AXIS2_PLACEMENT_3D('',#6573,#5229,#5230);
#4499=AXIS2_PLACEMENT_3D('',#6577,#5232,#5233);
#4500=AXIS2_PLACEMENT_3D('',#6597,#5235,#5236);
#4501=AXIS2_PLACEMENT_3D('',#6603,#5240,#5241);
#4502=AXIS2_PLACEMENT_3D('',#6604,#5242,#5243);
#4503=AXIS2_PLACEMENT_3D('',#6608,#5245,#5246);
#4504=AXIS2_PLACEMENT_3D('',#6609,#5247,#5248);
#4505=AXIS2_PLACEMENT_3D('',#6634,#5253,#5254);
#4506=AXIS2_PLACEMENT_3D('',#6635,#5255,#5256);
#4507=AXIS2_PLACEMENT_3D('',#6639,#5258,#5259);
#4508=AXIS2_PLACEMENT_3D('',#6659,#5261,#5262);
#4509=AXIS2_PLACEMENT_3D('',#6665,#5266,#5267);
#4510=AXIS2_PLACEMENT_3D('',#6666,#5268,#5269);
#4511=AXIS2_PLACEMENT_3D('',#6670,#5271,#5272);
#4512=AXIS2_PLACEMENT_3D('',#6671,#5273,#5274);
#4513=AXIS2_PLACEMENT_3D('',#6696,#5279,#5280);
#4514=AXIS2_PLACEMENT_3D('',#6697,#5281,#5282);
#4515=AXIS2_PLACEMENT_3D('',#6701,#5284,#5285);
#4516=AXIS2_PLACEMENT_3D('',#6721,#5287,#5288);
#4517=AXIS2_PLACEMENT_3D('',#6727,#5292,#5293);
#4518=AXIS2_PLACEMENT_3D('',#6728,#5294,#5295);
#4519=AXIS2_PLACEMENT_3D('',#6732,#5297,#5298);
#4520=AXIS2_PLACEMENT_3D('',#6733,#5299,#5300);
#4521=AXIS2_PLACEMENT_3D('',#6758,#5305,#5306);
#4522=AXIS2_PLACEMENT_3D('',#6759,#5307,#5308);
#4523=AXIS2_PLACEMENT_3D('',#6763,#5310,#5311);
#4524=AXIS2_PLACEMENT_3D('',#6783,#5313,#5314);
#4525=AXIS2_PLACEMENT_3D('',#6789,#5318,#5319);
#4526=AXIS2_PLACEMENT_3D('',#6790,#5320,#5321);
#4527=AXIS2_PLACEMENT_3D('',#6794,#5323,#5324);
#4528=AXIS2_PLACEMENT_3D('',#6795,#5325,#5326);
#4529=AXIS2_PLACEMENT_3D('',#6820,#5331,#5332);
#4530=AXIS2_PLACEMENT_3D('',#6821,#5333,#5334);
#4531=AXIS2_PLACEMENT_3D('',#6825,#5336,#5337);
#4532=AXIS2_PLACEMENT_3D('',#6845,#5339,#5340);
#4533=AXIS2_PLACEMENT_3D('',#6851,#5344,#5345);
#4534=AXIS2_PLACEMENT_3D('',#6852,#5346,#5347);
#4535=AXIS2_PLACEMENT_3D('',#6856,#5349,#5350);
#4536=AXIS2_PLACEMENT_3D('',#6857,#5351,#5352);
#4537=AXIS2_PLACEMENT_3D('',#6882,#5357,#5358);
#4538=AXIS2_PLACEMENT_3D('',#6883,#5359,#5360);
#4539=AXIS2_PLACEMENT_3D('',#6887,#5362,#5363);
#4540=AXIS2_PLACEMENT_3D('',#6907,#5365,#5366);
#4541=AXIS2_PLACEMENT_3D('',#6913,#5370,#5371);
#4542=AXIS2_PLACEMENT_3D('',#6914,#5372,#5373);
#4543=AXIS2_PLACEMENT_3D('',#6918,#5375,#5376);
#4544=AXIS2_PLACEMENT_3D('',#6919,#5377,#5378);
#4545=AXIS2_PLACEMENT_3D('',#6944,#5383,#5384);
#4546=AXIS2_PLACEMENT_3D('',#6945,#5385,#5386);
#4547=AXIS2_PLACEMENT_3D('',#6949,#5388,#5389);
#4548=AXIS2_PLACEMENT_3D('',#6969,#5391,#5392);
#4549=AXIS2_PLACEMENT_3D('',#6975,#5396,#5397);
#4550=AXIS2_PLACEMENT_3D('',#6976,#5398,#5399);
#4551=AXIS2_PLACEMENT_3D('',#6980,#5401,#5402);
#4552=AXIS2_PLACEMENT_3D('',#6981,#5403,#5404);
#4553=AXIS2_PLACEMENT_3D('',#7006,#5409,#5410);
#4554=AXIS2_PLACEMENT_3D('',#7007,#5411,#5412);
#4555=AXIS2_PLACEMENT_3D('',#7011,#5414,#5415);
#4556=AXIS2_PLACEMENT_3D('',#7031,#5417,#5418);
#4557=AXIS2_PLACEMENT_3D('',#7037,#5422,#5423);
#4558=AXIS2_PLACEMENT_3D('',#7038,#5424,#5425);
#4559=AXIS2_PLACEMENT_3D('',#7042,#5427,#5428);
#4560=AXIS2_PLACEMENT_3D('',#7043,#5429,#5430);
#4561=AXIS2_PLACEMENT_3D('',#7068,#5435,#5436);
#4562=AXIS2_PLACEMENT_3D('',#7069,#5437,#5438);
#4563=AXIS2_PLACEMENT_3D('',#7073,#5440,#5441);
#4564=AXIS2_PLACEMENT_3D('',#7093,#5443,#5444);
#4565=AXIS2_PLACEMENT_3D('',#7099,#5448,#5449);
#4566=AXIS2_PLACEMENT_3D('',#7100,#5450,#5451);
#4567=AXIS2_PLACEMENT_3D('',#7104,#5453,#5454);
#4568=AXIS2_PLACEMENT_3D('',#7105,#5455,#5456);
#4569=AXIS2_PLACEMENT_3D('',#7130,#5461,#5462);
#4570=AXIS2_PLACEMENT_3D('',#7131,#5463,#5464);
#4571=AXIS2_PLACEMENT_3D('',#7135,#5466,#5467);
#4572=AXIS2_PLACEMENT_3D('',#7155,#5469,#5470);
#4573=AXIS2_PLACEMENT_3D('',#7158,#5473,#5474);
#4574=AXIS2_PLACEMENT_3D('',#7159,#5475,#5476);
#4575=AXIS2_PLACEMENT_3D('',#7161,#5477,#5478);
#4576=AXIS2_PLACEMENT_3D('',#7162,#5479,#5480);
#4577=AXIS2_PLACEMENT_3D('',#7164,#5481,#5482);
#4578=AXIS2_PLACEMENT_3D('',#7165,#5483,#5484);
#4579=AXIS2_PLACEMENT_3D('',#7167,#5485,#5486);
#4580=AXIS2_PLACEMENT_3D('',#7168,#5487,#5488);
#4581=AXIS2_PLACEMENT_3D('',#7170,#5489,#5490);
#4582=AXIS2_PLACEMENT_3D('',#7171,#5491,#5492);
#4583=AXIS2_PLACEMENT_3D('',#7172,#5493,#5494);
#4584=AXIS2_PLACEMENT_3D('',#7181,#5499,#5500);
#4585=AXIS2_PLACEMENT_3D('',#7187,#5504,#5505);
#4586=AXIS2_PLACEMENT_3D('',#7193,#5509,#5510);
#4587=AXIS2_PLACEMENT_3D('',#7196,#5513,#5514);
#4588=AXIS2_PLACEMENT_3D('',#7197,#5515,#5516);
#4589=AXIS2_PLACEMENT_3D('',#7199,#5517,#5518);
#4590=AXIS2_PLACEMENT_3D('',#7200,#5519,#5520);
#4591=AXIS2_PLACEMENT_3D('',#7202,#5521,#5522);
#4592=AXIS2_PLACEMENT_3D('',#7203,#5523,#5524);
#4593=AXIS2_PLACEMENT_3D('',#7205,#5525,#5526);
#4594=AXIS2_PLACEMENT_3D('',#7206,#5527,#5528);
#4595=AXIS2_PLACEMENT_3D('',#7207,#5529,#5530);
#4596=AXIS2_PLACEMENT_3D('',#7208,#5531,#5532);
#4597=AXIS2_PLACEMENT_3D('',#7210,#5533,#5534);
#4598=AXIS2_PLACEMENT_3D('',#7212,#5535,#5536);
#4599=AXIS2_PLACEMENT_3D('',#7215,#5537,#5538);
#4600=AXIS2_PLACEMENT_3D('',#7216,#5539,#5540);
#4601=AXIS2_PLACEMENT_3D('',#7217,#5541,#5542);
#4602=AXIS2_PLACEMENT_3D('',#7218,#5543,#5544);
#4603=AXIS2_PLACEMENT_3D('',#7219,#5545,#5546);
#4604=AXIS2_PLACEMENT_3D('',#7221,#5547,#5548);
#4605=AXIS2_PLACEMENT_3D('',#7222,#5549,#5550);
#4606=AXIS2_PLACEMENT_3D('',#7223,#5551,#5552);
#4607=AXIS2_PLACEMENT_3D('',#7224,#5553,#5554);
#4608=AXIS2_PLACEMENT_3D('',#7226,#5555,#5556);
#4609=AXIS2_PLACEMENT_3D('',#7252,#5557,#5558);
#4610=AXIS2_PLACEMENT_3D('',#7253,#5559,#5560);
#4611=AXIS2_PLACEMENT_3D('',#7254,#5561,#5562);
#4612=AXIS2_PLACEMENT_3D('',#7255,#5563,#5564);
#4613=AXIS2_PLACEMENT_3D('',#7256,#5565,#5566);
#4614=AXIS2_PLACEMENT_3D('',#7265,#5571,#5572);
#4615=AXIS2_PLACEMENT_3D('',#7266,#5573,#5574);
#4616=AXIS2_PLACEMENT_3D('',#7273,#5578,#5579);
#4617=AXIS2_PLACEMENT_3D('',#7279,#5583,#5584);
#4618=AXIS2_PLACEMENT_3D('',#7280,#5585,#5586);
#4619=AXIS2_PLACEMENT_3D('',#7284,#5589,#5590);
#4620=AXIS2_PLACEMENT_3D('',#7285,#5591,#5592);
#4621=AXIS2_PLACEMENT_3D('',#7286,#5593,#5594);
#4622=AXIS2_PLACEMENT_3D('',#7287,#5595,#5596);
#4623=AXIS2_PLACEMENT_3D('',#7288,#5597,#5598);
#4624=AXIS2_PLACEMENT_3D('',#7289,#5599,#5600);
#4625=AXIS2_PLACEMENT_3D('',#7294,#5602,#5603);
#4626=AXIS2_PLACEMENT_3D('',#7297,#5605,#5606);
#4627=AXIS2_PLACEMENT_3D('',#7298,#5607,#5608);
#4628=AXIS2_PLACEMENT_3D('',#7303,#5611,#5612);
#4629=AXIS2_PLACEMENT_3D('',#7304,#5613,#5614);
#4630=AXIS2_PLACEMENT_3D('',#7309,#5617,#5618);
#4631=AXIS2_PLACEMENT_3D('',#7312,#5621,#5622);
#4632=AXIS2_PLACEMENT_3D('',#7313,#5623,#5624);
#4633=AXIS2_PLACEMENT_3D('',#7314,#5625,#5626);
#4634=AXIS2_PLACEMENT_3D('',#7315,#5627,#5628);
#4635=AXIS2_PLACEMENT_3D('',#7324,#5633,#5634);
#4636=AXIS2_PLACEMENT_3D('',#7330,#5638,#5639);
#4637=AXIS2_PLACEMENT_3D('',#7336,#5643,#5644);
#4638=AXIS2_PLACEMENT_3D('',#7339,#5647,#5648);
#4639=AXIS2_PLACEMENT_3D('',#7340,#5649,#5650);
#4640=AXIS2_PLACEMENT_3D('',#7342,#5651,#5652);
#4641=AXIS2_PLACEMENT_3D('',#7343,#5653,#5654);
#4642=AXIS2_PLACEMENT_3D('',#7344,#5655,#5656);
#4643=AXIS2_PLACEMENT_3D('',#7346,#5657,#5658);
#4644=AXIS2_PLACEMENT_3D('',#7348,#5659,#5660);
#4645=AXIS2_PLACEMENT_3D('',#7349,#5661,#5662);
#4646=AXIS2_PLACEMENT_3D('',#7350,#5663,#5664);
#4647=AXIS2_PLACEMENT_3D('',#7373,#5667,#5668);
#4648=AXIS2_PLACEMENT_3D('',#7376,#5671,#5672);
#4649=AXIS2_PLACEMENT_3D('',#7377,#5673,#5674);
#4650=AXIS2_PLACEMENT_3D('',#7378,#5675,#5676);
#4651=AXIS2_PLACEMENT_3D('',#7379,#5677,#5678);
#4652=AXIS2_PLACEMENT_3D('',#7388,#5683,#5684);
#4653=AXIS2_PLACEMENT_3D('',#7397,#5689,#5690);
#4654=AXIS2_PLACEMENT_3D('',#7406,#5695,#5696);
#4655=AXIS2_PLACEMENT_3D('',#7415,#5701,#5702);
#4656=AXIS2_PLACEMENT_3D('',#7416,#5703,#5704);
#4657=AXIS2_PLACEMENT_3D('',#7417,#5705,#5706);
#4658=AXIS2_PLACEMENT_3D('',#7418,#5707,#5708);
#4659=AXIS2_PLACEMENT_3D('',#7419,#5709,#5710);
#4660=AXIS2_PLACEMENT_3D('',#7423,#5712,#5713);
#4661=AXIS2_PLACEMENT_3D('',#7424,#5714,#5715);
#4662=AXIS2_PLACEMENT_3D('',#7425,#5716,#5717);
#4663=AXIS2_PLACEMENT_3D('',#7438,#5726,#5727);
#4664=AXIS2_PLACEMENT_3D('',#7439,#5728,#5729);
#4665=AXIS2_PLACEMENT_3D('',#7440,#5730,#5731);
#4666=AXIS2_PLACEMENT_3D('',#7446,#5735,#5736);
#4667=AXIS2_PLACEMENT_3D('',#7450,#5739,#5740);
#4668=AXIS2_PLACEMENT_3D('',#7454,#5743,#5744);
#4669=AXIS2_PLACEMENT_3D('',#7458,#5747,#5748);
#4670=AXIS2_PLACEMENT_3D('',#7462,#5751,#5752);
#4671=AXIS2_PLACEMENT_3D('',#7464,#5754,#5755);
#4672=DIRECTION('',(0.,0.,1.));
#4673=DIRECTION('',(1.,0.,0.));
#4674=DIRECTION('',(0.,1.,0.));
#4675=DIRECTION('',(0.,0.,-1.));
#4676=DIRECTION('',(0.,-1.,0.));
#4677=DIRECTION('',(0.,0.,1.));
#4678=DIRECTION('',(0.,-1.,0.));
#4679=DIRECTION('',(0.,0.,1.));
#4680=DIRECTION('',(0.,-1.,0.));
#4681=DIRECTION('',(0.,0.,1.));
#4682=DIRECTION('',(0.,-1.,0.));
#4683=DIRECTION('',(0.,0.,-1.));
#4684=DIRECTION('',(0.,-1.,0.));
#4685=DIRECTION('',(0.,0.,1.));
#4686=DIRECTION('',(0.,-1.,0.));
#4687=DIRECTION('',(0.,0.,-1.));
#4688=DIRECTION('',(0.,1.,0.));
#4689=DIRECTION('',(0.,0.,-1.));
#4690=DIRECTION('',(0.,1.,0.));
#4691=DIRECTION('',(0.,0.,-1.));
#4692=DIRECTION('',(0.,-1.,0.));
#4693=DIRECTION('',(0.,0.,1.));
#4694=DIRECTION('',(0.,-1.,0.));
#4695=DIRECTION('',(0.,0.,-1.));
#4696=DIRECTION('',(0.,-1.,0.));
#4697=DIRECTION('',(0.,0.,-1.));
#4698=DIRECTION('',(0.,0.,1.));
#4699=DIRECTION('',(1.,0.,0.));
#4700=DIRECTION('',(0.5,0.,0.866025403784439));
#4701=DIRECTION('',(-0.866025403784439,0.,0.5));
#4702=DIRECTION('',(0.,1.,0.));
#4703=DIRECTION('',(0.866025403784439,0.,-0.5));
#4704=DIRECTION('',(0.,1.,0.));
#4705=DIRECTION('',(0.866025403784439,0.,-0.5));
#4706=DIRECTION('',(-1.,0.,0.));
#4707=DIRECTION('',(0.,-1.,0.));
#4708=DIRECTION('',(0.,1.,0.));
#4709=DIRECTION('',(0.,0.,1.));
#4710=DIRECTION('',(0.,1.,0.));
#4711=DIRECTION('',(0.,0.,1.));
#4712=DIRECTION('',(0.5,0.,-0.866025403784439));
#4713=DIRECTION('',(0.866025403784439,0.,0.5));
#4714=DIRECTION('',(-0.866025403784439,0.,-0.5));
#4715=DIRECTION('',(0.5,0.,-0.866025403784439));
#4716=DIRECTION('',(0.866025403784439,0.,0.5));
#4717=DIRECTION('',(-0.866025403784439,0.,-0.5));
#4718=DIRECTION('',(0.5,0.,-0.866025403784439));
#4719=DIRECTION('',(0.866025403784439,0.,0.5));
#4720=DIRECTION('',(0.,-1.,0.));
#4721=DIRECTION('',(0.,0.,1.));
#4722=DIRECTION('',(0.,-1.,0.));
#4723=DIRECTION('',(0.,0.,-1.));
#4724=DIRECTION('',(0.,-1.,0.));
#4725=DIRECTION('',(0.,0.,1.));
#4726=DIRECTION('',(0.,0.,1.));
#4727=DIRECTION('',(0.866025403784439,0.,-0.5));
#4728=DIRECTION('',(0.,1.,0.));
#4729=DIRECTION('',(0.,0.,1.));
#4730=DIRECTION('',(0.,1.,0.));
#4731=DIRECTION('',(0.,0.,1.));
#4732=DIRECTION('',(0.,0.,1.));
#4733=DIRECTION('',(1.,0.,0.));
#4734=DIRECTION('',(9.97465998686663E-15,0.,-1.));
#4735=DIRECTION('',(-1.,0.,-9.97465998686663E-15));
#4736=DIRECTION('',(0.,1.,-1.14925430283425E-14));
#4737=DIRECTION('',(0.,1.14925430283425E-14,1.));
#4738=DIRECTION('',(0.866025403784463,-6.39679281766181E-15,-0.499999999999959));
#4739=DIRECTION('',(-0.499999999999959,0.,-0.866025403784463));
#4740=DIRECTION('',(0.866025403784439,0.,-0.5));
#4741=DIRECTION('',(-0.5,0.,-0.866025403784439));
#4742=DIRECTION('',(0.,0.,1.));
#4743=DIRECTION('',(1.,0.,0.));
#4744=DIRECTION('',(0.,1.,0.));
#4745=DIRECTION('',(0.,0.,1.));
#4746=DIRECTION('',(0.,1.,0.));
#4747=DIRECTION('',(0.,0.,1.));
#4748=DIRECTION('',(0.,1.,0.));
#4749=DIRECTION('',(0.,0.,1.));
#4750=DIRECTION('',(0.,1.,0.));
#4751=DIRECTION('',(0.,0.,1.));
#4752=DIRECTION('',(0.,1.,0.));
#4753=DIRECTION('',(0.,0.,1.));
#4754=DIRECTION('',(0.,1.,0.));
#4755=DIRECTION('',(0.,0.,1.));
#4756=DIRECTION('',(0.,1.,0.));
#4757=DIRECTION('',(0.,0.,1.));
#4758=DIRECTION('',(0.,0.,1.));
#4759=DIRECTION('',(1.,0.,0.));
#4760=DIRECTION('',(0.5,0.,0.866025403784439));
#4761=DIRECTION('',(-0.866025403784439,0.,0.5));
#4762=DIRECTION('',(0.866025403784439,0.,-0.5));
#4763=DIRECTION('',(0.,1.,0.));
#4764=DIRECTION('',(0.866025403784439,0.,-0.5));
#4765=DIRECTION('',(0.,1.,0.));
#4766=DIRECTION('',(-1.,0.,0.));
#4767=DIRECTION('',(0.,-1.,0.));
#4768=DIRECTION('',(0.,1.,0.));
#4769=DIRECTION('',(0.,0.,-1.));
#4770=DIRECTION('',(0.,1.,0.));
#4771=DIRECTION('',(0.,0.,1.));
#4772=DIRECTION('',(0.5,0.,-0.866025403784439));
#4773=DIRECTION('',(0.866025403784439,0.,0.5));
#4774=DIRECTION('',(-0.866025403784439,0.,-0.5));
#4775=DIRECTION('',(0.654653670708133,0.65465367070777,0.377964473009317));
#4776=DIRECTION('',(-0.866025403784439,0.,-0.5));
#4777=DIRECTION('',(0.,-1.,0.));
#4778=DIRECTION('',(0.,0.,1.));
#4779=DIRECTION('',(0.,-1.,0.));
#4780=DIRECTION('',(0.,0.,-1.));
#4781=DIRECTION('',(0.,0.,1.));
#4782=DIRECTION('',(0.,-1.,0.));
#4783=DIRECTION('',(0.,0.,1.));
#4784=DIRECTION('',(0.,-1.,0.));
#4785=DIRECTION('',(0.,0.,-1.));
#4786=DIRECTION('',(0.,1.,0.));
#4787=DIRECTION('',(0.,0.,1.));
#4788=DIRECTION('',(0.707106781186351,-0.707106781186744,0.));
#4789=DIRECTION('',(0.707106781186744,0.707106781186351,0.));
#4790=DIRECTION('',(0.707106781186351,-0.707106781186744,0.));
#4791=DIRECTION('',(0.,0.,-1.));
#4792=DIRECTION('',(0.,0.,1.));
#4793=DIRECTION('',(1.,0.,0.));
#4794=DIRECTION('',(0.,0.,-1.));
#4795=DIRECTION('',(0.,-1.,0.));
#4796=DIRECTION('',(-1.,0.,0.));
#4797=DIRECTION('',(0.,1.,0.));
#4798=DIRECTION('',(-1.,0.,0.));
#4799=DIRECTION('',(0.,1.,0.));
#4800=DIRECTION('',(-1.,0.,0.));
#4801=DIRECTION('',(0.,-1.,0.));
#4802=DIRECTION('',(0.,0.,1.));
#4803=DIRECTION('',(0.,1.,0.));
#4804=DIRECTION('',(0.,0.,1.));
#4805=DIRECTION('',(0.,0.,-1.));
#4806=DIRECTION('',(0.,-1.,0.));
#4807=DIRECTION('',(-1.,0.,0.));
#4808=DIRECTION('',(0.,1.,0.));
#4809=DIRECTION('',(-1.,0.,0.));
#4810=DIRECTION('',(-1.,0.,0.));
#4811=DIRECTION('',(0.,-1.,0.));
#4812=DIRECTION('',(0.,0.,1.));
#4813=DIRECTION('',(0.,0.,1.));
#4814=DIRECTION('',(0.,-1.,0.));
#4815=DIRECTION('',(0.,0.,1.));
#4816=DIRECTION('',(1.,0.,0.));
#4817=DIRECTION('',(0.,0.,-1.));
#4818=DIRECTION('',(1.,0.,0.));
#4819=DIRECTION('',(0.,0.,-1.));
#4820=DIRECTION('',(0.,-1.,0.));
#4821=DIRECTION('',(0.,0.,-1.));
#4822=DIRECTION('',(0.,-1.,0.));
#4823=DIRECTION('',(0.,0.,1.));
#4824=DIRECTION('',(0.,-1.,0.));
#4825=DIRECTION('',(0.,0.,-1.));
#4826=DIRECTION('',(0.,1.,0.));
#4827=DIRECTION('',(0.,0.,-1.));
#4828=DIRECTION('',(0.,0.,-1.));
#4829=DIRECTION('',(0.,-1.,0.));
#4830=DIRECTION('',(0.,1.,0.));
#4831=DIRECTION('',(-1.,0.,0.));
#4832=DIRECTION('',(0.,1.,0.));
#4833=DIRECTION('',(-1.,0.,0.));
#4834=DIRECTION('',(0.,-1.,0.));
#4835=DIRECTION('',(0.,1.,0.));
#4836=DIRECTION('',(0.,0.,1.));
#4837=DIRECTION('',(0.,0.,-1.));
#4838=DIRECTION('',(0.,-1.,0.));
#4839=DIRECTION('',(0.,1.,0.));
#4840=DIRECTION('',(-1.,0.,0.));
#4841=DIRECTION('',(-1.,0.,0.));
#4842=DIRECTION('',(0.,-1.,0.));
#4843=DIRECTION('',(0.,0.,1.));
#4844=DIRECTION('',(0.,-1.,0.));
#4845=DIRECTION('',(0.,0.,1.));
#4846=DIRECTION('',(0.,0.,1.));
#4847=DIRECTION('',(1.,0.,0.));
#4848=DIRECTION('',(0.,0.,-1.));
#4849=DIRECTION('',(0.,-1.,0.));
#4850=DIRECTION('',(0.,1.,0.));
#4851=DIRECTION('',(-1.,0.,0.));
#4852=DIRECTION('',(0.,1.,0.));
#4853=DIRECTION('',(-1.,0.,0.));
#4854=DIRECTION('',(-1.,0.,0.));
#4855=DIRECTION('',(0.,-1.,0.));
#4856=DIRECTION('',(0.,1.,0.));
#4857=DIRECTION('',(0.,0.,-1.));
#4858=DIRECTION('',(0.,1.,0.));
#4859=DIRECTION('',(0.,0.,1.));
#4860=DIRECTION('',(0.,0.,-1.));
#4861=DIRECTION('',(0.,-1.,0.));
#4862=DIRECTION('',(0.,1.,0.));
#4863=DIRECTION('',(1.,0.,0.));
#4864=DIRECTION('',(0.,1.,0.));
#4865=DIRECTION('',(-1.,0.,0.));
#4866=DIRECTION('',(-1.,0.,0.));
#4867=DIRECTION('',(0.,-1.,0.));
#4868=DIRECTION('',(0.,1.,0.));
#4869=DIRECTION('',(0.,0.,1.));
#4870=DIRECTION('',(0.,1.,0.));
#4871=DIRECTION('',(0.,0.,1.));
#4872=DIRECTION('',(0.,-1.,0.));
#4873=DIRECTION('',(0.,0.,1.));
#4874=DIRECTION('',(-1.,0.,0.));
#4875=DIRECTION('',(0.,0.,-1.));
#4876=DIRECTION('',(1.,0.,0.));
#4877=DIRECTION('',(0.,0.,1.));
#4878=DIRECTION('',(0.,-1.,0.));
#4879=DIRECTION('',(0.,0.,1.));
#4880=DIRECTION('',(0.,-1.,0.));
#4881=DIRECTION('',(0.,0.,-1.));
#4882=DIRECTION('',(0.,-1.,0.));
#4883=DIRECTION('',(0.,0.,-1.));
#4884=DIRECTION('',(0.,-1.,0.));
#4885=DIRECTION('',(0.,0.,-1.));
#4886=DIRECTION('',(0.,-1.,0.));
#4887=DIRECTION('',(0.,0.,-1.));
#4888=DIRECTION('',(0.,1.,0.));
#4889=DIRECTION('',(0.,0.,1.));
#4890=DIRECTION('',(0.,-1.,0.));
#4891=DIRECTION('',(0.,0.,-1.));
#4892=DIRECTION('',(0.,-1.,0.));
#4893=DIRECTION('',(0.,0.,-1.));
#4894=DIRECTION('',(0.,-1.,0.));
#4895=DIRECTION('',(0.,0.,-1.));
#4896=DIRECTION('',(0.,1.,0.));
#4897=DIRECTION('',(0.,0.,1.));
#4898=DIRECTION('',(0.,-1.,0.));
#4899=DIRECTION('',(0.,0.,-1.));
#4900=DIRECTION('',(0.,-1.,0.));
#4901=DIRECTION('',(0.,0.,-1.));
#4902=DIRECTION('',(0.,-1.,0.));
#4903=DIRECTION('',(0.,0.,-1.));
#4904=DIRECTION('',(0.707106781186705,-0.707106781186391,0.));
#4905=DIRECTION('',(0.,0.,-1.));
#4906=DIRECTION('',(-0.707106781186391,-0.707106781186705,0.));
#4907=DIRECTION('',(0.707106781186391,0.707106781186705,0.));
#4908=DIRECTION('',(0.,1.,0.));
#4909=DIRECTION('',(0.,0.,1.));
#4910=DIRECTION('',(0.,-0.707106781186666,0.707106781186429));
#4911=DIRECTION('',(0.,1.,0.));
#4912=DIRECTION('',(0.,0.,1.));
#4913=DIRECTION('',(0.,0.707106781186665,0.70710678118643));
#4914=DIRECTION('',(0.,0.70710678118643,0.707106781186665));
#4915=DIRECTION('',(-1.,0.,0.));
#4916=DIRECTION('',(0.,-0.707106781186665,0.70710678118643));
#4917=DIRECTION('',(0.,-0.70710678118643,0.707106781186665));
#4918=DIRECTION('',(1.,0.,0.));
#4919=DIRECTION('',(0.,0.707106781186665,0.70710678118643));
#4920=DIRECTION('',(0.,1.,0.));
#4921=DIRECTION('',(0.,0.,1.));
#4922=DIRECTION('',(0.707106781186391,-0.707106781186705,0.));
#4923=DIRECTION('',(0.,1.,0.));
#4924=DIRECTION('',(0.,0.,1.));
#4925=DIRECTION('',(-0.707106781186391,0.707106781186705,0.));
#4926=DIRECTION('',(0.707106781186705,0.707106781186391,0.));
#4927=DIRECTION('',(0.,0.,1.));
#4928=DIRECTION('',(0.,0.,1.));
#4929=DIRECTION('',(1.,0.,0.));
#4930=DIRECTION('',(0.,1.,0.));
#4931=DIRECTION('',(0.,0.,1.));
#4932=DIRECTION('',(0.,1.,0.));
#4933=DIRECTION('',(0.,0.,1.));
#4934=DIRECTION('',(0.,1.,0.));
#4935=DIRECTION('',(0.,1.,0.));
#4936=DIRECTION('',(0.,0.,1.));
#4937=DIRECTION('',(0.,1.,0.));
#4938=DIRECTION('',(0.,1.,0.));
#4939=DIRECTION('',(0.,0.,1.));
#4940=DIRECTION('',(0.,1.,0.));
#4941=DIRECTION('',(0.,0.,1.));
#4942=DIRECTION('',(0.,0.,1.));
#4943=DIRECTION('',(-0.866025403784439,0.,0.5));
#4944=DIRECTION('',(0.,1.,0.));
#4945=DIRECTION('',(0.,0.,1.));
#4946=DIRECTION('',(0.,1.,0.));
#4947=DIRECTION('',(0.,0.,1.));
#4948=DIRECTION('',(0.,-1.,0.));
#4949=DIRECTION('',(0.,-1.,0.));
#4950=DIRECTION('',(0.,-1.,0.));
#4951=DIRECTION('',(0.,0.,-1.));
#4952=DIRECTION('',(0.866025403784439,0.,-0.5));
#4953=DIRECTION('',(0.,0.,-1.));
#4954=DIRECTION('',(0.5,0.,0.866025403784439));
#4955=DIRECTION('',(-0.866025403784439,0.,0.5));
#4956=DIRECTION('',(1.,0.,0.));
#4957=DIRECTION('',(0.,0.,1.));
#4958=DIRECTION('',(0.,0.,1.));
#4959=DIRECTION('',(1.,0.,0.));
#4960=DIRECTION('',(0.,1.,0.));
#4961=DIRECTION('',(0.,0.,-1.));
#4962=DIRECTION('',(0.,1.,0.));
#4963=DIRECTION('',(0.,-1.,0.));
#4964=DIRECTION('',(0.,0.,1.));
#4965=DIRECTION('',(0.,1.,0.));
#4966=DIRECTION('',(0.,-1.,0.));
#4967=DIRECTION('',(0.,0.,1.));
#4968=DIRECTION('',(0.,-1.,0.));
#4969=DIRECTION('',(0.,0.,1.));
#4970=DIRECTION('',(0.,-1.,0.));
#4971=DIRECTION('',(0.,0.,1.));
#4972=DIRECTION('',(0.,-1.,0.));
#4973=DIRECTION('',(0.,0.,1.));
#4974=DIRECTION('',(0.,-1.,0.));
#4975=DIRECTION('',(0.,0.,1.));
#4976=DIRECTION('',(0.,1.,0.));
#4977=DIRECTION('',(0.,0.,-1.));
#4978=DIRECTION('',(0.,0.,1.));
#4979=DIRECTION('',(1.,0.,0.));
#4980=DIRECTION('',(0.,0.,1.));
#4981=DIRECTION('',(1.,0.,0.));
#4982=DIRECTION('',(1.,0.,0.));
#4983=DIRECTION('',(0.,1.,0.));
#4984=DIRECTION('',(1.,0.,0.));
#4985=DIRECTION('',(0.,1.,0.));
#4986=DIRECTION('',(-1.,0.,0.));
#4987=DIRECTION('',(0.,0.,1.));
#4988=DIRECTION('',(0.,0.,1.));
#4989=DIRECTION('',(0.,1.,0.));
#4990=DIRECTION('',(0.,0.,1.));
#4991=DIRECTION('',(0.,1.,0.));
#4992=DIRECTION('',(1.,0.,0.));
#4993=DIRECTION('',(0.,0.,-1.));
#4994=DIRECTION('',(0.,0.,-1.));
#4995=DIRECTION('',(0.,0.,-1.));
#4996=DIRECTION('',(0.,-1.,0.));
#4997=DIRECTION('',(0.,0.,1.));
#4998=DIRECTION('',(0.,-1.,0.));
#4999=DIRECTION('',(0.,0.,1.));
#5000=DIRECTION('',(0.,0.,1.));
#5001=DIRECTION('',(1.,0.,0.));
#5002=DIRECTION('',(0.,-1.,0.));
#5003=DIRECTION('',(0.,0.,-1.));
#5004=DIRECTION('',(-1.,0.,0.));
#5005=DIRECTION('',(0.,0.,-1.));
#5006=DIRECTION('',(0.,0.,1.));
#5007=DIRECTION('',(-1.,0.,0.));
#5008=DIRECTION('',(0.,0.,1.));
#5009=DIRECTION('',(1.,0.,0.));
#5010=DIRECTION('',(0.,0.,1.));
#5011=DIRECTION('',(-1.,0.,0.));
#5012=DIRECTION('',(-1.,0.,0.));
#5013=DIRECTION('',(0.,0.,-1.));
#5014=DIRECTION('',(0.,0.,1.));
#5015=DIRECTION('',(-1.,0.,0.));
#5016=DIRECTION('',(0.,0.,1.));
#5017=DIRECTION('',(1.,0.,0.));
#5018=DIRECTION('',(0.,1.,0.));
#5019=DIRECTION('',(0.,0.,-1.));
#5020=DIRECTION('',(0.,-1.,0.));
#5021=DIRECTION('',(0.,0.,1.));
#5022=DIRECTION('',(0.,-1.,0.));
#5023=DIRECTION('',(0.,0.,1.));
#5024=DIRECTION('',(0.,-1.,0.));
#5025=DIRECTION('',(0.,0.,1.));
#5026=DIRECTION('',(0.,-1.,0.));
#5027=DIRECTION('',(0.,0.,1.));
#5028=DIRECTION('',(0.,0.,-1.));
#5029=DIRECTION('',(0.,-1.,0.));
#5030=DIRECTION('',(0.,0.,1.));
#5031=DIRECTION('',(1.,0.,0.));
#5032=DIRECTION('',(0.,1.,0.));
#5033=DIRECTION('',(0.,0.,-1.));
#5034=DIRECTION('',(0.,-1.,0.));
#5035=DIRECTION('',(0.,0.,1.));
#5036=DIRECTION('',(0.,1.,0.));
#5037=DIRECTION('',(0.,-1.,0.));
#5038=DIRECTION('',(0.,0.,1.));
#5039=DIRECTION('',(0.,1.,0.));
#5040=DIRECTION('',(0.,0.,1.));
#5041=DIRECTION('',(0.,1.,0.));
#5042=DIRECTION('',(1.,0.,0.));
#5043=DIRECTION('',(0.,1.,0.));
#5044=DIRECTION('',(1.,0.,0.));
#5045=DIRECTION('',(0.,-1.,0.));
#5046=DIRECTION('',(0.,0.,1.));
#5047=DIRECTION('',(0.,-1.,0.));
#5048=DIRECTION('',(0.,0.,-1.));
#5049=DIRECTION('',(0.,-1.,0.));
#5050=DIRECTION('',(0.,0.,1.));
#5051=DIRECTION('',(0.,-1.,0.));
#5052=DIRECTION('',(0.,0.,-1.));
#5053=DIRECTION('',(0.,1.,0.));
#5054=DIRECTION('',(0.,0.,1.));
#5055=DIRECTION('',(0.,0.,1.));
#5056=DIRECTION('',(1.,0.,0.));
#5057=DIRECTION('',(0.,1.,0.));
#5058=DIRECTION('',(0.,0.,-1.));
#5059=DIRECTION('',(0.,-1.,0.));
#5060=DIRECTION('',(0.,0.,1.));
#5061=DIRECTION('',(0.,1.,0.));
#5062=DIRECTION('',(0.,-1.,0.));
#5063=DIRECTION('',(0.,0.,1.));
#5064=DIRECTION('',(0.,1.,0.));
#5065=DIRECTION('',(-0.99361336222449,0.,0.112838319771894));
#5066=DIRECTION('',(-0.112838319771894,0.,-0.99361336222449));
#5067=DIRECTION('',(0.112838319771894,0.,0.99361336222449));
#5068=DIRECTION('',(0.,1.,0.));
#5069=DIRECTION('',(0.112838319771894,0.,0.99361336222449));
#5070=DIRECTION('',(0.,1.,0.));
#5071=DIRECTION('',(0.,1.,0.));
#5072=DIRECTION('',(0.,0.,-1.));
#5073=DIRECTION('',(0.,-1.,0.));
#5074=DIRECTION('',(0.,0.,1.));
#5075=DIRECTION('',(0.,1.,0.));
#5076=DIRECTION('',(0.,-1.,0.));
#5077=DIRECTION('',(0.,0.,1.));
#5078=DIRECTION('',(0.,1.,0.));
#5079=DIRECTION('',(0.99361336222449,0.,0.112838319771894));
#5080=DIRECTION('',(-0.112838319771894,0.,0.99361336222449));
#5081=DIRECTION('',(0.112838319771894,0.,-0.99361336222449));
#5082=DIRECTION('',(0.,1.,0.));
#5083=DIRECTION('',(0.112838319771894,0.,-0.99361336222449));
#5084=DIRECTION('',(0.,1.,0.));
#5085=DIRECTION('',(0.,0.,-1.));
#5086=DIRECTION('',(0.,-1.,0.));
#5087=DIRECTION('',(0.,0.,1.));
#5088=DIRECTION('',(0.,1.,0.));
#5089=DIRECTION('',(0.,-1.,0.));
#5090=DIRECTION('',(0.,0.,1.));
#5091=DIRECTION('',(-0.961160404101548,0.,-0.275990357779669));
#5092=DIRECTION('',(0.275990357779669,0.,-0.961160404101548));
#5093=DIRECTION('',(-0.275990357779669,0.,0.961160404101548));
#5094=DIRECTION('',(0.,1.,0.));
#5095=DIRECTION('',(-0.275990357779669,0.,0.961160404101548));
#5096=DIRECTION('',(0.,1.,0.));
#5097=DIRECTION('',(0.,1.,0.));
#5098=DIRECTION('',(0.,0.,-1.));
#5099=DIRECTION('',(0.,-1.,0.));
#5100=DIRECTION('',(0.,0.,1.));
#5101=DIRECTION('',(0.,1.,0.));
#5102=DIRECTION('',(0.,-1.,0.));
#5103=DIRECTION('',(0.,0.,1.));
#5104=DIRECTION('',(0.,1.,0.));
#5105=DIRECTION('',(0.874797693076312,0.,0.484488386020102));
#5106=DIRECTION('',(-0.484488386020102,0.,0.874797693076312));
#5107=DIRECTION('',(0.484488386020102,0.,-0.874797693076312));
#5108=DIRECTION('',(0.,1.,0.));
#5109=DIRECTION('',(0.484488386020102,0.,-0.874797693076312));
#5110=DIRECTION('',(0.,1.,0.));
#5111=DIRECTION('',(0.,0.,-1.));
#5112=DIRECTION('',(0.,-1.,0.));
#5113=DIRECTION('',(0.,0.,1.));
#5114=DIRECTION('',(0.,1.,0.));
#5115=DIRECTION('',(0.,-1.,0.));
#5116=DIRECTION('',(0.,0.,1.));
#5117=DIRECTION('',(-0.782379487394904,0.,-0.622802005218101));
#5118=DIRECTION('',(0.622802005218101,0.,-0.782379487394904));
#5119=DIRECTION('',(-0.622802005218101,0.,0.782379487394904));
#5120=DIRECTION('',(0.,1.,0.));
#5121=DIRECTION('',(-0.622802005218101,0.,0.782379487394904));
#5122=DIRECTION('',(0.,1.,0.));
#5123=DIRECTION('',(0.,1.,0.));
#5124=DIRECTION('',(0.,0.,-1.));
#5125=DIRECTION('',(0.,-1.,0.));
#5126=DIRECTION('',(0.,0.,1.));
#5127=DIRECTION('',(0.,1.,0.));
#5128=DIRECTION('',(0.,-1.,0.));
#5129=DIRECTION('',(0.,0.,1.));
#5130=DIRECTION('',(0.,1.,0.));
#5131=DIRECTION('',(0.622802005218101,0.,0.782379487394904));
#5132=DIRECTION('',(-0.782379487394904,0.,0.622802005218101));
#5133=DIRECTION('',(0.782379487394904,0.,-0.622802005218101));
#5134=DIRECTION('',(0.,1.,0.));
#5135=DIRECTION('',(0.782379487394904,0.,-0.622802005218101));
#5136=DIRECTION('',(0.,1.,0.));
#5137=DIRECTION('',(0.,0.,-1.));
#5138=DIRECTION('',(0.,-1.,0.));
#5139=DIRECTION('',(0.,0.,1.));
#5140=DIRECTION('',(0.,1.,0.));
#5141=DIRECTION('',(0.,-1.,0.));
#5142=DIRECTION('',(0.,0.,1.));
#5143=DIRECTION('',(-0.484488386020102,0.,-0.874797693076312));
#5144=DIRECTION('',(0.874797693076312,0.,-0.484488386020102));
#5145=DIRECTION('',(-0.874797693076312,0.,0.484488386020102));
#5146=DIRECTION('',(0.,1.,0.));
#5147=DIRECTION('',(-0.874797693076312,0.,0.484488386020102));
#5148=DIRECTION('',(0.,1.,0.));
#5149=DIRECTION('',(0.,1.,0.));
#5150=DIRECTION('',(0.,0.,-1.));
#5151=DIRECTION('',(0.,-1.,0.));
#5152=DIRECTION('',(0.,0.,1.));
#5153=DIRECTION('',(0.,1.,0.));
#5154=DIRECTION('',(0.,-1.,0.));
#5155=DIRECTION('',(0.,0.,1.));
#5156=DIRECTION('',(0.,1.,0.));
#5157=DIRECTION('',(0.275990357779669,0.,0.961160404101548));
#5158=DIRECTION('',(-0.961160404101548,0.,0.275990357779669));
#5159=DIRECTION('',(0.961160404101548,0.,-0.275990357779669));
#5160=DIRECTION('',(0.,1.,0.));
#5161=DIRECTION('',(0.961160404101548,0.,-0.275990357779669));
#5162=DIRECTION('',(0.,1.,0.));
#5163=DIRECTION('',(0.,0.,-1.));
#5164=DIRECTION('',(0.,-1.,0.));
#5165=DIRECTION('',(0.,0.,1.));
#5166=DIRECTION('',(0.,1.,0.));
#5167=DIRECTION('',(0.,-1.,0.));
#5168=DIRECTION('',(0.,0.,1.));
#5169=DIRECTION('',(-0.112838319771894,0.,-0.99361336222449));
#5170=DIRECTION('',(0.99361336222449,0.,-0.112838319771894));
#5171=DIRECTION('',(-0.99361336222449,0.,0.112838319771894));
#5172=DIRECTION('',(0.,1.,0.));
#5173=DIRECTION('',(-0.99361336222449,0.,0.112838319771894));
#5174=DIRECTION('',(0.,1.,0.));
#5175=DIRECTION('',(0.,1.,0.));
#5176=DIRECTION('',(0.,0.,-1.));
#5177=DIRECTION('',(0.,-1.,0.));
#5178=DIRECTION('',(0.,0.,1.));
#5179=DIRECTION('',(0.,1.,0.));
#5180=DIRECTION('',(0.,-1.,0.));
#5181=DIRECTION('',(0.,0.,1.));
#5182=DIRECTION('',(0.,1.,0.));
#5183=DIRECTION('',(-0.112838319771894,0.,0.99361336222449));
#5184=DIRECTION('',(-0.99361336222449,0.,-0.112838319771894));
#5185=DIRECTION('',(0.99361336222449,0.,0.112838319771894));
#5186=DIRECTION('',(0.,1.,0.));
#5187=DIRECTION('',(0.99361336222449,0.,0.112838319771894));
#5188=DIRECTION('',(0.,1.,0.));
#5189=DIRECTION('',(0.,0.,-1.));
#5190=DIRECTION('',(0.,-1.,0.));
#5191=DIRECTION('',(0.,0.,1.));
#5192=DIRECTION('',(0.,1.,0.));
#5193=DIRECTION('',(0.,-1.,0.));
#5194=DIRECTION('',(0.,0.,1.));
#5195=DIRECTION('',(0.275990357779669,0.,-0.961160404101548));
#5196=DIRECTION('',(0.961160404101548,0.,0.275990357779669));
#5197=DIRECTION('',(-0.961160404101548,0.,-0.275990357779669));
#5198=DIRECTION('',(0.,1.,0.));
#5199=DIRECTION('',(-0.961160404101548,0.,-0.275990357779669));
#5200=DIRECTION('',(0.,1.,0.));
#5201=DIRECTION('',(0.,1.,0.));
#5202=DIRECTION('',(0.,0.,-1.));
#5203=DIRECTION('',(0.,-1.,0.));
#5204=DIRECTION('',(0.,0.,1.));
#5205=DIRECTION('',(0.,1.,0.));
#5206=DIRECTION('',(0.,-1.,0.));
#5207=DIRECTION('',(0.,0.,1.));
#5208=DIRECTION('',(0.,1.,0.));
#5209=DIRECTION('',(-0.484488386020101,0.,0.874797693076312));
#5210=DIRECTION('',(-0.874797693076312,0.,-0.484488386020101));
#5211=DIRECTION('',(0.874797693076312,0.,0.484488386020101));
#5212=DIRECTION('',(0.,1.,0.));
#5213=DIRECTION('',(0.874797693076312,0.,0.484488386020101));
#5214=DIRECTION('',(0.,1.,0.));
#5215=DIRECTION('',(0.,0.,-1.));
#5216=DIRECTION('',(0.,-1.,0.));
#5217=DIRECTION('',(0.,0.,1.));
#5218=DIRECTION('',(0.,1.,0.));
#5219=DIRECTION('',(0.,-1.,0.));
#5220=DIRECTION('',(0.,0.,1.));
#5221=DIRECTION('',(0.622802005218101,0.,-0.782379487394904));
#5222=DIRECTION('',(0.782379487394904,0.,0.622802005218101));
#5223=DIRECTION('',(-0.782379487394904,0.,-0.622802005218101));
#5224=DIRECTION('',(0.,1.,0.));
#5225=DIRECTION('',(-0.782379487394904,0.,-0.622802005218101));
#5226=DIRECTION('',(0.,1.,0.));
#5227=DIRECTION('',(0.,1.,0.));
#5228=DIRECTION('',(0.,0.,-1.));
#5229=DIRECTION('',(0.,-1.,0.));
#5230=DIRECTION('',(0.,0.,1.));
#5231=DIRECTION('',(0.,1.,0.));
#5232=DIRECTION('',(0.,-1.,0.));
#5233=DIRECTION('',(0.,0.,1.));
#5234=DIRECTION('',(0.,1.,0.));
#5235=DIRECTION('',(-0.782379487394904,0.,0.622802005218101));
#5236=DIRECTION('',(-0.622802005218101,0.,-0.782379487394904));
#5237=DIRECTION('',(0.622802005218101,0.,0.782379487394904));
#5238=DIRECTION('',(0.,1.,0.));
#5239=DIRECTION('',(0.622802005218101,0.,0.782379487394904));
#5240=DIRECTION('',(0.,1.,0.));
#5241=DIRECTION('',(0.,0.,-1.));
#5242=DIRECTION('',(0.,-1.,0.));
#5243=DIRECTION('',(0.,0.,1.));
#5244=DIRECTION('',(0.,1.,0.));
#5245=DIRECTION('',(0.,-1.,0.));
#5246=DIRECTION('',(0.,0.,1.));
#5247=DIRECTION('',(0.874797693076311,0.,-0.484488386020102));
#5248=DIRECTION('',(0.484488386020102,0.,0.874797693076312));
#5249=DIRECTION('',(-0.484488386020102,0.,-0.874797693076312));
#5250=DIRECTION('',(0.,1.,0.));
#5251=DIRECTION('',(-0.484488386020102,0.,-0.874797693076312));
#5252=DIRECTION('',(0.,1.,0.));
#5253=DIRECTION('',(0.,1.,0.));
#5254=DIRECTION('',(0.,0.,-1.));
#5255=DIRECTION('',(0.,-1.,0.));
#5256=DIRECTION('',(0.,0.,1.));
#5257=DIRECTION('',(0.,1.,0.));
#5258=DIRECTION('',(0.,-1.,0.));
#5259=DIRECTION('',(0.,0.,1.));
#5260=DIRECTION('',(0.,1.,0.));
#5261=DIRECTION('',(-0.961160404101548,0.,0.275990357779669));
#5262=DIRECTION('',(-0.275990357779669,0.,-0.961160404101548));
#5263=DIRECTION('',(0.275990357779669,0.,0.961160404101548));
#5264=DIRECTION('',(0.,1.,0.));
#5265=DIRECTION('',(0.275990357779669,0.,0.961160404101548));
#5266=DIRECTION('',(0.,1.,0.));
#5267=DIRECTION('',(0.,0.,-1.));
#5268=DIRECTION('',(0.,-1.,0.));
#5269=DIRECTION('',(0.,0.,1.));
#5270=DIRECTION('',(0.,1.,0.));
#5271=DIRECTION('',(0.,-1.,0.));
#5272=DIRECTION('',(0.,0.,1.));
#5273=DIRECTION('',(0.99361336222449,0.,-0.112838319771894));
#5274=DIRECTION('',(0.112838319771894,0.,0.99361336222449));
#5275=DIRECTION('',(-0.112838319771894,0.,-0.99361336222449));
#5276=DIRECTION('',(0.,1.,0.));
#5277=DIRECTION('',(-0.112838319771894,0.,-0.99361336222449));
#5278=DIRECTION('',(0.,1.,0.));
#5279=DIRECTION('',(0.,1.,0.));
#5280=DIRECTION('',(0.,0.,-1.));
#5281=DIRECTION('',(0.,-1.,0.));
#5282=DIRECTION('',(0.,0.,1.));
#5283=DIRECTION('',(0.,1.,0.));
#5284=DIRECTION('',(0.,-1.,0.));
#5285=DIRECTION('',(0.,0.,1.));
#5286=DIRECTION('',(0.,1.,0.));
#5287=DIRECTION('',(-0.99361336222449,0.,-0.112838319771893));
#5288=DIRECTION('',(0.112838319771893,0.,-0.99361336222449));
#5289=DIRECTION('',(-0.112838319771893,0.,0.99361336222449));
#5290=DIRECTION('',(0.,1.,0.));
#5291=DIRECTION('',(-0.112838319771893,0.,0.99361336222449));
#5292=DIRECTION('',(0.,1.,0.));
#5293=DIRECTION('',(0.,0.,-1.));
#5294=DIRECTION('',(0.,-1.,0.));
#5295=DIRECTION('',(0.,0.,1.));
#5296=DIRECTION('',(0.,1.,0.));
#5297=DIRECTION('',(0.,-1.,0.));
#5298=DIRECTION('',(0.,0.,1.));
#5299=DIRECTION('',(0.961160404101548,0.,0.275990357779669));
#5300=DIRECTION('',(-0.275990357779669,0.,0.961160404101548));
#5301=DIRECTION('',(0.275990357779669,0.,-0.961160404101548));
#5302=DIRECTION('',(0.,1.,0.));
#5303=DIRECTION('',(0.275990357779669,0.,-0.961160404101548));
#5304=DIRECTION('',(0.,1.,0.));
#5305=DIRECTION('',(0.,1.,0.));
#5306=DIRECTION('',(0.,0.,-1.));
#5307=DIRECTION('',(0.,-1.,0.));
#5308=DIRECTION('',(0.,0.,1.));
#5309=DIRECTION('',(0.,1.,0.));
#5310=DIRECTION('',(0.,-1.,0.));
#5311=DIRECTION('',(0.,0.,1.));
#5312=DIRECTION('',(0.,1.,0.));
#5313=DIRECTION('',(-0.874797693076312,0.,-0.484488386020101));
#5314=DIRECTION('',(0.484488386020101,0.,-0.874797693076312));
#5315=DIRECTION('',(-0.484488386020101,0.,0.874797693076312));
#5316=DIRECTION('',(0.,1.,0.));
#5317=DIRECTION('',(-0.484488386020101,0.,0.874797693076312));
#5318=DIRECTION('',(0.,1.,0.));
#5319=DIRECTION('',(0.,0.,-1.));
#5320=DIRECTION('',(0.,-1.,0.));
#5321=DIRECTION('',(0.,0.,1.));
#5322=DIRECTION('',(0.,1.,0.));
#5323=DIRECTION('',(0.,-1.,0.));
#5324=DIRECTION('',(0.,0.,1.));
#5325=DIRECTION('',(0.782379487394904,0.,0.622802005218101));
#5326=DIRECTION('',(-0.622802005218101,0.,0.782379487394904));
#5327=DIRECTION('',(0.622802005218101,0.,-0.782379487394904));
#5328=DIRECTION('',(0.,1.,0.));
#5329=DIRECTION('',(0.622802005218101,0.,-0.782379487394904));
#5330=DIRECTION('',(0.,1.,0.));
#5331=DIRECTION('',(0.,1.,0.));
#5332=DIRECTION('',(0.,0.,-1.));
#5333=DIRECTION('',(0.,-1.,0.));
#5334=DIRECTION('',(0.,0.,1.));
#5335=DIRECTION('',(0.,1.,0.));
#5336=DIRECTION('',(0.,-1.,0.));
#5337=DIRECTION('',(0.,0.,1.));
#5338=DIRECTION('',(0.,1.,0.));
#5339=DIRECTION('',(-0.622802005218101,0.,-0.782379487394904));
#5340=DIRECTION('',(0.782379487394904,0.,-0.622802005218101));
#5341=DIRECTION('',(-0.782379487394904,0.,0.622802005218101));
#5342=DIRECTION('',(0.,1.,0.));
#5343=DIRECTION('',(-0.782379487394904,0.,0.622802005218101));
#5344=DIRECTION('',(0.,1.,0.));
#5345=DIRECTION('',(0.,0.,-1.));
#5346=DIRECTION('',(0.,-1.,0.));
#5347=DIRECTION('',(0.,0.,1.));
#5348=DIRECTION('',(0.,1.,0.));
#5349=DIRECTION('',(0.,-1.,0.));
#5350=DIRECTION('',(0.,0.,1.));
#5351=DIRECTION('',(0.484488386020102,0.,0.874797693076311));
#5352=DIRECTION('',(-0.874797693076312,0.,0.484488386020102));
#5353=DIRECTION('',(0.874797693076312,0.,-0.484488386020102));
#5354=DIRECTION('',(0.,1.,0.));
#5355=DIRECTION('',(0.874797693076312,0.,-0.484488386020102));
#5356=DIRECTION('',(0.,1.,0.));
#5357=DIRECTION('',(0.,1.,0.));
#5358=DIRECTION('',(0.,0.,-1.));
#5359=DIRECTION('',(0.,-1.,0.));
#5360=DIRECTION('',(0.,0.,1.));
#5361=DIRECTION('',(0.,1.,0.));
#5362=DIRECTION('',(0.,-1.,0.));
#5363=DIRECTION('',(0.,0.,1.));
#5364=DIRECTION('',(0.,1.,0.));
#5365=DIRECTION('',(-0.27599035777967,0.,-0.961160404101547));
#5366=DIRECTION('',(0.961160404101547,0.,-0.27599035777967));
#5367=DIRECTION('',(-0.961160404101547,0.,0.27599035777967));
#5368=DIRECTION('',(0.,1.,0.));
#5369=DIRECTION('',(-0.961160404101547,0.,0.27599035777967));
#5370=DIRECTION('',(0.,1.,0.));
#5371=DIRECTION('',(0.,0.,-1.));
#5372=DIRECTION('',(0.,-1.,0.));
#5373=DIRECTION('',(0.,0.,1.));
#5374=DIRECTION('',(0.,1.,0.));
#5375=DIRECTION('',(0.,-1.,0.));
#5376=DIRECTION('',(0.,0.,1.));
#5377=DIRECTION('',(0.112838319771894,0.,0.99361336222449));
#5378=DIRECTION('',(-0.99361336222449,0.,0.112838319771894));
#5379=DIRECTION('',(0.99361336222449,0.,-0.112838319771894));
#5380=DIRECTION('',(0.,1.,0.));
#5381=DIRECTION('',(0.99361336222449,0.,-0.112838319771894));
#5382=DIRECTION('',(0.,1.,0.));
#5383=DIRECTION('',(0.,1.,0.));
#5384=DIRECTION('',(0.,0.,-1.));
#5385=DIRECTION('',(0.,-1.,0.));
#5386=DIRECTION('',(0.,0.,1.));
#5387=DIRECTION('',(0.,1.,0.));
#5388=DIRECTION('',(0.,-1.,0.));
#5389=DIRECTION('',(0.,0.,1.));
#5390=DIRECTION('',(0.,1.,0.));
#5391=DIRECTION('',(0.112838319771893,0.,-0.99361336222449));
#5392=DIRECTION('',(0.99361336222449,0.,0.112838319771893));
#5393=DIRECTION('',(-0.99361336222449,0.,-0.112838319771893));
#5394=DIRECTION('',(0.,1.,0.));
#5395=DIRECTION('',(-0.99361336222449,0.,-0.112838319771893));
#5396=DIRECTION('',(0.,1.,0.));
#5397=DIRECTION('',(0.,0.,-1.));
#5398=DIRECTION('',(0.,-1.,0.));
#5399=DIRECTION('',(0.,0.,1.));
#5400=DIRECTION('',(0.,1.,0.));
#5401=DIRECTION('',(0.,-1.,0.));
#5402=DIRECTION('',(0.,0.,1.));
#5403=DIRECTION('',(-0.275990357779669,0.,0.961160404101548));
#5404=DIRECTION('',(-0.961160404101548,0.,-0.275990357779669));
#5405=DIRECTION('',(0.961160404101548,0.,0.275990357779669));
#5406=DIRECTION('',(0.,1.,0.));
#5407=DIRECTION('',(0.961160404101548,0.,0.275990357779669));
#5408=DIRECTION('',(0.,1.,0.));
#5409=DIRECTION('',(0.,1.,0.));
#5410=DIRECTION('',(0.,0.,-1.));
#5411=DIRECTION('',(0.,-1.,0.));
#5412=DIRECTION('',(0.,0.,1.));
#5413=DIRECTION('',(0.,1.,0.));
#5414=DIRECTION('',(0.,-1.,0.));
#5415=DIRECTION('',(0.,0.,1.));
#5416=DIRECTION('',(0.,1.,0.));
#5417=DIRECTION('',(0.484488386020102,0.,-0.874797693076312));
#5418=DIRECTION('',(0.874797693076312,0.,0.484488386020102));
#5419=DIRECTION('',(-0.874797693076312,0.,-0.484488386020102));
#5420=DIRECTION('',(0.,1.,0.));
#5421=DIRECTION('',(-0.874797693076312,0.,-0.484488386020102));
#5422=DIRECTION('',(0.,1.,0.));
#5423=DIRECTION('',(0.,0.,-1.));
#5424=DIRECTION('',(0.,-1.,0.));
#5425=DIRECTION('',(0.,0.,1.));
#5426=DIRECTION('',(0.,1.,0.));
#5427=DIRECTION('',(0.,-1.,0.));
#5428=DIRECTION('',(0.,0.,1.));
#5429=DIRECTION('',(-0.622802005218101,0.,0.782379487394904));
#5430=DIRECTION('',(-0.782379487394904,0.,-0.622802005218101));
#5431=DIRECTION('',(0.782379487394904,0.,0.622802005218101));
#5432=DIRECTION('',(0.,1.,0.));
#5433=DIRECTION('',(0.782379487394904,0.,0.622802005218101));
#5434=DIRECTION('',(0.,1.,0.));
#5435=DIRECTION('',(0.,1.,0.));
#5436=DIRECTION('',(0.,0.,-1.));
#5437=DIRECTION('',(0.,-1.,0.));
#5438=DIRECTION('',(0.,0.,1.));
#5439=DIRECTION('',(0.,1.,0.));
#5440=DIRECTION('',(0.,-1.,0.));
#5441=DIRECTION('',(0.,0.,1.));
#5442=DIRECTION('',(0.,1.,0.));
#5443=DIRECTION('',(0.782379487394904,0.,-0.622802005218101));
#5444=DIRECTION('',(0.622802005218101,0.,0.782379487394904));
#5445=DIRECTION('',(-0.622802005218101,0.,-0.782379487394904));
#5446=DIRECTION('',(0.,1.,0.));
#5447=DIRECTION('',(-0.622802005218101,0.,-0.782379487394904));
#5448=DIRECTION('',(0.,1.,0.));
#5449=DIRECTION('',(0.,0.,-1.));
#5450=DIRECTION('',(0.,-1.,0.));
#5451=DIRECTION('',(0.,0.,1.));
#5452=DIRECTION('',(0.,1.,0.));
#5453=DIRECTION('',(0.,-1.,0.));
#5454=DIRECTION('',(0.,0.,1.));
#5455=DIRECTION('',(-0.874797693076311,0.,0.484488386020103));
#5456=DIRECTION('',(-0.484488386020103,0.,-0.874797693076311));
#5457=DIRECTION('',(0.484488386020103,0.,0.874797693076311));
#5458=DIRECTION('',(0.,1.,0.));
#5459=DIRECTION('',(0.484488386020103,0.,0.874797693076311));
#5460=DIRECTION('',(0.,1.,0.));
#5461=DIRECTION('',(0.,1.,0.));
#5462=DIRECTION('',(0.,0.,-1.));
#5463=DIRECTION('',(0.,-1.,0.));
#5464=DIRECTION('',(0.,0.,1.));
#5465=DIRECTION('',(0.,1.,0.));
#5466=DIRECTION('',(0.,-1.,0.));
#5467=DIRECTION('',(0.,0.,1.));
#5468=DIRECTION('',(0.,1.,0.));
#5469=DIRECTION('',(0.961160404101547,0.,-0.27599035777967));
#5470=DIRECTION('',(0.27599035777967,0.,0.961160404101547));
#5471=DIRECTION('',(-0.27599035777967,0.,-0.961160404101547));
#5472=DIRECTION('',(-0.27599035777967,0.,-0.961160404101547));
#5473=DIRECTION('',(0.,-1.,0.));
#5474=DIRECTION('',(0.,0.,1.));
#5475=DIRECTION('',(0.,-1.,0.));
#5476=DIRECTION('',(0.,0.,1.));
#5477=DIRECTION('',(0.,-1.,0.));
#5478=DIRECTION('',(0.,0.,1.));
#5479=DIRECTION('',(0.,-1.,0.));
#5480=DIRECTION('',(0.,0.,1.));
#5481=DIRECTION('',(0.,1.,0.));
#5482=DIRECTION('',(0.,0.,-1.));
#5483=DIRECTION('',(0.,-1.,0.));
#5484=DIRECTION('',(0.,0.,1.));
#5485=DIRECTION('',(0.,-1.,0.));
#5486=DIRECTION('',(0.,0.,1.));
#5487=DIRECTION('',(0.,-1.,0.));
#5488=DIRECTION('',(0.,0.,1.));
#5489=DIRECTION('',(0.,1.,0.));
#5490=DIRECTION('',(0.,0.,-1.));
#5491=DIRECTION('',(0.,0.,1.));
#5492=DIRECTION('',(1.,0.,0.));
#5493=DIRECTION('',(0.,0.,-1.));
#5494=DIRECTION('',(0.,-1.,0.));
#5495=DIRECTION('',(-1.,0.,0.));
#5496=DIRECTION('',(0.,1.,0.));
#5497=DIRECTION('',(-1.,0.,0.));
#5498=DIRECTION('',(0.,1.,0.));
#5499=DIRECTION('',(-1.,0.,0.));
#5500=DIRECTION('',(0.,-1.,0.));
#5501=DIRECTION('',(0.,0.,1.));
#5502=DIRECTION('',(0.,1.,0.));
#5503=DIRECTION('',(0.,0.,1.));
#5504=DIRECTION('',(0.,0.,-1.));
#5505=DIRECTION('',(0.,-1.,0.));
#5506=DIRECTION('',(-1.,0.,0.));
#5507=DIRECTION('',(0.,1.,0.));
#5508=DIRECTION('',(-1.,0.,0.));
#5509=DIRECTION('',(-1.,0.,0.));
#5510=DIRECTION('',(0.,-1.,0.));
#5511=DIRECTION('',(0.,0.,1.));
#5512=DIRECTION('',(0.,0.,1.));
#5513=DIRECTION('',(0.,-1.,0.));
#5514=DIRECTION('',(0.,0.,1.));
#5515=DIRECTION('',(0.,1.,0.));
#5516=DIRECTION('',(0.,0.,-1.));
#5517=DIRECTION('',(0.,-1.,0.));
#5518=DIRECTION('',(0.,0.,1.));
#5519=DIRECTION('',(0.,-1.,0.));
#5520=DIRECTION('',(0.,0.,-1.));
#5521=DIRECTION('',(0.,1.,0.));
#5522=DIRECTION('',(0.,0.,-1.));
#5523=DIRECTION('',(0.,1.,0.));
#5524=DIRECTION('',(0.,0.,-1.));
#5525=DIRECTION('',(0.,-1.,0.));
#5526=DIRECTION('',(0.,0.,1.));
#5527=DIRECTION('',(0.,0.,1.));
#5528=DIRECTION('',(1.,0.,0.));
#5529=DIRECTION('',(0.,1.,0.));
#5530=DIRECTION('',(0.,0.,-1.));
#5531=DIRECTION('',(0.,-1.,0.));
#5532=DIRECTION('',(0.,0.,1.));
#5533=DIRECTION('',(0.,-1.,0.));
#5534=DIRECTION('',(0.,0.,1.));
#5535=DIRECTION('',(0.,0.707106781186548,-0.707106781186548));
#5536=DIRECTION('',(0.,0.707106781186548,0.707106781186548));
#5537=DIRECTION('',(0.,0.707106781186548,0.707106781186548));
#5538=DIRECTION('',(0.,0.707106781186548,-0.707106781186548));
#5539=DIRECTION('',(0.,-1.,0.));
#5540=DIRECTION('',(0.,0.,1.));
#5541=DIRECTION('',(0.,-1.,0.));
#5542=DIRECTION('',(0.,0.,1.));
#5543=DIRECTION('',(0.,0.,-1.));
#5544=DIRECTION('',(0.,-1.,0.));
#5545=DIRECTION('',(0.,0.,1.));
#5546=DIRECTION('',(0.,1.,0.));
#5547=DIRECTION('',(0.,0.,1.));
#5548=DIRECTION('',(-1.,0.,0.));
#5549=DIRECTION('',(0.,0.,1.));
#5550=DIRECTION('',(1.,0.,0.));
#5551=DIRECTION('',(0.,1.,0.));
#5552=DIRECTION('',(0.,0.,-1.));
#5553=DIRECTION('',(0.,-1.,0.));
#5554=DIRECTION('',(0.,0.,1.));
#5555=DIRECTION('',(0.,-1.,0.));
#5556=DIRECTION('',(0.,0.,1.));
#5557=DIRECTION('',(0.,-1.,0.));
#5558=DIRECTION('',(0.,0.,1.));
#5559=DIRECTION('',(0.,-1.,0.));
#5560=DIRECTION('',(0.,0.,1.));
#5561=DIRECTION('',(0.,0.,-1.));
#5562=DIRECTION('',(0.,-1.,0.));
#5563=DIRECTION('',(0.,0.,1.));
#5564=DIRECTION('',(1.,0.,0.));
#5565=DIRECTION('',(0.,0.,-1.));
#5566=DIRECTION('',(-1.,0.,0.));
#5567=DIRECTION('',(0.,1.,0.));
#5568=DIRECTION('',(1.,0.,0.));
#5569=DIRECTION('',(0.,1.,0.));
#5570=DIRECTION('',(1.,0.,0.));
#5571=DIRECTION('',(0.,1.,0.));
#5572=DIRECTION('',(0.,0.,1.));
#5573=DIRECTION('',(0.,-1.,0.));
#5574=DIRECTION('',(0.,0.,1.));
#5575=DIRECTION('',(0.,0.,1.));
#5576=DIRECTION('',(0.,0.,1.));
#5577=DIRECTION('',(1.,0.,0.));
#5578=DIRECTION('',(0.,-0.124034734589208,0.992277876713668));
#5579=DIRECTION('',(0.,-0.992277876713668,-0.124034734589208));
#5580=DIRECTION('',(0.,-0.992277876713668,-0.124034734589208));
#5581=DIRECTION('',(0.,-0.992277876713668,-0.124034734589208));
#5582=DIRECTION('',(1.,0.,0.));
#5583=DIRECTION('',(0.,-1.,0.));
#5584=DIRECTION('',(0.,0.,-1.));
#5585=DIRECTION('',(0.,-1.,0.));
#5586=DIRECTION('',(0.,0.,1.));
#5587=DIRECTION('',(0.,0.,-1.));
#5588=DIRECTION('',(0.,0.,-1.));
#5589=DIRECTION('',(1.,0.,0.));
#5590=DIRECTION('',(0.,0.,1.));
#5591=DIRECTION('',(1.,0.,0.));
#5592=DIRECTION('',(0.,0.,1.));
#5593=DIRECTION('',(0.,1.,0.));
#5594=DIRECTION('',(0.,0.,1.));
#5595=DIRECTION('',(0.,0.,1.));
#5596=DIRECTION('',(1.,0.,0.));
#5597=DIRECTION('',(0.,1.,0.));
#5598=DIRECTION('',(0.,0.,1.));
#5599=DIRECTION('',(0.,1.,0.));
#5600=DIRECTION('',(0.,0.,1.));
#5601=DIRECTION('',(0.,1.,0.));
#5602=DIRECTION('',(0.,1.,0.));
#5603=DIRECTION('',(0.,0.,1.));
#5604=DIRECTION('',(0.,1.,0.));
#5605=DIRECTION('',(0.,1.,0.));
#5606=DIRECTION('',(0.,0.,1.));
#5607=DIRECTION('',(0.,1.,0.));
#5608=DIRECTION('',(0.,0.,1.));
#5609=DIRECTION('',(0.,0.,1.));
#5610=DIRECTION('',(-0.707106781186548,0.,-0.707106781186548));
#5611=DIRECTION('',(0.,1.,0.));
#5612=DIRECTION('',(0.,0.,1.));
#5613=DIRECTION('',(0.,1.,0.));
#5614=DIRECTION('',(0.,0.,1.));
#5615=DIRECTION('',(0.,-1.,0.));
#5616=DIRECTION('',(0.,-1.,0.));
#5617=DIRECTION('',(0.,-1.,0.));
#5618=DIRECTION('',(0.,0.,-1.));
#5619=DIRECTION('',(0.707106781186548,0.,0.707106781186548));
#5620=DIRECTION('',(0.,0.,-1.));
#5621=DIRECTION('',(-0.707106781186548,0.,0.707106781186548));
#5622=DIRECTION('',(-0.707106781186548,0.,-0.707106781186548));
#5623=DIRECTION('',(1.,0.,0.));
#5624=DIRECTION('',(0.,0.,1.));
#5625=DIRECTION('',(0.,0.,1.));
#5626=DIRECTION('',(1.,0.,0.));
#5627=DIRECTION('',(0.,0.,-1.));
#5628=DIRECTION('',(0.,-1.,0.));
#5629=DIRECTION('',(-1.,0.,0.));
#5630=DIRECTION('',(0.,1.,0.));
#5631=DIRECTION('',(-1.,0.,0.));
#5632=DIRECTION('',(0.,1.,0.));
#5633=DIRECTION('',(-1.,0.,0.));
#5634=DIRECTION('',(0.,-1.,0.));
#5635=DIRECTION('',(0.,0.,1.));
#5636=DIRECTION('',(0.,1.,0.));
#5637=DIRECTION('',(0.,0.,1.));
#5638=DIRECTION('',(0.,0.,-1.));
#5639=DIRECTION('',(0.,-1.,0.));
#5640=DIRECTION('',(-1.,0.,0.));
#5641=DIRECTION('',(0.,1.,0.));
#5642=DIRECTION('',(-1.,0.,0.));
#5643=DIRECTION('',(-1.,0.,0.));
#5644=DIRECTION('',(0.,-1.,0.));
#5645=DIRECTION('',(0.,0.,1.));
#5646=DIRECTION('',(0.,0.,1.));
#5647=DIRECTION('',(0.,-1.,0.));
#5648=DIRECTION('',(0.,0.,1.));
#5649=DIRECTION('',(0.,-1.,0.));
#5650=DIRECTION('',(0.,0.,-1.));
#5651=DIRECTION('',(0.,-1.,0.));
#5652=DIRECTION('',(0.,0.,1.));
#5653=DIRECTION('',(0.,1.,0.));
#5654=DIRECTION('',(0.,0.,-1.));
#5655=DIRECTION('',(0.,-1.,0.));
#5656=DIRECTION('',(0.,0.,-1.));
#5657=DIRECTION('',(0.,-1.,0.));
#5658=DIRECTION('',(0.,0.,1.));
#5659=DIRECTION('',(0.,-1.,0.));
#5660=DIRECTION('',(0.,0.,1.));
#5661=DIRECTION('',(0.,-1.,0.));
#5662=DIRECTION('',(0.,0.,-1.));
#5663=DIRECTION('',(0.,0.,1.));
#5664=DIRECTION('',(1.,0.,0.));
#5665=DIRECTION('',(0.,1.,0.));
#5666=DIRECTION('',(0.,1.,0.));
#5667=DIRECTION('',(1.,0.,0.));
#5668=DIRECTION('',(0.,0.,-1.));
#5669=DIRECTION('',(0.,0.,-1.));
#5670=DIRECTION('',(0.,0.,-1.));
#5671=DIRECTION('',(0.,-1.,0.));
#5672=DIRECTION('',(0.,0.,1.));
#5673=DIRECTION('',(0.,-1.,0.));
#5674=DIRECTION('',(0.,0.,1.));
#5675=DIRECTION('',(0.,0.,1.));
#5676=DIRECTION('',(1.,0.,0.));
#5677=DIRECTION('',(-1.,0.,0.));
#5678=DIRECTION('',(0.,-1.,0.));
#5679=DIRECTION('',(0.,1.,0.));
#5680=DIRECTION('',(0.,0.,-1.));
#5681=DIRECTION('',(0.,1.,0.));
#5682=DIRECTION('',(0.,0.,-1.));
#5683=DIRECTION('',(-1.,0.,0.));
#5684=DIRECTION('',(0.,-1.,0.));
#5685=DIRECTION('',(0.,-1.,0.));
#5686=DIRECTION('',(0.,0.,-1.));
#5687=DIRECTION('',(0.,1.,0.));
#5688=DIRECTION('',(0.,0.,-1.));
#5689=DIRECTION('',(1.,0.,0.));
#5690=DIRECTION('',(0.,1.,0.));
#5691=DIRECTION('',(0.,1.,0.));
#5692=DIRECTION('',(0.,0.,-1.));
#5693=DIRECTION('',(0.,-1.,0.));
#5694=DIRECTION('',(0.,0.,-1.));
#5695=DIRECTION('',(1.,0.,0.));
#5696=DIRECTION('',(0.,1.,0.));
#5697=DIRECTION('',(0.,-1.,0.));
#5698=DIRECTION('',(0.,0.,-1.));
#5699=DIRECTION('',(0.,-1.,0.));
#5700=DIRECTION('',(0.,0.,-1.));
#5701=DIRECTION('',(0.,0.,-1.));
#5702=DIRECTION('',(0.,-1.,0.));
#5703=DIRECTION('',(0.,0.,-1.));
#5704=DIRECTION('',(-1.,0.,0.));
#5705=DIRECTION('',(0.,0.,1.));
#5706=DIRECTION('',(0.,1.,0.));
#5707=DIRECTION('',(0.,0.,-1.));
#5708=DIRECTION('',(0.,-1.,0.));
#5709=DIRECTION('',(0.,0.,1.));
#5710=DIRECTION('',(1.,0.,0.));
#5711=DIRECTION('',(0.,0.,-1.));
#5712=DIRECTION('',(0.,0.,1.));
#5713=DIRECTION('',(1.,0.,0.));
#5714=DIRECTION('',(0.,0.,1.));
#5715=DIRECTION('',(0.,1.,0.));
#5716=DIRECTION('',(0.,-1.,0.));
#5717=DIRECTION('',(0.,0.,1.));
#5718=DIRECTION('',(-1.,0.,0.));
#5719=DIRECTION('',(0.,0.,1.));
#5720=DIRECTION('',(1.,0.,0.));
#5721=DIRECTION('',(-1.,0.,0.));
#5722=DIRECTION('',(1.,0.,0.));
#5723=DIRECTION('',(0.,0.,-1.));
#5724=DIRECTION('',(-1.,0.,0.));
#5725=DIRECTION('',(-1.,0.,0.));
#5726=DIRECTION('',(0.,0.,1.));
#5727=DIRECTION('',(-1.,0.,0.));
#5728=DIRECTION('',(0.,0.,1.));
#5729=DIRECTION('',(-1.,0.,0.));
#5730=DIRECTION('',(1.,0.,0.));
#5731=DIRECTION('',(0.,1.,0.));
#5732=DIRECTION('',(0.,1.,0.));
#5733=DIRECTION('',(0.,1.,0.));
#5734=DIRECTION('',(0.,0.,-1.));
#5735=DIRECTION('',(0.,0.,1.));
#5736=DIRECTION('',(0.,1.,0.));
#5737=DIRECTION('',(0.,1.,0.));
#5738=DIRECTION('',(1.,0.,0.));
#5739=DIRECTION('',(-1.,0.,0.));
#5740=DIRECTION('',(0.,-1.,0.));
#5741=DIRECTION('',(0.,1.,0.));
#5742=DIRECTION('',(0.,0.,1.));
#5743=DIRECTION('',(0.,0.,-1.));
#5744=DIRECTION('',(0.,-1.,0.));
#5745=DIRECTION('',(0.,1.,0.));
#5746=DIRECTION('',(-1.,0.,0.));
#5747=DIRECTION('',(1.,0.,0.));
#5748=DIRECTION('',(0.,1.,0.));
#5749=DIRECTION('',(0.,1.,0.));
#5750=DIRECTION('',(0.,0.,-1.));
#5751=DIRECTION('',(0.,0.,1.));
#5752=DIRECTION('',(0.,1.,0.));
#5753=DIRECTION('',(1.,0.,0.));
#5754=DIRECTION('',(0.,-1.,0.));
#5755=DIRECTION('',(0.,0.,1.));
#5756=CARTESIAN_POINT('',(0.,0.,0.));
#5757=CARTESIAN_POINT('',(0.25,4.492,0.));
#5758=CARTESIAN_POINT('',(0.25,4.492,0.));
#5759=CARTESIAN_POINT('',(0.25,4.492,0.01));
#5760=CARTESIAN_POINT('',(0.25,4.5,0.));
#5761=CARTESIAN_POINT('',(0.25,4.5,0.01));
#5762=CARTESIAN_POINT('',(0.25,4.492,0.));
#5763=CARTESIAN_POINT('',(0.25,4.492,0.));
#5764=CARTESIAN_POINT('',(0.25,4.492,-0.00450000000000018));
#5765=CARTESIAN_POINT('',(0.25,4.5,0.));
#5766=CARTESIAN_POINT('',(0.25,4.5,0.));
#5767=CARTESIAN_POINT('',(0.25,4.5,-0.002));
#5768=CARTESIAN_POINT('',(0.25,4.5,0.));
#5769=CARTESIAN_POINT('',(0.25,4.494,0.));
#5770=CARTESIAN_POINT('',(0.25,4.494,-0.002));
#5771=CARTESIAN_POINT('',(0.25,4.494,0.));
#5772=CARTESIAN_POINT('',(0.25,4.4923535533906,0.));
#5773=CARTESIAN_POINT('',(0.25,4.4923535533906,-0.00364644660940616));
#5774=CARTESIAN_POINT('',(0.25,4.492,0.));
#5775=CARTESIAN_POINT('',(0.,0.,0.));
#5776=CARTESIAN_POINT('',(0.989607695154587,4.492,0.006));
#5777=CARTESIAN_POINT('',(0.979215390309173,4.492,0.012));
#5778=CARTESIAN_POINT('',(0.979215390309173,4.492,0.012));
#5779=CARTESIAN_POINT('',(0.979215390309173,4.499,0.012));
#5780=CARTESIAN_POINT('',(0.989607695154587,4.499,0.006));
#5781=CARTESIAN_POINT('',(0.9985,4.499,0.000866025403784382));
#5782=CARTESIAN_POINT('',(0.9985,4.492,0.000866025403784381));
#5783=CARTESIAN_POINT('',(0.9985,4.492,0.000866025403784377));
#5784=CARTESIAN_POINT('',(0.989607695154587,4.492,0.006));
#5785=CARTESIAN_POINT('',(1.,4.492,0.012));
#5786=CARTESIAN_POINT('',(1.,4.492,0.00173205080756881));
#5787=CARTESIAN_POINT('',(1.,4.492,0.00173205080756881));
#5788=CARTESIAN_POINT('',(1.,4.499,0.00173205080756881));
#5789=CARTESIAN_POINT('',(1.,4.499,0.012));
#5790=CARTESIAN_POINT('',(1.,4.499,0.024));
#5791=CARTESIAN_POINT('',(1.,4.492,0.024));
#5792=CARTESIAN_POINT('',(1.,4.492,0.024));
#5793=CARTESIAN_POINT('',(1.,4.492,0.012));
#5794=CARTESIAN_POINT('',(0.989607695154587,4.492,0.018));
#5795=CARTESIAN_POINT('',(0.989607695154587,4.5,0.018));
#5796=CARTESIAN_POINT('',(0.999,4.5,0.0234226497308104));
#5797=CARTESIAN_POINT('',(0.980215390309173,4.5,0.0125773502691896));
#5798=CARTESIAN_POINT('',(0.980215390309173,4.499,0.0125773502691896));
#5799=CARTESIAN_POINT('',(0.989607695154587,4.492,0.018));
#5800=CARTESIAN_POINT('',(0.999,4.499,0.0234226497308104));
#5801=CARTESIAN_POINT('',(0.989607695154587,4.492,0.012));
#5802=CARTESIAN_POINT('',(0.999,4.492,0.00173205080756881));
#5803=CARTESIAN_POINT('',(0.989607695154587,4.5,0.012));
#5804=CARTESIAN_POINT('',(0.999,4.5,0.012));
#5805=CARTESIAN_POINT('',(0.999,4.5,0.0017320508075688));
#5806=CARTESIAN_POINT('',(0.987509618943233,4.5,0.00836602540378441));
#5807=CARTESIAN_POINT('',(0.999,4.492,0.00173205080756881));
#5808=CARTESIAN_POINT('',(0.999,4.499,0.00173205080756881));
#5809=CARTESIAN_POINT('',(0.999,4.499,0.012));
#5810=CARTESIAN_POINT('',(0.999,4.499,0.0017320508075688));
#5811=CARTESIAN_POINT('',(0.999,4.499,0.00173205080756881));
#5812=CARTESIAN_POINT('',(0.999,4.499,0.00173205080756881));
#5813=CARTESIAN_POINT('',(0.990107695154587,4.499,0.00686602540378444));
#5814=CARTESIAN_POINT('',(0.,0.,0.));
#5815=CARTESIAN_POINT('',(0.5,4.25,0.0015));
#5816=CARTESIAN_POINT('',(0.5,4.25,0.));
#5817=CARTESIAN_POINT('',(0.5,4.25,0.003));
#5818=CARTESIAN_POINT('',(0.5,4.249,0.));
#5819=CARTESIAN_POINT('',(0.5,4.249,0.));
#5820=CARTESIAN_POINT('',(0.5,4.249,0.004));
#5821=CARTESIAN_POINT('',(0.5,4.25,0.));
#5822=CARTESIAN_POINT('',(0.5,4.244,0.));
#5823=CARTESIAN_POINT('',(0.5,4.244,0.004));
#5824=CARTESIAN_POINT('',(0.5,4.244,1.22464679914735E-19));
#5825=CARTESIAN_POINT('',(0.,0.,0.));
#5826=CARTESIAN_POINT('',(-0.0103923048454133,4.492,0.006));
#5827=CARTESIAN_POINT('',(-0.0103923048454133,4.5,0.006));
#5828=CARTESIAN_POINT('',(-0.0207846096908266,4.5,0.012));
#5829=CARTESIAN_POINT('',(-0.0015,4.5,0.000866025403784438));
#5830=CARTESIAN_POINT('',(-0.0015,4.492,0.000866025403784438));
#5831=CARTESIAN_POINT('',(-0.0015,4.492,0.000866025403784438));
#5832=CARTESIAN_POINT('',(-0.0103923048454133,4.492,0.006));
#5833=CARTESIAN_POINT('',(-0.0207846096908266,4.492,0.012));
#5834=CARTESIAN_POINT('',(-0.0207846096908266,4.492,0.012));
#5835=CARTESIAN_POINT('',(0.,4.492,0.012));
#5836=CARTESIAN_POINT('',(6.93889390390723E-18,4.492,0.024));
#5837=CARTESIAN_POINT('',(6.93889390390723E-18,4.4925,0.024));
#5838=CARTESIAN_POINT('',(6.93889390390723E-18,4.5,0.024));
#5839=CARTESIAN_POINT('',(0.,4.4925,0.00173205080756888));
#5840=CARTESIAN_POINT('',(0.,4.4925,0.00173205080756888));
#5841=CARTESIAN_POINT('',(0.,4.492,0.00173205080756888));
#5842=CARTESIAN_POINT('',(0.,4.5,0.00173205080756888));
#5843=CARTESIAN_POINT('',(0.,4.5,0.012));
#5844=CARTESIAN_POINT('',(-0.0103923048454133,4.492,0.018));
#5845=CARTESIAN_POINT('',(-0.0103923048454133,4.492,0.018));
#5846=CARTESIAN_POINT('',(-0.0005,4.492,0.0237113248654052));
#5847=CARTESIAN_POINT('',(-0.00339780138440517,4.4891021986156,0.0220382784560608));
#5848=CARTESIAN_POINT('',(-0.0103923048454133,4.5,0.018));
#5849=CARTESIAN_POINT('',(-0.0103923048454133,4.492,0.012));
#5850=CARTESIAN_POINT('',(-0.001,4.492,0.00173205080756888));
#5851=CARTESIAN_POINT('',(-0.0005,4.492,0.000866025403784438));
#5852=CARTESIAN_POINT('',(-0.0005,4.492,0.024));
#5853=CARTESIAN_POINT('',(-0.0103923048454133,4.5,0.012));
#5854=CARTESIAN_POINT('',(-0.001,4.5,0.00173205080756888));
#5855=CARTESIAN_POINT('',(-0.001,4.492,0.00173205080756888));
#5856=CARTESIAN_POINT('',(-0.001,4.4915,0.00173205080756888));
#5857=CARTESIAN_POINT('',(-0.0005,4.492,0.012));
#5858=CARTESIAN_POINT('',(0.,0.,0.));
#5859=CARTESIAN_POINT('',(-0.009,3.74,0.));
#5860=CARTESIAN_POINT('',(-0.009,3.75,0.));
#5861=CARTESIAN_POINT('',(0.,3.75,0.));
#5862=CARTESIAN_POINT('',(-0.018,3.75,0.));
#5863=CARTESIAN_POINT('',(0.,3.74,0.));
#5864=CARTESIAN_POINT('',(0.,3.74,0.));
#5865=CARTESIAN_POINT('',(-0.009,3.74,0.));
#5866=CARTESIAN_POINT('',(-0.018,3.74,0.));
#5867=CARTESIAN_POINT('',(-0.018,3.74,0.));
#5868=CARTESIAN_POINT('',(0.,3.74,0.016));
#5869=CARTESIAN_POINT('',(0.,3.75,0.016));
#5870=CARTESIAN_POINT('',(0.,3.75,0.032));
#5871=CARTESIAN_POINT('',(0.,3.74,0.032));
#5872=CARTESIAN_POINT('',(0.,3.74,0.032));
#5873=CARTESIAN_POINT('',(0.,3.74,0.016));
#5874=CARTESIAN_POINT('',(-0.009,3.74,0.032));
#5875=CARTESIAN_POINT('',(-0.009,3.75,0.032));
#5876=CARTESIAN_POINT('',(-0.018,3.75,0.032));
#5877=CARTESIAN_POINT('',(-0.018,3.74,0.032));
#5878=CARTESIAN_POINT('',(-0.018,3.74,0.032));
#5879=CARTESIAN_POINT('',(-0.009,3.74,0.032));
#5880=CARTESIAN_POINT('',(-0.018,3.74,0.016));
#5881=CARTESIAN_POINT('',(-0.018,3.75,0.016));
#5882=CARTESIAN_POINT('',(-0.018,3.74,0.016));
#5883=CARTESIAN_POINT('',(-0.009,3.74,0.016));
#5884=CARTESIAN_POINT('',(-0.009,3.74,0.02));
#5885=CARTESIAN_POINT('',(-0.014,3.74,0.02));
#5886=CARTESIAN_POINT('',(-0.004,3.74,0.02));
#5887=CARTESIAN_POINT('',(-0.014,3.74,0.016));
#5888=CARTESIAN_POINT('',(-0.014,3.74,0.028));
#5889=CARTESIAN_POINT('',(-0.009,3.74,0.028));
#5890=CARTESIAN_POINT('',(-0.004,3.74,0.028));
#5891=CARTESIAN_POINT('',(-0.004,3.74,0.016));
#5892=CARTESIAN_POINT('',(-0.009,3.74,0.008));
#5893=CARTESIAN_POINT('',(-0.009,3.74,0.006));
#5894=CARTESIAN_POINT('',(-0.009,3.75,0.016));
#5895=CARTESIAN_POINT('',(-0.009,3.75,0.008));
#5896=CARTESIAN_POINT('',(-0.009,3.75,0.006));
#5897=CARTESIAN_POINT('',(-0.009,3.739,0.008));
#5898=CARTESIAN_POINT('',(-0.009,3.738,0.02));
#5899=CARTESIAN_POINT('',(-0.004,3.738,0.02));
#5900=CARTESIAN_POINT('',(-0.004,3.744,0.02));
#5901=CARTESIAN_POINT('',(-0.009,3.744,0.02));
#5902=CARTESIAN_POINT('',(-0.014,3.744,0.02));
#5903=CARTESIAN_POINT('',(-0.014,3.738,0.02));
#5904=CARTESIAN_POINT('',(-0.004,3.738,0.024));
#5905=CARTESIAN_POINT('',(-0.004,3.738,0.028));
#5906=CARTESIAN_POINT('',(-0.004,3.744,0.028));
#5907=CARTESIAN_POINT('',(-0.004,3.744,0.024));
#5908=CARTESIAN_POINT('',(-0.009,3.738,0.028));
#5909=CARTESIAN_POINT('',(-0.014,3.738,0.028));
#5910=CARTESIAN_POINT('',(-0.014,3.744,0.028));
#5911=CARTESIAN_POINT('',(-0.009,3.744,0.028));
#5912=CARTESIAN_POINT('',(-0.014,3.738,0.024));
#5913=CARTESIAN_POINT('',(-0.014,3.744,0.024));
#5914=CARTESIAN_POINT('',(-0.009,3.744,0.024));
#5915=CARTESIAN_POINT('',(0.,0.,0.));
#5916=CARTESIAN_POINT('',(1.238,4.492,0.));
#5917=CARTESIAN_POINT('',(1.249,4.492,0.));
#5918=CARTESIAN_POINT('',(1.249,4.5,0.));
#5919=CARTESIAN_POINT('',(1.249,4.493,0.));
#5920=CARTESIAN_POINT('',(1.238,4.493,0.));
#5921=CARTESIAN_POINT('',(1.227,4.493,0.));
#5922=CARTESIAN_POINT('',(1.227,4.492,0.));
#5923=CARTESIAN_POINT('',(1.227,4.5,0.));
#5924=CARTESIAN_POINT('',(1.238,4.5,0.));
#5925=CARTESIAN_POINT('',(1.25,4.492,0.016));
#5926=CARTESIAN_POINT('',(1.25,4.492,0.031));
#5927=CARTESIAN_POINT('',(1.25,4.5,0.031));
#5928=CARTESIAN_POINT('',(1.25,4.493,0.031));
#5929=CARTESIAN_POINT('',(1.25,4.493,0.001));
#5930=CARTESIAN_POINT('',(1.25,4.493,0.001));
#5931=CARTESIAN_POINT('',(1.25,4.5,0.001));
#5932=CARTESIAN_POINT('',(1.25,4.5,0.001));
#5933=CARTESIAN_POINT('',(1.25,4.5,0.016));
#5934=CARTESIAN_POINT('',(1.238,4.492,0.032));
#5935=CARTESIAN_POINT('',(1.227,4.492,0.032));
#5936=CARTESIAN_POINT('',(1.227,4.5,0.032));
#5937=CARTESIAN_POINT('',(1.227,4.493,0.032));
#5938=CARTESIAN_POINT('',(1.249,4.493,0.032));
#5939=CARTESIAN_POINT('',(1.249,4.493,0.032));
#5940=CARTESIAN_POINT('',(1.249,4.492,0.032));
#5941=CARTESIAN_POINT('',(1.249,4.5,0.032));
#5942=CARTESIAN_POINT('',(1.238,4.5,0.032));
#5943=CARTESIAN_POINT('',(1.226,4.492,0.016));
#5944=CARTESIAN_POINT('',(1.226,4.492,0.001));
#5945=CARTESIAN_POINT('',(1.226,4.5,0.001));
#5946=CARTESIAN_POINT('',(1.226,4.493,0.001));
#5947=CARTESIAN_POINT('',(1.226,4.493,0.016));
#5948=CARTESIAN_POINT('',(1.226,4.493,0.031));
#5949=CARTESIAN_POINT('',(1.226,4.5,0.031));
#5950=CARTESIAN_POINT('',(1.226,4.5,0.031));
#5951=CARTESIAN_POINT('',(1.226,4.5,0.016));
#5952=CARTESIAN_POINT('',(1.238,4.492,0.016));
#5953=CARTESIAN_POINT('',(1.227,4.492,0.031));
#5954=CARTESIAN_POINT('',(1.249,4.492,0.031));
#5955=CARTESIAN_POINT('',(1.227,4.492,0.031));
#5956=CARTESIAN_POINT('',(1.227,4.492,0.016));
#5957=CARTESIAN_POINT('',(1.227,4.492,0.001));
#5958=CARTESIAN_POINT('',(1.238,4.492,0.001));
#5959=CARTESIAN_POINT('',(1.249,4.492,0.001));
#5960=CARTESIAN_POINT('',(1.249,4.492,0.031));
#5961=CARTESIAN_POINT('',(1.238,4.5,0.016));
#5962=CARTESIAN_POINT('',(1.227,4.5,0.001));
#5963=CARTESIAN_POINT('',(1.227,4.5,0.031));
#5964=CARTESIAN_POINT('',(1.249,4.5,0.031));
#5965=CARTESIAN_POINT('',(1.249,4.5,0.001));
#5966=CARTESIAN_POINT('',(1.227,4.492,0.001));
#5967=CARTESIAN_POINT('',(1.227,4.493,0.001));
#5968=CARTESIAN_POINT('',(1.227,4.492,0.031));
#5969=CARTESIAN_POINT('',(1.227,4.493,0.031));
#5970=CARTESIAN_POINT('',(1.249,4.492,0.031));
#5971=CARTESIAN_POINT('',(1.249,4.493,0.031));
#5972=CARTESIAN_POINT('',(1.249,4.492,0.001));
#5973=CARTESIAN_POINT('',(1.249,4.493,0.001));
#5974=CARTESIAN_POINT('',(1.249,4.492,0.016));
#5975=CARTESIAN_POINT('',(1.25,4.493,0.001));
#5976=CARTESIAN_POINT('',(1.249,4.492,0.031));
#5977=CARTESIAN_POINT('',(1.249,4.493,0.001));
#5978=CARTESIAN_POINT('',(1.249,4.493,8.67361737988404E-19));
#5979=CARTESIAN_POINT('',(1.249,4.493,0.031));
#5980=CARTESIAN_POINT('',(1.249,4.492,0.031));
#5981=CARTESIAN_POINT('',(1.238,4.493,0.));
#5982=CARTESIAN_POINT('',(1.227,4.493,0.));
#5983=CARTESIAN_POINT('',(1.238,4.492,0.031));
#5984=CARTESIAN_POINT('',(1.227,4.492,0.031));
#5985=CARTESIAN_POINT('',(1.227,4.493,0.001));
#5986=CARTESIAN_POINT('',(1.226,4.493,0.001));
#5987=CARTESIAN_POINT('',(1.227,4.493,0.031));
#5988=CARTESIAN_POINT('',(1.227,4.492,0.031));
#5989=CARTESIAN_POINT('',(1.226,4.493,0.016));
#5990=CARTESIAN_POINT('',(0.,0.,0.));
#5991=CARTESIAN_POINT('',(0.25,4.25,0.));
#5992=CARTESIAN_POINT('',(0.25,4.25,0.));
#5993=CARTESIAN_POINT('',(0.248267949192431,4.25,0.001));
#5994=CARTESIAN_POINT('',(0.25,4.25,0.002));
#5995=CARTESIAN_POINT('',(0.25,4.2485,0.002));
#5996=CARTESIAN_POINT('',(0.25,4.247,0.002));
#5997=CARTESIAN_POINT('',(0.25,4.247,0.));
#5998=CARTESIAN_POINT('',(0.248267949192431,4.247,0.001));
#5999=CARTESIAN_POINT('',(0.248267949192431,4.2485,0.001));
#6000=CARTESIAN_POINT('',(0.247401923788647,4.25,0.0015));
#6001=CARTESIAN_POINT('',(0.25,4.25,0.));
#6002=CARTESIAN_POINT('',(0.246535898384863,4.25,0.002));
#6003=CARTESIAN_POINT('',(0.25,4.25,0.004));
#6004=CARTESIAN_POINT('',(0.25,4.25,0.003));
#6005=CARTESIAN_POINT('',(0.247401923788647,4.25,0.0015));
#6006=CARTESIAN_POINT('',(0.25,4.25,0.));
#6007=CARTESIAN_POINT('',(0.25,4.247,0.));
#6008=CARTESIAN_POINT('',(0.246535898384863,4.247,0.002));
#6009=CARTESIAN_POINT('',(0.25,4.247,0.004));
#6010=CARTESIAN_POINT('',(0.25,4.2485,0.004));
#6011=CARTESIAN_POINT('',(0.246535898384863,4.2485,0.002));
#6012=CARTESIAN_POINT('',(0.247401923788647,4.247,0.0015));
#6013=CARTESIAN_POINT('',(0.247401923788647,4.247,0.0015));
#6014=CARTESIAN_POINT('',(0.25,4.247,0.003));
#6015=CARTESIAN_POINT('',(0.247401923788647,4.2485,0.0015));
#6016=CARTESIAN_POINT('',(0.25,4.2485,0.003));
#6017=CARTESIAN_POINT('',(0.,0.,0.));
#6018=CARTESIAN_POINT('',(0.75,3.74,0.));
#6019=CARTESIAN_POINT('',(0.753307189138831,3.745,0.00375));
#6020=CARTESIAN_POINT('',(0.753307189138831,3.74,0.00375));
#6021=CARTESIAN_POINT('',(0.753307189138831,3.75,0.00375));
#6022=CARTESIAN_POINT('',(0.75,3.74,0.));
#6023=CARTESIAN_POINT('',(0.746692810861169,3.74,0.00375));
#6024=CARTESIAN_POINT('',(0.746692810861169,3.745,0.00375));
#6025=CARTESIAN_POINT('',(0.746692810861169,3.75,0.00375));
#6026=CARTESIAN_POINT('',(0.75,3.75,0.));
#6027=CARTESIAN_POINT('',(0.75,3.74,0.));
#6028=CARTESIAN_POINT('',(0.75,3.74,0.006));
#6029=CARTESIAN_POINT('',(0.75,3.75,0.));
#6030=CARTESIAN_POINT('',(0.75,3.75,0.006));
#6031=CARTESIAN_POINT('',(0.75,3.74,0.006));
#6032=CARTESIAN_POINT('',(0.,0.,0.));
#6033=CARTESIAN_POINT('',(0.236,3.495,0.));
#6034=CARTESIAN_POINT('',(0.236,3.5,0.));
#6035=CARTESIAN_POINT('',(0.222,3.5,0.));
#6036=CARTESIAN_POINT('',(0.25,3.5,0.));
#6037=CARTESIAN_POINT('',(0.25,3.495,0.));
#6038=CARTESIAN_POINT('',(0.25,3.495,0.));
#6039=CARTESIAN_POINT('',(0.236,3.495,0.));
#6040=CARTESIAN_POINT('',(0.222,3.495,0.));
#6041=CARTESIAN_POINT('',(0.222,3.495,0.));
#6042=CARTESIAN_POINT('',(0.25,3.495,0.015));
#6043=CARTESIAN_POINT('',(0.25,3.5,0.015));
#6044=CARTESIAN_POINT('',(0.25,3.5,0.03));
#6045=CARTESIAN_POINT('',(0.25,3.495,0.03));
#6046=CARTESIAN_POINT('',(0.25,3.495,0.03));
#6047=CARTESIAN_POINT('',(0.25,3.495,0.015));
#6048=CARTESIAN_POINT('',(0.25,3.495,0.03));
#6049=CARTESIAN_POINT('',(0.25,3.5,0.03));
#6050=CARTESIAN_POINT('',(0.248479250483635,3.495,0.0316620138014237));
#6051=CARTESIAN_POINT('',(0.248479250483635,3.5,0.0316620138014237));
#6052=CARTESIAN_POINT('',(0.245476282725507,3.495,0.0349439309123804));
#6053=CARTESIAN_POINT('',(0.245476282725507,3.5,0.0349439309123804));
#6054=CARTESIAN_POINT('',(0.238259913366806,3.495,0.0340813965814481));
#6055=CARTESIAN_POINT('',(0.238259913366806,3.5,0.0340813965814481));
#6056=CARTESIAN_POINT('',(0.234675656921165,3.495,0.0261693995304076));
#6057=CARTESIAN_POINT('',(0.234675656921165,3.5,0.0261693995304076));
#6058=CARTESIAN_POINT('',(0.227874272440092,3.495,0.0294369024925878));
#6059=CARTESIAN_POINT('',(0.227874272440092,3.5,0.0294369024925878));
#6060=CARTESIAN_POINT('',(0.223958090813364,3.495,0.0298123008308626));
#6061=CARTESIAN_POINT('',(0.223958090813364,3.5,0.0298123008308626));
#6062=CARTESIAN_POINT('',(0.222,3.495,0.03));
#6063=CARTESIAN_POINT('',(0.222,3.5,0.03));
#6064=CARTESIAN_POINT('',(0.25,3.5,0.03));
#6065=CARTESIAN_POINT('',(0.248479250483635,3.5,0.0316620138014237));
#6066=CARTESIAN_POINT('',(0.245476282725507,3.5,0.0349439309123804));
#6067=CARTESIAN_POINT('',(0.238259913366806,3.5,0.0340813965814481));
#6068=CARTESIAN_POINT('',(0.234675656921165,3.5,0.0261693995304076));
#6069=CARTESIAN_POINT('',(0.227874272440092,3.5,0.0294369024925878));
#6070=CARTESIAN_POINT('',(0.223958090813364,3.5,0.0298123008308626));
#6071=CARTESIAN_POINT('',(0.222,3.5,0.03));
#6072=CARTESIAN_POINT('',(0.222,3.5,0.03));
#6073=CARTESIAN_POINT('',(0.222,3.495,0.03));
#6074=CARTESIAN_POINT('',(0.222,3.495,0.03));
#6075=CARTESIAN_POINT('',(0.25,3.495,0.03));
#6076=CARTESIAN_POINT('',(0.248479250483635,3.495,0.0316620138014237));
#6077=CARTESIAN_POINT('',(0.245476282725507,3.495,0.0349439309123804));
#6078=CARTESIAN_POINT('',(0.238259913366806,3.495,0.0340813965814481));
#6079=CARTESIAN_POINT('',(0.234675656921165,3.495,0.0261693995304076));
#6080=CARTESIAN_POINT('',(0.227874272440092,3.495,0.0294369024925878));
#6081=CARTESIAN_POINT('',(0.223958090813364,3.495,0.0298123008308626));
#6082=CARTESIAN_POINT('',(0.222,3.495,0.03));
#6083=CARTESIAN_POINT('',(0.222,3.495,0.015));
#6084=CARTESIAN_POINT('',(0.222,3.5,0.015));
#6085=CARTESIAN_POINT('',(0.222,3.495,0.015));
#6086=CARTESIAN_POINT('',(0.236,3.495,0.0172123341713274));
#6087=CARTESIAN_POINT('',(0.236,3.5,0.0172123341713274));
#6088=CARTESIAN_POINT('',(0.,0.,0.));
#6089=CARTESIAN_POINT('',(0.99,4.25,0.008));
#6090=CARTESIAN_POINT('',(0.99,4.25,0.018));
#6091=CARTESIAN_POINT('',(0.99,4.25,0.016));
#6092=CARTESIAN_POINT('',(1.,4.25,0.008));
#6093=CARTESIAN_POINT('',(0.998,4.25,0.008));
#6094=CARTESIAN_POINT('',(1.,4.25,0.));
#6095=CARTESIAN_POINT('',(1.,4.25,0.));
#6096=CARTESIAN_POINT('',(0.998,4.25,0.));
#6097=CARTESIAN_POINT('',(0.99,4.25,0.018));
#6098=CARTESIAN_POINT('',(1.,4.25,0.));
#6099=CARTESIAN_POINT('',(0.,0.,0.));
#6100=CARTESIAN_POINT('',(0.5,3.98,0.));
#6101=CARTESIAN_POINT('',(0.5,3.98,0.));
#6102=CARTESIAN_POINT('',(0.5,3.98,0.005));
#6103=CARTESIAN_POINT('',(0.5,4.02,0.));
#6104=CARTESIAN_POINT('',(0.5,4.02,0.005));
#6105=CARTESIAN_POINT('',(0.497244454020527,3.99810117905392,0.00419855721446101));
#6106=CARTESIAN_POINT('',(0.497990235812275,3.99794906784432,0.00460544006062534));
#6107=CARTESIAN_POINT('',(0.498794602730372,3.99810254956879,0.00487513671277269));
#6108=CARTESIAN_POINT('',(0.499737233325894,3.99874824284045,0.0050213653683835));
#6109=CARTESIAN_POINT('',(0.500245001948842,4.00019968873168,0.00498823693989491));
#6110=CARTESIAN_POINT('',(0.499488592534005,4.00153690344819,0.00501389312880852));
#6111=CARTESIAN_POINT('',(0.498458901330342,4.00200308391692,0.00478204721256519));
#6112=CARTESIAN_POINT('',(0.497663845710817,4.00201940768821,0.00444794231715985));
#6113=CARTESIAN_POINT('',(0.496976419520504,4.00176641948229,0.00400684333519425));
#6114=CARTESIAN_POINT('',(0.496438775127098,4.00131200619559,0.00353090629066391));
#6115=CARTESIAN_POINT('',(0.496063146422123,4.0006837265734,0.00309060190579387));
#6116=CARTESIAN_POINT('',(0.495945969148831,3.99981180875787,0.00292650672315398));
#6117=CARTESIAN_POINT('',(0.496198029068586,3.99903018307585,0.00326328455795716));
#6118=CARTESIAN_POINT('',(0.49664344202427,3.99847746424725,0.00372834072060969));
#6119=CARTESIAN_POINT('',(0.497244454020527,3.99810117905392,0.00419855721446101));
#6120=CARTESIAN_POINT('',(0.497990235812275,3.99794906784432,0.00460544006062534));
#6121=CARTESIAN_POINT('',(0.498794602730372,3.99810254956879,0.00487513671277269));
#6122=CARTESIAN_POINT('',(0.498,3.998,0.0045825756949558));
#6123=CARTESIAN_POINT('',(0.499616918110371,4.00140385469138,-0.00501975134136747));
#6124=CARTESIAN_POINT('',(0.500254673067836,3.99999866273539,-0.00498685704344584));
#6125=CARTESIAN_POINT('',(0.49961906268612,3.99860015710247,-0.00501967752829501));
#6126=CARTESIAN_POINT('',(0.498628137376861,3.99804194071649,-0.00483238631955305));
#6127=CARTESIAN_POINT('',(0.497823477490758,3.997958681223,-0.00452869596133553));
#6128=CARTESIAN_POINT('',(0.497108036821911,3.99816259598339,-0.00410428604637225));
#6129=CARTESIAN_POINT('',(0.496537246495569,3.99857956072028,-0.00362883627028918));
#6130=CARTESIAN_POINT('',(0.496126835241659,3.99916679034474,-0.00317428295246682));
#6131=CARTESIAN_POINT('',(0.495936850182841,4.00000024901067,-0.00291320516380397));
#6132=CARTESIAN_POINT('',(0.496125764198542,4.00083018444196,-0.00317289662106916));
#6133=CARTESIAN_POINT('',(0.496536604059635,4.00142060483981,-0.00362848565856406));
#6134=CARTESIAN_POINT('',(0.497109303975688,4.00183731769981,-0.00410482922093308));
#6135=CARTESIAN_POINT('',(0.497816050342915,4.00204005260143,-0.00452477233075448));
#6136=CARTESIAN_POINT('',(0.498621910070681,4.00196034837055,-0.00483088827707812));
#6137=CARTESIAN_POINT('',(0.499616918110371,4.00140385469138,-0.00501975134136747));
#6138=CARTESIAN_POINT('',(0.500254673067836,3.99999866273539,-0.00498685704344584));
#6139=CARTESIAN_POINT('',(0.49961906268612,3.99860015710247,-0.00501967752829501));
#6140=CARTESIAN_POINT('',(0.5,4.,-0.005));
#6141=CARTESIAN_POINT('',(0.5,3.98,0.));
#6142=CARTESIAN_POINT('',(0.5,4.02,0.));
#6143=CARTESIAN_POINT('',(0.498,4.,0.01));
#6144=CARTESIAN_POINT('',(0.,0.,0.));
#6145=CARTESIAN_POINT('',(0.5,4.492,3.67394039744206E-19));
#6146=CARTESIAN_POINT('',(0.5,4.5,3.67394039744206E-19));
#6147=CARTESIAN_POINT('',(0.506,4.5,0.));
#6148=CARTESIAN_POINT('',(0.49412122461732,4.5,0.0012));
#6149=CARTESIAN_POINT('',(0.49412122461732,4.492,0.0012));
#6150=CARTESIAN_POINT('',(0.49412122461732,4.492,0.0012));
#6151=CARTESIAN_POINT('',(0.5,4.492,3.67394039744206E-19));
#6152=CARTESIAN_POINT('',(0.506,4.492,0.));
#6153=CARTESIAN_POINT('',(0.506,4.492,0.));
#6154=CARTESIAN_POINT('',(0.5,4.492,0.));
#6155=CARTESIAN_POINT('',(0.5,4.492,0.));
#6156=CARTESIAN_POINT('',(0.495101020514434,4.492,0.));
#6157=CARTESIAN_POINT('',(0.495101020514434,4.492,0.));
#6158=CARTESIAN_POINT('',(0.495101020514434,4.5,0.));
#6159=CARTESIAN_POINT('',(0.5,4.5,0.));
#6160=CARTESIAN_POINT('',(0.5,4.492,0.003));
#6161=CARTESIAN_POINT('',(0.495101020514434,4.492,0.001));
#6162=CARTESIAN_POINT('',(0.5,4.5,0.003));
#6163=CARTESIAN_POINT('',(0.495101020514434,4.5,0.001));
#6164=CARTESIAN_POINT('',(0.495101020514434,4.492,0.001));
#6165=CARTESIAN_POINT('',(0.,0.,0.));
#6166=CARTESIAN_POINT('',(0.5,3.494,1.30971622436249E-16));
#6167=CARTESIAN_POINT('',(0.5,3.5,1.30971622436249E-16));
#6168=CARTESIAN_POINT('',(0.502794402372519,3.5,0.00973174909152817));
#6169=CARTESIAN_POINT('',(0.501142487987691,3.5,0.010060335292523));
#6170=CARTESIAN_POINT('',(0.501142487987691,3.494,0.010060335292523));
#6171=CARTESIAN_POINT('',(0.501142487987691,3.494,0.010060335292523));
#6172=CARTESIAN_POINT('',(0.5,3.494,1.30971622436249E-16));
#6173=CARTESIAN_POINT('',(0.502794402372519,3.494,0.00973174909152817));
#6174=CARTESIAN_POINT('',(0.502794402372519,3.494,0.00973174909152817));
#6175=CARTESIAN_POINT('',(0.501207444012434,3.494,0.0106323145126413));
#6176=CARTESIAN_POINT('',(0.501207444012434,3.5,0.0106323145126413));
#6177=CARTESIAN_POINT('',(0.501272400037178,3.5,0.0112042937327595));
#6178=CARTESIAN_POINT('',(0.501272400037178,3.494,0.0112042937327595));
#6179=CARTESIAN_POINT('',(0.501272400037178,3.494,0.0112042937327595));
#6180=CARTESIAN_POINT('',(0.501207444012434,3.494,0.0106323145126413));
#6181=CARTESIAN_POINT('',(0.501272400037178,3.494,0.0112042937327595));
#6182=CARTESIAN_POINT('',(0.501272400037178,3.5,0.0112042937327595));
#6183=CARTESIAN_POINT('',(0.501289422281651,3.494,0.0113541854503735));
#6184=CARTESIAN_POINT('',(0.501289422281651,3.5,0.0113541854503735));
#6185=CARTESIAN_POINT('',(0.501281437593859,3.494,0.0122008953499145));
#6186=CARTESIAN_POINT('',(0.501281437593859,3.5,0.0122008953499145));
#6187=CARTESIAN_POINT('',(0.500499161827019,3.494,0.0134907686019162));
#6188=CARTESIAN_POINT('',(0.500499161827019,3.5,0.0134907686019162));
#6189=CARTESIAN_POINT('',(0.501272400037178,3.5,0.0112042937327595));
#6190=CARTESIAN_POINT('',(0.501289422281651,3.5,0.0113541854503735));
#6191=CARTESIAN_POINT('',(0.501281437593859,3.5,0.0122008953499145));
#6192=CARTESIAN_POINT('',(0.500499161827019,3.5,0.0134907686019162));
#6193=CARTESIAN_POINT('',(0.500499161827019,3.5,0.0134907686019162));
#6194=CARTESIAN_POINT('',(0.500499161827019,3.494,0.0134907686019162));
#6195=CARTESIAN_POINT('',(0.500499161827019,3.494,0.0134907686019162));
#6196=CARTESIAN_POINT('',(0.501272400037178,3.494,0.0112042937327595));
#6197=CARTESIAN_POINT('',(0.501289422281651,3.494,0.0113541854503735));
#6198=CARTESIAN_POINT('',(0.501281437593859,3.494,0.0122008953499145));
#6199=CARTESIAN_POINT('',(0.500499161827019,3.494,0.0134907686019162));
#6200=CARTESIAN_POINT('',(0.5,3.494,-7.63278329429795E-16));
#6201=CARTESIAN_POINT('',(0.5,3.5,-7.63278329429795E-16));
#6202=CARTESIAN_POINT('',(0.499500838172982,3.5,0.0134907686019162));
#6203=CARTESIAN_POINT('',(0.499500838172982,3.494,0.0134907686019162));
#6204=CARTESIAN_POINT('',(0.499500838172982,3.494,0.0134907686019162));
#6205=CARTESIAN_POINT('',(0.5,3.494,-7.63278329429795E-16));
#6206=CARTESIAN_POINT('',(0.498727599962822,3.494,0.0112042937327595));
#6207=CARTESIAN_POINT('',(0.498727599962822,3.5,0.0112042937327595));
#6208=CARTESIAN_POINT('',(0.498710577718349,3.494,0.0113541854503735));
#6209=CARTESIAN_POINT('',(0.498710577718349,3.5,0.0113541854503735));
#6210=CARTESIAN_POINT('',(0.498718562406141,3.494,0.0122008953499145));
#6211=CARTESIAN_POINT('',(0.498718562406141,3.5,0.0122008953499145));
#6212=CARTESIAN_POINT('',(0.499500838172982,3.494,0.0134907686019162));
#6213=CARTESIAN_POINT('',(0.499500838172982,3.5,0.0134907686019162));
#6214=CARTESIAN_POINT('',(0.498727599962822,3.5,0.0112042937327595));
#6215=CARTESIAN_POINT('',(0.498710577718349,3.5,0.0113541854503735));
#6216=CARTESIAN_POINT('',(0.498718562406141,3.5,0.0122008953499145));
#6217=CARTESIAN_POINT('',(0.499500838172982,3.5,0.0134907686019162));
#6218=CARTESIAN_POINT('',(0.498727599962822,3.5,0.0112042937327595));
#6219=CARTESIAN_POINT('',(0.498727599962822,3.494,0.0112042937327595));
#6220=CARTESIAN_POINT('',(0.498727599962822,3.494,0.0112042937327595));
#6221=CARTESIAN_POINT('',(0.498727599962822,3.494,0.0112042937327595));
#6222=CARTESIAN_POINT('',(0.498710577718349,3.494,0.0113541854503735));
#6223=CARTESIAN_POINT('',(0.498718562406141,3.494,0.0122008953499145));
#6224=CARTESIAN_POINT('',(0.499500838172982,3.494,0.0134907686019162));
#6225=CARTESIAN_POINT('',(0.498792555987566,3.494,0.0106323145126413));
#6226=CARTESIAN_POINT('',(0.498792555987566,3.5,0.0106323145126413));
#6227=CARTESIAN_POINT('',(0.49885751201231,3.5,0.010060335292523));
#6228=CARTESIAN_POINT('',(0.49885751201231,3.494,0.010060335292523));
#6229=CARTESIAN_POINT('',(0.49885751201231,3.494,0.010060335292523));
#6230=CARTESIAN_POINT('',(0.498792555987566,3.494,0.0106323145126413));
#6231=CARTESIAN_POINT('',(0.5,3.494,4.85722573273506E-17));
#6232=CARTESIAN_POINT('',(0.5,3.5,4.85722573273506E-17));
#6233=CARTESIAN_POINT('',(0.497205597627481,3.5,0.00973174909152817));
#6234=CARTESIAN_POINT('',(0.497205597627481,3.494,0.00973174909152817));
#6235=CARTESIAN_POINT('',(0.497205597627481,3.494,0.00973174909152817));
#6236=CARTESIAN_POINT('',(0.5,3.494,4.85722573273506E-17));
#6237=CARTESIAN_POINT('',(0.497046722198059,3.494,0.010285046580519));
#6238=CARTESIAN_POINT('',(0.497046722198059,3.5,0.010285046580519));
#6239=CARTESIAN_POINT('',(0.496887846768637,3.5,0.0108383440695099));
#6240=CARTESIAN_POINT('',(0.496887846768637,3.494,0.0108383440695099));
#6241=CARTESIAN_POINT('',(0.496887846768637,3.494,0.0108383440695099));
#6242=CARTESIAN_POINT('',(0.497046722198059,3.494,0.010285046580519));
#6243=CARTESIAN_POINT('',(0.496887846768637,3.494,0.0108383440695099));
#6244=CARTESIAN_POINT('',(0.496887846768637,3.5,0.0108383440695099));
#6245=CARTESIAN_POINT('',(0.496846212194923,3.494,0.0109833400904478));
#6246=CARTESIAN_POINT('',(0.496846212194923,3.5,0.0109833400904478));
#6247=CARTESIAN_POINT('',(0.496514813454725,3.494,0.0117625424288778));
#6248=CARTESIAN_POINT('',(0.496514813454725,3.5,0.0117625424288778));
#6249=CARTESIAN_POINT('',(0.495298471761569,3.494,0.0126548659504253));
#6250=CARTESIAN_POINT('',(0.495298471761569,3.5,0.0126548659504253));
#6251=CARTESIAN_POINT('',(0.496887846768637,3.5,0.0108383440695099));
#6252=CARTESIAN_POINT('',(0.496846212194923,3.5,0.0109833400904478));
#6253=CARTESIAN_POINT('',(0.496514813454725,3.5,0.0117625424288778));
#6254=CARTESIAN_POINT('',(0.495298471761569,3.5,0.0126548659504253));
#6255=CARTESIAN_POINT('',(0.495298471761569,3.5,0.0126548659504253));
#6256=CARTESIAN_POINT('',(0.495298471761569,3.494,0.0126548659504253));
#6257=CARTESIAN_POINT('',(0.495298471761569,3.494,0.0126548659504253));
#6258=CARTESIAN_POINT('',(0.496887846768637,3.494,0.0108383440695099));
#6259=CARTESIAN_POINT('',(0.496846212194923,3.494,0.0109833400904478));
#6260=CARTESIAN_POINT('',(0.496514813454725,3.494,0.0117625424288778));
#6261=CARTESIAN_POINT('',(0.495298471761569,3.494,0.0126548659504253));
#6262=CARTESIAN_POINT('',(0.5,3.494,3.25260651745651E-16));
#6263=CARTESIAN_POINT('',(0.5,3.5,3.25260651745651E-16));
#6264=CARTESIAN_POINT('',(0.494376140970782,3.5,0.0122728240278872));
#6265=CARTESIAN_POINT('',(0.494376140970782,3.494,0.0122728240278872));
#6266=CARTESIAN_POINT('',(0.494376140970782,3.494,0.0122728240278872));
#6267=CARTESIAN_POINT('',(0.5,3.494,3.25260651745651E-16));
#6268=CARTESIAN_POINT('',(0.494536758065605,3.494,0.00986449124237215));
#6269=CARTESIAN_POINT('',(0.494536758065605,3.5,0.00986449124237215));
#6270=CARTESIAN_POINT('',(0.49446367048536,3.494,0.00999645900142722));
#6271=CARTESIAN_POINT('',(0.49446367048536,3.5,0.00999645900142722));
#6272=CARTESIAN_POINT('',(0.494147025524411,3.494,0.0107817725553184));
#6273=CARTESIAN_POINT('',(0.494147025524411,3.5,0.0107817725553184));
#6274=CARTESIAN_POINT('',(0.494376140970782,3.494,0.0122728240278872));
#6275=CARTESIAN_POINT('',(0.494376140970782,3.5,0.0122728240278872));
#6276=CARTESIAN_POINT('',(0.494536758065605,3.5,0.00986449124237215));
#6277=CARTESIAN_POINT('',(0.49446367048536,3.5,0.00999645900142722));
#6278=CARTESIAN_POINT('',(0.494147025524411,3.5,0.0107817725553184));
#6279=CARTESIAN_POINT('',(0.494376140970782,3.5,0.0122728240278872));
#6280=CARTESIAN_POINT('',(0.494536758065605,3.5,0.00986449124237215));
#6281=CARTESIAN_POINT('',(0.494536758065605,3.494,0.00986449124237215));
#6282=CARTESIAN_POINT('',(0.494536758065605,3.494,0.00986449124237215));
#6283=CARTESIAN_POINT('',(0.494536758065605,3.494,0.00986449124237215));
#6284=CARTESIAN_POINT('',(0.49446367048536,3.494,0.00999645900142722));
#6285=CARTESIAN_POINT('',(0.494147025524411,3.494,0.0107817725553184));
#6286=CARTESIAN_POINT('',(0.494376140970782,3.494,0.0122728240278872));
#6287=CARTESIAN_POINT('',(0.494815656578576,3.494,0.00936090894238491));
#6288=CARTESIAN_POINT('',(0.494815656578576,3.5,0.00936090894238491));
#6289=CARTESIAN_POINT('',(0.495094555091547,3.5,0.00885732664239766));
#6290=CARTESIAN_POINT('',(0.495094555091547,3.494,0.00885732664239766));
#6291=CARTESIAN_POINT('',(0.495094555091547,3.494,0.00885732664239766));
#6292=CARTESIAN_POINT('',(0.494815656578576,3.494,0.00936090894238491));
#6293=CARTESIAN_POINT('',(0.5,3.494,-6.77409517368943E-16));
#6294=CARTESIAN_POINT('',(0.5,3.5,-6.77409517368943E-16));
#6295=CARTESIAN_POINT('',(0.493694129697167,3.5,0.00792159230987341));
#6296=CARTESIAN_POINT('',(0.493694129697167,3.494,0.00792159230987341));
#6297=CARTESIAN_POINT('',(0.493694129697167,3.494,0.00792159230987341));
#6298=CARTESIAN_POINT('',(0.5,3.494,-6.77409517368943E-16));
#6299=CARTESIAN_POINT('',(0.493335610157499,3.494,0.00837197354069223));
#6300=CARTESIAN_POINT('',(0.493335610157499,3.5,0.00837197354069223));
#6301=CARTESIAN_POINT('',(0.492977090617831,3.5,0.00882235477151104));
#6302=CARTESIAN_POINT('',(0.492977090617831,3.494,0.00882235477151104));
#6303=CARTESIAN_POINT('',(0.492977090617831,3.494,0.00882235477151104));
#6304=CARTESIAN_POINT('',(0.493335610157499,3.494,0.00837197354069223));
#6305=CARTESIAN_POINT('',(0.492977090617831,3.494,0.00882235477151104));
#6306=CARTESIAN_POINT('',(0.492977090617831,3.5,0.00882235477151104));
#6307=CARTESIAN_POINT('',(0.49288313771236,3.494,0.00894038076597735));
#6308=CARTESIAN_POINT('',(0.49288313771236,3.5,0.00894038076597735));
#6309=CARTESIAN_POINT('',(0.492278777373813,3.494,0.00953344905075713));
#6310=CARTESIAN_POINT('',(0.492278777373813,3.5,0.00953344905075713));
#6311=CARTESIAN_POINT('',(0.490813546750961,3.494,0.00989237467462772));
#6312=CARTESIAN_POINT('',(0.490813546750961,3.5,0.00989237467462772));
#6313=CARTESIAN_POINT('',(0.492977090617831,3.5,0.00882235477151104));
#6314=CARTESIAN_POINT('',(0.49288313771236,3.5,0.00894038076597735));
#6315=CARTESIAN_POINT('',(0.492278777373813,3.5,0.00953344905075713));
#6316=CARTESIAN_POINT('',(0.490813546750961,3.5,0.00989237467462772));
#6317=CARTESIAN_POINT('',(0.490813546750961,3.5,0.00989237467462772));
#6318=CARTESIAN_POINT('',(0.490813546750961,3.494,0.00989237467462772));
#6319=CARTESIAN_POINT('',(0.490813546750961,3.494,0.00989237467462772));
#6320=CARTESIAN_POINT('',(0.492977090617831,3.494,0.00882235477151104));
#6321=CARTESIAN_POINT('',(0.49288313771236,3.494,0.00894038076597735));
#6322=CARTESIAN_POINT('',(0.492278777373813,3.494,0.00953344905075713));
#6323=CARTESIAN_POINT('',(0.490813546750961,3.494,0.00989237467462772));
#6324=CARTESIAN_POINT('',(0.5,3.494,4.77048955893622E-17));
#6325=CARTESIAN_POINT('',(0.5,3.5,4.77048955893622E-17));
#6326=CARTESIAN_POINT('',(0.490107625325372,3.5,0.00918645324903927));
#6327=CARTESIAN_POINT('',(0.490107625325372,3.494,0.00918645324903927));
#6328=CARTESIAN_POINT('',(0.490107625325372,3.494,0.00918645324903927));
#6329=CARTESIAN_POINT('',(0.5,3.494,4.77048955893622E-17));
#6330=CARTESIAN_POINT('',(0.491177645228489,3.494,0.00702290938216939));
#6331=CARTESIAN_POINT('',(0.491177645228489,3.5,0.00702290938216939));
#6332=CARTESIAN_POINT('',(0.491059619234023,3.494,0.00711686228764014));
#6333=CARTESIAN_POINT('',(0.491059619234023,3.5,0.00711686228764014));
#6334=CARTESIAN_POINT('',(0.490466550949243,3.494,0.00772122262618675));
#6335=CARTESIAN_POINT('',(0.490466550949243,3.5,0.00772122262618675));
#6336=CARTESIAN_POINT('',(0.490107625325372,3.494,0.00918645324903927));
#6337=CARTESIAN_POINT('',(0.490107625325372,3.5,0.00918645324903927));
#6338=CARTESIAN_POINT('',(0.491177645228489,3.5,0.00702290938216939));
#6339=CARTESIAN_POINT('',(0.491059619234023,3.5,0.00711686228764014));
#6340=CARTESIAN_POINT('',(0.490466550949243,3.5,0.00772122262618675));
#6341=CARTESIAN_POINT('',(0.490107625325372,3.5,0.00918645324903927));
#6342=CARTESIAN_POINT('',(0.491177645228489,3.5,0.00702290938216939));
#6343=CARTESIAN_POINT('',(0.491177645228489,3.494,0.00702290938216939));
#6344=CARTESIAN_POINT('',(0.491177645228489,3.494,0.00702290938216939));
#6345=CARTESIAN_POINT('',(0.491177645228489,3.494,0.00702290938216939));
#6346=CARTESIAN_POINT('',(0.491059619234023,3.494,0.00711686228764014));
#6347=CARTESIAN_POINT('',(0.490466550949243,3.494,0.00772122262618675));
#6348=CARTESIAN_POINT('',(0.490107625325372,3.494,0.00918645324903927));
#6349=CARTESIAN_POINT('',(0.491628026459308,3.494,0.00666438984250133));
#6350=CARTESIAN_POINT('',(0.491628026459308,3.5,0.00666438984250133));
#6351=CARTESIAN_POINT('',(0.492078407690127,3.5,0.00630587030283326));
#6352=CARTESIAN_POINT('',(0.492078407690127,3.494,0.00630587030283326));
#6353=CARTESIAN_POINT('',(0.492078407690127,3.494,0.00630587030283326));
#6354=CARTESIAN_POINT('',(0.491628026459308,3.494,0.00666438984250133));
#6355=CARTESIAN_POINT('',(0.5,3.494,-5.55111512312578E-17));
#6356=CARTESIAN_POINT('',(0.5,3.5,-5.55111512312578E-17));
#6357=CARTESIAN_POINT('',(0.491142673357602,3.5,0.00490544490845353));
#6358=CARTESIAN_POINT('',(0.491142673357602,3.494,0.00490544490845353));
#6359=CARTESIAN_POINT('',(0.491142673357602,3.494,0.00490544490845353));
#6360=CARTESIAN_POINT('',(0.5,3.494,-5.55111512312578E-17));
#6361=CARTESIAN_POINT('',(0.490639091057615,3.494,0.00518434342142415));
#6362=CARTESIAN_POINT('',(0.490639091057615,3.5,0.00518434342142415));
#6363=CARTESIAN_POINT('',(0.490135508757628,3.5,0.00546324193439477));
#6364=CARTESIAN_POINT('',(0.490135508757628,3.494,0.00546324193439477));
#6365=CARTESIAN_POINT('',(0.490135508757628,3.494,0.00546324193439477));
#6366=CARTESIAN_POINT('',(0.490639091057615,3.494,0.00518434342142415));
#6367=CARTESIAN_POINT('',(0.490135508757628,3.494,0.00546324193439477));
#6368=CARTESIAN_POINT('',(0.490135508757628,3.5,0.00546324193439477));
#6369=CARTESIAN_POINT('',(0.490003540998573,3.494,0.00553632951464025));
#6370=CARTESIAN_POINT('',(0.490003540998573,3.5,0.00553632951464025));
#6371=CARTESIAN_POINT('',(0.489218227444682,3.494,0.00585297447558953));
#6372=CARTESIAN_POINT('',(0.489218227444682,3.5,0.00585297447558953));
#6373=CARTESIAN_POINT('',(0.487727175972113,3.494,0.00562385902921777));
#6374=CARTESIAN_POINT('',(0.487727175972113,3.5,0.00562385902921777));
#6375=CARTESIAN_POINT('',(0.490135508757628,3.5,0.00546324193439477));
#6376=CARTESIAN_POINT('',(0.490003540998573,3.5,0.00553632951464025));
#6377=CARTESIAN_POINT('',(0.489218227444682,3.5,0.00585297447558953));
#6378=CARTESIAN_POINT('',(0.487727175972113,3.5,0.00562385902921777));
#6379=CARTESIAN_POINT('',(0.487727175972113,3.5,0.00562385902921777));
#6380=CARTESIAN_POINT('',(0.487727175972113,3.494,0.00562385902921777));
#6381=CARTESIAN_POINT('',(0.487727175972113,3.494,0.00562385902921777));
#6382=CARTESIAN_POINT('',(0.490135508757628,3.494,0.00546324193439477));
#6383=CARTESIAN_POINT('',(0.490003540998573,3.494,0.00553632951464025));
#6384=CARTESIAN_POINT('',(0.489218227444682,3.494,0.00585297447558953));
#6385=CARTESIAN_POINT('',(0.487727175972113,3.494,0.00562385902921777));
#6386=CARTESIAN_POINT('',(0.5,3.494,6.13224748757801E-16));
#6387=CARTESIAN_POINT('',(0.5,3.5,6.13224748757801E-16));
#6388=CARTESIAN_POINT('',(0.487345134049575,3.5,0.00470152823843117));
#6389=CARTESIAN_POINT('',(0.487345134049575,3.494,0.00470152823843117));
#6390=CARTESIAN_POINT('',(0.487345134049575,3.494,0.00470152823843117));
#6391=CARTESIAN_POINT('',(0.5,3.494,6.13224748757801E-16));
#6392=CARTESIAN_POINT('',(0.48916165593049,3.494,0.00311215323136341));
#6393=CARTESIAN_POINT('',(0.48916165593049,3.5,0.00311215323136341));
#6394=CARTESIAN_POINT('',(0.489016659909552,3.494,0.00315378780507715));
#6395=CARTESIAN_POINT('',(0.489016659909552,3.5,0.00315378780507715));
#6396=CARTESIAN_POINT('',(0.488237457571122,3.494,0.00348518654527554));
#6397=CARTESIAN_POINT('',(0.488237457571122,3.5,0.00348518654527554));
#6398=CARTESIAN_POINT('',(0.487345134049575,3.494,0.00470152823843117));
#6399=CARTESIAN_POINT('',(0.487345134049575,3.5,0.00470152823843117));
#6400=CARTESIAN_POINT('',(0.48916165593049,3.5,0.00311215323136341));
#6401=CARTESIAN_POINT('',(0.489016659909552,3.5,0.00315378780507715));
#6402=CARTESIAN_POINT('',(0.488237457571122,3.5,0.00348518654527555));
#6403=CARTESIAN_POINT('',(0.487345134049575,3.5,0.00470152823843117));
#6404=CARTESIAN_POINT('',(0.48916165593049,3.5,0.00311215323136341));
#6405=CARTESIAN_POINT('',(0.48916165593049,3.494,0.00311215323136341));
#6406=CARTESIAN_POINT('',(0.48916165593049,3.494,0.00311215323136341));
#6407=CARTESIAN_POINT('',(0.48916165593049,3.494,0.00311215323136341));
#6408=CARTESIAN_POINT('',(0.489016659909552,3.494,0.00315378780507715));
#6409=CARTESIAN_POINT('',(0.488237457571122,3.494,0.00348518654527555));
#6410=CARTESIAN_POINT('',(0.487345134049575,3.494,0.00470152823843117));
#6411=CARTESIAN_POINT('',(0.489714953419481,3.494,0.00295327780194128));
#6412=CARTESIAN_POINT('',(0.489714953419481,3.5,0.00295327780194128));
#6413=CARTESIAN_POINT('',(0.490268250908472,3.5,0.00279440237251914));
#6414=CARTESIAN_POINT('',(0.490268250908472,3.494,0.00279440237251914));
#6415=CARTESIAN_POINT('',(0.490268250908472,3.494,0.00279440237251914));
#6416=CARTESIAN_POINT('',(0.489714953419481,3.494,0.00295327780194128));
#6417=CARTESIAN_POINT('',(0.5,3.494,1.50704101975485E-17));
#6418=CARTESIAN_POINT('',(0.5,3.5,1.50704101975485E-17));
#6419=CARTESIAN_POINT('',(0.489939664707477,3.5,0.00114248798769043));
#6420=CARTESIAN_POINT('',(0.489939664707477,3.494,0.00114248798769043));
#6421=CARTESIAN_POINT('',(0.489939664707477,3.494,0.00114248798769043));
#6422=CARTESIAN_POINT('',(0.5,3.494,1.50704101975485E-17));
#6423=CARTESIAN_POINT('',(0.489367685487359,3.494,0.00120744401243439));
#6424=CARTESIAN_POINT('',(0.489367685487359,3.5,0.00120744401243439));
#6425=CARTESIAN_POINT('',(0.48879570626724,3.5,0.00127240003717835));
#6426=CARTESIAN_POINT('',(0.48879570626724,3.494,0.00127240003717835));
#6427=CARTESIAN_POINT('',(0.48879570626724,3.494,0.00127240003717835));
#6428=CARTESIAN_POINT('',(0.489367685487359,3.494,0.00120744401243439));
#6429=CARTESIAN_POINT('',(0.48879570626724,3.494,0.00127240003717835));
#6430=CARTESIAN_POINT('',(0.48879570626724,3.5,0.00127240003717835));
#6431=CARTESIAN_POINT('',(0.488645814549627,3.494,0.00128942228165121));
#6432=CARTESIAN_POINT('',(0.488645814549627,3.5,0.00128942228165121));
#6433=CARTESIAN_POINT('',(0.487799104650086,3.494,0.00128143759385916));
#6434=CARTESIAN_POINT('',(0.487799104650086,3.5,0.00128143759385916));
#6435=CARTESIAN_POINT('',(0.486509231398084,3.494,0.000499161827018467));
#6436=CARTESIAN_POINT('',(0.486509231398084,3.5,0.000499161827018467));
#6437=CARTESIAN_POINT('',(0.48879570626724,3.5,0.00127240003717835));
#6438=CARTESIAN_POINT('',(0.488645814549627,3.5,0.00128942228165121));
#6439=CARTESIAN_POINT('',(0.487799104650086,3.5,0.00128143759385916));
#6440=CARTESIAN_POINT('',(0.486509231398084,3.5,0.000499161827018467));
#6441=CARTESIAN_POINT('',(0.486509231398084,3.5,0.000499161827018467));
#6442=CARTESIAN_POINT('',(0.486509231398084,3.494,0.000499161827018467));
#6443=CARTESIAN_POINT('',(0.486509231398084,3.494,0.000499161827018467));
#6444=CARTESIAN_POINT('',(0.48879570626724,3.494,0.00127240003717835));
#6445=CARTESIAN_POINT('',(0.488645814549627,3.494,0.00128942228165121));
#6446=CARTESIAN_POINT('',(0.487799104650086,3.494,0.00128143759385916));
#6447=CARTESIAN_POINT('',(0.486509231398084,3.494,0.000499161827018467));
#6448=CARTESIAN_POINT('',(0.5,3.494,1.0842021724855E-18));
#6449=CARTESIAN_POINT('',(0.5,3.5,1.0842021724855E-18));
#6450=CARTESIAN_POINT('',(0.486509231398084,3.5,-0.000499161827018465));
#6451=CARTESIAN_POINT('',(0.486509231398084,3.494,-0.000499161827018465));
#6452=CARTESIAN_POINT('',(0.486509231398084,3.494,-0.000499161827018465));
#6453=CARTESIAN_POINT('',(0.5,3.494,1.0842021724855E-18));
#6454=CARTESIAN_POINT('',(0.48879570626724,3.494,-0.00127240003717835));
#6455=CARTESIAN_POINT('',(0.48879570626724,3.5,-0.00127240003717835));
#6456=CARTESIAN_POINT('',(0.488645814549627,3.494,-0.00128942228165121));
#6457=CARTESIAN_POINT('',(0.488645814549627,3.5,-0.00128942228165121));
#6458=CARTESIAN_POINT('',(0.487799104650086,3.494,-0.00128143759385916));
#6459=CARTESIAN_POINT('',(0.487799104650086,3.5,-0.00128143759385916));
#6460=CARTESIAN_POINT('',(0.486509231398084,3.494,-0.000499161827018465));
#6461=CARTESIAN_POINT('',(0.486509231398084,3.5,-0.000499161827018465));
#6462=CARTESIAN_POINT('',(0.48879570626724,3.5,-0.00127240003717835));
#6463=CARTESIAN_POINT('',(0.488645814549627,3.5,-0.00128942228165121));
#6464=CARTESIAN_POINT('',(0.487799104650086,3.5,-0.00128143759385916));
#6465=CARTESIAN_POINT('',(0.486509231398084,3.5,-0.000499161827018465));
#6466=CARTESIAN_POINT('',(0.48879570626724,3.5,-0.00127240003717835));
#6467=CARTESIAN_POINT('',(0.48879570626724,3.494,-0.00127240003717835));
#6468=CARTESIAN_POINT('',(0.48879570626724,3.494,-0.00127240003717835));
#6469=CARTESIAN_POINT('',(0.48879570626724,3.494,-0.00127240003717835));
#6470=CARTESIAN_POINT('',(0.488645814549627,3.494,-0.00128942228165121));
#6471=CARTESIAN_POINT('',(0.487799104650086,3.494,-0.00128143759385916));
#6472=CARTESIAN_POINT('',(0.486509231398084,3.494,-0.000499161827018465));
#6473=CARTESIAN_POINT('',(0.489367685487359,3.494,-0.00120744401243439));
#6474=CARTESIAN_POINT('',(0.489367685487359,3.5,-0.00120744401243439));
#6475=CARTESIAN_POINT('',(0.489939664707477,3.5,-0.00114248798769042));
#6476=CARTESIAN_POINT('',(0.489939664707477,3.494,-0.00114248798769042));
#6477=CARTESIAN_POINT('',(0.489939664707477,3.494,-0.00114248798769042));
#6478=CARTESIAN_POINT('',(0.489367685487359,3.494,-0.00120744401243439));
#6479=CARTESIAN_POINT('',(0.5,3.494,-1.44198888940572E-17));
#6480=CARTESIAN_POINT('',(0.5,3.5,-1.44198888940572E-17));
#6481=CARTESIAN_POINT('',(0.490268250908472,3.5,-0.00279440237251914));
#6482=CARTESIAN_POINT('',(0.490268250908472,3.494,-0.00279440237251914));
#6483=CARTESIAN_POINT('',(0.490268250908472,3.494,-0.00279440237251914));
#6484=CARTESIAN_POINT('',(0.5,3.494,-1.44198888940572E-17));
#6485=CARTESIAN_POINT('',(0.489714953419481,3.494,-0.00295327780194127));
#6486=CARTESIAN_POINT('',(0.489714953419481,3.5,-0.00295327780194127));
#6487=CARTESIAN_POINT('',(0.48916165593049,3.5,-0.00311215323136341));
#6488=CARTESIAN_POINT('',(0.48916165593049,3.494,-0.00311215323136341));
#6489=CARTESIAN_POINT('',(0.48916165593049,3.494,-0.00311215323136341));
#6490=CARTESIAN_POINT('',(0.489714953419481,3.494,-0.00295327780194127));
#6491=CARTESIAN_POINT('',(0.48916165593049,3.494,-0.00311215323136341));
#6492=CARTESIAN_POINT('',(0.48916165593049,3.5,-0.00311215323136341));
#6493=CARTESIAN_POINT('',(0.489016659909552,3.494,-0.00315378780507714));
#6494=CARTESIAN_POINT('',(0.489016659909552,3.5,-0.00315378780507714));
#6495=CARTESIAN_POINT('',(0.488237457571122,3.494,-0.00348518654527554));
#6496=CARTESIAN_POINT('',(0.488237457571122,3.5,-0.00348518654527554));
#6497=CARTESIAN_POINT('',(0.487345134049575,3.494,-0.00470152823843117));
#6498=CARTESIAN_POINT('',(0.487345134049575,3.5,-0.00470152823843117));
#6499=CARTESIAN_POINT('',(0.48916165593049,3.5,-0.00311215323136341));
#6500=CARTESIAN_POINT('',(0.489016659909552,3.5,-0.00315378780507714));
#6501=CARTESIAN_POINT('',(0.488237457571122,3.5,-0.00348518654527554));
#6502=CARTESIAN_POINT('',(0.487345134049575,3.5,-0.00470152823843117));
#6503=CARTESIAN_POINT('',(0.487345134049575,3.5,-0.00470152823843117));
#6504=CARTESIAN_POINT('',(0.487345134049575,3.494,-0.00470152823843117));
#6505=CARTESIAN_POINT('',(0.487345134049575,3.494,-0.00470152823843117));
#6506=CARTESIAN_POINT('',(0.48916165593049,3.494,-0.00311215323136341));
#6507=CARTESIAN_POINT('',(0.489016659909552,3.494,-0.00315378780507714));
#6508=CARTESIAN_POINT('',(0.488237457571122,3.494,-0.00348518654527554));
#6509=CARTESIAN_POINT('',(0.487345134049575,3.494,-0.00470152823843117));
#6510=CARTESIAN_POINT('',(0.5,3.494,2.30284541435921E-16));
#6511=CARTESIAN_POINT('',(0.5,3.5,2.30284541435921E-16));
#6512=CARTESIAN_POINT('',(0.487727175972113,3.5,-0.00562385902921777));
#6513=CARTESIAN_POINT('',(0.487727175972113,3.494,-0.00562385902921777));
#6514=CARTESIAN_POINT('',(0.487727175972113,3.494,-0.00562385902921777));
#6515=CARTESIAN_POINT('',(0.5,3.494,2.30284541435921E-16));
#6516=CARTESIAN_POINT('',(0.490135508757628,3.494,-0.00546324193439477));
#6517=CARTESIAN_POINT('',(0.490135508757628,3.5,-0.00546324193439477));
#6518=CARTESIAN_POINT('',(0.490003540998573,3.494,-0.00553632951464025));
#6519=CARTESIAN_POINT('',(0.490003540998573,3.5,-0.00553632951464025));
#6520=CARTESIAN_POINT('',(0.489218227444682,3.494,-0.00585297447558953));
#6521=CARTESIAN_POINT('',(0.489218227444682,3.5,-0.00585297447558953));
#6522=CARTESIAN_POINT('',(0.487727175972113,3.494,-0.00562385902921777));
#6523=CARTESIAN_POINT('',(0.487727175972113,3.5,-0.00562385902921777));
#6524=CARTESIAN_POINT('',(0.490135508757628,3.5,-0.00546324193439477));
#6525=CARTESIAN_POINT('',(0.490003540998573,3.5,-0.00553632951464025));
#6526=CARTESIAN_POINT('',(0.489218227444682,3.5,-0.00585297447558953));
#6527=CARTESIAN_POINT('',(0.487727175972113,3.5,-0.00562385902921777));
#6528=CARTESIAN_POINT('',(0.490135508757628,3.5,-0.00546324193439477));
#6529=CARTESIAN_POINT('',(0.490135508757628,3.494,-0.00546324193439477));
#6530=CARTESIAN_POINT('',(0.490135508757628,3.494,-0.00546324193439477));
#6531=CARTESIAN_POINT('',(0.490135508757628,3.494,-0.00546324193439477));
#6532=CARTESIAN_POINT('',(0.490003540998573,3.494,-0.00553632951464025));
#6533=CARTESIAN_POINT('',(0.489218227444682,3.494,-0.00585297447558953));
#6534=CARTESIAN_POINT('',(0.487727175972113,3.494,-0.00562385902921777));
#6535=CARTESIAN_POINT('',(0.490639091057615,3.494,-0.00518434342142415));
#6536=CARTESIAN_POINT('',(0.490639091057615,3.5,-0.00518434342142415));
#6537=CARTESIAN_POINT('',(0.491142673357602,3.5,-0.00490544490845353));
#6538=CARTESIAN_POINT('',(0.491142673357602,3.494,-0.00490544490845353));
#6539=CARTESIAN_POINT('',(0.491142673357602,3.494,-0.00490544490845353));
#6540=CARTESIAN_POINT('',(0.490639091057615,3.494,-0.00518434342142415));
#6541=CARTESIAN_POINT('',(0.5,3.494,7.24247051220317E-17));
#6542=CARTESIAN_POINT('',(0.5,3.5,7.24247051220317E-17));
#6543=CARTESIAN_POINT('',(0.492078407690127,3.5,-0.00630587030283327));
#6544=CARTESIAN_POINT('',(0.492078407690127,3.494,-0.00630587030283327));
#6545=CARTESIAN_POINT('',(0.492078407690127,3.494,-0.00630587030283327));
#6546=CARTESIAN_POINT('',(0.5,3.494,7.24247051220317E-17));
#6547=CARTESIAN_POINT('',(0.491628026459308,3.494,-0.00666438984250133));
#6548=CARTESIAN_POINT('',(0.491628026459308,3.5,-0.00666438984250133));
#6549=CARTESIAN_POINT('',(0.491177645228489,3.5,-0.00702290938216939));
#6550=CARTESIAN_POINT('',(0.491177645228489,3.494,-0.00702290938216939));
#6551=CARTESIAN_POINT('',(0.491177645228489,3.494,-0.00702290938216939));
#6552=CARTESIAN_POINT('',(0.491628026459308,3.494,-0.00666438984250133));
#6553=CARTESIAN_POINT('',(0.491177645228489,3.494,-0.00702290938216939));
#6554=CARTESIAN_POINT('',(0.491177645228489,3.5,-0.00702290938216939));
#6555=CARTESIAN_POINT('',(0.491059619234023,3.494,-0.00711686228764015));
#6556=CARTESIAN_POINT('',(0.491059619234023,3.5,-0.00711686228764015));
#6557=CARTESIAN_POINT('',(0.490466550949243,3.494,-0.00772122262618675));
#6558=CARTESIAN_POINT('',(0.490466550949243,3.5,-0.00772122262618675));
#6559=CARTESIAN_POINT('',(0.490107625325372,3.494,-0.00918645324903927));
#6560=CARTESIAN_POINT('',(0.490107625325372,3.5,-0.00918645324903927));
#6561=CARTESIAN_POINT('',(0.491177645228489,3.5,-0.00702290938216939));
#6562=CARTESIAN_POINT('',(0.491059619234023,3.5,-0.00711686228764015));
#6563=CARTESIAN_POINT('',(0.490466550949243,3.5,-0.00772122262618675));
#6564=CARTESIAN_POINT('',(0.490107625325372,3.5,-0.00918645324903927));
#6565=CARTESIAN_POINT('',(0.490107625325372,3.5,-0.00918645324903927));
#6566=CARTESIAN_POINT('',(0.490107625325372,3.494,-0.00918645324903927));
#6567=CARTESIAN_POINT('',(0.490107625325372,3.494,-0.00918645324903927));
#6568=CARTESIAN_POINT('',(0.491177645228489,3.494,-0.00702290938216939));
#6569=CARTESIAN_POINT('',(0.491059619234023,3.494,-0.00711686228764015));
#6570=CARTESIAN_POINT('',(0.490466550949243,3.494,-0.00772122262618675));
#6571=CARTESIAN_POINT('',(0.490107625325372,3.494,-0.00918645324903927));
#6572=CARTESIAN_POINT('',(0.5,3.494,1.43374895289483E-15));
#6573=CARTESIAN_POINT('',(0.5,3.5,1.43374895289483E-15));
#6574=CARTESIAN_POINT('',(0.490813546750961,3.5,-0.00989237467462772));
#6575=CARTESIAN_POINT('',(0.490813546750961,3.494,-0.00989237467462772));
#6576=CARTESIAN_POINT('',(0.490813546750961,3.494,-0.00989237467462772));
#6577=CARTESIAN_POINT('',(0.5,3.494,1.43374895289483E-15));
#6578=CARTESIAN_POINT('',(0.492977090617831,3.494,-0.00882235477151104));
#6579=CARTESIAN_POINT('',(0.492977090617831,3.5,-0.00882235477151104));
#6580=CARTESIAN_POINT('',(0.49288313771236,3.494,-0.00894038076597734));
#6581=CARTESIAN_POINT('',(0.49288313771236,3.5,-0.00894038076597734));
#6582=CARTESIAN_POINT('',(0.492278777373813,3.494,-0.00953344905075713));
#6583=CARTESIAN_POINT('',(0.492278777373813,3.5,-0.00953344905075713));
#6584=CARTESIAN_POINT('',(0.490813546750961,3.494,-0.00989237467462772));
#6585=CARTESIAN_POINT('',(0.490813546750961,3.5,-0.00989237467462772));
#6586=CARTESIAN_POINT('',(0.492977090617831,3.5,-0.00882235477151104));
#6587=CARTESIAN_POINT('',(0.49288313771236,3.5,-0.00894038076597734));
#6588=CARTESIAN_POINT('',(0.492278777373813,3.5,-0.00953344905075713));
#6589=CARTESIAN_POINT('',(0.490813546750961,3.5,-0.00989237467462772));
#6590=CARTESIAN_POINT('',(0.492977090617831,3.5,-0.00882235477151104));
#6591=CARTESIAN_POINT('',(0.492977090617831,3.494,-0.00882235477151104));
#6592=CARTESIAN_POINT('',(0.492977090617831,3.494,-0.00882235477151104));
#6593=CARTESIAN_POINT('',(0.492977090617831,3.494,-0.00882235477151104));
#6594=CARTESIAN_POINT('',(0.49288313771236,3.494,-0.00894038076597734));
#6595=CARTESIAN_POINT('',(0.492278777373813,3.494,-0.00953344905075713));
#6596=CARTESIAN_POINT('',(0.490813546750961,3.494,-0.00989237467462772));
#6597=CARTESIAN_POINT('',(0.493335610157499,3.494,-0.00837197354069222));
#6598=CARTESIAN_POINT('',(0.493335610157499,3.5,-0.00837197354069222));
#6599=CARTESIAN_POINT('',(0.493694129697167,3.5,-0.00792159230987341));
#6600=CARTESIAN_POINT('',(0.493694129697167,3.494,-0.00792159230987341));
#6601=CARTESIAN_POINT('',(0.493694129697167,3.494,-0.00792159230987341));
#6602=CARTESIAN_POINT('',(0.493335610157499,3.494,-0.00837197354069222));
#6603=CARTESIAN_POINT('',(0.5,3.494,-9.10729824887824E-17));
#6604=CARTESIAN_POINT('',(0.5,3.5,-9.10729824887824E-17));
#6605=CARTESIAN_POINT('',(0.495094555091547,3.5,-0.00885732664239766));
#6606=CARTESIAN_POINT('',(0.495094555091547,3.494,-0.00885732664239766));
#6607=CARTESIAN_POINT('',(0.495094555091547,3.494,-0.00885732664239766));
#6608=CARTESIAN_POINT('',(0.5,3.494,-9.10729824887824E-17));
#6609=CARTESIAN_POINT('',(0.494815656578576,3.494,-0.00936090894238491));
#6610=CARTESIAN_POINT('',(0.494815656578576,3.5,-0.00936090894238491));
#6611=CARTESIAN_POINT('',(0.494536758065605,3.5,-0.00986449124237215));
#6612=CARTESIAN_POINT('',(0.494536758065605,3.494,-0.00986449124237215));
#6613=CARTESIAN_POINT('',(0.494536758065605,3.494,-0.00986449124237215));
#6614=CARTESIAN_POINT('',(0.494815656578576,3.494,-0.00936090894238491));
#6615=CARTESIAN_POINT('',(0.494536758065605,3.494,-0.00986449124237215));
#6616=CARTESIAN_POINT('',(0.494536758065605,3.5,-0.00986449124237215));
#6617=CARTESIAN_POINT('',(0.49446367048536,3.494,-0.00999645900142722));
#6618=CARTESIAN_POINT('',(0.49446367048536,3.5,-0.00999645900142722));
#6619=CARTESIAN_POINT('',(0.494147025524411,3.494,-0.0107817725553184));
#6620=CARTESIAN_POINT('',(0.494147025524411,3.5,-0.0107817725553184));
#6621=CARTESIAN_POINT('',(0.494376140970782,3.494,-0.0122728240278872));
#6622=CARTESIAN_POINT('',(0.494376140970782,3.5,-0.0122728240278872));
#6623=CARTESIAN_POINT('',(0.494536758065605,3.5,-0.00986449124237215));
#6624=CARTESIAN_POINT('',(0.49446367048536,3.5,-0.00999645900142722));
#6625=CARTESIAN_POINT('',(0.494147025524411,3.5,-0.0107817725553184));
#6626=CARTESIAN_POINT('',(0.494376140970782,3.5,-0.0122728240278872));
#6627=CARTESIAN_POINT('',(0.494376140970782,3.5,-0.0122728240278872));
#6628=CARTESIAN_POINT('',(0.494376140970782,3.494,-0.0122728240278872));
#6629=CARTESIAN_POINT('',(0.494376140970782,3.494,-0.0122728240278872));
#6630=CARTESIAN_POINT('',(0.494536758065605,3.494,-0.00986449124237215));
#6631=CARTESIAN_POINT('',(0.49446367048536,3.494,-0.00999645900142722));
#6632=CARTESIAN_POINT('',(0.494147025524411,3.494,-0.0107817725553184));
#6633=CARTESIAN_POINT('',(0.494376140970782,3.494,-0.0122728240278872));
#6634=CARTESIAN_POINT('',(0.5,3.494,-1.2038980923279E-15));
#6635=CARTESIAN_POINT('',(0.5,3.5,-1.2038980923279E-15));
#6636=CARTESIAN_POINT('',(0.495298471761569,3.5,-0.0126548659504253));
#6637=CARTESIAN_POINT('',(0.495298471761569,3.494,-0.0126548659504253));
#6638=CARTESIAN_POINT('',(0.495298471761569,3.494,-0.0126548659504253));
#6639=CARTESIAN_POINT('',(0.5,3.494,-1.2038980923279E-15));
#6640=CARTESIAN_POINT('',(0.496887846768637,3.494,-0.0108383440695099));
#6641=CARTESIAN_POINT('',(0.496887846768637,3.5,-0.0108383440695099));
#6642=CARTESIAN_POINT('',(0.496846212194923,3.494,-0.0109833400904478));
#6643=CARTESIAN_POINT('',(0.496846212194923,3.5,-0.0109833400904478));
#6644=CARTESIAN_POINT('',(0.496514813454725,3.494,-0.0117625424288778));
#6645=CARTESIAN_POINT('',(0.496514813454725,3.5,-0.0117625424288778));
#6646=CARTESIAN_POINT('',(0.495298471761569,3.494,-0.0126548659504253));
#6647=CARTESIAN_POINT('',(0.495298471761569,3.5,-0.0126548659504253));
#6648=CARTESIAN_POINT('',(0.496887846768637,3.5,-0.0108383440695099));
#6649=CARTESIAN_POINT('',(0.496846212194923,3.5,-0.0109833400904478));
#6650=CARTESIAN_POINT('',(0.496514813454725,3.5,-0.0117625424288778));
#6651=CARTESIAN_POINT('',(0.495298471761569,3.5,-0.0126548659504253));
#6652=CARTESIAN_POINT('',(0.496887846768637,3.5,-0.0108383440695099));
#6653=CARTESIAN_POINT('',(0.496887846768637,3.494,-0.0108383440695099));
#6654=CARTESIAN_POINT('',(0.496887846768637,3.494,-0.0108383440695099));
#6655=CARTESIAN_POINT('',(0.496887846768637,3.494,-0.0108383440695099));
#6656=CARTESIAN_POINT('',(0.496846212194923,3.494,-0.0109833400904478));
#6657=CARTESIAN_POINT('',(0.496514813454725,3.494,-0.0117625424288778));
#6658=CARTESIAN_POINT('',(0.495298471761569,3.494,-0.0126548659504253));
#6659=CARTESIAN_POINT('',(0.497046722198059,3.494,-0.010285046580519));
#6660=CARTESIAN_POINT('',(0.497046722198059,3.5,-0.010285046580519));
#6661=CARTESIAN_POINT('',(0.497205597627481,3.5,-0.00973174909152817));
#6662=CARTESIAN_POINT('',(0.497205597627481,3.494,-0.00973174909152817));
#6663=CARTESIAN_POINT('',(0.497205597627481,3.494,-0.00973174909152817));
#6664=CARTESIAN_POINT('',(0.497046722198059,3.494,-0.010285046580519));
#6665=CARTESIAN_POINT('',(0.5,3.494,1.90819582357449E-16));
#6666=CARTESIAN_POINT('',(0.5,3.5,1.90819582357449E-16));
#6667=CARTESIAN_POINT('',(0.49885751201231,3.5,-0.010060335292523));
#6668=CARTESIAN_POINT('',(0.49885751201231,3.494,-0.010060335292523));
#6669=CARTESIAN_POINT('',(0.49885751201231,3.494,-0.010060335292523));
#6670=CARTESIAN_POINT('',(0.5,3.494,1.90819582357449E-16));
#6671=CARTESIAN_POINT('',(0.498792555987566,3.494,-0.0106323145126413));
#6672=CARTESIAN_POINT('',(0.498792555987566,3.5,-0.0106323145126413));
#6673=CARTESIAN_POINT('',(0.498727599962822,3.5,-0.0112042937327595));
#6674=CARTESIAN_POINT('',(0.498727599962822,3.494,-0.0112042937327595));
#6675=CARTESIAN_POINT('',(0.498727599962822,3.494,-0.0112042937327595));
#6676=CARTESIAN_POINT('',(0.498792555987566,3.494,-0.0106323145126413));
#6677=CARTESIAN_POINT('',(0.498727599962822,3.494,-0.0112042937327595));
#6678=CARTESIAN_POINT('',(0.498727599962822,3.5,-0.0112042937327595));
#6679=CARTESIAN_POINT('',(0.498710577718349,3.494,-0.0113541854503735));
#6680=CARTESIAN_POINT('',(0.498710577718349,3.5,-0.0113541854503735));
#6681=CARTESIAN_POINT('',(0.498718562406141,3.494,-0.0122008953499145));
#6682=CARTESIAN_POINT('',(0.498718562406141,3.5,-0.0122008953499145));
#6683=CARTESIAN_POINT('',(0.499500838172982,3.494,-0.0134907686019162));
#6684=CARTESIAN_POINT('',(0.499500838172982,3.5,-0.0134907686019162));
#6685=CARTESIAN_POINT('',(0.498727599962822,3.5,-0.0112042937327595));
#6686=CARTESIAN_POINT('',(0.498710577718349,3.5,-0.0113541854503735));
#6687=CARTESIAN_POINT('',(0.498718562406141,3.5,-0.0122008953499145));
#6688=CARTESIAN_POINT('',(0.499500838172982,3.5,-0.0134907686019162));
#6689=CARTESIAN_POINT('',(0.499500838172982,3.5,-0.0134907686019162));
#6690=CARTESIAN_POINT('',(0.499500838172982,3.494,-0.0134907686019162));
#6691=CARTESIAN_POINT('',(0.499500838172982,3.494,-0.0134907686019162));
#6692=CARTESIAN_POINT('',(0.498727599962822,3.494,-0.0112042937327595));
#6693=CARTESIAN_POINT('',(0.498710577718349,3.494,-0.0113541854503735));
#6694=CARTESIAN_POINT('',(0.498718562406141,3.494,-0.0122008953499145));
#6695=CARTESIAN_POINT('',(0.499500838172982,3.494,-0.0134907686019162));
#6696=CARTESIAN_POINT('',(0.5,3.494,8.77770078844264E-16));
#6697=CARTESIAN_POINT('',(0.5,3.5,8.77770078844264E-16));
#6698=CARTESIAN_POINT('',(0.500499161827019,3.5,-0.0134907686019162));
#6699=CARTESIAN_POINT('',(0.500499161827019,3.494,-0.0134907686019162));
#6700=CARTESIAN_POINT('',(0.500499161827019,3.494,-0.0134907686019162));
#6701=CARTESIAN_POINT('',(0.5,3.494,8.77770078844264E-16));
#6702=CARTESIAN_POINT('',(0.501272400037178,3.494,-0.0112042937327595));
#6703=CARTESIAN_POINT('',(0.501272400037178,3.5,-0.0112042937327595));
#6704=CARTESIAN_POINT('',(0.501289422281651,3.494,-0.0113541854503735));
#6705=CARTESIAN_POINT('',(0.501289422281651,3.5,-0.0113541854503735));
#6706=CARTESIAN_POINT('',(0.501281437593859,3.494,-0.0122008953499145));
#6707=CARTESIAN_POINT('',(0.501281437593859,3.5,-0.0122008953499145));
#6708=CARTESIAN_POINT('',(0.500499161827019,3.494,-0.0134907686019162));
#6709=CARTESIAN_POINT('',(0.500499161827019,3.5,-0.0134907686019162));
#6710=CARTESIAN_POINT('',(0.501272400037178,3.5,-0.0112042937327595));
#6711=CARTESIAN_POINT('',(0.501289422281651,3.5,-0.0113541854503735));
#6712=CARTESIAN_POINT('',(0.501281437593859,3.5,-0.0122008953499145));
#6713=CARTESIAN_POINT('',(0.500499161827019,3.5,-0.0134907686019162));
#6714=CARTESIAN_POINT('',(0.501272400037178,3.5,-0.0112042937327595));
#6715=CARTESIAN_POINT('',(0.501272400037178,3.494,-0.0112042937327595));
#6716=CARTESIAN_POINT('',(0.501272400037178,3.494,-0.0112042937327595));
#6717=CARTESIAN_POINT('',(0.501272400037178,3.494,-0.0112042937327595));
#6718=CARTESIAN_POINT('',(0.501289422281651,3.494,-0.0113541854503735));
#6719=CARTESIAN_POINT('',(0.501281437593859,3.494,-0.0122008953499145));
#6720=CARTESIAN_POINT('',(0.500499161827019,3.494,-0.0134907686019162));
#6721=CARTESIAN_POINT('',(0.501207444012434,3.494,-0.0106323145126413));
#6722=CARTESIAN_POINT('',(0.501207444012434,3.5,-0.0106323145126413));
#6723=CARTESIAN_POINT('',(0.501142487987691,3.5,-0.010060335292523));
#6724=CARTESIAN_POINT('',(0.501142487987691,3.494,-0.010060335292523));
#6725=CARTESIAN_POINT('',(0.501142487987691,3.494,-0.010060335292523));
#6726=CARTESIAN_POINT('',(0.501207444012434,3.494,-0.0106323145126413));
#6727=CARTESIAN_POINT('',(0.5,3.494,2.60208521396521E-18));
#6728=CARTESIAN_POINT('',(0.5,3.5,2.60208521396521E-18));
#6729=CARTESIAN_POINT('',(0.502794402372519,3.5,-0.00973174909152817));
#6730=CARTESIAN_POINT('',(0.502794402372519,3.494,-0.00973174909152817));
#6731=CARTESIAN_POINT('',(0.502794402372519,3.494,-0.00973174909152817));
#6732=CARTESIAN_POINT('',(0.5,3.494,2.60208521396521E-18));
#6733=CARTESIAN_POINT('',(0.502953277801941,3.494,-0.010285046580519));
#6734=CARTESIAN_POINT('',(0.502953277801941,3.5,-0.010285046580519));
#6735=CARTESIAN_POINT('',(0.503112153231363,3.5,-0.0108383440695099));
#6736=CARTESIAN_POINT('',(0.503112153231363,3.494,-0.0108383440695099));
#6737=CARTESIAN_POINT('',(0.503112153231363,3.494,-0.0108383440695099));
#6738=CARTESIAN_POINT('',(0.502953277801941,3.494,-0.010285046580519));
#6739=CARTESIAN_POINT('',(0.503112153231363,3.494,-0.0108383440695099));
#6740=CARTESIAN_POINT('',(0.503112153231363,3.5,-0.0108383440695099));
#6741=CARTESIAN_POINT('',(0.503153787805077,3.494,-0.0109833400904478));
#6742=CARTESIAN_POINT('',(0.503153787805077,3.5,-0.0109833400904478));
#6743=CARTESIAN_POINT('',(0.503485186545276,3.494,-0.0117625424288778));
#6744=CARTESIAN_POINT('',(0.503485186545276,3.5,-0.0117625424288778));
#6745=CARTESIAN_POINT('',(0.504701528238431,3.494,-0.0126548659504253));
#6746=CARTESIAN_POINT('',(0.504701528238431,3.5,-0.0126548659504253));
#6747=CARTESIAN_POINT('',(0.503112153231363,3.5,-0.0108383440695099));
#6748=CARTESIAN_POINT('',(0.503153787805077,3.5,-0.0109833400904478));
#6749=CARTESIAN_POINT('',(0.503485186545276,3.5,-0.0117625424288778));
#6750=CARTESIAN_POINT('',(0.504701528238431,3.5,-0.0126548659504253));
#6751=CARTESIAN_POINT('',(0.504701528238431,3.5,-0.0126548659504253));
#6752=CARTESIAN_POINT('',(0.504701528238431,3.494,-0.0126548659504253));
#6753=CARTESIAN_POINT('',(0.504701528238431,3.494,-0.0126548659504253));
#6754=CARTESIAN_POINT('',(0.503112153231363,3.494,-0.0108383440695099));
#6755=CARTESIAN_POINT('',(0.503153787805077,3.494,-0.0109833400904478));
#6756=CARTESIAN_POINT('',(0.503485186545276,3.494,-0.0117625424288778));
#6757=CARTESIAN_POINT('',(0.504701528238431,3.494,-0.0126548659504253));
#6758=CARTESIAN_POINT('',(0.5,3.494,-1.36349265211777E-15));
#6759=CARTESIAN_POINT('',(0.5,3.5,-1.36349265211777E-15));
#6760=CARTESIAN_POINT('',(0.505623859029218,3.5,-0.0122728240278872));
#6761=CARTESIAN_POINT('',(0.505623859029218,3.494,-0.0122728240278872));
#6762=CARTESIAN_POINT('',(0.505623859029218,3.494,-0.0122728240278872));
#6763=CARTESIAN_POINT('',(0.5,3.494,-1.36349265211777E-15));
#6764=CARTESIAN_POINT('',(0.505463241934395,3.494,-0.00986449124237216));
#6765=CARTESIAN_POINT('',(0.505463241934395,3.5,-0.00986449124237216));
#6766=CARTESIAN_POINT('',(0.50553632951464,3.494,-0.00999645900142723));
#6767=CARTESIAN_POINT('',(0.50553632951464,3.5,-0.00999645900142723));
#6768=CARTESIAN_POINT('',(0.50585297447559,3.494,-0.0107817725553184));
#6769=CARTESIAN_POINT('',(0.50585297447559,3.5,-0.0107817725553184));
#6770=CARTESIAN_POINT('',(0.505623859029218,3.494,-0.0122728240278872));
#6771=CARTESIAN_POINT('',(0.505623859029218,3.5,-0.0122728240278872));
#6772=CARTESIAN_POINT('',(0.505463241934395,3.5,-0.00986449124237216));
#6773=CARTESIAN_POINT('',(0.50553632951464,3.5,-0.00999645900142723));
#6774=CARTESIAN_POINT('',(0.50585297447559,3.5,-0.0107817725553184));
#6775=CARTESIAN_POINT('',(0.505623859029218,3.5,-0.0122728240278872));
#6776=CARTESIAN_POINT('',(0.505463241934395,3.5,-0.00986449124237216));
#6777=CARTESIAN_POINT('',(0.505463241934395,3.494,-0.00986449124237216));
#6778=CARTESIAN_POINT('',(0.505463241934395,3.494,-0.00986449124237216));
#6779=CARTESIAN_POINT('',(0.505463241934395,3.494,-0.00986449124237216));
#6780=CARTESIAN_POINT('',(0.50553632951464,3.494,-0.00999645900142723));
#6781=CARTESIAN_POINT('',(0.50585297447559,3.494,-0.0107817725553184));
#6782=CARTESIAN_POINT('',(0.505623859029218,3.494,-0.0122728240278872));
#6783=CARTESIAN_POINT('',(0.505184343421424,3.494,-0.00936090894238491));
#6784=CARTESIAN_POINT('',(0.505184343421424,3.5,-0.00936090894238491));
#6785=CARTESIAN_POINT('',(0.504905444908454,3.5,-0.00885732664239766));
#6786=CARTESIAN_POINT('',(0.504905444908454,3.494,-0.00885732664239766));
#6787=CARTESIAN_POINT('',(0.504905444908454,3.494,-0.00885732664239766));
#6788=CARTESIAN_POINT('',(0.505184343421424,3.494,-0.00936090894238491));
#6789=CARTESIAN_POINT('',(0.5,3.494,-1.47451495458029E-17));
#6790=CARTESIAN_POINT('',(0.5,3.5,-1.47451495458029E-17));
#6791=CARTESIAN_POINT('',(0.506305870302833,3.5,-0.00792159230987341));
#6792=CARTESIAN_POINT('',(0.506305870302833,3.494,-0.00792159230987341));
#6793=CARTESIAN_POINT('',(0.506305870302833,3.494,-0.00792159230987341));
#6794=CARTESIAN_POINT('',(0.5,3.494,-1.47451495458029E-17));
#6795=CARTESIAN_POINT('',(0.506664389842501,3.494,-0.00837197354069223));
#6796=CARTESIAN_POINT('',(0.506664389842501,3.5,-0.00837197354069223));
#6797=CARTESIAN_POINT('',(0.507022909382169,3.5,-0.00882235477151104));
#6798=CARTESIAN_POINT('',(0.507022909382169,3.494,-0.00882235477151104));
#6799=CARTESIAN_POINT('',(0.507022909382169,3.494,-0.00882235477151104));
#6800=CARTESIAN_POINT('',(0.506664389842501,3.494,-0.00837197354069223));
#6801=CARTESIAN_POINT('',(0.507022909382169,3.494,-0.00882235477151104));
#6802=CARTESIAN_POINT('',(0.507022909382169,3.5,-0.00882235477151104));
#6803=CARTESIAN_POINT('',(0.50711686228764,3.494,-0.00894038076597734));
#6804=CARTESIAN_POINT('',(0.50711686228764,3.5,-0.00894038076597734));
#6805=CARTESIAN_POINT('',(0.507721222626187,3.494,-0.00953344905075713));
#6806=CARTESIAN_POINT('',(0.507721222626187,3.5,-0.00953344905075713));
#6807=CARTESIAN_POINT('',(0.509186453249039,3.494,-0.00989237467462772));
#6808=CARTESIAN_POINT('',(0.509186453249039,3.5,-0.00989237467462772));
#6809=CARTESIAN_POINT('',(0.507022909382169,3.5,-0.00882235477151104));
#6810=CARTESIAN_POINT('',(0.50711686228764,3.5,-0.00894038076597734));
#6811=CARTESIAN_POINT('',(0.507721222626187,3.5,-0.00953344905075713));
#6812=CARTESIAN_POINT('',(0.509186453249039,3.5,-0.00989237467462772));
#6813=CARTESIAN_POINT('',(0.509186453249039,3.5,-0.00989237467462772));
#6814=CARTESIAN_POINT('',(0.509186453249039,3.494,-0.00989237467462772));
#6815=CARTESIAN_POINT('',(0.509186453249039,3.494,-0.00989237467462772));
#6816=CARTESIAN_POINT('',(0.507022909382169,3.494,-0.00882235477151104));
#6817=CARTESIAN_POINT('',(0.50711686228764,3.494,-0.00894038076597734));
#6818=CARTESIAN_POINT('',(0.507721222626187,3.494,-0.00953344905075713));
#6819=CARTESIAN_POINT('',(0.509186453249039,3.494,-0.00989237467462772));
#6820=CARTESIAN_POINT('',(0.5,3.494,-3.44169137633799E-15));
#6821=CARTESIAN_POINT('',(0.5,3.5,-3.44169137633799E-15));
#6822=CARTESIAN_POINT('',(0.509892374674628,3.5,-0.00918645324903927));
#6823=CARTESIAN_POINT('',(0.509892374674628,3.494,-0.00918645324903927));
#6824=CARTESIAN_POINT('',(0.509892374674628,3.494,-0.00918645324903927));
#6825=CARTESIAN_POINT('',(0.5,3.494,-3.44169137633799E-15));
#6826=CARTESIAN_POINT('',(0.508822354771511,3.494,-0.00702290938216939));
#6827=CARTESIAN_POINT('',(0.508822354771511,3.5,-0.00702290938216939));
#6828=CARTESIAN_POINT('',(0.508940380765977,3.494,-0.00711686228764015));
#6829=CARTESIAN_POINT('',(0.508940380765977,3.5,-0.00711686228764015));
#6830=CARTESIAN_POINT('',(0.509533449050757,3.494,-0.00772122262618675));
#6831=CARTESIAN_POINT('',(0.509533449050757,3.5,-0.00772122262618675));
#6832=CARTESIAN_POINT('',(0.509892374674628,3.494,-0.00918645324903927));
#6833=CARTESIAN_POINT('',(0.509892374674628,3.5,-0.00918645324903927));
#6834=CARTESIAN_POINT('',(0.508822354771511,3.5,-0.00702290938216939));
#6835=CARTESIAN_POINT('',(0.508940380765977,3.5,-0.00711686228764015));
#6836=CARTESIAN_POINT('',(0.509533449050757,3.5,-0.00772122262618675));
#6837=CARTESIAN_POINT('',(0.509892374674628,3.5,-0.00918645324903927));
#6838=CARTESIAN_POINT('',(0.508822354771511,3.5,-0.00702290938216939));
#6839=CARTESIAN_POINT('',(0.508822354771511,3.494,-0.00702290938216939));
#6840=CARTESIAN_POINT('',(0.508822354771511,3.494,-0.00702290938216939));
#6841=CARTESIAN_POINT('',(0.508822354771511,3.494,-0.00702290938216939));
#6842=CARTESIAN_POINT('',(0.508940380765977,3.494,-0.00711686228764015));
#6843=CARTESIAN_POINT('',(0.509533449050757,3.494,-0.00772122262618675));
#6844=CARTESIAN_POINT('',(0.509892374674628,3.494,-0.00918645324903927));
#6845=CARTESIAN_POINT('',(0.508371973540692,3.494,-0.00666438984250133));
#6846=CARTESIAN_POINT('',(0.508371973540692,3.5,-0.00666438984250133));
#6847=CARTESIAN_POINT('',(0.507921592309873,3.5,-0.00630587030283327));
#6848=CARTESIAN_POINT('',(0.507921592309873,3.494,-0.00630587030283327));
#6849=CARTESIAN_POINT('',(0.507921592309873,3.494,-0.00630587030283327));
#6850=CARTESIAN_POINT('',(0.508371973540692,3.494,-0.00666438984250133));
#6851=CARTESIAN_POINT('',(0.5,3.494,5.29090660172926E-17));
#6852=CARTESIAN_POINT('',(0.5,3.5,5.29090660172926E-17));
#6853=CARTESIAN_POINT('',(0.508857326642398,3.5,-0.00490544490845353));
#6854=CARTESIAN_POINT('',(0.508857326642398,3.494,-0.00490544490845353));
#6855=CARTESIAN_POINT('',(0.508857326642398,3.494,-0.00490544490845353));
#6856=CARTESIAN_POINT('',(0.5,3.494,5.29090660172926E-17));
#6857=CARTESIAN_POINT('',(0.509360908942385,3.494,-0.00518434342142415));
#6858=CARTESIAN_POINT('',(0.509360908942385,3.5,-0.00518434342142415));
#6859=CARTESIAN_POINT('',(0.509864491242372,3.5,-0.00546324193439477));
#6860=CARTESIAN_POINT('',(0.509864491242372,3.494,-0.00546324193439477));
#6861=CARTESIAN_POINT('',(0.509864491242372,3.494,-0.00546324193439477));
#6862=CARTESIAN_POINT('',(0.509360908942385,3.494,-0.00518434342142415));
#6863=CARTESIAN_POINT('',(0.509864491242372,3.494,-0.00546324193439477));
#6864=CARTESIAN_POINT('',(0.509864491242372,3.5,-0.00546324193439477));
#6865=CARTESIAN_POINT('',(0.509996459001427,3.494,-0.00553632951464026));
#6866=CARTESIAN_POINT('',(0.509996459001427,3.5,-0.00553632951464026));
#6867=CARTESIAN_POINT('',(0.510781772555318,3.494,-0.00585297447558953));
#6868=CARTESIAN_POINT('',(0.510781772555318,3.5,-0.00585297447558953));
#6869=CARTESIAN_POINT('',(0.512272824027887,3.494,-0.00562385902921778));
#6870=CARTESIAN_POINT('',(0.512272824027887,3.5,-0.00562385902921778));
#6871=CARTESIAN_POINT('',(0.509864491242372,3.5,-0.00546324193439477));
#6872=CARTESIAN_POINT('',(0.509996459001427,3.5,-0.00553632951464026));
#6873=CARTESIAN_POINT('',(0.510781772555318,3.5,-0.00585297447558953));
#6874=CARTESIAN_POINT('',(0.512272824027887,3.5,-0.00562385902921778));
#6875=CARTESIAN_POINT('',(0.512272824027887,3.5,-0.00562385902921778));
#6876=CARTESIAN_POINT('',(0.512272824027887,3.494,-0.00562385902921778));
#6877=CARTESIAN_POINT('',(0.512272824027887,3.494,-0.00562385902921778));
#6878=CARTESIAN_POINT('',(0.509864491242372,3.494,-0.00546324193439477));
#6879=CARTESIAN_POINT('',(0.509996459001427,3.494,-0.00553632951464026));
#6880=CARTESIAN_POINT('',(0.510781772555318,3.494,-0.00585297447558953));
#6881=CARTESIAN_POINT('',(0.512272824027887,3.494,-0.00562385902921778));
#6882=CARTESIAN_POINT('',(0.5,3.494,2.96637714392034E-16));
#6883=CARTESIAN_POINT('',(0.5,3.5,2.96637714392034E-16));
#6884=CARTESIAN_POINT('',(0.512654865950425,3.5,-0.00470152823843117));
#6885=CARTESIAN_POINT('',(0.512654865950425,3.494,-0.00470152823843117));
#6886=CARTESIAN_POINT('',(0.512654865950425,3.494,-0.00470152823843117));
#6887=CARTESIAN_POINT('',(0.5,3.494,2.96637714392034E-16));
#6888=CARTESIAN_POINT('',(0.51083834406951,3.494,-0.00311215323136342));
#6889=CARTESIAN_POINT('',(0.51083834406951,3.5,-0.00311215323136342));
#6890=CARTESIAN_POINT('',(0.510983340090448,3.494,-0.00315378780507715));
#6891=CARTESIAN_POINT('',(0.510983340090448,3.5,-0.00315378780507715));
#6892=CARTESIAN_POINT('',(0.511762542428878,3.494,-0.00348518654527555));
#6893=CARTESIAN_POINT('',(0.511762542428878,3.5,-0.00348518654527555));
#6894=CARTESIAN_POINT('',(0.512654865950425,3.494,-0.00470152823843117));
#6895=CARTESIAN_POINT('',(0.512654865950425,3.5,-0.00470152823843117));
#6896=CARTESIAN_POINT('',(0.51083834406951,3.5,-0.00311215323136342));
#6897=CARTESIAN_POINT('',(0.510983340090448,3.5,-0.00315378780507715));
#6898=CARTESIAN_POINT('',(0.511762542428878,3.5,-0.00348518654527555));
#6899=CARTESIAN_POINT('',(0.512654865950425,3.5,-0.00470152823843117));
#6900=CARTESIAN_POINT('',(0.51083834406951,3.5,-0.00311215323136342));
#6901=CARTESIAN_POINT('',(0.51083834406951,3.494,-0.00311215323136342));
#6902=CARTESIAN_POINT('',(0.51083834406951,3.494,-0.00311215323136342));
#6903=CARTESIAN_POINT('',(0.51083834406951,3.494,-0.00311215323136342));
#6904=CARTESIAN_POINT('',(0.510983340090448,3.494,-0.00315378780507715));
#6905=CARTESIAN_POINT('',(0.511762542428878,3.494,-0.00348518654527555));
#6906=CARTESIAN_POINT('',(0.512654865950425,3.494,-0.00470152823843117));
#6907=CARTESIAN_POINT('',(0.510285046580519,3.494,-0.00295327780194128));
#6908=CARTESIAN_POINT('',(0.510285046580519,3.5,-0.00295327780194128));
#6909=CARTESIAN_POINT('',(0.509731749091528,3.5,-0.00279440237251915));
#6910=CARTESIAN_POINT('',(0.509731749091528,3.494,-0.00279440237251915));
#6911=CARTESIAN_POINT('',(0.509731749091528,3.494,-0.00279440237251915));
#6912=CARTESIAN_POINT('',(0.510285046580519,3.494,-0.00295327780194128));
#6913=CARTESIAN_POINT('',(0.5,3.494,-2.65629532258948E-17));
#6914=CARTESIAN_POINT('',(0.5,3.5,-2.65629532258948E-17));
#6915=CARTESIAN_POINT('',(0.510060335292523,3.5,-0.00114248798769042));
#6916=CARTESIAN_POINT('',(0.510060335292523,3.494,-0.00114248798769042));
#6917=CARTESIAN_POINT('',(0.510060335292523,3.494,-0.00114248798769042));
#6918=CARTESIAN_POINT('',(0.5,3.494,-2.65629532258948E-17));
#6919=CARTESIAN_POINT('',(0.510632314512641,3.494,-0.00120744401243439));
#6920=CARTESIAN_POINT('',(0.510632314512641,3.5,-0.00120744401243439));
#6921=CARTESIAN_POINT('',(0.51120429373276,3.5,-0.00127240003717835));
#6922=CARTESIAN_POINT('',(0.51120429373276,3.494,-0.00127240003717835));
#6923=CARTESIAN_POINT('',(0.51120429373276,3.494,-0.00127240003717835));
#6924=CARTESIAN_POINT('',(0.510632314512641,3.494,-0.00120744401243439));
#6925=CARTESIAN_POINT('',(0.51120429373276,3.494,-0.00127240003717835));
#6926=CARTESIAN_POINT('',(0.51120429373276,3.5,-0.00127240003717835));
#6927=CARTESIAN_POINT('',(0.511354185450374,3.494,-0.00128942228165121));
#6928=CARTESIAN_POINT('',(0.511354185450374,3.5,-0.00128942228165121));
#6929=CARTESIAN_POINT('',(0.512200895349914,3.494,-0.00128143759385917));
#6930=CARTESIAN_POINT('',(0.512200895349914,3.5,-0.00128143759385917));
#6931=CARTESIAN_POINT('',(0.513490768601916,3.494,-0.000499161827018471));
#6932=CARTESIAN_POINT('',(0.513490768601916,3.5,-0.000499161827018471));
#6933=CARTESIAN_POINT('',(0.51120429373276,3.5,-0.00127240003717835));
#6934=CARTESIAN_POINT('',(0.511354185450374,3.5,-0.00128942228165121));
#6935=CARTESIAN_POINT('',(0.512200895349914,3.5,-0.00128143759385917));
#6936=CARTESIAN_POINT('',(0.513490768601916,3.5,-0.000499161827018471));
#6937=CARTESIAN_POINT('',(0.513490768601916,3.5,-0.000499161827018471));
#6938=CARTESIAN_POINT('',(0.513490768601916,3.494,-0.000499161827018471));
#6939=CARTESIAN_POINT('',(0.513490768601916,3.494,-0.000499161827018471));
#6940=CARTESIAN_POINT('',(0.51120429373276,3.494,-0.00127240003717835));
#6941=CARTESIAN_POINT('',(0.511354185450374,3.494,-0.00128942228165121));
#6942=CARTESIAN_POINT('',(0.512200895349914,3.494,-0.00128143759385917));
#6943=CARTESIAN_POINT('',(0.513490768601916,3.494,-0.000499161827018471));
#6944=CARTESIAN_POINT('',(0.5,3.494,-2.54787510534094E-18));
#6945=CARTESIAN_POINT('',(0.5,3.5,-2.54787510534094E-18));
#6946=CARTESIAN_POINT('',(0.513490768601916,3.5,0.000499161827018466));
#6947=CARTESIAN_POINT('',(0.513490768601916,3.494,0.000499161827018466));
#6948=CARTESIAN_POINT('',(0.513490768601916,3.494,0.000499161827018466));
#6949=CARTESIAN_POINT('',(0.5,3.494,-2.54787510534094E-18));
#6950=CARTESIAN_POINT('',(0.51120429373276,3.494,0.00127240003717835));
#6951=CARTESIAN_POINT('',(0.51120429373276,3.5,0.00127240003717835));
#6952=CARTESIAN_POINT('',(0.511354185450374,3.494,0.0012894222816512));
#6953=CARTESIAN_POINT('',(0.511354185450374,3.5,0.0012894222816512));
#6954=CARTESIAN_POINT('',(0.512200895349914,3.494,0.00128143759385916));
#6955=CARTESIAN_POINT('',(0.512200895349914,3.5,0.00128143759385916));
#6956=CARTESIAN_POINT('',(0.513490768601916,3.494,0.000499161827018466));
#6957=CARTESIAN_POINT('',(0.513490768601916,3.5,0.000499161827018466));
#6958=CARTESIAN_POINT('',(0.51120429373276,3.5,0.00127240003717835));
#6959=CARTESIAN_POINT('',(0.511354185450374,3.5,0.0012894222816512));
#6960=CARTESIAN_POINT('',(0.512200895349914,3.5,0.00128143759385916));
#6961=CARTESIAN_POINT('',(0.513490768601916,3.5,0.000499161827018466));
#6962=CARTESIAN_POINT('',(0.51120429373276,3.5,0.00127240003717835));
#6963=CARTESIAN_POINT('',(0.51120429373276,3.494,0.00127240003717835));
#6964=CARTESIAN_POINT('',(0.51120429373276,3.494,0.00127240003717835));
#6965=CARTESIAN_POINT('',(0.51120429373276,3.494,0.00127240003717835));
#6966=CARTESIAN_POINT('',(0.511354185450374,3.494,0.0012894222816512));
#6967=CARTESIAN_POINT('',(0.512200895349914,3.494,0.00128143759385916));
#6968=CARTESIAN_POINT('',(0.513490768601916,3.494,0.000499161827018466));
#6969=CARTESIAN_POINT('',(0.510632314512641,3.494,0.00120744401243438));
#6970=CARTESIAN_POINT('',(0.510632314512641,3.5,0.00120744401243438));
#6971=CARTESIAN_POINT('',(0.510060335292523,3.5,0.00114248798769042));
#6972=CARTESIAN_POINT('',(0.510060335292523,3.494,0.00114248798769042));
#6973=CARTESIAN_POINT('',(0.510060335292523,3.494,0.00114248798769042));
#6974=CARTESIAN_POINT('',(0.510632314512641,3.494,0.00120744401243438));
#6975=CARTESIAN_POINT('',(0.5,3.494,2.50450701844151E-17));
#6976=CARTESIAN_POINT('',(0.5,3.5,2.50450701844151E-17));
#6977=CARTESIAN_POINT('',(0.509731749091528,3.5,0.00279440237251915));
#6978=CARTESIAN_POINT('',(0.509731749091528,3.494,0.00279440237251915));
#6979=CARTESIAN_POINT('',(0.509731749091528,3.494,0.00279440237251915));
#6980=CARTESIAN_POINT('',(0.5,3.494,2.50450701844151E-17));
#6981=CARTESIAN_POINT('',(0.510285046580519,3.494,0.00295327780194128));
#6982=CARTESIAN_POINT('',(0.510285046580519,3.5,0.00295327780194128));
#6983=CARTESIAN_POINT('',(0.51083834406951,3.5,0.00311215323136341));
#6984=CARTESIAN_POINT('',(0.51083834406951,3.494,0.00311215323136341));
#6985=CARTESIAN_POINT('',(0.51083834406951,3.494,0.00311215323136341));
#6986=CARTESIAN_POINT('',(0.510285046580519,3.494,0.00295327780194128));
#6987=CARTESIAN_POINT('',(0.51083834406951,3.494,0.00311215323136341));
#6988=CARTESIAN_POINT('',(0.51083834406951,3.5,0.00311215323136341));
#6989=CARTESIAN_POINT('',(0.510983340090448,3.494,0.00315378780507715));
#6990=CARTESIAN_POINT('',(0.510983340090448,3.5,0.00315378780507715));
#6991=CARTESIAN_POINT('',(0.511762542428878,3.494,0.00348518654527554));
#6992=CARTESIAN_POINT('',(0.511762542428878,3.5,0.00348518654527554));
#6993=CARTESIAN_POINT('',(0.512654865950425,3.494,0.00470152823843117));
#6994=CARTESIAN_POINT('',(0.512654865950425,3.5,0.00470152823843117));
#6995=CARTESIAN_POINT('',(0.51083834406951,3.5,0.00311215323136341));
#6996=CARTESIAN_POINT('',(0.510983340090448,3.5,0.00315378780507715));
#6997=CARTESIAN_POINT('',(0.511762542428878,3.5,0.00348518654527555));
#6998=CARTESIAN_POINT('',(0.512654865950425,3.5,0.00470152823843117));
#6999=CARTESIAN_POINT('',(0.512654865950425,3.5,0.00470152823843117));
#7000=CARTESIAN_POINT('',(0.512654865950425,3.494,0.00470152823843117));
#7001=CARTESIAN_POINT('',(0.512654865950425,3.494,0.00470152823843117));
#7002=CARTESIAN_POINT('',(0.51083834406951,3.494,0.00311215323136341));
#7003=CARTESIAN_POINT('',(0.510983340090448,3.494,0.00315378780507715));
#7004=CARTESIAN_POINT('',(0.511762542428878,3.494,0.00348518654527555));
#7005=CARTESIAN_POINT('',(0.512654865950425,3.494,0.00470152823843117));
#7006=CARTESIAN_POINT('',(0.5,3.494,-2.48065457064684E-16));
#7007=CARTESIAN_POINT('',(0.5,3.5,-2.48065457064684E-16));
#7008=CARTESIAN_POINT('',(0.512272824027887,3.5,0.00562385902921778));
#7009=CARTESIAN_POINT('',(0.512272824027887,3.494,0.00562385902921778));
#7010=CARTESIAN_POINT('',(0.512272824027887,3.494,0.00562385902921778));
#7011=CARTESIAN_POINT('',(0.5,3.494,-2.48065457064684E-16));
#7012=CARTESIAN_POINT('',(0.509864491242372,3.494,0.00546324193439477));
#7013=CARTESIAN_POINT('',(0.509864491242372,3.5,0.00546324193439477));
#7014=CARTESIAN_POINT('',(0.509996459001427,3.494,0.00553632951464025));
#7015=CARTESIAN_POINT('',(0.509996459001427,3.5,0.00553632951464025));
#7016=CARTESIAN_POINT('',(0.510781772555318,3.494,0.00585297447558953));
#7017=CARTESIAN_POINT('',(0.510781772555318,3.5,0.00585297447558953));
#7018=CARTESIAN_POINT('',(0.512272824027887,3.494,0.00562385902921778));
#7019=CARTESIAN_POINT('',(0.512272824027887,3.5,0.00562385902921778));
#7020=CARTESIAN_POINT('',(0.509864491242372,3.5,0.00546324193439477));
#7021=CARTESIAN_POINT('',(0.509996459001427,3.5,0.00553632951464025));
#7022=CARTESIAN_POINT('',(0.510781772555318,3.5,0.00585297447558953));
#7023=CARTESIAN_POINT('',(0.512272824027887,3.5,0.00562385902921778));
#7024=CARTESIAN_POINT('',(0.509864491242372,3.5,0.00546324193439477));
#7025=CARTESIAN_POINT('',(0.509864491242372,3.494,0.00546324193439477));
#7026=CARTESIAN_POINT('',(0.509864491242372,3.494,0.00546324193439477));
#7027=CARTESIAN_POINT('',(0.509864491242372,3.494,0.00546324193439477));
#7028=CARTESIAN_POINT('',(0.509996459001427,3.494,0.00553632951464025));
#7029=CARTESIAN_POINT('',(0.510781772555318,3.494,0.00585297447558953));
#7030=CARTESIAN_POINT('',(0.512272824027887,3.494,0.00562385902921778));
#7031=CARTESIAN_POINT('',(0.509360908942385,3.494,0.00518434342142415));
#7032=CARTESIAN_POINT('',(0.509360908942385,3.5,0.00518434342142415));
#7033=CARTESIAN_POINT('',(0.508857326642398,3.5,0.00490544490845353));
#7034=CARTESIAN_POINT('',(0.508857326642398,3.494,0.00490544490845353));
#7035=CARTESIAN_POINT('',(0.508857326642398,3.494,0.00490544490845353));
#7036=CARTESIAN_POINT('',(0.509360908942385,3.494,0.00518434342142415));
#7037=CARTESIAN_POINT('',(0.5,3.494,-2.86229373536173E-17));
#7038=CARTESIAN_POINT('',(0.5,3.5,-2.86229373536173E-17));
#7039=CARTESIAN_POINT('',(0.507921592309873,3.5,0.00630587030283326));
#7040=CARTESIAN_POINT('',(0.507921592309873,3.494,0.00630587030283326));
#7041=CARTESIAN_POINT('',(0.507921592309873,3.494,0.00630587030283326));
#7042=CARTESIAN_POINT('',(0.5,3.494,-2.86229373536173E-17));
#7043=CARTESIAN_POINT('',(0.508371973540692,3.494,0.00666438984250133));
#7044=CARTESIAN_POINT('',(0.508371973540692,3.5,0.00666438984250133));
#7045=CARTESIAN_POINT('',(0.508822354771511,3.5,0.00702290938216939));
#7046=CARTESIAN_POINT('',(0.508822354771511,3.494,0.00702290938216939));
#7047=CARTESIAN_POINT('',(0.508822354771511,3.494,0.00702290938216939));
#7048=CARTESIAN_POINT('',(0.508371973540692,3.494,0.00666438984250133));
#7049=CARTESIAN_POINT('',(0.508822354771511,3.494,0.00702290938216939));
#7050=CARTESIAN_POINT('',(0.508822354771511,3.5,0.00702290938216939));
#7051=CARTESIAN_POINT('',(0.508940380765977,3.494,0.00711686228764014));
#7052=CARTESIAN_POINT('',(0.508940380765977,3.5,0.00711686228764014));
#7053=CARTESIAN_POINT('',(0.509533449050757,3.494,0.00772122262618675));
#7054=CARTESIAN_POINT('',(0.509533449050757,3.5,0.00772122262618675));
#7055=CARTESIAN_POINT('',(0.509892374674628,3.494,0.00918645324903927));
#7056=CARTESIAN_POINT('',(0.509892374674628,3.5,0.00918645324903927));
#7057=CARTESIAN_POINT('',(0.508822354771511,3.5,0.00702290938216939));
#7058=CARTESIAN_POINT('',(0.508940380765977,3.5,0.00711686228764014));
#7059=CARTESIAN_POINT('',(0.509533449050757,3.5,0.00772122262618675));
#7060=CARTESIAN_POINT('',(0.509892374674628,3.5,0.00918645324903927));
#7061=CARTESIAN_POINT('',(0.509892374674628,3.5,0.00918645324903927));
#7062=CARTESIAN_POINT('',(0.509892374674628,3.494,0.00918645324903927));
#7063=CARTESIAN_POINT('',(0.509892374674628,3.494,0.00918645324903927));
#7064=CARTESIAN_POINT('',(0.508822354771511,3.494,0.00702290938216939));
#7065=CARTESIAN_POINT('',(0.508940380765977,3.494,0.00711686228764014));
#7066=CARTESIAN_POINT('',(0.509533449050757,3.494,0.00772122262618675));
#7067=CARTESIAN_POINT('',(0.509892374674628,3.494,0.00918645324903927));
#7068=CARTESIAN_POINT('',(0.5,3.494,-9.82720849140861E-16));
#7069=CARTESIAN_POINT('',(0.5,3.5,-9.82720849140861E-16));
#7070=CARTESIAN_POINT('',(0.509186453249039,3.5,0.00989237467462772));
#7071=CARTESIAN_POINT('',(0.509186453249039,3.494,0.00989237467462772));
#7072=CARTESIAN_POINT('',(0.509186453249039,3.494,0.00989237467462772));
#7073=CARTESIAN_POINT('',(0.5,3.494,-9.82720849140861E-16));
#7074=CARTESIAN_POINT('',(0.507022909382169,3.494,0.00882235477151104));
#7075=CARTESIAN_POINT('',(0.507022909382169,3.5,0.00882235477151104));
#7076=CARTESIAN_POINT('',(0.50711686228764,3.494,0.00894038076597734));
#7077=CARTESIAN_POINT('',(0.50711686228764,3.5,0.00894038076597734));
#7078=CARTESIAN_POINT('',(0.507721222626187,3.494,0.00953344905075713));
#7079=CARTESIAN_POINT('',(0.507721222626187,3.5,0.00953344905075713));
#7080=CARTESIAN_POINT('',(0.509186453249039,3.494,0.00989237467462772));
#7081=CARTESIAN_POINT('',(0.509186453249039,3.5,0.00989237467462772));
#7082=CARTESIAN_POINT('',(0.507022909382169,3.5,0.00882235477151104));
#7083=CARTESIAN_POINT('',(0.50711686228764,3.5,0.00894038076597734));
#7084=CARTESIAN_POINT('',(0.507721222626187,3.5,0.00953344905075713));
#7085=CARTESIAN_POINT('',(0.509186453249039,3.5,0.00989237467462772));
#7086=CARTESIAN_POINT('',(0.507022909382169,3.5,0.00882235477151104));
#7087=CARTESIAN_POINT('',(0.507022909382169,3.494,0.00882235477151104));
#7088=CARTESIAN_POINT('',(0.507022909382169,3.494,0.00882235477151104));
#7089=CARTESIAN_POINT('',(0.507022909382169,3.494,0.00882235477151104));
#7090=CARTESIAN_POINT('',(0.50711686228764,3.494,0.00894038076597734));
#7091=CARTESIAN_POINT('',(0.507721222626187,3.494,0.00953344905075713));
#7092=CARTESIAN_POINT('',(0.509186453249039,3.494,0.00989237467462772));
#7093=CARTESIAN_POINT('',(0.506664389842501,3.494,0.00837197354069222));
#7094=CARTESIAN_POINT('',(0.506664389842501,3.5,0.00837197354069222));
#7095=CARTESIAN_POINT('',(0.506305870302833,3.5,0.00792159230987341));
#7096=CARTESIAN_POINT('',(0.506305870302833,3.494,0.00792159230987341));
#7097=CARTESIAN_POINT('',(0.506305870302833,3.494,0.00792159230987341));
#7098=CARTESIAN_POINT('',(0.506664389842501,3.494,0.00837197354069222));
#7099=CARTESIAN_POINT('',(0.5,3.494,-6.1929628092372E-16));
#7100=CARTESIAN_POINT('',(0.5,3.5,-6.1929628092372E-16));
#7101=CARTESIAN_POINT('',(0.504905444908454,3.5,0.00885732664239766));
#7102=CARTESIAN_POINT('',(0.504905444908454,3.494,0.00885732664239766));
#7103=CARTESIAN_POINT('',(0.504905444908454,3.494,0.00885732664239766));
#7104=CARTESIAN_POINT('',(0.5,3.494,-6.1929628092372E-16));
#7105=CARTESIAN_POINT('',(0.505184343421424,3.494,0.0093609089423849));
#7106=CARTESIAN_POINT('',(0.505184343421424,3.5,0.0093609089423849));
#7107=CARTESIAN_POINT('',(0.505463241934395,3.5,0.00986449124237215));
#7108=CARTESIAN_POINT('',(0.505463241934395,3.494,0.00986449124237215));
#7109=CARTESIAN_POINT('',(0.505463241934395,3.494,0.00986449124237215));
#7110=CARTESIAN_POINT('',(0.505184343421424,3.494,0.0093609089423849));
#7111=CARTESIAN_POINT('',(0.505463241934395,3.494,0.00986449124237215));
#7112=CARTESIAN_POINT('',(0.505463241934395,3.5,0.00986449124237215));
#7113=CARTESIAN_POINT('',(0.50553632951464,3.494,0.00999645900142722));
#7114=CARTESIAN_POINT('',(0.50553632951464,3.5,0.00999645900142722));
#7115=CARTESIAN_POINT('',(0.50585297447559,3.494,0.0107817725553184));
#7116=CARTESIAN_POINT('',(0.50585297447559,3.5,0.0107817725553184));
#7117=CARTESIAN_POINT('',(0.505623859029218,3.494,0.0122728240278872));
#7118=CARTESIAN_POINT('',(0.505623859029218,3.5,0.0122728240278872));
#7119=CARTESIAN_POINT('',(0.505463241934395,3.5,0.00986449124237215));
#7120=CARTESIAN_POINT('',(0.50553632951464,3.5,0.00999645900142722));
#7121=CARTESIAN_POINT('',(0.50585297447559,3.5,0.0107817725553184));
#7122=CARTESIAN_POINT('',(0.505623859029218,3.5,0.0122728240278872));
#7123=CARTESIAN_POINT('',(0.505623859029218,3.5,0.0122728240278872));
#7124=CARTESIAN_POINT('',(0.505623859029218,3.494,0.0122728240278872));
#7125=CARTESIAN_POINT('',(0.505623859029218,3.494,0.0122728240278872));
#7126=CARTESIAN_POINT('',(0.505463241934395,3.494,0.00986449124237215));
#7127=CARTESIAN_POINT('',(0.50553632951464,3.494,0.00999645900142722));
#7128=CARTESIAN_POINT('',(0.50585297447559,3.494,0.0107817725553184));
#7129=CARTESIAN_POINT('',(0.505623859029218,3.494,0.0122728240278872));
#7130=CARTESIAN_POINT('',(0.5,3.494,-4.40619762898109E-16));
#7131=CARTESIAN_POINT('',(0.5,3.5,-4.40619762898109E-16));
#7132=CARTESIAN_POINT('',(0.504701528238431,3.5,0.0126548659504253));
#7133=CARTESIAN_POINT('',(0.504701528238431,3.494,0.0126548659504253));
#7134=CARTESIAN_POINT('',(0.504701528238431,3.494,0.0126548659504253));
#7135=CARTESIAN_POINT('',(0.5,3.494,-4.40619762898109E-16));
#7136=CARTESIAN_POINT('',(0.503112153231363,3.494,0.0108383440695099));
#7137=CARTESIAN_POINT('',(0.503112153231363,3.5,0.0108383440695099));
#7138=CARTESIAN_POINT('',(0.503153787805077,3.494,0.0109833400904478));
#7139=CARTESIAN_POINT('',(0.503153787805077,3.5,0.0109833400904478));
#7140=CARTESIAN_POINT('',(0.503485186545276,3.494,0.0117625424288778));
#7141=CARTESIAN_POINT('',(0.503485186545276,3.5,0.0117625424288778));
#7142=CARTESIAN_POINT('',(0.504701528238431,3.494,0.0126548659504253));
#7143=CARTESIAN_POINT('',(0.504701528238431,3.5,0.0126548659504253));
#7144=CARTESIAN_POINT('',(0.503112153231363,3.5,0.0108383440695099));
#7145=CARTESIAN_POINT('',(0.503153787805077,3.5,0.0109833400904478));
#7146=CARTESIAN_POINT('',(0.503485186545276,3.5,0.0117625424288778));
#7147=CARTESIAN_POINT('',(0.504701528238431,3.5,0.0126548659504253));
#7148=CARTESIAN_POINT('',(0.503112153231363,3.5,0.0108383440695099));
#7149=CARTESIAN_POINT('',(0.503112153231363,3.494,0.0108383440695099));
#7150=CARTESIAN_POINT('',(0.503112153231363,3.494,0.0108383440695099));
#7151=CARTESIAN_POINT('',(0.503112153231363,3.494,0.0108383440695099));
#7152=CARTESIAN_POINT('',(0.503153787805077,3.494,0.0109833400904478));
#7153=CARTESIAN_POINT('',(0.503485186545276,3.494,0.0117625424288778));
#7154=CARTESIAN_POINT('',(0.504701528238431,3.494,0.0126548659504253));
#7155=CARTESIAN_POINT('',(0.502953277801941,3.494,0.010285046580519));
#7156=CARTESIAN_POINT('',(0.502953277801941,3.5,0.010285046580519));
#7157=CARTESIAN_POINT('',(0.502953277801941,3.494,0.010285046580519));
#7158=CARTESIAN_POINT('',(0.5,3.494,0.));
#7159=CARTESIAN_POINT('',(0.5,3.494,0.));
#7160=CARTESIAN_POINT('',(0.5,3.494,0.006));
#7161=CARTESIAN_POINT('',(0.5,3.5,0.));
#7162=CARTESIAN_POINT('',(0.5,3.5,0.));
#7163=CARTESIAN_POINT('',(0.5,3.5,0.0025));
#7164=CARTESIAN_POINT('',(0.5,3.488,0.));
#7165=CARTESIAN_POINT('',(0.5,3.488,0.));
#7166=CARTESIAN_POINT('',(0.5,3.488,0.006));
#7167=CARTESIAN_POINT('',(0.5,3.488,0.));
#7168=CARTESIAN_POINT('',(0.5,3.488,0.));
#7169=CARTESIAN_POINT('',(0.5,3.488,0.0025));
#7170=CARTESIAN_POINT('',(0.5,3.488,0.));
#7171=CARTESIAN_POINT('',(0.,0.,0.));
#7172=CARTESIAN_POINT('',(0.238,3.742,0.));
#7173=CARTESIAN_POINT('',(0.238,3.75,0.));
#7174=CARTESIAN_POINT('',(0.25,3.75,0.));
#7175=CARTESIAN_POINT('',(0.226,3.75,0.));
#7176=CARTESIAN_POINT('',(0.25,3.742,0.));
#7177=CARTESIAN_POINT('',(0.25,3.742,0.));
#7178=CARTESIAN_POINT('',(0.238,3.742,0.));
#7179=CARTESIAN_POINT('',(0.226,3.742,0.));
#7180=CARTESIAN_POINT('',(0.226,3.742,0.));
#7181=CARTESIAN_POINT('',(0.25,3.742,0.016));
#7182=CARTESIAN_POINT('',(0.25,3.75,0.016));
#7183=CARTESIAN_POINT('',(0.25,3.75,0.032));
#7184=CARTESIAN_POINT('',(0.25,3.742,0.032));
#7185=CARTESIAN_POINT('',(0.25,3.742,0.032));
#7186=CARTESIAN_POINT('',(0.25,3.742,0.016));
#7187=CARTESIAN_POINT('',(0.238,3.742,0.032));
#7188=CARTESIAN_POINT('',(0.238,3.75,0.032));
#7189=CARTESIAN_POINT('',(0.226,3.75,0.032));
#7190=CARTESIAN_POINT('',(0.226,3.742,0.032));
#7191=CARTESIAN_POINT('',(0.226,3.742,0.032));
#7192=CARTESIAN_POINT('',(0.238,3.742,0.032));
#7193=CARTESIAN_POINT('',(0.226,3.742,0.016));
#7194=CARTESIAN_POINT('',(0.226,3.75,0.016));
#7195=CARTESIAN_POINT('',(0.226,3.742,0.016));
#7196=CARTESIAN_POINT('',(0.238,3.742,0.016));
#7197=CARTESIAN_POINT('',(0.238,3.742,0.016));
#7198=CARTESIAN_POINT('',(0.238,3.742,0.012));
#7199=CARTESIAN_POINT('',(0.238,3.75,0.016));
#7200=CARTESIAN_POINT('',(0.238,3.75,0.016));
#7201=CARTESIAN_POINT('',(0.238,3.75,0.014));
#7202=CARTESIAN_POINT('',(0.238,3.75,0.016));
#7203=CARTESIAN_POINT('',(0.238,3.744,0.016));
#7204=CARTESIAN_POINT('',(0.238,3.744,0.014));
#7205=CARTESIAN_POINT('',(0.238,3.744,0.016));
#7206=CARTESIAN_POINT('',(0.,0.,0.));
#7207=CARTESIAN_POINT('',(0.25,3.988,0.));
#7208=CARTESIAN_POINT('',(0.25,4.012,0.));
#7209=CARTESIAN_POINT('',(0.25,4.012,0.004));
#7210=CARTESIAN_POINT('',(0.25,3.988,0.));
#7211=CARTESIAN_POINT('',(0.25,3.988,0.004));
#7212=CARTESIAN_POINT('',(0.25,4.,0.));
#7213=CARTESIAN_POINT('',(0.254,4.,0.));
#7214=CARTESIAN_POINT('',(0.246,4.,0.));
#7215=CARTESIAN_POINT('',(0.25,4.,0.));
#7216=CARTESIAN_POINT('',(0.25,3.988,0.));
#7217=CARTESIAN_POINT('',(0.25,4.012,0.));
#7218=CARTESIAN_POINT('',(0.25,4.,0.016));
#7219=CARTESIAN_POINT('',(0.25,4.,0.016));
#7220=CARTESIAN_POINT('',(0.25,4.004,0.016));
#7221=CARTESIAN_POINT('',(0.25,4.,0.016));
#7222=CARTESIAN_POINT('',(0.,0.,0.));
#7223=CARTESIAN_POINT('',(-3.06161699786838E-19,3.98,0.));
#7224=CARTESIAN_POINT('',(-3.06161699786838E-19,3.98,0.));
#7225=CARTESIAN_POINT('',(-3.06161699786838E-19,3.98,0.005));
#7226=CARTESIAN_POINT('',(-3.06161699786838E-19,4.02,0.));
#7227=CARTESIAN_POINT('',(-3.06161699786838E-19,4.02,0.005));
#7228=CARTESIAN_POINT('',(-0.00156894331466668,3.99843405615317,0.00479984367497922));
#7229=CARTESIAN_POINT('',(2.27047482833959E-7,3.99778279249793,0.00510002889108725));
#7230=CARTESIAN_POINT('',(0.00156803512473534,3.9984347738551,0.00480004076067179));
#7231=CARTESIAN_POINT('',(0.00221616504867116,3.99999608317449,0.00447383827372353));
#7232=CARTESIAN_POINT('',(0.0015672970278268,4.00156734110328,0.00480006365410318));
#7233=CARTESIAN_POINT('',(3.31669554069971E-6,4.00221644395167,0.00509989682425688));
#7234=CARTESIAN_POINT('',(-0.00156812320676704,4.00156687664135,0.00480034646939236));
#7235=CARTESIAN_POINT('',(-0.00221573274461189,4.00000170333891,0.00447381627912615));
#7236=CARTESIAN_POINT('',(-0.00156894331466668,3.99843405615317,0.00479984367497922));
#7237=CARTESIAN_POINT('',(2.27047482833959E-7,3.99778279249793,0.00510002889108725));
#7238=CARTESIAN_POINT('',(0.00156803512473534,3.9984347738551,0.00480004076067179));
#7239=CARTESIAN_POINT('',(-1.8539187124093E-17,3.998,0.005));
#7240=CARTESIAN_POINT('',(0.00156894331466668,3.99843405615317,-0.00479984367497922));
#7241=CARTESIAN_POINT('',(-2.2704748283442E-7,3.99778279249793,-0.00510002889108725));
#7242=CARTESIAN_POINT('',(-0.00156803512473534,3.9984347738551,-0.00480004076067179));
#7243=CARTESIAN_POINT('',(-0.00221616504867116,3.99999608317449,-0.00447383827372353));
#7244=CARTESIAN_POINT('',(-0.0015672970278268,4.00156734110328,-0.00480006365410318));
#7245=CARTESIAN_POINT('',(-3.31669554069806E-6,4.00221644395167,-0.00509989682425688));
#7246=CARTESIAN_POINT('',(0.00156812320676704,4.00156687664135,-0.00480034646939236));
#7247=CARTESIAN_POINT('',(0.00221573274461189,4.00000170333891,-0.00447381627912615));
#7248=CARTESIAN_POINT('',(0.00156894331466668,3.99843405615317,-0.00479984367497922));
#7249=CARTESIAN_POINT('',(-2.2704748283442E-7,3.99778279249793,-0.00510002889108725));
#7250=CARTESIAN_POINT('',(-0.00156803512473534,3.9984347738551,-0.00480004076067179));
#7251=CARTESIAN_POINT('',(1.82277304626747E-17,3.998,-0.005));
#7252=CARTESIAN_POINT('',(0.,3.98,0.));
#7253=CARTESIAN_POINT('',(0.,4.02,0.));
#7254=CARTESIAN_POINT('',(0.,4.,0.01));
#7255=CARTESIAN_POINT('',(0.,0.,0.));
#7256=CARTESIAN_POINT('',(1.24,4.246,0.));
#7257=CARTESIAN_POINT('',(1.25,4.246,0.));
#7258=CARTESIAN_POINT('',(1.25,4.242,0.));
#7259=CARTESIAN_POINT('',(1.25,4.25,0.));
#7260=CARTESIAN_POINT('',(1.24,4.242,0.));
#7261=CARTESIAN_POINT('',(1.24,4.242,0.));
#7262=CARTESIAN_POINT('',(1.24,4.246,0.));
#7263=CARTESIAN_POINT('',(1.24,4.25,0.));
#7264=CARTESIAN_POINT('',(1.24,4.25,0.));
#7265=CARTESIAN_POINT('',(1.24,4.25,0.01));
#7266=CARTESIAN_POINT('',(1.245,4.25,0.005));
#7267=CARTESIAN_POINT('',(1.245,4.25,0.007));
#7268=CARTESIAN_POINT('',(1.25,4.25,0.01));
#7269=CARTESIAN_POINT('',(1.25,4.25,0.02));
#7270=CARTESIAN_POINT('',(1.24,4.25,0.01));
#7271=CARTESIAN_POINT('',(1.24,4.25,0.02));
#7272=CARTESIAN_POINT('',(1.24,4.25,0.02));
#7273=CARTESIAN_POINT('',(1.25,4.25,0.02));
#7274=CARTESIAN_POINT('',(1.25,4.24483076923077,0.019353846153846));
#7275=CARTESIAN_POINT('',(1.25,4.242,0.019));
#7276=CARTESIAN_POINT('',(1.24,4.24483076923077,0.019353846153846));
#7277=CARTESIAN_POINT('',(1.24,4.242,0.019));
#7278=CARTESIAN_POINT('',(1.25,4.242,0.019));
#7279=CARTESIAN_POINT('',(1.24,4.242,0.009));
#7280=CARTESIAN_POINT('',(1.245,4.242,0.005));
#7281=CARTESIAN_POINT('',(1.245,4.242,0.007));
#7282=CARTESIAN_POINT('',(1.25,4.242,0.009));
#7283=CARTESIAN_POINT('',(1.24,4.242,0.009));
#7284=CARTESIAN_POINT('',(1.24,4.246,0.01));
#7285=CARTESIAN_POINT('',(1.25,4.246,0.01));
#7286=CARTESIAN_POINT('',(1.245,4.242,0.005));
#7287=CARTESIAN_POINT('',(0.,0.,0.));
#7288=CARTESIAN_POINT('',(0.,4.25,0.));
#7289=CARTESIAN_POINT('',(0.,4.25,0.));
#7290=CARTESIAN_POINT('',(-0.00141421356237309,4.25,-0.00141421356237309));
#7291=CARTESIAN_POINT('',(0.,4.25,0.002));
#7292=CARTESIAN_POINT('',(0.,4.2485,0.002));
#7293=CARTESIAN_POINT('',(0.,4.247,0.002));
#7294=CARTESIAN_POINT('',(0.,4.247,0.));
#7295=CARTESIAN_POINT('',(-0.00141421356237309,4.247,-0.00141421356237309));
#7296=CARTESIAN_POINT('',(-0.00141421356237309,4.2485,-0.00141421356237309));
#7297=CARTESIAN_POINT('',(-0.00212132034355965,4.25,-0.00212132034355965));
#7298=CARTESIAN_POINT('',(0.,4.25,0.));
#7299=CARTESIAN_POINT('',(-0.00282842712474619,4.25,-0.00282842712474619));
#7300=CARTESIAN_POINT('',(0.,4.25,0.004));
#7301=CARTESIAN_POINT('',(0.,4.25,0.003));
#7302=CARTESIAN_POINT('',(-0.00212132034355965,4.25,-0.00212132034355965));
#7303=CARTESIAN_POINT('',(0.,4.25,0.));
#7304=CARTESIAN_POINT('',(0.,4.247,0.));
#7305=CARTESIAN_POINT('',(-0.00282842712474619,4.247,-0.00282842712474619));
#7306=CARTESIAN_POINT('',(0.,4.247,0.004));
#7307=CARTESIAN_POINT('',(0.,4.2485,0.004));
#7308=CARTESIAN_POINT('',(-0.00282842712474619,4.2485,-0.00282842712474619));
#7309=CARTESIAN_POINT('',(-0.00212132034355965,4.247,-0.00212132034355965));
#7310=CARTESIAN_POINT('',(-0.00212132034355965,4.247,-0.00212132034355965));
#7311=CARTESIAN_POINT('',(0.,4.247,0.003));
#7312=CARTESIAN_POINT('',(-0.00212132034355965,4.2485,-0.00212132034355965));
#7313=CARTESIAN_POINT('',(0.,4.2485,0.003));
#7314=CARTESIAN_POINT('',(0.,0.,0.));
#7315=CARTESIAN_POINT('',(0.75,4.496,-0.016));
#7316=CARTESIAN_POINT('',(0.75,4.5,-0.016));
#7317=CARTESIAN_POINT('',(0.766,4.5,-0.016));
#7318=CARTESIAN_POINT('',(0.734,4.5,-0.016));
#7319=CARTESIAN_POINT('',(0.766,4.496,-0.016));
#7320=CARTESIAN_POINT('',(0.766,4.496,-0.016));
#7321=CARTESIAN_POINT('',(0.75,4.496,-0.016));
#7322=CARTESIAN_POINT('',(0.734,4.496,-0.016));
#7323=CARTESIAN_POINT('',(0.734,4.496,-0.016));
#7324=CARTESIAN_POINT('',(0.766,4.496,0.));
#7325=CARTESIAN_POINT('',(0.766,4.5,0.));
#7326=CARTESIAN_POINT('',(0.766,4.5,0.016));
#7327=CARTESIAN_POINT('',(0.766,4.496,0.016));
#7328=CARTESIAN_POINT('',(0.766,4.496,0.016));
#7329=CARTESIAN_POINT('',(0.766,4.496,0.));
#7330=CARTESIAN_POINT('',(0.75,4.496,0.016));
#7331=CARTESIAN_POINT('',(0.75,4.5,0.016));
#7332=CARTESIAN_POINT('',(0.734,4.5,0.016));
#7333=CARTESIAN_POINT('',(0.734,4.496,0.016));
#7334=CARTESIAN_POINT('',(0.734,4.496,0.016));
#7335=CARTESIAN_POINT('',(0.75,4.496,0.016));
#7336=CARTESIAN_POINT('',(0.734,4.496,0.));
#7337=CARTESIAN_POINT('',(0.734,4.5,0.));
#7338=CARTESIAN_POINT('',(0.734,4.496,0.));
#7339=CARTESIAN_POINT('',(0.75,4.496,0.));
#7340=CARTESIAN_POINT('',(0.75,4.496,0.));
#7341=CARTESIAN_POINT('',(0.75,4.496,-0.005));
#7342=CARTESIAN_POINT('',(0.75,4.5,0.));
#7343=CARTESIAN_POINT('',(0.75,4.488,0.));
#7344=CARTESIAN_POINT('',(0.75,4.495,0.));
#7345=CARTESIAN_POINT('',(0.75,4.495,-0.004));
#7346=CARTESIAN_POINT('',(0.75,4.488,0.));
#7347=CARTESIAN_POINT('',(0.75,4.488,0.004));
#7348=CARTESIAN_POINT('',(0.75,4.488,0.));
#7349=CARTESIAN_POINT('',(0.75,4.495,0.));
#7350=CARTESIAN_POINT('',(0.,0.,0.));
#7351=CARTESIAN_POINT('',(-3.46944695195362E-19,3.496,-2.60208521396521E-19));
#7352=CARTESIAN_POINT('',(-3.46944695195362E-19,3.5,-2.60208521396521E-19));
#7353=CARTESIAN_POINT('',(-0.006,3.496,0.008));
#7354=CARTESIAN_POINT('',(-0.006,3.5,0.008));
#7355=CARTESIAN_POINT('',(-0.006,3.496,0.018));
#7356=CARTESIAN_POINT('',(-0.006,3.5,0.018));
#7357=CARTESIAN_POINT('',(-6.93889390390723E-19,3.496,0.026));
#7358=CARTESIAN_POINT('',(-6.93889390390723E-19,3.5,0.026));
#7359=CARTESIAN_POINT('',(-3.46944695195362E-19,3.5,-2.60208521396521E-19));
#7360=CARTESIAN_POINT('',(-0.006,3.5,0.008));
#7361=CARTESIAN_POINT('',(-0.006,3.5,0.018));
#7362=CARTESIAN_POINT('',(-6.93889390390723E-19,3.5,0.026));
#7363=CARTESIAN_POINT('',(0.,3.5,0.));
#7364=CARTESIAN_POINT('',(0.,3.5,0.026));
#7365=CARTESIAN_POINT('',(0.,3.496,0.));
#7366=CARTESIAN_POINT('',(0.,3.496,0.));
#7367=CARTESIAN_POINT('',(-3.46944695195362E-19,3.496,-2.60208521396521E-19));
#7368=CARTESIAN_POINT('',(-0.006,3.496,0.008));
#7369=CARTESIAN_POINT('',(-0.006,3.496,0.018));
#7370=CARTESIAN_POINT('',(-6.93889390390723E-19,3.496,0.026));
#7371=CARTESIAN_POINT('',(0.,3.496,0.026));
#7372=CARTESIAN_POINT('',(0.,3.496,0.026));
#7373=CARTESIAN_POINT('',(0.,3.496,0.013));
#7374=CARTESIAN_POINT('',(0.,3.5,0.013));
#7375=CARTESIAN_POINT('',(0.,3.496,0.013));
#7376=CARTESIAN_POINT('',(-0.003,3.496,0.013));
#7377=CARTESIAN_POINT('',(-0.003,3.5,0.013));
#7378=CARTESIAN_POINT('',(0.,0.,0.));
#7379=CARTESIAN_POINT('',(1.005,3.747,0.03));
#7380=CARTESIAN_POINT('',(1.005,3.747,0.01));
#7381=CARTESIAN_POINT('',(1.005,3.744,0.01));
#7382=CARTESIAN_POINT('',(1.005,3.75,0.01));
#7383=CARTESIAN_POINT('',(1.005,3.744,0.03));
#7384=CARTESIAN_POINT('',(1.005,3.744,0.));
#7385=CARTESIAN_POINT('',(1.005,3.747,0.));
#7386=CARTESIAN_POINT('',(1.005,3.75,0.));
#7387=CARTESIAN_POINT('',(1.005,3.75,0.03));
#7388=CARTESIAN_POINT('',(1.005,3.747,0.03));
#7389=CARTESIAN_POINT('',(1.005,3.747,0.02));
#7390=CARTESIAN_POINT('',(1.005,3.75,0.02));
#7391=CARTESIAN_POINT('',(1.005,3.744,0.02));
#7392=CARTESIAN_POINT('',(1.005,3.75,0.03));
#7393=CARTESIAN_POINT('',(1.005,3.75,0.03));
#7394=CARTESIAN_POINT('',(1.005,3.747,0.03));
#7395=CARTESIAN_POINT('',(1.005,3.744,0.03));
#7396=CARTESIAN_POINT('',(1.005,3.744,0.03));
#7397=CARTESIAN_POINT('',(0.995,3.747,0.03));
#7398=CARTESIAN_POINT('',(0.995,3.747,0.02));
#7399=CARTESIAN_POINT('',(0.995,3.744,0.02));
#7400=CARTESIAN_POINT('',(0.995,3.75,0.02));
#7401=CARTESIAN_POINT('',(0.995,3.744,0.03));
#7402=CARTESIAN_POINT('',(0.995,3.744,0.03));
#7403=CARTESIAN_POINT('',(0.995,3.747,0.03));
#7404=CARTESIAN_POINT('',(0.995,3.75,0.03));
#7405=CARTESIAN_POINT('',(0.995,3.75,0.03));
#7406=CARTESIAN_POINT('',(0.995,3.747,0.03));
#7407=CARTESIAN_POINT('',(0.995,3.747,0.016));
#7408=CARTESIAN_POINT('',(0.995,3.75,0.016));
#7409=CARTESIAN_POINT('',(0.995,3.744,0.016));
#7410=CARTESIAN_POINT('',(0.995,3.75,0.03));
#7411=CARTESIAN_POINT('',(0.995,3.75,0.));
#7412=CARTESIAN_POINT('',(0.995,3.747,0.));
#7413=CARTESIAN_POINT('',(0.995,3.744,0.));
#7414=CARTESIAN_POINT('',(0.995,3.744,0.03));
#7415=CARTESIAN_POINT('',(1.,3.744,0.03));
#7416=CARTESIAN_POINT('',(1.,3.744,0.02));
#7417=CARTESIAN_POINT('',(1.,3.744,0.03));
#7418=CARTESIAN_POINT('',(1.,3.744,0.03));
#7419=CARTESIAN_POINT('',(1.,3.744,0.01));
#7420=CARTESIAN_POINT('',(1.004,3.741,0.01));
#7421=CARTESIAN_POINT('',(1.004,3.741,0.03));
#7422=CARTESIAN_POINT('',(1.004,3.741,0.016));
#7423=CARTESIAN_POINT('',(1.,3.744,0.016));
#7424=CARTESIAN_POINT('',(1.,3.744,0.));
#7425=CARTESIAN_POINT('',(1.,3.75,0.03));
#7426=CARTESIAN_POINT('',(1.,3.75,0.02));
#7427=CARTESIAN_POINT('',(1.008,3.75,0.02));
#7428=CARTESIAN_POINT('',(1.008,3.75,0.015));
#7429=CARTESIAN_POINT('',(1.008,3.75,0.01));
#7430=CARTESIAN_POINT('',(1.006,3.75,0.01));
#7431=CARTESIAN_POINT('',(1.,3.75,0.));
#7432=CARTESIAN_POINT('',(0.998,3.75,0.016));
#7433=CARTESIAN_POINT('',(0.992,3.75,0.016));
#7434=CARTESIAN_POINT('',(0.992,3.75,0.018));
#7435=CARTESIAN_POINT('',(0.992,3.75,0.02));
#7436=CARTESIAN_POINT('',(1.,3.75,0.02));
#7437=CARTESIAN_POINT('',(1.,3.75,0.03));
#7438=CARTESIAN_POINT('',(1.,3.7445,0.03));
#7439=CARTESIAN_POINT('',(1.,3.7445,0.));
#7440=CARTESIAN_POINT('',(1.004,3.73,0.013));
#7441=CARTESIAN_POINT('',(1.004,3.73,0.016));
#7442=CARTESIAN_POINT('',(1.004,3.73,0.016));
#7443=CARTESIAN_POINT('',(1.004,3.73,0.01));
#7444=CARTESIAN_POINT('',(1.004,3.73,0.01));
#7445=CARTESIAN_POINT('',(1.004,3.73,0.013));
#7446=CARTESIAN_POINT('',(1.006,3.73,0.01));
#7447=CARTESIAN_POINT('',(1.008,3.73,0.01));
#7448=CARTESIAN_POINT('',(1.008,3.73,0.01));
#7449=CARTESIAN_POINT('',(1.006,3.73,0.01));
#7450=CARTESIAN_POINT('',(1.008,3.73,0.015));
#7451=CARTESIAN_POINT('',(1.008,3.73,0.02));
#7452=CARTESIAN_POINT('',(1.008,3.73,0.02));
#7453=CARTESIAN_POINT('',(1.008,3.73,0.015));
#7454=CARTESIAN_POINT('',(1.,3.73,0.02));
#7455=CARTESIAN_POINT('',(0.992,3.73,0.02));
#7456=CARTESIAN_POINT('',(0.992,3.73,0.02));
#7457=CARTESIAN_POINT('',(1.,3.73,0.02));
#7458=CARTESIAN_POINT('',(0.992,3.73,0.018));
#7459=CARTESIAN_POINT('',(0.992,3.73,0.016));
#7460=CARTESIAN_POINT('',(0.992,3.73,0.016));
#7461=CARTESIAN_POINT('',(0.992,3.73,0.018));
#7462=CARTESIAN_POINT('',(0.998,3.73,0.016));
#7463=CARTESIAN_POINT('',(0.998,3.73,0.016));
#7464=CARTESIAN_POINT('',(1.,3.73,0.015));
#7465=MECHANICAL_DESIGN_GEOMETRIC_PRESENTATION_REPRESENTATION('',(#4085),
#7486);
#7466=MECHANICAL_DESIGN_GEOMETRIC_PRESENTATION_REPRESENTATION('',(#4086),
#7487);
#7467=MECHANICAL_DESIGN_GEOMETRIC_PRESENTATION_REPRESENTATION('',(#4087),
#7488);
#7468=MECHANICAL_DESIGN_GEOMETRIC_PRESENTATION_REPRESENTATION('',(#4088),
#7489);
#7469=MECHANICAL_DESIGN_GEOMETRIC_PRESENTATION_REPRESENTATION('',(#4089),
#7490);
#7470=MECHANICAL_DESIGN_GEOMETRIC_PRESENTATION_REPRESENTATION('',(#4090),
#7491);
#7471=MECHANICAL_DESIGN_GEOMETRIC_PRESENTATION_REPRESENTATION('',(#4091),
#7492);
#7472=MECHANICAL_DESIGN_GEOMETRIC_PRESENTATION_REPRESENTATION('',(#4092),
#7493);
#7473=MECHANICAL_DESIGN_GEOMETRIC_PRESENTATION_REPRESENTATION('',(#4093),
#7494);
#7474=MECHANICAL_DESIGN_GEOMETRIC_PRESENTATION_REPRESENTATION('',(#4094),
#7495);
#7475=MECHANICAL_DESIGN_GEOMETRIC_PRESENTATION_REPRESENTATION('',(#4095),
#7496);
#7476=MECHANICAL_DESIGN_GEOMETRIC_PRESENTATION_REPRESENTATION('',(#4096),
#7497);
#7477=MECHANICAL_DESIGN_GEOMETRIC_PRESENTATION_REPRESENTATION('',(#4097),
#7498);
#7478=MECHANICAL_DESIGN_GEOMETRIC_PRESENTATION_REPRESENTATION('',(#4098),
#7499);
#7479=MECHANICAL_DESIGN_GEOMETRIC_PRESENTATION_REPRESENTATION('',(#4099),
#7500);
#7480=MECHANICAL_DESIGN_GEOMETRIC_PRESENTATION_REPRESENTATION('',(#4100),
#7501);
#7481=MECHANICAL_DESIGN_GEOMETRIC_PRESENTATION_REPRESENTATION('',(#4101),
#7502);
#7482=MECHANICAL_DESIGN_GEOMETRIC_PRESENTATION_REPRESENTATION('',(#4102),
#7503);
#7483=MECHANICAL_DESIGN_GEOMETRIC_PRESENTATION_REPRESENTATION('',(#4103),
#7504);
#7484=MECHANICAL_DESIGN_GEOMETRIC_PRESENTATION_REPRESENTATION('',(#4104),
#7505);
#7485=MECHANICAL_DESIGN_GEOMETRIC_PRESENTATION_REPRESENTATION('',(#4105),
#7506);
#7486=(
GEOMETRIC_REPRESENTATION_CONTEXT(3)
GLOBAL_UNCERTAINTY_ASSIGNED_CONTEXT((#7507))
GLOBAL_UNIT_ASSIGNED_CONTEXT((#7570,#7549,#7528))
REPRESENTATION_CONTEXT('AC119_0_V2','TOP_LEVEL_ASSEMBLY_PART')
);
#7487=(
GEOMETRIC_REPRESENTATION_CONTEXT(3)
GLOBAL_UNCERTAINTY_ASSIGNED_CONTEXT((#7508))
GLOBAL_UNIT_ASSIGNED_CONTEXT((#7571,#7550,#7529))
REPRESENTATION_CONTEXT('AC122_0_V2','TOP_LEVEL_ASSEMBLY_PART')
);
#7488=(
GEOMETRIC_REPRESENTATION_CONTEXT(3)
GLOBAL_UNCERTAINTY_ASSIGNED_CONTEXT((#7509))
GLOBAL_UNIT_ASSIGNED_CONTEXT((#7572,#7551,#7530))
REPRESENTATION_CONTEXT('AC128_0_V2','TOP_LEVEL_ASSEMBLY_PART')
);
#7489=(
GEOMETRIC_REPRESENTATION_CONTEXT(3)
GLOBAL_UNCERTAINTY_ASSIGNED_CONTEXT((#7510))
GLOBAL_UNIT_ASSIGNED_CONTEXT((#7573,#7552,#7531))
REPRESENTATION_CONTEXT('AC118_0_V2','TOP_LEVEL_ASSEMBLY_PART')
);
#7490=(
GEOMETRIC_REPRESENTATION_CONTEXT(3)
GLOBAL_UNCERTAINTY_ASSIGNED_CONTEXT((#7511))
GLOBAL_UNIT_ASSIGNED_CONTEXT((#7574,#7553,#7532))
REPRESENTATION_CONTEXT('AC66_0_V2','TOP_LEVEL_ASSEMBLY_PART')
);
#7491=(
GEOMETRIC_REPRESENTATION_CONTEXT(3)
GLOBAL_UNCERTAINTY_ASSIGNED_CONTEXT((#7512))
GLOBAL_UNIT_ASSIGNED_CONTEXT((#7575,#7554,#7533))
REPRESENTATION_CONTEXT('AC123_0_V2','TOP_LEVEL_ASSEMBLY_PART')
);
#7492=(
GEOMETRIC_REPRESENTATION_CONTEXT(3)
GLOBAL_UNCERTAINTY_ASSIGNED_CONTEXT((#7513))
GLOBAL_UNIT_ASSIGNED_CONTEXT((#7576,#7555,#7534))
REPRESENTATION_CONTEXT('AC127_0_V2','TOP_LEVEL_ASSEMBLY_PART')
);
#7493=(
GEOMETRIC_REPRESENTATION_CONTEXT(3)
GLOBAL_UNCERTAINTY_ASSIGNED_CONTEXT((#7514))
GLOBAL_UNIT_ASSIGNED_CONTEXT((#7577,#7556,#7535))
REPRESENTATION_CONTEXT('AC112_0_V2','TOP_LEVEL_ASSEMBLY_PART')
);
#7494=(
GEOMETRIC_REPRESENTATION_CONTEXT(3)
GLOBAL_UNCERTAINTY_ASSIGNED_CONTEXT((#7515))
GLOBAL_UNIT_ASSIGNED_CONTEXT((#7578,#7557,#7536))
REPRESENTATION_CONTEXT('AC101_0_V2','TOP_LEVEL_ASSEMBLY_PART')
);
#7495=(
GEOMETRIC_REPRESENTATION_CONTEXT(3)
GLOBAL_UNCERTAINTY_ASSIGNED_CONTEXT((#7516))
GLOBAL_UNIT_ASSIGNED_CONTEXT((#7579,#7558,#7537))
REPRESENTATION_CONTEXT('AC130_0_V2','TOP_LEVEL_ASSEMBLY_PART')
);
#7496=(
GEOMETRIC_REPRESENTATION_CONTEXT(3)
GLOBAL_UNCERTAINTY_ASSIGNED_CONTEXT((#7517))
GLOBAL_UNIT_ASSIGNED_CONTEXT((#7580,#7559,#7538))
REPRESENTATION_CONTEXT('AC108_0_V2','TOP_LEVEL_ASSEMBLY_PART')
);
#7497=(
GEOMETRIC_REPRESENTATION_CONTEXT(3)
GLOBAL_UNCERTAINTY_ASSIGNED_CONTEXT((#7518))
GLOBAL_UNIT_ASSIGNED_CONTEXT((#7581,#7560,#7539))
REPRESENTATION_CONTEXT('AC120_0_V2','TOP_LEVEL_ASSEMBLY_PART')
);
#7498=(
GEOMETRIC_REPRESENTATION_CONTEXT(3)
GLOBAL_UNCERTAINTY_ASSIGNED_CONTEXT((#7519))
GLOBAL_UNIT_ASSIGNED_CONTEXT((#7582,#7561,#7540))
REPRESENTATION_CONTEXT('AC102_0_V2','TOP_LEVEL_ASSEMBLY_PART')
);
#7499=(
GEOMETRIC_REPRESENTATION_CONTEXT(3)
GLOBAL_UNCERTAINTY_ASSIGNED_CONTEXT((#7520))
GLOBAL_UNIT_ASSIGNED_CONTEXT((#7583,#7562,#7541))
REPRESENTATION_CONTEXT('AC74_0_V2','TOP_LEVEL_ASSEMBLY_PART')
);
#7500=(
GEOMETRIC_REPRESENTATION_CONTEXT(3)
GLOBAL_UNCERTAINTY_ASSIGNED_CONTEXT((#7521))
GLOBAL_UNIT_ASSIGNED_CONTEXT((#7584,#7563,#7542))
REPRESENTATION_CONTEXT('AC107_0_V2','TOP_LEVEL_ASSEMBLY_PART')
);
#7501=(
GEOMETRIC_REPRESENTATION_CONTEXT(3)
GLOBAL_UNCERTAINTY_ASSIGNED_CONTEXT((#7522))
GLOBAL_UNIT_ASSIGNED_CONTEXT((#7585,#7564,#7543))
REPRESENTATION_CONTEXT('AC106_0_V2','TOP_LEVEL_ASSEMBLY_PART')
);
#7502=(
GEOMETRIC_REPRESENTATION_CONTEXT(3)
GLOBAL_UNCERTAINTY_ASSIGNED_CONTEXT((#7523))
GLOBAL_UNIT_ASSIGNED_CONTEXT((#7586,#7565,#7544))
REPRESENTATION_CONTEXT('AC131_0_V2','TOP_LEVEL_ASSEMBLY_PART')
);
#7503=(
GEOMETRIC_REPRESENTATION_CONTEXT(3)
GLOBAL_UNCERTAINTY_ASSIGNED_CONTEXT((#7524))
GLOBAL_UNIT_ASSIGNED_CONTEXT((#7587,#7566,#7545))
REPRESENTATION_CONTEXT('AC126_0_V2','TOP_LEVEL_ASSEMBLY_PART')
);
#7504=(
GEOMETRIC_REPRESENTATION_CONTEXT(3)
GLOBAL_UNCERTAINTY_ASSIGNED_CONTEXT((#7525))
GLOBAL_UNIT_ASSIGNED_CONTEXT((#7588,#7567,#7546))
REPRESENTATION_CONTEXT('AC121_0_V2','TOP_LEVEL_ASSEMBLY_PART')
);
#7505=(
GEOMETRIC_REPRESENTATION_CONTEXT(3)
GLOBAL_UNCERTAINTY_ASSIGNED_CONTEXT((#7526))
GLOBAL_UNIT_ASSIGNED_CONTEXT((#7589,#7568,#7547))
REPRESENTATION_CONTEXT('AC100_0_V2','TOP_LEVEL_ASSEMBLY_PART')
);
#7506=(
GEOMETRIC_REPRESENTATION_CONTEXT(3)
GLOBAL_UNCERTAINTY_ASSIGNED_CONTEXT((#7527))
GLOBAL_UNIT_ASSIGNED_CONTEXT((#7590,#7569,#7548))
REPRESENTATION_CONTEXT('AC113_0_V2','TOP_LEVEL_ASSEMBLY_PART')
);
#7507=UNCERTAINTY_MEASURE_WITH_UNIT(LENGTH_MEASURE(1.E-8),#7570,
'DISTANCE_ACCURACY_VALUE','Maximum Tolerance applied to model');
#7508=UNCERTAINTY_MEASURE_WITH_UNIT(LENGTH_MEASURE(1.E-8),#7571,
'DISTANCE_ACCURACY_VALUE','Maximum Tolerance applied to model');
#7509=UNCERTAINTY_MEASURE_WITH_UNIT(LENGTH_MEASURE(1.E-8),#7572,
'DISTANCE_ACCURACY_VALUE','Maximum Tolerance applied to model');
#7510=UNCERTAINTY_MEASURE_WITH_UNIT(LENGTH_MEASURE(1.E-8),#7573,
'DISTANCE_ACCURACY_VALUE','Maximum Tolerance applied to model');
#7511=UNCERTAINTY_MEASURE_WITH_UNIT(LENGTH_MEASURE(1.E-8),#7574,
'DISTANCE_ACCURACY_VALUE','Maximum Tolerance applied to model');
#7512=UNCERTAINTY_MEASURE_WITH_UNIT(LENGTH_MEASURE(1.E-8),#7575,
'DISTANCE_ACCURACY_VALUE','Maximum Tolerance applied to model');
#7513=UNCERTAINTY_MEASURE_WITH_UNIT(LENGTH_MEASURE(1.E-8),#7576,
'DISTANCE_ACCURACY_VALUE','Maximum Tolerance applied to model');
#7514=UNCERTAINTY_MEASURE_WITH_UNIT(LENGTH_MEASURE(1.E-8),#7577,
'DISTANCE_ACCURACY_VALUE','Maximum Tolerance applied to model');
#7515=UNCERTAINTY_MEASURE_WITH_UNIT(LENGTH_MEASURE(2.E-5),#7578,
'DISTANCE_ACCURACY_VALUE','Maximum Tolerance applied to model');
#7516=UNCERTAINTY_MEASURE_WITH_UNIT(LENGTH_MEASURE(1.E-8),#7579,
'DISTANCE_ACCURACY_VALUE','Maximum Tolerance applied to model');
#7517=UNCERTAINTY_MEASURE_WITH_UNIT(LENGTH_MEASURE(2.E-5),#7580,
'DISTANCE_ACCURACY_VALUE','Maximum Tolerance applied to model');
#7518=UNCERTAINTY_MEASURE_WITH_UNIT(LENGTH_MEASURE(1.E-8),#7581,
'DISTANCE_ACCURACY_VALUE','Maximum Tolerance applied to model');
#7519=UNCERTAINTY_MEASURE_WITH_UNIT(LENGTH_MEASURE(2.E-5),#7582,
'DISTANCE_ACCURACY_VALUE','Maximum Tolerance applied to model');
#7520=UNCERTAINTY_MEASURE_WITH_UNIT(LENGTH_MEASURE(1.E-8),#7583,
'DISTANCE_ACCURACY_VALUE','Maximum Tolerance applied to model');
#7521=UNCERTAINTY_MEASURE_WITH_UNIT(LENGTH_MEASURE(1.E-8),#7584,
'DISTANCE_ACCURACY_VALUE','Maximum Tolerance applied to model');
#7522=UNCERTAINTY_MEASURE_WITH_UNIT(LENGTH_MEASURE(2.E-5),#7585,
'DISTANCE_ACCURACY_VALUE','Maximum Tolerance applied to model');
#7523=UNCERTAINTY_MEASURE_WITH_UNIT(LENGTH_MEASURE(1.E-8),#7586,
'DISTANCE_ACCURACY_VALUE','Maximum Tolerance applied to model');
#7524=UNCERTAINTY_MEASURE_WITH_UNIT(LENGTH_MEASURE(1.E-8),#7587,
'DISTANCE_ACCURACY_VALUE','Maximum Tolerance applied to model');
#7525=UNCERTAINTY_MEASURE_WITH_UNIT(LENGTH_MEASURE(1.E-8),#7588,
'DISTANCE_ACCURACY_VALUE','Maximum Tolerance applied to model');
#7526=UNCERTAINTY_MEASURE_WITH_UNIT(LENGTH_MEASURE(2.E-5),#7589,
'DISTANCE_ACCURACY_VALUE','Maximum Tolerance applied to model');
#7527=UNCERTAINTY_MEASURE_WITH_UNIT(LENGTH_MEASURE(1.E-8),#7590,
'DISTANCE_ACCURACY_VALUE','Maximum Tolerance applied to model');
#7528=(
NAMED_UNIT(*)
SI_UNIT($,.STERADIAN.)
SOLID_ANGLE_UNIT()
);
#7529=(
NAMED_UNIT(*)
SI_UNIT($,.STERADIAN.)
SOLID_ANGLE_UNIT()
);
#7530=(
NAMED_UNIT(*)
SI_UNIT($,.STERADIAN.)
SOLID_ANGLE_UNIT()
);
#7531=(
NAMED_UNIT(*)
SI_UNIT($,.STERADIAN.)
SOLID_ANGLE_UNIT()
);
#7532=(
NAMED_UNIT(*)
SI_UNIT($,.STERADIAN.)
SOLID_ANGLE_UNIT()
);
#7533=(
NAMED_UNIT(*)
SI_UNIT($,.STERADIAN.)
SOLID_ANGLE_UNIT()
);
#7534=(
NAMED_UNIT(*)
SI_UNIT($,.STERADIAN.)
SOLID_ANGLE_UNIT()
);
#7535=(
NAMED_UNIT(*)
SI_UNIT($,.STERADIAN.)
SOLID_ANGLE_UNIT()
);
#7536=(
NAMED_UNIT(*)
SI_UNIT($,.STERADIAN.)
SOLID_ANGLE_UNIT()
);
#7537=(
NAMED_UNIT(*)
SI_UNIT($,.STERADIAN.)
SOLID_ANGLE_UNIT()
);
#7538=(
NAMED_UNIT(*)
SI_UNIT($,.STERADIAN.)
SOLID_ANGLE_UNIT()
);
#7539=(
NAMED_UNIT(*)
SI_UNIT($,.STERADIAN.)
SOLID_ANGLE_UNIT()
);
#7540=(
NAMED_UNIT(*)
SI_UNIT($,.STERADIAN.)
SOLID_ANGLE_UNIT()
);
#7541=(
NAMED_UNIT(*)
SI_UNIT($,.STERADIAN.)
SOLID_ANGLE_UNIT()
);
#7542=(
NAMED_UNIT(*)
SI_UNIT($,.STERADIAN.)
SOLID_ANGLE_UNIT()
);
#7543=(
NAMED_UNIT(*)
SI_UNIT($,.STERADIAN.)
SOLID_ANGLE_UNIT()
);
#7544=(
NAMED_UNIT(*)
SI_UNIT($,.STERADIAN.)
SOLID_ANGLE_UNIT()
);
#7545=(
NAMED_UNIT(*)
SI_UNIT($,.STERADIAN.)
SOLID_ANGLE_UNIT()
);
#7546=(
NAMED_UNIT(*)
SI_UNIT($,.STERADIAN.)
SOLID_ANGLE_UNIT()
);
#7547=(
NAMED_UNIT(*)
SI_UNIT($,.STERADIAN.)
SOLID_ANGLE_UNIT()
);
#7548=(
NAMED_UNIT(*)
SI_UNIT($,.STERADIAN.)
SOLID_ANGLE_UNIT()
);
#7549=(
NAMED_UNIT(*)
PLANE_ANGLE_UNIT()
SI_UNIT($,.RADIAN.)
);
#7550=(
NAMED_UNIT(*)
PLANE_ANGLE_UNIT()
SI_UNIT($,.RADIAN.)
);
#7551=(
NAMED_UNIT(*)
PLANE_ANGLE_UNIT()
SI_UNIT($,.RADIAN.)
);
#7552=(
NAMED_UNIT(*)
PLANE_ANGLE_UNIT()
SI_UNIT($,.RADIAN.)
);
#7553=(
NAMED_UNIT(*)
PLANE_ANGLE_UNIT()
SI_UNIT($,.RADIAN.)
);
#7554=(
NAMED_UNIT(*)
PLANE_ANGLE_UNIT()
SI_UNIT($,.RADIAN.)
);
#7555=(
NAMED_UNIT(*)
PLANE_ANGLE_UNIT()
SI_UNIT($,.RADIAN.)
);
#7556=(
NAMED_UNIT(*)
PLANE_ANGLE_UNIT()
SI_UNIT($,.RADIAN.)
);
#7557=(
NAMED_UNIT(*)
PLANE_ANGLE_UNIT()
SI_UNIT($,.RADIAN.)
);
#7558=(
NAMED_UNIT(*)
PLANE_ANGLE_UNIT()
SI_UNIT($,.RADIAN.)
);
#7559=(
NAMED_UNIT(*)
PLANE_ANGLE_UNIT()
SI_UNIT($,.RADIAN.)
);
#7560=(
NAMED_UNIT(*)
PLANE_ANGLE_UNIT()
SI_UNIT($,.RADIAN.)
);
#7561=(
NAMED_UNIT(*)
PLANE_ANGLE_UNIT()
SI_UNIT($,.RADIAN.)
);
#7562=(
NAMED_UNIT(*)
PLANE_ANGLE_UNIT()
SI_UNIT($,.RADIAN.)
);
#7563=(
NAMED_UNIT(*)
PLANE_ANGLE_UNIT()
SI_UNIT($,.RADIAN.)
);
#7564=(
NAMED_UNIT(*)
PLANE_ANGLE_UNIT()
SI_UNIT($,.RADIAN.)
);
#7565=(
NAMED_UNIT(*)
PLANE_ANGLE_UNIT()
SI_UNIT($,.RADIAN.)
);
#7566=(
NAMED_UNIT(*)
PLANE_ANGLE_UNIT()
SI_UNIT($,.RADIAN.)
);
#7567=(
NAMED_UNIT(*)
PLANE_ANGLE_UNIT()
SI_UNIT($,.RADIAN.)
);
#7568=(
NAMED_UNIT(*)
PLANE_ANGLE_UNIT()
SI_UNIT($,.RADIAN.)
);
#7569=(
NAMED_UNIT(*)
PLANE_ANGLE_UNIT()
SI_UNIT($,.RADIAN.)
);
#7570=(
LENGTH_UNIT()
NAMED_UNIT(*)
SI_UNIT($,.METRE.)
);
#7571=(
LENGTH_UNIT()
NAMED_UNIT(*)
SI_UNIT($,.METRE.)
);
#7572=(
LENGTH_UNIT()
NAMED_UNIT(*)
SI_UNIT($,.METRE.)
);
#7573=(
LENGTH_UNIT()
NAMED_UNIT(*)
SI_UNIT($,.METRE.)
);
#7574=(
LENGTH_UNIT()
NAMED_UNIT(*)
SI_UNIT($,.METRE.)
);
#7575=(
LENGTH_UNIT()
NAMED_UNIT(*)
SI_UNIT($,.METRE.)
);
#7576=(
LENGTH_UNIT()
NAMED_UNIT(*)
SI_UNIT($,.METRE.)
);
#7577=(
LENGTH_UNIT()
NAMED_UNIT(*)
SI_UNIT($,.METRE.)
);
#7578=(
LENGTH_UNIT()
NAMED_UNIT(*)
SI_UNIT($,.METRE.)
);
#7579=(
LENGTH_UNIT()
NAMED_UNIT(*)
SI_UNIT($,.METRE.)
);
#7580=(
LENGTH_UNIT()
NAMED_UNIT(*)
SI_UNIT($,.METRE.)
);
#7581=(
LENGTH_UNIT()
NAMED_UNIT(*)
SI_UNIT($,.METRE.)
);
#7582=(
LENGTH_UNIT()
NAMED_UNIT(*)
SI_UNIT($,.METRE.)
);
#7583=(
LENGTH_UNIT()
NAMED_UNIT(*)
SI_UNIT($,.METRE.)
);
#7584=(
LENGTH_UNIT()
NAMED_UNIT(*)
SI_UNIT($,.METRE.)
);
#7585=(
LENGTH_UNIT()
NAMED_UNIT(*)
SI_UNIT($,.METRE.)
);
#7586=(
LENGTH_UNIT()
NAMED_UNIT(*)
SI_UNIT($,.METRE.)
);
#7587=(
LENGTH_UNIT()
NAMED_UNIT(*)
SI_UNIT($,.METRE.)
);
#7588=(
LENGTH_UNIT()
NAMED_UNIT(*)
SI_UNIT($,.METRE.)
);
#7589=(
LENGTH_UNIT()
NAMED_UNIT(*)
SI_UNIT($,.METRE.)
);
#7590=(
LENGTH_UNIT()
NAMED_UNIT(*)
SI_UNIT($,.METRE.)
);
#7591=PRODUCT_DEFINITION_SHAPE('','',#7612);
#7592=PRODUCT_DEFINITION_SHAPE('','',#7613);
#7593=PRODUCT_DEFINITION_SHAPE('','',#7614);
#7594=PRODUCT_DEFINITION_SHAPE('','',#7615);
#7595=PRODUCT_DEFINITION_SHAPE('','',#7616);
#7596=PRODUCT_DEFINITION_SHAPE('','',#7617);
#7597=PRODUCT_DEFINITION_SHAPE('','',#7618);
#7598=PRODUCT_DEFINITION_SHAPE('','',#7619);
#7599=PRODUCT_DEFINITION_SHAPE('','',#7620);
#7600=PRODUCT_DEFINITION_SHAPE('','',#7621);
#7601=PRODUCT_DEFINITION_SHAPE('','',#7622);
#7602=PRODUCT_DEFINITION_SHAPE('','',#7623);
#7603=PRODUCT_DEFINITION_SHAPE('','',#7624);
#7604=PRODUCT_DEFINITION_SHAPE('','',#7625);
#7605=PRODUCT_DEFINITION_SHAPE('','',#7626);
#7606=PRODUCT_DEFINITION_SHAPE('','',#7627);
#7607=PRODUCT_DEFINITION_SHAPE('','',#7628);
#7608=PRODUCT_DEFINITION_SHAPE('','',#7629);
#7609=PRODUCT_DEFINITION_SHAPE('','',#7630);
#7610=PRODUCT_DEFINITION_SHAPE('','',#7631);
#7611=PRODUCT_DEFINITION_SHAPE('','',#7632);
#7612=PRODUCT_DEFINITION('','',#7654,#7633);
#7613=PRODUCT_DEFINITION('','',#7655,#7634);
#7614=PRODUCT_DEFINITION('','',#7656,#7635);
#7615=PRODUCT_DEFINITION('','',#7657,#7636);
#7616=PRODUCT_DEFINITION('','',#7658,#7637);
#7617=PRODUCT_DEFINITION('','',#7659,#7638);
#7618=PRODUCT_DEFINITION('','',#7660,#7639);
#7619=PRODUCT_DEFINITION('','',#7661,#7640);
#7620=PRODUCT_DEFINITION('','',#7662,#7641);
#7621=PRODUCT_DEFINITION('','',#7663,#7642);
#7622=PRODUCT_DEFINITION('','',#7664,#7643);
#7623=PRODUCT_DEFINITION('','',#7665,#7644);
#7624=PRODUCT_DEFINITION('','',#7666,#7645);
#7625=PRODUCT_DEFINITION('','',#7667,#7646);
#7626=PRODUCT_DEFINITION('','',#7668,#7647);
#7627=PRODUCT_DEFINITION('','',#7669,#7648);
#7628=PRODUCT_DEFINITION('','',#7670,#7649);
#7629=PRODUCT_DEFINITION('','',#7671,#7650);
#7630=PRODUCT_DEFINITION('','',#7672,#7651);
#7631=PRODUCT_DEFINITION('','',#7673,#7652);
#7632=PRODUCT_DEFINITION('','',#7674,#7653);
#7633=PRODUCT_DEFINITION_CONTEXT('',#7780,'design');
#7634=PRODUCT_DEFINITION_CONTEXT('',#7781,'design');
#7635=PRODUCT_DEFINITION_CONTEXT('',#7782,'design');
#7636=PRODUCT_DEFINITION_CONTEXT('',#7783,'design');
#7637=PRODUCT_DEFINITION_CONTEXT('',#7784,'design');
#7638=PRODUCT_DEFINITION_CONTEXT('',#7785,'design');
#7639=PRODUCT_DEFINITION_CONTEXT('',#7786,'design');
#7640=PRODUCT_DEFINITION_CONTEXT('',#7787,'design');
#7641=PRODUCT_DEFINITION_CONTEXT('',#7788,'design');
#7642=PRODUCT_DEFINITION_CONTEXT('',#7789,'design');
#7643=PRODUCT_DEFINITION_CONTEXT('',#7790,'design');
#7644=PRODUCT_DEFINITION_CONTEXT('',#7791,'design');
#7645=PRODUCT_DEFINITION_CONTEXT('',#7792,'design');
#7646=PRODUCT_DEFINITION_CONTEXT('',#7793,'design');
#7647=PRODUCT_DEFINITION_CONTEXT('',#7794,'design');
#7648=PRODUCT_DEFINITION_CONTEXT('',#7795,'design');
#7649=PRODUCT_DEFINITION_CONTEXT('',#7796,'design');
#7650=PRODUCT_DEFINITION_CONTEXT('',#7797,'design');
#7651=PRODUCT_DEFINITION_CONTEXT('',#7798,'design');
#7652=PRODUCT_DEFINITION_CONTEXT('',#7799,'design');
#7653=PRODUCT_DEFINITION_CONTEXT('',#7800,'design');
#7654=PRODUCT_DEFINITION_FORMATION_WITH_SPECIFIED_SOURCE('','',#7696,
 .NOT_KNOWN.);
#7655=PRODUCT_DEFINITION_FORMATION_WITH_SPECIFIED_SOURCE('','',#7697,
 .NOT_KNOWN.);
#7656=PRODUCT_DEFINITION_FORMATION_WITH_SPECIFIED_SOURCE('','',#7698,
 .NOT_KNOWN.);
#7657=PRODUCT_DEFINITION_FORMATION_WITH_SPECIFIED_SOURCE('','',#7699,
 .NOT_KNOWN.);
#7658=PRODUCT_DEFINITION_FORMATION_WITH_SPECIFIED_SOURCE('','',#7700,
 .NOT_KNOWN.);
#7659=PRODUCT_DEFINITION_FORMATION_WITH_SPECIFIED_SOURCE('','',#7701,
 .NOT_KNOWN.);
#7660=PRODUCT_DEFINITION_FORMATION_WITH_SPECIFIED_SOURCE('','',#7702,
 .NOT_KNOWN.);
#7661=PRODUCT_DEFINITION_FORMATION_WITH_SPECIFIED_SOURCE('','',#7703,
 .NOT_KNOWN.);
#7662=PRODUCT_DEFINITION_FORMATION_WITH_SPECIFIED_SOURCE('','',#7704,
 .NOT_KNOWN.);
#7663=PRODUCT_DEFINITION_FORMATION_WITH_SPECIFIED_SOURCE('','',#7705,
 .NOT_KNOWN.);
#7664=PRODUCT_DEFINITION_FORMATION_WITH_SPECIFIED_SOURCE('','',#7706,
 .NOT_KNOWN.);
#7665=PRODUCT_DEFINITION_FORMATION_WITH_SPECIFIED_SOURCE('','',#7707,
 .NOT_KNOWN.);
#7666=PRODUCT_DEFINITION_FORMATION_WITH_SPECIFIED_SOURCE('','',#7708,
 .NOT_KNOWN.);
#7667=PRODUCT_DEFINITION_FORMATION_WITH_SPECIFIED_SOURCE('','',#7709,
 .NOT_KNOWN.);
#7668=PRODUCT_DEFINITION_FORMATION_WITH_SPECIFIED_SOURCE('','',#7710,
 .NOT_KNOWN.);
#7669=PRODUCT_DEFINITION_FORMATION_WITH_SPECIFIED_SOURCE('','',#7711,
 .NOT_KNOWN.);
#7670=PRODUCT_DEFINITION_FORMATION_WITH_SPECIFIED_SOURCE('','',#7712,
 .NOT_KNOWN.);
#7671=PRODUCT_DEFINITION_FORMATION_WITH_SPECIFIED_SOURCE('','',#7713,
 .NOT_KNOWN.);
#7672=PRODUCT_DEFINITION_FORMATION_WITH_SPECIFIED_SOURCE('','',#7714,
 .NOT_KNOWN.);
#7673=PRODUCT_DEFINITION_FORMATION_WITH_SPECIFIED_SOURCE('','',#7715,
 .NOT_KNOWN.);
#7674=PRODUCT_DEFINITION_FORMATION_WITH_SPECIFIED_SOURCE('','',#7716,
 .NOT_KNOWN.);
#7675=PRODUCT_RELATED_PRODUCT_CATEGORY('','',(#7696));
#7676=PRODUCT_RELATED_PRODUCT_CATEGORY('','',(#7697));
#7677=PRODUCT_RELATED_PRODUCT_CATEGORY('','',(#7698));
#7678=PRODUCT_RELATED_PRODUCT_CATEGORY('','',(#7699));
#7679=PRODUCT_RELATED_PRODUCT_CATEGORY('','',(#7700));
#7680=PRODUCT_RELATED_PRODUCT_CATEGORY('','',(#7701));
#7681=PRODUCT_RELATED_PRODUCT_CATEGORY('','',(#7702));
#7682=PRODUCT_RELATED_PRODUCT_CATEGORY('','',(#7703));
#7683=PRODUCT_RELATED_PRODUCT_CATEGORY('','',(#7704));
#7684=PRODUCT_RELATED_PRODUCT_CATEGORY('','',(#7705));
#7685=PRODUCT_RELATED_PRODUCT_CATEGORY('','',(#7706));
#7686=PRODUCT_RELATED_PRODUCT_CATEGORY('','',(#7707));
#7687=PRODUCT_RELATED_PRODUCT_CATEGORY('','',(#7708));
#7688=PRODUCT_RELATED_PRODUCT_CATEGORY('','',(#7709));
#7689=PRODUCT_RELATED_PRODUCT_CATEGORY('','',(#7710));
#7690=PRODUCT_RELATED_PRODUCT_CATEGORY('','',(#7711));
#7691=PRODUCT_RELATED_PRODUCT_CATEGORY('','',(#7712));
#7692=PRODUCT_RELATED_PRODUCT_CATEGORY('','',(#7713));
#7693=PRODUCT_RELATED_PRODUCT_CATEGORY('','',(#7714));
#7694=PRODUCT_RELATED_PRODUCT_CATEGORY('','',(#7715));
#7695=PRODUCT_RELATED_PRODUCT_CATEGORY('','',(#7716));
#7696=PRODUCT('AC119_0_V2','AC119_0_V2','AC119_0_V2',(#7738));
#7697=PRODUCT('AC122_0_V2','AC122_0_V2','AC122_0_V2',(#7739));
#7698=PRODUCT('AC128_0_V2','AC128_0_V2','AC128_0_V2',(#7740));
#7699=PRODUCT('AC118_0_V2','AC118_0_V2','AC118_0_V2',(#7741));
#7700=PRODUCT('AC66_0_V2','AC66_0_V2','AC66_0_V2',(#7742));
#7701=PRODUCT('AC123_0_V2','AC123_0_V2','AC123_0_V2',(#7743));
#7702=PRODUCT('AC127_0_V2','AC127_0_V2','AC127_0_V2',(#7744));
#7703=PRODUCT('AC112_0_V2','AC112_0_V2','AC112_0_V2',(#7745));
#7704=PRODUCT('AC101_0_V2','AC101_0_V2','AC101_0_V2',(#7746));
#7705=PRODUCT('AC130_0_V2','AC130_0_V2','AC130_0_V2',(#7747));
#7706=PRODUCT('AC108_0_V2','AC108_0_V2','AC108_0_V2',(#7748));
#7707=PRODUCT('AC120_0_V2','AC120_0_V2','AC120_0_V2',(#7749));
#7708=PRODUCT('AC102_0_V2','AC102_0_V2','AC102_0_V2',(#7750));
#7709=PRODUCT('AC74_0_V2','AC74_0_V2','AC74_0_V2',(#7751));
#7710=PRODUCT('AC107_0_V2','AC107_0_V2','AC107_0_V2',(#7752));
#7711=PRODUCT('AC106_0_V2','AC106_0_V2','AC106_0_V2',(#7753));
#7712=PRODUCT('AC131_0_V2','AC131_0_V2','AC131_0_V2',(#7754));
#7713=PRODUCT('AC126_0_V2','AC126_0_V2','AC126_0_V2',(#7755));
#7714=PRODUCT('AC121_0_V2','AC121_0_V2','AC121_0_V2',(#7756));
#7715=PRODUCT('AC100_0_V2','AC100_0_V2','AC100_0_V2',(#7757));
#7716=PRODUCT('AC113_0_V2','AC113_0_V2','AC113_0_V2',(#7758));
#7717=PRODUCT_CATEGORY('','');
#7718=PRODUCT_CATEGORY('','');
#7719=PRODUCT_CATEGORY('','');
#7720=PRODUCT_CATEGORY('','');
#7721=PRODUCT_CATEGORY('','');
#7722=PRODUCT_CATEGORY('','');
#7723=PRODUCT_CATEGORY('','');
#7724=PRODUCT_CATEGORY('','');
#7725=PRODUCT_CATEGORY('','');
#7726=PRODUCT_CATEGORY('','');
#7727=PRODUCT_CATEGORY('','');
#7728=PRODUCT_CATEGORY('','');
#7729=PRODUCT_CATEGORY('','');
#7730=PRODUCT_CATEGORY('','');
#7731=PRODUCT_CATEGORY('','');
#7732=PRODUCT_CATEGORY('','');
#7733=PRODUCT_CATEGORY('','');
#7734=PRODUCT_CATEGORY('','');
#7735=PRODUCT_CATEGORY('','');
#7736=PRODUCT_CATEGORY('','');
#7737=PRODUCT_CATEGORY('','');
#7738=PRODUCT_CONTEXT('',#7780,'mechanical');
#7739=PRODUCT_CONTEXT('',#7781,'mechanical');
#7740=PRODUCT_CONTEXT('',#7782,'mechanical');
#7741=PRODUCT_CONTEXT('',#7783,'mechanical');
#7742=PRODUCT_CONTEXT('',#7784,'mechanical');
#7743=PRODUCT_CONTEXT('',#7785,'mechanical');
#7744=PRODUCT_CONTEXT('',#7786,'mechanical');
#7745=PRODUCT_CONTEXT('',#7787,'mechanical');
#7746=PRODUCT_CONTEXT('',#7788,'mechanical');
#7747=PRODUCT_CONTEXT('',#7789,'mechanical');
#7748=PRODUCT_CONTEXT('',#7790,'mechanical');
#7749=PRODUCT_CONTEXT('',#7791,'mechanical');
#7750=PRODUCT_CONTEXT('',#7792,'mechanical');
#7751=PRODUCT_CONTEXT('',#7793,'mechanical');
#7752=PRODUCT_CONTEXT('',#7794,'mechanical');
#7753=PRODUCT_CONTEXT('',#7795,'mechanical');
#7754=PRODUCT_CONTEXT('',#7796,'mechanical');
#7755=PRODUCT_CONTEXT('',#7797,'mechanical');
#7756=PRODUCT_CONTEXT('',#7798,'mechanical');
#7757=PRODUCT_CONTEXT('',#7799,'mechanical');
#7758=PRODUCT_CONTEXT('',#7800,'mechanical');
#7759=APPLICATION_PROTOCOL_DEFINITION('international standard',
'automotive_design',2010,#7780);
#7760=APPLICATION_PROTOCOL_DEFINITION('international standard',
'automotive_design',2010,#7781);
#7761=APPLICATION_PROTOCOL_DEFINITION('international standard',
'automotive_design',2010,#7782);
#7762=APPLICATION_PROTOCOL_DEFINITION('international standard',
'automotive_design',2010,#7783);
#7763=APPLICATION_PROTOCOL_DEFINITION('international standard',
'automotive_design',2010,#7784);
#7764=APPLICATION_PROTOCOL_DEFINITION('international standard',
'automotive_design',2010,#7785);
#7765=APPLICATION_PROTOCOL_DEFINITION('international standard',
'automotive_design',2010,#7786);
#7766=APPLICATION_PROTOCOL_DEFINITION('international standard',
'automotive_design',2010,#7787);
#7767=APPLICATION_PROTOCOL_DEFINITION('international standard',
'automotive_design',2010,#7788);
#7768=APPLICATION_PROTOCOL_DEFINITION('international standard',
'automotive_design',2010,#7789);
#7769=APPLICATION_PROTOCOL_DEFINITION('international standard',
'automotive_design',2010,#7790);
#7770=APPLICATION_PROTOCOL_DEFINITION('international standard',
'automotive_design',2010,#7791);
#7771=APPLICATION_PROTOCOL_DEFINITION('international standard',
'automotive_design',2010,#7792);
#7772=APPLICATION_PROTOCOL_DEFINITION('international standard',
'automotive_design',2010,#7793);
#7773=APPLICATION_PROTOCOL_DEFINITION('international standard',
'automotive_design',2010,#7794);
#7774=APPLICATION_PROTOCOL_DEFINITION('international standard',
'automotive_design',2010,#7795);
#7775=APPLICATION_PROTOCOL_DEFINITION('international standard',
'automotive_design',2010,#7796);
#7776=APPLICATION_PROTOCOL_DEFINITION('international standard',
'automotive_design',2010,#7797);
#7777=APPLICATION_PROTOCOL_DEFINITION('international standard',
'automotive_design',2010,#7798);
#7778=APPLICATION_PROTOCOL_DEFINITION('international standard',
'automotive_design',2010,#7799);
#7779=APPLICATION_PROTOCOL_DEFINITION('international standard',
'automotive_design',2010,#7800);
#7780=APPLICATION_CONTEXT(
'core data for automotive mechanical design processes');
#7781=APPLICATION_CONTEXT(
'core data for automotive mechanical design processes');
#7782=APPLICATION_CONTEXT(
'core data for automotive mechanical design processes');
#7783=APPLICATION_CONTEXT(
'core data for automotive mechanical design processes');
#7784=APPLICATION_CONTEXT(
'core data for automotive mechanical design processes');
#7785=APPLICATION_CONTEXT(
'core data for automotive mechanical design processes');
#7786=APPLICATION_CONTEXT(
'core data for automotive mechanical design processes');
#7787=APPLICATION_CONTEXT(
'core data for automotive mechanical design processes');
#7788=APPLICATION_CONTEXT(
'core data for automotive mechanical design processes');
#7789=APPLICATION_CONTEXT(
'core data for automotive mechanical design processes');
#7790=APPLICATION_CONTEXT(
'core data for automotive mechanical design processes');
#7791=APPLICATION_CONTEXT(
'core data for automotive mechanical design processes');
#7792=APPLICATION_CONTEXT(
'core data for automotive mechanical design processes');
#7793=APPLICATION_CONTEXT(
'core data for automotive mechanical design processes');
#7794=APPLICATION_CONTEXT(
'core data for automotive mechanical design processes');
#7795=APPLICATION_CONTEXT(
'core data for automotive mechanical design processes');
#7796=APPLICATION_CONTEXT(
'core data for automotive mechanical design processes');
#7797=APPLICATION_CONTEXT(
'core data for automotive mechanical design processes');
#7798=APPLICATION_CONTEXT(
'core data for automotive mechanical design processes');
#7799=APPLICATION_CONTEXT(
'core data for automotive mechanical design processes');
#7800=APPLICATION_CONTEXT(
'core data for automotive mechanical design processes');
ENDSEC;
END-ISO-10303-21;
