ISO-10303-21;
HEADER;
/* Generated by software containing ST-Developer
 * from STEP Tools, Inc. (www.steptools.com) 
 */
/* OPTION: using custom renumber hook */

FILE_DESCRIPTION(
/* description */ ('STEP AP214',
'CAx-IF Rec.Pracs.---User Defined Attributes---1.5---2016-08-15'),
/* implementation_level */ '2;1');

FILE_NAME(
/* name */ '6ac210df0e7ce41d8afa4b2c',
/* time_stamp */ '2026-10-04T08:40:01Z',
/* author */ (''),
/* organization */ (''),
/* preprocessor_version */ 'ST-DEVELOPER v20',
/* originating_system */ 'ONSHAPE BY PTC INC, 1.221',
/* authorisation */ '  ');

FILE_SCHEMA (('AUTOMOTIVE_DESIGN {1 0 10303 214 3 1 1}'));
ENDSEC;

DATA;
#10=PROPERTY_DEFINITION_REPRESENTATION(#14,#12);
#11=PROPERTY_DEFINITION_REPRESENTATION(#15,#13);
#12=REPRESENTATION('',(#16),#7445);
#13=REPRESENTATION('',(#17),#7445);
#14=PROPERTY_DEFINITION('pmi validation property','',#7545);
#15=PROPERTY_DEFINITION('pmi validation property','',#7545);
#16=VALUE_REPRESENTATION_ITEM('number of annotations',COUNT_MEASURE(0.));
#17=VALUE_REPRESENTATION_ITEM('number of views',COUNT_MEASURE(0.));
#18=B_SPLINE_SURFACE_WITH_KNOTS('',3,1,((#6106,#6107),(#6108,#6109),(#6110,
#6111),(#6112,#6113)),.SURF_OF_LINEAR_EXTRUSION.,.F.,.F.,.F.,(4,4),(2,2),
(0.,1.),(0.,1.),.PIECEWISE_BEZIER_KNOTS.);
#19=B_SPLINE_SURFACE_WITH_KNOTS('',3,1,((#6131,#6132),(#6133,#6134),(#6135,
#6136),(#6137,#6138)),.SURF_OF_LINEAR_EXTRUSION.,.F.,.F.,.F.,(4,4),(2,2),
(0.,1.),(0.,1.),.PIECEWISE_BEZIER_KNOTS.);
#20=B_SPLINE_SURFACE_WITH_KNOTS('',3,1,((#6168,#6169),(#6170,#6171),(#6172,
#6173),(#6174,#6175)),.SURF_OF_LINEAR_EXTRUSION.,.F.,.F.,.F.,(4,4),(2,2),
(0.,1.),(0.,1.),.PIECEWISE_BEZIER_KNOTS.);
#21=B_SPLINE_SURFACE_WITH_KNOTS('',3,1,((#6193,#6194),(#6195,#6196),(#6197,
#6198),(#6199,#6200)),.SURF_OF_LINEAR_EXTRUSION.,.F.,.F.,.F.,(4,4),(2,2),
(0.,1.),(0.,1.),.PIECEWISE_BEZIER_KNOTS.);
#22=B_SPLINE_SURFACE_WITH_KNOTS('',3,1,((#6230,#6231),(#6232,#6233),(#6234,
#6235),(#6236,#6237)),.SURF_OF_LINEAR_EXTRUSION.,.F.,.F.,.F.,(4,4),(2,2),
(0.,1.),(0.,1.),.PIECEWISE_BEZIER_KNOTS.);
#23=B_SPLINE_SURFACE_WITH_KNOTS('',3,1,((#6255,#6256),(#6257,#6258),(#6259,
#6260),(#6261,#6262)),.SURF_OF_LINEAR_EXTRUSION.,.F.,.F.,.F.,(4,4),(2,2),
(0.,1.),(0.,1.),.PIECEWISE_BEZIER_KNOTS.);
#24=B_SPLINE_SURFACE_WITH_KNOTS('',3,1,((#6292,#6293),(#6294,#6295),(#6296,
#6297),(#6298,#6299)),.SURF_OF_LINEAR_EXTRUSION.,.F.,.F.,.F.,(4,4),(2,2),
(0.,1.),(0.,1.),.PIECEWISE_BEZIER_KNOTS.);
#25=B_SPLINE_SURFACE_WITH_KNOTS('',3,1,((#6317,#6318),(#6319,#6320),(#6321,
#6322),(#6323,#6324)),.SURF_OF_LINEAR_EXTRUSION.,.F.,.F.,.F.,(4,4),(2,2),
(0.,1.),(0.,1.),.PIECEWISE_BEZIER_KNOTS.);
#26=B_SPLINE_SURFACE_WITH_KNOTS('',3,1,((#6354,#6355),(#6356,#6357),(#6358,
#6359),(#6360,#6361)),.SURF_OF_LINEAR_EXTRUSION.,.F.,.F.,.F.,(4,4),(2,2),
(0.,1.),(0.,1.),.PIECEWISE_BEZIER_KNOTS.);
#27=B_SPLINE_SURFACE_WITH_KNOTS('',3,1,((#6379,#6380),(#6381,#6382),(#6383,
#6384),(#6385,#6386)),.SURF_OF_LINEAR_EXTRUSION.,.F.,.F.,.F.,(4,4),(2,2),
(0.,1.),(0.,1.),.PIECEWISE_BEZIER_KNOTS.);
#28=B_SPLINE_SURFACE_WITH_KNOTS('',3,1,((#6416,#6417),(#6418,#6419),(#6420,
#6421),(#6422,#6423)),.SURF_OF_LINEAR_EXTRUSION.,.F.,.F.,.F.,(4,4),(2,2),
(0.,1.),(0.,1.),.PIECEWISE_BEZIER_KNOTS.);
#29=B_SPLINE_SURFACE_WITH_KNOTS('',3,1,((#6441,#6442),(#6443,#6444),(#6445,
#6446),(#6447,#6448)),.SURF_OF_LINEAR_EXTRUSION.,.F.,.F.,.F.,(4,4),(2,2),
(0.,1.),(0.,1.),.PIECEWISE_BEZIER_KNOTS.);
#30=B_SPLINE_SURFACE_WITH_KNOTS('',3,1,((#6478,#6479),(#6480,#6481),(#6482,
#6483),(#6484,#6485)),.SURF_OF_LINEAR_EXTRUSION.,.F.,.F.,.F.,(4,4),(2,2),
(0.,1.),(0.,1.),.PIECEWISE_BEZIER_KNOTS.);
#31=B_SPLINE_SURFACE_WITH_KNOTS('',3,1,((#6503,#6504),(#6505,#6506),(#6507,
#6508),(#6509,#6510)),.SURF_OF_LINEAR_EXTRUSION.,.F.,.F.,.F.,(4,4),(2,2),
(0.,1.),(0.,1.),.PIECEWISE_BEZIER_KNOTS.);
#32=B_SPLINE_SURFACE_WITH_KNOTS('',3,1,((#6540,#6541),(#6542,#6543),(#6544,
#6545),(#6546,#6547)),.SURF_OF_LINEAR_EXTRUSION.,.F.,.F.,.F.,(4,4),(2,2),
(0.,1.),(0.,1.),.PIECEWISE_BEZIER_KNOTS.);
#33=B_SPLINE_SURFACE_WITH_KNOTS('',3,1,((#6565,#6566),(#6567,#6568),(#6569,
#6570),(#6571,#6572)),.SURF_OF_LINEAR_EXTRUSION.,.F.,.F.,.F.,(4,4),(2,2),
(0.,1.),(0.,1.),.PIECEWISE_BEZIER_KNOTS.);
#34=B_SPLINE_SURFACE_WITH_KNOTS('',3,1,((#6602,#6603),(#6604,#6605),(#6606,
#6607),(#6608,#6609)),.SURF_OF_LINEAR_EXTRUSION.,.F.,.F.,.F.,(4,4),(2,2),
(0.,1.),(0.,1.),.PIECEWISE_BEZIER_KNOTS.);
#35=B_SPLINE_SURFACE_WITH_KNOTS('',3,1,((#6627,#6628),(#6629,#6630),(#6631,
#6632),(#6633,#6634)),.SURF_OF_LINEAR_EXTRUSION.,.F.,.F.,.F.,(4,4),(2,2),
(0.,1.),(0.,1.),.PIECEWISE_BEZIER_KNOTS.);
#36=B_SPLINE_SURFACE_WITH_KNOTS('',3,1,((#6664,#6665),(#6666,#6667),(#6668,
#6669),(#6670,#6671)),.SURF_OF_LINEAR_EXTRUSION.,.F.,.F.,.F.,(4,4),(2,2),
(0.,1.),(0.,1.),.PIECEWISE_BEZIER_KNOTS.);
#37=B_SPLINE_SURFACE_WITH_KNOTS('',3,1,((#6689,#6690),(#6691,#6692),(#6693,
#6694),(#6695,#6696)),.SURF_OF_LINEAR_EXTRUSION.,.F.,.F.,.F.,(4,4),(2,2),
(0.,1.),(0.,1.),.PIECEWISE_BEZIER_KNOTS.);
#38=B_SPLINE_SURFACE_WITH_KNOTS('',3,1,((#6726,#6727),(#6728,#6729),(#6730,
#6731),(#6732,#6733)),.SURF_OF_LINEAR_EXTRUSION.,.F.,.F.,.F.,(4,4),(2,2),
(0.,1.),(0.,1.),.PIECEWISE_BEZIER_KNOTS.);
#39=B_SPLINE_SURFACE_WITH_KNOTS('',3,1,((#6751,#6752),(#6753,#6754),(#6755,
#6756),(#6757,#6758)),.SURF_OF_LINEAR_EXTRUSION.,.F.,.F.,.F.,(4,4),(2,2),
(0.,1.),(0.,1.),.PIECEWISE_BEZIER_KNOTS.);
#40=B_SPLINE_SURFACE_WITH_KNOTS('',3,1,((#6788,#6789),(#6790,#6791),(#6792,
#6793),(#6794,#6795)),.SURF_OF_LINEAR_EXTRUSION.,.F.,.F.,.F.,(4,4),(2,2),
(0.,1.),(0.,1.),.PIECEWISE_BEZIER_KNOTS.);
#41=B_SPLINE_SURFACE_WITH_KNOTS('',3,1,((#6813,#6814),(#6815,#6816),(#6817,
#6818),(#6819,#6820)),.SURF_OF_LINEAR_EXTRUSION.,.F.,.F.,.F.,(4,4),(2,2),
(0.,1.),(0.,1.),.PIECEWISE_BEZIER_KNOTS.);
#42=B_SPLINE_SURFACE_WITH_KNOTS('',3,1,((#6850,#6851),(#6852,#6853),(#6854,
#6855),(#6856,#6857)),.SURF_OF_LINEAR_EXTRUSION.,.F.,.F.,.F.,(4,4),(2,2),
(0.,1.),(0.,1.),.PIECEWISE_BEZIER_KNOTS.);
#43=B_SPLINE_SURFACE_WITH_KNOTS('',3,1,((#6875,#6876),(#6877,#6878),(#6879,
#6880),(#6881,#6882)),.SURF_OF_LINEAR_EXTRUSION.,.F.,.F.,.F.,(4,4),(2,2),
(0.,1.),(0.,1.),.PIECEWISE_BEZIER_KNOTS.);
#44=B_SPLINE_SURFACE_WITH_KNOTS('',3,1,((#6912,#6913),(#6914,#6915),(#6916,
#6917),(#6918,#6919)),.SURF_OF_LINEAR_EXTRUSION.,.F.,.F.,.F.,(4,4),(2,2),
(0.,1.),(0.,1.),.PIECEWISE_BEZIER_KNOTS.);
#45=B_SPLINE_SURFACE_WITH_KNOTS('',3,1,((#6937,#6938),(#6939,#6940),(#6941,
#6942),(#6943,#6944)),.SURF_OF_LINEAR_EXTRUSION.,.F.,.F.,.F.,(4,4),(2,2),
(0.,1.),(0.,1.),.PIECEWISE_BEZIER_KNOTS.);
#46=B_SPLINE_SURFACE_WITH_KNOTS('',3,1,((#6974,#6975),(#6976,#6977),(#6978,
#6979),(#6980,#6981)),.SURF_OF_LINEAR_EXTRUSION.,.F.,.F.,.F.,(4,4),(2,2),
(0.,1.),(0.,1.),.PIECEWISE_BEZIER_KNOTS.);
#47=B_SPLINE_SURFACE_WITH_KNOTS('',3,1,((#6999,#7000),(#7001,#7002),(#7003,
#7004),(#7005,#7006)),.SURF_OF_LINEAR_EXTRUSION.,.F.,.F.,.F.,(4,4),(2,2),
(0.,1.),(0.,1.),.PIECEWISE_BEZIER_KNOTS.);
#48=B_SPLINE_SURFACE_WITH_KNOTS('',3,1,((#7036,#7037),(#7038,#7039),(#7040,
#7041),(#7042,#7043)),.SURF_OF_LINEAR_EXTRUSION.,.F.,.F.,.F.,(4,4),(2,2),
(0.,1.),(0.,1.),.PIECEWISE_BEZIER_KNOTS.);
#49=B_SPLINE_SURFACE_WITH_KNOTS('',3,1,((#7061,#7062),(#7063,#7064),(#7065,
#7066),(#7067,#7068)),.SURF_OF_LINEAR_EXTRUSION.,.F.,.F.,.F.,(4,4),(2,2),
(0.,1.),(0.,1.),.PIECEWISE_BEZIER_KNOTS.);
#50=B_SPLINE_CURVE_WITH_KNOTS('',3,(#5912,#5913,#5914,#5915,#5916,#5917,
#5918,#5919,#5920,#5921,#5922,#5923,#5924,#5925,#5926,#5927,#5928),
 .UNSPECIFIED.,.T.,.F.,(1,1,1,1,1,1,1,1,1,1,1,1,1,1,1,1,1,1,1,1,1),(-0.00254902672325492,
-0.00169935114883661,-0.000849675574418307,0.,0.000849675574418308,0.00169935114883662,
0.00339870229767323,0.00509805344650985,0.00594772902092815,0.00679740459534646,
0.00764708016976477,0.00849675574418308,0.00934643131860138,0.0101961068930197,
0.011045782467438,0.0118954580418563,0.0127451336162746,0.0135948091906929,
0.0144444847651112,0.0152941603395295,0.0169935114883662),.UNSPECIFIED.);
#51=B_SPLINE_CURVE_WITH_KNOTS('',3,(#5930,#5931,#5932,#5933,#5934,#5935,
#5936,#5937,#5938,#5939,#5940,#5941,#5942,#5943,#5944,#5945,#5946),
 .UNSPECIFIED.,.T.,.F.,(1,1,1,1,1,1,1,1,1,1,1,1,1,1,1,1,1,1,1,1,1),(-0.00339873664835445,
-0.00254905248626583,-0.00169936832417721,1.84314369322536E-17,0.00169936832417725,
0.00254905248626587,0.00339873664835448,0.0042484208104431,0.00509810497253172,
0.00594778913462034,0.00679747329670895,0.00764715745879757,0.00849684162088618,
0.0093465257829748,0.0101962099450634,0.011045894107152,0.0118955782692407,
0.0135949465934179,0.0152943149175951,0.0161439990796837,0.0169936832417724),
 .UNSPECIFIED.);
#52=B_SPLINE_CURVE_WITH_KNOTS('',3,(#6114,#6115,#6116,#6117),
 .UNSPECIFIED.,.F.,.F.,(4,4),(0.,1.),.PIECEWISE_BEZIER_KNOTS.);
#53=B_SPLINE_CURVE_WITH_KNOTS('',3,(#6121,#6122,#6123,#6124),
 .UNSPECIFIED.,.F.,.F.,(4,4),(0.,1.),.PIECEWISE_BEZIER_KNOTS.);
#54=B_SPLINE_CURVE_WITH_KNOTS('',3,(#6139,#6140,#6141,#6142),
 .UNSPECIFIED.,.F.,.F.,(4,4),(0.,1.),.PIECEWISE_BEZIER_KNOTS.);
#55=B_SPLINE_CURVE_WITH_KNOTS('',3,(#6146,#6147,#6148,#6149),
 .UNSPECIFIED.,.F.,.F.,(4,4),(0.,1.),.PIECEWISE_BEZIER_KNOTS.);
#56=B_SPLINE_CURVE_WITH_KNOTS('',3,(#6176,#6177,#6178,#6179),
 .UNSPECIFIED.,.F.,.F.,(4,4),(0.,1.),.PIECEWISE_BEZIER_KNOTS.);
#57=B_SPLINE_CURVE_WITH_KNOTS('',3,(#6183,#6184,#6185,#6186),
 .UNSPECIFIED.,.F.,.F.,(4,4),(0.,1.),.PIECEWISE_BEZIER_KNOTS.);
#58=B_SPLINE_CURVE_WITH_KNOTS('',3,(#6201,#6202,#6203,#6204),
 .UNSPECIFIED.,.F.,.F.,(4,4),(0.,1.),.PIECEWISE_BEZIER_KNOTS.);
#59=B_SPLINE_CURVE_WITH_KNOTS('',3,(#6208,#6209,#6210,#6211),
 .UNSPECIFIED.,.F.,.F.,(4,4),(0.,1.),.PIECEWISE_BEZIER_KNOTS.);
#60=B_SPLINE_CURVE_WITH_KNOTS('',3,(#6238,#6239,#6240,#6241),
 .UNSPECIFIED.,.F.,.F.,(4,4),(0.,1.),.PIECEWISE_BEZIER_KNOTS.);
#61=B_SPLINE_CURVE_WITH_KNOTS('',3,(#6245,#6246,#6247,#6248),
 .UNSPECIFIED.,.F.,.F.,(4,4),(0.,1.),.PIECEWISE_BEZIER_KNOTS.);
#62=B_SPLINE_CURVE_WITH_KNOTS('',3,(#6263,#6264,#6265,#6266),
 .UNSPECIFIED.,.F.,.F.,(4,4),(0.,1.),.PIECEWISE_BEZIER_KNOTS.);
#63=B_SPLINE_CURVE_WITH_KNOTS('',3,(#6270,#6271,#6272,#6273),
 .UNSPECIFIED.,.F.,.F.,(4,4),(0.,1.),.PIECEWISE_BEZIER_KNOTS.);
#64=B_SPLINE_CURVE_WITH_KNOTS('',3,(#6300,#6301,#6302,#6303),
 .UNSPECIFIED.,.F.,.F.,(4,4),(0.,1.),.PIECEWISE_BEZIER_KNOTS.);
#65=B_SPLINE_CURVE_WITH_KNOTS('',3,(#6307,#6308,#6309,#6310),
 .UNSPECIFIED.,.F.,.F.,(4,4),(0.,1.),.PIECEWISE_BEZIER_KNOTS.);
#66=B_SPLINE_CURVE_WITH_KNOTS('',3,(#6325,#6326,#6327,#6328),
 .UNSPECIFIED.,.F.,.F.,(4,4),(0.,1.),.PIECEWISE_BEZIER_KNOTS.);
#67=B_SPLINE_CURVE_WITH_KNOTS('',3,(#6332,#6333,#6334,#6335),
 .UNSPECIFIED.,.F.,.F.,(4,4),(0.,1.),.PIECEWISE_BEZIER_KNOTS.);
#68=B_SPLINE_CURVE_WITH_KNOTS('',3,(#6362,#6363,#6364,#6365),
 .UNSPECIFIED.,.F.,.F.,(4,4),(0.,1.),.PIECEWISE_BEZIER_KNOTS.);
#69=B_SPLINE_CURVE_WITH_KNOTS('',3,(#6369,#6370,#6371,#6372),
 .UNSPECIFIED.,.F.,.F.,(4,4),(0.,1.),.PIECEWISE_BEZIER_KNOTS.);
#70=B_SPLINE_CURVE_WITH_KNOTS('',3,(#6387,#6388,#6389,#6390),
 .UNSPECIFIED.,.F.,.F.,(4,4),(0.,1.),.PIECEWISE_BEZIER_KNOTS.);
#71=B_SPLINE_CURVE_WITH_KNOTS('',3,(#6394,#6395,#6396,#6397),
 .UNSPECIFIED.,.F.,.F.,(4,4),(0.,1.),.PIECEWISE_BEZIER_KNOTS.);
#72=B_SPLINE_CURVE_WITH_KNOTS('',3,(#6424,#6425,#6426,#6427),
 .UNSPECIFIED.,.F.,.F.,(4,4),(0.,1.),.PIECEWISE_BEZIER_KNOTS.);
#73=B_SPLINE_CURVE_WITH_KNOTS('',3,(#6431,#6432,#6433,#6434),
 .UNSPECIFIED.,.F.,.F.,(4,4),(0.,1.),.PIECEWISE_BEZIER_KNOTS.);
#74=B_SPLINE_CURVE_WITH_KNOTS('',3,(#6449,#6450,#6451,#6452),
 .UNSPECIFIED.,.F.,.F.,(4,4),(0.,1.),.PIECEWISE_BEZIER_KNOTS.);
#75=B_SPLINE_CURVE_WITH_KNOTS('',3,(#6456,#6457,#6458,#6459),
 .UNSPECIFIED.,.F.,.F.,(4,4),(0.,1.),.PIECEWISE_BEZIER_KNOTS.);
#76=B_SPLINE_CURVE_WITH_KNOTS('',3,(#6486,#6487,#6488,#6489),
 .UNSPECIFIED.,.F.,.F.,(4,4),(0.,1.),.PIECEWISE_BEZIER_KNOTS.);
#77=B_SPLINE_CURVE_WITH_KNOTS('',3,(#6493,#6494,#6495,#6496),
 .UNSPECIFIED.,.F.,.F.,(4,4),(0.,1.),.PIECEWISE_BEZIER_KNOTS.);
#78=B_SPLINE_CURVE_WITH_KNOTS('',3,(#6511,#6512,#6513,#6514),
 .UNSPECIFIED.,.F.,.F.,(4,4),(0.,1.),.PIECEWISE_BEZIER_KNOTS.);
#79=B_SPLINE_CURVE_WITH_KNOTS('',3,(#6518,#6519,#6520,#6521),
 .UNSPECIFIED.,.F.,.F.,(4,4),(0.,1.),.PIECEWISE_BEZIER_KNOTS.);
#80=B_SPLINE_CURVE_WITH_KNOTS('',3,(#6548,#6549,#6550,#6551),
 .UNSPECIFIED.,.F.,.F.,(4,4),(0.,1.),.PIECEWISE_BEZIER_KNOTS.);
#81=B_SPLINE_CURVE_WITH_KNOTS('',3,(#6555,#6556,#6557,#6558),
 .UNSPECIFIED.,.F.,.F.,(4,4),(0.,1.),.PIECEWISE_BEZIER_KNOTS.);
#82=B_SPLINE_CURVE_WITH_KNOTS('',3,(#6573,#6574,#6575,#6576),
 .UNSPECIFIED.,.F.,.F.,(4,4),(0.,1.),.PIECEWISE_BEZIER_KNOTS.);
#83=B_SPLINE_CURVE_WITH_KNOTS('',3,(#6580,#6581,#6582,#6583),
 .UNSPECIFIED.,.F.,.F.,(4,4),(0.,1.),.PIECEWISE_BEZIER_KNOTS.);
#84=B_SPLINE_CURVE_WITH_KNOTS('',3,(#6610,#6611,#6612,#6613),
 .UNSPECIFIED.,.F.,.F.,(4,4),(0.,1.),.PIECEWISE_BEZIER_KNOTS.);
#85=B_SPLINE_CURVE_WITH_KNOTS('',3,(#6617,#6618,#6619,#6620),
 .UNSPECIFIED.,.F.,.F.,(4,4),(0.,1.),.PIECEWISE_BEZIER_KNOTS.);
#86=B_SPLINE_CURVE_WITH_KNOTS('',3,(#6635,#6636,#6637,#6638),
 .UNSPECIFIED.,.F.,.F.,(4,4),(0.,1.),.PIECEWISE_BEZIER_KNOTS.);
#87=B_SPLINE_CURVE_WITH_KNOTS('',3,(#6642,#6643,#6644,#6645),
 .UNSPECIFIED.,.F.,.F.,(4,4),(0.,1.),.PIECEWISE_BEZIER_KNOTS.);
#88=B_SPLINE_CURVE_WITH_KNOTS('',3,(#6672,#6673,#6674,#6675),
 .UNSPECIFIED.,.F.,.F.,(4,4),(0.,1.),.PIECEWISE_BEZIER_KNOTS.);
#89=B_SPLINE_CURVE_WITH_KNOTS('',3,(#6679,#6680,#6681,#6682),
 .UNSPECIFIED.,.F.,.F.,(4,4),(0.,1.),.PIECEWISE_BEZIER_KNOTS.);
#90=B_SPLINE_CURVE_WITH_KNOTS('',3,(#6697,#6698,#6699,#6700),
 .UNSPECIFIED.,.F.,.F.,(4,4),(0.,1.),.PIECEWISE_BEZIER_KNOTS.);
#91=B_SPLINE_CURVE_WITH_KNOTS('',3,(#6704,#6705,#6706,#6707),
 .UNSPECIFIED.,.F.,.F.,(4,4),(0.,1.),.PIECEWISE_BEZIER_KNOTS.);
#92=B_SPLINE_CURVE_WITH_KNOTS('',3,(#6734,#6735,#6736,#6737),
 .UNSPECIFIED.,.F.,.F.,(4,4),(0.,1.),.PIECEWISE_BEZIER_KNOTS.);
#93=B_SPLINE_CURVE_WITH_KNOTS('',3,(#6741,#6742,#6743,#6744),
 .UNSPECIFIED.,.F.,.F.,(4,4),(0.,1.),.PIECEWISE_BEZIER_KNOTS.);
#94=B_SPLINE_CURVE_WITH_KNOTS('',3,(#6759,#6760,#6761,#6762),
 .UNSPECIFIED.,.F.,.F.,(4,4),(0.,1.),.PIECEWISE_BEZIER_KNOTS.);
#95=B_SPLINE_CURVE_WITH_KNOTS('',3,(#6766,#6767,#6768,#6769),
 .UNSPECIFIED.,.F.,.F.,(4,4),(0.,1.),.PIECEWISE_BEZIER_KNOTS.);
#96=B_SPLINE_CURVE_WITH_KNOTS('',3,(#6796,#6797,#6798,#6799),
 .UNSPECIFIED.,.F.,.F.,(4,4),(0.,1.),.PIECEWISE_BEZIER_KNOTS.);
#97=B_SPLINE_CURVE_WITH_KNOTS('',3,(#6803,#6804,#6805,#6806),
 .UNSPECIFIED.,.F.,.F.,(4,4),(0.,1.),.PIECEWISE_BEZIER_KNOTS.);
#98=B_SPLINE_CURVE_WITH_KNOTS('',3,(#6821,#6822,#6823,#6824),
 .UNSPECIFIED.,.F.,.F.,(4,4),(0.,1.),.PIECEWISE_BEZIER_KNOTS.);
#99=B_SPLINE_CURVE_WITH_KNOTS('',3,(#6828,#6829,#6830,#6831),
 .UNSPECIFIED.,.F.,.F.,(4,4),(0.,1.),.PIECEWISE_BEZIER_KNOTS.);
#100=B_SPLINE_CURVE_WITH_KNOTS('',3,(#6858,#6859,#6860,#6861),
 .UNSPECIFIED.,.F.,.F.,(4,4),(0.,1.),.PIECEWISE_BEZIER_KNOTS.);
#101=B_SPLINE_CURVE_WITH_KNOTS('',3,(#6865,#6866,#6867,#6868),
 .UNSPECIFIED.,.F.,.F.,(4,4),(0.,1.),.PIECEWISE_BEZIER_KNOTS.);
#102=B_SPLINE_CURVE_WITH_KNOTS('',3,(#6883,#6884,#6885,#6886),
 .UNSPECIFIED.,.F.,.F.,(4,4),(0.,1.),.PIECEWISE_BEZIER_KNOTS.);
#103=B_SPLINE_CURVE_WITH_KNOTS('',3,(#6890,#6891,#6892,#6893),
 .UNSPECIFIED.,.F.,.F.,(4,4),(0.,1.),.PIECEWISE_BEZIER_KNOTS.);
#104=B_SPLINE_CURVE_WITH_KNOTS('',3,(#6920,#6921,#6922,#6923),
 .UNSPECIFIED.,.F.,.F.,(4,4),(0.,1.),.PIECEWISE_BEZIER_KNOTS.);
#105=B_SPLINE_CURVE_WITH_KNOTS('',3,(#6927,#6928,#6929,#6930),
 .UNSPECIFIED.,.F.,.F.,(4,4),(0.,1.),.PIECEWISE_BEZIER_KNOTS.);
#106=B_SPLINE_CURVE_WITH_KNOTS('',3,(#6945,#6946,#6947,#6948),
 .UNSPECIFIED.,.F.,.F.,(4,4),(0.,1.),.PIECEWISE_BEZIER_KNOTS.);
#107=B_SPLINE_CURVE_WITH_KNOTS('',3,(#6952,#6953,#6954,#6955),
 .UNSPECIFIED.,.F.,.F.,(4,4),(0.,1.),.PIECEWISE_BEZIER_KNOTS.);
#108=B_SPLINE_CURVE_WITH_KNOTS('',3,(#6982,#6983,#6984,#6985),
 .UNSPECIFIED.,.F.,.F.,(4,4),(0.,1.),.PIECEWISE_BEZIER_KNOTS.);
#109=B_SPLINE_CURVE_WITH_KNOTS('',3,(#6989,#6990,#6991,#6992),
 .UNSPECIFIED.,.F.,.F.,(4,4),(0.,1.),.PIECEWISE_BEZIER_KNOTS.);
#110=B_SPLINE_CURVE_WITH_KNOTS('',3,(#7007,#7008,#7009,#7010),
 .UNSPECIFIED.,.F.,.F.,(4,4),(0.,1.),.PIECEWISE_BEZIER_KNOTS.);
#111=B_SPLINE_CURVE_WITH_KNOTS('',3,(#7014,#7015,#7016,#7017),
 .UNSPECIFIED.,.F.,.F.,(4,4),(0.,1.),.PIECEWISE_BEZIER_KNOTS.);
#112=B_SPLINE_CURVE_WITH_KNOTS('',3,(#7044,#7045,#7046,#7047),
 .UNSPECIFIED.,.F.,.F.,(4,4),(0.,1.),.PIECEWISE_BEZIER_KNOTS.);
#113=B_SPLINE_CURVE_WITH_KNOTS('',3,(#7051,#7052,#7053,#7054),
 .UNSPECIFIED.,.F.,.F.,(4,4),(0.,1.),.PIECEWISE_BEZIER_KNOTS.);
#114=B_SPLINE_CURVE_WITH_KNOTS('',3,(#7069,#7070,#7071,#7072),
 .UNSPECIFIED.,.F.,.F.,(4,4),(0.,1.),.PIECEWISE_BEZIER_KNOTS.);
#115=B_SPLINE_CURVE_WITH_KNOTS('',3,(#7076,#7077,#7078,#7079),
 .UNSPECIFIED.,.F.,.F.,(4,4),(0.,1.),.PIECEWISE_BEZIER_KNOTS.);
#116=B_SPLINE_CURVE_WITH_KNOTS('',3,(#7232,#7233,#7234,#7235,#7236,#7237,
#7238,#7239,#7240,#7241,#7242),.UNSPECIFIED.,.T.,.F.,(1,1,1,1,1,1,1,1,1,
1,1,1,1,1,1),(-0.00479826513937459,-0.00319884342624973,-0.00159942171312486,
0.,0.00159942171312486,0.00319884342624973,0.00479826513937459,0.00639768685249946,
0.00799710856562432,0.00959653027874918,0.011195951991874,0.0127953737049989,
0.0143947954181238,0.0159942171312486,0.0175936388443735),.UNSPECIFIED.);
#117=B_SPLINE_CURVE_WITH_KNOTS('',3,(#7244,#7245,#7246,#7247,#7248,#7249,
#7250,#7251,#7252,#7253,#7254),.UNSPECIFIED.,.T.,.F.,(1,1,1,1,1,1,1,1,1,
1,1,1,1,1,1),(-0.00479826513937498,-0.00319884342624998,-0.00159942171312499,
0.,0.00159942171312499,0.00319884342624998,0.00479826513937498,0.00639768685249997,
0.00799710856562496,0.00959653027874995,0.0111959519918749,0.0127953737049999,
0.0143947954181249,0.0159942171312499,0.0175936388443749),.UNSPECIFIED.);
#118=CONICAL_SURFACE('',#4346,0.002025,0.785398163397449);
#119=CONICAL_SURFACE('',#4415,0.002,0.785398163397448);
#120=CONICAL_SURFACE('',#4417,0.004525,1.17809724509618);
#121=CONICAL_SURFACE('',#4623,0.00102500000000001,0.785398163397455);
#122=CONICAL_SURFACE('',#4624,0.00102500000000001,0.785398163397455);
#123=CONICAL_SURFACE('',#4627,0.00102500000000001,0.785398163397455);
#124=CONICAL_SURFACE('',#4628,0.00102500000000001,0.785398163397455);
#125=TOROIDAL_SURFACE('',#4312,0.00505,0.001025);
#126=TOROIDAL_SURFACE('',#4389,0.003,0.00102500000000003);
#127=TOROIDAL_SURFACE('',#4567,0.0100249999999997,0.00202499999999972);
#128=SHAPE_REPRESENTATION_RELATIONSHIP('','',#4264,#148);
#129=SHAPE_REPRESENTATION_RELATIONSHIP('','',#4265,#149);
#130=SHAPE_REPRESENTATION_RELATIONSHIP('','',#4266,#150);
#131=SHAPE_REPRESENTATION_RELATIONSHIP('','',#4267,#151);
#132=SHAPE_REPRESENTATION_RELATIONSHIP('','',#4268,#152);
#133=SHAPE_REPRESENTATION_RELATIONSHIP('','',#4269,#153);
#134=SHAPE_REPRESENTATION_RELATIONSHIP('','',#4270,#154);
#135=SHAPE_REPRESENTATION_RELATIONSHIP('','',#4271,#155);
#136=SHAPE_REPRESENTATION_RELATIONSHIP('','',#4272,#156);
#137=SHAPE_REPRESENTATION_RELATIONSHIP('','',#4273,#157);
#138=SHAPE_REPRESENTATION_RELATIONSHIP('','',#4274,#158);
#139=SHAPE_REPRESENTATION_RELATIONSHIP('','',#4275,#159);
#140=SHAPE_REPRESENTATION_RELATIONSHIP('','',#4276,#160);
#141=SHAPE_REPRESENTATION_RELATIONSHIP('','',#4277,#161);
#142=SHAPE_REPRESENTATION_RELATIONSHIP('','',#4278,#162);
#143=SHAPE_REPRESENTATION_RELATIONSHIP('','',#4279,#163);
#144=SHAPE_REPRESENTATION_RELATIONSHIP('','',#4280,#164);
#145=SHAPE_REPRESENTATION_RELATIONSHIP('','',#4281,#165);
#146=SHAPE_REPRESENTATION_RELATIONSHIP('','',#4282,#166);
#147=SHAPE_REPRESENTATION_RELATIONSHIP('','',#4283,#167);
#148=ADVANCED_BREP_SHAPE_REPRESENTATION('',(#4224),#7426);
#149=ADVANCED_BREP_SHAPE_REPRESENTATION('',(#4225),#7427);
#150=ADVANCED_BREP_SHAPE_REPRESENTATION('',(#4226),#7428);
#151=ADVANCED_BREP_SHAPE_REPRESENTATION('',(#4227),#7429);
#152=ADVANCED_BREP_SHAPE_REPRESENTATION('',(#4228),#7430);
#153=ADVANCED_BREP_SHAPE_REPRESENTATION('',(#4229),#7431);
#154=ADVANCED_BREP_SHAPE_REPRESENTATION('',(#4230),#7432);
#155=ADVANCED_BREP_SHAPE_REPRESENTATION('',(#4231),#7433);
#156=ADVANCED_BREP_SHAPE_REPRESENTATION('',(#4232),#7434);
#157=ADVANCED_BREP_SHAPE_REPRESENTATION('',(#4233),#7435);
#158=ADVANCED_BREP_SHAPE_REPRESENTATION('',(#4234),#7436);
#159=ADVANCED_BREP_SHAPE_REPRESENTATION('',(#4235),#7437);
#160=ADVANCED_BREP_SHAPE_REPRESENTATION('',(#4236),#7438);
#161=ADVANCED_BREP_SHAPE_REPRESENTATION('',(#4237),#7439);
#162=ADVANCED_BREP_SHAPE_REPRESENTATION('',(#4238),#7440);
#163=ADVANCED_BREP_SHAPE_REPRESENTATION('',(#4239),#7441);
#164=ADVANCED_BREP_SHAPE_REPRESENTATION('',(#4240),#7442);
#165=ADVANCED_BREP_SHAPE_REPRESENTATION('',(#4241),#7443);
#166=ADVANCED_BREP_SHAPE_REPRESENTATION('',(#4242),#7444);
#167=ADVANCED_BREP_SHAPE_REPRESENTATION('',(#4243),#7445);
#168=SPHERICAL_SURFACE('',#4297,0.001025);
#169=SPHERICAL_SURFACE('',#4393,0.004025);
#170=CYLINDRICAL_SURFACE('',#4293,0.001025);
#171=CYLINDRICAL_SURFACE('',#4295,0.001025);
#172=CYLINDRICAL_SURFACE('',#4299,0.001025);
#173=CYLINDRICAL_SURFACE('',#4308,0.004025);
#174=CYLINDRICAL_SURFACE('',#4314,0.00202500000000024);
#175=CYLINDRICAL_SURFACE('',#4319,0.004025);
#176=CYLINDRICAL_SURFACE('',#4325,0.00202499999999989);
#177=CYLINDRICAL_SURFACE('',#4330,0.00402499999999965);
#178=CYLINDRICAL_SURFACE('',#4344,0.002025);
#179=CYLINDRICAL_SURFACE('',#4348,0.005025);
#180=CYLINDRICAL_SURFACE('',#4353,0.002025);
#181=CYLINDRICAL_SURFACE('',#4355,0.006025);
#182=CYLINDRICAL_SURFACE('',#4363,0.001025);
#183=CYLINDRICAL_SURFACE('',#4374,0.004025);
#184=CYLINDRICAL_SURFACE('',#4383,0.001025);
#185=CYLINDRICAL_SURFACE('',#4391,0.00402499999999995);
#186=CYLINDRICAL_SURFACE('',#4395,0.004025);
#187=CYLINDRICAL_SURFACE('',#4402,0.004025);
#188=CYLINDRICAL_SURFACE('',#4406,0.01);
#189=CYLINDRICAL_SURFACE('',#4413,0.002);
#190=CYLINDRICAL_SURFACE('',#4419,0.0101249999999999);
#191=CYLINDRICAL_SURFACE('',#4423,0.0135000000000008);
#192=CYLINDRICAL_SURFACE('',#4427,0.010125);
#193=CYLINDRICAL_SURFACE('',#4431,0.0134999999999996);
#194=CYLINDRICAL_SURFACE('',#4435,0.0101250000000008);
#195=CYLINDRICAL_SURFACE('',#4439,0.0135);
#196=CYLINDRICAL_SURFACE('',#4443,0.010125);
#197=CYLINDRICAL_SURFACE('',#4447,0.0134999999999985);
#198=CYLINDRICAL_SURFACE('',#4451,0.010125);
#199=CYLINDRICAL_SURFACE('',#4455,0.0135000000000007);
#200=CYLINDRICAL_SURFACE('',#4459,0.010125);
#201=CYLINDRICAL_SURFACE('',#4463,0.0135000000000006);
#202=CYLINDRICAL_SURFACE('',#4467,0.0101250000000001);
#203=CYLINDRICAL_SURFACE('',#4471,0.013500000000002);
#204=CYLINDRICAL_SURFACE('',#4475,0.010125);
#205=CYLINDRICAL_SURFACE('',#4479,0.0134999999999987);
#206=CYLINDRICAL_SURFACE('',#4483,0.0101250000000002);
#207=CYLINDRICAL_SURFACE('',#4487,0.0135000000000009);
#208=CYLINDRICAL_SURFACE('',#4491,0.010125);
#209=CYLINDRICAL_SURFACE('',#4495,0.0134999999999985);
#210=CYLINDRICAL_SURFACE('',#4499,0.010125);
#211=CYLINDRICAL_SURFACE('',#4503,0.0134999999999951);
#212=CYLINDRICAL_SURFACE('',#4507,0.010125);
#213=CYLINDRICAL_SURFACE('',#4511,0.0135000000000008);
#214=CYLINDRICAL_SURFACE('',#4515,0.0101249999999999);
#215=CYLINDRICAL_SURFACE('',#4519,0.0135000000000009);
#216=CYLINDRICAL_SURFACE('',#4523,0.0101249999999999);
#217=CYLINDRICAL_SURFACE('',#4527,0.0135000000000007);
#218=CYLINDRICAL_SURFACE('',#4531,0.010125);
#219=CYLINDRICAL_SURFACE('',#4535,0.0135000000000014);
#220=CYLINDRICAL_SURFACE('',#4539,0.0101250000000007);
#221=CYLINDRICAL_SURFACE('',#4543,0.0135000000000005);
#222=CYLINDRICAL_SURFACE('',#4551,0.006025);
#223=CYLINDRICAL_SURFACE('',#4555,0.002525);
#224=CYLINDRICAL_SURFACE('',#4565,0.00202499999999994);
#225=CYLINDRICAL_SURFACE('',#4570,0.00202499999999972);
#226=CYLINDRICAL_SURFACE('',#4579,0.005025);
#227=CYLINDRICAL_SURFACE('',#4582,0.005025);
#228=CYLINDRICAL_SURFACE('',#4597,0.005025);
#229=CYLINDRICAL_SURFACE('',#4602,0.002025);
#230=CYLINDRICAL_SURFACE('',#4614,0.001025);
#231=CYLINDRICAL_SURFACE('',#4616,0.001025);
#232=CYLINDRICAL_SURFACE('',#4618,0.001025);
#233=CYLINDRICAL_SURFACE('',#4620,0.001025);
#234=CYLINDRICAL_SURFACE('',#4639,0.002025);
#235=CYLINDRICAL_SURFACE('',#4646,0.005025);
#236=CYLINDRICAL_SURFACE('',#4653,0.004025);
#237=CIRCLE('',#4291,0.001025);
#238=CIRCLE('',#4294,0.001025);
#239=CIRCLE('',#4296,0.001025);
#240=CIRCLE('',#4298,0.001025);
#241=CIRCLE('',#4306,0.00505);
#242=CIRCLE('',#4309,0.004025);
#243=CIRCLE('',#4310,0.004025);
#244=CIRCLE('',#4315,0.00202500000000024);
#245=CIRCLE('',#4316,0.00202500000000024);
#246=CIRCLE('',#4318,0.004025);
#247=CIRCLE('',#4320,0.004025);
#248=CIRCLE('',#4326,0.00202499999999989);
#249=CIRCLE('',#4327,0.00202499999999989);
#250=CIRCLE('',#4329,0.00402499999999965);
#251=CIRCLE('',#4331,0.00402499999999965);
#252=CIRCLE('',#4341,0.004025);
#253=CIRCLE('',#4343,0.002025);
#254=CIRCLE('',#4345,0.002025);
#255=CIRCLE('',#4349,0.005025);
#256=CIRCLE('',#4350,0.005025);
#257=CIRCLE('',#4356,0.006025);
#258=CIRCLE('',#4357,0.006025);
#259=CIRCLE('',#4360,0.001025);
#260=CIRCLE('',#4362,0.001025);
#261=CIRCLE('',#4371,0.004025);
#262=CIRCLE('',#4373,0.004025);
#263=CIRCLE('',#4380,0.001025);
#264=CIRCLE('',#4382,0.001025);
#265=CIRCLE('',#4388,0.003);
#266=CIRCLE('',#4390,0.00402499999999995);
#267=CIRCLE('',#4392,0.00402499999999995);
#268=CIRCLE('',#4396,0.004025);
#269=CIRCLE('',#4397,0.004025);
#270=CIRCLE('',#4403,0.004025);
#271=CIRCLE('',#4407,0.01);
#272=CIRCLE('',#4408,0.01);
#273=CIRCLE('',#4410,0.004525);
#274=CIRCLE('',#4412,0.002);
#275=CIRCLE('',#4414,0.002);
#276=CIRCLE('',#4416,0.00362876893987707);
#277=CIRCLE('',#4420,0.0101249999999999);
#278=CIRCLE('',#4421,0.0101249999999999);
#279=CIRCLE('',#4424,0.0135000000000008);
#280=CIRCLE('',#4425,0.0135000000000008);
#281=CIRCLE('',#4428,0.010125);
#282=CIRCLE('',#4429,0.010125);
#283=CIRCLE('',#4432,0.0134999999999996);
#284=CIRCLE('',#4433,0.0134999999999996);
#285=CIRCLE('',#4436,0.0101250000000008);
#286=CIRCLE('',#4437,0.0101250000000008);
#287=CIRCLE('',#4440,0.0135);
#288=CIRCLE('',#4441,0.0135);
#289=CIRCLE('',#4444,0.010125);
#290=CIRCLE('',#4445,0.010125);
#291=CIRCLE('',#4448,0.0134999999999985);
#292=CIRCLE('',#4449,0.0134999999999985);
#293=CIRCLE('',#4452,0.010125);
#294=CIRCLE('',#4453,0.010125);
#295=CIRCLE('',#4456,0.0135000000000007);
#296=CIRCLE('',#4457,0.0135000000000007);
#297=CIRCLE('',#4460,0.010125);
#298=CIRCLE('',#4461,0.010125);
#299=CIRCLE('',#4464,0.0135000000000006);
#300=CIRCLE('',#4465,0.0135000000000006);
#301=CIRCLE('',#4468,0.0101250000000001);
#302=CIRCLE('',#4469,0.0101250000000001);
#303=CIRCLE('',#4472,0.013500000000002);
#304=CIRCLE('',#4473,0.013500000000002);
#305=CIRCLE('',#4476,0.010125);
#306=CIRCLE('',#4477,0.010125);
#307=CIRCLE('',#4480,0.0134999999999987);
#308=CIRCLE('',#4481,0.0134999999999987);
#309=CIRCLE('',#4484,0.0101250000000002);
#310=CIRCLE('',#4485,0.0101250000000002);
#311=CIRCLE('',#4488,0.0135000000000009);
#312=CIRCLE('',#4489,0.0135000000000009);
#313=CIRCLE('',#4492,0.010125);
#314=CIRCLE('',#4493,0.010125);
#315=CIRCLE('',#4496,0.0134999999999985);
#316=CIRCLE('',#4497,0.0134999999999985);
#317=CIRCLE('',#4500,0.010125);
#318=CIRCLE('',#4501,0.010125);
#319=CIRCLE('',#4504,0.0134999999999951);
#320=CIRCLE('',#4505,0.0134999999999951);
#321=CIRCLE('',#4508,0.010125);
#322=CIRCLE('',#4509,0.010125);
#323=CIRCLE('',#4512,0.0135000000000008);
#324=CIRCLE('',#4513,0.0135000000000008);
#325=CIRCLE('',#4516,0.0101249999999999);
#326=CIRCLE('',#4517,0.0101249999999999);
#327=CIRCLE('',#4520,0.0135000000000009);
#328=CIRCLE('',#4521,0.0135000000000009);
#329=CIRCLE('',#4524,0.0101249999999999);
#330=CIRCLE('',#4525,0.0101249999999999);
#331=CIRCLE('',#4528,0.0135000000000007);
#332=CIRCLE('',#4529,0.0135000000000007);
#333=CIRCLE('',#4532,0.010125);
#334=CIRCLE('',#4533,0.010125);
#335=CIRCLE('',#4536,0.0135000000000014);
#336=CIRCLE('',#4537,0.0135000000000014);
#337=CIRCLE('',#4540,0.0101250000000007);
#338=CIRCLE('',#4541,0.0101250000000007);
#339=CIRCLE('',#4544,0.0135000000000005);
#340=CIRCLE('',#4545,0.0135000000000005);
#341=CIRCLE('',#4548,0.006025);
#342=CIRCLE('',#4550,0.002525);
#343=CIRCLE('',#4552,0.006025);
#344=CIRCLE('',#4554,0.002525);
#345=CIRCLE('',#4559,0.00202499999999994);
#346=CIRCLE('',#4562,0.00202499999999994);
#347=CIRCLE('',#4568,0.00202499999999972);
#348=CIRCLE('',#4569,0.00202499999999972);
#349=CIRCLE('',#4571,0.00202499999999972);
#350=CIRCLE('',#4580,0.005025);
#351=CIRCLE('',#4581,0.005025);
#352=CIRCLE('',#4583,0.005025);
#353=CIRCLE('',#4584,0.005025);
#354=CIRCLE('',#4585,0.005025);
#355=CIRCLE('',#4598,0.005025);
#356=CIRCLE('',#4599,0.005025);
#357=CIRCLE('',#4610,0.001025);
#358=CIRCLE('',#4611,0.001025);
#359=CIRCLE('',#4612,0.001025);
#360=CIRCLE('',#4613,0.001025);
#361=CIRCLE('',#4615,0.001025);
#362=CIRCLE('',#4617,0.001025);
#363=CIRCLE('',#4619,0.001025);
#364=CIRCLE('',#4621,0.001025);
#365=CIRCLE('',#4636,0.002025);
#366=CIRCLE('',#4638,0.002025);
#367=CIRCLE('',#4647,0.005025);
#368=CIRCLE('',#4648,0.005025);
#369=CIRCLE('',#4650,0.004025);
#370=CIRCLE('',#4652,0.004025);
#371=ELLIPSE('',#4288,0.00118356805183873,0.001025);
#372=ELLIPSE('',#4289,0.00118356805183873,0.001025);
#373=ELLIPSE('',#4384,0.00144956890143282,0.001025);
#374=ELLIPSE('',#4398,0.00569220958855171,0.004025);
#375=ELLIPSE('',#4399,0.00569220958855171,0.004025);
#376=ORIENTED_EDGE('',*,*,#1486,.T.);
#377=ORIENTED_EDGE('',*,*,#1487,.T.);
#378=ORIENTED_EDGE('',*,*,#1488,.T.);
#379=ORIENTED_EDGE('',*,*,#1489,.F.);
#380=ORIENTED_EDGE('',*,*,#1490,.T.);
#381=ORIENTED_EDGE('',*,*,#1491,.T.);
#382=ORIENTED_EDGE('',*,*,#1492,.F.);
#383=ORIENTED_EDGE('',*,*,#1493,.F.);
#384=ORIENTED_EDGE('',*,*,#1494,.T.);
#385=ORIENTED_EDGE('',*,*,#1495,.T.);
#386=ORIENTED_EDGE('',*,*,#1486,.F.);
#387=ORIENTED_EDGE('',*,*,#1496,.F.);
#388=ORIENTED_EDGE('',*,*,#1492,.T.);
#389=ORIENTED_EDGE('',*,*,#1497,.T.);
#390=ORIENTED_EDGE('',*,*,#1489,.T.);
#391=ORIENTED_EDGE('',*,*,#1498,.T.);
#392=ORIENTED_EDGE('',*,*,#1493,.T.);
#393=ORIENTED_EDGE('',*,*,#1496,.T.);
#394=ORIENTED_EDGE('',*,*,#1499,.T.);
#395=ORIENTED_EDGE('',*,*,#1500,.T.);
#396=ORIENTED_EDGE('',*,*,#1494,.F.);
#397=ORIENTED_EDGE('',*,*,#1498,.F.);
#398=ORIENTED_EDGE('',*,*,#1488,.F.);
#399=ORIENTED_EDGE('',*,*,#1501,.F.);
#400=ORIENTED_EDGE('',*,*,#1490,.F.);
#401=ORIENTED_EDGE('',*,*,#1497,.F.);
#402=ORIENTED_EDGE('',*,*,#1491,.F.);
#403=ORIENTED_EDGE('',*,*,#1502,.F.);
#404=ORIENTED_EDGE('',*,*,#1499,.F.);
#405=ORIENTED_EDGE('',*,*,#1502,.T.);
#406=ORIENTED_EDGE('',*,*,#1501,.T.);
#407=ORIENTED_EDGE('',*,*,#1503,.F.);
#408=ORIENTED_EDGE('',*,*,#1495,.F.);
#409=ORIENTED_EDGE('',*,*,#1500,.F.);
#410=ORIENTED_EDGE('',*,*,#1503,.T.);
#411=ORIENTED_EDGE('',*,*,#1487,.F.);
#412=ORIENTED_EDGE('',*,*,#1504,.F.);
#413=ORIENTED_EDGE('',*,*,#1505,.F.);
#414=ORIENTED_EDGE('',*,*,#1506,.T.);
#415=ORIENTED_EDGE('',*,*,#1507,.T.);
#416=ORIENTED_EDGE('',*,*,#1508,.T.);
#417=ORIENTED_EDGE('',*,*,#1509,.F.);
#418=ORIENTED_EDGE('',*,*,#1510,.F.);
#419=ORIENTED_EDGE('',*,*,#1505,.T.);
#420=ORIENTED_EDGE('',*,*,#1511,.T.);
#421=ORIENTED_EDGE('',*,*,#1512,.F.);
#422=ORIENTED_EDGE('',*,*,#1513,.F.);
#423=ORIENTED_EDGE('',*,*,#1509,.T.);
#424=ORIENTED_EDGE('',*,*,#1514,.F.);
#425=ORIENTED_EDGE('',*,*,#1507,.F.);
#426=ORIENTED_EDGE('',*,*,#1515,.T.);
#427=ORIENTED_EDGE('',*,*,#1512,.T.);
#428=ORIENTED_EDGE('',*,*,#1516,.T.);
#429=ORIENTED_EDGE('',*,*,#1506,.F.);
#430=ORIENTED_EDGE('',*,*,#1510,.T.);
#431=ORIENTED_EDGE('',*,*,#1513,.T.);
#432=ORIENTED_EDGE('',*,*,#1515,.F.);
#433=ORIENTED_EDGE('',*,*,#1504,.T.);
#434=ORIENTED_EDGE('',*,*,#1514,.T.);
#435=ORIENTED_EDGE('',*,*,#1511,.F.);
#436=ORIENTED_EDGE('',*,*,#1508,.F.);
#437=ORIENTED_EDGE('',*,*,#1517,.T.);
#438=ORIENTED_EDGE('',*,*,#1518,.F.);
#439=ORIENTED_EDGE('',*,*,#1518,.T.);
#440=ORIENTED_EDGE('',*,*,#1516,.F.);
#441=ORIENTED_EDGE('',*,*,#1517,.F.);
#442=ORIENTED_EDGE('',*,*,#1519,.T.);
#443=ORIENTED_EDGE('',*,*,#1520,.F.);
#444=ORIENTED_EDGE('',*,*,#1521,.F.);
#445=ORIENTED_EDGE('',*,*,#1522,.T.);
#446=ORIENTED_EDGE('',*,*,#1523,.T.);
#447=ORIENTED_EDGE('',*,*,#1524,.F.);
#448=ORIENTED_EDGE('',*,*,#1519,.F.);
#449=ORIENTED_EDGE('',*,*,#1525,.T.);
#450=ORIENTED_EDGE('',*,*,#1526,.T.);
#451=ORIENTED_EDGE('',*,*,#1527,.F.);
#452=ORIENTED_EDGE('',*,*,#1523,.F.);
#453=ORIENTED_EDGE('',*,*,#1528,.T.);
#454=ORIENTED_EDGE('',*,*,#1529,.T.);
#455=ORIENTED_EDGE('',*,*,#1521,.T.);
#456=ORIENTED_EDGE('',*,*,#1530,.F.);
#457=ORIENTED_EDGE('',*,*,#1526,.F.);
#458=ORIENTED_EDGE('',*,*,#1522,.F.);
#459=ORIENTED_EDGE('',*,*,#1529,.F.);
#460=ORIENTED_EDGE('',*,*,#1528,.F.);
#461=ORIENTED_EDGE('',*,*,#1525,.F.);
#462=ORIENTED_EDGE('',*,*,#1520,.T.);
#463=ORIENTED_EDGE('',*,*,#1524,.T.);
#464=ORIENTED_EDGE('',*,*,#1527,.T.);
#465=ORIENTED_EDGE('',*,*,#1530,.T.);
#466=ORIENTED_EDGE('',*,*,#1531,.T.);
#467=ORIENTED_EDGE('',*,*,#1532,.F.);
#468=ORIENTED_EDGE('',*,*,#1533,.F.);
#469=ORIENTED_EDGE('',*,*,#1534,.T.);
#470=ORIENTED_EDGE('',*,*,#1535,.T.);
#471=ORIENTED_EDGE('',*,*,#1536,.F.);
#472=ORIENTED_EDGE('',*,*,#1531,.F.);
#473=ORIENTED_EDGE('',*,*,#1537,.T.);
#474=ORIENTED_EDGE('',*,*,#1538,.T.);
#475=ORIENTED_EDGE('',*,*,#1539,.F.);
#476=ORIENTED_EDGE('',*,*,#1535,.F.);
#477=ORIENTED_EDGE('',*,*,#1540,.T.);
#478=ORIENTED_EDGE('',*,*,#1541,.T.);
#479=ORIENTED_EDGE('',*,*,#1533,.T.);
#480=ORIENTED_EDGE('',*,*,#1542,.F.);
#481=ORIENTED_EDGE('',*,*,#1538,.F.);
#482=ORIENTED_EDGE('',*,*,#1534,.F.);
#483=ORIENTED_EDGE('',*,*,#1541,.F.);
#484=ORIENTED_EDGE('',*,*,#1540,.F.);
#485=ORIENTED_EDGE('',*,*,#1537,.F.);
#486=ORIENTED_EDGE('',*,*,#1532,.T.);
#487=ORIENTED_EDGE('',*,*,#1536,.T.);
#488=ORIENTED_EDGE('',*,*,#1539,.T.);
#489=ORIENTED_EDGE('',*,*,#1542,.T.);
#490=ORIENTED_EDGE('',*,*,#1543,.F.);
#491=ORIENTED_EDGE('',*,*,#1544,.F.);
#492=ORIENTED_EDGE('',*,*,#1545,.T.);
#493=ORIENTED_EDGE('',*,*,#1546,.T.);
#494=ORIENTED_EDGE('',*,*,#1547,.T.);
#495=ORIENTED_EDGE('',*,*,#1548,.F.);
#496=ORIENTED_EDGE('',*,*,#1549,.F.);
#497=ORIENTED_EDGE('',*,*,#1544,.T.);
#498=ORIENTED_EDGE('',*,*,#1550,.T.);
#499=ORIENTED_EDGE('',*,*,#1551,.F.);
#500=ORIENTED_EDGE('',*,*,#1552,.F.);
#501=ORIENTED_EDGE('',*,*,#1548,.T.);
#502=ORIENTED_EDGE('',*,*,#1553,.F.);
#503=ORIENTED_EDGE('',*,*,#1546,.F.);
#504=ORIENTED_EDGE('',*,*,#1554,.T.);
#505=ORIENTED_EDGE('',*,*,#1551,.T.);
#506=ORIENTED_EDGE('',*,*,#1555,.T.);
#507=ORIENTED_EDGE('',*,*,#1545,.F.);
#508=ORIENTED_EDGE('',*,*,#1549,.T.);
#509=ORIENTED_EDGE('',*,*,#1552,.T.);
#510=ORIENTED_EDGE('',*,*,#1554,.F.);
#511=ORIENTED_EDGE('',*,*,#1556,.T.);
#512=ORIENTED_EDGE('',*,*,#1543,.T.);
#513=ORIENTED_EDGE('',*,*,#1553,.T.);
#514=ORIENTED_EDGE('',*,*,#1550,.F.);
#515=ORIENTED_EDGE('',*,*,#1547,.F.);
#516=ORIENTED_EDGE('',*,*,#1557,.F.);
#517=ORIENTED_EDGE('',*,*,#1556,.F.);
#518=ORIENTED_EDGE('',*,*,#1555,.F.);
#519=ORIENTED_EDGE('',*,*,#1557,.T.);
#520=ORIENTED_EDGE('',*,*,#1558,.F.);
#521=ORIENTED_EDGE('',*,*,#1559,.T.);
#522=ORIENTED_EDGE('',*,*,#1560,.F.);
#523=ORIENTED_EDGE('',*,*,#1561,.F.);
#524=ORIENTED_EDGE('',*,*,#1558,.T.);
#525=ORIENTED_EDGE('',*,*,#1559,.F.);
#526=ORIENTED_EDGE('',*,*,#1560,.T.);
#527=ORIENTED_EDGE('',*,*,#1561,.T.);
#528=ORIENTED_EDGE('',*,*,#1562,.T.);
#529=ORIENTED_EDGE('',*,*,#1563,.T.);
#530=ORIENTED_EDGE('',*,*,#1564,.F.);
#531=ORIENTED_EDGE('',*,*,#1565,.T.);
#532=ORIENTED_EDGE('',*,*,#1566,.F.);
#533=ORIENTED_EDGE('',*,*,#1567,.T.);
#534=ORIENTED_EDGE('',*,*,#1568,.T.);
#535=ORIENTED_EDGE('',*,*,#1565,.F.);
#536=ORIENTED_EDGE('',*,*,#1564,.T.);
#537=ORIENTED_EDGE('',*,*,#1569,.T.);
#538=ORIENTED_EDGE('',*,*,#1566,.T.);
#539=ORIENTED_EDGE('',*,*,#1568,.F.);
#540=ORIENTED_EDGE('',*,*,#1570,.T.);
#541=ORIENTED_EDGE('',*,*,#1562,.F.);
#542=ORIENTED_EDGE('',*,*,#1569,.F.);
#543=ORIENTED_EDGE('',*,*,#1563,.F.);
#544=ORIENTED_EDGE('',*,*,#1570,.F.);
#545=ORIENTED_EDGE('',*,*,#1567,.F.);
#546=ORIENTED_EDGE('',*,*,#1571,.F.);
#547=ORIENTED_EDGE('',*,*,#1572,.T.);
#548=ORIENTED_EDGE('',*,*,#1573,.F.);
#549=ORIENTED_EDGE('',*,*,#1574,.F.);
#550=ORIENTED_EDGE('',*,*,#1575,.F.);
#551=ORIENTED_EDGE('',*,*,#1576,.F.);
#552=ORIENTED_EDGE('',*,*,#1577,.T.);
#553=ORIENTED_EDGE('',*,*,#1578,.T.);
#554=ORIENTED_EDGE('',*,*,#1579,.F.);
#555=ORIENTED_EDGE('',*,*,#1577,.F.);
#556=ORIENTED_EDGE('',*,*,#1580,.T.);
#557=ORIENTED_EDGE('',*,*,#1581,.T.);
#558=ORIENTED_EDGE('',*,*,#1582,.T.);
#559=ORIENTED_EDGE('',*,*,#1583,.F.);
#560=ORIENTED_EDGE('',*,*,#1584,.F.);
#561=ORIENTED_EDGE('',*,*,#1573,.T.);
#562=ORIENTED_EDGE('',*,*,#1585,.F.);
#563=ORIENTED_EDGE('',*,*,#1581,.F.);
#564=ORIENTED_EDGE('',*,*,#1586,.T.);
#565=ORIENTED_EDGE('',*,*,#1583,.T.);
#566=ORIENTED_EDGE('',*,*,#1576,.T.);
#567=ORIENTED_EDGE('',*,*,#1587,.T.);
#568=ORIENTED_EDGE('',*,*,#1574,.T.);
#569=ORIENTED_EDGE('',*,*,#1584,.T.);
#570=ORIENTED_EDGE('',*,*,#1586,.F.);
#571=ORIENTED_EDGE('',*,*,#1580,.F.);
#572=ORIENTED_EDGE('',*,*,#1588,.F.);
#573=ORIENTED_EDGE('',*,*,#1578,.F.);
#574=ORIENTED_EDGE('',*,*,#1579,.T.);
#575=ORIENTED_EDGE('',*,*,#1585,.T.);
#576=ORIENTED_EDGE('',*,*,#1582,.F.);
#577=ORIENTED_EDGE('',*,*,#1572,.F.);
#578=ORIENTED_EDGE('',*,*,#1575,.T.);
#579=ORIENTED_EDGE('',*,*,#1588,.T.);
#580=ORIENTED_EDGE('',*,*,#1571,.T.);
#581=ORIENTED_EDGE('',*,*,#1587,.F.);
#582=ORIENTED_EDGE('',*,*,#1589,.T.);
#583=ORIENTED_EDGE('',*,*,#1590,.T.);
#584=ORIENTED_EDGE('',*,*,#1591,.F.);
#585=ORIENTED_EDGE('',*,*,#1592,.T.);
#586=ORIENTED_EDGE('',*,*,#1593,.F.);
#587=ORIENTED_EDGE('',*,*,#1594,.T.);
#588=ORIENTED_EDGE('',*,*,#1595,.T.);
#589=ORIENTED_EDGE('',*,*,#1596,.T.);
#590=ORIENTED_EDGE('',*,*,#1597,.F.);
#591=ORIENTED_EDGE('',*,*,#1598,.T.);
#592=ORIENTED_EDGE('',*,*,#1593,.T.);
#593=ORIENTED_EDGE('',*,*,#1599,.T.);
#594=ORIENTED_EDGE('',*,*,#1592,.F.);
#595=ORIENTED_EDGE('',*,*,#1600,.T.);
#596=ORIENTED_EDGE('',*,*,#1601,.T.);
#597=ORIENTED_EDGE('',*,*,#1597,.T.);
#598=ORIENTED_EDGE('',*,*,#1591,.T.);
#599=ORIENTED_EDGE('',*,*,#1596,.F.);
#600=ORIENTED_EDGE('',*,*,#1602,.T.);
#601=ORIENTED_EDGE('',*,*,#1589,.F.);
#602=ORIENTED_EDGE('',*,*,#1599,.F.);
#603=ORIENTED_EDGE('',*,*,#1595,.F.);
#604=ORIENTED_EDGE('',*,*,#1603,.T.);
#605=ORIENTED_EDGE('',*,*,#1600,.F.);
#606=ORIENTED_EDGE('',*,*,#1590,.F.);
#607=ORIENTED_EDGE('',*,*,#1602,.F.);
#608=ORIENTED_EDGE('',*,*,#1603,.F.);
#609=ORIENTED_EDGE('',*,*,#1594,.F.);
#610=ORIENTED_EDGE('',*,*,#1598,.F.);
#611=ORIENTED_EDGE('',*,*,#1601,.F.);
#612=ORIENTED_EDGE('',*,*,#1604,.T.);
#613=ORIENTED_EDGE('',*,*,#1605,.T.);
#614=ORIENTED_EDGE('',*,*,#1604,.F.);
#615=ORIENTED_EDGE('',*,*,#1606,.T.);
#616=ORIENTED_EDGE('',*,*,#1605,.F.);
#617=ORIENTED_EDGE('',*,*,#1606,.F.);
#618=ORIENTED_EDGE('',*,*,#1607,.T.);
#619=ORIENTED_EDGE('',*,*,#1608,.F.);
#620=ORIENTED_EDGE('',*,*,#1609,.F.);
#621=ORIENTED_EDGE('',*,*,#1610,.F.);
#622=ORIENTED_EDGE('',*,*,#1608,.T.);
#623=ORIENTED_EDGE('',*,*,#1607,.F.);
#624=ORIENTED_EDGE('',*,*,#1611,.F.);
#625=ORIENTED_EDGE('',*,*,#1610,.T.);
#626=ORIENTED_EDGE('',*,*,#1609,.T.);
#627=ORIENTED_EDGE('',*,*,#1611,.T.);
#628=ORIENTED_EDGE('',*,*,#1612,.F.);
#629=ORIENTED_EDGE('',*,*,#1613,.T.);
#630=ORIENTED_EDGE('',*,*,#1614,.T.);
#631=ORIENTED_EDGE('',*,*,#1612,.T.);
#632=ORIENTED_EDGE('',*,*,#1615,.T.);
#633=ORIENTED_EDGE('',*,*,#1613,.F.);
#634=ORIENTED_EDGE('',*,*,#1616,.F.);
#635=ORIENTED_EDGE('',*,*,#1615,.F.);
#636=ORIENTED_EDGE('',*,*,#1617,.T.);
#637=ORIENTED_EDGE('',*,*,#1616,.T.);
#638=ORIENTED_EDGE('',*,*,#1617,.F.);
#639=ORIENTED_EDGE('',*,*,#1614,.F.);
#640=ORIENTED_EDGE('',*,*,#1618,.T.);
#641=ORIENTED_EDGE('',*,*,#1619,.F.);
#642=ORIENTED_EDGE('',*,*,#1620,.F.);
#643=ORIENTED_EDGE('',*,*,#1621,.T.);
#644=ORIENTED_EDGE('',*,*,#1622,.T.);
#645=ORIENTED_EDGE('',*,*,#1623,.F.);
#646=ORIENTED_EDGE('',*,*,#1624,.F.);
#647=ORIENTED_EDGE('',*,*,#1619,.T.);
#648=ORIENTED_EDGE('',*,*,#1625,.T.);
#649=ORIENTED_EDGE('',*,*,#1626,.F.);
#650=ORIENTED_EDGE('',*,*,#1627,.F.);
#651=ORIENTED_EDGE('',*,*,#1623,.T.);
#652=ORIENTED_EDGE('',*,*,#1628,.T.);
#653=ORIENTED_EDGE('',*,*,#1629,.F.);
#654=ORIENTED_EDGE('',*,*,#1630,.F.);
#655=ORIENTED_EDGE('',*,*,#1626,.T.);
#656=ORIENTED_EDGE('',*,*,#1631,.F.);
#657=ORIENTED_EDGE('',*,*,#1632,.F.);
#658=ORIENTED_EDGE('',*,*,#1633,.T.);
#659=ORIENTED_EDGE('',*,*,#1629,.T.);
#660=ORIENTED_EDGE('',*,*,#1634,.T.);
#661=ORIENTED_EDGE('',*,*,#1635,.F.);
#662=ORIENTED_EDGE('',*,*,#1636,.F.);
#663=ORIENTED_EDGE('',*,*,#1632,.T.);
#664=ORIENTED_EDGE('',*,*,#1637,.T.);
#665=ORIENTED_EDGE('',*,*,#1638,.F.);
#666=ORIENTED_EDGE('',*,*,#1639,.F.);
#667=ORIENTED_EDGE('',*,*,#1635,.T.);
#668=ORIENTED_EDGE('',*,*,#1640,.T.);
#669=ORIENTED_EDGE('',*,*,#1641,.F.);
#670=ORIENTED_EDGE('',*,*,#1642,.F.);
#671=ORIENTED_EDGE('',*,*,#1638,.T.);
#672=ORIENTED_EDGE('',*,*,#1643,.T.);
#673=ORIENTED_EDGE('',*,*,#1644,.F.);
#674=ORIENTED_EDGE('',*,*,#1645,.F.);
#675=ORIENTED_EDGE('',*,*,#1641,.T.);
#676=ORIENTED_EDGE('',*,*,#1646,.T.);
#677=ORIENTED_EDGE('',*,*,#1647,.F.);
#678=ORIENTED_EDGE('',*,*,#1648,.F.);
#679=ORIENTED_EDGE('',*,*,#1644,.T.);
#680=ORIENTED_EDGE('',*,*,#1649,.F.);
#681=ORIENTED_EDGE('',*,*,#1650,.F.);
#682=ORIENTED_EDGE('',*,*,#1651,.T.);
#683=ORIENTED_EDGE('',*,*,#1647,.T.);
#684=ORIENTED_EDGE('',*,*,#1652,.T.);
#685=ORIENTED_EDGE('',*,*,#1653,.F.);
#686=ORIENTED_EDGE('',*,*,#1654,.F.);
#687=ORIENTED_EDGE('',*,*,#1650,.T.);
#688=ORIENTED_EDGE('',*,*,#1655,.T.);
#689=ORIENTED_EDGE('',*,*,#1656,.F.);
#690=ORIENTED_EDGE('',*,*,#1657,.F.);
#691=ORIENTED_EDGE('',*,*,#1653,.T.);
#692=ORIENTED_EDGE('',*,*,#1658,.T.);
#693=ORIENTED_EDGE('',*,*,#1659,.F.);
#694=ORIENTED_EDGE('',*,*,#1660,.F.);
#695=ORIENTED_EDGE('',*,*,#1656,.T.);
#696=ORIENTED_EDGE('',*,*,#1661,.T.);
#697=ORIENTED_EDGE('',*,*,#1662,.F.);
#698=ORIENTED_EDGE('',*,*,#1663,.F.);
#699=ORIENTED_EDGE('',*,*,#1659,.T.);
#700=ORIENTED_EDGE('',*,*,#1664,.T.);
#701=ORIENTED_EDGE('',*,*,#1665,.F.);
#702=ORIENTED_EDGE('',*,*,#1666,.F.);
#703=ORIENTED_EDGE('',*,*,#1662,.T.);
#704=ORIENTED_EDGE('',*,*,#1667,.F.);
#705=ORIENTED_EDGE('',*,*,#1668,.F.);
#706=ORIENTED_EDGE('',*,*,#1669,.T.);
#707=ORIENTED_EDGE('',*,*,#1665,.T.);
#708=ORIENTED_EDGE('',*,*,#1670,.T.);
#709=ORIENTED_EDGE('',*,*,#1671,.F.);
#710=ORIENTED_EDGE('',*,*,#1672,.F.);
#711=ORIENTED_EDGE('',*,*,#1668,.T.);
#712=ORIENTED_EDGE('',*,*,#1673,.T.);
#713=ORIENTED_EDGE('',*,*,#1674,.F.);
#714=ORIENTED_EDGE('',*,*,#1675,.F.);
#715=ORIENTED_EDGE('',*,*,#1671,.T.);
#716=ORIENTED_EDGE('',*,*,#1676,.T.);
#717=ORIENTED_EDGE('',*,*,#1677,.F.);
#718=ORIENTED_EDGE('',*,*,#1678,.F.);
#719=ORIENTED_EDGE('',*,*,#1674,.T.);
#720=ORIENTED_EDGE('',*,*,#1679,.T.);
#721=ORIENTED_EDGE('',*,*,#1680,.F.);
#722=ORIENTED_EDGE('',*,*,#1681,.F.);
#723=ORIENTED_EDGE('',*,*,#1677,.T.);
#724=ORIENTED_EDGE('',*,*,#1682,.T.);
#725=ORIENTED_EDGE('',*,*,#1683,.F.);
#726=ORIENTED_EDGE('',*,*,#1684,.F.);
#727=ORIENTED_EDGE('',*,*,#1680,.T.);
#728=ORIENTED_EDGE('',*,*,#1685,.F.);
#729=ORIENTED_EDGE('',*,*,#1686,.F.);
#730=ORIENTED_EDGE('',*,*,#1687,.T.);
#731=ORIENTED_EDGE('',*,*,#1683,.T.);
#732=ORIENTED_EDGE('',*,*,#1688,.T.);
#733=ORIENTED_EDGE('',*,*,#1689,.F.);
#734=ORIENTED_EDGE('',*,*,#1690,.F.);
#735=ORIENTED_EDGE('',*,*,#1686,.T.);
#736=ORIENTED_EDGE('',*,*,#1691,.T.);
#737=ORIENTED_EDGE('',*,*,#1692,.F.);
#738=ORIENTED_EDGE('',*,*,#1693,.F.);
#739=ORIENTED_EDGE('',*,*,#1689,.T.);
#740=ORIENTED_EDGE('',*,*,#1694,.T.);
#741=ORIENTED_EDGE('',*,*,#1695,.F.);
#742=ORIENTED_EDGE('',*,*,#1696,.F.);
#743=ORIENTED_EDGE('',*,*,#1692,.T.);
#744=ORIENTED_EDGE('',*,*,#1697,.T.);
#745=ORIENTED_EDGE('',*,*,#1698,.F.);
#746=ORIENTED_EDGE('',*,*,#1699,.F.);
#747=ORIENTED_EDGE('',*,*,#1695,.T.);
#748=ORIENTED_EDGE('',*,*,#1700,.T.);
#749=ORIENTED_EDGE('',*,*,#1701,.F.);
#750=ORIENTED_EDGE('',*,*,#1702,.F.);
#751=ORIENTED_EDGE('',*,*,#1698,.T.);
#752=ORIENTED_EDGE('',*,*,#1703,.F.);
#753=ORIENTED_EDGE('',*,*,#1704,.F.);
#754=ORIENTED_EDGE('',*,*,#1705,.T.);
#755=ORIENTED_EDGE('',*,*,#1701,.T.);
#756=ORIENTED_EDGE('',*,*,#1706,.T.);
#757=ORIENTED_EDGE('',*,*,#1707,.F.);
#758=ORIENTED_EDGE('',*,*,#1708,.F.);
#759=ORIENTED_EDGE('',*,*,#1704,.T.);
#760=ORIENTED_EDGE('',*,*,#1709,.T.);
#761=ORIENTED_EDGE('',*,*,#1710,.F.);
#762=ORIENTED_EDGE('',*,*,#1711,.F.);
#763=ORIENTED_EDGE('',*,*,#1707,.T.);
#764=ORIENTED_EDGE('',*,*,#1712,.T.);
#765=ORIENTED_EDGE('',*,*,#1713,.F.);
#766=ORIENTED_EDGE('',*,*,#1714,.F.);
#767=ORIENTED_EDGE('',*,*,#1710,.T.);
#768=ORIENTED_EDGE('',*,*,#1715,.T.);
#769=ORIENTED_EDGE('',*,*,#1716,.F.);
#770=ORIENTED_EDGE('',*,*,#1717,.F.);
#771=ORIENTED_EDGE('',*,*,#1713,.T.);
#772=ORIENTED_EDGE('',*,*,#1718,.T.);
#773=ORIENTED_EDGE('',*,*,#1719,.F.);
#774=ORIENTED_EDGE('',*,*,#1720,.F.);
#775=ORIENTED_EDGE('',*,*,#1716,.T.);
#776=ORIENTED_EDGE('',*,*,#1721,.F.);
#777=ORIENTED_EDGE('',*,*,#1722,.F.);
#778=ORIENTED_EDGE('',*,*,#1723,.T.);
#779=ORIENTED_EDGE('',*,*,#1719,.T.);
#780=ORIENTED_EDGE('',*,*,#1724,.T.);
#781=ORIENTED_EDGE('',*,*,#1725,.F.);
#782=ORIENTED_EDGE('',*,*,#1726,.F.);
#783=ORIENTED_EDGE('',*,*,#1722,.T.);
#784=ORIENTED_EDGE('',*,*,#1727,.T.);
#785=ORIENTED_EDGE('',*,*,#1728,.F.);
#786=ORIENTED_EDGE('',*,*,#1729,.F.);
#787=ORIENTED_EDGE('',*,*,#1725,.T.);
#788=ORIENTED_EDGE('',*,*,#1730,.T.);
#789=ORIENTED_EDGE('',*,*,#1731,.F.);
#790=ORIENTED_EDGE('',*,*,#1732,.F.);
#791=ORIENTED_EDGE('',*,*,#1728,.T.);
#792=ORIENTED_EDGE('',*,*,#1733,.T.);
#793=ORIENTED_EDGE('',*,*,#1734,.F.);
#794=ORIENTED_EDGE('',*,*,#1735,.F.);
#795=ORIENTED_EDGE('',*,*,#1731,.T.);
#796=ORIENTED_EDGE('',*,*,#1736,.T.);
#797=ORIENTED_EDGE('',*,*,#1737,.F.);
#798=ORIENTED_EDGE('',*,*,#1738,.F.);
#799=ORIENTED_EDGE('',*,*,#1734,.T.);
#800=ORIENTED_EDGE('',*,*,#1739,.F.);
#801=ORIENTED_EDGE('',*,*,#1740,.F.);
#802=ORIENTED_EDGE('',*,*,#1741,.T.);
#803=ORIENTED_EDGE('',*,*,#1737,.T.);
#804=ORIENTED_EDGE('',*,*,#1742,.T.);
#805=ORIENTED_EDGE('',*,*,#1743,.F.);
#806=ORIENTED_EDGE('',*,*,#1744,.F.);
#807=ORIENTED_EDGE('',*,*,#1740,.T.);
#808=ORIENTED_EDGE('',*,*,#1745,.T.);
#809=ORIENTED_EDGE('',*,*,#1746,.F.);
#810=ORIENTED_EDGE('',*,*,#1747,.F.);
#811=ORIENTED_EDGE('',*,*,#1743,.T.);
#812=ORIENTED_EDGE('',*,*,#1748,.T.);
#813=ORIENTED_EDGE('',*,*,#1749,.F.);
#814=ORIENTED_EDGE('',*,*,#1750,.F.);
#815=ORIENTED_EDGE('',*,*,#1746,.T.);
#816=ORIENTED_EDGE('',*,*,#1751,.T.);
#817=ORIENTED_EDGE('',*,*,#1752,.F.);
#818=ORIENTED_EDGE('',*,*,#1753,.F.);
#819=ORIENTED_EDGE('',*,*,#1749,.T.);
#820=ORIENTED_EDGE('',*,*,#1754,.T.);
#821=ORIENTED_EDGE('',*,*,#1755,.F.);
#822=ORIENTED_EDGE('',*,*,#1756,.F.);
#823=ORIENTED_EDGE('',*,*,#1752,.T.);
#824=ORIENTED_EDGE('',*,*,#1757,.F.);
#825=ORIENTED_EDGE('',*,*,#1758,.F.);
#826=ORIENTED_EDGE('',*,*,#1759,.T.);
#827=ORIENTED_EDGE('',*,*,#1755,.T.);
#828=ORIENTED_EDGE('',*,*,#1760,.T.);
#829=ORIENTED_EDGE('',*,*,#1761,.F.);
#830=ORIENTED_EDGE('',*,*,#1762,.F.);
#831=ORIENTED_EDGE('',*,*,#1758,.T.);
#832=ORIENTED_EDGE('',*,*,#1763,.T.);
#833=ORIENTED_EDGE('',*,*,#1764,.F.);
#834=ORIENTED_EDGE('',*,*,#1765,.F.);
#835=ORIENTED_EDGE('',*,*,#1761,.T.);
#836=ORIENTED_EDGE('',*,*,#1766,.T.);
#837=ORIENTED_EDGE('',*,*,#1767,.F.);
#838=ORIENTED_EDGE('',*,*,#1768,.F.);
#839=ORIENTED_EDGE('',*,*,#1764,.T.);
#840=ORIENTED_EDGE('',*,*,#1769,.T.);
#841=ORIENTED_EDGE('',*,*,#1770,.F.);
#842=ORIENTED_EDGE('',*,*,#1771,.F.);
#843=ORIENTED_EDGE('',*,*,#1767,.T.);
#844=ORIENTED_EDGE('',*,*,#1772,.T.);
#845=ORIENTED_EDGE('',*,*,#1773,.F.);
#846=ORIENTED_EDGE('',*,*,#1774,.F.);
#847=ORIENTED_EDGE('',*,*,#1770,.T.);
#848=ORIENTED_EDGE('',*,*,#1775,.F.);
#849=ORIENTED_EDGE('',*,*,#1776,.F.);
#850=ORIENTED_EDGE('',*,*,#1777,.T.);
#851=ORIENTED_EDGE('',*,*,#1773,.T.);
#852=ORIENTED_EDGE('',*,*,#1778,.T.);
#853=ORIENTED_EDGE('',*,*,#1779,.F.);
#854=ORIENTED_EDGE('',*,*,#1780,.F.);
#855=ORIENTED_EDGE('',*,*,#1776,.T.);
#856=ORIENTED_EDGE('',*,*,#1781,.T.);
#857=ORIENTED_EDGE('',*,*,#1782,.F.);
#858=ORIENTED_EDGE('',*,*,#1783,.F.);
#859=ORIENTED_EDGE('',*,*,#1779,.T.);
#860=ORIENTED_EDGE('',*,*,#1784,.T.);
#861=ORIENTED_EDGE('',*,*,#1785,.F.);
#862=ORIENTED_EDGE('',*,*,#1786,.F.);
#863=ORIENTED_EDGE('',*,*,#1782,.T.);
#864=ORIENTED_EDGE('',*,*,#1787,.T.);
#865=ORIENTED_EDGE('',*,*,#1788,.F.);
#866=ORIENTED_EDGE('',*,*,#1789,.F.);
#867=ORIENTED_EDGE('',*,*,#1785,.T.);
#868=ORIENTED_EDGE('',*,*,#1790,.T.);
#869=ORIENTED_EDGE('',*,*,#1791,.F.);
#870=ORIENTED_EDGE('',*,*,#1792,.F.);
#871=ORIENTED_EDGE('',*,*,#1788,.T.);
#872=ORIENTED_EDGE('',*,*,#1793,.F.);
#873=ORIENTED_EDGE('',*,*,#1794,.F.);
#874=ORIENTED_EDGE('',*,*,#1795,.T.);
#875=ORIENTED_EDGE('',*,*,#1791,.T.);
#876=ORIENTED_EDGE('',*,*,#1796,.T.);
#877=ORIENTED_EDGE('',*,*,#1797,.F.);
#878=ORIENTED_EDGE('',*,*,#1798,.F.);
#879=ORIENTED_EDGE('',*,*,#1794,.T.);
#880=ORIENTED_EDGE('',*,*,#1799,.T.);
#881=ORIENTED_EDGE('',*,*,#1800,.F.);
#882=ORIENTED_EDGE('',*,*,#1801,.F.);
#883=ORIENTED_EDGE('',*,*,#1797,.T.);
#884=ORIENTED_EDGE('',*,*,#1802,.T.);
#885=ORIENTED_EDGE('',*,*,#1803,.F.);
#886=ORIENTED_EDGE('',*,*,#1804,.F.);
#887=ORIENTED_EDGE('',*,*,#1800,.T.);
#888=ORIENTED_EDGE('',*,*,#1805,.T.);
#889=ORIENTED_EDGE('',*,*,#1806,.F.);
#890=ORIENTED_EDGE('',*,*,#1807,.F.);
#891=ORIENTED_EDGE('',*,*,#1803,.T.);
#892=ORIENTED_EDGE('',*,*,#1808,.T.);
#893=ORIENTED_EDGE('',*,*,#1809,.F.);
#894=ORIENTED_EDGE('',*,*,#1810,.F.);
#895=ORIENTED_EDGE('',*,*,#1806,.T.);
#896=ORIENTED_EDGE('',*,*,#1811,.F.);
#897=ORIENTED_EDGE('',*,*,#1812,.F.);
#898=ORIENTED_EDGE('',*,*,#1813,.T.);
#899=ORIENTED_EDGE('',*,*,#1809,.T.);
#900=ORIENTED_EDGE('',*,*,#1814,.T.);
#901=ORIENTED_EDGE('',*,*,#1815,.F.);
#902=ORIENTED_EDGE('',*,*,#1816,.F.);
#903=ORIENTED_EDGE('',*,*,#1812,.T.);
#904=ORIENTED_EDGE('',*,*,#1817,.T.);
#905=ORIENTED_EDGE('',*,*,#1818,.F.);
#906=ORIENTED_EDGE('',*,*,#1819,.F.);
#907=ORIENTED_EDGE('',*,*,#1815,.T.);
#908=ORIENTED_EDGE('',*,*,#1820,.T.);
#909=ORIENTED_EDGE('',*,*,#1821,.F.);
#910=ORIENTED_EDGE('',*,*,#1822,.F.);
#911=ORIENTED_EDGE('',*,*,#1818,.T.);
#912=ORIENTED_EDGE('',*,*,#1823,.T.);
#913=ORIENTED_EDGE('',*,*,#1824,.F.);
#914=ORIENTED_EDGE('',*,*,#1825,.F.);
#915=ORIENTED_EDGE('',*,*,#1821,.T.);
#916=ORIENTED_EDGE('',*,*,#1826,.T.);
#917=ORIENTED_EDGE('',*,*,#1827,.F.);
#918=ORIENTED_EDGE('',*,*,#1828,.F.);
#919=ORIENTED_EDGE('',*,*,#1824,.T.);
#920=ORIENTED_EDGE('',*,*,#1829,.F.);
#921=ORIENTED_EDGE('',*,*,#1830,.F.);
#922=ORIENTED_EDGE('',*,*,#1831,.T.);
#923=ORIENTED_EDGE('',*,*,#1827,.T.);
#924=ORIENTED_EDGE('',*,*,#1832,.T.);
#925=ORIENTED_EDGE('',*,*,#1833,.F.);
#926=ORIENTED_EDGE('',*,*,#1834,.F.);
#927=ORIENTED_EDGE('',*,*,#1830,.T.);
#928=ORIENTED_EDGE('',*,*,#1835,.T.);
#929=ORIENTED_EDGE('',*,*,#1836,.F.);
#930=ORIENTED_EDGE('',*,*,#1837,.F.);
#931=ORIENTED_EDGE('',*,*,#1833,.T.);
#932=ORIENTED_EDGE('',*,*,#1838,.T.);
#933=ORIENTED_EDGE('',*,*,#1839,.F.);
#934=ORIENTED_EDGE('',*,*,#1840,.F.);
#935=ORIENTED_EDGE('',*,*,#1836,.T.);
#936=ORIENTED_EDGE('',*,*,#1841,.T.);
#937=ORIENTED_EDGE('',*,*,#1842,.F.);
#938=ORIENTED_EDGE('',*,*,#1843,.F.);
#939=ORIENTED_EDGE('',*,*,#1839,.T.);
#940=ORIENTED_EDGE('',*,*,#1844,.T.);
#941=ORIENTED_EDGE('',*,*,#1845,.F.);
#942=ORIENTED_EDGE('',*,*,#1846,.F.);
#943=ORIENTED_EDGE('',*,*,#1842,.T.);
#944=ORIENTED_EDGE('',*,*,#1847,.F.);
#945=ORIENTED_EDGE('',*,*,#1848,.F.);
#946=ORIENTED_EDGE('',*,*,#1849,.T.);
#947=ORIENTED_EDGE('',*,*,#1845,.T.);
#948=ORIENTED_EDGE('',*,*,#1850,.T.);
#949=ORIENTED_EDGE('',*,*,#1851,.F.);
#950=ORIENTED_EDGE('',*,*,#1852,.F.);
#951=ORIENTED_EDGE('',*,*,#1848,.T.);
#952=ORIENTED_EDGE('',*,*,#1853,.T.);
#953=ORIENTED_EDGE('',*,*,#1854,.F.);
#954=ORIENTED_EDGE('',*,*,#1855,.F.);
#955=ORIENTED_EDGE('',*,*,#1851,.T.);
#956=ORIENTED_EDGE('',*,*,#1856,.T.);
#957=ORIENTED_EDGE('',*,*,#1857,.F.);
#958=ORIENTED_EDGE('',*,*,#1858,.F.);
#959=ORIENTED_EDGE('',*,*,#1854,.T.);
#960=ORIENTED_EDGE('',*,*,#1859,.T.);
#961=ORIENTED_EDGE('',*,*,#1860,.F.);
#962=ORIENTED_EDGE('',*,*,#1861,.F.);
#963=ORIENTED_EDGE('',*,*,#1857,.T.);
#964=ORIENTED_EDGE('',*,*,#1862,.T.);
#965=ORIENTED_EDGE('',*,*,#1863,.F.);
#966=ORIENTED_EDGE('',*,*,#1864,.F.);
#967=ORIENTED_EDGE('',*,*,#1860,.T.);
#968=ORIENTED_EDGE('',*,*,#1865,.F.);
#969=ORIENTED_EDGE('',*,*,#1866,.F.);
#970=ORIENTED_EDGE('',*,*,#1867,.T.);
#971=ORIENTED_EDGE('',*,*,#1863,.T.);
#972=ORIENTED_EDGE('',*,*,#1868,.T.);
#973=ORIENTED_EDGE('',*,*,#1869,.F.);
#974=ORIENTED_EDGE('',*,*,#1870,.F.);
#975=ORIENTED_EDGE('',*,*,#1866,.T.);
#976=ORIENTED_EDGE('',*,*,#1871,.T.);
#977=ORIENTED_EDGE('',*,*,#1872,.F.);
#978=ORIENTED_EDGE('',*,*,#1873,.F.);
#979=ORIENTED_EDGE('',*,*,#1869,.T.);
#980=ORIENTED_EDGE('',*,*,#1874,.T.);
#981=ORIENTED_EDGE('',*,*,#1875,.F.);
#982=ORIENTED_EDGE('',*,*,#1876,.F.);
#983=ORIENTED_EDGE('',*,*,#1872,.T.);
#984=ORIENTED_EDGE('',*,*,#1877,.T.);
#985=ORIENTED_EDGE('',*,*,#1878,.F.);
#986=ORIENTED_EDGE('',*,*,#1879,.F.);
#987=ORIENTED_EDGE('',*,*,#1875,.T.);
#988=ORIENTED_EDGE('',*,*,#1880,.T.);
#989=ORIENTED_EDGE('',*,*,#1881,.F.);
#990=ORIENTED_EDGE('',*,*,#1882,.F.);
#991=ORIENTED_EDGE('',*,*,#1878,.T.);
#992=ORIENTED_EDGE('',*,*,#1883,.F.);
#993=ORIENTED_EDGE('',*,*,#1884,.F.);
#994=ORIENTED_EDGE('',*,*,#1885,.T.);
#995=ORIENTED_EDGE('',*,*,#1881,.T.);
#996=ORIENTED_EDGE('',*,*,#1886,.T.);
#997=ORIENTED_EDGE('',*,*,#1887,.F.);
#998=ORIENTED_EDGE('',*,*,#1888,.F.);
#999=ORIENTED_EDGE('',*,*,#1884,.T.);
#1000=ORIENTED_EDGE('',*,*,#1889,.T.);
#1001=ORIENTED_EDGE('',*,*,#1890,.F.);
#1002=ORIENTED_EDGE('',*,*,#1891,.F.);
#1003=ORIENTED_EDGE('',*,*,#1887,.T.);
#1004=ORIENTED_EDGE('',*,*,#1892,.T.);
#1005=ORIENTED_EDGE('',*,*,#1893,.F.);
#1006=ORIENTED_EDGE('',*,*,#1894,.F.);
#1007=ORIENTED_EDGE('',*,*,#1890,.T.);
#1008=ORIENTED_EDGE('',*,*,#1895,.T.);
#1009=ORIENTED_EDGE('',*,*,#1896,.F.);
#1010=ORIENTED_EDGE('',*,*,#1897,.F.);
#1011=ORIENTED_EDGE('',*,*,#1893,.T.);
#1012=ORIENTED_EDGE('',*,*,#1898,.T.);
#1013=ORIENTED_EDGE('',*,*,#1899,.F.);
#1014=ORIENTED_EDGE('',*,*,#1900,.F.);
#1015=ORIENTED_EDGE('',*,*,#1896,.T.);
#1016=ORIENTED_EDGE('',*,*,#1901,.F.);
#1017=ORIENTED_EDGE('',*,*,#1902,.F.);
#1018=ORIENTED_EDGE('',*,*,#1903,.T.);
#1019=ORIENTED_EDGE('',*,*,#1899,.T.);
#1020=ORIENTED_EDGE('',*,*,#1904,.T.);
#1021=ORIENTED_EDGE('',*,*,#1621,.F.);
#1022=ORIENTED_EDGE('',*,*,#1905,.F.);
#1023=ORIENTED_EDGE('',*,*,#1902,.T.);
#1024=ORIENTED_EDGE('',*,*,#1906,.F.);
#1025=ORIENTED_EDGE('',*,*,#1620,.T.);
#1026=ORIENTED_EDGE('',*,*,#1624,.T.);
#1027=ORIENTED_EDGE('',*,*,#1627,.T.);
#1028=ORIENTED_EDGE('',*,*,#1630,.T.);
#1029=ORIENTED_EDGE('',*,*,#1633,.F.);
#1030=ORIENTED_EDGE('',*,*,#1636,.T.);
#1031=ORIENTED_EDGE('',*,*,#1639,.T.);
#1032=ORIENTED_EDGE('',*,*,#1642,.T.);
#1033=ORIENTED_EDGE('',*,*,#1645,.T.);
#1034=ORIENTED_EDGE('',*,*,#1648,.T.);
#1035=ORIENTED_EDGE('',*,*,#1651,.F.);
#1036=ORIENTED_EDGE('',*,*,#1654,.T.);
#1037=ORIENTED_EDGE('',*,*,#1657,.T.);
#1038=ORIENTED_EDGE('',*,*,#1660,.T.);
#1039=ORIENTED_EDGE('',*,*,#1663,.T.);
#1040=ORIENTED_EDGE('',*,*,#1666,.T.);
#1041=ORIENTED_EDGE('',*,*,#1669,.F.);
#1042=ORIENTED_EDGE('',*,*,#1672,.T.);
#1043=ORIENTED_EDGE('',*,*,#1675,.T.);
#1044=ORIENTED_EDGE('',*,*,#1678,.T.);
#1045=ORIENTED_EDGE('',*,*,#1681,.T.);
#1046=ORIENTED_EDGE('',*,*,#1684,.T.);
#1047=ORIENTED_EDGE('',*,*,#1687,.F.);
#1048=ORIENTED_EDGE('',*,*,#1690,.T.);
#1049=ORIENTED_EDGE('',*,*,#1693,.T.);
#1050=ORIENTED_EDGE('',*,*,#1696,.T.);
#1051=ORIENTED_EDGE('',*,*,#1699,.T.);
#1052=ORIENTED_EDGE('',*,*,#1702,.T.);
#1053=ORIENTED_EDGE('',*,*,#1705,.F.);
#1054=ORIENTED_EDGE('',*,*,#1708,.T.);
#1055=ORIENTED_EDGE('',*,*,#1711,.T.);
#1056=ORIENTED_EDGE('',*,*,#1714,.T.);
#1057=ORIENTED_EDGE('',*,*,#1717,.T.);
#1058=ORIENTED_EDGE('',*,*,#1720,.T.);
#1059=ORIENTED_EDGE('',*,*,#1723,.F.);
#1060=ORIENTED_EDGE('',*,*,#1726,.T.);
#1061=ORIENTED_EDGE('',*,*,#1729,.T.);
#1062=ORIENTED_EDGE('',*,*,#1732,.T.);
#1063=ORIENTED_EDGE('',*,*,#1735,.T.);
#1064=ORIENTED_EDGE('',*,*,#1738,.T.);
#1065=ORIENTED_EDGE('',*,*,#1741,.F.);
#1066=ORIENTED_EDGE('',*,*,#1744,.T.);
#1067=ORIENTED_EDGE('',*,*,#1747,.T.);
#1068=ORIENTED_EDGE('',*,*,#1750,.T.);
#1069=ORIENTED_EDGE('',*,*,#1753,.T.);
#1070=ORIENTED_EDGE('',*,*,#1756,.T.);
#1071=ORIENTED_EDGE('',*,*,#1759,.F.);
#1072=ORIENTED_EDGE('',*,*,#1762,.T.);
#1073=ORIENTED_EDGE('',*,*,#1765,.T.);
#1074=ORIENTED_EDGE('',*,*,#1768,.T.);
#1075=ORIENTED_EDGE('',*,*,#1771,.T.);
#1076=ORIENTED_EDGE('',*,*,#1774,.T.);
#1077=ORIENTED_EDGE('',*,*,#1777,.F.);
#1078=ORIENTED_EDGE('',*,*,#1780,.T.);
#1079=ORIENTED_EDGE('',*,*,#1783,.T.);
#1080=ORIENTED_EDGE('',*,*,#1786,.T.);
#1081=ORIENTED_EDGE('',*,*,#1789,.T.);
#1082=ORIENTED_EDGE('',*,*,#1792,.T.);
#1083=ORIENTED_EDGE('',*,*,#1795,.F.);
#1084=ORIENTED_EDGE('',*,*,#1798,.T.);
#1085=ORIENTED_EDGE('',*,*,#1801,.T.);
#1086=ORIENTED_EDGE('',*,*,#1804,.T.);
#1087=ORIENTED_EDGE('',*,*,#1807,.T.);
#1088=ORIENTED_EDGE('',*,*,#1810,.T.);
#1089=ORIENTED_EDGE('',*,*,#1813,.F.);
#1090=ORIENTED_EDGE('',*,*,#1816,.T.);
#1091=ORIENTED_EDGE('',*,*,#1819,.T.);
#1092=ORIENTED_EDGE('',*,*,#1822,.T.);
#1093=ORIENTED_EDGE('',*,*,#1825,.T.);
#1094=ORIENTED_EDGE('',*,*,#1828,.T.);
#1095=ORIENTED_EDGE('',*,*,#1831,.F.);
#1096=ORIENTED_EDGE('',*,*,#1834,.T.);
#1097=ORIENTED_EDGE('',*,*,#1837,.T.);
#1098=ORIENTED_EDGE('',*,*,#1840,.T.);
#1099=ORIENTED_EDGE('',*,*,#1843,.T.);
#1100=ORIENTED_EDGE('',*,*,#1846,.T.);
#1101=ORIENTED_EDGE('',*,*,#1849,.F.);
#1102=ORIENTED_EDGE('',*,*,#1852,.T.);
#1103=ORIENTED_EDGE('',*,*,#1855,.T.);
#1104=ORIENTED_EDGE('',*,*,#1858,.T.);
#1105=ORIENTED_EDGE('',*,*,#1861,.T.);
#1106=ORIENTED_EDGE('',*,*,#1864,.T.);
#1107=ORIENTED_EDGE('',*,*,#1867,.F.);
#1108=ORIENTED_EDGE('',*,*,#1870,.T.);
#1109=ORIENTED_EDGE('',*,*,#1873,.T.);
#1110=ORIENTED_EDGE('',*,*,#1876,.T.);
#1111=ORIENTED_EDGE('',*,*,#1879,.T.);
#1112=ORIENTED_EDGE('',*,*,#1882,.T.);
#1113=ORIENTED_EDGE('',*,*,#1885,.F.);
#1114=ORIENTED_EDGE('',*,*,#1888,.T.);
#1115=ORIENTED_EDGE('',*,*,#1891,.T.);
#1116=ORIENTED_EDGE('',*,*,#1894,.T.);
#1117=ORIENTED_EDGE('',*,*,#1897,.T.);
#1118=ORIENTED_EDGE('',*,*,#1900,.T.);
#1119=ORIENTED_EDGE('',*,*,#1903,.F.);
#1120=ORIENTED_EDGE('',*,*,#1905,.T.);
#1121=ORIENTED_EDGE('',*,*,#1907,.T.);
#1122=ORIENTED_EDGE('',*,*,#1618,.F.);
#1123=ORIENTED_EDGE('',*,*,#1904,.F.);
#1124=ORIENTED_EDGE('',*,*,#1901,.T.);
#1125=ORIENTED_EDGE('',*,*,#1898,.F.);
#1126=ORIENTED_EDGE('',*,*,#1895,.F.);
#1127=ORIENTED_EDGE('',*,*,#1892,.F.);
#1128=ORIENTED_EDGE('',*,*,#1889,.F.);
#1129=ORIENTED_EDGE('',*,*,#1886,.F.);
#1130=ORIENTED_EDGE('',*,*,#1883,.T.);
#1131=ORIENTED_EDGE('',*,*,#1880,.F.);
#1132=ORIENTED_EDGE('',*,*,#1877,.F.);
#1133=ORIENTED_EDGE('',*,*,#1874,.F.);
#1134=ORIENTED_EDGE('',*,*,#1871,.F.);
#1135=ORIENTED_EDGE('',*,*,#1868,.F.);
#1136=ORIENTED_EDGE('',*,*,#1865,.T.);
#1137=ORIENTED_EDGE('',*,*,#1862,.F.);
#1138=ORIENTED_EDGE('',*,*,#1859,.F.);
#1139=ORIENTED_EDGE('',*,*,#1856,.F.);
#1140=ORIENTED_EDGE('',*,*,#1853,.F.);
#1141=ORIENTED_EDGE('',*,*,#1850,.F.);
#1142=ORIENTED_EDGE('',*,*,#1847,.T.);
#1143=ORIENTED_EDGE('',*,*,#1844,.F.);
#1144=ORIENTED_EDGE('',*,*,#1841,.F.);
#1145=ORIENTED_EDGE('',*,*,#1838,.F.);
#1146=ORIENTED_EDGE('',*,*,#1835,.F.);
#1147=ORIENTED_EDGE('',*,*,#1832,.F.);
#1148=ORIENTED_EDGE('',*,*,#1829,.T.);
#1149=ORIENTED_EDGE('',*,*,#1826,.F.);
#1150=ORIENTED_EDGE('',*,*,#1823,.F.);
#1151=ORIENTED_EDGE('',*,*,#1820,.F.);
#1152=ORIENTED_EDGE('',*,*,#1817,.F.);
#1153=ORIENTED_EDGE('',*,*,#1814,.F.);
#1154=ORIENTED_EDGE('',*,*,#1811,.T.);
#1155=ORIENTED_EDGE('',*,*,#1808,.F.);
#1156=ORIENTED_EDGE('',*,*,#1805,.F.);
#1157=ORIENTED_EDGE('',*,*,#1802,.F.);
#1158=ORIENTED_EDGE('',*,*,#1799,.F.);
#1159=ORIENTED_EDGE('',*,*,#1796,.F.);
#1160=ORIENTED_EDGE('',*,*,#1793,.T.);
#1161=ORIENTED_EDGE('',*,*,#1790,.F.);
#1162=ORIENTED_EDGE('',*,*,#1787,.F.);
#1163=ORIENTED_EDGE('',*,*,#1784,.F.);
#1164=ORIENTED_EDGE('',*,*,#1781,.F.);
#1165=ORIENTED_EDGE('',*,*,#1778,.F.);
#1166=ORIENTED_EDGE('',*,*,#1775,.T.);
#1167=ORIENTED_EDGE('',*,*,#1772,.F.);
#1168=ORIENTED_EDGE('',*,*,#1769,.F.);
#1169=ORIENTED_EDGE('',*,*,#1766,.F.);
#1170=ORIENTED_EDGE('',*,*,#1763,.F.);
#1171=ORIENTED_EDGE('',*,*,#1760,.F.);
#1172=ORIENTED_EDGE('',*,*,#1757,.T.);
#1173=ORIENTED_EDGE('',*,*,#1754,.F.);
#1174=ORIENTED_EDGE('',*,*,#1751,.F.);
#1175=ORIENTED_EDGE('',*,*,#1748,.F.);
#1176=ORIENTED_EDGE('',*,*,#1745,.F.);
#1177=ORIENTED_EDGE('',*,*,#1742,.F.);
#1178=ORIENTED_EDGE('',*,*,#1739,.T.);
#1179=ORIENTED_EDGE('',*,*,#1736,.F.);
#1180=ORIENTED_EDGE('',*,*,#1733,.F.);
#1181=ORIENTED_EDGE('',*,*,#1730,.F.);
#1182=ORIENTED_EDGE('',*,*,#1727,.F.);
#1183=ORIENTED_EDGE('',*,*,#1724,.F.);
#1184=ORIENTED_EDGE('',*,*,#1721,.T.);
#1185=ORIENTED_EDGE('',*,*,#1718,.F.);
#1186=ORIENTED_EDGE('',*,*,#1715,.F.);
#1187=ORIENTED_EDGE('',*,*,#1712,.F.);
#1188=ORIENTED_EDGE('',*,*,#1709,.F.);
#1189=ORIENTED_EDGE('',*,*,#1706,.F.);
#1190=ORIENTED_EDGE('',*,*,#1703,.T.);
#1191=ORIENTED_EDGE('',*,*,#1700,.F.);
#1192=ORIENTED_EDGE('',*,*,#1697,.F.);
#1193=ORIENTED_EDGE('',*,*,#1694,.F.);
#1194=ORIENTED_EDGE('',*,*,#1691,.F.);
#1195=ORIENTED_EDGE('',*,*,#1688,.F.);
#1196=ORIENTED_EDGE('',*,*,#1685,.T.);
#1197=ORIENTED_EDGE('',*,*,#1682,.F.);
#1198=ORIENTED_EDGE('',*,*,#1679,.F.);
#1199=ORIENTED_EDGE('',*,*,#1676,.F.);
#1200=ORIENTED_EDGE('',*,*,#1673,.F.);
#1201=ORIENTED_EDGE('',*,*,#1670,.F.);
#1202=ORIENTED_EDGE('',*,*,#1667,.T.);
#1203=ORIENTED_EDGE('',*,*,#1664,.F.);
#1204=ORIENTED_EDGE('',*,*,#1661,.F.);
#1205=ORIENTED_EDGE('',*,*,#1658,.F.);
#1206=ORIENTED_EDGE('',*,*,#1655,.F.);
#1207=ORIENTED_EDGE('',*,*,#1652,.F.);
#1208=ORIENTED_EDGE('',*,*,#1649,.T.);
#1209=ORIENTED_EDGE('',*,*,#1646,.F.);
#1210=ORIENTED_EDGE('',*,*,#1643,.F.);
#1211=ORIENTED_EDGE('',*,*,#1640,.F.);
#1212=ORIENTED_EDGE('',*,*,#1637,.F.);
#1213=ORIENTED_EDGE('',*,*,#1634,.F.);
#1214=ORIENTED_EDGE('',*,*,#1631,.T.);
#1215=ORIENTED_EDGE('',*,*,#1628,.F.);
#1216=ORIENTED_EDGE('',*,*,#1625,.F.);
#1217=ORIENTED_EDGE('',*,*,#1622,.F.);
#1218=ORIENTED_EDGE('',*,*,#1908,.F.);
#1219=ORIENTED_EDGE('',*,*,#1906,.T.);
#1220=ORIENTED_EDGE('',*,*,#1909,.F.);
#1221=ORIENTED_EDGE('',*,*,#1908,.T.);
#1222=ORIENTED_EDGE('',*,*,#1909,.T.);
#1223=ORIENTED_EDGE('',*,*,#1907,.F.);
#1224=ORIENTED_EDGE('',*,*,#1910,.F.);
#1225=ORIENTED_EDGE('',*,*,#1911,.F.);
#1226=ORIENTED_EDGE('',*,*,#1912,.T.);
#1227=ORIENTED_EDGE('',*,*,#1913,.T.);
#1228=ORIENTED_EDGE('',*,*,#1914,.T.);
#1229=ORIENTED_EDGE('',*,*,#1915,.F.);
#1230=ORIENTED_EDGE('',*,*,#1913,.F.);
#1231=ORIENTED_EDGE('',*,*,#1916,.T.);
#1232=ORIENTED_EDGE('',*,*,#1917,.T.);
#1233=ORIENTED_EDGE('',*,*,#1918,.F.);
#1234=ORIENTED_EDGE('',*,*,#1917,.F.);
#1235=ORIENTED_EDGE('',*,*,#1919,.T.);
#1236=ORIENTED_EDGE('',*,*,#1920,.T.);
#1237=ORIENTED_EDGE('',*,*,#1921,.F.);
#1238=ORIENTED_EDGE('',*,*,#1922,.F.);
#1239=ORIENTED_EDGE('',*,*,#1920,.F.);
#1240=ORIENTED_EDGE('',*,*,#1923,.T.);
#1241=ORIENTED_EDGE('',*,*,#1911,.T.);
#1242=ORIENTED_EDGE('',*,*,#1912,.F.);
#1243=ORIENTED_EDGE('',*,*,#1923,.F.);
#1244=ORIENTED_EDGE('',*,*,#1919,.F.);
#1245=ORIENTED_EDGE('',*,*,#1916,.F.);
#1246=ORIENTED_EDGE('',*,*,#1910,.T.);
#1247=ORIENTED_EDGE('',*,*,#1915,.T.);
#1248=ORIENTED_EDGE('',*,*,#1918,.T.);
#1249=ORIENTED_EDGE('',*,*,#1922,.T.);
#1250=ORIENTED_EDGE('',*,*,#1921,.T.);
#1251=ORIENTED_EDGE('',*,*,#1914,.F.);
#1252=ORIENTED_EDGE('',*,*,#1924,.F.);
#1253=ORIENTED_EDGE('',*,*,#1925,.T.);
#1254=ORIENTED_EDGE('',*,*,#1925,.F.);
#1255=ORIENTED_EDGE('',*,*,#1926,.T.);
#1256=ORIENTED_EDGE('',*,*,#1924,.T.);
#1257=ORIENTED_EDGE('',*,*,#1926,.F.);
#1258=ORIENTED_EDGE('',*,*,#1927,.F.);
#1259=ORIENTED_EDGE('',*,*,#1928,.T.);
#1260=ORIENTED_EDGE('',*,*,#1929,.T.);
#1261=ORIENTED_EDGE('',*,*,#1930,.F.);
#1262=ORIENTED_EDGE('',*,*,#1931,.F.);
#1263=ORIENTED_EDGE('',*,*,#1932,.F.);
#1264=ORIENTED_EDGE('',*,*,#1933,.F.);
#1265=ORIENTED_EDGE('',*,*,#1934,.T.);
#1266=ORIENTED_EDGE('',*,*,#1935,.F.);
#1267=ORIENTED_EDGE('',*,*,#1936,.F.);
#1268=ORIENTED_EDGE('',*,*,#1937,.F.);
#1269=ORIENTED_EDGE('',*,*,#1938,.T.);
#1270=ORIENTED_EDGE('',*,*,#1939,.F.);
#1271=ORIENTED_EDGE('',*,*,#1940,.T.);
#1272=ORIENTED_EDGE('',*,*,#1941,.T.);
#1273=ORIENTED_EDGE('',*,*,#1942,.F.);
#1274=ORIENTED_EDGE('',*,*,#1943,.F.);
#1275=ORIENTED_EDGE('',*,*,#1934,.F.);
#1276=ORIENTED_EDGE('',*,*,#1944,.F.);
#1277=ORIENTED_EDGE('',*,*,#1936,.T.);
#1278=ORIENTED_EDGE('',*,*,#1945,.F.);
#1279=ORIENTED_EDGE('',*,*,#1946,.F.);
#1280=ORIENTED_EDGE('',*,*,#1947,.F.);
#1281=ORIENTED_EDGE('',*,*,#1942,.T.);
#1282=ORIENTED_EDGE('',*,*,#1948,.T.);
#1283=ORIENTED_EDGE('',*,*,#1928,.F.);
#1284=ORIENTED_EDGE('',*,*,#1932,.T.);
#1285=ORIENTED_EDGE('',*,*,#1949,.F.);
#1286=ORIENTED_EDGE('',*,*,#1950,.F.);
#1287=ORIENTED_EDGE('',*,*,#1951,.F.);
#1288=ORIENTED_EDGE('',*,*,#1930,.T.);
#1289=ORIENTED_EDGE('',*,*,#1952,.T.);
#1290=ORIENTED_EDGE('',*,*,#1940,.F.);
#1291=ORIENTED_EDGE('',*,*,#1953,.F.);
#1292=ORIENTED_EDGE('',*,*,#1954,.F.);
#1293=ORIENTED_EDGE('',*,*,#1955,.F.);
#1294=ORIENTED_EDGE('',*,*,#1938,.F.);
#1295=ORIENTED_EDGE('',*,*,#1956,.F.);
#1296=ORIENTED_EDGE('',*,*,#1933,.T.);
#1297=ORIENTED_EDGE('',*,*,#1956,.T.);
#1298=ORIENTED_EDGE('',*,*,#1937,.T.);
#1299=ORIENTED_EDGE('',*,*,#1944,.T.);
#1300=ORIENTED_EDGE('',*,*,#1929,.F.);
#1301=ORIENTED_EDGE('',*,*,#1948,.F.);
#1302=ORIENTED_EDGE('',*,*,#1941,.F.);
#1303=ORIENTED_EDGE('',*,*,#1952,.F.);
#1304=ORIENTED_EDGE('',*,*,#1957,.T.);
#1305=ORIENTED_EDGE('',*,*,#1946,.T.);
#1306=ORIENTED_EDGE('',*,*,#1958,.F.);
#1307=ORIENTED_EDGE('',*,*,#1959,.F.);
#1308=ORIENTED_EDGE('',*,*,#1945,.T.);
#1309=ORIENTED_EDGE('',*,*,#1927,.T.);
#1310=ORIENTED_EDGE('',*,*,#1951,.T.);
#1311=ORIENTED_EDGE('',*,*,#1960,.F.);
#1312=ORIENTED_EDGE('',*,*,#1961,.F.);
#1313=ORIENTED_EDGE('',*,*,#1958,.T.);
#1314=ORIENTED_EDGE('',*,*,#1950,.T.);
#1315=ORIENTED_EDGE('',*,*,#1962,.F.);
#1316=ORIENTED_EDGE('',*,*,#1963,.F.);
#1317=ORIENTED_EDGE('',*,*,#1960,.T.);
#1318=ORIENTED_EDGE('',*,*,#1949,.T.);
#1319=ORIENTED_EDGE('',*,*,#1931,.T.);
#1320=ORIENTED_EDGE('',*,*,#1943,.T.);
#1321=ORIENTED_EDGE('',*,*,#1935,.T.);
#1322=ORIENTED_EDGE('',*,*,#1955,.T.);
#1323=ORIENTED_EDGE('',*,*,#1964,.F.);
#1324=ORIENTED_EDGE('',*,*,#1965,.F.);
#1325=ORIENTED_EDGE('',*,*,#1962,.T.);
#1326=ORIENTED_EDGE('',*,*,#1954,.T.);
#1327=ORIENTED_EDGE('',*,*,#1966,.F.);
#1328=ORIENTED_EDGE('',*,*,#1967,.F.);
#1329=ORIENTED_EDGE('',*,*,#1964,.T.);
#1330=ORIENTED_EDGE('',*,*,#1953,.T.);
#1331=ORIENTED_EDGE('',*,*,#1939,.T.);
#1332=ORIENTED_EDGE('',*,*,#1947,.T.);
#1333=ORIENTED_EDGE('',*,*,#1957,.F.);
#1334=ORIENTED_EDGE('',*,*,#1968,.F.);
#1335=ORIENTED_EDGE('',*,*,#1966,.T.);
#1336=ORIENTED_EDGE('',*,*,#1961,.T.);
#1337=ORIENTED_EDGE('',*,*,#1963,.T.);
#1338=ORIENTED_EDGE('',*,*,#1965,.T.);
#1339=ORIENTED_EDGE('',*,*,#1967,.T.);
#1340=ORIENTED_EDGE('',*,*,#1968,.T.);
#1341=ORIENTED_EDGE('',*,*,#1959,.T.);
#1342=ORIENTED_EDGE('',*,*,#1969,.F.);
#1343=ORIENTED_EDGE('',*,*,#1970,.T.);
#1344=ORIENTED_EDGE('',*,*,#1971,.F.);
#1345=ORIENTED_EDGE('',*,*,#1972,.F.);
#1346=ORIENTED_EDGE('',*,*,#1969,.T.);
#1347=ORIENTED_EDGE('',*,*,#1970,.F.);
#1348=ORIENTED_EDGE('',*,*,#1971,.T.);
#1349=ORIENTED_EDGE('',*,*,#1972,.T.);
#1350=ORIENTED_EDGE('',*,*,#1973,.T.);
#1351=ORIENTED_EDGE('',*,*,#1974,.T.);
#1352=ORIENTED_EDGE('',*,*,#1975,.T.);
#1353=ORIENTED_EDGE('',*,*,#1976,.F.);
#1354=ORIENTED_EDGE('',*,*,#1977,.T.);
#1355=ORIENTED_EDGE('',*,*,#1978,.T.);
#1356=ORIENTED_EDGE('',*,*,#1979,.T.);
#1357=ORIENTED_EDGE('',*,*,#1980,.T.);
#1358=ORIENTED_EDGE('',*,*,#1981,.T.);
#1359=ORIENTED_EDGE('',*,*,#1982,.T.);
#1360=ORIENTED_EDGE('',*,*,#1983,.T.);
#1361=ORIENTED_EDGE('',*,*,#1984,.T.);
#1362=ORIENTED_EDGE('',*,*,#1985,.T.);
#1363=ORIENTED_EDGE('',*,*,#1986,.T.);
#1364=ORIENTED_EDGE('',*,*,#1987,.T.);
#1365=ORIENTED_EDGE('',*,*,#1988,.F.);
#1366=ORIENTED_EDGE('',*,*,#1989,.T.);
#1367=ORIENTED_EDGE('',*,*,#1990,.T.);
#1368=ORIENTED_EDGE('',*,*,#1991,.T.);
#1369=ORIENTED_EDGE('',*,*,#1992,.T.);
#1370=ORIENTED_EDGE('',*,*,#1976,.T.);
#1371=ORIENTED_EDGE('',*,*,#1993,.T.);
#1372=ORIENTED_EDGE('',*,*,#1988,.T.);
#1373=ORIENTED_EDGE('',*,*,#1994,.T.);
#1374=ORIENTED_EDGE('',*,*,#1984,.F.);
#1375=ORIENTED_EDGE('',*,*,#1995,.T.);
#1376=ORIENTED_EDGE('',*,*,#1980,.F.);
#1377=ORIENTED_EDGE('',*,*,#1996,.T.);
#1378=ORIENTED_EDGE('',*,*,#1975,.F.);
#1379=ORIENTED_EDGE('',*,*,#1997,.T.);
#1380=ORIENTED_EDGE('',*,*,#1985,.F.);
#1381=ORIENTED_EDGE('',*,*,#1993,.F.);
#1382=ORIENTED_EDGE('',*,*,#1987,.F.);
#1383=ORIENTED_EDGE('',*,*,#1998,.T.);
#1384=ORIENTED_EDGE('',*,*,#1981,.F.);
#1385=ORIENTED_EDGE('',*,*,#1994,.F.);
#1386=ORIENTED_EDGE('',*,*,#1983,.F.);
#1387=ORIENTED_EDGE('',*,*,#1999,.T.);
#1388=ORIENTED_EDGE('',*,*,#1977,.F.);
#1389=ORIENTED_EDGE('',*,*,#1995,.F.);
#1390=ORIENTED_EDGE('',*,*,#1979,.F.);
#1391=ORIENTED_EDGE('',*,*,#2000,.T.);
#1392=ORIENTED_EDGE('',*,*,#1973,.F.);
#1393=ORIENTED_EDGE('',*,*,#1996,.F.);
#1394=ORIENTED_EDGE('',*,*,#2001,.F.);
#1395=ORIENTED_EDGE('',*,*,#1978,.F.);
#1396=ORIENTED_EDGE('',*,*,#2002,.F.);
#1397=ORIENTED_EDGE('',*,*,#1992,.F.);
#1398=ORIENTED_EDGE('',*,*,#2000,.F.);
#1399=ORIENTED_EDGE('',*,*,#2001,.T.);
#1400=ORIENTED_EDGE('',*,*,#2003,.F.);
#1401=ORIENTED_EDGE('',*,*,#2002,.T.);
#1402=ORIENTED_EDGE('',*,*,#1999,.F.);
#1403=ORIENTED_EDGE('',*,*,#2004,.F.);
#1404=ORIENTED_EDGE('',*,*,#2003,.T.);
#1405=ORIENTED_EDGE('',*,*,#1991,.F.);
#1406=ORIENTED_EDGE('',*,*,#2005,.F.);
#1407=ORIENTED_EDGE('',*,*,#1974,.F.);
#1408=ORIENTED_EDGE('',*,*,#2004,.T.);
#1409=ORIENTED_EDGE('',*,*,#1982,.F.);
#1410=ORIENTED_EDGE('',*,*,#2006,.F.);
#1411=ORIENTED_EDGE('',*,*,#1989,.F.);
#1412=ORIENTED_EDGE('',*,*,#1997,.F.);
#1413=ORIENTED_EDGE('',*,*,#2005,.T.);
#1414=ORIENTED_EDGE('',*,*,#2007,.F.);
#1415=ORIENTED_EDGE('',*,*,#2006,.T.);
#1416=ORIENTED_EDGE('',*,*,#1998,.F.);
#1417=ORIENTED_EDGE('',*,*,#2008,.F.);
#1418=ORIENTED_EDGE('',*,*,#2007,.T.);
#1419=ORIENTED_EDGE('',*,*,#1990,.F.);
#1420=ORIENTED_EDGE('',*,*,#2008,.T.);
#1421=ORIENTED_EDGE('',*,*,#1986,.F.);
#1422=ORIENTED_EDGE('',*,*,#2009,.F.);
#1423=ORIENTED_EDGE('',*,*,#2010,.F.);
#1424=ORIENTED_EDGE('',*,*,#2011,.T.);
#1425=ORIENTED_EDGE('',*,*,#2012,.T.);
#1426=ORIENTED_EDGE('',*,*,#2013,.T.);
#1427=ORIENTED_EDGE('',*,*,#2014,.F.);
#1428=ORIENTED_EDGE('',*,*,#2015,.F.);
#1429=ORIENTED_EDGE('',*,*,#2010,.T.);
#1430=ORIENTED_EDGE('',*,*,#2016,.T.);
#1431=ORIENTED_EDGE('',*,*,#2017,.F.);
#1432=ORIENTED_EDGE('',*,*,#2018,.F.);
#1433=ORIENTED_EDGE('',*,*,#2014,.T.);
#1434=ORIENTED_EDGE('',*,*,#2019,.F.);
#1435=ORIENTED_EDGE('',*,*,#2012,.F.);
#1436=ORIENTED_EDGE('',*,*,#2020,.T.);
#1437=ORIENTED_EDGE('',*,*,#2017,.T.);
#1438=ORIENTED_EDGE('',*,*,#2021,.F.);
#1439=ORIENTED_EDGE('',*,*,#2022,.F.);
#1440=ORIENTED_EDGE('',*,*,#2023,.T.);
#1441=ORIENTED_EDGE('',*,*,#2024,.T.);
#1442=ORIENTED_EDGE('',*,*,#2025,.T.);
#1443=ORIENTED_EDGE('',*,*,#2011,.F.);
#1444=ORIENTED_EDGE('',*,*,#2015,.T.);
#1445=ORIENTED_EDGE('',*,*,#2018,.T.);
#1446=ORIENTED_EDGE('',*,*,#2020,.F.);
#1447=ORIENTED_EDGE('',*,*,#2026,.F.);
#1448=ORIENTED_EDGE('',*,*,#2009,.T.);
#1449=ORIENTED_EDGE('',*,*,#2019,.T.);
#1450=ORIENTED_EDGE('',*,*,#2016,.F.);
#1451=ORIENTED_EDGE('',*,*,#2013,.F.);
#1452=ORIENTED_EDGE('',*,*,#2025,.F.);
#1453=ORIENTED_EDGE('',*,*,#2026,.T.);
#1454=ORIENTED_EDGE('',*,*,#2021,.T.);
#1455=ORIENTED_EDGE('',*,*,#2027,.T.);
#1456=ORIENTED_EDGE('',*,*,#2028,.T.);
#1457=ORIENTED_EDGE('',*,*,#2029,.F.);
#1458=ORIENTED_EDGE('',*,*,#2030,.T.);
#1459=ORIENTED_EDGE('',*,*,#2031,.F.);
#1460=ORIENTED_EDGE('',*,*,#2027,.F.);
#1461=ORIENTED_EDGE('',*,*,#2024,.F.);
#1462=ORIENTED_EDGE('',*,*,#2032,.T.);
#1463=ORIENTED_EDGE('',*,*,#2033,.F.);
#1464=ORIENTED_EDGE('',*,*,#2030,.F.);
#1465=ORIENTED_EDGE('',*,*,#2023,.F.);
#1466=ORIENTED_EDGE('',*,*,#2022,.T.);
#1467=ORIENTED_EDGE('',*,*,#2029,.T.);
#1468=ORIENTED_EDGE('',*,*,#2034,.T.);
#1469=ORIENTED_EDGE('',*,*,#2032,.F.);
#1470=ORIENTED_EDGE('',*,*,#2028,.F.);
#1471=ORIENTED_EDGE('',*,*,#2031,.T.);
#1472=ORIENTED_EDGE('',*,*,#2033,.T.);
#1473=ORIENTED_EDGE('',*,*,#2034,.F.);
#1474=ORIENTED_EDGE('',*,*,#2035,.F.);
#1475=ORIENTED_EDGE('',*,*,#2036,.F.);
#1476=ORIENTED_EDGE('',*,*,#2037,.F.);
#1477=ORIENTED_EDGE('',*,*,#2038,.T.);
#1478=ORIENTED_EDGE('',*,*,#2036,.T.);
#1479=ORIENTED_EDGE('',*,*,#2039,.T.);
#1480=ORIENTED_EDGE('',*,*,#2038,.F.);
#1481=ORIENTED_EDGE('',*,*,#2040,.F.);
#1482=ORIENTED_EDGE('',*,*,#2039,.F.);
#1483=ORIENTED_EDGE('',*,*,#2035,.T.);
#1484=ORIENTED_EDGE('',*,*,#2040,.T.);
#1485=ORIENTED_EDGE('',*,*,#2037,.T.);
#1486=EDGE_CURVE('',#2041,#2042,#2419,.T.);
#1487=EDGE_CURVE('',#2042,#2043,#2420,.T.);
#1488=EDGE_CURVE('',#2043,#2044,#2421,.F.);
#1489=EDGE_CURVE('',#2041,#2044,#2422,.T.);
#1490=EDGE_CURVE('',#2045,#2046,#2423,.T.);
#1491=EDGE_CURVE('',#2046,#2047,#2424,.T.);
#1492=EDGE_CURVE('',#2048,#2047,#2425,.T.);
#1493=EDGE_CURVE('',#2045,#2048,#2426,.T.);
#1494=EDGE_CURVE('',#2049,#2050,#2427,.T.);
#1495=EDGE_CURVE('',#2050,#2042,#371,.F.);
#1496=EDGE_CURVE('',#2048,#2041,#2428,.T.);
#1497=EDGE_CURVE('',#2047,#2049,#372,.F.);
#1498=EDGE_CURVE('',#2044,#2045,#237,.T.);
#1499=EDGE_CURVE('',#2049,#2051,#2429,.F.);
#1500=EDGE_CURVE('',#2051,#2050,#2430,.F.);
#1501=EDGE_CURVE('',#2046,#2043,#238,.T.);
#1502=EDGE_CURVE('',#2051,#2046,#239,.T.);
#1503=EDGE_CURVE('',#2051,#2043,#240,.F.);
#1504=EDGE_CURVE('',#2052,#2053,#2431,.T.);
#1505=EDGE_CURVE('',#2054,#2052,#2432,.T.);
#1506=EDGE_CURVE('',#2054,#2055,#2433,.T.);
#1507=EDGE_CURVE('',#2055,#2053,#2434,.T.);
#1508=EDGE_CURVE('',#2052,#2056,#2435,.T.);
#1509=EDGE_CURVE('',#2057,#2056,#2436,.T.);
#1510=EDGE_CURVE('',#2054,#2057,#2437,.T.);
#1511=EDGE_CURVE('',#2056,#2058,#2438,.T.);
#1512=EDGE_CURVE('',#2059,#2058,#2439,.T.);
#1513=EDGE_CURVE('',#2057,#2059,#2440,.T.);
#1514=EDGE_CURVE('',#2053,#2058,#2441,.T.);
#1515=EDGE_CURVE('',#2055,#2059,#2442,.T.);
#1516=EDGE_CURVE('',#2060,#2060,#241,.F.);
#1517=EDGE_CURVE('',#2061,#2061,#242,.T.);
#1518=EDGE_CURVE('',#2062,#2062,#243,.T.);
#1519=EDGE_CURVE('',#2063,#2064,#244,.T.);
#1520=EDGE_CURVE('',#2065,#2064,#2443,.T.);
#1521=EDGE_CURVE('',#2066,#2065,#245,.T.);
#1522=EDGE_CURVE('',#2066,#2063,#2444,.T.);
#1523=EDGE_CURVE('',#2067,#2068,#246,.T.);
#1524=EDGE_CURVE('',#2064,#2068,#2445,.T.);
#1525=EDGE_CURVE('',#2063,#2067,#2446,.T.);
#1526=EDGE_CURVE('',#2069,#2070,#247,.T.);
#1527=EDGE_CURVE('',#2068,#2070,#2447,.T.);
#1528=EDGE_CURVE('',#2067,#2069,#2448,.T.);
#1529=EDGE_CURVE('',#2069,#2066,#2449,.T.);
#1530=EDGE_CURVE('',#2070,#2065,#2450,.T.);
#1531=EDGE_CURVE('',#2071,#2072,#248,.T.);
#1532=EDGE_CURVE('',#2073,#2072,#2451,.T.);
#1533=EDGE_CURVE('',#2074,#2073,#249,.T.);
#1534=EDGE_CURVE('',#2074,#2071,#2452,.T.);
#1535=EDGE_CURVE('',#2075,#2076,#250,.T.);
#1536=EDGE_CURVE('',#2072,#2076,#2453,.T.);
#1537=EDGE_CURVE('',#2071,#2075,#2454,.T.);
#1538=EDGE_CURVE('',#2077,#2078,#251,.T.);
#1539=EDGE_CURVE('',#2076,#2078,#2455,.T.);
#1540=EDGE_CURVE('',#2075,#2077,#2456,.T.);
#1541=EDGE_CURVE('',#2077,#2074,#2457,.T.);
#1542=EDGE_CURVE('',#2078,#2073,#2458,.T.);
#1543=EDGE_CURVE('',#2079,#2080,#2459,.T.);
#1544=EDGE_CURVE('',#2081,#2079,#2460,.T.);
#1545=EDGE_CURVE('',#2081,#2082,#2461,.T.);
#1546=EDGE_CURVE('',#2082,#2080,#2462,.T.);
#1547=EDGE_CURVE('',#2079,#2083,#2463,.T.);
#1548=EDGE_CURVE('',#2084,#2083,#2464,.T.);
#1549=EDGE_CURVE('',#2081,#2084,#2465,.T.);
#1550=EDGE_CURVE('',#2083,#2085,#2466,.T.);
#1551=EDGE_CURVE('',#2086,#2085,#2467,.T.);
#1552=EDGE_CURVE('',#2084,#2086,#2468,.T.);
#1553=EDGE_CURVE('',#2080,#2085,#2469,.T.);
#1554=EDGE_CURVE('',#2082,#2086,#2470,.T.);
#1555=EDGE_CURVE('',#2087,#2087,#252,.T.);
#1556=EDGE_CURVE('',#2088,#2088,#253,.T.);
#1557=EDGE_CURVE('',#2089,#2089,#254,.T.);
#1558=EDGE_CURVE('',#2090,#2090,#255,.T.);
#1559=EDGE_CURVE('',#2091,#2091,#256,.T.);
#1560=EDGE_CURVE('',#2092,#2092,#50,.T.);
#1561=EDGE_CURVE('',#2093,#2093,#51,.T.);
#1562=EDGE_CURVE('',#2094,#2095,#257,.T.);
#1563=EDGE_CURVE('',#2095,#2096,#2471,.F.);
#1564=EDGE_CURVE('',#2097,#2096,#258,.T.);
#1565=EDGE_CURVE('',#2097,#2094,#2472,.T.);
#1566=EDGE_CURVE('',#2098,#2097,#2473,.T.);
#1567=EDGE_CURVE('',#2098,#2099,#2474,.T.);
#1568=EDGE_CURVE('',#2099,#2094,#2475,.T.);
#1569=EDGE_CURVE('',#2096,#2098,#259,.T.);
#1570=EDGE_CURVE('',#2099,#2095,#260,.F.);
#1571=EDGE_CURVE('',#2100,#2101,#2476,.F.);
#1572=EDGE_CURVE('',#2100,#2102,#2477,.T.);
#1573=EDGE_CURVE('',#2103,#2102,#2478,.T.);
#1574=EDGE_CURVE('',#2101,#2103,#2479,.T.);
#1575=EDGE_CURVE('',#2104,#2105,#2480,.T.);
#1576=EDGE_CURVE('',#2106,#2104,#2481,.T.);
#1577=EDGE_CURVE('',#2106,#2107,#2482,.T.);
#1578=EDGE_CURVE('',#2107,#2105,#2483,.T.);
#1579=EDGE_CURVE('',#2107,#2108,#2484,.T.);
#1580=EDGE_CURVE('',#2106,#2109,#2485,.T.);
#1581=EDGE_CURVE('',#2109,#2108,#2486,.T.);
#1582=EDGE_CURVE('',#2102,#2110,#2487,.T.);
#1583=EDGE_CURVE('',#2111,#2110,#2488,.T.);
#1584=EDGE_CURVE('',#2103,#2111,#2489,.T.);
#1585=EDGE_CURVE('',#2108,#2110,#2490,.T.);
#1586=EDGE_CURVE('',#2109,#2111,#2491,.T.);
#1587=EDGE_CURVE('',#2104,#2101,#261,.F.);
#1588=EDGE_CURVE('',#2105,#2100,#262,.F.);
#1589=EDGE_CURVE('',#2112,#2113,#2492,.T.);
#1590=EDGE_CURVE('',#2113,#2114,#2493,.F.);
#1591=EDGE_CURVE('',#2115,#2114,#2494,.T.);
#1592=EDGE_CURVE('',#2115,#2112,#2495,.T.);
#1593=EDGE_CURVE('',#2116,#2117,#2496,.T.);
#1594=EDGE_CURVE('',#2116,#2118,#2497,.T.);
#1595=EDGE_CURVE('',#2118,#2119,#2498,.T.);
#1596=EDGE_CURVE('',#2119,#2117,#2499,.T.);
#1597=EDGE_CURVE('',#2120,#2115,#2500,.T.);
#1598=EDGE_CURVE('',#2120,#2116,#2501,.T.);
#1599=EDGE_CURVE('',#2117,#2112,#2502,.T.);
#1600=EDGE_CURVE('',#2114,#2121,#263,.T.);
#1601=EDGE_CURVE('',#2121,#2120,#2503,.T.);
#1602=EDGE_CURVE('',#2119,#2113,#264,.F.);
#1603=EDGE_CURVE('',#2118,#2121,#373,.F.);
#1604=EDGE_CURVE('',#2122,#2122,#265,.T.);
#1605=EDGE_CURVE('',#2123,#2123,#266,.T.);
#1606=EDGE_CURVE('',#2124,#2124,#267,.T.);
#1607=EDGE_CURVE('',#2125,#2125,#268,.T.);
#1608=EDGE_CURVE('',#2126,#2126,#269,.T.);
#1609=EDGE_CURVE('',#2127,#2128,#374,.F.);
#1610=EDGE_CURVE('',#2128,#2127,#375,.T.);
#1611=EDGE_CURVE('',#2129,#2129,#270,.T.);
#1612=EDGE_CURVE('',#2130,#2130,#271,.T.);
#1613=EDGE_CURVE('',#2131,#2131,#272,.T.);
#1614=EDGE_CURVE('',#2132,#2132,#273,.F.);
#1615=EDGE_CURVE('',#2133,#2133,#274,.T.);
#1616=EDGE_CURVE('',#2134,#2134,#275,.T.);
#1617=EDGE_CURVE('',#2135,#2135,#276,.T.);
#1618=EDGE_CURVE('',#2136,#2137,#277,.T.);
#1619=EDGE_CURVE('',#2138,#2137,#2504,.T.);
#1620=EDGE_CURVE('',#2139,#2138,#278,.T.);
#1621=EDGE_CURVE('',#2139,#2136,#2505,.T.);
#1622=EDGE_CURVE('',#2137,#2140,#2506,.T.);
#1623=EDGE_CURVE('',#2141,#2140,#2507,.T.);
#1624=EDGE_CURVE('',#2138,#2141,#2508,.T.);
#1625=EDGE_CURVE('',#2140,#2142,#52,.T.);
#1626=EDGE_CURVE('',#2143,#2142,#2509,.T.);
#1627=EDGE_CURVE('',#2141,#2143,#53,.T.);
#1628=EDGE_CURVE('',#2142,#2144,#279,.T.);
#1629=EDGE_CURVE('',#2145,#2144,#2510,.T.);
#1630=EDGE_CURVE('',#2143,#2145,#280,.T.);
#1631=EDGE_CURVE('',#2146,#2144,#54,.T.);
#1632=EDGE_CURVE('',#2147,#2146,#2511,.T.);
#1633=EDGE_CURVE('',#2147,#2145,#55,.T.);
#1634=EDGE_CURVE('',#2146,#2148,#2512,.T.);
#1635=EDGE_CURVE('',#2149,#2148,#2513,.T.);
#1636=EDGE_CURVE('',#2147,#2149,#2514,.T.);
#1637=EDGE_CURVE('',#2148,#2150,#281,.T.);
#1638=EDGE_CURVE('',#2151,#2150,#2515,.T.);
#1639=EDGE_CURVE('',#2149,#2151,#282,.T.);
#1640=EDGE_CURVE('',#2150,#2152,#2516,.T.);
#1641=EDGE_CURVE('',#2153,#2152,#2517,.T.);
#1642=EDGE_CURVE('',#2151,#2153,#2518,.T.);
#1643=EDGE_CURVE('',#2152,#2154,#56,.T.);
#1644=EDGE_CURVE('',#2155,#2154,#2519,.T.);
#1645=EDGE_CURVE('',#2153,#2155,#57,.T.);
#1646=EDGE_CURVE('',#2154,#2156,#283,.T.);
#1647=EDGE_CURVE('',#2157,#2156,#2520,.T.);
#1648=EDGE_CURVE('',#2155,#2157,#284,.T.);
#1649=EDGE_CURVE('',#2158,#2156,#58,.T.);
#1650=EDGE_CURVE('',#2159,#2158,#2521,.T.);
#1651=EDGE_CURVE('',#2159,#2157,#59,.T.);
#1652=EDGE_CURVE('',#2158,#2160,#2522,.T.);
#1653=EDGE_CURVE('',#2161,#2160,#2523,.T.);
#1654=EDGE_CURVE('',#2159,#2161,#2524,.T.);
#1655=EDGE_CURVE('',#2160,#2162,#285,.T.);
#1656=EDGE_CURVE('',#2163,#2162,#2525,.T.);
#1657=EDGE_CURVE('',#2161,#2163,#286,.T.);
#1658=EDGE_CURVE('',#2162,#2164,#2526,.T.);
#1659=EDGE_CURVE('',#2165,#2164,#2527,.T.);
#1660=EDGE_CURVE('',#2163,#2165,#2528,.T.);
#1661=EDGE_CURVE('',#2164,#2166,#60,.T.);
#1662=EDGE_CURVE('',#2167,#2166,#2529,.T.);
#1663=EDGE_CURVE('',#2165,#2167,#61,.T.);
#1664=EDGE_CURVE('',#2166,#2168,#287,.T.);
#1665=EDGE_CURVE('',#2169,#2168,#2530,.T.);
#1666=EDGE_CURVE('',#2167,#2169,#288,.T.);
#1667=EDGE_CURVE('',#2170,#2168,#62,.T.);
#1668=EDGE_CURVE('',#2171,#2170,#2531,.T.);
#1669=EDGE_CURVE('',#2171,#2169,#63,.T.);
#1670=EDGE_CURVE('',#2170,#2172,#2532,.T.);
#1671=EDGE_CURVE('',#2173,#2172,#2533,.T.);
#1672=EDGE_CURVE('',#2171,#2173,#2534,.T.);
#1673=EDGE_CURVE('',#2172,#2174,#289,.T.);
#1674=EDGE_CURVE('',#2175,#2174,#2535,.T.);
#1675=EDGE_CURVE('',#2173,#2175,#290,.T.);
#1676=EDGE_CURVE('',#2174,#2176,#2536,.T.);
#1677=EDGE_CURVE('',#2177,#2176,#2537,.T.);
#1678=EDGE_CURVE('',#2175,#2177,#2538,.T.);
#1679=EDGE_CURVE('',#2176,#2178,#64,.T.);
#1680=EDGE_CURVE('',#2179,#2178,#2539,.T.);
#1681=EDGE_CURVE('',#2177,#2179,#65,.T.);
#1682=EDGE_CURVE('',#2178,#2180,#291,.T.);
#1683=EDGE_CURVE('',#2181,#2180,#2540,.T.);
#1684=EDGE_CURVE('',#2179,#2181,#292,.T.);
#1685=EDGE_CURVE('',#2182,#2180,#66,.T.);
#1686=EDGE_CURVE('',#2183,#2182,#2541,.T.);
#1687=EDGE_CURVE('',#2183,#2181,#67,.T.);
#1688=EDGE_CURVE('',#2182,#2184,#2542,.T.);
#1689=EDGE_CURVE('',#2185,#2184,#2543,.T.);
#1690=EDGE_CURVE('',#2183,#2185,#2544,.T.);
#1691=EDGE_CURVE('',#2184,#2186,#293,.T.);
#1692=EDGE_CURVE('',#2187,#2186,#2545,.T.);
#1693=EDGE_CURVE('',#2185,#2187,#294,.T.);
#1694=EDGE_CURVE('',#2186,#2188,#2546,.T.);
#1695=EDGE_CURVE('',#2189,#2188,#2547,.T.);
#1696=EDGE_CURVE('',#2187,#2189,#2548,.T.);
#1697=EDGE_CURVE('',#2188,#2190,#68,.T.);
#1698=EDGE_CURVE('',#2191,#2190,#2549,.T.);
#1699=EDGE_CURVE('',#2189,#2191,#69,.T.);
#1700=EDGE_CURVE('',#2190,#2192,#295,.T.);
#1701=EDGE_CURVE('',#2193,#2192,#2550,.T.);
#1702=EDGE_CURVE('',#2191,#2193,#296,.T.);
#1703=EDGE_CURVE('',#2194,#2192,#70,.T.);
#1704=EDGE_CURVE('',#2195,#2194,#2551,.T.);
#1705=EDGE_CURVE('',#2195,#2193,#71,.T.);
#1706=EDGE_CURVE('',#2194,#2196,#2552,.T.);
#1707=EDGE_CURVE('',#2197,#2196,#2553,.T.);
#1708=EDGE_CURVE('',#2195,#2197,#2554,.T.);
#1709=EDGE_CURVE('',#2196,#2198,#297,.T.);
#1710=EDGE_CURVE('',#2199,#2198,#2555,.T.);
#1711=EDGE_CURVE('',#2197,#2199,#298,.T.);
#1712=EDGE_CURVE('',#2198,#2200,#2556,.T.);
#1713=EDGE_CURVE('',#2201,#2200,#2557,.T.);
#1714=EDGE_CURVE('',#2199,#2201,#2558,.T.);
#1715=EDGE_CURVE('',#2200,#2202,#72,.T.);
#1716=EDGE_CURVE('',#2203,#2202,#2559,.T.);
#1717=EDGE_CURVE('',#2201,#2203,#73,.T.);
#1718=EDGE_CURVE('',#2202,#2204,#299,.T.);
#1719=EDGE_CURVE('',#2205,#2204,#2560,.T.);
#1720=EDGE_CURVE('',#2203,#2205,#300,.T.);
#1721=EDGE_CURVE('',#2206,#2204,#74,.T.);
#1722=EDGE_CURVE('',#2207,#2206,#2561,.T.);
#1723=EDGE_CURVE('',#2207,#2205,#75,.T.);
#1724=EDGE_CURVE('',#2206,#2208,#2562,.T.);
#1725=EDGE_CURVE('',#2209,#2208,#2563,.T.);
#1726=EDGE_CURVE('',#2207,#2209,#2564,.T.);
#1727=EDGE_CURVE('',#2208,#2210,#301,.T.);
#1728=EDGE_CURVE('',#2211,#2210,#2565,.T.);
#1729=EDGE_CURVE('',#2209,#2211,#302,.T.);
#1730=EDGE_CURVE('',#2210,#2212,#2566,.T.);
#1731=EDGE_CURVE('',#2213,#2212,#2567,.T.);
#1732=EDGE_CURVE('',#2211,#2213,#2568,.T.);
#1733=EDGE_CURVE('',#2212,#2214,#76,.T.);
#1734=EDGE_CURVE('',#2215,#2214,#2569,.T.);
#1735=EDGE_CURVE('',#2213,#2215,#77,.T.);
#1736=EDGE_CURVE('',#2214,#2216,#303,.T.);
#1737=EDGE_CURVE('',#2217,#2216,#2570,.T.);
#1738=EDGE_CURVE('',#2215,#2217,#304,.T.);
#1739=EDGE_CURVE('',#2218,#2216,#78,.T.);
#1740=EDGE_CURVE('',#2219,#2218,#2571,.T.);
#1741=EDGE_CURVE('',#2219,#2217,#79,.T.);
#1742=EDGE_CURVE('',#2218,#2220,#2572,.T.);
#1743=EDGE_CURVE('',#2221,#2220,#2573,.T.);
#1744=EDGE_CURVE('',#2219,#2221,#2574,.T.);
#1745=EDGE_CURVE('',#2220,#2222,#305,.T.);
#1746=EDGE_CURVE('',#2223,#2222,#2575,.T.);
#1747=EDGE_CURVE('',#2221,#2223,#306,.T.);
#1748=EDGE_CURVE('',#2222,#2224,#2576,.T.);
#1749=EDGE_CURVE('',#2225,#2224,#2577,.T.);
#1750=EDGE_CURVE('',#2223,#2225,#2578,.T.);
#1751=EDGE_CURVE('',#2224,#2226,#80,.T.);
#1752=EDGE_CURVE('',#2227,#2226,#2579,.T.);
#1753=EDGE_CURVE('',#2225,#2227,#81,.T.);
#1754=EDGE_CURVE('',#2226,#2228,#307,.T.);
#1755=EDGE_CURVE('',#2229,#2228,#2580,.T.);
#1756=EDGE_CURVE('',#2227,#2229,#308,.T.);
#1757=EDGE_CURVE('',#2230,#2228,#82,.T.);
#1758=EDGE_CURVE('',#2231,#2230,#2581,.T.);
#1759=EDGE_CURVE('',#2231,#2229,#83,.T.);
#1760=EDGE_CURVE('',#2230,#2232,#2582,.T.);
#1761=EDGE_CURVE('',#2233,#2232,#2583,.T.);
#1762=EDGE_CURVE('',#2231,#2233,#2584,.T.);
#1763=EDGE_CURVE('',#2232,#2234,#309,.T.);
#1764=EDGE_CURVE('',#2235,#2234,#2585,.T.);
#1765=EDGE_CURVE('',#2233,#2235,#310,.T.);
#1766=EDGE_CURVE('',#2234,#2236,#2586,.T.);
#1767=EDGE_CURVE('',#2237,#2236,#2587,.T.);
#1768=EDGE_CURVE('',#2235,#2237,#2588,.T.);
#1769=EDGE_CURVE('',#2236,#2238,#84,.T.);
#1770=EDGE_CURVE('',#2239,#2238,#2589,.T.);
#1771=EDGE_CURVE('',#2237,#2239,#85,.T.);
#1772=EDGE_CURVE('',#2238,#2240,#311,.T.);
#1773=EDGE_CURVE('',#2241,#2240,#2590,.T.);
#1774=EDGE_CURVE('',#2239,#2241,#312,.T.);
#1775=EDGE_CURVE('',#2242,#2240,#86,.T.);
#1776=EDGE_CURVE('',#2243,#2242,#2591,.T.);
#1777=EDGE_CURVE('',#2243,#2241,#87,.T.);
#1778=EDGE_CURVE('',#2242,#2244,#2592,.T.);
#1779=EDGE_CURVE('',#2245,#2244,#2593,.T.);
#1780=EDGE_CURVE('',#2243,#2245,#2594,.T.);
#1781=EDGE_CURVE('',#2244,#2246,#313,.T.);
#1782=EDGE_CURVE('',#2247,#2246,#2595,.T.);
#1783=EDGE_CURVE('',#2245,#2247,#314,.T.);
#1784=EDGE_CURVE('',#2246,#2248,#2596,.T.);
#1785=EDGE_CURVE('',#2249,#2248,#2597,.T.);
#1786=EDGE_CURVE('',#2247,#2249,#2598,.T.);
#1787=EDGE_CURVE('',#2248,#2250,#88,.T.);
#1788=EDGE_CURVE('',#2251,#2250,#2599,.T.);
#1789=EDGE_CURVE('',#2249,#2251,#89,.T.);
#1790=EDGE_CURVE('',#2250,#2252,#315,.T.);
#1791=EDGE_CURVE('',#2253,#2252,#2600,.T.);
#1792=EDGE_CURVE('',#2251,#2253,#316,.T.);
#1793=EDGE_CURVE('',#2254,#2252,#90,.T.);
#1794=EDGE_CURVE('',#2255,#2254,#2601,.T.);
#1795=EDGE_CURVE('',#2255,#2253,#91,.T.);
#1796=EDGE_CURVE('',#2254,#2256,#2602,.T.);
#1797=EDGE_CURVE('',#2257,#2256,#2603,.T.);
#1798=EDGE_CURVE('',#2255,#2257,#2604,.T.);
#1799=EDGE_CURVE('',#2256,#2258,#317,.T.);
#1800=EDGE_CURVE('',#2259,#2258,#2605,.T.);
#1801=EDGE_CURVE('',#2257,#2259,#318,.T.);
#1802=EDGE_CURVE('',#2258,#2260,#2606,.T.);
#1803=EDGE_CURVE('',#2261,#2260,#2607,.T.);
#1804=EDGE_CURVE('',#2259,#2261,#2608,.T.);
#1805=EDGE_CURVE('',#2260,#2262,#92,.T.);
#1806=EDGE_CURVE('',#2263,#2262,#2609,.T.);
#1807=EDGE_CURVE('',#2261,#2263,#93,.T.);
#1808=EDGE_CURVE('',#2262,#2264,#319,.T.);
#1809=EDGE_CURVE('',#2265,#2264,#2610,.T.);
#1810=EDGE_CURVE('',#2263,#2265,#320,.T.);
#1811=EDGE_CURVE('',#2266,#2264,#94,.T.);
#1812=EDGE_CURVE('',#2267,#2266,#2611,.T.);
#1813=EDGE_CURVE('',#2267,#2265,#95,.T.);
#1814=EDGE_CURVE('',#2266,#2268,#2612,.T.);
#1815=EDGE_CURVE('',#2269,#2268,#2613,.T.);
#1816=EDGE_CURVE('',#2267,#2269,#2614,.T.);
#1817=EDGE_CURVE('',#2268,#2270,#321,.T.);
#1818=EDGE_CURVE('',#2271,#2270,#2615,.T.);
#1819=EDGE_CURVE('',#2269,#2271,#322,.T.);
#1820=EDGE_CURVE('',#2270,#2272,#2616,.T.);
#1821=EDGE_CURVE('',#2273,#2272,#2617,.T.);
#1822=EDGE_CURVE('',#2271,#2273,#2618,.T.);
#1823=EDGE_CURVE('',#2272,#2274,#96,.T.);
#1824=EDGE_CURVE('',#2275,#2274,#2619,.T.);
#1825=EDGE_CURVE('',#2273,#2275,#97,.T.);
#1826=EDGE_CURVE('',#2274,#2276,#323,.T.);
#1827=EDGE_CURVE('',#2277,#2276,#2620,.T.);
#1828=EDGE_CURVE('',#2275,#2277,#324,.T.);
#1829=EDGE_CURVE('',#2278,#2276,#98,.T.);
#1830=EDGE_CURVE('',#2279,#2278,#2621,.T.);
#1831=EDGE_CURVE('',#2279,#2277,#99,.T.);
#1832=EDGE_CURVE('',#2278,#2280,#2622,.T.);
#1833=EDGE_CURVE('',#2281,#2280,#2623,.T.);
#1834=EDGE_CURVE('',#2279,#2281,#2624,.T.);
#1835=EDGE_CURVE('',#2280,#2282,#325,.T.);
#1836=EDGE_CURVE('',#2283,#2282,#2625,.T.);
#1837=EDGE_CURVE('',#2281,#2283,#326,.T.);
#1838=EDGE_CURVE('',#2282,#2284,#2626,.T.);
#1839=EDGE_CURVE('',#2285,#2284,#2627,.T.);
#1840=EDGE_CURVE('',#2283,#2285,#2628,.T.);
#1841=EDGE_CURVE('',#2284,#2286,#100,.T.);
#1842=EDGE_CURVE('',#2287,#2286,#2629,.T.);
#1843=EDGE_CURVE('',#2285,#2287,#101,.T.);
#1844=EDGE_CURVE('',#2286,#2288,#327,.T.);
#1845=EDGE_CURVE('',#2289,#2288,#2630,.T.);
#1846=EDGE_CURVE('',#2287,#2289,#328,.T.);
#1847=EDGE_CURVE('',#2290,#2288,#102,.T.);
#1848=EDGE_CURVE('',#2291,#2290,#2631,.T.);
#1849=EDGE_CURVE('',#2291,#2289,#103,.T.);
#1850=EDGE_CURVE('',#2290,#2292,#2632,.T.);
#1851=EDGE_CURVE('',#2293,#2292,#2633,.T.);
#1852=EDGE_CURVE('',#2291,#2293,#2634,.T.);
#1853=EDGE_CURVE('',#2292,#2294,#329,.T.);
#1854=EDGE_CURVE('',#2295,#2294,#2635,.T.);
#1855=EDGE_CURVE('',#2293,#2295,#330,.T.);
#1856=EDGE_CURVE('',#2294,#2296,#2636,.T.);
#1857=EDGE_CURVE('',#2297,#2296,#2637,.T.);
#1858=EDGE_CURVE('',#2295,#2297,#2638,.T.);
#1859=EDGE_CURVE('',#2296,#2298,#104,.T.);
#1860=EDGE_CURVE('',#2299,#2298,#2639,.T.);
#1861=EDGE_CURVE('',#2297,#2299,#105,.T.);
#1862=EDGE_CURVE('',#2298,#2300,#331,.T.);
#1863=EDGE_CURVE('',#2301,#2300,#2640,.T.);
#1864=EDGE_CURVE('',#2299,#2301,#332,.T.);
#1865=EDGE_CURVE('',#2302,#2300,#106,.T.);
#1866=EDGE_CURVE('',#2303,#2302,#2641,.T.);
#1867=EDGE_CURVE('',#2303,#2301,#107,.T.);
#1868=EDGE_CURVE('',#2302,#2304,#2642,.T.);
#1869=EDGE_CURVE('',#2305,#2304,#2643,.T.);
#1870=EDGE_CURVE('',#2303,#2305,#2644,.T.);
#1871=EDGE_CURVE('',#2304,#2306,#333,.T.);
#1872=EDGE_CURVE('',#2307,#2306,#2645,.T.);
#1873=EDGE_CURVE('',#2305,#2307,#334,.T.);
#1874=EDGE_CURVE('',#2306,#2308,#2646,.T.);
#1875=EDGE_CURVE('',#2309,#2308,#2647,.T.);
#1876=EDGE_CURVE('',#2307,#2309,#2648,.T.);
#1877=EDGE_CURVE('',#2308,#2310,#108,.T.);
#1878=EDGE_CURVE('',#2311,#2310,#2649,.T.);
#1879=EDGE_CURVE('',#2309,#2311,#109,.T.);
#1880=EDGE_CURVE('',#2310,#2312,#335,.T.);
#1881=EDGE_CURVE('',#2313,#2312,#2650,.T.);
#1882=EDGE_CURVE('',#2311,#2313,#336,.T.);
#1883=EDGE_CURVE('',#2314,#2312,#110,.T.);
#1884=EDGE_CURVE('',#2315,#2314,#2651,.T.);
#1885=EDGE_CURVE('',#2315,#2313,#111,.T.);
#1886=EDGE_CURVE('',#2314,#2316,#2652,.T.);
#1887=EDGE_CURVE('',#2317,#2316,#2653,.T.);
#1888=EDGE_CURVE('',#2315,#2317,#2654,.T.);
#1889=EDGE_CURVE('',#2316,#2318,#337,.T.);
#1890=EDGE_CURVE('',#2319,#2318,#2655,.T.);
#1891=EDGE_CURVE('',#2317,#2319,#338,.T.);
#1892=EDGE_CURVE('',#2318,#2320,#2656,.T.);
#1893=EDGE_CURVE('',#2321,#2320,#2657,.T.);
#1894=EDGE_CURVE('',#2319,#2321,#2658,.T.);
#1895=EDGE_CURVE('',#2320,#2322,#112,.T.);
#1896=EDGE_CURVE('',#2323,#2322,#2659,.T.);
#1897=EDGE_CURVE('',#2321,#2323,#113,.T.);
#1898=EDGE_CURVE('',#2322,#2324,#339,.T.);
#1899=EDGE_CURVE('',#2325,#2324,#2660,.T.);
#1900=EDGE_CURVE('',#2323,#2325,#340,.T.);
#1901=EDGE_CURVE('',#2326,#2324,#114,.T.);
#1902=EDGE_CURVE('',#2327,#2326,#2661,.T.);
#1903=EDGE_CURVE('',#2327,#2325,#115,.T.);
#1904=EDGE_CURVE('',#2326,#2136,#2662,.T.);
#1905=EDGE_CURVE('',#2327,#2139,#2663,.T.);
#1906=EDGE_CURVE('',#2328,#2328,#341,.T.);
#1907=EDGE_CURVE('',#2329,#2329,#342,.T.);
#1908=EDGE_CURVE('',#2330,#2330,#343,.T.);
#1909=EDGE_CURVE('',#2331,#2331,#344,.T.);
#1910=EDGE_CURVE('',#2332,#2333,#2664,.T.);
#1911=EDGE_CURVE('',#2334,#2332,#2665,.T.);
#1912=EDGE_CURVE('',#2334,#2335,#2666,.T.);
#1913=EDGE_CURVE('',#2335,#2333,#2667,.T.);
#1914=EDGE_CURVE('',#2336,#2336,#345,.T.);
#1915=EDGE_CURVE('',#2333,#2337,#2668,.T.);
#1916=EDGE_CURVE('',#2335,#2338,#2669,.T.);
#1917=EDGE_CURVE('',#2338,#2337,#2670,.T.);
#1918=EDGE_CURVE('',#2337,#2339,#2671,.T.);
#1919=EDGE_CURVE('',#2338,#2340,#2672,.T.);
#1920=EDGE_CURVE('',#2340,#2339,#2673,.T.);
#1921=EDGE_CURVE('',#2341,#2341,#346,.T.);
#1922=EDGE_CURVE('',#2339,#2332,#2674,.T.);
#1923=EDGE_CURVE('',#2340,#2334,#2675,.T.);
#1924=EDGE_CURVE('',#2342,#2342,#347,.T.);
#1925=EDGE_CURVE('',#2343,#2343,#348,.T.);
#1926=EDGE_CURVE('',#2344,#2344,#349,.T.);
#1927=EDGE_CURVE('',#2345,#2346,#2676,.T.);
#1928=EDGE_CURVE('',#2345,#2347,#2677,.T.);
#1929=EDGE_CURVE('',#2347,#2348,#2678,.T.);
#1930=EDGE_CURVE('',#2346,#2348,#2679,.T.);
#1931=EDGE_CURVE('',#2349,#2350,#2680,.T.);
#1932=EDGE_CURVE('',#2351,#2349,#2681,.T.);
#1933=EDGE_CURVE('',#2352,#2351,#2682,.T.);
#1934=EDGE_CURVE('',#2352,#2350,#2683,.T.);
#1935=EDGE_CURVE('',#2353,#2354,#2684,.T.);
#1936=EDGE_CURVE('',#2355,#2353,#2685,.T.);
#1937=EDGE_CURVE('',#2356,#2355,#2686,.T.);
#1938=EDGE_CURVE('',#2356,#2354,#2687,.T.);
#1939=EDGE_CURVE('',#2357,#2358,#2688,.T.);
#1940=EDGE_CURVE('',#2357,#2359,#2689,.T.);
#1941=EDGE_CURVE('',#2359,#2360,#2690,.T.);
#1942=EDGE_CURVE('',#2358,#2360,#2691,.T.);
#1943=EDGE_CURVE('',#2350,#2353,#350,.T.);
#1944=EDGE_CURVE('',#2355,#2352,#351,.T.);
#1945=EDGE_CURVE('',#2361,#2345,#352,.T.);
#1946=EDGE_CURVE('',#2362,#2361,#2692,.T.);
#1947=EDGE_CURVE('',#2358,#2362,#353,.T.);
#1948=EDGE_CURVE('',#2360,#2347,#354,.T.);
#1949=EDGE_CURVE('',#2363,#2349,#2693,.T.);
#1950=EDGE_CURVE('',#2364,#2363,#2694,.T.);
#1951=EDGE_CURVE('',#2346,#2364,#2695,.T.);
#1952=EDGE_CURVE('',#2348,#2359,#2696,.T.);
#1953=EDGE_CURVE('',#2365,#2357,#2697,.T.);
#1954=EDGE_CURVE('',#2366,#2365,#2698,.T.);
#1955=EDGE_CURVE('',#2354,#2366,#2699,.T.);
#1956=EDGE_CURVE('',#2351,#2356,#2700,.T.);
#1957=EDGE_CURVE('',#2367,#2362,#2701,.T.);
#1958=EDGE_CURVE('',#2368,#2361,#2702,.T.);
#1959=EDGE_CURVE('',#2367,#2368,#2703,.T.);
#1960=EDGE_CURVE('',#2369,#2364,#2704,.T.);
#1961=EDGE_CURVE('',#2368,#2369,#2705,.T.);
#1962=EDGE_CURVE('',#2370,#2363,#2706,.T.);
#1963=EDGE_CURVE('',#2369,#2370,#2707,.T.);
#1964=EDGE_CURVE('',#2371,#2366,#2708,.T.);
#1965=EDGE_CURVE('',#2370,#2371,#2709,.T.);
#1966=EDGE_CURVE('',#2372,#2365,#2710,.T.);
#1967=EDGE_CURVE('',#2371,#2372,#2711,.T.);
#1968=EDGE_CURVE('',#2372,#2367,#2712,.T.);
#1969=EDGE_CURVE('',#2373,#2373,#355,.T.);
#1970=EDGE_CURVE('',#2374,#2374,#356,.T.);
#1971=EDGE_CURVE('',#2375,#2375,#116,.T.);
#1972=EDGE_CURVE('',#2376,#2376,#117,.T.);
#1973=EDGE_CURVE('',#2377,#2378,#2713,.F.);
#1974=EDGE_CURVE('',#2378,#2379,#2714,.T.);
#1975=EDGE_CURVE('',#2379,#2380,#2715,.T.);
#1976=EDGE_CURVE('',#2377,#2380,#2716,.T.);
#1977=EDGE_CURVE('',#2381,#2382,#2717,.F.);
#1978=EDGE_CURVE('',#2382,#2383,#2718,.T.);
#1979=EDGE_CURVE('',#2383,#2384,#2719,.T.);
#1980=EDGE_CURVE('',#2384,#2381,#2720,.T.);
#1981=EDGE_CURVE('',#2385,#2386,#2721,.F.);
#1982=EDGE_CURVE('',#2386,#2387,#2722,.T.);
#1983=EDGE_CURVE('',#2387,#2388,#2723,.T.);
#1984=EDGE_CURVE('',#2388,#2385,#2724,.T.);
#1985=EDGE_CURVE('',#2389,#2390,#2725,.F.);
#1986=EDGE_CURVE('',#2390,#2391,#2726,.T.);
#1987=EDGE_CURVE('',#2391,#2392,#2727,.T.);
#1988=EDGE_CURVE('',#2389,#2392,#2728,.T.);
#1989=EDGE_CURVE('',#2393,#2394,#2729,.T.);
#1990=EDGE_CURVE('',#2394,#2395,#2730,.T.);
#1991=EDGE_CURVE('',#2395,#2396,#2731,.T.);
#1992=EDGE_CURVE('',#2396,#2393,#2732,.T.);
#1993=EDGE_CURVE('',#2380,#2389,#357,.F.);
#1994=EDGE_CURVE('',#2392,#2385,#358,.F.);
#1995=EDGE_CURVE('',#2388,#2381,#359,.F.);
#1996=EDGE_CURVE('',#2384,#2377,#360,.F.);
#1997=EDGE_CURVE('',#2379,#2390,#361,.F.);
#1998=EDGE_CURVE('',#2391,#2386,#362,.F.);
#1999=EDGE_CURVE('',#2387,#2382,#363,.F.);
#2000=EDGE_CURVE('',#2383,#2378,#364,.F.);
#2001=EDGE_CURVE('',#2383,#2396,#2733,.T.);
#2002=EDGE_CURVE('',#2393,#2382,#2734,.T.);
#2003=EDGE_CURVE('',#2378,#2396,#2735,.T.);
#2004=EDGE_CURVE('',#2393,#2387,#2736,.T.);
#2005=EDGE_CURVE('',#2379,#2395,#2737,.T.);
#2006=EDGE_CURVE('',#2394,#2386,#2738,.T.);
#2007=EDGE_CURVE('',#2390,#2395,#2739,.T.);
#2008=EDGE_CURVE('',#2394,#2391,#2740,.T.);
#2009=EDGE_CURVE('',#2397,#2398,#2741,.T.);
#2010=EDGE_CURVE('',#2399,#2397,#2742,.T.);
#2011=EDGE_CURVE('',#2399,#2400,#2743,.T.);
#2012=EDGE_CURVE('',#2400,#2398,#2744,.T.);
#2013=EDGE_CURVE('',#2397,#2401,#2745,.T.);
#2014=EDGE_CURVE('',#2402,#2401,#2746,.T.);
#2015=EDGE_CURVE('',#2399,#2402,#2747,.T.);
#2016=EDGE_CURVE('',#2401,#2403,#2748,.T.);
#2017=EDGE_CURVE('',#2404,#2403,#2749,.T.);
#2018=EDGE_CURVE('',#2402,#2404,#2750,.T.);
#2019=EDGE_CURVE('',#2398,#2403,#2751,.T.);
#2020=EDGE_CURVE('',#2400,#2404,#2752,.T.);
#2021=EDGE_CURVE('',#2405,#2406,#2753,.T.);
#2022=EDGE_CURVE('',#2407,#2405,#2754,.T.);
#2023=EDGE_CURVE('',#2407,#2408,#2755,.T.);
#2024=EDGE_CURVE('',#2408,#2406,#2756,.T.);
#2025=EDGE_CURVE('',#2409,#2409,#365,.F.);
#2026=EDGE_CURVE('',#2410,#2410,#366,.F.);
#2027=EDGE_CURVE('',#2406,#2411,#2757,.T.);
#2028=EDGE_CURVE('',#2411,#2412,#2758,.T.);
#2029=EDGE_CURVE('',#2405,#2412,#2759,.T.);
#2030=EDGE_CURVE('',#2408,#2413,#2760,.T.);
#2031=EDGE_CURVE('',#2411,#2413,#2761,.T.);
#2032=EDGE_CURVE('',#2407,#2414,#2762,.T.);
#2033=EDGE_CURVE('',#2413,#2414,#2763,.T.);
#2034=EDGE_CURVE('',#2412,#2414,#2764,.T.);
#2035=EDGE_CURVE('',#2415,#2416,#2765,.T.);
#2036=EDGE_CURVE('',#2417,#2415,#367,.T.);
#2037=EDGE_CURVE('',#2418,#2417,#2766,.F.);
#2038=EDGE_CURVE('',#2418,#2416,#368,.T.);
#2039=EDGE_CURVE('',#2415,#2417,#369,.T.);
#2040=EDGE_CURVE('',#2416,#2418,#370,.T.);
#2041=VERTEX_POINT('',#5745);
#2042=VERTEX_POINT('',#5746);
#2043=VERTEX_POINT('',#5748);
#2044=VERTEX_POINT('',#5750);
#2045=VERTEX_POINT('',#5754);
#2046=VERTEX_POINT('',#5755);
#2047=VERTEX_POINT('',#5757);
#2048=VERTEX_POINT('',#5759);
#2049=VERTEX_POINT('',#5763);
#2050=VERTEX_POINT('',#5764);
#2051=VERTEX_POINT('',#5772);
#2052=VERTEX_POINT('',#5784);
#2053=VERTEX_POINT('',#5785);
#2054=VERTEX_POINT('',#5787);
#2055=VERTEX_POINT('',#5789);
#2056=VERTEX_POINT('',#5793);
#2057=VERTEX_POINT('',#5795);
#2058=VERTEX_POINT('',#5799);
#2059=VERTEX_POINT('',#5801);
#2060=VERTEX_POINT('',#5808);
#2061=VERTEX_POINT('',#5812);
#2062=VERTEX_POINT('',#5814);
#2063=VERTEX_POINT('',#5820);
#2064=VERTEX_POINT('',#5821);
#2065=VERTEX_POINT('',#5823);
#2066=VERTEX_POINT('',#5825);
#2067=VERTEX_POINT('',#5829);
#2068=VERTEX_POINT('',#5830);
#2069=VERTEX_POINT('',#5835);
#2070=VERTEX_POINT('',#5836);
#2071=VERTEX_POINT('',#5847);
#2072=VERTEX_POINT('',#5848);
#2073=VERTEX_POINT('',#5850);
#2074=VERTEX_POINT('',#5852);
#2075=VERTEX_POINT('',#5856);
#2076=VERTEX_POINT('',#5857);
#2077=VERTEX_POINT('',#5862);
#2078=VERTEX_POINT('',#5863);
#2079=VERTEX_POINT('',#5874);
#2080=VERTEX_POINT('',#5875);
#2081=VERTEX_POINT('',#5877);
#2082=VERTEX_POINT('',#5879);
#2083=VERTEX_POINT('',#5883);
#2084=VERTEX_POINT('',#5885);
#2085=VERTEX_POINT('',#5889);
#2086=VERTEX_POINT('',#5891);
#2087=VERTEX_POINT('',#5898);
#2088=VERTEX_POINT('',#5901);
#2089=VERTEX_POINT('',#5904);
#2090=VERTEX_POINT('',#5909);
#2091=VERTEX_POINT('',#5911);
#2092=VERTEX_POINT('',#5929);
#2093=VERTEX_POINT('',#5947);
#2094=VERTEX_POINT('',#5954);
#2095=VERTEX_POINT('',#5955);
#2096=VERTEX_POINT('',#5957);
#2097=VERTEX_POINT('',#5959);
#2098=VERTEX_POINT('',#5963);
#2099=VERTEX_POINT('',#5965);
#2100=VERTEX_POINT('',#5975);
#2101=VERTEX_POINT('',#5976);
#2102=VERTEX_POINT('',#5978);
#2103=VERTEX_POINT('',#5980);
#2104=VERTEX_POINT('',#5984);
#2105=VERTEX_POINT('',#5985);
#2106=VERTEX_POINT('',#5987);
#2107=VERTEX_POINT('',#5989);
#2108=VERTEX_POINT('',#5993);
#2109=VERTEX_POINT('',#5995);
#2110=VERTEX_POINT('',#5999);
#2111=VERTEX_POINT('',#6001);
#2112=VERTEX_POINT('',#6014);
#2113=VERTEX_POINT('',#6015);
#2114=VERTEX_POINT('',#6017);
#2115=VERTEX_POINT('',#6019);
#2116=VERTEX_POINT('',#6023);
#2117=VERTEX_POINT('',#6024);
#2118=VERTEX_POINT('',#6026);
#2119=VERTEX_POINT('',#6028);
#2120=VERTEX_POINT('',#6032);
#2121=VERTEX_POINT('',#6037);
#2122=VERTEX_POINT('',#6047);
#2123=VERTEX_POINT('',#6050);
#2124=VERTEX_POINT('',#6053);
#2125=VERTEX_POINT('',#6058);
#2126=VERTEX_POINT('',#6060);
#2127=VERTEX_POINT('',#6062);
#2128=VERTEX_POINT('',#6063);
#2129=VERTEX_POINT('',#6069);
#2130=VERTEX_POINT('',#6074);
#2131=VERTEX_POINT('',#6076);
#2132=VERTEX_POINT('',#6079);
#2133=VERTEX_POINT('',#6082);
#2134=VERTEX_POINT('',#6085);
#2135=VERTEX_POINT('',#6088);
#2136=VERTEX_POINT('',#6093);
#2137=VERTEX_POINT('',#6094);
#2138=VERTEX_POINT('',#6096);
#2139=VERTEX_POINT('',#6098);
#2140=VERTEX_POINT('',#6102);
#2141=VERTEX_POINT('',#6104);
#2142=VERTEX_POINT('',#6118);
#2143=VERTEX_POINT('',#6120);
#2144=VERTEX_POINT('',#6127);
#2145=VERTEX_POINT('',#6129);
#2146=VERTEX_POINT('',#6143);
#2147=VERTEX_POINT('',#6145);
#2148=VERTEX_POINT('',#6152);
#2149=VERTEX_POINT('',#6154);
#2150=VERTEX_POINT('',#6158);
#2151=VERTEX_POINT('',#6160);
#2152=VERTEX_POINT('',#6164);
#2153=VERTEX_POINT('',#6166);
#2154=VERTEX_POINT('',#6180);
#2155=VERTEX_POINT('',#6182);
#2156=VERTEX_POINT('',#6189);
#2157=VERTEX_POINT('',#6191);
#2158=VERTEX_POINT('',#6205);
#2159=VERTEX_POINT('',#6207);
#2160=VERTEX_POINT('',#6214);
#2161=VERTEX_POINT('',#6216);
#2162=VERTEX_POINT('',#6220);
#2163=VERTEX_POINT('',#6222);
#2164=VERTEX_POINT('',#6226);
#2165=VERTEX_POINT('',#6228);
#2166=VERTEX_POINT('',#6242);
#2167=VERTEX_POINT('',#6244);
#2168=VERTEX_POINT('',#6251);
#2169=VERTEX_POINT('',#6253);
#2170=VERTEX_POINT('',#6267);
#2171=VERTEX_POINT('',#6269);
#2172=VERTEX_POINT('',#6276);
#2173=VERTEX_POINT('',#6278);
#2174=VERTEX_POINT('',#6282);
#2175=VERTEX_POINT('',#6284);
#2176=VERTEX_POINT('',#6288);
#2177=VERTEX_POINT('',#6290);
#2178=VERTEX_POINT('',#6304);
#2179=VERTEX_POINT('',#6306);
#2180=VERTEX_POINT('',#6313);
#2181=VERTEX_POINT('',#6315);
#2182=VERTEX_POINT('',#6329);
#2183=VERTEX_POINT('',#6331);
#2184=VERTEX_POINT('',#6338);
#2185=VERTEX_POINT('',#6340);
#2186=VERTEX_POINT('',#6344);
#2187=VERTEX_POINT('',#6346);
#2188=VERTEX_POINT('',#6350);
#2189=VERTEX_POINT('',#6352);
#2190=VERTEX_POINT('',#6366);
#2191=VERTEX_POINT('',#6368);
#2192=VERTEX_POINT('',#6375);
#2193=VERTEX_POINT('',#6377);
#2194=VERTEX_POINT('',#6391);
#2195=VERTEX_POINT('',#6393);
#2196=VERTEX_POINT('',#6400);
#2197=VERTEX_POINT('',#6402);
#2198=VERTEX_POINT('',#6406);
#2199=VERTEX_POINT('',#6408);
#2200=VERTEX_POINT('',#6412);
#2201=VERTEX_POINT('',#6414);
#2202=VERTEX_POINT('',#6428);
#2203=VERTEX_POINT('',#6430);
#2204=VERTEX_POINT('',#6437);
#2205=VERTEX_POINT('',#6439);
#2206=VERTEX_POINT('',#6453);
#2207=VERTEX_POINT('',#6455);
#2208=VERTEX_POINT('',#6462);
#2209=VERTEX_POINT('',#6464);
#2210=VERTEX_POINT('',#6468);
#2211=VERTEX_POINT('',#6470);
#2212=VERTEX_POINT('',#6474);
#2213=VERTEX_POINT('',#6476);
#2214=VERTEX_POINT('',#6490);
#2215=VERTEX_POINT('',#6492);
#2216=VERTEX_POINT('',#6499);
#2217=VERTEX_POINT('',#6501);
#2218=VERTEX_POINT('',#6515);
#2219=VERTEX_POINT('',#6517);
#2220=VERTEX_POINT('',#6524);
#2221=VERTEX_POINT('',#6526);
#2222=VERTEX_POINT('',#6530);
#2223=VERTEX_POINT('',#6532);
#2224=VERTEX_POINT('',#6536);
#2225=VERTEX_POINT('',#6538);
#2226=VERTEX_POINT('',#6552);
#2227=VERTEX_POINT('',#6554);
#2228=VERTEX_POINT('',#6561);
#2229=VERTEX_POINT('',#6563);
#2230=VERTEX_POINT('',#6577);
#2231=VERTEX_POINT('',#6579);
#2232=VERTEX_POINT('',#6586);
#2233=VERTEX_POINT('',#6588);
#2234=VERTEX_POINT('',#6592);
#2235=VERTEX_POINT('',#6594);
#2236=VERTEX_POINT('',#6598);
#2237=VERTEX_POINT('',#6600);
#2238=VERTEX_POINT('',#6614);
#2239=VERTEX_POINT('',#6616);
#2240=VERTEX_POINT('',#6623);
#2241=VERTEX_POINT('',#6625);
#2242=VERTEX_POINT('',#6639);
#2243=VERTEX_POINT('',#6641);
#2244=VERTEX_POINT('',#6648);
#2245=VERTEX_POINT('',#6650);
#2246=VERTEX_POINT('',#6654);
#2247=VERTEX_POINT('',#6656);
#2248=VERTEX_POINT('',#6660);
#2249=VERTEX_POINT('',#6662);
#2250=VERTEX_POINT('',#6676);
#2251=VERTEX_POINT('',#6678);
#2252=VERTEX_POINT('',#6685);
#2253=VERTEX_POINT('',#6687);
#2254=VERTEX_POINT('',#6701);
#2255=VERTEX_POINT('',#6703);
#2256=VERTEX_POINT('',#6710);
#2257=VERTEX_POINT('',#6712);
#2258=VERTEX_POINT('',#6716);
#2259=VERTEX_POINT('',#6718);
#2260=VERTEX_POINT('',#6722);
#2261=VERTEX_POINT('',#6724);
#2262=VERTEX_POINT('',#6738);
#2263=VERTEX_POINT('',#6740);
#2264=VERTEX_POINT('',#6747);
#2265=VERTEX_POINT('',#6749);
#2266=VERTEX_POINT('',#6763);
#2267=VERTEX_POINT('',#6765);
#2268=VERTEX_POINT('',#6772);
#2269=VERTEX_POINT('',#6774);
#2270=VERTEX_POINT('',#6778);
#2271=VERTEX_POINT('',#6780);
#2272=VERTEX_POINT('',#6784);
#2273=VERTEX_POINT('',#6786);
#2274=VERTEX_POINT('',#6800);
#2275=VERTEX_POINT('',#6802);
#2276=VERTEX_POINT('',#6809);
#2277=VERTEX_POINT('',#6811);
#2278=VERTEX_POINT('',#6825);
#2279=VERTEX_POINT('',#6827);
#2280=VERTEX_POINT('',#6834);
#2281=VERTEX_POINT('',#6836);
#2282=VERTEX_POINT('',#6840);
#2283=VERTEX_POINT('',#6842);
#2284=VERTEX_POINT('',#6846);
#2285=VERTEX_POINT('',#6848);
#2286=VERTEX_POINT('',#6862);
#2287=VERTEX_POINT('',#6864);
#2288=VERTEX_POINT('',#6871);
#2289=VERTEX_POINT('',#6873);
#2290=VERTEX_POINT('',#6887);
#2291=VERTEX_POINT('',#6889);
#2292=VERTEX_POINT('',#6896);
#2293=VERTEX_POINT('',#6898);
#2294=VERTEX_POINT('',#6902);
#2295=VERTEX_POINT('',#6904);
#2296=VERTEX_POINT('',#6908);
#2297=VERTEX_POINT('',#6910);
#2298=VERTEX_POINT('',#6924);
#2299=VERTEX_POINT('',#6926);
#2300=VERTEX_POINT('',#6933);
#2301=VERTEX_POINT('',#6935);
#2302=VERTEX_POINT('',#6949);
#2303=VERTEX_POINT('',#6951);
#2304=VERTEX_POINT('',#6958);
#2305=VERTEX_POINT('',#6960);
#2306=VERTEX_POINT('',#6964);
#2307=VERTEX_POINT('',#6966);
#2308=VERTEX_POINT('',#6970);
#2309=VERTEX_POINT('',#6972);
#2310=VERTEX_POINT('',#6986);
#2311=VERTEX_POINT('',#6988);
#2312=VERTEX_POINT('',#6995);
#2313=VERTEX_POINT('',#6997);
#2314=VERTEX_POINT('',#7011);
#2315=VERTEX_POINT('',#7013);
#2316=VERTEX_POINT('',#7020);
#2317=VERTEX_POINT('',#7022);
#2318=VERTEX_POINT('',#7026);
#2319=VERTEX_POINT('',#7028);
#2320=VERTEX_POINT('',#7032);
#2321=VERTEX_POINT('',#7034);
#2322=VERTEX_POINT('',#7048);
#2323=VERTEX_POINT('',#7050);
#2324=VERTEX_POINT('',#7057);
#2325=VERTEX_POINT('',#7059);
#2326=VERTEX_POINT('',#7073);
#2327=VERTEX_POINT('',#7075);
#2328=VERTEX_POINT('',#7085);
#2329=VERTEX_POINT('',#7088);
#2330=VERTEX_POINT('',#7091);
#2331=VERTEX_POINT('',#7094);
#2332=VERTEX_POINT('',#7099);
#2333=VERTEX_POINT('',#7100);
#2334=VERTEX_POINT('',#7102);
#2335=VERTEX_POINT('',#7104);
#2336=VERTEX_POINT('',#7108);
#2337=VERTEX_POINT('',#7110);
#2338=VERTEX_POINT('',#7112);
#2339=VERTEX_POINT('',#7116);
#2340=VERTEX_POINT('',#7118);
#2341=VERTEX_POINT('',#7122);
#2342=VERTEX_POINT('',#7131);
#2343=VERTEX_POINT('',#7133);
#2344=VERTEX_POINT('',#7136);
#2345=VERTEX_POINT('',#7142);
#2346=VERTEX_POINT('',#7143);
#2347=VERTEX_POINT('',#7145);
#2348=VERTEX_POINT('',#7147);
#2349=VERTEX_POINT('',#7151);
#2350=VERTEX_POINT('',#7152);
#2351=VERTEX_POINT('',#7154);
#2352=VERTEX_POINT('',#7156);
#2353=VERTEX_POINT('',#7160);
#2354=VERTEX_POINT('',#7161);
#2355=VERTEX_POINT('',#7163);
#2356=VERTEX_POINT('',#7165);
#2357=VERTEX_POINT('',#7169);
#2358=VERTEX_POINT('',#7170);
#2359=VERTEX_POINT('',#7172);
#2360=VERTEX_POINT('',#7174);
#2361=VERTEX_POINT('',#7181);
#2362=VERTEX_POINT('',#7183);
#2363=VERTEX_POINT('',#7188);
#2364=VERTEX_POINT('',#7190);
#2365=VERTEX_POINT('',#7194);
#2366=VERTEX_POINT('',#7196);
#2367=VERTEX_POINT('',#7203);
#2368=VERTEX_POINT('',#7205);
#2369=VERTEX_POINT('',#7209);
#2370=VERTEX_POINT('',#7213);
#2371=VERTEX_POINT('',#7217);
#2372=VERTEX_POINT('',#7221);
#2373=VERTEX_POINT('',#7229);
#2374=VERTEX_POINT('',#7231);
#2375=VERTEX_POINT('',#7243);
#2376=VERTEX_POINT('',#7255);
#2377=VERTEX_POINT('',#7262);
#2378=VERTEX_POINT('',#7263);
#2379=VERTEX_POINT('',#7265);
#2380=VERTEX_POINT('',#7267);
#2381=VERTEX_POINT('',#7271);
#2382=VERTEX_POINT('',#7272);
#2383=VERTEX_POINT('',#7274);
#2384=VERTEX_POINT('',#7276);
#2385=VERTEX_POINT('',#7280);
#2386=VERTEX_POINT('',#7281);
#2387=VERTEX_POINT('',#7283);
#2388=VERTEX_POINT('',#7285);
#2389=VERTEX_POINT('',#7289);
#2390=VERTEX_POINT('',#7290);
#2391=VERTEX_POINT('',#7292);
#2392=VERTEX_POINT('',#7294);
#2393=VERTEX_POINT('',#7298);
#2394=VERTEX_POINT('',#7299);
#2395=VERTEX_POINT('',#7301);
#2396=VERTEX_POINT('',#7303);
#2397=VERTEX_POINT('',#7337);
#2398=VERTEX_POINT('',#7338);
#2399=VERTEX_POINT('',#7340);
#2400=VERTEX_POINT('',#7342);
#2401=VERTEX_POINT('',#7346);
#2402=VERTEX_POINT('',#7348);
#2403=VERTEX_POINT('',#7352);
#2404=VERTEX_POINT('',#7354);
#2405=VERTEX_POINT('',#7361);
#2406=VERTEX_POINT('',#7362);
#2407=VERTEX_POINT('',#7364);
#2408=VERTEX_POINT('',#7366);
#2409=VERTEX_POINT('',#7369);
#2410=VERTEX_POINT('',#7372);
#2411=VERTEX_POINT('',#7376);
#2412=VERTEX_POINT('',#7378);
#2413=VERTEX_POINT('',#7382);
#2414=VERTEX_POINT('',#7386);
#2415=VERTEX_POINT('',#7394);
#2416=VERTEX_POINT('',#7395);
#2417=VERTEX_POINT('',#7397);
#2418=VERTEX_POINT('',#7399);
#2419=LINE('',#5744,#2767);
#2420=LINE('',#5747,#2768);
#2421=LINE('',#5749,#2769);
#2422=LINE('',#5751,#2770);
#2423=LINE('',#5753,#2771);
#2424=LINE('',#5756,#2772);
#2425=LINE('',#5758,#2773);
#2426=LINE('',#5760,#2774);
#2427=LINE('',#5762,#2775);
#2428=LINE('',#5766,#2776);
#2429=LINE('',#5771,#2777);
#2430=LINE('',#5773,#2778);
#2431=LINE('',#5783,#2779);
#2432=LINE('',#5786,#2780);
#2433=LINE('',#5788,#2781);
#2434=LINE('',#5790,#2782);
#2435=LINE('',#5792,#2783);
#2436=LINE('',#5794,#2784);
#2437=LINE('',#5796,#2785);
#2438=LINE('',#5798,#2786);
#2439=LINE('',#5800,#2787);
#2440=LINE('',#5802,#2788);
#2441=LINE('',#5804,#2789);
#2442=LINE('',#5805,#2790);
#2443=LINE('',#5822,#2791);
#2444=LINE('',#5826,#2792);
#2445=LINE('',#5831,#2793);
#2446=LINE('',#5832,#2794);
#2447=LINE('',#5837,#2795);
#2448=LINE('',#5838,#2796);
#2449=LINE('',#5840,#2797);
#2450=LINE('',#5841,#2798);
#2451=LINE('',#5849,#2799);
#2452=LINE('',#5853,#2800);
#2453=LINE('',#5858,#2801);
#2454=LINE('',#5859,#2802);
#2455=LINE('',#5864,#2803);
#2456=LINE('',#5865,#2804);
#2457=LINE('',#5867,#2805);
#2458=LINE('',#5868,#2806);
#2459=LINE('',#5873,#2807);
#2460=LINE('',#5876,#2808);
#2461=LINE('',#5878,#2809);
#2462=LINE('',#5880,#2810);
#2463=LINE('',#5882,#2811);
#2464=LINE('',#5884,#2812);
#2465=LINE('',#5886,#2813);
#2466=LINE('',#5888,#2814);
#2467=LINE('',#5890,#2815);
#2468=LINE('',#5892,#2816);
#2469=LINE('',#5894,#2817);
#2470=LINE('',#5895,#2818);
#2471=LINE('',#5956,#2819);
#2472=LINE('',#5960,#2820);
#2473=LINE('',#5962,#2821);
#2474=LINE('',#5964,#2822);
#2475=LINE('',#5966,#2823);
#2476=LINE('',#5974,#2824);
#2477=LINE('',#5977,#2825);
#2478=LINE('',#5979,#2826);
#2479=LINE('',#5981,#2827);
#2480=LINE('',#5983,#2828);
#2481=LINE('',#5986,#2829);
#2482=LINE('',#5988,#2830);
#2483=LINE('',#5990,#2831);
#2484=LINE('',#5992,#2832);
#2485=LINE('',#5994,#2833);
#2486=LINE('',#5996,#2834);
#2487=LINE('',#5998,#2835);
#2488=LINE('',#6000,#2836);
#2489=LINE('',#6002,#2837);
#2490=LINE('',#6004,#2838);
#2491=LINE('',#6005,#2839);
#2492=LINE('',#6013,#2840);
#2493=LINE('',#6016,#2841);
#2494=LINE('',#6018,#2842);
#2495=LINE('',#6020,#2843);
#2496=LINE('',#6022,#2844);
#2497=LINE('',#6025,#2845);
#2498=LINE('',#6027,#2846);
#2499=LINE('',#6029,#2847);
#2500=LINE('',#6031,#2848);
#2501=LINE('',#6033,#2849);
#2502=LINE('',#6034,#2850);
#2503=LINE('',#6038,#2851);
#2504=LINE('',#6095,#2852);
#2505=LINE('',#6099,#2853);
#2506=LINE('',#6101,#2854);
#2507=LINE('',#6103,#2855);
#2508=LINE('',#6105,#2856);
#2509=LINE('',#6119,#2857);
#2510=LINE('',#6128,#2858);
#2511=LINE('',#6144,#2859);
#2512=LINE('',#6151,#2860);
#2513=LINE('',#6153,#2861);
#2514=LINE('',#6155,#2862);
#2515=LINE('',#6159,#2863);
#2516=LINE('',#6163,#2864);
#2517=LINE('',#6165,#2865);
#2518=LINE('',#6167,#2866);
#2519=LINE('',#6181,#2867);
#2520=LINE('',#6190,#2868);
#2521=LINE('',#6206,#2869);
#2522=LINE('',#6213,#2870);
#2523=LINE('',#6215,#2871);
#2524=LINE('',#6217,#2872);
#2525=LINE('',#6221,#2873);
#2526=LINE('',#6225,#2874);
#2527=LINE('',#6227,#2875);
#2528=LINE('',#6229,#2876);
#2529=LINE('',#6243,#2877);
#2530=LINE('',#6252,#2878);
#2531=LINE('',#6268,#2879);
#2532=LINE('',#6275,#2880);
#2533=LINE('',#6277,#2881);
#2534=LINE('',#6279,#2882);
#2535=LINE('',#6283,#2883);
#2536=LINE('',#6287,#2884);
#2537=LINE('',#6289,#2885);
#2538=LINE('',#6291,#2886);
#2539=LINE('',#6305,#2887);
#2540=LINE('',#6314,#2888);
#2541=LINE('',#6330,#2889);
#2542=LINE('',#6337,#2890);
#2543=LINE('',#6339,#2891);
#2544=LINE('',#6341,#2892);
#2545=LINE('',#6345,#2893);
#2546=LINE('',#6349,#2894);
#2547=LINE('',#6351,#2895);
#2548=LINE('',#6353,#2896);
#2549=LINE('',#6367,#2897);
#2550=LINE('',#6376,#2898);
#2551=LINE('',#6392,#2899);
#2552=LINE('',#6399,#2900);
#2553=LINE('',#6401,#2901);
#2554=LINE('',#6403,#2902);
#2555=LINE('',#6407,#2903);
#2556=LINE('',#6411,#2904);
#2557=LINE('',#6413,#2905);
#2558=LINE('',#6415,#2906);
#2559=LINE('',#6429,#2907);
#2560=LINE('',#6438,#2908);
#2561=LINE('',#6454,#2909);
#2562=LINE('',#6461,#2910);
#2563=LINE('',#6463,#2911);
#2564=LINE('',#6465,#2912);
#2565=LINE('',#6469,#2913);
#2566=LINE('',#6473,#2914);
#2567=LINE('',#6475,#2915);
#2568=LINE('',#6477,#2916);
#2569=LINE('',#6491,#2917);
#2570=LINE('',#6500,#2918);
#2571=LINE('',#6516,#2919);
#2572=LINE('',#6523,#2920);
#2573=LINE('',#6525,#2921);
#2574=LINE('',#6527,#2922);
#2575=LINE('',#6531,#2923);
#2576=LINE('',#6535,#2924);
#2577=LINE('',#6537,#2925);
#2578=LINE('',#6539,#2926);
#2579=LINE('',#6553,#2927);
#2580=LINE('',#6562,#2928);
#2581=LINE('',#6578,#2929);
#2582=LINE('',#6585,#2930);
#2583=LINE('',#6587,#2931);
#2584=LINE('',#6589,#2932);
#2585=LINE('',#6593,#2933);
#2586=LINE('',#6597,#2934);
#2587=LINE('',#6599,#2935);
#2588=LINE('',#6601,#2936);
#2589=LINE('',#6615,#2937);
#2590=LINE('',#6624,#2938);
#2591=LINE('',#6640,#2939);
#2592=LINE('',#6647,#2940);
#2593=LINE('',#6649,#2941);
#2594=LINE('',#6651,#2942);
#2595=LINE('',#6655,#2943);
#2596=LINE('',#6659,#2944);
#2597=LINE('',#6661,#2945);
#2598=LINE('',#6663,#2946);
#2599=LINE('',#6677,#2947);
#2600=LINE('',#6686,#2948);
#2601=LINE('',#6702,#2949);
#2602=LINE('',#6709,#2950);
#2603=LINE('',#6711,#2951);
#2604=LINE('',#6713,#2952);
#2605=LINE('',#6717,#2953);
#2606=LINE('',#6721,#2954);
#2607=LINE('',#6723,#2955);
#2608=LINE('',#6725,#2956);
#2609=LINE('',#6739,#2957);
#2610=LINE('',#6748,#2958);
#2611=LINE('',#6764,#2959);
#2612=LINE('',#6771,#2960);
#2613=LINE('',#6773,#2961);
#2614=LINE('',#6775,#2962);
#2615=LINE('',#6779,#2963);
#2616=LINE('',#6783,#2964);
#2617=LINE('',#6785,#2965);
#2618=LINE('',#6787,#2966);
#2619=LINE('',#6801,#2967);
#2620=LINE('',#6810,#2968);
#2621=LINE('',#6826,#2969);
#2622=LINE('',#6833,#2970);
#2623=LINE('',#6835,#2971);
#2624=LINE('',#6837,#2972);
#2625=LINE('',#6841,#2973);
#2626=LINE('',#6845,#2974);
#2627=LINE('',#6847,#2975);
#2628=LINE('',#6849,#2976);
#2629=LINE('',#6863,#2977);
#2630=LINE('',#6872,#2978);
#2631=LINE('',#6888,#2979);
#2632=LINE('',#6895,#2980);
#2633=LINE('',#6897,#2981);
#2634=LINE('',#6899,#2982);
#2635=LINE('',#6903,#2983);
#2636=LINE('',#6907,#2984);
#2637=LINE('',#6909,#2985);
#2638=LINE('',#6911,#2986);
#2639=LINE('',#6925,#2987);
#2640=LINE('',#6934,#2988);
#2641=LINE('',#6950,#2989);
#2642=LINE('',#6957,#2990);
#2643=LINE('',#6959,#2991);
#2644=LINE('',#6961,#2992);
#2645=LINE('',#6965,#2993);
#2646=LINE('',#6969,#2994);
#2647=LINE('',#6971,#2995);
#2648=LINE('',#6973,#2996);
#2649=LINE('',#6987,#2997);
#2650=LINE('',#6996,#2998);
#2651=LINE('',#7012,#2999);
#2652=LINE('',#7019,#3000);
#2653=LINE('',#7021,#3001);
#2654=LINE('',#7023,#3002);
#2655=LINE('',#7027,#3003);
#2656=LINE('',#7031,#3004);
#2657=LINE('',#7033,#3005);
#2658=LINE('',#7035,#3006);
#2659=LINE('',#7049,#3007);
#2660=LINE('',#7058,#3008);
#2661=LINE('',#7074,#3009);
#2662=LINE('',#7081,#3010);
#2663=LINE('',#7082,#3011);
#2664=LINE('',#7098,#3012);
#2665=LINE('',#7101,#3013);
#2666=LINE('',#7103,#3014);
#2667=LINE('',#7105,#3015);
#2668=LINE('',#7109,#3016);
#2669=LINE('',#7111,#3017);
#2670=LINE('',#7113,#3018);
#2671=LINE('',#7115,#3019);
#2672=LINE('',#7117,#3020);
#2673=LINE('',#7119,#3021);
#2674=LINE('',#7123,#3022);
#2675=LINE('',#7124,#3023);
#2676=LINE('',#7141,#3024);
#2677=LINE('',#7144,#3025);
#2678=LINE('',#7146,#3026);
#2679=LINE('',#7148,#3027);
#2680=LINE('',#7150,#3028);
#2681=LINE('',#7153,#3029);
#2682=LINE('',#7155,#3030);
#2683=LINE('',#7157,#3031);
#2684=LINE('',#7159,#3032);
#2685=LINE('',#7162,#3033);
#2686=LINE('',#7164,#3034);
#2687=LINE('',#7166,#3035);
#2688=LINE('',#7168,#3036);
#2689=LINE('',#7171,#3037);
#2690=LINE('',#7173,#3038);
#2691=LINE('',#7175,#3039);
#2692=LINE('',#7182,#3040);
#2693=LINE('',#7187,#3041);
#2694=LINE('',#7189,#3042);
#2695=LINE('',#7191,#3043);
#2696=LINE('',#7192,#3044);
#2697=LINE('',#7193,#3045);
#2698=LINE('',#7195,#3046);
#2699=LINE('',#7197,#3047);
#2700=LINE('',#7198,#3048);
#2701=LINE('',#7202,#3049);
#2702=LINE('',#7204,#3050);
#2703=LINE('',#7206,#3051);
#2704=LINE('',#7208,#3052);
#2705=LINE('',#7210,#3053);
#2706=LINE('',#7212,#3054);
#2707=LINE('',#7214,#3055);
#2708=LINE('',#7216,#3056);
#2709=LINE('',#7218,#3057);
#2710=LINE('',#7220,#3058);
#2711=LINE('',#7222,#3059);
#2712=LINE('',#7224,#3060);
#2713=LINE('',#7261,#3061);
#2714=LINE('',#7264,#3062);
#2715=LINE('',#7266,#3063);
#2716=LINE('',#7268,#3064);
#2717=LINE('',#7270,#3065);
#2718=LINE('',#7273,#3066);
#2719=LINE('',#7275,#3067);
#2720=LINE('',#7277,#3068);
#2721=LINE('',#7279,#3069);
#2722=LINE('',#7282,#3070);
#2723=LINE('',#7284,#3071);
#2724=LINE('',#7286,#3072);
#2725=LINE('',#7288,#3073);
#2726=LINE('',#7291,#3074);
#2727=LINE('',#7293,#3075);
#2728=LINE('',#7295,#3076);
#2729=LINE('',#7297,#3077);
#2730=LINE('',#7300,#3078);
#2731=LINE('',#7302,#3079);
#2732=LINE('',#7304,#3080);
#2733=LINE('',#7319,#3081);
#2734=LINE('',#7320,#3082);
#2735=LINE('',#7322,#3083);
#2736=LINE('',#7324,#3084);
#2737=LINE('',#7326,#3085);
#2738=LINE('',#7328,#3086);
#2739=LINE('',#7330,#3087);
#2740=LINE('',#7332,#3088);
#2741=LINE('',#7336,#3089);
#2742=LINE('',#7339,#3090);
#2743=LINE('',#7341,#3091);
#2744=LINE('',#7343,#3092);
#2745=LINE('',#7345,#3093);
#2746=LINE('',#7347,#3094);
#2747=LINE('',#7349,#3095);
#2748=LINE('',#7351,#3096);
#2749=LINE('',#7353,#3097);
#2750=LINE('',#7355,#3098);
#2751=LINE('',#7357,#3099);
#2752=LINE('',#7358,#3100);
#2753=LINE('',#7360,#3101);
#2754=LINE('',#7363,#3102);
#2755=LINE('',#7365,#3103);
#2756=LINE('',#7367,#3104);
#2757=LINE('',#7375,#3105);
#2758=LINE('',#7377,#3106);
#2759=LINE('',#7379,#3107);
#2760=LINE('',#7381,#3108);
#2761=LINE('',#7383,#3109);
#2762=LINE('',#7385,#3110);
#2763=LINE('',#7387,#3111);
#2764=LINE('',#7389,#3112);
#2765=LINE('',#7393,#3113);
#2766=LINE('',#7398,#3114);
#2767=VECTOR('',#4658,1.);
#2768=VECTOR('',#4659,1.);
#2769=VECTOR('',#4660,1.);
#2770=VECTOR('',#4661,1.);
#2771=VECTOR('',#4664,1.);
#2772=VECTOR('',#4665,1.);
#2773=VECTOR('',#4666,1.);
#2774=VECTOR('',#4667,1.);
#2775=VECTOR('',#4670,1.);
#2776=VECTOR('',#4673,1.);
#2777=VECTOR('',#4682,1.);
#2778=VECTOR('',#4683,1.);
#2779=VECTOR('',#4702,1.);
#2780=VECTOR('',#4703,1.);
#2781=VECTOR('',#4704,1.);
#2782=VECTOR('',#4705,1.);
#2783=VECTOR('',#4708,1.);
#2784=VECTOR('',#4709,1.);
#2785=VECTOR('',#4710,1.);
#2786=VECTOR('',#4713,1.);
#2787=VECTOR('',#4714,1.);
#2788=VECTOR('',#4715,1.);
#2789=VECTOR('',#4718,1.);
#2790=VECTOR('',#4719,1.);
#2791=VECTOR('',#4742,1.);
#2792=VECTOR('',#4745,1.);
#2793=VECTOR('',#4750,1.);
#2794=VECTOR('',#4751,1.);
#2795=VECTOR('',#4756,1.);
#2796=VECTOR('',#4757,1.);
#2797=VECTOR('',#4760,1.);
#2798=VECTOR('',#4761,1.);
#2799=VECTOR('',#4772,1.);
#2800=VECTOR('',#4775,1.);
#2801=VECTOR('',#4780,1.);
#2802=VECTOR('',#4781,1.);
#2803=VECTOR('',#4786,1.);
#2804=VECTOR('',#4787,1.);
#2805=VECTOR('',#4790,1.);
#2806=VECTOR('',#4791,1.);
#2807=VECTOR('',#4800,1.);
#2808=VECTOR('',#4801,1.);
#2809=VECTOR('',#4802,1.);
#2810=VECTOR('',#4803,1.);
#2811=VECTOR('',#4806,1.);
#2812=VECTOR('',#4807,1.);
#2813=VECTOR('',#4808,1.);
#2814=VECTOR('',#4811,1.);
#2815=VECTOR('',#4812,1.);
#2816=VECTOR('',#4813,1.);
#2817=VECTOR('',#4816,1.);
#2818=VECTOR('',#4817,1.);
#2819=VECTOR('',#4852,1.);
#2820=VECTOR('',#4855,1.);
#2821=VECTOR('',#4858,1.);
#2822=VECTOR('',#4859,1.);
#2823=VECTOR('',#4860,1.);
#2824=VECTOR('',#4875,1.);
#2825=VECTOR('',#4876,1.);
#2826=VECTOR('',#4877,1.);
#2827=VECTOR('',#4878,1.);
#2828=VECTOR('',#4881,1.);
#2829=VECTOR('',#4882,1.);
#2830=VECTOR('',#4883,1.);
#2831=VECTOR('',#4884,1.);
#2832=VECTOR('',#4887,1.);
#2833=VECTOR('',#4888,1.);
#2834=VECTOR('',#4889,1.);
#2835=VECTOR('',#4892,1.);
#2836=VECTOR('',#4893,1.);
#2837=VECTOR('',#4894,1.);
#2838=VECTOR('',#4897,1.);
#2839=VECTOR('',#4898,1.);
#2840=VECTOR('',#4913,1.);
#2841=VECTOR('',#4914,1.);
#2842=VECTOR('',#4915,1.);
#2843=VECTOR('',#4916,1.);
#2844=VECTOR('',#4919,1.);
#2845=VECTOR('',#4920,1.);
#2846=VECTOR('',#4921,1.);
#2847=VECTOR('',#4922,1.);
#2848=VECTOR('',#4925,1.);
#2849=VECTOR('',#4926,1.);
#2850=VECTOR('',#4927,1.);
#2851=VECTOR('',#4932,1.);
#2852=VECTOR('',#5013,1.);
#2853=VECTOR('',#5016,1.);
#2854=VECTOR('',#5019,1.);
#2855=VECTOR('',#5020,1.);
#2856=VECTOR('',#5021,1.);
#2857=VECTOR('',#5022,1.);
#2858=VECTOR('',#5027,1.);
#2859=VECTOR('',#5030,1.);
#2860=VECTOR('',#5033,1.);
#2861=VECTOR('',#5034,1.);
#2862=VECTOR('',#5035,1.);
#2863=VECTOR('',#5040,1.);
#2864=VECTOR('',#5045,1.);
#2865=VECTOR('',#5046,1.);
#2866=VECTOR('',#5047,1.);
#2867=VECTOR('',#5048,1.);
#2868=VECTOR('',#5053,1.);
#2869=VECTOR('',#5056,1.);
#2870=VECTOR('',#5059,1.);
#2871=VECTOR('',#5060,1.);
#2872=VECTOR('',#5061,1.);
#2873=VECTOR('',#5066,1.);
#2874=VECTOR('',#5071,1.);
#2875=VECTOR('',#5072,1.);
#2876=VECTOR('',#5073,1.);
#2877=VECTOR('',#5074,1.);
#2878=VECTOR('',#5079,1.);
#2879=VECTOR('',#5082,1.);
#2880=VECTOR('',#5085,1.);
#2881=VECTOR('',#5086,1.);
#2882=VECTOR('',#5087,1.);
#2883=VECTOR('',#5092,1.);
#2884=VECTOR('',#5097,1.);
#2885=VECTOR('',#5098,1.);
#2886=VECTOR('',#5099,1.);
#2887=VECTOR('',#5100,1.);
#2888=VECTOR('',#5105,1.);
#2889=VECTOR('',#5108,1.);
#2890=VECTOR('',#5111,1.);
#2891=VECTOR('',#5112,1.);
#2892=VECTOR('',#5113,1.);
#2893=VECTOR('',#5118,1.);
#2894=VECTOR('',#5123,1.);
#2895=VECTOR('',#5124,1.);
#2896=VECTOR('',#5125,1.);
#2897=VECTOR('',#5126,1.);
#2898=VECTOR('',#5131,1.);
#2899=VECTOR('',#5134,1.);
#2900=VECTOR('',#5137,1.);
#2901=VECTOR('',#5138,1.);
#2902=VECTOR('',#5139,1.);
#2903=VECTOR('',#5144,1.);
#2904=VECTOR('',#5149,1.);
#2905=VECTOR('',#5150,1.);
#2906=VECTOR('',#5151,1.);
#2907=VECTOR('',#5152,1.);
#2908=VECTOR('',#5157,1.);
#2909=VECTOR('',#5160,1.);
#2910=VECTOR('',#5163,1.);
#2911=VECTOR('',#5164,1.);
#2912=VECTOR('',#5165,1.);
#2913=VECTOR('',#5170,1.);
#2914=VECTOR('',#5175,1.);
#2915=VECTOR('',#5176,1.);
#2916=VECTOR('',#5177,1.);
#2917=VECTOR('',#5178,1.);
#2918=VECTOR('',#5183,1.);
#2919=VECTOR('',#5186,1.);
#2920=VECTOR('',#5189,1.);
#2921=VECTOR('',#5190,1.);
#2922=VECTOR('',#5191,1.);
#2923=VECTOR('',#5196,1.);
#2924=VECTOR('',#5201,1.);
#2925=VECTOR('',#5202,1.);
#2926=VECTOR('',#5203,1.);
#2927=VECTOR('',#5204,1.);
#2928=VECTOR('',#5209,1.);
#2929=VECTOR('',#5212,1.);
#2930=VECTOR('',#5215,1.);
#2931=VECTOR('',#5216,1.);
#2932=VECTOR('',#5217,1.);
#2933=VECTOR('',#5222,1.);
#2934=VECTOR('',#5227,1.);
#2935=VECTOR('',#5228,1.);
#2936=VECTOR('',#5229,1.);
#2937=VECTOR('',#5230,1.);
#2938=VECTOR('',#5235,1.);
#2939=VECTOR('',#5238,1.);
#2940=VECTOR('',#5241,1.);
#2941=VECTOR('',#5242,1.);
#2942=VECTOR('',#5243,1.);
#2943=VECTOR('',#5248,1.);
#2944=VECTOR('',#5253,1.);
#2945=VECTOR('',#5254,1.);
#2946=VECTOR('',#5255,1.);
#2947=VECTOR('',#5256,1.);
#2948=VECTOR('',#5261,1.);
#2949=VECTOR('',#5264,1.);
#2950=VECTOR('',#5267,1.);
#2951=VECTOR('',#5268,1.);
#2952=VECTOR('',#5269,1.);
#2953=VECTOR('',#5274,1.);
#2954=VECTOR('',#5279,1.);
#2955=VECTOR('',#5280,1.);
#2956=VECTOR('',#5281,1.);
#2957=VECTOR('',#5282,1.);
#2958=VECTOR('',#5287,1.);
#2959=VECTOR('',#5290,1.);
#2960=VECTOR('',#5293,1.);
#2961=VECTOR('',#5294,1.);
#2962=VECTOR('',#5295,1.);
#2963=VECTOR('',#5300,1.);
#2964=VECTOR('',#5305,1.);
#2965=VECTOR('',#5306,1.);
#2966=VECTOR('',#5307,1.);
#2967=VECTOR('',#5308,1.);
#2968=VECTOR('',#5313,1.);
#2969=VECTOR('',#5316,1.);
#2970=VECTOR('',#5319,1.);
#2971=VECTOR('',#5320,1.);
#2972=VECTOR('',#5321,1.);
#2973=VECTOR('',#5326,1.);
#2974=VECTOR('',#5331,1.);
#2975=VECTOR('',#5332,1.);
#2976=VECTOR('',#5333,1.);
#2977=VECTOR('',#5334,1.);
#2978=VECTOR('',#5339,1.);
#2979=VECTOR('',#5342,1.);
#2980=VECTOR('',#5345,1.);
#2981=VECTOR('',#5346,1.);
#2982=VECTOR('',#5347,1.);
#2983=VECTOR('',#5352,1.);
#2984=VECTOR('',#5357,1.);
#2985=VECTOR('',#5358,1.);
#2986=VECTOR('',#5359,1.);
#2987=VECTOR('',#5360,1.);
#2988=VECTOR('',#5365,1.);
#2989=VECTOR('',#5368,1.);
#2990=VECTOR('',#5371,1.);
#2991=VECTOR('',#5372,1.);
#2992=VECTOR('',#5373,1.);
#2993=VECTOR('',#5378,1.);
#2994=VECTOR('',#5383,1.);
#2995=VECTOR('',#5384,1.);
#2996=VECTOR('',#5385,1.);
#2997=VECTOR('',#5386,1.);
#2998=VECTOR('',#5391,1.);
#2999=VECTOR('',#5394,1.);
#3000=VECTOR('',#5397,1.);
#3001=VECTOR('',#5398,1.);
#3002=VECTOR('',#5399,1.);
#3003=VECTOR('',#5404,1.);
#3004=VECTOR('',#5409,1.);
#3005=VECTOR('',#5410,1.);
#3006=VECTOR('',#5411,1.);
#3007=VECTOR('',#5412,1.);
#3008=VECTOR('',#5417,1.);
#3009=VECTOR('',#5420,1.);
#3010=VECTOR('',#5423,1.);
#3011=VECTOR('',#5424,1.);
#3012=VECTOR('',#5447,1.);
#3013=VECTOR('',#5448,1.);
#3014=VECTOR('',#5449,1.);
#3015=VECTOR('',#5450,1.);
#3016=VECTOR('',#5455,1.);
#3017=VECTOR('',#5456,1.);
#3018=VECTOR('',#5457,1.);
#3019=VECTOR('',#5460,1.);
#3020=VECTOR('',#5461,1.);
#3021=VECTOR('',#5462,1.);
#3022=VECTOR('',#5467,1.);
#3023=VECTOR('',#5468,1.);
#3024=VECTOR('',#5495,1.);
#3025=VECTOR('',#5496,1.);
#3026=VECTOR('',#5497,1.);
#3027=VECTOR('',#5498,1.);
#3028=VECTOR('',#5501,1.);
#3029=VECTOR('',#5502,1.);
#3030=VECTOR('',#5503,1.);
#3031=VECTOR('',#5504,1.);
#3032=VECTOR('',#5507,1.);
#3033=VECTOR('',#5508,1.);
#3034=VECTOR('',#5509,1.);
#3035=VECTOR('',#5510,1.);
#3036=VECTOR('',#5513,1.);
#3037=VECTOR('',#5514,1.);
#3038=VECTOR('',#5515,1.);
#3039=VECTOR('',#5516,1.);
#3040=VECTOR('',#5527,1.);
#3041=VECTOR('',#5534,1.);
#3042=VECTOR('',#5535,1.);
#3043=VECTOR('',#5536,1.);
#3044=VECTOR('',#5537,1.);
#3045=VECTOR('',#5538,1.);
#3046=VECTOR('',#5539,1.);
#3047=VECTOR('',#5540,1.);
#3048=VECTOR('',#5541,1.);
#3049=VECTOR('',#5548,1.);
#3050=VECTOR('',#5549,1.);
#3051=VECTOR('',#5550,1.);
#3052=VECTOR('',#5553,1.);
#3053=VECTOR('',#5554,1.);
#3054=VECTOR('',#5557,1.);
#3055=VECTOR('',#5558,1.);
#3056=VECTOR('',#5561,1.);
#3057=VECTOR('',#5562,1.);
#3058=VECTOR('',#5565,1.);
#3059=VECTOR('',#5566,1.);
#3060=VECTOR('',#5569,1.);
#3061=VECTOR('',#5590,1.);
#3062=VECTOR('',#5591,1.);
#3063=VECTOR('',#5592,1.);
#3064=VECTOR('',#5593,1.);
#3065=VECTOR('',#5596,1.);
#3066=VECTOR('',#5597,1.);
#3067=VECTOR('',#5598,1.);
#3068=VECTOR('',#5599,1.);
#3069=VECTOR('',#5602,1.);
#3070=VECTOR('',#5603,1.);
#3071=VECTOR('',#5604,1.);
#3072=VECTOR('',#5605,1.);
#3073=VECTOR('',#5608,1.);
#3074=VECTOR('',#5609,1.);
#3075=VECTOR('',#5610,1.);
#3076=VECTOR('',#5611,1.);
#3077=VECTOR('',#5614,1.);
#3078=VECTOR('',#5615,1.);
#3079=VECTOR('',#5616,1.);
#3080=VECTOR('',#5617,1.);
#3081=VECTOR('',#5646,1.);
#3082=VECTOR('',#5647,1.);
#3083=VECTOR('',#5650,1.);
#3084=VECTOR('',#5653,1.);
#3085=VECTOR('',#5656,1.);
#3086=VECTOR('',#5659,1.);
#3087=VECTOR('',#5662,1.);
#3088=VECTOR('',#5665,1.);
#3089=VECTOR('',#5672,1.);
#3090=VECTOR('',#5673,1.);
#3091=VECTOR('',#5674,1.);
#3092=VECTOR('',#5675,1.);
#3093=VECTOR('',#5678,1.);
#3094=VECTOR('',#5679,1.);
#3095=VECTOR('',#5680,1.);
#3096=VECTOR('',#5683,1.);
#3097=VECTOR('',#5684,1.);
#3098=VECTOR('',#5685,1.);
#3099=VECTOR('',#5688,1.);
#3100=VECTOR('',#5689,1.);
#3101=VECTOR('',#5692,1.);
#3102=VECTOR('',#5693,1.);
#3103=VECTOR('',#5694,1.);
#3104=VECTOR('',#5695,1.);
#3105=VECTOR('',#5706,1.);
#3106=VECTOR('',#5707,1.);
#3107=VECTOR('',#5708,1.);
#3108=VECTOR('',#5711,1.);
#3109=VECTOR('',#5712,1.);
#3110=VECTOR('',#5715,1.);
#3111=VECTOR('',#5716,1.);
#3112=VECTOR('',#5719,1.);
#3113=VECTOR('',#5726,1.);
#3114=VECTOR('',#5729,1.);
#3115=EDGE_LOOP('',(#376,#377,#378,#379));
#3116=EDGE_LOOP('',(#380,#381,#382,#383));
#3117=EDGE_LOOP('',(#384,#385,#386,#387,#388,#389));
#3118=EDGE_LOOP('',(#390,#391,#392,#393));
#3119=EDGE_LOOP('',(#394,#395,#396));
#3120=EDGE_LOOP('',(#397,#398,#399,#400));
#3121=EDGE_LOOP('',(#401,#402,#403,#404));
#3122=EDGE_LOOP('',(#405,#406,#407));
#3123=EDGE_LOOP('',(#408,#409,#410,#411));
#3124=EDGE_LOOP('',(#412,#413,#414,#415));
#3125=EDGE_LOOP('',(#416,#417,#418,#419));
#3126=EDGE_LOOP('',(#420,#421,#422,#423));
#3127=EDGE_LOOP('',(#424,#425,#426,#427));
#3128=EDGE_LOOP('',(#428));
#3129=EDGE_LOOP('',(#429,#430,#431,#432));
#3130=EDGE_LOOP('',(#433,#434,#435,#436));
#3131=EDGE_LOOP('',(#437));
#3132=EDGE_LOOP('',(#438));
#3133=EDGE_LOOP('',(#439));
#3134=EDGE_LOOP('',(#440));
#3135=EDGE_LOOP('',(#441));
#3136=EDGE_LOOP('',(#442,#443,#444,#445));
#3137=EDGE_LOOP('',(#446,#447,#448,#449));
#3138=EDGE_LOOP('',(#450,#451,#452,#453));
#3139=EDGE_LOOP('',(#454,#455,#456,#457));
#3140=EDGE_LOOP('',(#458,#459,#460,#461));
#3141=EDGE_LOOP('',(#462,#463,#464,#465));
#3142=EDGE_LOOP('',(#466,#467,#468,#469));
#3143=EDGE_LOOP('',(#470,#471,#472,#473));
#3144=EDGE_LOOP('',(#474,#475,#476,#477));
#3145=EDGE_LOOP('',(#478,#479,#480,#481));
#3146=EDGE_LOOP('',(#482,#483,#484,#485));
#3147=EDGE_LOOP('',(#486,#487,#488,#489));
#3148=EDGE_LOOP('',(#490,#491,#492,#493));
#3149=EDGE_LOOP('',(#494,#495,#496,#497));
#3150=EDGE_LOOP('',(#498,#499,#500,#501));
#3151=EDGE_LOOP('',(#502,#503,#504,#505));
#3152=EDGE_LOOP('',(#506));
#3153=EDGE_LOOP('',(#507,#508,#509,#510));
#3154=EDGE_LOOP('',(#511));
#3155=EDGE_LOOP('',(#512,#513,#514,#515));
#3156=EDGE_LOOP('',(#516));
#3157=EDGE_LOOP('',(#517));
#3158=EDGE_LOOP('',(#518));
#3159=EDGE_LOOP('',(#519));
#3160=EDGE_LOOP('',(#520));
#3161=EDGE_LOOP('',(#521));
#3162=EDGE_LOOP('',(#522));
#3163=EDGE_LOOP('',(#523));
#3164=EDGE_LOOP('',(#524));
#3165=EDGE_LOOP('',(#525));
#3166=EDGE_LOOP('',(#526));
#3167=EDGE_LOOP('',(#527));
#3168=EDGE_LOOP('',(#528,#529,#530,#531));
#3169=EDGE_LOOP('',(#532,#533,#534,#535));
#3170=EDGE_LOOP('',(#536,#537,#538));
#3171=EDGE_LOOP('',(#539,#540,#541));
#3172=EDGE_LOOP('',(#542,#543,#544,#545));
#3173=EDGE_LOOP('',(#546,#547,#548,#549));
#3174=EDGE_LOOP('',(#550,#551,#552,#553));
#3175=EDGE_LOOP('',(#554,#555,#556,#557));
#3176=EDGE_LOOP('',(#558,#559,#560,#561));
#3177=EDGE_LOOP('',(#562,#563,#564,#565));
#3178=EDGE_LOOP('',(#566,#567,#568,#569,#570,#571));
#3179=EDGE_LOOP('',(#572,#573,#574,#575,#576,#577));
#3180=EDGE_LOOP('',(#578,#579,#580,#581));
#3181=EDGE_LOOP('',(#582,#583,#584,#585));
#3182=EDGE_LOOP('',(#586,#587,#588,#589));
#3183=EDGE_LOOP('',(#590,#591,#592,#593,#594));
#3184=EDGE_LOOP('',(#595,#596,#597,#598));
#3185=EDGE_LOOP('',(#599,#600,#601,#602));
#3186=EDGE_LOOP('',(#603,#604,#605,#606,#607));
#3187=EDGE_LOOP('',(#608,#609,#610,#611));
#3188=EDGE_LOOP('',(#612));
#3189=EDGE_LOOP('',(#613));
#3190=EDGE_LOOP('',(#614));
#3191=EDGE_LOOP('',(#615));
#3192=EDGE_LOOP('',(#616));
#3193=EDGE_LOOP('',(#617));
#3194=EDGE_LOOP('',(#618));
#3195=EDGE_LOOP('',(#619));
#3196=EDGE_LOOP('',(#620,#621));
#3197=EDGE_LOOP('',(#622));
#3198=EDGE_LOOP('',(#623));
#3199=EDGE_LOOP('',(#624));
#3200=EDGE_LOOP('',(#625,#626));
#3201=EDGE_LOOP('',(#627));
#3202=EDGE_LOOP('',(#628));
#3203=EDGE_LOOP('',(#629));
#3204=EDGE_LOOP('',(#630));
#3205=EDGE_LOOP('',(#631));
#3206=EDGE_LOOP('',(#632));
#3207=EDGE_LOOP('',(#633));
#3208=EDGE_LOOP('',(#634));
#3209=EDGE_LOOP('',(#635));
#3210=EDGE_LOOP('',(#636));
#3211=EDGE_LOOP('',(#637));
#3212=EDGE_LOOP('',(#638));
#3213=EDGE_LOOP('',(#639));
#3214=EDGE_LOOP('',(#640,#641,#642,#643));
#3215=EDGE_LOOP('',(#644,#645,#646,#647));
#3216=EDGE_LOOP('',(#648,#649,#650,#651));
#3217=EDGE_LOOP('',(#652,#653,#654,#655));
#3218=EDGE_LOOP('',(#656,#657,#658,#659));
#3219=EDGE_LOOP('',(#660,#661,#662,#663));
#3220=EDGE_LOOP('',(#664,#665,#666,#667));
#3221=EDGE_LOOP('',(#668,#669,#670,#671));
#3222=EDGE_LOOP('',(#672,#673,#674,#675));
#3223=EDGE_LOOP('',(#676,#677,#678,#679));
#3224=EDGE_LOOP('',(#680,#681,#682,#683));
#3225=EDGE_LOOP('',(#684,#685,#686,#687));
#3226=EDGE_LOOP('',(#688,#689,#690,#691));
#3227=EDGE_LOOP('',(#692,#693,#694,#695));
#3228=EDGE_LOOP('',(#696,#697,#698,#699));
#3229=EDGE_LOOP('',(#700,#701,#702,#703));
#3230=EDGE_LOOP('',(#704,#705,#706,#707));
#3231=EDGE_LOOP('',(#708,#709,#710,#711));
#3232=EDGE_LOOP('',(#712,#713,#714,#715));
#3233=EDGE_LOOP('',(#716,#717,#718,#719));
#3234=EDGE_LOOP('',(#720,#721,#722,#723));
#3235=EDGE_LOOP('',(#724,#725,#726,#727));
#3236=EDGE_LOOP('',(#728,#729,#730,#731));
#3237=EDGE_LOOP('',(#732,#733,#734,#735));
#3238=EDGE_LOOP('',(#736,#737,#738,#739));
#3239=EDGE_LOOP('',(#740,#741,#742,#743));
#3240=EDGE_LOOP('',(#744,#745,#746,#747));
#3241=EDGE_LOOP('',(#748,#749,#750,#751));
#3242=EDGE_LOOP('',(#752,#753,#754,#755));
#3243=EDGE_LOOP('',(#756,#757,#758,#759));
#3244=EDGE_LOOP('',(#760,#761,#762,#763));
#3245=EDGE_LOOP('',(#764,#765,#766,#767));
#3246=EDGE_LOOP('',(#768,#769,#770,#771));
#3247=EDGE_LOOP('',(#772,#773,#774,#775));
#3248=EDGE_LOOP('',(#776,#777,#778,#779));
#3249=EDGE_LOOP('',(#780,#781,#782,#783));
#3250=EDGE_LOOP('',(#784,#785,#786,#787));
#3251=EDGE_LOOP('',(#788,#789,#790,#791));
#3252=EDGE_LOOP('',(#792,#793,#794,#795));
#3253=EDGE_LOOP('',(#796,#797,#798,#799));
#3254=EDGE_LOOP('',(#800,#801,#802,#803));
#3255=EDGE_LOOP('',(#804,#805,#806,#807));
#3256=EDGE_LOOP('',(#808,#809,#810,#811));
#3257=EDGE_LOOP('',(#812,#813,#814,#815));
#3258=EDGE_LOOP('',(#816,#817,#818,#819));
#3259=EDGE_LOOP('',(#820,#821,#822,#823));
#3260=EDGE_LOOP('',(#824,#825,#826,#827));
#3261=EDGE_LOOP('',(#828,#829,#830,#831));
#3262=EDGE_LOOP('',(#832,#833,#834,#835));
#3263=EDGE_LOOP('',(#836,#837,#838,#839));
#3264=EDGE_LOOP('',(#840,#841,#842,#843));
#3265=EDGE_LOOP('',(#844,#845,#846,#847));
#3266=EDGE_LOOP('',(#848,#849,#850,#851));
#3267=EDGE_LOOP('',(#852,#853,#854,#855));
#3268=EDGE_LOOP('',(#856,#857,#858,#859));
#3269=EDGE_LOOP('',(#860,#861,#862,#863));
#3270=EDGE_LOOP('',(#864,#865,#866,#867));
#3271=EDGE_LOOP('',(#868,#869,#870,#871));
#3272=EDGE_LOOP('',(#872,#873,#874,#875));
#3273=EDGE_LOOP('',(#876,#877,#878,#879));
#3274=EDGE_LOOP('',(#880,#881,#882,#883));
#3275=EDGE_LOOP('',(#884,#885,#886,#887));
#3276=EDGE_LOOP('',(#888,#889,#890,#891));
#3277=EDGE_LOOP('',(#892,#893,#894,#895));
#3278=EDGE_LOOP('',(#896,#897,#898,#899));
#3279=EDGE_LOOP('',(#900,#901,#902,#903));
#3280=EDGE_LOOP('',(#904,#905,#906,#907));
#3281=EDGE_LOOP('',(#908,#909,#910,#911));
#3282=EDGE_LOOP('',(#912,#913,#914,#915));
#3283=EDGE_LOOP('',(#916,#917,#918,#919));
#3284=EDGE_LOOP('',(#920,#921,#922,#923));
#3285=EDGE_LOOP('',(#924,#925,#926,#927));
#3286=EDGE_LOOP('',(#928,#929,#930,#931));
#3287=EDGE_LOOP('',(#932,#933,#934,#935));
#3288=EDGE_LOOP('',(#936,#937,#938,#939));
#3289=EDGE_LOOP('',(#940,#941,#942,#943));
#3290=EDGE_LOOP('',(#944,#945,#946,#947));
#3291=EDGE_LOOP('',(#948,#949,#950,#951));
#3292=EDGE_LOOP('',(#952,#953,#954,#955));
#3293=EDGE_LOOP('',(#956,#957,#958,#959));
#3294=EDGE_LOOP('',(#960,#961,#962,#963));
#3295=EDGE_LOOP('',(#964,#965,#966,#967));
#3296=EDGE_LOOP('',(#968,#969,#970,#971));
#3297=EDGE_LOOP('',(#972,#973,#974,#975));
#3298=EDGE_LOOP('',(#976,#977,#978,#979));
#3299=EDGE_LOOP('',(#980,#981,#982,#983));
#3300=EDGE_LOOP('',(#984,#985,#986,#987));
#3301=EDGE_LOOP('',(#988,#989,#990,#991));
#3302=EDGE_LOOP('',(#992,#993,#994,#995));
#3303=EDGE_LOOP('',(#996,#997,#998,#999));
#3304=EDGE_LOOP('',(#1000,#1001,#1002,#1003));
#3305=EDGE_LOOP('',(#1004,#1005,#1006,#1007));
#3306=EDGE_LOOP('',(#1008,#1009,#1010,#1011));
#3307=EDGE_LOOP('',(#1012,#1013,#1014,#1015));
#3308=EDGE_LOOP('',(#1016,#1017,#1018,#1019));
#3309=EDGE_LOOP('',(#1020,#1021,#1022,#1023));
#3310=EDGE_LOOP('',(#1024));
#3311=EDGE_LOOP('',(#1025,#1026,#1027,#1028,#1029,#1030,#1031,#1032,#1033,
#1034,#1035,#1036,#1037,#1038,#1039,#1040,#1041,#1042,#1043,#1044,#1045,
#1046,#1047,#1048,#1049,#1050,#1051,#1052,#1053,#1054,#1055,#1056,#1057,
#1058,#1059,#1060,#1061,#1062,#1063,#1064,#1065,#1066,#1067,#1068,#1069,
#1070,#1071,#1072,#1073,#1074,#1075,#1076,#1077,#1078,#1079,#1080,#1081,
#1082,#1083,#1084,#1085,#1086,#1087,#1088,#1089,#1090,#1091,#1092,#1093,
#1094,#1095,#1096,#1097,#1098,#1099,#1100,#1101,#1102,#1103,#1104,#1105,
#1106,#1107,#1108,#1109,#1110,#1111,#1112,#1113,#1114,#1115,#1116,#1117,
#1118,#1119,#1120));
#3312=EDGE_LOOP('',(#1121));
#3313=EDGE_LOOP('',(#1122,#1123,#1124,#1125,#1126,#1127,#1128,#1129,#1130,
#1131,#1132,#1133,#1134,#1135,#1136,#1137,#1138,#1139,#1140,#1141,#1142,
#1143,#1144,#1145,#1146,#1147,#1148,#1149,#1150,#1151,#1152,#1153,#1154,
#1155,#1156,#1157,#1158,#1159,#1160,#1161,#1162,#1163,#1164,#1165,#1166,
#1167,#1168,#1169,#1170,#1171,#1172,#1173,#1174,#1175,#1176,#1177,#1178,
#1179,#1180,#1181,#1182,#1183,#1184,#1185,#1186,#1187,#1188,#1189,#1190,
#1191,#1192,#1193,#1194,#1195,#1196,#1197,#1198,#1199,#1200,#1201,#1202,
#1203,#1204,#1205,#1206,#1207,#1208,#1209,#1210,#1211,#1212,#1213,#1214,
#1215,#1216,#1217));
#3314=EDGE_LOOP('',(#1218));
#3315=EDGE_LOOP('',(#1219));
#3316=EDGE_LOOP('',(#1220));
#3317=EDGE_LOOP('',(#1221));
#3318=EDGE_LOOP('',(#1222));
#3319=EDGE_LOOP('',(#1223));
#3320=EDGE_LOOP('',(#1224,#1225,#1226,#1227));
#3321=EDGE_LOOP('',(#1228));
#3322=EDGE_LOOP('',(#1229,#1230,#1231,#1232));
#3323=EDGE_LOOP('',(#1233,#1234,#1235,#1236));
#3324=EDGE_LOOP('',(#1237));
#3325=EDGE_LOOP('',(#1238,#1239,#1240,#1241));
#3326=EDGE_LOOP('',(#1242,#1243,#1244,#1245));
#3327=EDGE_LOOP('',(#1246,#1247,#1248,#1249));
#3328=EDGE_LOOP('',(#1250));
#3329=EDGE_LOOP('',(#1251));
#3330=EDGE_LOOP('',(#1252));
#3331=EDGE_LOOP('',(#1253));
#3332=EDGE_LOOP('',(#1254));
#3333=EDGE_LOOP('',(#1255));
#3334=EDGE_LOOP('',(#1256));
#3335=EDGE_LOOP('',(#1257));
#3336=EDGE_LOOP('',(#1258,#1259,#1260,#1261));
#3337=EDGE_LOOP('',(#1262,#1263,#1264,#1265));
#3338=EDGE_LOOP('',(#1266,#1267,#1268,#1269));
#3339=EDGE_LOOP('',(#1270,#1271,#1272,#1273));
#3340=EDGE_LOOP('',(#1274,#1275,#1276,#1277));
#3341=EDGE_LOOP('',(#1278,#1279,#1280,#1281,#1282,#1283));
#3342=EDGE_LOOP('',(#1284,#1285,#1286,#1287,#1288,#1289,#1290,#1291,#1292,
#1293,#1294,#1295));
#3343=EDGE_LOOP('',(#1296,#1297,#1298,#1299));
#3344=EDGE_LOOP('',(#1300,#1301,#1302,#1303));
#3345=EDGE_LOOP('',(#1304,#1305,#1306,#1307));
#3346=EDGE_LOOP('',(#1308,#1309,#1310,#1311,#1312,#1313));
#3347=EDGE_LOOP('',(#1314,#1315,#1316,#1317));
#3348=EDGE_LOOP('',(#1318,#1319,#1320,#1321,#1322,#1323,#1324,#1325));
#3349=EDGE_LOOP('',(#1326,#1327,#1328,#1329));
#3350=EDGE_LOOP('',(#1330,#1331,#1332,#1333,#1334,#1335));
#3351=EDGE_LOOP('',(#1336,#1337,#1338,#1339,#1340,#1341));
#3352=EDGE_LOOP('',(#1342));
#3353=EDGE_LOOP('',(#1343));
#3354=EDGE_LOOP('',(#1344));
#3355=EDGE_LOOP('',(#1345));
#3356=EDGE_LOOP('',(#1346));
#3357=EDGE_LOOP('',(#1347));
#3358=EDGE_LOOP('',(#1348));
#3359=EDGE_LOOP('',(#1349));
#3360=EDGE_LOOP('',(#1350,#1351,#1352,#1353));
#3361=EDGE_LOOP('',(#1354,#1355,#1356,#1357));
#3362=EDGE_LOOP('',(#1358,#1359,#1360,#1361));
#3363=EDGE_LOOP('',(#1362,#1363,#1364,#1365));
#3364=EDGE_LOOP('',(#1366,#1367,#1368,#1369));
#3365=EDGE_LOOP('',(#1370,#1371,#1372,#1373,#1374,#1375,#1376,#1377));
#3366=EDGE_LOOP('',(#1378,#1379,#1380,#1381));
#3367=EDGE_LOOP('',(#1382,#1383,#1384,#1385));
#3368=EDGE_LOOP('',(#1386,#1387,#1388,#1389));
#3369=EDGE_LOOP('',(#1390,#1391,#1392,#1393));
#3370=EDGE_LOOP('',(#1394,#1395,#1396,#1397));
#3371=EDGE_LOOP('',(#1398,#1399,#1400));
#3372=EDGE_LOOP('',(#1401,#1402,#1403));
#3373=EDGE_LOOP('',(#1404,#1405,#1406,#1407));
#3374=EDGE_LOOP('',(#1408,#1409,#1410,#1411));
#3375=EDGE_LOOP('',(#1412,#1413,#1414));
#3376=EDGE_LOOP('',(#1415,#1416,#1417));
#3377=EDGE_LOOP('',(#1418,#1419,#1420,#1421));
#3378=EDGE_LOOP('',(#1422,#1423,#1424,#1425));
#3379=EDGE_LOOP('',(#1426,#1427,#1428,#1429));
#3380=EDGE_LOOP('',(#1430,#1431,#1432,#1433));
#3381=EDGE_LOOP('',(#1434,#1435,#1436,#1437));
#3382=EDGE_LOOP('',(#1438,#1439,#1440,#1441));
#3383=EDGE_LOOP('',(#1442));
#3384=EDGE_LOOP('',(#1443,#1444,#1445,#1446));
#3385=EDGE_LOOP('',(#1447));
#3386=EDGE_LOOP('',(#1448,#1449,#1450,#1451));
#3387=EDGE_LOOP('',(#1452));
#3388=EDGE_LOOP('',(#1453));
#3389=EDGE_LOOP('',(#1454,#1455,#1456,#1457));
#3390=EDGE_LOOP('',(#1458,#1459,#1460,#1461));
#3391=EDGE_LOOP('',(#1462,#1463,#1464,#1465));
#3392=EDGE_LOOP('',(#1466,#1467,#1468,#1469));
#3393=EDGE_LOOP('',(#1470,#1471,#1472,#1473));
#3394=EDGE_LOOP('',(#1474,#1475,#1476,#1477));
#3395=EDGE_LOOP('',(#1478,#1479));
#3396=EDGE_LOOP('',(#1480,#1481));
#3397=EDGE_LOOP('',(#1482,#1483,#1484,#1485));
#3398=FACE_BOUND('',#3115,.T.);
#3399=FACE_BOUND('',#3116,.T.);
#3400=FACE_BOUND('',#3117,.T.);
#3401=FACE_BOUND('',#3118,.T.);
#3402=FACE_BOUND('',#3119,.T.);
#3403=FACE_BOUND('',#3120,.T.);
#3404=FACE_BOUND('',#3121,.T.);
#3405=FACE_BOUND('',#3122,.T.);
#3406=FACE_BOUND('',#3123,.T.);
#3407=FACE_BOUND('',#3124,.T.);
#3408=FACE_BOUND('',#3125,.T.);
#3409=FACE_BOUND('',#3126,.T.);
#3410=FACE_BOUND('',#3127,.T.);
#3411=FACE_BOUND('',#3128,.T.);
#3412=FACE_BOUND('',#3129,.T.);
#3413=FACE_BOUND('',#3130,.T.);
#3414=FACE_BOUND('',#3131,.T.);
#3415=FACE_BOUND('',#3132,.T.);
#3416=FACE_BOUND('',#3133,.T.);
#3417=FACE_BOUND('',#3134,.T.);
#3418=FACE_BOUND('',#3135,.T.);
#3419=FACE_BOUND('',#3136,.T.);
#3420=FACE_BOUND('',#3137,.T.);
#3421=FACE_BOUND('',#3138,.T.);
#3422=FACE_BOUND('',#3139,.T.);
#3423=FACE_BOUND('',#3140,.T.);
#3424=FACE_BOUND('',#3141,.T.);
#3425=FACE_BOUND('',#3142,.T.);
#3426=FACE_BOUND('',#3143,.T.);
#3427=FACE_BOUND('',#3144,.T.);
#3428=FACE_BOUND('',#3145,.T.);
#3429=FACE_BOUND('',#3146,.T.);
#3430=FACE_BOUND('',#3147,.T.);
#3431=FACE_BOUND('',#3148,.T.);
#3432=FACE_BOUND('',#3149,.T.);
#3433=FACE_BOUND('',#3150,.T.);
#3434=FACE_BOUND('',#3151,.T.);
#3435=FACE_BOUND('',#3152,.T.);
#3436=FACE_BOUND('',#3153,.T.);
#3437=FACE_BOUND('',#3154,.T.);
#3438=FACE_BOUND('',#3155,.T.);
#3439=FACE_BOUND('',#3156,.T.);
#3440=FACE_BOUND('',#3157,.T.);
#3441=FACE_BOUND('',#3158,.T.);
#3442=FACE_BOUND('',#3159,.T.);
#3443=FACE_BOUND('',#3160,.T.);
#3444=FACE_BOUND('',#3161,.T.);
#3445=FACE_BOUND('',#3162,.T.);
#3446=FACE_BOUND('',#3163,.T.);
#3447=FACE_BOUND('',#3164,.T.);
#3448=FACE_BOUND('',#3165,.T.);
#3449=FACE_BOUND('',#3166,.T.);
#3450=FACE_BOUND('',#3167,.T.);
#3451=FACE_BOUND('',#3168,.T.);
#3452=FACE_BOUND('',#3169,.T.);
#3453=FACE_BOUND('',#3170,.T.);
#3454=FACE_BOUND('',#3171,.T.);
#3455=FACE_BOUND('',#3172,.T.);
#3456=FACE_BOUND('',#3173,.T.);
#3457=FACE_BOUND('',#3174,.T.);
#3458=FACE_BOUND('',#3175,.T.);
#3459=FACE_BOUND('',#3176,.T.);
#3460=FACE_BOUND('',#3177,.T.);
#3461=FACE_BOUND('',#3178,.T.);
#3462=FACE_BOUND('',#3179,.T.);
#3463=FACE_BOUND('',#3180,.T.);
#3464=FACE_BOUND('',#3181,.T.);
#3465=FACE_BOUND('',#3182,.T.);
#3466=FACE_BOUND('',#3183,.T.);
#3467=FACE_BOUND('',#3184,.T.);
#3468=FACE_BOUND('',#3185,.T.);
#3469=FACE_BOUND('',#3186,.T.);
#3470=FACE_BOUND('',#3187,.T.);
#3471=FACE_BOUND('',#3188,.T.);
#3472=FACE_BOUND('',#3189,.T.);
#3473=FACE_BOUND('',#3190,.T.);
#3474=FACE_BOUND('',#3191,.T.);
#3475=FACE_BOUND('',#3192,.T.);
#3476=FACE_BOUND('',#3193,.T.);
#3477=FACE_BOUND('',#3194,.T.);
#3478=FACE_BOUND('',#3195,.T.);
#3479=FACE_BOUND('',#3196,.T.);
#3480=FACE_BOUND('',#3197,.T.);
#3481=FACE_BOUND('',#3198,.T.);
#3482=FACE_BOUND('',#3199,.T.);
#3483=FACE_BOUND('',#3200,.T.);
#3484=FACE_BOUND('',#3201,.T.);
#3485=FACE_BOUND('',#3202,.T.);
#3486=FACE_BOUND('',#3203,.T.);
#3487=FACE_BOUND('',#3204,.T.);
#3488=FACE_BOUND('',#3205,.T.);
#3489=FACE_BOUND('',#3206,.T.);
#3490=FACE_BOUND('',#3207,.T.);
#3491=FACE_BOUND('',#3208,.T.);
#3492=FACE_BOUND('',#3209,.T.);
#3493=FACE_BOUND('',#3210,.T.);
#3494=FACE_BOUND('',#3211,.T.);
#3495=FACE_BOUND('',#3212,.T.);
#3496=FACE_BOUND('',#3213,.T.);
#3497=FACE_BOUND('',#3214,.T.);
#3498=FACE_BOUND('',#3215,.T.);
#3499=FACE_BOUND('',#3216,.T.);
#3500=FACE_BOUND('',#3217,.T.);
#3501=FACE_BOUND('',#3218,.T.);
#3502=FACE_BOUND('',#3219,.T.);
#3503=FACE_BOUND('',#3220,.T.);
#3504=FACE_BOUND('',#3221,.T.);
#3505=FACE_BOUND('',#3222,.T.);
#3506=FACE_BOUND('',#3223,.T.);
#3507=FACE_BOUND('',#3224,.T.);
#3508=FACE_BOUND('',#3225,.T.);
#3509=FACE_BOUND('',#3226,.T.);
#3510=FACE_BOUND('',#3227,.T.);
#3511=FACE_BOUND('',#3228,.T.);
#3512=FACE_BOUND('',#3229,.T.);
#3513=FACE_BOUND('',#3230,.T.);
#3514=FACE_BOUND('',#3231,.T.);
#3515=FACE_BOUND('',#3232,.T.);
#3516=FACE_BOUND('',#3233,.T.);
#3517=FACE_BOUND('',#3234,.T.);
#3518=FACE_BOUND('',#3235,.T.);
#3519=FACE_BOUND('',#3236,.T.);
#3520=FACE_BOUND('',#3237,.T.);
#3521=FACE_BOUND('',#3238,.T.);
#3522=FACE_BOUND('',#3239,.T.);
#3523=FACE_BOUND('',#3240,.T.);
#3524=FACE_BOUND('',#3241,.T.);
#3525=FACE_BOUND('',#3242,.T.);
#3526=FACE_BOUND('',#3243,.T.);
#3527=FACE_BOUND('',#3244,.T.);
#3528=FACE_BOUND('',#3245,.T.);
#3529=FACE_BOUND('',#3246,.T.);
#3530=FACE_BOUND('',#3247,.T.);
#3531=FACE_BOUND('',#3248,.T.);
#3532=FACE_BOUND('',#3249,.T.);
#3533=FACE_BOUND('',#3250,.T.);
#3534=FACE_BOUND('',#3251,.T.);
#3535=FACE_BOUND('',#3252,.T.);
#3536=FACE_BOUND('',#3253,.T.);
#3537=FACE_BOUND('',#3254,.T.);
#3538=FACE_BOUND('',#3255,.T.);
#3539=FACE_BOUND('',#3256,.T.);
#3540=FACE_BOUND('',#3257,.T.);
#3541=FACE_BOUND('',#3258,.T.);
#3542=FACE_BOUND('',#3259,.T.);
#3543=FACE_BOUND('',#3260,.T.);
#3544=FACE_BOUND('',#3261,.T.);
#3545=FACE_BOUND('',#3262,.T.);
#3546=FACE_BOUND('',#3263,.T.);
#3547=FACE_BOUND('',#3264,.T.);
#3548=FACE_BOUND('',#3265,.T.);
#3549=FACE_BOUND('',#3266,.T.);
#3550=FACE_BOUND('',#3267,.T.);
#3551=FACE_BOUND('',#3268,.T.);
#3552=FACE_BOUND('',#3269,.T.);
#3553=FACE_BOUND('',#3270,.T.);
#3554=FACE_BOUND('',#3271,.T.);
#3555=FACE_BOUND('',#3272,.T.);
#3556=FACE_BOUND('',#3273,.T.);
#3557=FACE_BOUND('',#3274,.T.);
#3558=FACE_BOUND('',#3275,.T.);
#3559=FACE_BOUND('',#3276,.T.);
#3560=FACE_BOUND('',#3277,.T.);
#3561=FACE_BOUND('',#3278,.T.);
#3562=FACE_BOUND('',#3279,.T.);
#3563=FACE_BOUND('',#3280,.T.);
#3564=FACE_BOUND('',#3281,.T.);
#3565=FACE_BOUND('',#3282,.T.);
#3566=FACE_BOUND('',#3283,.T.);
#3567=FACE_BOUND('',#3284,.T.);
#3568=FACE_BOUND('',#3285,.T.);
#3569=FACE_BOUND('',#3286,.T.);
#3570=FACE_BOUND('',#3287,.T.);
#3571=FACE_BOUND('',#3288,.T.);
#3572=FACE_BOUND('',#3289,.T.);
#3573=FACE_BOUND('',#3290,.T.);
#3574=FACE_BOUND('',#3291,.T.);
#3575=FACE_BOUND('',#3292,.T.);
#3576=FACE_BOUND('',#3293,.T.);
#3577=FACE_BOUND('',#3294,.T.);
#3578=FACE_BOUND('',#3295,.T.);
#3579=FACE_BOUND('',#3296,.T.);
#3580=FACE_BOUND('',#3297,.T.);
#3581=FACE_BOUND('',#3298,.T.);
#3582=FACE_BOUND('',#3299,.T.);
#3583=FACE_BOUND('',#3300,.T.);
#3584=FACE_BOUND('',#3301,.T.);
#3585=FACE_BOUND('',#3302,.T.);
#3586=FACE_BOUND('',#3303,.T.);
#3587=FACE_BOUND('',#3304,.T.);
#3588=FACE_BOUND('',#3305,.T.);
#3589=FACE_BOUND('',#3306,.T.);
#3590=FACE_BOUND('',#3307,.T.);
#3591=FACE_BOUND('',#3308,.T.);
#3592=FACE_BOUND('',#3309,.T.);
#3593=FACE_BOUND('',#3310,.T.);
#3594=FACE_BOUND('',#3311,.T.);
#3595=FACE_BOUND('',#3312,.T.);
#3596=FACE_BOUND('',#3313,.T.);
#3597=FACE_BOUND('',#3314,.T.);
#3598=FACE_BOUND('',#3315,.T.);
#3599=FACE_BOUND('',#3316,.T.);
#3600=FACE_BOUND('',#3317,.T.);
#3601=FACE_BOUND('',#3318,.T.);
#3602=FACE_BOUND('',#3319,.T.);
#3603=FACE_BOUND('',#3320,.T.);
#3604=FACE_BOUND('',#3321,.T.);
#3605=FACE_BOUND('',#3322,.T.);
#3606=FACE_BOUND('',#3323,.T.);
#3607=FACE_BOUND('',#3324,.T.);
#3608=FACE_BOUND('',#3325,.T.);
#3609=FACE_BOUND('',#3326,.T.);
#3610=FACE_BOUND('',#3327,.T.);
#3611=FACE_BOUND('',#3328,.T.);
#3612=FACE_BOUND('',#3329,.T.);
#3613=FACE_BOUND('',#3330,.T.);
#3614=FACE_BOUND('',#3331,.T.);
#3615=FACE_BOUND('',#3332,.T.);
#3616=FACE_BOUND('',#3333,.T.);
#3617=FACE_BOUND('',#3334,.T.);
#3618=FACE_BOUND('',#3335,.T.);
#3619=FACE_BOUND('',#3336,.T.);
#3620=FACE_BOUND('',#3337,.T.);
#3621=FACE_BOUND('',#3338,.T.);
#3622=FACE_BOUND('',#3339,.T.);
#3623=FACE_BOUND('',#3340,.T.);
#3624=FACE_BOUND('',#3341,.T.);
#3625=FACE_BOUND('',#3342,.T.);
#3626=FACE_BOUND('',#3343,.T.);
#3627=FACE_BOUND('',#3344,.T.);
#3628=FACE_BOUND('',#3345,.T.);
#3629=FACE_BOUND('',#3346,.T.);
#3630=FACE_BOUND('',#3347,.T.);
#3631=FACE_BOUND('',#3348,.T.);
#3632=FACE_BOUND('',#3349,.T.);
#3633=FACE_BOUND('',#3350,.T.);
#3634=FACE_BOUND('',#3351,.T.);
#3635=FACE_BOUND('',#3352,.T.);
#3636=FACE_BOUND('',#3353,.T.);
#3637=FACE_BOUND('',#3354,.T.);
#3638=FACE_BOUND('',#3355,.T.);
#3639=FACE_BOUND('',#3356,.T.);
#3640=FACE_BOUND('',#3357,.T.);
#3641=FACE_BOUND('',#3358,.T.);
#3642=FACE_BOUND('',#3359,.T.);
#3643=FACE_BOUND('',#3360,.T.);
#3644=FACE_BOUND('',#3361,.T.);
#3645=FACE_BOUND('',#3362,.T.);
#3646=FACE_BOUND('',#3363,.T.);
#3647=FACE_BOUND('',#3364,.T.);
#3648=FACE_BOUND('',#3365,.T.);
#3649=FACE_BOUND('',#3366,.T.);
#3650=FACE_BOUND('',#3367,.T.);
#3651=FACE_BOUND('',#3368,.T.);
#3652=FACE_BOUND('',#3369,.T.);
#3653=FACE_BOUND('',#3370,.T.);
#3654=FACE_BOUND('',#3371,.T.);
#3655=FACE_BOUND('',#3372,.T.);
#3656=FACE_BOUND('',#3373,.T.);
#3657=FACE_BOUND('',#3374,.T.);
#3658=FACE_BOUND('',#3375,.T.);
#3659=FACE_BOUND('',#3376,.T.);
#3660=FACE_BOUND('',#3377,.T.);
#3661=FACE_BOUND('',#3378,.T.);
#3662=FACE_BOUND('',#3379,.T.);
#3663=FACE_BOUND('',#3380,.T.);
#3664=FACE_BOUND('',#3381,.T.);
#3665=FACE_BOUND('',#3382,.T.);
#3666=FACE_BOUND('',#3383,.T.);
#3667=FACE_BOUND('',#3384,.T.);
#3668=FACE_BOUND('',#3385,.T.);
#3669=FACE_BOUND('',#3386,.T.);
#3670=FACE_BOUND('',#3387,.T.);
#3671=FACE_BOUND('',#3388,.T.);
#3672=FACE_BOUND('',#3389,.T.);
#3673=FACE_BOUND('',#3390,.T.);
#3674=FACE_BOUND('',#3391,.T.);
#3675=FACE_BOUND('',#3392,.T.);
#3676=FACE_BOUND('',#3393,.T.);
#3677=FACE_BOUND('',#3394,.T.);
#3678=FACE_BOUND('',#3395,.T.);
#3679=FACE_BOUND('',#3396,.T.);
#3680=FACE_BOUND('',#3397,.T.);
#3681=PLANE('',#4285);
#3682=PLANE('',#4286);
#3683=PLANE('',#4287);
#3684=PLANE('',#4290);
#3685=PLANE('',#4292);
#3686=PLANE('',#4301);
#3687=PLANE('',#4302);
#3688=PLANE('',#4303);
#3689=PLANE('',#4304);
#3690=PLANE('',#4305);
#3691=PLANE('',#4307);
#3692=PLANE('',#4311);
#3693=PLANE('',#4317);
#3694=PLANE('',#4321);
#3695=PLANE('',#4322);
#3696=PLANE('',#4323);
#3697=PLANE('',#4328);
#3698=PLANE('',#4332);
#3699=PLANE('',#4333);
#3700=PLANE('',#4334);
#3701=PLANE('',#4336);
#3702=PLANE('',#4337);
#3703=PLANE('',#4338);
#3704=PLANE('',#4339);
#3705=PLANE('',#4340);
#3706=PLANE('',#4342);
#3707=PLANE('',#4351);
#3708=PLANE('',#4352);
#3709=PLANE('',#4358);
#3710=PLANE('',#4359);
#3711=PLANE('',#4361);
#3712=PLANE('',#4365);
#3713=PLANE('',#4366);
#3714=PLANE('',#4367);
#3715=PLANE('',#4368);
#3716=PLANE('',#4369);
#3717=PLANE('',#4370);
#3718=PLANE('',#4372);
#3719=PLANE('',#4376);
#3720=PLANE('',#4377);
#3721=PLANE('',#4378);
#3722=PLANE('',#4379);
#3723=PLANE('',#4381);
#3724=PLANE('',#4385);
#3725=PLANE('',#4387);
#3726=PLANE('',#4400);
#3727=PLANE('',#4401);
#3728=PLANE('',#4404);
#3729=PLANE('',#4409);
#3730=PLANE('',#4411);
#3731=PLANE('',#4422);
#3732=PLANE('',#4426);
#3733=PLANE('',#4430);
#3734=PLANE('',#4434);
#3735=PLANE('',#4438);
#3736=PLANE('',#4442);
#3737=PLANE('',#4446);
#3738=PLANE('',#4450);
#3739=PLANE('',#4454);
#3740=PLANE('',#4458);
#3741=PLANE('',#4462);
#3742=PLANE('',#4466);
#3743=PLANE('',#4470);
#3744=PLANE('',#4474);
#3745=PLANE('',#4478);
#3746=PLANE('',#4482);
#3747=PLANE('',#4486);
#3748=PLANE('',#4490);
#3749=PLANE('',#4494);
#3750=PLANE('',#4498);
#3751=PLANE('',#4502);
#3752=PLANE('',#4506);
#3753=PLANE('',#4510);
#3754=PLANE('',#4514);
#3755=PLANE('',#4518);
#3756=PLANE('',#4522);
#3757=PLANE('',#4526);
#3758=PLANE('',#4530);
#3759=PLANE('',#4534);
#3760=PLANE('',#4538);
#3761=PLANE('',#4542);
#3762=PLANE('',#4546);
#3763=PLANE('',#4547);
#3764=PLANE('',#4549);
#3765=PLANE('',#4553);
#3766=PLANE('',#4557);
#3767=PLANE('',#4558);
#3768=PLANE('',#4560);
#3769=PLANE('',#4561);
#3770=PLANE('',#4563);
#3771=PLANE('',#4564);
#3772=PLANE('',#4572);
#3773=PLANE('',#4573);
#3774=PLANE('',#4575);
#3775=PLANE('',#4576);
#3776=PLANE('',#4577);
#3777=PLANE('',#4578);
#3778=PLANE('',#4586);
#3779=PLANE('',#4587);
#3780=PLANE('',#4588);
#3781=PLANE('',#4589);
#3782=PLANE('',#4590);
#3783=PLANE('',#4591);
#3784=PLANE('',#4592);
#3785=PLANE('',#4593);
#3786=PLANE('',#4594);
#3787=PLANE('',#4595);
#3788=PLANE('',#4600);
#3789=PLANE('',#4601);
#3790=PLANE('',#4604);
#3791=PLANE('',#4605);
#3792=PLANE('',#4606);
#3793=PLANE('',#4607);
#3794=PLANE('',#4608);
#3795=PLANE('',#4609);
#3796=PLANE('',#4622);
#3797=PLANE('',#4625);
#3798=PLANE('',#4626);
#3799=PLANE('',#4629);
#3800=PLANE('',#4631);
#3801=PLANE('',#4632);
#3802=PLANE('',#4633);
#3803=PLANE('',#4634);
#3804=PLANE('',#4635);
#3805=PLANE('',#4637);
#3806=PLANE('',#4640);
#3807=PLANE('',#4641);
#3808=PLANE('',#4642);
#3809=PLANE('',#4643);
#3810=PLANE('',#4644);
#3811=PLANE('',#4649);
#3812=PLANE('',#4651);
#3813=ADVANCED_FACE('',(#3398),#3681,.F.);
#3814=ADVANCED_FACE('',(#3399),#3682,.F.);
#3815=ADVANCED_FACE('',(#3400),#3683,.F.);
#3816=ADVANCED_FACE('',(#3401),#3684,.T.);
#3817=ADVANCED_FACE('',(#3402),#3685,.F.);
#3818=ADVANCED_FACE('',(#3403),#170,.T.);
#3819=ADVANCED_FACE('',(#3404),#171,.T.);
#3820=ADVANCED_FACE('',(#3405),#168,.T.);
#3821=ADVANCED_FACE('',(#3406),#172,.T.);
#3822=ADVANCED_FACE('',(#3407),#3686,.T.);
#3823=ADVANCED_FACE('',(#3408),#3687,.F.);
#3824=ADVANCED_FACE('',(#3409),#3688,.F.);
#3825=ADVANCED_FACE('',(#3410),#3689,.T.);
#3826=ADVANCED_FACE('',(#3411,#3412),#3690,.T.);
#3827=ADVANCED_FACE('',(#3413),#3691,.F.);
#3828=ADVANCED_FACE('',(#3414,#3415),#173,.T.);
#3829=ADVANCED_FACE('',(#3416),#3692,.T.);
#3830=ADVANCED_FACE('',(#3417,#3418),#125,.F.);
#3831=ADVANCED_FACE('',(#3419),#174,.F.);
#3832=ADVANCED_FACE('',(#3420),#3693,.T.);
#3833=ADVANCED_FACE('',(#3421),#175,.T.);
#3834=ADVANCED_FACE('',(#3422),#3694,.T.);
#3835=ADVANCED_FACE('',(#3423),#3695,.F.);
#3836=ADVANCED_FACE('',(#3424),#3696,.T.);
#3837=ADVANCED_FACE('',(#3425),#176,.F.);
#3838=ADVANCED_FACE('',(#3426),#3697,.T.);
#3839=ADVANCED_FACE('',(#3427),#177,.T.);
#3840=ADVANCED_FACE('',(#3428),#3698,.T.);
#3841=ADVANCED_FACE('',(#3429),#3699,.F.);
#3842=ADVANCED_FACE('',(#3430),#3700,.T.);
#3843=ADVANCED_FACE('',(#3431),#3701,.T.);
#3844=ADVANCED_FACE('',(#3432),#3702,.F.);
#3845=ADVANCED_FACE('',(#3433),#3703,.F.);
#3846=ADVANCED_FACE('',(#3434),#3704,.T.);
#3847=ADVANCED_FACE('',(#3435,#3436),#3705,.T.);
#3848=ADVANCED_FACE('',(#3437,#3438),#3706,.F.);
#3849=ADVANCED_FACE('',(#3439,#3440),#178,.F.);
#3850=ADVANCED_FACE('',(#3441,#3442),#118,.F.);
#3851=ADVANCED_FACE('',(#3443,#3444,#3445,#3446),#179,.T.);
#3852=ADVANCED_FACE('',(#3447),#3707,.T.);
#3853=ADVANCED_FACE('',(#3448),#3708,.F.);
#3854=ADVANCED_FACE('',(#3449,#3450),#180,.F.);
#3855=ADVANCED_FACE('',(#3451),#181,.T.);
#3856=ADVANCED_FACE('',(#3452),#3709,.F.);
#3857=ADVANCED_FACE('',(#3453),#3710,.T.);
#3858=ADVANCED_FACE('',(#3454),#3711,.F.);
#3859=ADVANCED_FACE('',(#3455),#182,.T.);
#3860=ADVANCED_FACE('',(#3456),#3712,.F.);
#3861=ADVANCED_FACE('',(#3457),#3713,.F.);
#3862=ADVANCED_FACE('',(#3458),#3714,.T.);
#3863=ADVANCED_FACE('',(#3459),#3715,.F.);
#3864=ADVANCED_FACE('',(#3460),#3716,.T.);
#3865=ADVANCED_FACE('',(#3461),#3717,.T.);
#3866=ADVANCED_FACE('',(#3462),#3718,.F.);
#3867=ADVANCED_FACE('',(#3463),#183,.F.);
#3868=ADVANCED_FACE('',(#3464),#3719,.F.);
#3869=ADVANCED_FACE('',(#3465),#3720,.F.);
#3870=ADVANCED_FACE('',(#3466),#3721,.F.);
#3871=ADVANCED_FACE('',(#3467),#3722,.T.);
#3872=ADVANCED_FACE('',(#3468),#3723,.F.);
#3873=ADVANCED_FACE('',(#3469),#184,.T.);
#3874=ADVANCED_FACE('',(#3470),#3724,.T.);
#3875=ADVANCED_FACE('',(#3471),#3725,.T.);
#3876=ADVANCED_FACE('',(#3472,#3473),#126,.T.);
#3877=ADVANCED_FACE('',(#3474,#3475),#185,.T.);
#3878=ADVANCED_FACE('',(#3476),#169,.T.);
#3879=ADVANCED_FACE('',(#3477,#3478,#3479),#186,.T.);
#3880=ADVANCED_FACE('',(#3480),#3726,.T.);
#3881=ADVANCED_FACE('',(#3481),#3727,.F.);
#3882=ADVANCED_FACE('',(#3482,#3483),#187,.T.);
#3883=ADVANCED_FACE('',(#3484),#3728,.T.);
#3884=ADVANCED_FACE('',(#3485,#3486),#188,.T.);
#3885=ADVANCED_FACE('',(#3487,#3488),#3729,.T.);
#3886=ADVANCED_FACE('',(#3489,#3490),#3730,.F.);
#3887=ADVANCED_FACE('',(#3491,#3492),#189,.F.);
#3888=ADVANCED_FACE('',(#3493,#3494),#119,.F.);
#3889=ADVANCED_FACE('',(#3495,#3496),#120,.F.);
#3890=ADVANCED_FACE('',(#3497),#190,.T.);
#3891=ADVANCED_FACE('',(#3498),#3731,.F.);
#3892=ADVANCED_FACE('',(#3499),#18,.F.);
#3893=ADVANCED_FACE('',(#3500),#191,.T.);
#3894=ADVANCED_FACE('',(#3501),#19,.T.);
#3895=ADVANCED_FACE('',(#3502),#3732,.F.);
#3896=ADVANCED_FACE('',(#3503),#192,.T.);
#3897=ADVANCED_FACE('',(#3504),#3733,.F.);
#3898=ADVANCED_FACE('',(#3505),#20,.F.);
#3899=ADVANCED_FACE('',(#3506),#193,.T.);
#3900=ADVANCED_FACE('',(#3507),#21,.T.);
#3901=ADVANCED_FACE('',(#3508),#3734,.F.);
#3902=ADVANCED_FACE('',(#3509),#194,.T.);
#3903=ADVANCED_FACE('',(#3510),#3735,.F.);
#3904=ADVANCED_FACE('',(#3511),#22,.F.);
#3905=ADVANCED_FACE('',(#3512),#195,.T.);
#3906=ADVANCED_FACE('',(#3513),#23,.T.);
#3907=ADVANCED_FACE('',(#3514),#3736,.F.);
#3908=ADVANCED_FACE('',(#3515),#196,.T.);
#3909=ADVANCED_FACE('',(#3516),#3737,.F.);
#3910=ADVANCED_FACE('',(#3517),#24,.F.);
#3911=ADVANCED_FACE('',(#3518),#197,.T.);
#3912=ADVANCED_FACE('',(#3519),#25,.T.);
#3913=ADVANCED_FACE('',(#3520),#3738,.F.);
#3914=ADVANCED_FACE('',(#3521),#198,.T.);
#3915=ADVANCED_FACE('',(#3522),#3739,.F.);
#3916=ADVANCED_FACE('',(#3523),#26,.F.);
#3917=ADVANCED_FACE('',(#3524),#199,.T.);
#3918=ADVANCED_FACE('',(#3525),#27,.T.);
#3919=ADVANCED_FACE('',(#3526),#3740,.F.);
#3920=ADVANCED_FACE('',(#3527),#200,.T.);
#3921=ADVANCED_FACE('',(#3528),#3741,.F.);
#3922=ADVANCED_FACE('',(#3529),#28,.F.);
#3923=ADVANCED_FACE('',(#3530),#201,.T.);
#3924=ADVANCED_FACE('',(#3531),#29,.T.);
#3925=ADVANCED_FACE('',(#3532),#3742,.F.);
#3926=ADVANCED_FACE('',(#3533),#202,.T.);
#3927=ADVANCED_FACE('',(#3534),#3743,.F.);
#3928=ADVANCED_FACE('',(#3535),#30,.F.);
#3929=ADVANCED_FACE('',(#3536),#203,.T.);
#3930=ADVANCED_FACE('',(#3537),#31,.T.);
#3931=ADVANCED_FACE('',(#3538),#3744,.F.);
#3932=ADVANCED_FACE('',(#3539),#204,.T.);
#3933=ADVANCED_FACE('',(#3540),#3745,.F.);
#3934=ADVANCED_FACE('',(#3541),#32,.F.);
#3935=ADVANCED_FACE('',(#3542),#205,.T.);
#3936=ADVANCED_FACE('',(#3543),#33,.T.);
#3937=ADVANCED_FACE('',(#3544),#3746,.F.);
#3938=ADVANCED_FACE('',(#3545),#206,.T.);
#3939=ADVANCED_FACE('',(#3546),#3747,.F.);
#3940=ADVANCED_FACE('',(#3547),#34,.F.);
#3941=ADVANCED_FACE('',(#3548),#207,.T.);
#3942=ADVANCED_FACE('',(#3549),#35,.T.);
#3943=ADVANCED_FACE('',(#3550),#3748,.F.);
#3944=ADVANCED_FACE('',(#3551),#208,.T.);
#3945=ADVANCED_FACE('',(#3552),#3749,.F.);
#3946=ADVANCED_FACE('',(#3553),#36,.F.);
#3947=ADVANCED_FACE('',(#3554),#209,.T.);
#3948=ADVANCED_FACE('',(#3555),#37,.T.);
#3949=ADVANCED_FACE('',(#3556),#3750,.F.);
#3950=ADVANCED_FACE('',(#3557),#210,.T.);
#3951=ADVANCED_FACE('',(#3558),#3751,.F.);
#3952=ADVANCED_FACE('',(#3559),#38,.F.);
#3953=ADVANCED_FACE('',(#3560),#211,.T.);
#3954=ADVANCED_FACE('',(#3561),#39,.T.);
#3955=ADVANCED_FACE('',(#3562),#3752,.F.);
#3956=ADVANCED_FACE('',(#3563),#212,.T.);
#3957=ADVANCED_FACE('',(#3564),#3753,.F.);
#3958=ADVANCED_FACE('',(#3565),#40,.F.);
#3959=ADVANCED_FACE('',(#3566),#213,.T.);
#3960=ADVANCED_FACE('',(#3567),#41,.T.);
#3961=ADVANCED_FACE('',(#3568),#3754,.F.);
#3962=ADVANCED_FACE('',(#3569),#214,.T.);
#3963=ADVANCED_FACE('',(#3570),#3755,.F.);
#3964=ADVANCED_FACE('',(#3571),#42,.F.);
#3965=ADVANCED_FACE('',(#3572),#215,.T.);
#3966=ADVANCED_FACE('',(#3573),#43,.T.);
#3967=ADVANCED_FACE('',(#3574),#3756,.F.);
#3968=ADVANCED_FACE('',(#3575),#216,.T.);
#3969=ADVANCED_FACE('',(#3576),#3757,.F.);
#3970=ADVANCED_FACE('',(#3577),#44,.F.);
#3971=ADVANCED_FACE('',(#3578),#217,.T.);
#3972=ADVANCED_FACE('',(#3579),#45,.T.);
#3973=ADVANCED_FACE('',(#3580),#3758,.F.);
#3974=ADVANCED_FACE('',(#3581),#218,.T.);
#3975=ADVANCED_FACE('',(#3582),#3759,.F.);
#3976=ADVANCED_FACE('',(#3583),#46,.F.);
#3977=ADVANCED_FACE('',(#3584),#219,.T.);
#3978=ADVANCED_FACE('',(#3585),#47,.T.);
#3979=ADVANCED_FACE('',(#3586),#3760,.F.);
#3980=ADVANCED_FACE('',(#3587),#220,.T.);
#3981=ADVANCED_FACE('',(#3588),#3761,.F.);
#3982=ADVANCED_FACE('',(#3589),#48,.F.);
#3983=ADVANCED_FACE('',(#3590),#221,.T.);
#3984=ADVANCED_FACE('',(#3591),#49,.T.);
#3985=ADVANCED_FACE('',(#3592),#3762,.F.);
#3986=ADVANCED_FACE('',(#3593,#3594),#3763,.T.);
#3987=ADVANCED_FACE('',(#3595,#3596),#3764,.F.);
#3988=ADVANCED_FACE('',(#3597,#3598),#222,.T.);
#3989=ADVANCED_FACE('',(#3599,#3600),#3765,.T.);
#3990=ADVANCED_FACE('',(#3601,#3602),#223,.F.);
#3991=ADVANCED_FACE('',(#3603),#3766,.T.);
#3992=ADVANCED_FACE('',(#3604,#3605),#3767,.T.);
#3993=ADVANCED_FACE('',(#3606),#3768,.T.);
#3994=ADVANCED_FACE('',(#3607,#3608),#3769,.T.);
#3995=ADVANCED_FACE('',(#3609),#3770,.F.);
#3996=ADVANCED_FACE('',(#3610),#3771,.T.);
#3997=ADVANCED_FACE('',(#3611,#3612),#224,.F.);
#3998=ADVANCED_FACE('',(#3613,#3614),#127,.T.);
#3999=ADVANCED_FACE('',(#3615,#3616),#225,.T.);
#4000=ADVANCED_FACE('',(#3617),#3772,.T.);
#4001=ADVANCED_FACE('',(#3618),#3773,.F.);
#4002=ADVANCED_FACE('',(#3619),#3774,.F.);
#4003=ADVANCED_FACE('',(#3620),#3775,.F.);
#4004=ADVANCED_FACE('',(#3621),#3776,.F.);
#4005=ADVANCED_FACE('',(#3622),#3777,.F.);
#4006=ADVANCED_FACE('',(#3623),#226,.T.);
#4007=ADVANCED_FACE('',(#3624),#227,.T.);
#4008=ADVANCED_FACE('',(#3625),#3778,.F.);
#4009=ADVANCED_FACE('',(#3626),#3779,.T.);
#4010=ADVANCED_FACE('',(#3627),#3780,.F.);
#4011=ADVANCED_FACE('',(#3628),#3781,.F.);
#4012=ADVANCED_FACE('',(#3629),#3782,.F.);
#4013=ADVANCED_FACE('',(#3630),#3783,.F.);
#4014=ADVANCED_FACE('',(#3631),#3784,.F.);
#4015=ADVANCED_FACE('',(#3632),#3785,.F.);
#4016=ADVANCED_FACE('',(#3633),#3786,.F.);
#4017=ADVANCED_FACE('',(#3634),#3787,.T.);
#4018=ADVANCED_FACE('',(#3635,#3636,#3637,#3638),#228,.T.);
#4019=ADVANCED_FACE('',(#3639),#3788,.T.);
#4020=ADVANCED_FACE('',(#3640),#3789,.F.);
#4021=ADVANCED_FACE('',(#3641,#3642),#229,.F.);
#4022=ADVANCED_FACE('',(#3643),#3790,.T.);
#4023=ADVANCED_FACE('',(#3644),#3791,.F.);
#4024=ADVANCED_FACE('',(#3645),#3792,.F.);
#4025=ADVANCED_FACE('',(#3646),#3793,.T.);
#4026=ADVANCED_FACE('',(#3647),#3794,.T.);
#4027=ADVANCED_FACE('',(#3648),#3795,.F.);
#4028=ADVANCED_FACE('',(#3649),#230,.T.);
#4029=ADVANCED_FACE('',(#3650),#231,.T.);
#4030=ADVANCED_FACE('',(#3651),#232,.T.);
#4031=ADVANCED_FACE('',(#3652),#233,.T.);
#4032=ADVANCED_FACE('',(#3653),#3796,.T.);
#4033=ADVANCED_FACE('',(#3654),#121,.T.);
#4034=ADVANCED_FACE('',(#3655),#122,.T.);
#4035=ADVANCED_FACE('',(#3656),#3797,.F.);
#4036=ADVANCED_FACE('',(#3657),#3798,.T.);
#4037=ADVANCED_FACE('',(#3658),#123,.T.);
#4038=ADVANCED_FACE('',(#3659),#124,.T.);
#4039=ADVANCED_FACE('',(#3660),#3799,.F.);
#4040=ADVANCED_FACE('',(#3661),#3800,.T.);
#4041=ADVANCED_FACE('',(#3662),#3801,.F.);
#4042=ADVANCED_FACE('',(#3663),#3802,.F.);
#4043=ADVANCED_FACE('',(#3664),#3803,.T.);
#4044=ADVANCED_FACE('',(#3665,#3666,#3667),#3804,.T.);
#4045=ADVANCED_FACE('',(#3668,#3669),#3805,.F.);
#4046=ADVANCED_FACE('',(#3670,#3671),#234,.F.);
#4047=ADVANCED_FACE('',(#3672),#3806,.F.);
#4048=ADVANCED_FACE('',(#3673),#3807,.T.);
#4049=ADVANCED_FACE('',(#3674),#3808,.T.);
#4050=ADVANCED_FACE('',(#3675),#3809,.F.);
#4051=ADVANCED_FACE('',(#3676),#3810,.T.);
#4052=ADVANCED_FACE('',(#3677),#235,.T.);
#4053=ADVANCED_FACE('',(#3678),#3811,.T.);
#4054=ADVANCED_FACE('',(#3679),#3812,.F.);
#4055=ADVANCED_FACE('',(#3680),#236,.T.);
#4056=CLOSED_SHELL('',(#3813,#3814,#3815,#3816,#3817,#3818,#3819,#3820,
#3821));
#4057=CLOSED_SHELL('',(#3822,#3823,#3824,#3825,#3826,#3827,#3828,#3829,
#3830));
#4058=CLOSED_SHELL('',(#3831,#3832,#3833,#3834,#3835,#3836));
#4059=CLOSED_SHELL('',(#3837,#3838,#3839,#3840,#3841,#3842));
#4060=CLOSED_SHELL('',(#3843,#3844,#3845,#3846,#3847,#3848,#3849,#3850));
#4061=CLOSED_SHELL('',(#3851,#3852,#3853,#3854));
#4062=CLOSED_SHELL('',(#3855,#3856,#3857,#3858,#3859));
#4063=CLOSED_SHELL('',(#3860,#3861,#3862,#3863,#3864,#3865,#3866,#3867));
#4064=CLOSED_SHELL('',(#3868,#3869,#3870,#3871,#3872,#3873,#3874));
#4065=CLOSED_SHELL('',(#3875,#3876,#3877,#3878));
#4066=CLOSED_SHELL('',(#3879,#3880,#3881,#3882,#3883));
#4067=CLOSED_SHELL('',(#3884,#3885,#3886,#3887,#3888,#3889));
#4068=CLOSED_SHELL('',(#3890,#3891,#3892,#3893,#3894,#3895,#3896,#3897,
#3898,#3899,#3900,#3901,#3902,#3903,#3904,#3905,#3906,#3907,#3908,#3909,
#3910,#3911,#3912,#3913,#3914,#3915,#3916,#3917,#3918,#3919,#3920,#3921,
#3922,#3923,#3924,#3925,#3926,#3927,#3928,#3929,#3930,#3931,#3932,#3933,
#3934,#3935,#3936,#3937,#3938,#3939,#3940,#3941,#3942,#3943,#3944,#3945,
#3946,#3947,#3948,#3949,#3950,#3951,#3952,#3953,#3954,#3955,#3956,#3957,
#3958,#3959,#3960,#3961,#3962,#3963,#3964,#3965,#3966,#3967,#3968,#3969,
#3970,#3971,#3972,#3973,#3974,#3975,#3976,#3977,#3978,#3979,#3980,#3981,
#3982,#3983,#3984,#3985,#3986,#3987,#3988,#3989,#3990));
#4069=CLOSED_SHELL('',(#3991,#3992,#3993,#3994,#3995,#3996,#3997));
#4070=CLOSED_SHELL('',(#3998,#3999,#4000,#4001));
#4071=CLOSED_SHELL('',(#4002,#4003,#4004,#4005,#4006,#4007,#4008,#4009,
#4010,#4011,#4012,#4013,#4014,#4015,#4016,#4017));
#4072=CLOSED_SHELL('',(#4018,#4019,#4020,#4021));
#4073=CLOSED_SHELL('',(#4022,#4023,#4024,#4025,#4026,#4027,#4028,#4029,
#4030,#4031,#4032,#4033,#4034,#4035,#4036,#4037,#4038,#4039));
#4074=CLOSED_SHELL('',(#4040,#4041,#4042,#4043,#4044,#4045,#4046,#4047,
#4048,#4049,#4050,#4051));
#4075=CLOSED_SHELL('',(#4052,#4053,#4054,#4055));
#4076=STYLED_ITEM('',(#4096),#4224);
#4077=STYLED_ITEM('',(#4097),#4225);
#4078=STYLED_ITEM('',(#4098),#4226);
#4079=STYLED_ITEM('',(#4099),#4227);
#4080=STYLED_ITEM('',(#4100),#4228);
#4081=STYLED_ITEM('',(#4101),#4229);
#4082=STYLED_ITEM('',(#4102),#4230);
#4083=STYLED_ITEM('',(#4103),#4231);
#4084=STYLED_ITEM('',(#4104),#4232);
#4085=STYLED_ITEM('',(#4105),#4233);
#4086=STYLED_ITEM('',(#4106),#4234);
#4087=STYLED_ITEM('',(#4107),#4235);
#4088=STYLED_ITEM('',(#4108),#4236);
#4089=STYLED_ITEM('',(#4109),#4237);
#4090=STYLED_ITEM('',(#4110),#4238);
#4091=STYLED_ITEM('',(#4111),#4239);
#4092=STYLED_ITEM('',(#4112),#4240);
#4093=STYLED_ITEM('',(#4113),#4241);
#4094=STYLED_ITEM('',(#4114),#4242);
#4095=STYLED_ITEM('',(#4115),#4243);
#4096=PRESENTATION_STYLE_ASSIGNMENT((#4116));
#4097=PRESENTATION_STYLE_ASSIGNMENT((#4117));
#4098=PRESENTATION_STYLE_ASSIGNMENT((#4118));
#4099=PRESENTATION_STYLE_ASSIGNMENT((#4119));
#4100=PRESENTATION_STYLE_ASSIGNMENT((#4120));
#4101=PRESENTATION_STYLE_ASSIGNMENT((#4121));
#4102=PRESENTATION_STYLE_ASSIGNMENT((#4122));
#4103=PRESENTATION_STYLE_ASSIGNMENT((#4123));
#4104=PRESENTATION_STYLE_ASSIGNMENT((#4124));
#4105=PRESENTATION_STYLE_ASSIGNMENT((#4125));
#4106=PRESENTATION_STYLE_ASSIGNMENT((#4126));
#4107=PRESENTATION_STYLE_ASSIGNMENT((#4127));
#4108=PRESENTATION_STYLE_ASSIGNMENT((#4128));
#4109=PRESENTATION_STYLE_ASSIGNMENT((#4129));
#4110=PRESENTATION_STYLE_ASSIGNMENT((#4130));
#4111=PRESENTATION_STYLE_ASSIGNMENT((#4131));
#4112=PRESENTATION_STYLE_ASSIGNMENT((#4132));
#4113=PRESENTATION_STYLE_ASSIGNMENT((#4133));
#4114=PRESENTATION_STYLE_ASSIGNMENT((#4134));
#4115=PRESENTATION_STYLE_ASSIGNMENT((#4135));
#4116=SURFACE_STYLE_USAGE(.BOTH.,#4136);
#4117=SURFACE_STYLE_USAGE(.BOTH.,#4137);
#4118=SURFACE_STYLE_USAGE(.BOTH.,#4138);
#4119=SURFACE_STYLE_USAGE(.BOTH.,#4139);
#4120=SURFACE_STYLE_USAGE(.BOTH.,#4140);
#4121=SURFACE_STYLE_USAGE(.BOTH.,#4141);
#4122=SURFACE_STYLE_USAGE(.BOTH.,#4142);
#4123=SURFACE_STYLE_USAGE(.BOTH.,#4143);
#4124=SURFACE_STYLE_USAGE(.BOTH.,#4144);
#4125=SURFACE_STYLE_USAGE(.BOTH.,#4145);
#4126=SURFACE_STYLE_USAGE(.BOTH.,#4146);
#4127=SURFACE_STYLE_USAGE(.BOTH.,#4147);
#4128=SURFACE_STYLE_USAGE(.BOTH.,#4148);
#4129=SURFACE_STYLE_USAGE(.BOTH.,#4149);
#4130=SURFACE_STYLE_USAGE(.BOTH.,#4150);
#4131=SURFACE_STYLE_USAGE(.BOTH.,#4151);
#4132=SURFACE_STYLE_USAGE(.BOTH.,#4152);
#4133=SURFACE_STYLE_USAGE(.BOTH.,#4153);
#4134=SURFACE_STYLE_USAGE(.BOTH.,#4154);
#4135=SURFACE_STYLE_USAGE(.BOTH.,#4155);
#4136=SURFACE_SIDE_STYLE('',(#4156));
#4137=SURFACE_SIDE_STYLE('',(#4157));
#4138=SURFACE_SIDE_STYLE('',(#4158));
#4139=SURFACE_SIDE_STYLE('',(#4159));
#4140=SURFACE_SIDE_STYLE('',(#4160));
#4141=SURFACE_SIDE_STYLE('',(#4161));
#4142=SURFACE_SIDE_STYLE('',(#4162));
#4143=SURFACE_SIDE_STYLE('',(#4163));
#4144=SURFACE_SIDE_STYLE('',(#4164));
#4145=SURFACE_SIDE_STYLE('',(#4165));
#4146=SURFACE_SIDE_STYLE('',(#4166));
#4147=SURFACE_SIDE_STYLE('',(#4167));
#4148=SURFACE_SIDE_STYLE('',(#4168));
#4149=SURFACE_SIDE_STYLE('',(#4169));
#4150=SURFACE_SIDE_STYLE('',(#4170));
#4151=SURFACE_SIDE_STYLE('',(#4171));
#4152=SURFACE_SIDE_STYLE('',(#4172));
#4153=SURFACE_SIDE_STYLE('',(#4173));
#4154=SURFACE_SIDE_STYLE('',(#4174));
#4155=SURFACE_SIDE_STYLE('',(#4175));
#4156=SURFACE_STYLE_FILL_AREA(#4176);
#4157=SURFACE_STYLE_FILL_AREA(#4177);
#4158=SURFACE_STYLE_FILL_AREA(#4178);
#4159=SURFACE_STYLE_FILL_AREA(#4179);
#4160=SURFACE_STYLE_FILL_AREA(#4180);
#4161=SURFACE_STYLE_FILL_AREA(#4181);
#4162=SURFACE_STYLE_FILL_AREA(#4182);
#4163=SURFACE_STYLE_FILL_AREA(#4183);
#4164=SURFACE_STYLE_FILL_AREA(#4184);
#4165=SURFACE_STYLE_FILL_AREA(#4185);
#4166=SURFACE_STYLE_FILL_AREA(#4186);
#4167=SURFACE_STYLE_FILL_AREA(#4187);
#4168=SURFACE_STYLE_FILL_AREA(#4188);
#4169=SURFACE_STYLE_FILL_AREA(#4189);
#4170=SURFACE_STYLE_FILL_AREA(#4190);
#4171=SURFACE_STYLE_FILL_AREA(#4191);
#4172=SURFACE_STYLE_FILL_AREA(#4192);
#4173=SURFACE_STYLE_FILL_AREA(#4193);
#4174=SURFACE_STYLE_FILL_AREA(#4194);
#4175=SURFACE_STYLE_FILL_AREA(#4195);
#4176=FILL_AREA_STYLE('',(#4196));
#4177=FILL_AREA_STYLE('',(#4197));
#4178=FILL_AREA_STYLE('',(#4198));
#4179=FILL_AREA_STYLE('',(#4199));
#4180=FILL_AREA_STYLE('',(#4200));
#4181=FILL_AREA_STYLE('',(#4201));
#4182=FILL_AREA_STYLE('',(#4202));
#4183=FILL_AREA_STYLE('',(#4203));
#4184=FILL_AREA_STYLE('',(#4204));
#4185=FILL_AREA_STYLE('',(#4205));
#4186=FILL_AREA_STYLE('',(#4206));
#4187=FILL_AREA_STYLE('',(#4207));
#4188=FILL_AREA_STYLE('',(#4208));
#4189=FILL_AREA_STYLE('',(#4209));
#4190=FILL_AREA_STYLE('',(#4210));
#4191=FILL_AREA_STYLE('',(#4211));
#4192=FILL_AREA_STYLE('',(#4212));
#4193=FILL_AREA_STYLE('',(#4213));
#4194=FILL_AREA_STYLE('',(#4214));
#4195=FILL_AREA_STYLE('',(#4215));
#4196=FILL_AREA_STYLE_COLOUR('',#4216);
#4197=FILL_AREA_STYLE_COLOUR('',#4217);
#4198=FILL_AREA_STYLE_COLOUR('',#4218);
#4199=FILL_AREA_STYLE_COLOUR('',#4219);
#4200=FILL_AREA_STYLE_COLOUR('',#4220);
#4201=FILL_AREA_STYLE_COLOUR('',#4219);
#4202=FILL_AREA_STYLE_COLOUR('',#4220);
#4203=FILL_AREA_STYLE_COLOUR('',#4218);
#4204=FILL_AREA_STYLE_COLOUR('',#4218);
#4205=FILL_AREA_STYLE_COLOUR('',#4221);
#4206=FILL_AREA_STYLE_COLOUR('',#4222);
#4207=FILL_AREA_STYLE_COLOUR('',#4221);
#4208=FILL_AREA_STYLE_COLOUR('',#4222);
#4209=FILL_AREA_STYLE_COLOUR('',#4217);
#4210=FILL_AREA_STYLE_COLOUR('',#4220);
#4211=FILL_AREA_STYLE_COLOUR('',#4216);
#4212=FILL_AREA_STYLE_COLOUR('',#4223);
#4213=FILL_AREA_STYLE_COLOUR('',#4223);
#4214=FILL_AREA_STYLE_COLOUR('',#4221);
#4215=FILL_AREA_STYLE_COLOUR('',#4217);
#4216=COLOUR_RGB('',0.768627450980392,0.886274509803922,0.952941176470588);
#4217=COLOUR_RGB('',0.917647058823529,0.917647058823529,0.917647058823529);
#4218=COLOUR_RGB('',0.615686274509804,0.811764705882353,0.929411764705882);
#4219=COLOUR_RGB('',0.980392156862745,0.713725490196078,0.00392156862745098);
#4220=COLOUR_RGB('',0.231372549019608,0.380392156862745,0.705882352941177);
#4221=COLOUR_RGB('',0.647058823529412,0.647058823529412,0.647058823529412);
#4222=COLOUR_RGB('',0.498039215686275,0.498039215686275,0.498039215686275);
#4223=COLOUR_RGB('',0.972549019607843,0.529411764705882,0.00392156862745098);
#4224=MANIFOLD_SOLID_BREP('AC122_0_V4',#4056);
#4225=MANIFOLD_SOLID_BREP('AC121_0_V4',#4057);
#4226=MANIFOLD_SOLID_BREP('AC127_0_V4',#4058);
#4227=MANIFOLD_SOLID_BREP('AC126_0_V4',#4059);
#4228=MANIFOLD_SOLID_BREP('AC74_0_V4',#4060);
#4229=MANIFOLD_SOLID_BREP('AC108_0_V4',#4061);
#4230=MANIFOLD_SOLID_BREP('AC120_0_V4',#4062);
#4231=MANIFOLD_SOLID_BREP('AC115_0_V4',#4063);
#4232=MANIFOLD_SOLID_BREP('AC118_0_V4',#4064);
#4233=MANIFOLD_SOLID_BREP('AC128_0_V4',#4065);
#4234=MANIFOLD_SOLID_BREP('AC107_0_V4',#4066);
#4235=MANIFOLD_SOLID_BREP('AC119_0_V4',#4067);
#4236=MANIFOLD_SOLID_BREP('AC102_0_V4',#4068);
#4237=MANIFOLD_SOLID_BREP('AC131_0_V4',#4069);
#4238=MANIFOLD_SOLID_BREP('AC130_0_V4',#4070);
#4239=MANIFOLD_SOLID_BREP('AC113_0_V4',#4071);
#4240=MANIFOLD_SOLID_BREP('AC106_0_V4',#4072);
#4241=MANIFOLD_SOLID_BREP('AC123_0_V4',#4073);
#4242=MANIFOLD_SOLID_BREP('AC66_0_V4',#4074);
#4243=MANIFOLD_SOLID_BREP('AC112_0_V4',#4075);
#4244=SHAPE_DEFINITION_REPRESENTATION(#7526,#4264);
#4245=SHAPE_DEFINITION_REPRESENTATION(#7527,#4265);
#4246=SHAPE_DEFINITION_REPRESENTATION(#7528,#4266);
#4247=SHAPE_DEFINITION_REPRESENTATION(#7529,#4267);
#4248=SHAPE_DEFINITION_REPRESENTATION(#7530,#4268);
#4249=SHAPE_DEFINITION_REPRESENTATION(#7531,#4269);
#4250=SHAPE_DEFINITION_REPRESENTATION(#7532,#4270);
#4251=SHAPE_DEFINITION_REPRESENTATION(#7533,#4271);
#4252=SHAPE_DEFINITION_REPRESENTATION(#7534,#4272);
#4253=SHAPE_DEFINITION_REPRESENTATION(#7535,#4273);
#4254=SHAPE_DEFINITION_REPRESENTATION(#7536,#4274);
#4255=SHAPE_DEFINITION_REPRESENTATION(#7537,#4275);
#4256=SHAPE_DEFINITION_REPRESENTATION(#7538,#4276);
#4257=SHAPE_DEFINITION_REPRESENTATION(#7539,#4277);
#4258=SHAPE_DEFINITION_REPRESENTATION(#7540,#4278);
#4259=SHAPE_DEFINITION_REPRESENTATION(#7541,#4279);
#4260=SHAPE_DEFINITION_REPRESENTATION(#7542,#4280);
#4261=SHAPE_DEFINITION_REPRESENTATION(#7543,#4281);
#4262=SHAPE_DEFINITION_REPRESENTATION(#7544,#4282);
#4263=SHAPE_DEFINITION_REPRESENTATION(#7545,#4283);
#4264=SHAPE_REPRESENTATION('AC122_0_V4',(#4284),#7426);
#4265=SHAPE_REPRESENTATION('AC121_0_V4',(#4300),#7427);
#4266=SHAPE_REPRESENTATION('AC127_0_V4',(#4313),#7428);
#4267=SHAPE_REPRESENTATION('AC126_0_V4',(#4324),#7429);
#4268=SHAPE_REPRESENTATION('AC74_0_V4',(#4335),#7430);
#4269=SHAPE_REPRESENTATION('AC108_0_V4',(#4347),#7431);
#4270=SHAPE_REPRESENTATION('AC120_0_V4',(#4354),#7432);
#4271=SHAPE_REPRESENTATION('AC115_0_V4',(#4364),#7433);
#4272=SHAPE_REPRESENTATION('AC118_0_V4',(#4375),#7434);
#4273=SHAPE_REPRESENTATION('AC128_0_V4',(#4386),#7435);
#4274=SHAPE_REPRESENTATION('AC107_0_V4',(#4394),#7436);
#4275=SHAPE_REPRESENTATION('AC119_0_V4',(#4405),#7437);
#4276=SHAPE_REPRESENTATION('AC102_0_V4',(#4418),#7438);
#4277=SHAPE_REPRESENTATION('AC131_0_V4',(#4556),#7439);
#4278=SHAPE_REPRESENTATION('AC130_0_V4',(#4566),#7440);
#4279=SHAPE_REPRESENTATION('AC113_0_V4',(#4574),#7441);
#4280=SHAPE_REPRESENTATION('AC106_0_V4',(#4596),#7442);
#4281=SHAPE_REPRESENTATION('AC123_0_V4',(#4603),#7443);
#4282=SHAPE_REPRESENTATION('AC66_0_V4',(#4630),#7444);
#4283=SHAPE_REPRESENTATION('AC112_0_V4',(#4645),#7445);
#4284=AXIS2_PLACEMENT_3D('',#5742,#4654,#4655);
#4285=AXIS2_PLACEMENT_3D('',#5743,#4656,#4657);
#4286=AXIS2_PLACEMENT_3D('',#5752,#4662,#4663);
#4287=AXIS2_PLACEMENT_3D('',#5761,#4668,#4669);
#4288=AXIS2_PLACEMENT_3D('',#5765,#4671,#4672);
#4289=AXIS2_PLACEMENT_3D('',#5767,#4674,#4675);
#4290=AXIS2_PLACEMENT_3D('',#5768,#4676,#4677);
#4291=AXIS2_PLACEMENT_3D('',#5769,#4678,#4679);
#4292=AXIS2_PLACEMENT_3D('',#5770,#4680,#4681);
#4293=AXIS2_PLACEMENT_3D('',#5774,#4684,#4685);
#4294=AXIS2_PLACEMENT_3D('',#5775,#4686,#4687);
#4295=AXIS2_PLACEMENT_3D('',#5776,#4688,#4689);
#4296=AXIS2_PLACEMENT_3D('',#5777,#4690,#4691);
#4297=AXIS2_PLACEMENT_3D('',#5778,#4692,#4693);
#4298=AXIS2_PLACEMENT_3D('',#5779,#4694,#4695);
#4299=AXIS2_PLACEMENT_3D('',#5780,#4696,#4697);
#4300=AXIS2_PLACEMENT_3D('',#5781,#4698,#4699);
#4301=AXIS2_PLACEMENT_3D('',#5782,#4700,#4701);
#4302=AXIS2_PLACEMENT_3D('',#5791,#4706,#4707);
#4303=AXIS2_PLACEMENT_3D('',#5797,#4711,#4712);
#4304=AXIS2_PLACEMENT_3D('',#5803,#4716,#4717);
#4305=AXIS2_PLACEMENT_3D('',#5806,#4720,#4721);
#4306=AXIS2_PLACEMENT_3D('',#5807,#4722,#4723);
#4307=AXIS2_PLACEMENT_3D('',#5809,#4724,#4725);
#4308=AXIS2_PLACEMENT_3D('',#5810,#4726,#4727);
#4309=AXIS2_PLACEMENT_3D('',#5811,#4728,#4729);
#4310=AXIS2_PLACEMENT_3D('',#5813,#4730,#4731);
#4311=AXIS2_PLACEMENT_3D('',#5815,#4732,#4733);
#4312=AXIS2_PLACEMENT_3D('',#5816,#4734,#4735);
#4313=AXIS2_PLACEMENT_3D('',#5817,#4736,#4737);
#4314=AXIS2_PLACEMENT_3D('',#5818,#4738,#4739);
#4315=AXIS2_PLACEMENT_3D('',#5819,#4740,#4741);
#4316=AXIS2_PLACEMENT_3D('',#5824,#4743,#4744);
#4317=AXIS2_PLACEMENT_3D('',#5827,#4746,#4747);
#4318=AXIS2_PLACEMENT_3D('',#5828,#4748,#4749);
#4319=AXIS2_PLACEMENT_3D('',#5833,#4752,#4753);
#4320=AXIS2_PLACEMENT_3D('',#5834,#4754,#4755);
#4321=AXIS2_PLACEMENT_3D('',#5839,#4758,#4759);
#4322=AXIS2_PLACEMENT_3D('',#5842,#4762,#4763);
#4323=AXIS2_PLACEMENT_3D('',#5843,#4764,#4765);
#4324=AXIS2_PLACEMENT_3D('',#5844,#4766,#4767);
#4325=AXIS2_PLACEMENT_3D('',#5845,#4768,#4769);
#4326=AXIS2_PLACEMENT_3D('',#5846,#4770,#4771);
#4327=AXIS2_PLACEMENT_3D('',#5851,#4773,#4774);
#4328=AXIS2_PLACEMENT_3D('',#5854,#4776,#4777);
#4329=AXIS2_PLACEMENT_3D('',#5855,#4778,#4779);
#4330=AXIS2_PLACEMENT_3D('',#5860,#4782,#4783);
#4331=AXIS2_PLACEMENT_3D('',#5861,#4784,#4785);
#4332=AXIS2_PLACEMENT_3D('',#5866,#4788,#4789);
#4333=AXIS2_PLACEMENT_3D('',#5869,#4792,#4793);
#4334=AXIS2_PLACEMENT_3D('',#5870,#4794,#4795);
#4335=AXIS2_PLACEMENT_3D('',#5871,#4796,#4797);
#4336=AXIS2_PLACEMENT_3D('',#5872,#4798,#4799);
#4337=AXIS2_PLACEMENT_3D('',#5881,#4804,#4805);
#4338=AXIS2_PLACEMENT_3D('',#5887,#4809,#4810);
#4339=AXIS2_PLACEMENT_3D('',#5893,#4814,#4815);
#4340=AXIS2_PLACEMENT_3D('',#5896,#4818,#4819);
#4341=AXIS2_PLACEMENT_3D('',#5897,#4820,#4821);
#4342=AXIS2_PLACEMENT_3D('',#5899,#4822,#4823);
#4343=AXIS2_PLACEMENT_3D('',#5900,#4824,#4825);
#4344=AXIS2_PLACEMENT_3D('',#5902,#4826,#4827);
#4345=AXIS2_PLACEMENT_3D('',#5903,#4828,#4829);
#4346=AXIS2_PLACEMENT_3D('',#5905,#4830,#4831);
#4347=AXIS2_PLACEMENT_3D('',#5906,#4832,#4833);
#4348=AXIS2_PLACEMENT_3D('',#5907,#4834,#4835);
#4349=AXIS2_PLACEMENT_3D('',#5908,#4836,#4837);
#4350=AXIS2_PLACEMENT_3D('',#5910,#4838,#4839);
#4351=AXIS2_PLACEMENT_3D('',#5948,#4840,#4841);
#4352=AXIS2_PLACEMENT_3D('',#5949,#4842,#4843);
#4353=AXIS2_PLACEMENT_3D('',#5950,#4844,#4845);
#4354=AXIS2_PLACEMENT_3D('',#5951,#4846,#4847);
#4355=AXIS2_PLACEMENT_3D('',#5952,#4848,#4849);
#4356=AXIS2_PLACEMENT_3D('',#5953,#4850,#4851);
#4357=AXIS2_PLACEMENT_3D('',#5958,#4853,#4854);
#4358=AXIS2_PLACEMENT_3D('',#5961,#4856,#4857);
#4359=AXIS2_PLACEMENT_3D('',#5967,#4861,#4862);
#4360=AXIS2_PLACEMENT_3D('',#5968,#4863,#4864);
#4361=AXIS2_PLACEMENT_3D('',#5969,#4865,#4866);
#4362=AXIS2_PLACEMENT_3D('',#5970,#4867,#4868);
#4363=AXIS2_PLACEMENT_3D('',#5971,#4869,#4870);
#4364=AXIS2_PLACEMENT_3D('',#5972,#4871,#4872);
#4365=AXIS2_PLACEMENT_3D('',#5973,#4873,#4874);
#4366=AXIS2_PLACEMENT_3D('',#5982,#4879,#4880);
#4367=AXIS2_PLACEMENT_3D('',#5991,#4885,#4886);
#4368=AXIS2_PLACEMENT_3D('',#5997,#4890,#4891);
#4369=AXIS2_PLACEMENT_3D('',#6003,#4895,#4896);
#4370=AXIS2_PLACEMENT_3D('',#6006,#4899,#4900);
#4371=AXIS2_PLACEMENT_3D('',#6007,#4901,#4902);
#4372=AXIS2_PLACEMENT_3D('',#6008,#4903,#4904);
#4373=AXIS2_PLACEMENT_3D('',#6009,#4905,#4906);
#4374=AXIS2_PLACEMENT_3D('',#6010,#4907,#4908);
#4375=AXIS2_PLACEMENT_3D('',#6011,#4909,#4910);
#4376=AXIS2_PLACEMENT_3D('',#6012,#4911,#4912);
#4377=AXIS2_PLACEMENT_3D('',#6021,#4917,#4918);
#4378=AXIS2_PLACEMENT_3D('',#6030,#4923,#4924);
#4379=AXIS2_PLACEMENT_3D('',#6035,#4928,#4929);
#4380=AXIS2_PLACEMENT_3D('',#6036,#4930,#4931);
#4381=AXIS2_PLACEMENT_3D('',#6039,#4933,#4934);
#4382=AXIS2_PLACEMENT_3D('',#6040,#4935,#4936);
#4383=AXIS2_PLACEMENT_3D('',#6041,#4937,#4938);
#4384=AXIS2_PLACEMENT_3D('',#6042,#4939,#4940);
#4385=AXIS2_PLACEMENT_3D('',#6043,#4941,#4942);
#4386=AXIS2_PLACEMENT_3D('',#6044,#4943,#4944);
#4387=AXIS2_PLACEMENT_3D('',#6045,#4945,#4946);
#4388=AXIS2_PLACEMENT_3D('',#6046,#4947,#4948);
#4389=AXIS2_PLACEMENT_3D('',#6048,#4949,#4950);
#4390=AXIS2_PLACEMENT_3D('',#6049,#4951,#4952);
#4391=AXIS2_PLACEMENT_3D('',#6051,#4953,#4954);
#4392=AXIS2_PLACEMENT_3D('',#6052,#4955,#4956);
#4393=AXIS2_PLACEMENT_3D('',#6054,#4957,#4958);
#4394=AXIS2_PLACEMENT_3D('',#6055,#4959,#4960);
#4395=AXIS2_PLACEMENT_3D('',#6056,#4961,#4962);
#4396=AXIS2_PLACEMENT_3D('',#6057,#4963,#4964);
#4397=AXIS2_PLACEMENT_3D('',#6059,#4965,#4966);
#4398=AXIS2_PLACEMENT_3D('',#6061,#4967,#4968);
#4399=AXIS2_PLACEMENT_3D('',#6064,#4969,#4970);
#4400=AXIS2_PLACEMENT_3D('',#6065,#4971,#4972);
#4401=AXIS2_PLACEMENT_3D('',#6066,#4973,#4974);
#4402=AXIS2_PLACEMENT_3D('',#6067,#4975,#4976);
#4403=AXIS2_PLACEMENT_3D('',#6068,#4977,#4978);
#4404=AXIS2_PLACEMENT_3D('',#6070,#4979,#4980);
#4405=AXIS2_PLACEMENT_3D('',#6071,#4981,#4982);
#4406=AXIS2_PLACEMENT_3D('',#6072,#4983,#4984);
#4407=AXIS2_PLACEMENT_3D('',#6073,#4985,#4986);
#4408=AXIS2_PLACEMENT_3D('',#6075,#4987,#4988);
#4409=AXIS2_PLACEMENT_3D('',#6077,#4989,#4990);
#4410=AXIS2_PLACEMENT_3D('',#6078,#4991,#4992);
#4411=AXIS2_PLACEMENT_3D('',#6080,#4993,#4994);
#4412=AXIS2_PLACEMENT_3D('',#6081,#4995,#4996);
#4413=AXIS2_PLACEMENT_3D('',#6083,#4997,#4998);
#4414=AXIS2_PLACEMENT_3D('',#6084,#4999,#5000);
#4415=AXIS2_PLACEMENT_3D('',#6086,#5001,#5002);
#4416=AXIS2_PLACEMENT_3D('',#6087,#5003,#5004);
#4417=AXIS2_PLACEMENT_3D('',#6089,#5005,#5006);
#4418=AXIS2_PLACEMENT_3D('',#6090,#5007,#5008);
#4419=AXIS2_PLACEMENT_3D('',#6091,#5009,#5010);
#4420=AXIS2_PLACEMENT_3D('',#6092,#5011,#5012);
#4421=AXIS2_PLACEMENT_3D('',#6097,#5014,#5015);
#4422=AXIS2_PLACEMENT_3D('',#6100,#5017,#5018);
#4423=AXIS2_PLACEMENT_3D('',#6125,#5023,#5024);
#4424=AXIS2_PLACEMENT_3D('',#6126,#5025,#5026);
#4425=AXIS2_PLACEMENT_3D('',#6130,#5028,#5029);
#4426=AXIS2_PLACEMENT_3D('',#6150,#5031,#5032);
#4427=AXIS2_PLACEMENT_3D('',#6156,#5036,#5037);
#4428=AXIS2_PLACEMENT_3D('',#6157,#5038,#5039);
#4429=AXIS2_PLACEMENT_3D('',#6161,#5041,#5042);
#4430=AXIS2_PLACEMENT_3D('',#6162,#5043,#5044);
#4431=AXIS2_PLACEMENT_3D('',#6187,#5049,#5050);
#4432=AXIS2_PLACEMENT_3D('',#6188,#5051,#5052);
#4433=AXIS2_PLACEMENT_3D('',#6192,#5054,#5055);
#4434=AXIS2_PLACEMENT_3D('',#6212,#5057,#5058);
#4435=AXIS2_PLACEMENT_3D('',#6218,#5062,#5063);
#4436=AXIS2_PLACEMENT_3D('',#6219,#5064,#5065);
#4437=AXIS2_PLACEMENT_3D('',#6223,#5067,#5068);
#4438=AXIS2_PLACEMENT_3D('',#6224,#5069,#5070);
#4439=AXIS2_PLACEMENT_3D('',#6249,#5075,#5076);
#4440=AXIS2_PLACEMENT_3D('',#6250,#5077,#5078);
#4441=AXIS2_PLACEMENT_3D('',#6254,#5080,#5081);
#4442=AXIS2_PLACEMENT_3D('',#6274,#5083,#5084);
#4443=AXIS2_PLACEMENT_3D('',#6280,#5088,#5089);
#4444=AXIS2_PLACEMENT_3D('',#6281,#5090,#5091);
#4445=AXIS2_PLACEMENT_3D('',#6285,#5093,#5094);
#4446=AXIS2_PLACEMENT_3D('',#6286,#5095,#5096);
#4447=AXIS2_PLACEMENT_3D('',#6311,#5101,#5102);
#4448=AXIS2_PLACEMENT_3D('',#6312,#5103,#5104);
#4449=AXIS2_PLACEMENT_3D('',#6316,#5106,#5107);
#4450=AXIS2_PLACEMENT_3D('',#6336,#5109,#5110);
#4451=AXIS2_PLACEMENT_3D('',#6342,#5114,#5115);
#4452=AXIS2_PLACEMENT_3D('',#6343,#5116,#5117);
#4453=AXIS2_PLACEMENT_3D('',#6347,#5119,#5120);
#4454=AXIS2_PLACEMENT_3D('',#6348,#5121,#5122);
#4455=AXIS2_PLACEMENT_3D('',#6373,#5127,#5128);
#4456=AXIS2_PLACEMENT_3D('',#6374,#5129,#5130);
#4457=AXIS2_PLACEMENT_3D('',#6378,#5132,#5133);
#4458=AXIS2_PLACEMENT_3D('',#6398,#5135,#5136);
#4459=AXIS2_PLACEMENT_3D('',#6404,#5140,#5141);
#4460=AXIS2_PLACEMENT_3D('',#6405,#5142,#5143);
#4461=AXIS2_PLACEMENT_3D('',#6409,#5145,#5146);
#4462=AXIS2_PLACEMENT_3D('',#6410,#5147,#5148);
#4463=AXIS2_PLACEMENT_3D('',#6435,#5153,#5154);
#4464=AXIS2_PLACEMENT_3D('',#6436,#5155,#5156);
#4465=AXIS2_PLACEMENT_3D('',#6440,#5158,#5159);
#4466=AXIS2_PLACEMENT_3D('',#6460,#5161,#5162);
#4467=AXIS2_PLACEMENT_3D('',#6466,#5166,#5167);
#4468=AXIS2_PLACEMENT_3D('',#6467,#5168,#5169);
#4469=AXIS2_PLACEMENT_3D('',#6471,#5171,#5172);
#4470=AXIS2_PLACEMENT_3D('',#6472,#5173,#5174);
#4471=AXIS2_PLACEMENT_3D('',#6497,#5179,#5180);
#4472=AXIS2_PLACEMENT_3D('',#6498,#5181,#5182);
#4473=AXIS2_PLACEMENT_3D('',#6502,#5184,#5185);
#4474=AXIS2_PLACEMENT_3D('',#6522,#5187,#5188);
#4475=AXIS2_PLACEMENT_3D('',#6528,#5192,#5193);
#4476=AXIS2_PLACEMENT_3D('',#6529,#5194,#5195);
#4477=AXIS2_PLACEMENT_3D('',#6533,#5197,#5198);
#4478=AXIS2_PLACEMENT_3D('',#6534,#5199,#5200);
#4479=AXIS2_PLACEMENT_3D('',#6559,#5205,#5206);
#4480=AXIS2_PLACEMENT_3D('',#6560,#5207,#5208);
#4481=AXIS2_PLACEMENT_3D('',#6564,#5210,#5211);
#4482=AXIS2_PLACEMENT_3D('',#6584,#5213,#5214);
#4483=AXIS2_PLACEMENT_3D('',#6590,#5218,#5219);
#4484=AXIS2_PLACEMENT_3D('',#6591,#5220,#5221);
#4485=AXIS2_PLACEMENT_3D('',#6595,#5223,#5224);
#4486=AXIS2_PLACEMENT_3D('',#6596,#5225,#5226);
#4487=AXIS2_PLACEMENT_3D('',#6621,#5231,#5232);
#4488=AXIS2_PLACEMENT_3D('',#6622,#5233,#5234);
#4489=AXIS2_PLACEMENT_3D('',#6626,#5236,#5237);
#4490=AXIS2_PLACEMENT_3D('',#6646,#5239,#5240);
#4491=AXIS2_PLACEMENT_3D('',#6652,#5244,#5245);
#4492=AXIS2_PLACEMENT_3D('',#6653,#5246,#5247);
#4493=AXIS2_PLACEMENT_3D('',#6657,#5249,#5250);
#4494=AXIS2_PLACEMENT_3D('',#6658,#5251,#5252);
#4495=AXIS2_PLACEMENT_3D('',#6683,#5257,#5258);
#4496=AXIS2_PLACEMENT_3D('',#6684,#5259,#5260);
#4497=AXIS2_PLACEMENT_3D('',#6688,#5262,#5263);
#4498=AXIS2_PLACEMENT_3D('',#6708,#5265,#5266);
#4499=AXIS2_PLACEMENT_3D('',#6714,#5270,#5271);
#4500=AXIS2_PLACEMENT_3D('',#6715,#5272,#5273);
#4501=AXIS2_PLACEMENT_3D('',#6719,#5275,#5276);
#4502=AXIS2_PLACEMENT_3D('',#6720,#5277,#5278);
#4503=AXIS2_PLACEMENT_3D('',#6745,#5283,#5284);
#4504=AXIS2_PLACEMENT_3D('',#6746,#5285,#5286);
#4505=AXIS2_PLACEMENT_3D('',#6750,#5288,#5289);
#4506=AXIS2_PLACEMENT_3D('',#6770,#5291,#5292);
#4507=AXIS2_PLACEMENT_3D('',#6776,#5296,#5297);
#4508=AXIS2_PLACEMENT_3D('',#6777,#5298,#5299);
#4509=AXIS2_PLACEMENT_3D('',#6781,#5301,#5302);
#4510=AXIS2_PLACEMENT_3D('',#6782,#5303,#5304);
#4511=AXIS2_PLACEMENT_3D('',#6807,#5309,#5310);
#4512=AXIS2_PLACEMENT_3D('',#6808,#5311,#5312);
#4513=AXIS2_PLACEMENT_3D('',#6812,#5314,#5315);
#4514=AXIS2_PLACEMENT_3D('',#6832,#5317,#5318);
#4515=AXIS2_PLACEMENT_3D('',#6838,#5322,#5323);
#4516=AXIS2_PLACEMENT_3D('',#6839,#5324,#5325);
#4517=AXIS2_PLACEMENT_3D('',#6843,#5327,#5328);
#4518=AXIS2_PLACEMENT_3D('',#6844,#5329,#5330);
#4519=AXIS2_PLACEMENT_3D('',#6869,#5335,#5336);
#4520=AXIS2_PLACEMENT_3D('',#6870,#5337,#5338);
#4521=AXIS2_PLACEMENT_3D('',#6874,#5340,#5341);
#4522=AXIS2_PLACEMENT_3D('',#6894,#5343,#5344);
#4523=AXIS2_PLACEMENT_3D('',#6900,#5348,#5349);
#4524=AXIS2_PLACEMENT_3D('',#6901,#5350,#5351);
#4525=AXIS2_PLACEMENT_3D('',#6905,#5353,#5354);
#4526=AXIS2_PLACEMENT_3D('',#6906,#5355,#5356);
#4527=AXIS2_PLACEMENT_3D('',#6931,#5361,#5362);
#4528=AXIS2_PLACEMENT_3D('',#6932,#5363,#5364);
#4529=AXIS2_PLACEMENT_3D('',#6936,#5366,#5367);
#4530=AXIS2_PLACEMENT_3D('',#6956,#5369,#5370);
#4531=AXIS2_PLACEMENT_3D('',#6962,#5374,#5375);
#4532=AXIS2_PLACEMENT_3D('',#6963,#5376,#5377);
#4533=AXIS2_PLACEMENT_3D('',#6967,#5379,#5380);
#4534=AXIS2_PLACEMENT_3D('',#6968,#5381,#5382);
#4535=AXIS2_PLACEMENT_3D('',#6993,#5387,#5388);
#4536=AXIS2_PLACEMENT_3D('',#6994,#5389,#5390);
#4537=AXIS2_PLACEMENT_3D('',#6998,#5392,#5393);
#4538=AXIS2_PLACEMENT_3D('',#7018,#5395,#5396);
#4539=AXIS2_PLACEMENT_3D('',#7024,#5400,#5401);
#4540=AXIS2_PLACEMENT_3D('',#7025,#5402,#5403);
#4541=AXIS2_PLACEMENT_3D('',#7029,#5405,#5406);
#4542=AXIS2_PLACEMENT_3D('',#7030,#5407,#5408);
#4543=AXIS2_PLACEMENT_3D('',#7055,#5413,#5414);
#4544=AXIS2_PLACEMENT_3D('',#7056,#5415,#5416);
#4545=AXIS2_PLACEMENT_3D('',#7060,#5418,#5419);
#4546=AXIS2_PLACEMENT_3D('',#7080,#5421,#5422);
#4547=AXIS2_PLACEMENT_3D('',#7083,#5425,#5426);
#4548=AXIS2_PLACEMENT_3D('',#7084,#5427,#5428);
#4549=AXIS2_PLACEMENT_3D('',#7086,#5429,#5430);
#4550=AXIS2_PLACEMENT_3D('',#7087,#5431,#5432);
#4551=AXIS2_PLACEMENT_3D('',#7089,#5433,#5434);
#4552=AXIS2_PLACEMENT_3D('',#7090,#5435,#5436);
#4553=AXIS2_PLACEMENT_3D('',#7092,#5437,#5438);
#4554=AXIS2_PLACEMENT_3D('',#7093,#5439,#5440);
#4555=AXIS2_PLACEMENT_3D('',#7095,#5441,#5442);
#4556=AXIS2_PLACEMENT_3D('',#7096,#5443,#5444);
#4557=AXIS2_PLACEMENT_3D('',#7097,#5445,#5446);
#4558=AXIS2_PLACEMENT_3D('',#7106,#5451,#5452);
#4559=AXIS2_PLACEMENT_3D('',#7107,#5453,#5454);
#4560=AXIS2_PLACEMENT_3D('',#7114,#5458,#5459);
#4561=AXIS2_PLACEMENT_3D('',#7120,#5463,#5464);
#4562=AXIS2_PLACEMENT_3D('',#7121,#5465,#5466);
#4563=AXIS2_PLACEMENT_3D('',#7125,#5469,#5470);
#4564=AXIS2_PLACEMENT_3D('',#7126,#5471,#5472);
#4565=AXIS2_PLACEMENT_3D('',#7127,#5473,#5474);
#4566=AXIS2_PLACEMENT_3D('',#7128,#5475,#5476);
#4567=AXIS2_PLACEMENT_3D('',#7129,#5477,#5478);
#4568=AXIS2_PLACEMENT_3D('',#7130,#5479,#5480);
#4569=AXIS2_PLACEMENT_3D('',#7132,#5481,#5482);
#4570=AXIS2_PLACEMENT_3D('',#7134,#5483,#5484);
#4571=AXIS2_PLACEMENT_3D('',#7135,#5485,#5486);
#4572=AXIS2_PLACEMENT_3D('',#7137,#5487,#5488);
#4573=AXIS2_PLACEMENT_3D('',#7138,#5489,#5490);
#4574=AXIS2_PLACEMENT_3D('',#7139,#5491,#5492);
#4575=AXIS2_PLACEMENT_3D('',#7140,#5493,#5494);
#4576=AXIS2_PLACEMENT_3D('',#7149,#5499,#5500);
#4577=AXIS2_PLACEMENT_3D('',#7158,#5505,#5506);
#4578=AXIS2_PLACEMENT_3D('',#7167,#5511,#5512);
#4579=AXIS2_PLACEMENT_3D('',#7176,#5517,#5518);
#4580=AXIS2_PLACEMENT_3D('',#7177,#5519,#5520);
#4581=AXIS2_PLACEMENT_3D('',#7178,#5521,#5522);
#4582=AXIS2_PLACEMENT_3D('',#7179,#5523,#5524);
#4583=AXIS2_PLACEMENT_3D('',#7180,#5525,#5526);
#4584=AXIS2_PLACEMENT_3D('',#7184,#5528,#5529);
#4585=AXIS2_PLACEMENT_3D('',#7185,#5530,#5531);
#4586=AXIS2_PLACEMENT_3D('',#7186,#5532,#5533);
#4587=AXIS2_PLACEMENT_3D('',#7199,#5542,#5543);
#4588=AXIS2_PLACEMENT_3D('',#7200,#5544,#5545);
#4589=AXIS2_PLACEMENT_3D('',#7201,#5546,#5547);
#4590=AXIS2_PLACEMENT_3D('',#7207,#5551,#5552);
#4591=AXIS2_PLACEMENT_3D('',#7211,#5555,#5556);
#4592=AXIS2_PLACEMENT_3D('',#7215,#5559,#5560);
#4593=AXIS2_PLACEMENT_3D('',#7219,#5563,#5564);
#4594=AXIS2_PLACEMENT_3D('',#7223,#5567,#5568);
#4595=AXIS2_PLACEMENT_3D('',#7225,#5570,#5571);
#4596=AXIS2_PLACEMENT_3D('',#7226,#5572,#5573);
#4597=AXIS2_PLACEMENT_3D('',#7227,#5574,#5575);
#4598=AXIS2_PLACEMENT_3D('',#7228,#5576,#5577);
#4599=AXIS2_PLACEMENT_3D('',#7230,#5578,#5579);
#4600=AXIS2_PLACEMENT_3D('',#7256,#5580,#5581);
#4601=AXIS2_PLACEMENT_3D('',#7257,#5582,#5583);
#4602=AXIS2_PLACEMENT_3D('',#7258,#5584,#5585);
#4603=AXIS2_PLACEMENT_3D('',#7259,#5586,#5587);
#4604=AXIS2_PLACEMENT_3D('',#7260,#5588,#5589);
#4605=AXIS2_PLACEMENT_3D('',#7269,#5594,#5595);
#4606=AXIS2_PLACEMENT_3D('',#7278,#5600,#5601);
#4607=AXIS2_PLACEMENT_3D('',#7287,#5606,#5607);
#4608=AXIS2_PLACEMENT_3D('',#7296,#5612,#5613);
#4609=AXIS2_PLACEMENT_3D('',#7305,#5618,#5619);
#4610=AXIS2_PLACEMENT_3D('',#7306,#5620,#5621);
#4611=AXIS2_PLACEMENT_3D('',#7307,#5622,#5623);
#4612=AXIS2_PLACEMENT_3D('',#7308,#5624,#5625);
#4613=AXIS2_PLACEMENT_3D('',#7309,#5626,#5627);
#4614=AXIS2_PLACEMENT_3D('',#7310,#5628,#5629);
#4615=AXIS2_PLACEMENT_3D('',#7311,#5630,#5631);
#4616=AXIS2_PLACEMENT_3D('',#7312,#5632,#5633);
#4617=AXIS2_PLACEMENT_3D('',#7313,#5634,#5635);
#4618=AXIS2_PLACEMENT_3D('',#7314,#5636,#5637);
#4619=AXIS2_PLACEMENT_3D('',#7315,#5638,#5639);
#4620=AXIS2_PLACEMENT_3D('',#7316,#5640,#5641);
#4621=AXIS2_PLACEMENT_3D('',#7317,#5642,#5643);
#4622=AXIS2_PLACEMENT_3D('',#7318,#5644,#5645);
#4623=AXIS2_PLACEMENT_3D('',#7321,#5648,#5649);
#4624=AXIS2_PLACEMENT_3D('',#7323,#5651,#5652);
#4625=AXIS2_PLACEMENT_3D('',#7325,#5654,#5655);
#4626=AXIS2_PLACEMENT_3D('',#7327,#5657,#5658);
#4627=AXIS2_PLACEMENT_3D('',#7329,#5660,#5661);
#4628=AXIS2_PLACEMENT_3D('',#7331,#5663,#5664);
#4629=AXIS2_PLACEMENT_3D('',#7333,#5666,#5667);
#4630=AXIS2_PLACEMENT_3D('',#7334,#5668,#5669);
#4631=AXIS2_PLACEMENT_3D('',#7335,#5670,#5671);
#4632=AXIS2_PLACEMENT_3D('',#7344,#5676,#5677);
#4633=AXIS2_PLACEMENT_3D('',#7350,#5681,#5682);
#4634=AXIS2_PLACEMENT_3D('',#7356,#5686,#5687);
#4635=AXIS2_PLACEMENT_3D('',#7359,#5690,#5691);
#4636=AXIS2_PLACEMENT_3D('',#7368,#5696,#5697);
#4637=AXIS2_PLACEMENT_3D('',#7370,#5698,#5699);
#4638=AXIS2_PLACEMENT_3D('',#7371,#5700,#5701);
#4639=AXIS2_PLACEMENT_3D('',#7373,#5702,#5703);
#4640=AXIS2_PLACEMENT_3D('',#7374,#5704,#5705);
#4641=AXIS2_PLACEMENT_3D('',#7380,#5709,#5710);
#4642=AXIS2_PLACEMENT_3D('',#7384,#5713,#5714);
#4643=AXIS2_PLACEMENT_3D('',#7388,#5717,#5718);
#4644=AXIS2_PLACEMENT_3D('',#7390,#5720,#5721);
#4645=AXIS2_PLACEMENT_3D('',#7391,#5722,#5723);
#4646=AXIS2_PLACEMENT_3D('',#7392,#5724,#5725);
#4647=AXIS2_PLACEMENT_3D('',#7396,#5727,#5728);
#4648=AXIS2_PLACEMENT_3D('',#7400,#5730,#5731);
#4649=AXIS2_PLACEMENT_3D('',#7401,#5732,#5733);
#4650=AXIS2_PLACEMENT_3D('',#7402,#5734,#5735);
#4651=AXIS2_PLACEMENT_3D('',#7403,#5736,#5737);
#4652=AXIS2_PLACEMENT_3D('',#7404,#5738,#5739);
#4653=AXIS2_PLACEMENT_3D('',#7405,#5740,#5741);
#4654=DIRECTION('',(0.,0.,1.));
#4655=DIRECTION('',(1.,0.,0.));
#4656=DIRECTION('',(0.866025403784439,-0.5,0.));
#4657=DIRECTION('',(0.5,0.866025403784439,0.));
#4658=DIRECTION('',(0.,0.,-1.));
#4659=DIRECTION('',(-0.5,-0.866025403784439,0.));
#4660=DIRECTION('',(0.,0.,-1.));
#4661=DIRECTION('',(-0.5,-0.866025403784439,0.));
#4662=DIRECTION('',(0.,1.,0.));
#4663=DIRECTION('',(0.,0.,1.));
#4664=DIRECTION('',(0.,0.,-1.));
#4665=DIRECTION('',(1.,0.,0.));
#4666=DIRECTION('',(0.,0.,-1.));
#4667=DIRECTION('',(1.,0.,0.));
#4668=DIRECTION('',(-0.866025403784439,-0.5,0.));
#4669=DIRECTION('',(0.5,-0.866025403784439,0.));
#4670=DIRECTION('',(-0.5,0.866025403784439,0.));
#4671=DIRECTION('',(-0.866025403784439,-0.5,0.));
#4672=DIRECTION('',(0.5,-0.866025403784439,0.));
#4673=DIRECTION('',(-0.5,0.866025403784439,0.));
#4674=DIRECTION('',(-0.866025403784439,-0.5,0.));
#4675=DIRECTION('',(0.5,-0.866025403784439,0.));
#4676=DIRECTION('',(0.,0.,1.));
#4677=DIRECTION('',(1.,0.,0.));
#4678=DIRECTION('',(0.,0.,1.));
#4679=DIRECTION('',(1.,0.,0.));
#4680=DIRECTION('',(0.,0.,1.));
#4681=DIRECTION('',(1.,0.,0.));
#4682=DIRECTION('',(1.,0.,0.));
#4683=DIRECTION('',(-0.5,-0.866025403784439,0.));
#4684=DIRECTION('',(0.,0.,-1.));
#4685=DIRECTION('',(-1.,0.,0.));
#4686=DIRECTION('',(0.,0.,-1.));
#4687=DIRECTION('',(-1.,0.,0.));
#4688=DIRECTION('',(1.,0.,0.));
#4689=DIRECTION('',(0.,0.,-1.));
#4690=DIRECTION('',(-1.,0.,0.));
#4691=DIRECTION('',(0.,0.,1.));
#4692=DIRECTION('',(0.,0.,-1.));
#4693=DIRECTION('',(-1.,0.,0.));
#4694=DIRECTION('',(-0.500000000000139,-0.866025403784358,0.));
#4695=DIRECTION('',(0.866025403784358,-0.500000000000139,0.));
#4696=DIRECTION('',(-0.5,-0.866025403784439,0.));
#4697=DIRECTION('',(0.866025403784439,-0.5,0.));
#4698=DIRECTION('',(0.,0.,1.));
#4699=DIRECTION('',(1.,0.,0.));
#4700=DIRECTION('',(-1.,0.,0.));
#4701=DIRECTION('',(0.,0.,1.));
#4702=DIRECTION('',(0.,1.,0.));
#4703=DIRECTION('',(0.,0.,-1.));
#4704=DIRECTION('',(0.,1.,0.));
#4705=DIRECTION('',(0.,0.,-1.));
#4706=DIRECTION('',(0.,1.,0.));
#4707=DIRECTION('',(0.,0.,1.));
#4708=DIRECTION('',(1.,0.,0.));
#4709=DIRECTION('',(0.,0.,-1.));
#4710=DIRECTION('',(1.,0.,0.));
#4711=DIRECTION('',(-1.,0.,0.));
#4712=DIRECTION('',(0.,0.,1.));
#4713=DIRECTION('',(0.,1.,0.));
#4714=DIRECTION('',(0.,0.,-1.));
#4715=DIRECTION('',(0.,1.,0.));
#4716=DIRECTION('',(0.,1.,0.));
#4717=DIRECTION('',(0.,0.,1.));
#4718=DIRECTION('',(1.,0.,0.));
#4719=DIRECTION('',(1.,0.,0.));
#4720=DIRECTION('',(0.,0.,1.));
#4721=DIRECTION('',(1.,0.,0.));
#4722=DIRECTION('',(0.,0.,1.));
#4723=DIRECTION('',(1.,0.,0.));
#4724=DIRECTION('',(0.,0.,1.));
#4725=DIRECTION('',(1.,0.,0.));
#4726=DIRECTION('',(0.,0.,-1.));
#4727=DIRECTION('',(-1.,0.,0.));
#4728=DIRECTION('',(0.,0.,1.));
#4729=DIRECTION('',(1.,0.,0.));
#4730=DIRECTION('',(0.,0.,1.));
#4731=DIRECTION('',(1.,0.,0.));
#4732=DIRECTION('',(0.,0.,1.));
#4733=DIRECTION('',(1.,0.,0.));
#4734=DIRECTION('',(0.,0.,1.));
#4735=DIRECTION('',(1.,0.,0.));
#4736=DIRECTION('',(0.,0.,1.));
#4737=DIRECTION('',(1.,0.,0.));
#4738=DIRECTION('',(0.,0.,-1.));
#4739=DIRECTION('',(-1.,0.,0.));
#4740=DIRECTION('',(0.,0.,-1.));
#4741=DIRECTION('',(-1.,0.,0.));
#4742=DIRECTION('',(0.,0.,-1.));
#4743=DIRECTION('',(0.,0.,-1.));
#4744=DIRECTION('',(-1.,0.,0.));
#4745=DIRECTION('',(0.,0.,-1.));
#4746=DIRECTION('',(0.,0.,-1.));
#4747=DIRECTION('',(-1.,0.,0.));
#4748=DIRECTION('',(0.,0.,-1.));
#4749=DIRECTION('',(-1.,0.,0.));
#4750=DIRECTION('',(1.,0.,0.));
#4751=DIRECTION('',(0.5,0.866025403784439,0.));
#4752=DIRECTION('',(0.,0.,-1.));
#4753=DIRECTION('',(-1.,0.,0.));
#4754=DIRECTION('',(0.,0.,-1.));
#4755=DIRECTION('',(-1.,0.,0.));
#4756=DIRECTION('',(0.,0.,1.));
#4757=DIRECTION('',(0.,0.,1.));
#4758=DIRECTION('',(0.,0.,1.));
#4759=DIRECTION('',(1.,0.,0.));
#4760=DIRECTION('',(-0.5,-0.866025403784439,0.));
#4761=DIRECTION('',(-1.,0.,0.));
#4762=DIRECTION('',(0.866025403784439,-0.5,0.));
#4763=DIRECTION('',(0.5,0.866025403784439,0.));
#4764=DIRECTION('',(0.,-1.,0.));
#4765=DIRECTION('',(1.,0.,0.));
#4766=DIRECTION('',(0.,0.,1.));
#4767=DIRECTION('',(1.,0.,0.));
#4768=DIRECTION('',(0.,0.,-1.));
#4769=DIRECTION('',(-1.,0.,0.));
#4770=DIRECTION('',(0.,0.,-1.));
#4771=DIRECTION('',(-1.,0.,0.));
#4772=DIRECTION('',(0.,0.,-1.));
#4773=DIRECTION('',(0.,0.,-1.));
#4774=DIRECTION('',(-1.,0.,0.));
#4775=DIRECTION('',(0.,0.,-1.));
#4776=DIRECTION('',(0.,0.,-1.));
#4777=DIRECTION('',(-1.,0.,0.));
#4778=DIRECTION('',(0.,0.,-1.));
#4779=DIRECTION('',(-1.,0.,0.));
#4780=DIRECTION('',(1.,0.,0.));
#4781=DIRECTION('',(-0.707106781186548,0.707106781186548,0.));
#4782=DIRECTION('',(0.,0.,-1.));
#4783=DIRECTION('',(-1.,0.,0.));
#4784=DIRECTION('',(0.,0.,-1.));
#4785=DIRECTION('',(-1.,0.,0.));
#4786=DIRECTION('',(0.,0.,1.));
#4787=DIRECTION('',(0.,0.,1.));
#4788=DIRECTION('',(0.,0.,1.));
#4789=DIRECTION('',(1.,0.,0.));
#4790=DIRECTION('',(0.707106781186548,-0.707106781186548,0.));
#4791=DIRECTION('',(-1.,0.,0.));
#4792=DIRECTION('',(0.707106781186548,0.707106781186548,0.));
#4793=DIRECTION('',(-0.707106781186548,0.707106781186548,0.));
#4794=DIRECTION('',(0.,-1.,0.));
#4795=DIRECTION('',(1.,0.,0.));
#4796=DIRECTION('',(0.,0.,1.));
#4797=DIRECTION('',(1.,0.,0.));
#4798=DIRECTION('',(-1.,0.,0.));
#4799=DIRECTION('',(0.,0.,1.));
#4800=DIRECTION('',(0.,1.,0.));
#4801=DIRECTION('',(0.,0.,-1.));
#4802=DIRECTION('',(0.,1.,0.));
#4803=DIRECTION('',(0.,0.,-1.));
#4804=DIRECTION('',(0.,1.,0.));
#4805=DIRECTION('',(0.,0.,1.));
#4806=DIRECTION('',(1.,0.,0.));
#4807=DIRECTION('',(0.,0.,-1.));
#4808=DIRECTION('',(1.,0.,0.));
#4809=DIRECTION('',(-1.,0.,0.));
#4810=DIRECTION('',(0.,0.,1.));
#4811=DIRECTION('',(0.,1.,0.));
#4812=DIRECTION('',(0.,0.,-1.));
#4813=DIRECTION('',(0.,1.,0.));
#4814=DIRECTION('',(0.,1.,0.));
#4815=DIRECTION('',(0.,0.,1.));
#4816=DIRECTION('',(1.,0.,0.));
#4817=DIRECTION('',(1.,0.,0.));
#4818=DIRECTION('',(0.,0.,1.));
#4819=DIRECTION('',(1.,0.,0.));
#4820=DIRECTION('',(0.,0.,-1.));
#4821=DIRECTION('',(-1.,0.,0.));
#4822=DIRECTION('',(0.,0.,1.));
#4823=DIRECTION('',(1.,0.,0.));
#4824=DIRECTION('',(0.,0.,1.));
#4825=DIRECTION('',(1.,0.,0.));
#4826=DIRECTION('',(0.,0.,-1.));
#4827=DIRECTION('',(-1.,0.,0.));
#4828=DIRECTION('',(0.,0.,-1.));
#4829=DIRECTION('',(-1.,0.,0.));
#4830=DIRECTION('',(0.,0.,1.));
#4831=DIRECTION('',(1.,0.,0.));
#4832=DIRECTION('',(0.,0.,1.));
#4833=DIRECTION('',(1.,0.,0.));
#4834=DIRECTION('',(0.,0.,-1.));
#4835=DIRECTION('',(-1.,0.,0.));
#4836=DIRECTION('',(0.,0.,1.));
#4837=DIRECTION('',(1.,0.,0.));
#4838=DIRECTION('',(0.,0.,1.));
#4839=DIRECTION('',(1.,0.,0.));
#4840=DIRECTION('',(0.,0.,1.));
#4841=DIRECTION('',(1.,0.,0.));
#4842=DIRECTION('',(0.,0.,1.));
#4843=DIRECTION('',(1.,0.,0.));
#4844=DIRECTION('',(-1.,0.,0.));
#4845=DIRECTION('',(0.,0.,1.));
#4846=DIRECTION('',(0.,0.,1.));
#4847=DIRECTION('',(1.,0.,0.));
#4848=DIRECTION('',(0.,0.,-1.));
#4849=DIRECTION('',(-1.,0.,0.));
#4850=DIRECTION('',(0.,0.,1.));
#4851=DIRECTION('',(1.,0.,0.));
#4852=DIRECTION('',(0.,0.,-1.));
#4853=DIRECTION('',(0.,0.,1.));
#4854=DIRECTION('',(1.,0.,0.));
#4855=DIRECTION('',(0.,0.,-1.));
#4856=DIRECTION('',(1.,0.,0.));
#4857=DIRECTION('',(0.,0.,-1.));
#4858=DIRECTION('',(0.,-1.,0.));
#4859=DIRECTION('',(0.,0.,-1.));
#4860=DIRECTION('',(0.,-1.,0.));
#4861=DIRECTION('',(0.,0.,1.));
#4862=DIRECTION('',(1.,0.,0.));
#4863=DIRECTION('',(0.,0.,1.));
#4864=DIRECTION('',(1.,0.,0.));
#4865=DIRECTION('',(0.,0.,1.));
#4866=DIRECTION('',(1.,0.,0.));
#4867=DIRECTION('',(0.,0.,1.));
#4868=DIRECTION('',(1.,0.,0.));
#4869=DIRECTION('',(0.,0.,-1.));
#4870=DIRECTION('',(-1.,0.,0.));
#4871=DIRECTION('',(0.,0.,1.));
#4872=DIRECTION('',(1.,0.,0.));
#4873=DIRECTION('',(0.,1.,0.));
#4874=DIRECTION('',(0.,0.,1.));
#4875=DIRECTION('',(0.,0.,-1.));
#4876=DIRECTION('',(1.,0.,0.));
#4877=DIRECTION('',(0.,0.,-1.));
#4878=DIRECTION('',(1.,0.,0.));
#4879=DIRECTION('',(0.,1.,0.));
#4880=DIRECTION('',(0.,0.,1.));
#4881=DIRECTION('',(0.,0.,-1.));
#4882=DIRECTION('',(1.,0.,0.));
#4883=DIRECTION('',(0.,0.,-1.));
#4884=DIRECTION('',(1.,0.,0.));
#4885=DIRECTION('',(-1.,0.,0.));
#4886=DIRECTION('',(0.,0.,1.));
#4887=DIRECTION('',(0.,1.,0.));
#4888=DIRECTION('',(0.,1.,0.));
#4889=DIRECTION('',(0.,0.,-1.));
#4890=DIRECTION('',(-1.,0.,0.));
#4891=DIRECTION('',(0.,0.,1.));
#4892=DIRECTION('',(0.,1.,0.));
#4893=DIRECTION('',(0.,0.,-1.));
#4894=DIRECTION('',(0.,1.,0.));
#4895=DIRECTION('',(0.,1.,0.));
#4896=DIRECTION('',(0.,0.,1.));
#4897=DIRECTION('',(1.,0.,0.));
#4898=DIRECTION('',(1.,0.,0.));
#4899=DIRECTION('',(0.,0.,1.));
#4900=DIRECTION('',(1.,0.,0.));
#4901=DIRECTION('',(0.,0.,1.));
#4902=DIRECTION('',(1.,0.,0.));
#4903=DIRECTION('',(0.,0.,1.));
#4904=DIRECTION('',(1.,0.,0.));
#4905=DIRECTION('',(0.,0.,1.));
#4906=DIRECTION('',(1.,0.,0.));
#4907=DIRECTION('',(0.,0.,-1.));
#4908=DIRECTION('',(-1.,0.,0.));
#4909=DIRECTION('',(0.,0.,1.));
#4910=DIRECTION('',(1.,0.,0.));
#4911=DIRECTION('',(0.866025403784439,-0.5,0.));
#4912=DIRECTION('',(0.5,0.866025403784439,0.));
#4913=DIRECTION('',(-0.5,-0.866025403784439,0.));
#4914=DIRECTION('',(0.,0.,-1.));
#4915=DIRECTION('',(-0.5,-0.866025403784439,0.));
#4916=DIRECTION('',(0.,0.,-1.));
#4917=DIRECTION('',(0.,1.,0.));
#4918=DIRECTION('',(0.,0.,1.));
#4919=DIRECTION('',(0.,0.,-1.));
#4920=DIRECTION('',(-1.,0.,0.));
#4921=DIRECTION('',(0.,0.,-1.));
#4922=DIRECTION('',(1.,0.,0.));
#4923=DIRECTION('',(-0.866025403784439,-0.5,0.));
#4924=DIRECTION('',(0.5,-0.866025403784439,0.));
#4925=DIRECTION('',(-0.5,0.866025403784439,0.));
#4926=DIRECTION('',(0.377964473009138,-0.654653670707821,-0.654653670708185));
#4927=DIRECTION('',(-0.5,0.866025403784439,0.));
#4928=DIRECTION('',(0.,0.,1.));
#4929=DIRECTION('',(1.,0.,0.));
#4930=DIRECTION('',(0.,0.,1.));
#4931=DIRECTION('',(1.,0.,0.));
#4932=DIRECTION('',(1.,0.,0.));
#4933=DIRECTION('',(0.,0.,1.));
#4934=DIRECTION('',(1.,0.,0.));
#4935=DIRECTION('',(0.,0.,1.));
#4936=DIRECTION('',(1.,0.,0.));
#4937=DIRECTION('',(0.,0.,-1.));
#4938=DIRECTION('',(-1.,0.,0.));
#4939=DIRECTION('',(0.,-0.707106781186744,0.707106781186351));
#4940=DIRECTION('',(0.,-0.707106781186351,-0.707106781186744));
#4941=DIRECTION('',(0.,-0.707106781186744,0.707106781186351));
#4942=DIRECTION('',(-1.,0.,0.));
#4943=DIRECTION('',(0.,0.,1.));
#4944=DIRECTION('',(1.,0.,0.));
#4945=DIRECTION('',(0.,0.,-1.));
#4946=DIRECTION('',(-1.,0.,0.));
#4947=DIRECTION('',(0.,0.,-1.));
#4948=DIRECTION('',(-1.,0.,0.));
#4949=DIRECTION('',(0.,0.,-1.));
#4950=DIRECTION('',(-1.,0.,0.));
#4951=DIRECTION('',(0.,0.,-1.));
#4952=DIRECTION('',(-1.,0.,0.));
#4953=DIRECTION('',(0.,0.,-1.));
#4954=DIRECTION('',(-1.,0.,0.));
#4955=DIRECTION('',(0.,0.,-1.));
#4956=DIRECTION('',(-1.,0.,0.));
#4957=DIRECTION('',(0.,0.,-1.));
#4958=DIRECTION('',(1.,0.,0.));
#4959=DIRECTION('',(0.,0.,1.));
#4960=DIRECTION('',(1.,0.,0.));
#4961=DIRECTION('',(0.,0.,-1.));
#4962=DIRECTION('',(-1.,0.,0.));
#4963=DIRECTION('',(0.,0.,1.));
#4964=DIRECTION('',(1.,0.,0.));
#4965=DIRECTION('',(0.,0.,1.));
#4966=DIRECTION('',(1.,0.,0.));
#4967=DIRECTION('',(-0.707106781186548,0.,-0.707106781186548));
#4968=DIRECTION('',(0.707106781186548,0.,-0.707106781186548));
#4969=DIRECTION('',(0.707106781186548,0.,-0.707106781186548));
#4970=DIRECTION('',(-0.707106781186548,0.,-0.707106781186548));
#4971=DIRECTION('',(0.,0.,1.));
#4972=DIRECTION('',(1.,0.,0.));
#4973=DIRECTION('',(0.,0.,1.));
#4974=DIRECTION('',(1.,0.,0.));
#4975=DIRECTION('',(-1.,0.,0.));
#4976=DIRECTION('',(0.,0.,1.));
#4977=DIRECTION('',(1.,0.,0.));
#4978=DIRECTION('',(0.,0.,-1.));
#4979=DIRECTION('',(1.,0.,0.));
#4980=DIRECTION('',(0.,1.,0.));
#4981=DIRECTION('',(0.,0.,1.));
#4982=DIRECTION('',(1.,0.,0.));
#4983=DIRECTION('',(0.,0.,-1.));
#4984=DIRECTION('',(-1.,0.,0.));
#4985=DIRECTION('',(0.,0.,1.));
#4986=DIRECTION('',(1.,0.,0.));
#4987=DIRECTION('',(0.,0.,1.));
#4988=DIRECTION('',(1.,0.,0.));
#4989=DIRECTION('',(0.,0.,1.));
#4990=DIRECTION('',(1.,0.,0.));
#4991=DIRECTION('',(0.,0.,1.));
#4992=DIRECTION('',(1.,0.,0.));
#4993=DIRECTION('',(0.,0.,1.));
#4994=DIRECTION('',(1.,0.,0.));
#4995=DIRECTION('',(0.,0.,1.));
#4996=DIRECTION('',(1.,0.,0.));
#4997=DIRECTION('',(0.,0.,-1.));
#4998=DIRECTION('',(-1.,0.,0.));
#4999=DIRECTION('',(0.,0.,-1.));
#5000=DIRECTION('',(-1.,0.,0.));
#5001=DIRECTION('',(0.,0.,1.));
#5002=DIRECTION('',(1.,0.,0.));
#5003=DIRECTION('',(0.,0.,1.));
#5004=DIRECTION('',(1.,0.,0.));
#5005=DIRECTION('',(0.,0.,1.));
#5006=DIRECTION('',(1.,0.,0.));
#5007=DIRECTION('',(0.,0.,1.));
#5008=DIRECTION('',(1.,0.,0.));
#5009=DIRECTION('',(0.,0.,-1.));
#5010=DIRECTION('',(-1.,0.,0.));
#5011=DIRECTION('',(0.,0.,1.));
#5012=DIRECTION('',(1.,0.,0.));
#5013=DIRECTION('',(0.,0.,-1.));
#5014=DIRECTION('',(0.,0.,1.));
#5015=DIRECTION('',(1.,0.,0.));
#5016=DIRECTION('',(0.,0.,-1.));
#5017=DIRECTION('',(0.112838319771894,0.99361336222449,0.));
#5018=DIRECTION('',(-0.99361336222449,0.112838319771894,0.));
#5019=DIRECTION('',(0.99361336222449,-0.112838319771894,0.));
#5020=DIRECTION('',(0.,0.,-1.));
#5021=DIRECTION('',(0.99361336222449,-0.112838319771894,0.));
#5022=DIRECTION('',(0.,0.,-1.));
#5023=DIRECTION('',(0.,0.,-1.));
#5024=DIRECTION('',(-1.,0.,0.));
#5025=DIRECTION('',(0.,0.,1.));
#5026=DIRECTION('',(1.,0.,0.));
#5027=DIRECTION('',(0.,0.,-1.));
#5028=DIRECTION('',(0.,0.,1.));
#5029=DIRECTION('',(1.,0.,0.));
#5030=DIRECTION('',(0.,0.,-1.));
#5031=DIRECTION('',(0.112838319771894,-0.99361336222449,0.));
#5032=DIRECTION('',(0.99361336222449,0.112838319771894,0.));
#5033=DIRECTION('',(-0.99361336222449,-0.112838319771894,0.));
#5034=DIRECTION('',(0.,0.,-1.));
#5035=DIRECTION('',(-0.99361336222449,-0.112838319771894,0.));
#5036=DIRECTION('',(0.,0.,-1.));
#5037=DIRECTION('',(-1.,0.,0.));
#5038=DIRECTION('',(0.,0.,1.));
#5039=DIRECTION('',(1.,0.,0.));
#5040=DIRECTION('',(0.,0.,-1.));
#5041=DIRECTION('',(0.,0.,1.));
#5042=DIRECTION('',(1.,0.,0.));
#5043=DIRECTION('',(-0.275990357779669,0.961160404101548,0.));
#5044=DIRECTION('',(-0.961160404101548,-0.275990357779669,0.));
#5045=DIRECTION('',(0.961160404101548,0.275990357779669,0.));
#5046=DIRECTION('',(0.,0.,-1.));
#5047=DIRECTION('',(0.961160404101548,0.275990357779669,0.));
#5048=DIRECTION('',(0.,0.,-1.));
#5049=DIRECTION('',(0.,0.,-1.));
#5050=DIRECTION('',(-1.,0.,0.));
#5051=DIRECTION('',(0.,0.,1.));
#5052=DIRECTION('',(1.,0.,0.));
#5053=DIRECTION('',(0.,0.,-1.));
#5054=DIRECTION('',(0.,0.,1.));
#5055=DIRECTION('',(1.,0.,0.));
#5056=DIRECTION('',(0.,0.,-1.));
#5057=DIRECTION('',(0.484488386020102,-0.874797693076312,0.));
#5058=DIRECTION('',(0.874797693076312,0.484488386020102,0.));
#5059=DIRECTION('',(-0.874797693076312,-0.484488386020102,0.));
#5060=DIRECTION('',(0.,0.,-1.));
#5061=DIRECTION('',(-0.874797693076312,-0.484488386020102,0.));
#5062=DIRECTION('',(0.,0.,-1.));
#5063=DIRECTION('',(-1.,0.,0.));
#5064=DIRECTION('',(0.,0.,1.));
#5065=DIRECTION('',(1.,0.,0.));
#5066=DIRECTION('',(0.,0.,-1.));
#5067=DIRECTION('',(0.,0.,1.));
#5068=DIRECTION('',(1.,0.,0.));
#5069=DIRECTION('',(-0.622802005218101,0.782379487394904,0.));
#5070=DIRECTION('',(-0.782379487394904,-0.622802005218101,0.));
#5071=DIRECTION('',(0.782379487394904,0.622802005218101,0.));
#5072=DIRECTION('',(0.,0.,-1.));
#5073=DIRECTION('',(0.782379487394904,0.622802005218101,0.));
#5074=DIRECTION('',(0.,0.,-1.));
#5075=DIRECTION('',(0.,0.,-1.));
#5076=DIRECTION('',(-1.,0.,0.));
#5077=DIRECTION('',(0.,0.,1.));
#5078=DIRECTION('',(1.,0.,0.));
#5079=DIRECTION('',(0.,0.,-1.));
#5080=DIRECTION('',(0.,0.,1.));
#5081=DIRECTION('',(1.,0.,0.));
#5082=DIRECTION('',(0.,0.,-1.));
#5083=DIRECTION('',(0.782379487394904,-0.622802005218101,0.));
#5084=DIRECTION('',(0.622802005218101,0.782379487394904,0.));
#5085=DIRECTION('',(-0.622802005218101,-0.782379487394904,0.));
#5086=DIRECTION('',(0.,0.,-1.));
#5087=DIRECTION('',(-0.622802005218101,-0.782379487394904,0.));
#5088=DIRECTION('',(0.,0.,-1.));
#5089=DIRECTION('',(-1.,0.,0.));
#5090=DIRECTION('',(0.,0.,1.));
#5091=DIRECTION('',(1.,0.,0.));
#5092=DIRECTION('',(0.,0.,-1.));
#5093=DIRECTION('',(0.,0.,1.));
#5094=DIRECTION('',(1.,0.,0.));
#5095=DIRECTION('',(-0.874797693076312,0.484488386020102,0.));
#5096=DIRECTION('',(-0.484488386020102,-0.874797693076312,0.));
#5097=DIRECTION('',(0.484488386020102,0.874797693076312,0.));
#5098=DIRECTION('',(0.,0.,-1.));
#5099=DIRECTION('',(0.484488386020102,0.874797693076312,0.));
#5100=DIRECTION('',(0.,0.,-1.));
#5101=DIRECTION('',(0.,0.,-1.));
#5102=DIRECTION('',(-1.,0.,0.));
#5103=DIRECTION('',(0.,0.,1.));
#5104=DIRECTION('',(1.,0.,0.));
#5105=DIRECTION('',(0.,0.,-1.));
#5106=DIRECTION('',(0.,0.,1.));
#5107=DIRECTION('',(1.,0.,0.));
#5108=DIRECTION('',(0.,0.,-1.));
#5109=DIRECTION('',(0.961160404101548,-0.275990357779669,0.));
#5110=DIRECTION('',(0.275990357779669,0.961160404101548,0.));
#5111=DIRECTION('',(-0.275990357779669,-0.961160404101548,0.));
#5112=DIRECTION('',(0.,0.,-1.));
#5113=DIRECTION('',(-0.275990357779669,-0.961160404101548,0.));
#5114=DIRECTION('',(0.,0.,-1.));
#5115=DIRECTION('',(-1.,0.,0.));
#5116=DIRECTION('',(0.,0.,1.));
#5117=DIRECTION('',(1.,0.,0.));
#5118=DIRECTION('',(0.,0.,-1.));
#5119=DIRECTION('',(0.,0.,1.));
#5120=DIRECTION('',(1.,0.,0.));
#5121=DIRECTION('',(-0.99361336222449,0.112838319771894,0.));
#5122=DIRECTION('',(-0.112838319771894,-0.99361336222449,0.));
#5123=DIRECTION('',(0.112838319771894,0.99361336222449,0.));
#5124=DIRECTION('',(0.,0.,-1.));
#5125=DIRECTION('',(0.112838319771894,0.99361336222449,0.));
#5126=DIRECTION('',(0.,0.,-1.));
#5127=DIRECTION('',(0.,0.,-1.));
#5128=DIRECTION('',(-1.,0.,0.));
#5129=DIRECTION('',(0.,0.,1.));
#5130=DIRECTION('',(1.,0.,0.));
#5131=DIRECTION('',(0.,0.,-1.));
#5132=DIRECTION('',(0.,0.,1.));
#5133=DIRECTION('',(1.,0.,0.));
#5134=DIRECTION('',(0.,0.,-1.));
#5135=DIRECTION('',(0.99361336222449,0.112838319771894,0.));
#5136=DIRECTION('',(-0.112838319771894,0.99361336222449,0.));
#5137=DIRECTION('',(0.112838319771894,-0.99361336222449,0.));
#5138=DIRECTION('',(0.,0.,-1.));
#5139=DIRECTION('',(0.112838319771894,-0.99361336222449,0.));
#5140=DIRECTION('',(0.,0.,-1.));
#5141=DIRECTION('',(-1.,0.,0.));
#5142=DIRECTION('',(0.,0.,1.));
#5143=DIRECTION('',(1.,0.,0.));
#5144=DIRECTION('',(0.,0.,-1.));
#5145=DIRECTION('',(0.,0.,1.));
#5146=DIRECTION('',(1.,0.,0.));
#5147=DIRECTION('',(-0.961160404101548,-0.275990357779669,0.));
#5148=DIRECTION('',(0.275990357779669,-0.961160404101548,0.));
#5149=DIRECTION('',(-0.275990357779669,0.961160404101548,0.));
#5150=DIRECTION('',(0.,0.,-1.));
#5151=DIRECTION('',(-0.275990357779669,0.961160404101548,0.));
#5152=DIRECTION('',(0.,0.,-1.));
#5153=DIRECTION('',(0.,0.,-1.));
#5154=DIRECTION('',(-1.,0.,0.));
#5155=DIRECTION('',(0.,0.,1.));
#5156=DIRECTION('',(1.,0.,0.));
#5157=DIRECTION('',(0.,0.,-1.));
#5158=DIRECTION('',(0.,0.,1.));
#5159=DIRECTION('',(1.,0.,0.));
#5160=DIRECTION('',(0.,0.,-1.));
#5161=DIRECTION('',(0.874797693076312,0.484488386020101,0.));
#5162=DIRECTION('',(-0.484488386020101,0.874797693076312,0.));
#5163=DIRECTION('',(0.484488386020101,-0.874797693076312,0.));
#5164=DIRECTION('',(0.,0.,-1.));
#5165=DIRECTION('',(0.484488386020101,-0.874797693076312,0.));
#5166=DIRECTION('',(0.,0.,-1.));
#5167=DIRECTION('',(-1.,0.,0.));
#5168=DIRECTION('',(0.,0.,1.));
#5169=DIRECTION('',(1.,0.,0.));
#5170=DIRECTION('',(0.,0.,-1.));
#5171=DIRECTION('',(0.,0.,1.));
#5172=DIRECTION('',(1.,0.,0.));
#5173=DIRECTION('',(-0.782379487394904,-0.622802005218101,0.));
#5174=DIRECTION('',(0.622802005218101,-0.782379487394904,0.));
#5175=DIRECTION('',(-0.622802005218101,0.782379487394904,0.));
#5176=DIRECTION('',(0.,0.,-1.));
#5177=DIRECTION('',(-0.622802005218101,0.782379487394904,0.));
#5178=DIRECTION('',(0.,0.,-1.));
#5179=DIRECTION('',(0.,0.,-1.));
#5180=DIRECTION('',(-1.,0.,0.));
#5181=DIRECTION('',(0.,0.,1.));
#5182=DIRECTION('',(1.,0.,0.));
#5183=DIRECTION('',(0.,0.,-1.));
#5184=DIRECTION('',(0.,0.,1.));
#5185=DIRECTION('',(1.,0.,0.));
#5186=DIRECTION('',(0.,0.,-1.));
#5187=DIRECTION('',(0.622802005218101,0.782379487394904,0.));
#5188=DIRECTION('',(-0.782379487394904,0.622802005218101,0.));
#5189=DIRECTION('',(0.782379487394904,-0.622802005218101,0.));
#5190=DIRECTION('',(0.,0.,-1.));
#5191=DIRECTION('',(0.782379487394904,-0.622802005218101,0.));
#5192=DIRECTION('',(0.,0.,-1.));
#5193=DIRECTION('',(-1.,0.,0.));
#5194=DIRECTION('',(0.,0.,1.));
#5195=DIRECTION('',(1.,0.,0.));
#5196=DIRECTION('',(0.,0.,-1.));
#5197=DIRECTION('',(0.,0.,1.));
#5198=DIRECTION('',(1.,0.,0.));
#5199=DIRECTION('',(-0.484488386020102,-0.874797693076311,0.));
#5200=DIRECTION('',(0.874797693076312,-0.484488386020102,0.));
#5201=DIRECTION('',(-0.874797693076312,0.484488386020102,0.));
#5202=DIRECTION('',(0.,0.,-1.));
#5203=DIRECTION('',(-0.874797693076312,0.484488386020102,0.));
#5204=DIRECTION('',(0.,0.,-1.));
#5205=DIRECTION('',(0.,0.,-1.));
#5206=DIRECTION('',(-1.,0.,0.));
#5207=DIRECTION('',(0.,0.,1.));
#5208=DIRECTION('',(1.,0.,0.));
#5209=DIRECTION('',(0.,0.,-1.));
#5210=DIRECTION('',(0.,0.,1.));
#5211=DIRECTION('',(1.,0.,0.));
#5212=DIRECTION('',(0.,0.,-1.));
#5213=DIRECTION('',(0.275990357779669,0.961160404101548,0.));
#5214=DIRECTION('',(-0.961160404101548,0.275990357779669,0.));
#5215=DIRECTION('',(0.961160404101548,-0.275990357779669,0.));
#5216=DIRECTION('',(0.,0.,-1.));
#5217=DIRECTION('',(0.961160404101548,-0.275990357779669,0.));
#5218=DIRECTION('',(0.,0.,-1.));
#5219=DIRECTION('',(-1.,0.,0.));
#5220=DIRECTION('',(0.,0.,1.));
#5221=DIRECTION('',(1.,0.,0.));
#5222=DIRECTION('',(0.,0.,-1.));
#5223=DIRECTION('',(0.,0.,1.));
#5224=DIRECTION('',(1.,0.,0.));
#5225=DIRECTION('',(-0.112838319771894,-0.99361336222449,0.));
#5226=DIRECTION('',(0.99361336222449,-0.112838319771894,0.));
#5227=DIRECTION('',(-0.99361336222449,0.112838319771894,0.));
#5228=DIRECTION('',(0.,0.,-1.));
#5229=DIRECTION('',(-0.99361336222449,0.112838319771894,0.));
#5230=DIRECTION('',(0.,0.,-1.));
#5231=DIRECTION('',(0.,0.,-1.));
#5232=DIRECTION('',(-1.,0.,0.));
#5233=DIRECTION('',(0.,0.,1.));
#5234=DIRECTION('',(1.,0.,0.));
#5235=DIRECTION('',(0.,0.,-1.));
#5236=DIRECTION('',(0.,0.,1.));
#5237=DIRECTION('',(1.,0.,0.));
#5238=DIRECTION('',(0.,0.,-1.));
#5239=DIRECTION('',(-0.112838319771893,0.99361336222449,0.));
#5240=DIRECTION('',(-0.99361336222449,-0.112838319771893,0.));
#5241=DIRECTION('',(0.99361336222449,0.112838319771893,0.));
#5242=DIRECTION('',(0.,0.,-1.));
#5243=DIRECTION('',(0.99361336222449,0.112838319771893,0.));
#5244=DIRECTION('',(0.,0.,-1.));
#5245=DIRECTION('',(-1.,0.,0.));
#5246=DIRECTION('',(0.,0.,1.));
#5247=DIRECTION('',(1.,0.,0.));
#5248=DIRECTION('',(0.,0.,-1.));
#5249=DIRECTION('',(0.,0.,1.));
#5250=DIRECTION('',(1.,0.,0.));
#5251=DIRECTION('',(0.275990357779669,-0.961160404101548,0.));
#5252=DIRECTION('',(0.961160404101548,0.275990357779669,0.));
#5253=DIRECTION('',(-0.961160404101548,-0.275990357779669,0.));
#5254=DIRECTION('',(0.,0.,-1.));
#5255=DIRECTION('',(-0.961160404101548,-0.275990357779669,0.));
#5256=DIRECTION('',(0.,0.,-1.));
#5257=DIRECTION('',(0.,0.,-1.));
#5258=DIRECTION('',(-1.,0.,0.));
#5259=DIRECTION('',(0.,0.,1.));
#5260=DIRECTION('',(1.,0.,0.));
#5261=DIRECTION('',(0.,0.,-1.));
#5262=DIRECTION('',(0.,0.,1.));
#5263=DIRECTION('',(1.,0.,0.));
#5264=DIRECTION('',(0.,0.,-1.));
#5265=DIRECTION('',(-0.484488386020101,0.874797693076312,0.));
#5266=DIRECTION('',(-0.874797693076312,-0.484488386020101,0.));
#5267=DIRECTION('',(0.874797693076312,0.484488386020101,0.));
#5268=DIRECTION('',(0.,0.,-1.));
#5269=DIRECTION('',(0.874797693076312,0.484488386020101,0.));
#5270=DIRECTION('',(0.,0.,-1.));
#5271=DIRECTION('',(-1.,0.,0.));
#5272=DIRECTION('',(0.,0.,1.));
#5273=DIRECTION('',(1.,0.,0.));
#5274=DIRECTION('',(0.,0.,-1.));
#5275=DIRECTION('',(0.,0.,1.));
#5276=DIRECTION('',(1.,0.,0.));
#5277=DIRECTION('',(0.622802005218101,-0.782379487394904,0.));
#5278=DIRECTION('',(0.782379487394904,0.622802005218101,0.));
#5279=DIRECTION('',(-0.782379487394904,-0.622802005218101,0.));
#5280=DIRECTION('',(0.,0.,-1.));
#5281=DIRECTION('',(-0.782379487394904,-0.622802005218101,0.));
#5282=DIRECTION('',(0.,0.,-1.));
#5283=DIRECTION('',(0.,0.,-1.));
#5284=DIRECTION('',(-1.,0.,0.));
#5285=DIRECTION('',(0.,0.,1.));
#5286=DIRECTION('',(1.,0.,0.));
#5287=DIRECTION('',(0.,0.,-1.));
#5288=DIRECTION('',(0.,0.,1.));
#5289=DIRECTION('',(1.,0.,0.));
#5290=DIRECTION('',(0.,0.,-1.));
#5291=DIRECTION('',(-0.782379487394904,0.622802005218101,0.));
#5292=DIRECTION('',(-0.622802005218101,-0.782379487394904,0.));
#5293=DIRECTION('',(0.622802005218101,0.782379487394904,0.));
#5294=DIRECTION('',(0.,0.,-1.));
#5295=DIRECTION('',(0.622802005218101,0.782379487394904,0.));
#5296=DIRECTION('',(0.,0.,-1.));
#5297=DIRECTION('',(-1.,0.,0.));
#5298=DIRECTION('',(0.,0.,1.));
#5299=DIRECTION('',(1.,0.,0.));
#5300=DIRECTION('',(0.,0.,-1.));
#5301=DIRECTION('',(0.,0.,1.));
#5302=DIRECTION('',(1.,0.,0.));
#5303=DIRECTION('',(0.874797693076311,-0.484488386020102,0.));
#5304=DIRECTION('',(0.484488386020102,0.874797693076312,0.));
#5305=DIRECTION('',(-0.484488386020102,-0.874797693076312,0.));
#5306=DIRECTION('',(0.,0.,-1.));
#5307=DIRECTION('',(-0.484488386020102,-0.874797693076312,0.));
#5308=DIRECTION('',(0.,0.,-1.));
#5309=DIRECTION('',(0.,0.,-1.));
#5310=DIRECTION('',(-1.,0.,0.));
#5311=DIRECTION('',(0.,0.,1.));
#5312=DIRECTION('',(1.,0.,0.));
#5313=DIRECTION('',(0.,0.,-1.));
#5314=DIRECTION('',(0.,0.,1.));
#5315=DIRECTION('',(1.,0.,0.));
#5316=DIRECTION('',(0.,0.,-1.));
#5317=DIRECTION('',(-0.961160404101547,0.27599035777967,0.));
#5318=DIRECTION('',(-0.27599035777967,-0.961160404101547,0.));
#5319=DIRECTION('',(0.27599035777967,0.961160404101547,0.));
#5320=DIRECTION('',(0.,0.,-1.));
#5321=DIRECTION('',(0.27599035777967,0.961160404101547,0.));
#5322=DIRECTION('',(0.,0.,-1.));
#5323=DIRECTION('',(-1.,0.,0.));
#5324=DIRECTION('',(0.,0.,1.));
#5325=DIRECTION('',(1.,0.,0.));
#5326=DIRECTION('',(0.,0.,-1.));
#5327=DIRECTION('',(0.,0.,1.));
#5328=DIRECTION('',(1.,0.,0.));
#5329=DIRECTION('',(0.99361336222449,-0.112838319771894,0.));
#5330=DIRECTION('',(0.112838319771894,0.99361336222449,0.));
#5331=DIRECTION('',(-0.112838319771894,-0.99361336222449,0.));
#5332=DIRECTION('',(0.,0.,-1.));
#5333=DIRECTION('',(-0.112838319771894,-0.99361336222449,0.));
#5334=DIRECTION('',(0.,0.,-1.));
#5335=DIRECTION('',(0.,0.,-1.));
#5336=DIRECTION('',(-1.,0.,0.));
#5337=DIRECTION('',(0.,0.,1.));
#5338=DIRECTION('',(1.,0.,0.));
#5339=DIRECTION('',(0.,0.,-1.));
#5340=DIRECTION('',(0.,0.,1.));
#5341=DIRECTION('',(1.,0.,0.));
#5342=DIRECTION('',(0.,0.,-1.));
#5343=DIRECTION('',(-0.99361336222449,-0.112838319771893,0.));
#5344=DIRECTION('',(0.112838319771893,-0.99361336222449,0.));
#5345=DIRECTION('',(-0.112838319771893,0.99361336222449,0.));
#5346=DIRECTION('',(0.,0.,-1.));
#5347=DIRECTION('',(-0.112838319771893,0.99361336222449,0.));
#5348=DIRECTION('',(0.,0.,-1.));
#5349=DIRECTION('',(-1.,0.,0.));
#5350=DIRECTION('',(0.,0.,1.));
#5351=DIRECTION('',(1.,0.,0.));
#5352=DIRECTION('',(0.,0.,-1.));
#5353=DIRECTION('',(0.,0.,1.));
#5354=DIRECTION('',(1.,0.,0.));
#5355=DIRECTION('',(0.961160404101548,0.275990357779669,0.));
#5356=DIRECTION('',(-0.275990357779669,0.961160404101548,0.));
#5357=DIRECTION('',(0.275990357779669,-0.961160404101548,0.));
#5358=DIRECTION('',(0.,0.,-1.));
#5359=DIRECTION('',(0.275990357779669,-0.961160404101548,0.));
#5360=DIRECTION('',(0.,0.,-1.));
#5361=DIRECTION('',(0.,0.,-1.));
#5362=DIRECTION('',(-1.,0.,0.));
#5363=DIRECTION('',(0.,0.,1.));
#5364=DIRECTION('',(1.,0.,0.));
#5365=DIRECTION('',(0.,0.,-1.));
#5366=DIRECTION('',(0.,0.,1.));
#5367=DIRECTION('',(1.,0.,0.));
#5368=DIRECTION('',(0.,0.,-1.));
#5369=DIRECTION('',(-0.874797693076312,-0.484488386020102,0.));
#5370=DIRECTION('',(0.484488386020102,-0.874797693076312,0.));
#5371=DIRECTION('',(-0.484488386020102,0.874797693076312,0.));
#5372=DIRECTION('',(0.,0.,-1.));
#5373=DIRECTION('',(-0.484488386020102,0.874797693076312,0.));
#5374=DIRECTION('',(0.,0.,-1.));
#5375=DIRECTION('',(-1.,0.,0.));
#5376=DIRECTION('',(0.,0.,1.));
#5377=DIRECTION('',(1.,0.,0.));
#5378=DIRECTION('',(0.,0.,-1.));
#5379=DIRECTION('',(0.,0.,1.));
#5380=DIRECTION('',(1.,0.,0.));
#5381=DIRECTION('',(0.782379487394904,0.622802005218101,0.));
#5382=DIRECTION('',(-0.622802005218101,0.782379487394904,0.));
#5383=DIRECTION('',(0.622802005218101,-0.782379487394904,0.));
#5384=DIRECTION('',(0.,0.,-1.));
#5385=DIRECTION('',(0.622802005218101,-0.782379487394904,0.));
#5386=DIRECTION('',(0.,0.,-1.));
#5387=DIRECTION('',(0.,0.,-1.));
#5388=DIRECTION('',(-1.,0.,0.));
#5389=DIRECTION('',(0.,0.,1.));
#5390=DIRECTION('',(1.,0.,0.));
#5391=DIRECTION('',(0.,0.,-1.));
#5392=DIRECTION('',(0.,0.,1.));
#5393=DIRECTION('',(1.,0.,0.));
#5394=DIRECTION('',(0.,0.,-1.));
#5395=DIRECTION('',(-0.622802005218101,-0.782379487394904,0.));
#5396=DIRECTION('',(0.782379487394904,-0.622802005218101,0.));
#5397=DIRECTION('',(-0.782379487394904,0.622802005218101,0.));
#5398=DIRECTION('',(0.,0.,-1.));
#5399=DIRECTION('',(-0.782379487394904,0.622802005218101,0.));
#5400=DIRECTION('',(0.,0.,-1.));
#5401=DIRECTION('',(-1.,0.,0.));
#5402=DIRECTION('',(0.,0.,1.));
#5403=DIRECTION('',(1.,0.,0.));
#5404=DIRECTION('',(0.,0.,-1.));
#5405=DIRECTION('',(0.,0.,1.));
#5406=DIRECTION('',(1.,0.,0.));
#5407=DIRECTION('',(0.484488386020103,0.874797693076311,0.));
#5408=DIRECTION('',(-0.874797693076311,0.484488386020103,0.));
#5409=DIRECTION('',(0.874797693076311,-0.484488386020103,0.));
#5410=DIRECTION('',(0.,0.,-1.));
#5411=DIRECTION('',(0.874797693076311,-0.484488386020103,0.));
#5412=DIRECTION('',(0.,0.,-1.));
#5413=DIRECTION('',(0.,0.,-1.));
#5414=DIRECTION('',(-1.,0.,0.));
#5415=DIRECTION('',(0.,0.,1.));
#5416=DIRECTION('',(1.,0.,0.));
#5417=DIRECTION('',(0.,0.,-1.));
#5418=DIRECTION('',(0.,0.,1.));
#5419=DIRECTION('',(1.,0.,0.));
#5420=DIRECTION('',(0.,0.,-1.));
#5421=DIRECTION('',(-0.27599035777967,-0.961160404101547,0.));
#5422=DIRECTION('',(0.961160404101547,-0.27599035777967,0.));
#5423=DIRECTION('',(-0.961160404101547,0.27599035777967,0.));
#5424=DIRECTION('',(-0.961160404101547,0.27599035777967,0.));
#5425=DIRECTION('',(0.,0.,1.));
#5426=DIRECTION('',(1.,0.,0.));
#5427=DIRECTION('',(0.,0.,1.));
#5428=DIRECTION('',(1.,0.,0.));
#5429=DIRECTION('',(0.,0.,1.));
#5430=DIRECTION('',(1.,0.,0.));
#5431=DIRECTION('',(0.,0.,1.));
#5432=DIRECTION('',(1.,0.,0.));
#5433=DIRECTION('',(0.,0.,-1.));
#5434=DIRECTION('',(-1.,0.,0.));
#5435=DIRECTION('',(0.,0.,1.));
#5436=DIRECTION('',(1.,0.,0.));
#5437=DIRECTION('',(0.,0.,1.));
#5438=DIRECTION('',(1.,0.,0.));
#5439=DIRECTION('',(0.,0.,1.));
#5440=DIRECTION('',(1.,0.,0.));
#5441=DIRECTION('',(0.,0.,-1.));
#5442=DIRECTION('',(-1.,0.,0.));
#5443=DIRECTION('',(0.,0.,1.));
#5444=DIRECTION('',(1.,0.,0.));
#5445=DIRECTION('',(-1.,0.,0.));
#5446=DIRECTION('',(0.,0.,1.));
#5447=DIRECTION('',(0.,0.,-1.));
#5448=DIRECTION('',(0.,-1.,0.));
#5449=DIRECTION('',(0.,0.,-1.));
#5450=DIRECTION('',(0.,-1.,0.));
#5451=DIRECTION('',(0.,0.,-1.));
#5452=DIRECTION('',(-1.,0.,0.));
#5453=DIRECTION('',(0.,0.,1.));
#5454=DIRECTION('',(1.,0.,0.));
#5455=DIRECTION('',(1.,0.,0.));
#5456=DIRECTION('',(1.,0.,0.));
#5457=DIRECTION('',(0.,-1.,0.));
#5458=DIRECTION('',(0.992277876713668,0.,0.124034734589208));
#5459=DIRECTION('',(-0.124034734589208,0.,0.992277876713668));
#5460=DIRECTION('',(-0.124034734589208,0.,0.992277876713668));
#5461=DIRECTION('',(-0.124034734589208,0.,0.992277876713668));
#5462=DIRECTION('',(0.,-1.,0.));
#5463=DIRECTION('',(0.,0.,1.));
#5464=DIRECTION('',(1.,0.,0.));
#5465=DIRECTION('',(0.,0.,1.));
#5466=DIRECTION('',(1.,0.,0.));
#5467=DIRECTION('',(-1.,0.,0.));
#5468=DIRECTION('',(-1.,0.,0.));
#5469=DIRECTION('',(0.,-1.,0.));
#5470=DIRECTION('',(1.,0.,0.));
#5471=DIRECTION('',(0.,-1.,0.));
#5472=DIRECTION('',(1.,0.,0.));
#5473=DIRECTION('',(0.,0.,-1.));
#5474=DIRECTION('',(-1.,0.,0.));
#5475=DIRECTION('',(0.,0.,1.));
#5476=DIRECTION('',(1.,0.,0.));
#5477=DIRECTION('',(0.,0.,1.));
#5478=DIRECTION('',(1.,0.,0.));
#5479=DIRECTION('',(0.,1.,0.));
#5480=DIRECTION('',(-1.,0.,-6.12323399573761E-17));
#5481=DIRECTION('',(1.,0.,0.));
#5482=DIRECTION('',(0.,1.,-6.12323399573761E-17));
#5483=DIRECTION('',(1.,0.,0.));
#5484=DIRECTION('',(0.,0.,-1.));
#5485=DIRECTION('',(1.,0.,0.));
#5486=DIRECTION('',(0.,1.,-6.12323399573761E-17));
#5487=DIRECTION('',(0.,1.,0.));
#5488=DIRECTION('',(-1.,0.,0.));
#5489=DIRECTION('',(1.,0.,0.));
#5490=DIRECTION('',(0.,1.,0.));
#5491=DIRECTION('',(0.,0.,1.));
#5492=DIRECTION('',(1.,0.,0.));
#5493=DIRECTION('',(0.,1.,0.));
#5494=DIRECTION('',(0.,0.,1.));
#5495=DIRECTION('',(0.,0.,-1.));
#5496=DIRECTION('',(-1.,0.,0.));
#5497=DIRECTION('',(0.,0.,-1.));
#5498=DIRECTION('',(-1.,0.,0.));
#5499=DIRECTION('',(0.,1.,0.));
#5500=DIRECTION('',(0.,0.,1.));
#5501=DIRECTION('',(0.,0.,1.));
#5502=DIRECTION('',(-1.,0.,0.));
#5503=DIRECTION('',(0.,0.,-1.));
#5504=DIRECTION('',(-1.,0.,0.));
#5505=DIRECTION('',(0.,-1.,0.));
#5506=DIRECTION('',(0.,0.,-1.));
#5507=DIRECTION('',(0.,0.,-1.));
#5508=DIRECTION('',(-1.,0.,0.));
#5509=DIRECTION('',(0.,0.,1.));
#5510=DIRECTION('',(-1.,0.,0.));
#5511=DIRECTION('',(0.,-1.,0.));
#5512=DIRECTION('',(0.,0.,-1.));
#5513=DIRECTION('',(0.,0.,1.));
#5514=DIRECTION('',(-1.,0.,0.));
#5515=DIRECTION('',(0.,0.,1.));
#5516=DIRECTION('',(-1.,0.,0.));
#5517=DIRECTION('',(-1.,0.,0.));
#5518=DIRECTION('',(0.,0.,1.));
#5519=DIRECTION('',(-1.,0.,0.));
#5520=DIRECTION('',(0.,0.,1.));
#5521=DIRECTION('',(1.,0.,0.));
#5522=DIRECTION('',(0.,0.,-1.));
#5523=DIRECTION('',(-1.,0.,0.));
#5524=DIRECTION('',(0.,0.,1.));
#5525=DIRECTION('',(1.,0.,0.));
#5526=DIRECTION('',(0.,0.,-1.));
#5527=DIRECTION('',(-1.,0.,0.));
#5528=DIRECTION('',(1.,0.,0.));
#5529=DIRECTION('',(0.,0.,-1.));
#5530=DIRECTION('',(1.,0.,0.));
#5531=DIRECTION('',(0.,0.,-1.));
#5532=DIRECTION('',(0.,0.,1.));
#5533=DIRECTION('',(1.,0.,0.));
#5534=DIRECTION('',(0.,1.,0.));
#5535=DIRECTION('',(1.,0.,0.));
#5536=DIRECTION('',(0.,-1.,0.));
#5537=DIRECTION('',(0.,1.,0.));
#5538=DIRECTION('',(0.,-1.,0.));
#5539=DIRECTION('',(-1.,0.,0.));
#5540=DIRECTION('',(0.,1.,0.));
#5541=DIRECTION('',(0.,1.,0.));
#5542=DIRECTION('',(1.,0.,0.));
#5543=DIRECTION('',(0.,1.,0.));
#5544=DIRECTION('',(1.,0.,0.));
#5545=DIRECTION('',(0.,1.,0.));
#5546=DIRECTION('',(0.,-1.,0.));
#5547=DIRECTION('',(0.,0.,-1.));
#5548=DIRECTION('',(0.,0.,-1.));
#5549=DIRECTION('',(0.,0.,-1.));
#5550=DIRECTION('',(-1.,0.,0.));
#5551=DIRECTION('',(1.,0.,0.));
#5552=DIRECTION('',(0.,0.,-1.));
#5553=DIRECTION('',(0.,0.,-1.));
#5554=DIRECTION('',(0.,-1.,0.));
#5555=DIRECTION('',(0.,1.,0.));
#5556=DIRECTION('',(0.,0.,1.));
#5557=DIRECTION('',(0.,0.,-1.));
#5558=DIRECTION('',(1.,0.,0.));
#5559=DIRECTION('',(-1.,0.,0.));
#5560=DIRECTION('',(0.,0.,1.));
#5561=DIRECTION('',(0.,0.,-1.));
#5562=DIRECTION('',(0.,1.,0.));
#5563=DIRECTION('',(0.,-1.,0.));
#5564=DIRECTION('',(0.,0.,-1.));
#5565=DIRECTION('',(0.,0.,-1.));
#5566=DIRECTION('',(-1.,0.,0.));
#5567=DIRECTION('',(1.,0.,0.));
#5568=DIRECTION('',(0.,0.,-1.));
#5569=DIRECTION('',(0.,-1.,0.));
#5570=DIRECTION('',(0.,0.,1.));
#5571=DIRECTION('',(1.,0.,0.));
#5572=DIRECTION('',(0.,0.,1.));
#5573=DIRECTION('',(1.,0.,0.));
#5574=DIRECTION('',(0.,0.,-1.));
#5575=DIRECTION('',(-1.,0.,0.));
#5576=DIRECTION('',(0.,0.,1.));
#5577=DIRECTION('',(1.,0.,0.));
#5578=DIRECTION('',(0.,0.,1.));
#5579=DIRECTION('',(1.,0.,0.));
#5580=DIRECTION('',(0.,0.,1.));
#5581=DIRECTION('',(1.,0.,0.));
#5582=DIRECTION('',(0.,0.,1.));
#5583=DIRECTION('',(1.,0.,0.));
#5584=DIRECTION('',(-1.,0.,0.));
#5585=DIRECTION('',(0.,0.,1.));
#5586=DIRECTION('',(0.,0.,1.));
#5587=DIRECTION('',(1.,0.,0.));
#5588=DIRECTION('',(-1.,0.,0.));
#5589=DIRECTION('',(0.,0.,1.));
#5590=DIRECTION('',(0.,0.,-1.));
#5591=DIRECTION('',(0.,1.,0.));
#5592=DIRECTION('',(0.,0.,-1.));
#5593=DIRECTION('',(0.,1.,0.));
#5594=DIRECTION('',(0.,1.,0.));
#5595=DIRECTION('',(0.,0.,1.));
#5596=DIRECTION('',(0.,0.,-1.));
#5597=DIRECTION('',(-1.,0.,0.));
#5598=DIRECTION('',(0.,0.,-1.));
#5599=DIRECTION('',(1.,0.,0.));
#5600=DIRECTION('',(-1.,0.,0.));
#5601=DIRECTION('',(0.,0.,1.));
#5602=DIRECTION('',(0.,0.,-1.));
#5603=DIRECTION('',(0.,-1.,0.));
#5604=DIRECTION('',(0.,0.,-1.));
#5605=DIRECTION('',(0.,1.,0.));
#5606=DIRECTION('',(0.,1.,0.));
#5607=DIRECTION('',(0.,0.,1.));
#5608=DIRECTION('',(0.,0.,-1.));
#5609=DIRECTION('',(1.,0.,0.));
#5610=DIRECTION('',(0.,0.,-1.));
#5611=DIRECTION('',(1.,0.,0.));
#5612=DIRECTION('',(0.,0.,1.));
#5613=DIRECTION('',(1.,0.,0.));
#5614=DIRECTION('',(0.,1.,0.));
#5615=DIRECTION('',(-1.,0.,0.));
#5616=DIRECTION('',(0.,-1.,0.));
#5617=DIRECTION('',(1.,0.,0.));
#5618=DIRECTION('',(0.,0.,1.));
#5619=DIRECTION('',(1.,0.,0.));
#5620=DIRECTION('',(0.,0.,1.));
#5621=DIRECTION('',(1.,0.,0.));
#5622=DIRECTION('',(0.,0.,1.));
#5623=DIRECTION('',(1.,0.,0.));
#5624=DIRECTION('',(0.,0.,1.));
#5625=DIRECTION('',(1.,0.,0.));
#5626=DIRECTION('',(0.,0.,1.));
#5627=DIRECTION('',(1.,0.,0.));
#5628=DIRECTION('',(0.,0.,-1.));
#5629=DIRECTION('',(-1.,0.,0.));
#5630=DIRECTION('',(0.,0.,1.));
#5631=DIRECTION('',(1.,0.,0.));
#5632=DIRECTION('',(0.,0.,1.));
#5633=DIRECTION('',(1.,0.,0.));
#5634=DIRECTION('',(0.,0.,1.));
#5635=DIRECTION('',(1.,0.,0.));
#5636=DIRECTION('',(0.,0.,-1.));
#5637=DIRECTION('',(-1.,0.,0.));
#5638=DIRECTION('',(0.,0.,1.));
#5639=DIRECTION('',(1.,0.,0.));
#5640=DIRECTION('',(0.,0.,1.));
#5641=DIRECTION('',(1.,0.,0.));
#5642=DIRECTION('',(0.,0.,1.));
#5643=DIRECTION('',(1.,0.,0.));
#5644=DIRECTION('',(0.,-0.707106781186452,0.707106781186643));
#5645=DIRECTION('',(-1.,0.,0.));
#5646=DIRECTION('',(0.,0.707106781186643,0.707106781186452));
#5647=DIRECTION('',(0.,-0.707106781186643,-0.707106781186452));
#5648=DIRECTION('',(0.,0.,-1.));
#5649=DIRECTION('',(-1.,0.,0.));
#5650=DIRECTION('',(0.707106781186566,0.,0.707106781186529));
#5651=DIRECTION('',(0.,0.,-1.));
#5652=DIRECTION('',(-1.,0.,0.));
#5653=DIRECTION('',(0.707106781186566,0.,-0.707106781186529));
#5654=DIRECTION('',(0.707106781186529,0.,-0.707106781186566));
#5655=DIRECTION('',(0.,1.,0.));
#5656=DIRECTION('',(0.707106781186566,0.,0.707106781186529));
#5657=DIRECTION('',(0.707106781186529,0.,0.707106781186566));
#5658=DIRECTION('',(0.,-1.,0.));
#5659=DIRECTION('',(0.707106781186566,0.,-0.707106781186529));
#5660=DIRECTION('',(0.,0.,-1.));
#5661=DIRECTION('',(-1.,0.,0.));
#5662=DIRECTION('',(0.,-0.707106781186643,0.707106781186452));
#5663=DIRECTION('',(0.,0.,-1.));
#5664=DIRECTION('',(-1.,0.,0.));
#5665=DIRECTION('',(0.,0.707106781186643,-0.707106781186452));
#5666=DIRECTION('',(0.,-0.707106781186452,-0.707106781186643));
#5667=DIRECTION('',(1.,0.,0.));
#5668=DIRECTION('',(0.,0.,1.));
#5669=DIRECTION('',(1.,0.,0.));
#5670=DIRECTION('',(-1.,0.,0.));
#5671=DIRECTION('',(0.,0.,1.));
#5672=DIRECTION('',(0.,1.,0.));
#5673=DIRECTION('',(0.,0.,-1.));
#5674=DIRECTION('',(0.,1.,0.));
#5675=DIRECTION('',(0.,0.,-1.));
#5676=DIRECTION('',(0.,1.,0.));
#5677=DIRECTION('',(0.,0.,1.));
#5678=DIRECTION('',(1.,0.,0.));
#5679=DIRECTION('',(0.,0.,-1.));
#5680=DIRECTION('',(1.,0.,0.));
#5681=DIRECTION('',(-1.,0.,0.));
#5682=DIRECTION('',(0.,0.,1.));
#5683=DIRECTION('',(0.,1.,0.));
#5684=DIRECTION('',(0.,0.,-1.));
#5685=DIRECTION('',(0.,1.,0.));
#5686=DIRECTION('',(0.,1.,0.));
#5687=DIRECTION('',(0.,0.,1.));
#5688=DIRECTION('',(1.,0.,0.));
#5689=DIRECTION('',(1.,0.,0.));
#5690=DIRECTION('',(0.,0.,1.));
#5691=DIRECTION('',(1.,0.,0.));
#5692=DIRECTION('',(0.,-1.,0.));
#5693=DIRECTION('',(-1.,0.,0.));
#5694=DIRECTION('',(0.,-1.,0.));
#5695=DIRECTION('',(-1.,0.,0.));
#5696=DIRECTION('',(0.,0.,1.));
#5697=DIRECTION('',(1.,0.,0.));
#5698=DIRECTION('',(0.,0.,1.));
#5699=DIRECTION('',(1.,0.,0.));
#5700=DIRECTION('',(0.,0.,1.));
#5701=DIRECTION('',(1.,0.,0.));
#5702=DIRECTION('',(0.,0.,-1.));
#5703=DIRECTION('',(-1.,0.,0.));
#5704=DIRECTION('',(-1.,0.,0.));
#5705=DIRECTION('',(0.,0.,1.));
#5706=DIRECTION('',(0.,0.,-1.));
#5707=DIRECTION('',(0.,1.,0.));
#5708=DIRECTION('',(0.,0.,-1.));
#5709=DIRECTION('',(0.,1.,0.));
#5710=DIRECTION('',(0.,0.,1.));
#5711=DIRECTION('',(0.,0.,-1.));
#5712=DIRECTION('',(1.,0.,0.));
#5713=DIRECTION('',(-1.,0.,0.));
#5714=DIRECTION('',(0.,0.,1.));
#5715=DIRECTION('',(0.,0.,-1.));
#5716=DIRECTION('',(0.,1.,0.));
#5717=DIRECTION('',(0.,1.,0.));
#5718=DIRECTION('',(0.,0.,1.));
#5719=DIRECTION('',(1.,0.,0.));
#5720=DIRECTION('',(0.,0.,1.));
#5721=DIRECTION('',(1.,0.,0.));
#5722=DIRECTION('',(0.,0.,1.));
#5723=DIRECTION('',(1.,0.,0.));
#5724=DIRECTION('',(0.,0.,-1.));
#5725=DIRECTION('',(-1.,0.,0.));
#5726=DIRECTION('',(0.,0.,-1.));
#5727=DIRECTION('',(0.,0.,1.));
#5728=DIRECTION('',(1.,0.,0.));
#5729=DIRECTION('',(0.,0.,-1.));
#5730=DIRECTION('',(0.,0.,1.));
#5731=DIRECTION('',(1.,0.,0.));
#5732=DIRECTION('',(0.,0.,1.));
#5733=DIRECTION('',(1.,0.,0.));
#5734=DIRECTION('',(0.,0.,1.));
#5735=DIRECTION('',(1.,0.,0.));
#5736=DIRECTION('',(0.,0.,1.));
#5737=DIRECTION('',(1.,0.,0.));
#5738=DIRECTION('',(0.,0.,1.));
#5739=DIRECTION('',(1.,0.,0.));
#5740=DIRECTION('',(0.,0.,-1.));
#5741=DIRECTION('',(-1.,0.,0.));
#5742=CARTESIAN_POINT('',(0.,0.,0.));
#5743=CARTESIAN_POINT('',(1.006,4.51039230484541,0.008));
#5744=CARTESIAN_POINT('',(1.012,4.52078460969083,0.008));
#5745=CARTESIAN_POINT('',(1.012,4.52078460969083,0.008));
#5746=CARTESIAN_POINT('',(1.012,4.52078460969083,0.001025));
#5747=CARTESIAN_POINT('',(1.006,4.51039230484541,0.001025));
#5748=CARTESIAN_POINT('',(1.00088767603888,4.5015375,0.001025));
#5749=CARTESIAN_POINT('',(1.00088767603888,4.5015375,0.008));
#5750=CARTESIAN_POINT('',(1.00088767603888,4.5015375,0.008));
#5751=CARTESIAN_POINT('',(1.006,4.51039230484541,0.008));
#5752=CARTESIAN_POINT('',(1.012,4.5,0.008));
#5753=CARTESIAN_POINT('',(1.00177535207776,4.5,0.008));
#5754=CARTESIAN_POINT('',(1.00177535207776,4.5,0.008));
#5755=CARTESIAN_POINT('',(1.00177535207776,4.5,0.001025));
#5756=CARTESIAN_POINT('',(1.012,4.5,0.001025));
#5757=CARTESIAN_POINT('',(1.024,4.5,0.001025));
#5758=CARTESIAN_POINT('',(1.024,4.5,0.008));
#5759=CARTESIAN_POINT('',(1.024,4.5,0.008));
#5760=CARTESIAN_POINT('',(1.012,4.5,0.008));
#5761=CARTESIAN_POINT('',(1.018,4.51039230484541,0.008));
#5762=CARTESIAN_POINT('',(1.018,4.51039230484541,0.));
#5763=CARTESIAN_POINT('',(1.02340821597408,4.501025,0.));
#5764=CARTESIAN_POINT('',(1.01259178402592,4.51975960969083,0.));
#5765=CARTESIAN_POINT('',(1.01259178402592,4.51975960969083,0.001025));
#5766=CARTESIAN_POINT('',(1.018,4.51039230484541,0.008));
#5767=CARTESIAN_POINT('',(1.02340821597408,4.501025,0.001025));
#5768=CARTESIAN_POINT('',(1.012,4.51039230484541,0.008));
#5769=CARTESIAN_POINT('',(1.00177535207776,4.501025,0.008));
#5770=CARTESIAN_POINT('',(1.012,4.51039230484541,0.));
#5771=CARTESIAN_POINT('',(1.012,4.501025,0.));
#5772=CARTESIAN_POINT('',(1.00177535207776,4.501025,0.));
#5773=CARTESIAN_POINT('',(1.00838767603888,4.51247788105677,0.));
#5774=CARTESIAN_POINT('',(1.00177535207776,4.501025,0.008));
#5775=CARTESIAN_POINT('',(1.00177535207776,4.501025,0.001025));
#5776=CARTESIAN_POINT('',(1.012,4.501025,0.001025));
#5777=CARTESIAN_POINT('',(1.00177535207776,4.501025,0.001025));
#5778=CARTESIAN_POINT('',(1.00177535207776,4.501025,0.001025));
#5779=CARTESIAN_POINT('',(1.00177535207776,4.501025,0.001025));
#5780=CARTESIAN_POINT('',(1.00688767603888,4.50987980484541,0.001025));
#5781=CARTESIAN_POINT('',(0.,0.,0.));
#5782=CARTESIAN_POINT('',(0.734,4.5,0.004));
#5783=CARTESIAN_POINT('',(0.734,4.5,0.));
#5784=CARTESIAN_POINT('',(0.734,4.484,0.));
#5785=CARTESIAN_POINT('',(0.734,4.516,0.));
#5786=CARTESIAN_POINT('',(0.734,4.484,0.004));
#5787=CARTESIAN_POINT('',(0.734,4.484,0.004));
#5788=CARTESIAN_POINT('',(0.734,4.5,0.004));
#5789=CARTESIAN_POINT('',(0.734,4.516,0.004));
#5790=CARTESIAN_POINT('',(0.734,4.516,0.004));
#5791=CARTESIAN_POINT('',(0.75,4.484,0.004));
#5792=CARTESIAN_POINT('',(0.75,4.484,0.));
#5793=CARTESIAN_POINT('',(0.766,4.484,0.));
#5794=CARTESIAN_POINT('',(0.766,4.484,0.004));
#5795=CARTESIAN_POINT('',(0.766,4.484,0.004));
#5796=CARTESIAN_POINT('',(0.75,4.484,0.004));
#5797=CARTESIAN_POINT('',(0.766,4.5,0.004));
#5798=CARTESIAN_POINT('',(0.766,4.5,0.));
#5799=CARTESIAN_POINT('',(0.766,4.516,0.));
#5800=CARTESIAN_POINT('',(0.766,4.516,0.004));
#5801=CARTESIAN_POINT('',(0.766,4.516,0.004));
#5802=CARTESIAN_POINT('',(0.766,4.5,0.004));
#5803=CARTESIAN_POINT('',(0.75,4.516,0.004));
#5804=CARTESIAN_POINT('',(0.75,4.516,0.));
#5805=CARTESIAN_POINT('',(0.75,4.516,0.004));
#5806=CARTESIAN_POINT('',(0.75,4.5,0.004));
#5807=CARTESIAN_POINT('',(0.75,4.5,0.004));
#5808=CARTESIAN_POINT('',(0.75505,4.5,0.004));
#5809=CARTESIAN_POINT('',(0.75,4.5,0.));
#5810=CARTESIAN_POINT('',(0.75,4.5,0.012));
#5811=CARTESIAN_POINT('',(0.75,4.5,0.005025));
#5812=CARTESIAN_POINT('',(0.754025,4.5,0.005025));
#5813=CARTESIAN_POINT('',(0.75,4.5,0.012));
#5814=CARTESIAN_POINT('',(0.754025,4.5,0.012));
#5815=CARTESIAN_POINT('',(0.75,4.5,0.012));
#5816=CARTESIAN_POINT('',(0.75,4.5,0.005025));
#5817=CARTESIAN_POINT('',(0.,0.,0.));
#5818=CARTESIAN_POINT('',(0.25,4.25,0.));
#5819=CARTESIAN_POINT('',(0.25,4.25,0.));
#5820=CARTESIAN_POINT('',(0.2510125,4.25175370144266,0.));
#5821=CARTESIAN_POINT('',(0.252025,4.25,0.));
#5822=CARTESIAN_POINT('',(0.252025,4.25,0.0015));
#5823=CARTESIAN_POINT('',(0.252025,4.25,0.003));
#5824=CARTESIAN_POINT('',(0.25,4.25,0.003));
#5825=CARTESIAN_POINT('',(0.2510125,4.25175370144266,0.003));
#5826=CARTESIAN_POINT('',(0.2510125,4.25175370144266,0.0015));
#5827=CARTESIAN_POINT('',(0.2515125,4.25261972684645,0.));
#5828=CARTESIAN_POINT('',(0.25,4.25,0.));
#5829=CARTESIAN_POINT('',(0.2520125,4.25348575225023,0.));
#5830=CARTESIAN_POINT('',(0.254025,4.25,0.));
#5831=CARTESIAN_POINT('',(0.253025,4.25,0.));
#5832=CARTESIAN_POINT('',(0.2515125,4.25261972684645,0.));
#5833=CARTESIAN_POINT('',(0.25,4.25,0.));
#5834=CARTESIAN_POINT('',(0.25,4.25,0.003));
#5835=CARTESIAN_POINT('',(0.2520125,4.25348575225023,0.003));
#5836=CARTESIAN_POINT('',(0.254025,4.25,0.003));
#5837=CARTESIAN_POINT('',(0.254025,4.25,0.0015));
#5838=CARTESIAN_POINT('',(0.2520125,4.25348575225023,0.0015));
#5839=CARTESIAN_POINT('',(0.2515125,4.25261972684645,0.003));
#5840=CARTESIAN_POINT('',(0.2515125,4.25261972684645,0.003));
#5841=CARTESIAN_POINT('',(0.253025,4.25,0.003));
#5842=CARTESIAN_POINT('',(0.2515125,4.25261972684645,0.0015));
#5843=CARTESIAN_POINT('',(0.253025,4.25,0.0015));
#5844=CARTESIAN_POINT('',(0.,0.,0.));
#5845=CARTESIAN_POINT('',(0.,4.25,0.));
#5846=CARTESIAN_POINT('',(0.,4.25,0.));
#5847=CARTESIAN_POINT('',(-0.00143189123190268,4.25143189123191,0.));
#5848=CARTESIAN_POINT('',(0.002025,4.25,0.));
#5849=CARTESIAN_POINT('',(0.002025,4.25,0.0015));
#5850=CARTESIAN_POINT('',(0.002025,4.25,0.003));
#5851=CARTESIAN_POINT('',(0.,4.25,0.003));
#5852=CARTESIAN_POINT('',(-0.00143189123190268,4.25143189123191,0.003));
#5853=CARTESIAN_POINT('',(-0.00143189123190268,4.25143189123191,0.0015));
#5854=CARTESIAN_POINT('',(-0.00213899801308947,4.25213899801309,0.));
#5855=CARTESIAN_POINT('',(0.,4.25,0.));
#5856=CARTESIAN_POINT('',(-0.00284610479427583,4.25284610479428,0.));
#5857=CARTESIAN_POINT('',(0.004025,4.25,0.));
#5858=CARTESIAN_POINT('',(0.003025,4.25,0.));
#5859=CARTESIAN_POINT('',(-0.00213899801308947,4.25213899801309,0.));
#5860=CARTESIAN_POINT('',(0.,4.25,0.));
#5861=CARTESIAN_POINT('',(0.,4.25,0.003));
#5862=CARTESIAN_POINT('',(-0.00284610479427583,4.25284610479428,0.003));
#5863=CARTESIAN_POINT('',(0.004025,4.25,0.003));
#5864=CARTESIAN_POINT('',(0.004025,4.25,0.0015));
#5865=CARTESIAN_POINT('',(-0.00284610479427583,4.25284610479428,0.0015));
#5866=CARTESIAN_POINT('',(-0.00213899801308947,4.25213899801309,0.003));
#5867=CARTESIAN_POINT('',(-0.00213899801308947,4.25213899801309,0.003));
#5868=CARTESIAN_POINT('',(0.003025,4.25,0.003));
#5869=CARTESIAN_POINT('',(-0.00213899801308947,4.25213899801309,0.0015));
#5870=CARTESIAN_POINT('',(0.003025,4.25,0.0015));
#5871=CARTESIAN_POINT('',(0.,0.,0.));
#5872=CARTESIAN_POINT('',(0.25,3.762,0.008));
#5873=CARTESIAN_POINT('',(0.25,3.762,0.));
#5874=CARTESIAN_POINT('',(0.25,3.75,0.));
#5875=CARTESIAN_POINT('',(0.25,3.774,0.));
#5876=CARTESIAN_POINT('',(0.25,3.75,0.008));
#5877=CARTESIAN_POINT('',(0.25,3.75,0.008));
#5878=CARTESIAN_POINT('',(0.25,3.762,0.008));
#5879=CARTESIAN_POINT('',(0.25,3.774,0.008));
#5880=CARTESIAN_POINT('',(0.25,3.774,0.008));
#5881=CARTESIAN_POINT('',(0.266,3.75,0.008));
#5882=CARTESIAN_POINT('',(0.266,3.75,0.));
#5883=CARTESIAN_POINT('',(0.282,3.75,0.));
#5884=CARTESIAN_POINT('',(0.282,3.75,0.008));
#5885=CARTESIAN_POINT('',(0.282,3.75,0.008));
#5886=CARTESIAN_POINT('',(0.266,3.75,0.008));
#5887=CARTESIAN_POINT('',(0.282,3.762,0.008));
#5888=CARTESIAN_POINT('',(0.282,3.762,0.));
#5889=CARTESIAN_POINT('',(0.282,3.774,0.));
#5890=CARTESIAN_POINT('',(0.282,3.774,0.008));
#5891=CARTESIAN_POINT('',(0.282,3.774,0.008));
#5892=CARTESIAN_POINT('',(0.282,3.762,0.008));
#5893=CARTESIAN_POINT('',(0.266,3.774,0.008));
#5894=CARTESIAN_POINT('',(0.266,3.774,0.));
#5895=CARTESIAN_POINT('',(0.266,3.774,0.008));
#5896=CARTESIAN_POINT('',(0.266,3.762,0.008));
#5897=CARTESIAN_POINT('',(0.266,3.762,0.008));
#5898=CARTESIAN_POINT('',(0.261975,3.762,0.008));
#5899=CARTESIAN_POINT('',(0.266,3.762,0.));
#5900=CARTESIAN_POINT('',(0.266,3.762,0.));
#5901=CARTESIAN_POINT('',(0.268025,3.762,0.));
#5902=CARTESIAN_POINT('',(0.266,3.762,0.));
#5903=CARTESIAN_POINT('',(0.266,3.762,0.006));
#5904=CARTESIAN_POINT('',(0.263975,3.762,0.006));
#5905=CARTESIAN_POINT('',(0.266,3.762,0.006));
#5906=CARTESIAN_POINT('',(0.,0.,0.));
#5907=CARTESIAN_POINT('',(0.5,4.,0.02));
#5908=CARTESIAN_POINT('',(0.5,4.,0.02));
#5909=CARTESIAN_POINT('',(0.505025,4.,0.02));
#5910=CARTESIAN_POINT('',(0.5,4.,-0.02));
#5911=CARTESIAN_POINT('',(0.505025,4.,-0.02));
#5912=CARTESIAN_POINT('',(0.504222493270661,4.00276540015854,0.00192241639797672));
#5913=CARTESIAN_POINT('',(0.504633160391429,4.00200993915272,0.00207664946877327));
#5914=CARTESIAN_POINT('',(0.504903905277117,4.00119484323056,0.00192098572693018));
#5915=CARTESIAN_POINT('',(0.505048021233481,4.00024050111033,0.0012666414109602));
#5916=CARTESIAN_POINT('',(0.505011726692681,3.99972719158402,-0.000202705586296879));
#5917=CARTESIAN_POINT('',(0.505041654467652,4.00049279438012,-0.00155617869162465));
#5918=CARTESIAN_POINT('',(0.504810473729473,4.00153589034825,-0.00202832752254898));
#5919=CARTESIAN_POINT('',(0.504473900677547,4.00234150161898,-0.00204452131289906));
#5920=CARTESIAN_POINT('',(0.504028033724908,4.00303761011504,-0.00178778635846497));
#5921=CARTESIAN_POINT('',(0.503546360733061,4.00358151769825,-0.00132743100686031));
#5922=CARTESIAN_POINT('',(0.503100001236741,4.00396137853072,-0.000691312789877234));
#5923=CARTESIAN_POINT('',(0.50293384565213,4.00407956555179,0.000191308447127289));
#5924=CARTESIAN_POINT('',(0.503275883472461,4.00382439411411,0.0009819389834519));
#5925=CARTESIAN_POINT('',(0.503746860171094,4.0033738219049,0.0015412602510002));
#5926=CARTESIAN_POINT('',(0.504222493270661,4.00276540015854,0.00192241639797672));
#5927=CARTESIAN_POINT('',(0.504633160391429,4.00200993915272,0.00207664946877327));
#5928=CARTESIAN_POINT('',(0.504903905277117,4.00119484323056,0.00192098572693018));
#5929=CARTESIAN_POINT('',(0.504609840018916,4.002,0.002025));
#5930=CARTESIAN_POINT('',(0.494953124526051,4.00015750943887,-0.00114485655014634));
#5931=CARTESIAN_POINT('',(0.494985212809198,3.99974566046587,0.000358054889482979));
#5932=CARTESIAN_POINT('',(0.494966237046355,4.00060550916351,0.00165676407426053));
#5933=CARTESIAN_POINT('',(0.495234321852308,4.00167098030627,0.00205323974281156));
#5934=CARTESIAN_POINT('',(0.495593455637745,4.002465004071,0.00201887159114495));
#5935=CARTESIAN_POINT('',(0.496051194061997,4.00313842909424,0.00172440286831924));
#5936=CARTESIAN_POINT('',(0.496531101276916,4.00365538010534,0.00123629398445904));
#5937=CARTESIAN_POINT('',(0.49696220950275,4.00400680203374,0.000557665770671214));
#5938=CARTESIAN_POINT('',(0.497035533769901,4.00405847025199,-0.000341249870339179));
#5939=CARTESIAN_POINT('',(0.496648720204045,4.00376081389724,-0.00108649078599355));
#5940=CARTESIAN_POINT('',(0.496174241176692,4.00328511339866,-0.0016164423229176));
#5941=CARTESIAN_POINT('',(0.495705069803138,4.00265262319007,-0.00196410664317289));
#5942=CARTESIAN_POINT('',(0.495314465971014,4.0018839476422,-0.00207431574240575));
#5943=CARTESIAN_POINT('',(0.495068928165897,4.0010723921002,-0.00186612361631013));
#5944=CARTESIAN_POINT('',(0.494953124526051,4.00015750943887,-0.00114485655014634));
#5945=CARTESIAN_POINT('',(0.494985212809198,3.99974566046587,0.000358054889482979));
#5946=CARTESIAN_POINT('',(0.494966237046355,4.00060550916351,0.00165676407426053));
#5947=CARTESIAN_POINT('',(0.494975,4.,0.000317214438512605));
#5948=CARTESIAN_POINT('',(0.5,4.,0.02));
#5949=CARTESIAN_POINT('',(0.5,4.,-0.02));
#5950=CARTESIAN_POINT('',(0.51,4.002,1.23995488413669E-19));
#5951=CARTESIAN_POINT('',(0.,0.,0.));
#5952=CARTESIAN_POINT('',(0.5,4.5,0.008));
#5953=CARTESIAN_POINT('',(0.5,4.5,0.));
#5954=CARTESIAN_POINT('',(0.5,4.493975,0.));
#5955=CARTESIAN_POINT('',(0.501235125,4.50589704088797,0.));
#5956=CARTESIAN_POINT('',(0.501235125,4.50589704088797,0.008));
#5957=CARTESIAN_POINT('',(0.501235125,4.50589704088797,0.008));
#5958=CARTESIAN_POINT('',(0.5,4.5,0.008));
#5959=CARTESIAN_POINT('',(0.5,4.493975,0.008));
#5960=CARTESIAN_POINT('',(0.5,4.493975,0.008));
#5961=CARTESIAN_POINT('',(0.5,4.5,0.008));
#5962=CARTESIAN_POINT('',(0.5,4.5,0.008));
#5963=CARTESIAN_POINT('',(0.5,4.50489380986553,0.008));
#5964=CARTESIAN_POINT('',(0.5,4.50489380986553,0.008));
#5965=CARTESIAN_POINT('',(0.5,4.50489380986553,0.));
#5966=CARTESIAN_POINT('',(0.5,4.5,0.));
#5967=CARTESIAN_POINT('',(0.5030125,4.5,0.008));
#5968=CARTESIAN_POINT('',(0.501025,4.50489380986553,0.008));
#5969=CARTESIAN_POINT('',(0.5030125,4.5,0.));
#5970=CARTESIAN_POINT('',(0.501025,4.50489380986553,0.));
#5971=CARTESIAN_POINT('',(0.501025,4.50489380986553,0.008));
#5972=CARTESIAN_POINT('',(0.,0.,0.));
#5973=CARTESIAN_POINT('',(1.26,3.75,0.01));
#5974=CARTESIAN_POINT('',(1.26044791183,3.75,0.011));
#5975=CARTESIAN_POINT('',(1.26044791183,3.75,0.));
#5976=CARTESIAN_POINT('',(1.26044791183,3.75,0.01));
#5977=CARTESIAN_POINT('',(1.26,3.75,0.));
#5978=CARTESIAN_POINT('',(1.27,3.75,0.));
#5979=CARTESIAN_POINT('',(1.27,3.75,0.01));
#5980=CARTESIAN_POINT('',(1.27,3.75,0.01));
#5981=CARTESIAN_POINT('',(1.26,3.75,0.01));
#5982=CARTESIAN_POINT('',(1.26,3.75,0.01));
#5983=CARTESIAN_POINT('',(1.25955208817,3.75,0.011));
#5984=CARTESIAN_POINT('',(1.25955208817,3.75,0.01));
#5985=CARTESIAN_POINT('',(1.25955208817,3.75,0.));
#5986=CARTESIAN_POINT('',(1.26,3.75,0.01));
#5987=CARTESIAN_POINT('',(1.25,3.75,0.01));
#5988=CARTESIAN_POINT('',(1.25,3.75,0.01));
#5989=CARTESIAN_POINT('',(1.25,3.75,0.));
#5990=CARTESIAN_POINT('',(1.26,3.75,0.));
#5991=CARTESIAN_POINT('',(1.25,3.758,0.01));
#5992=CARTESIAN_POINT('',(1.25,3.758,0.));
#5993=CARTESIAN_POINT('',(1.25,3.766,0.));
#5994=CARTESIAN_POINT('',(1.25,3.758,0.01));
#5995=CARTESIAN_POINT('',(1.25,3.766,0.01));
#5996=CARTESIAN_POINT('',(1.25,3.766,0.01));
#5997=CARTESIAN_POINT('',(1.27,3.758,0.01));
#5998=CARTESIAN_POINT('',(1.27,3.758,0.));
#5999=CARTESIAN_POINT('',(1.27,3.766,0.));
#6000=CARTESIAN_POINT('',(1.27,3.766,0.01));
#6001=CARTESIAN_POINT('',(1.27,3.766,0.01));
#6002=CARTESIAN_POINT('',(1.27,3.758,0.01));
#6003=CARTESIAN_POINT('',(1.26,3.766,0.01));
#6004=CARTESIAN_POINT('',(1.26,3.766,0.));
#6005=CARTESIAN_POINT('',(1.26,3.766,0.01));
#6006=CARTESIAN_POINT('',(1.26,3.758,0.01));
#6007=CARTESIAN_POINT('',(1.26,3.75399999999907,0.01));
#6008=CARTESIAN_POINT('',(1.26,3.758,0.));
#6009=CARTESIAN_POINT('',(1.26,3.75399999999907,0.));
#6010=CARTESIAN_POINT('',(1.26,3.75399999999907,0.011));
#6011=CARTESIAN_POINT('',(0.,0.,0.));
#6012=CARTESIAN_POINT('',(0.006,4.51039230484541,0.008));
#6013=CARTESIAN_POINT('',(0.006,4.51039230484541,0.));
#6014=CARTESIAN_POINT('',(0.012,4.52078460969083,0.));
#6015=CARTESIAN_POINT('',(0.000887676038879253,4.5015375,0.));
#6016=CARTESIAN_POINT('',(0.000887676038879241,4.5015375,0.008));
#6017=CARTESIAN_POINT('',(0.000887676038879253,4.5015375,0.008));
#6018=CARTESIAN_POINT('',(0.006,4.51039230484541,0.008));
#6019=CARTESIAN_POINT('',(0.012,4.52078460969083,0.008));
#6020=CARTESIAN_POINT('',(0.012,4.52078460969083,0.008));
#6021=CARTESIAN_POINT('',(0.012,4.5,0.008));
#6022=CARTESIAN_POINT('',(0.024,4.5,0.008));
#6023=CARTESIAN_POINT('',(0.024,4.5,0.0075));
#6024=CARTESIAN_POINT('',(0.024,4.5,0.));
#6025=CARTESIAN_POINT('',(0.00177535207775831,4.5,0.0075));
#6026=CARTESIAN_POINT('',(0.00177535207775831,4.5,0.0075));
#6027=CARTESIAN_POINT('',(0.00177535207775831,4.5,0.008));
#6028=CARTESIAN_POINT('',(0.00177535207775831,4.5,0.));
#6029=CARTESIAN_POINT('',(0.012,4.5,0.));
#6030=CARTESIAN_POINT('',(0.018,4.51039230484541,0.008));
#6031=CARTESIAN_POINT('',(0.018,4.51039230484541,0.008));
#6032=CARTESIAN_POINT('',(0.0237113248654054,4.5005,0.008));
#6033=CARTESIAN_POINT('',(0.0220382784560626,4.5033978013844,0.0108978013844041));
#6034=CARTESIAN_POINT('',(0.018,4.51039230484541,0.));
#6035=CARTESIAN_POINT('',(0.012,4.51039230484541,0.008));
#6036=CARTESIAN_POINT('',(0.00177535207775831,4.501025,0.008));
#6037=CARTESIAN_POINT('',(0.000895011234675685,4.5005,0.008));
#6038=CARTESIAN_POINT('',(0.024,4.5005,0.008));
#6039=CARTESIAN_POINT('',(0.012,4.51039230484541,0.));
#6040=CARTESIAN_POINT('',(0.00177535207775831,4.501025,0.));
#6041=CARTESIAN_POINT('',(0.00177535207775831,4.501025,0.008));
#6042=CARTESIAN_POINT('',(0.00177535207775831,4.501025,0.00852500000000084));
#6043=CARTESIAN_POINT('',(0.012,4.5005,0.008));
#6044=CARTESIAN_POINT('',(0.,0.,0.));
#6045=CARTESIAN_POINT('',(0.5015,4.25,0.));
#6046=CARTESIAN_POINT('',(0.5,4.25,0.));
#6047=CARTESIAN_POINT('',(0.497,4.25,0.));
#6048=CARTESIAN_POINT('',(0.5,4.25,0.001025));
#6049=CARTESIAN_POINT('',(0.5,4.25,0.001025));
#6050=CARTESIAN_POINT('',(0.495975,4.25,0.001025));
#6051=CARTESIAN_POINT('',(0.5,4.25,0.));
#6052=CARTESIAN_POINT('',(0.5,4.25,0.006));
#6053=CARTESIAN_POINT('',(0.495975,4.25,0.006));
#6054=CARTESIAN_POINT('',(0.5,4.25,0.006));
#6055=CARTESIAN_POINT('',(0.,0.,0.));
#6056=CARTESIAN_POINT('',(0.25,4.,0.012));
#6057=CARTESIAN_POINT('',(0.25,4.,-0.012));
#6058=CARTESIAN_POINT('',(0.254025,4.,-0.012));
#6059=CARTESIAN_POINT('',(0.25,4.,0.012));
#6060=CARTESIAN_POINT('',(0.254025,4.,0.012));
#6061=CARTESIAN_POINT('',(0.25,4.,1.23230084164202E-19));
#6062=CARTESIAN_POINT('',(0.25,3.995975,2.46460168328405E-19));
#6063=CARTESIAN_POINT('',(0.25,4.004025,0.));
#6064=CARTESIAN_POINT('',(0.25,4.,1.23230084164202E-19));
#6065=CARTESIAN_POINT('',(0.25,4.,0.012));
#6066=CARTESIAN_POINT('',(0.25,4.,-0.012));
#6067=CARTESIAN_POINT('',(0.266,4.,2.46460168328405E-19));
#6068=CARTESIAN_POINT('',(0.266,4.,2.46460168328405E-19));
#6069=CARTESIAN_POINT('',(0.266,4.,-0.004025));
#6070=CARTESIAN_POINT('',(0.266,4.,0.));
#6071=CARTESIAN_POINT('',(0.,0.,0.));
#6072=CARTESIAN_POINT('',(0.25,4.5,0.008));
#6073=CARTESIAN_POINT('',(0.25,4.5,0.008));
#6074=CARTESIAN_POINT('',(0.26,4.5,0.008));
#6075=CARTESIAN_POINT('',(0.25,4.5,0.));
#6076=CARTESIAN_POINT('',(0.26,4.5,0.));
#6077=CARTESIAN_POINT('',(0.25,4.5,0.008));
#6078=CARTESIAN_POINT('',(0.25,4.5,0.008));
#6079=CARTESIAN_POINT('',(0.254525,4.5,0.008));
#6080=CARTESIAN_POINT('',(0.25,4.5,0.));
#6081=CARTESIAN_POINT('',(0.25,4.5,0.));
#6082=CARTESIAN_POINT('',(0.252,4.5,0.));
#6083=CARTESIAN_POINT('',(0.25,4.5,0.));
#6084=CARTESIAN_POINT('',(0.25,4.5,0.006));
#6085=CARTESIAN_POINT('',(0.248,4.5,0.006));
#6086=CARTESIAN_POINT('',(0.25,4.5,0.006));
#6087=CARTESIAN_POINT('',(0.25,4.5,0.00762876893987707));
#6088=CARTESIAN_POINT('',(0.253628768939877,4.5,0.00762876893987707));
#6089=CARTESIAN_POINT('',(0.25,4.5,0.008));
#6090=CARTESIAN_POINT('',(0.,0.,0.));
#6091=CARTESIAN_POINT('',(0.5,3.5,0.006));
#6092=CARTESIAN_POINT('',(0.5,3.5,0.));
#6093=CARTESIAN_POINT('',(0.509731749091528,3.49720559762748,0.));
#6094=CARTESIAN_POINT('',(0.510060335292523,3.49885751201231,0.));
#6095=CARTESIAN_POINT('',(0.510060335292523,3.49885751201231,0.006));
#6096=CARTESIAN_POINT('',(0.510060335292523,3.49885751201231,0.006));
#6097=CARTESIAN_POINT('',(0.5,3.5,0.006));
#6098=CARTESIAN_POINT('',(0.509731749091528,3.49720559762748,0.006));
#6099=CARTESIAN_POINT('',(0.509731749091528,3.49720559762748,0.006));
#6100=CARTESIAN_POINT('',(0.510632314512641,3.49879255598757,0.006));
#6101=CARTESIAN_POINT('',(0.510632314512641,3.49879255598757,0.));
#6102=CARTESIAN_POINT('',(0.51120429373276,3.49872759996282,0.));
#6103=CARTESIAN_POINT('',(0.51120429373276,3.49872759996282,0.006));
#6104=CARTESIAN_POINT('',(0.51120429373276,3.49872759996282,0.006));
#6105=CARTESIAN_POINT('',(0.510632314512641,3.49879255598757,0.006));
#6106=CARTESIAN_POINT('',(0.51120429373276,3.49872759996282,0.006));
#6107=CARTESIAN_POINT('',(0.51120429373276,3.49872759996282,0.));
#6108=CARTESIAN_POINT('',(0.511354185450374,3.49871057771835,0.006));
#6109=CARTESIAN_POINT('',(0.511354185450374,3.49871057771835,8.67361737988404E-19));
#6110=CARTESIAN_POINT('',(0.512200895349914,3.49871856240614,0.006));
#6111=CARTESIAN_POINT('',(0.512200895349914,3.49871856240614,8.67361737988404E-19));
#6112=CARTESIAN_POINT('',(0.513490768601916,3.49950083817298,0.006));
#6113=CARTESIAN_POINT('',(0.513490768601916,3.49950083817298,0.));
#6114=CARTESIAN_POINT('',(0.51120429373276,3.49872759996282,0.));
#6115=CARTESIAN_POINT('',(0.511354185450374,3.49871057771835,0.));
#6116=CARTESIAN_POINT('',(0.512200895349914,3.49871856240614,0.));
#6117=CARTESIAN_POINT('',(0.513490768601916,3.49950083817298,0.));
#6118=CARTESIAN_POINT('',(0.513490768601916,3.49950083817298,0.));
#6119=CARTESIAN_POINT('',(0.513490768601916,3.49950083817298,0.006));
#6120=CARTESIAN_POINT('',(0.513490768601916,3.49950083817298,0.006));
#6121=CARTESIAN_POINT('',(0.51120429373276,3.49872759996282,0.006));
#6122=CARTESIAN_POINT('',(0.511354185450374,3.49871057771835,0.006));
#6123=CARTESIAN_POINT('',(0.512200895349914,3.49871856240614,0.006));
#6124=CARTESIAN_POINT('',(0.513490768601916,3.49950083817298,0.006));
#6125=CARTESIAN_POINT('',(0.5,3.5,0.006));
#6126=CARTESIAN_POINT('',(0.5,3.5,0.));
#6127=CARTESIAN_POINT('',(0.513490768601916,3.50049916182702,0.));
#6128=CARTESIAN_POINT('',(0.513490768601916,3.50049916182702,0.006));
#6129=CARTESIAN_POINT('',(0.513490768601916,3.50049916182702,0.006));
#6130=CARTESIAN_POINT('',(0.5,3.5,0.006));
#6131=CARTESIAN_POINT('',(0.51120429373276,3.50127240003718,0.006));
#6132=CARTESIAN_POINT('',(0.51120429373276,3.50127240003718,0.));
#6133=CARTESIAN_POINT('',(0.511354185450374,3.50128942228165,0.006));
#6134=CARTESIAN_POINT('',(0.511354185450374,3.50128942228165,8.67361737988404E-19));
#6135=CARTESIAN_POINT('',(0.512200895349914,3.50128143759386,0.006));
#6136=CARTESIAN_POINT('',(0.512200895349914,3.50128143759386,8.67361737988404E-19));
#6137=CARTESIAN_POINT('',(0.513490768601916,3.50049916182702,0.006));
#6138=CARTESIAN_POINT('',(0.513490768601916,3.50049916182702,0.));
#6139=CARTESIAN_POINT('',(0.51120429373276,3.50127240003718,0.));
#6140=CARTESIAN_POINT('',(0.511354185450374,3.50128942228165,0.));
#6141=CARTESIAN_POINT('',(0.512200895349914,3.50128143759386,0.));
#6142=CARTESIAN_POINT('',(0.513490768601916,3.50049916182702,0.));
#6143=CARTESIAN_POINT('',(0.51120429373276,3.50127240003718,0.));
#6144=CARTESIAN_POINT('',(0.51120429373276,3.50127240003718,0.006));
#6145=CARTESIAN_POINT('',(0.51120429373276,3.50127240003718,0.006));
#6146=CARTESIAN_POINT('',(0.51120429373276,3.50127240003718,0.006));
#6147=CARTESIAN_POINT('',(0.511354185450374,3.50128942228165,0.006));
#6148=CARTESIAN_POINT('',(0.512200895349914,3.50128143759386,0.006));
#6149=CARTESIAN_POINT('',(0.513490768601916,3.50049916182702,0.006));
#6150=CARTESIAN_POINT('',(0.510632314512641,3.50120744401243,0.006));
#6151=CARTESIAN_POINT('',(0.510632314512641,3.50120744401243,0.));
#6152=CARTESIAN_POINT('',(0.510060335292523,3.50114248798769,0.));
#6153=CARTESIAN_POINT('',(0.510060335292523,3.50114248798769,0.006));
#6154=CARTESIAN_POINT('',(0.510060335292523,3.50114248798769,0.006));
#6155=CARTESIAN_POINT('',(0.510632314512641,3.50120744401243,0.006));
#6156=CARTESIAN_POINT('',(0.5,3.5,0.006));
#6157=CARTESIAN_POINT('',(0.5,3.5,0.));
#6158=CARTESIAN_POINT('',(0.509731749091528,3.50279440237252,0.));
#6159=CARTESIAN_POINT('',(0.509731749091528,3.50279440237252,0.006));
#6160=CARTESIAN_POINT('',(0.509731749091528,3.50279440237252,0.006));
#6161=CARTESIAN_POINT('',(0.5,3.5,0.006));
#6162=CARTESIAN_POINT('',(0.510285046580519,3.50295327780194,0.006));
#6163=CARTESIAN_POINT('',(0.510285046580519,3.50295327780194,0.));
#6164=CARTESIAN_POINT('',(0.51083834406951,3.50311215323137,0.));
#6165=CARTESIAN_POINT('',(0.51083834406951,3.50311215323137,0.006));
#6166=CARTESIAN_POINT('',(0.51083834406951,3.50311215323137,0.006));
#6167=CARTESIAN_POINT('',(0.510285046580519,3.50295327780194,0.006));
#6168=CARTESIAN_POINT('',(0.51083834406951,3.50311215323137,0.006));
#6169=CARTESIAN_POINT('',(0.51083834406951,3.50311215323137,0.));
#6170=CARTESIAN_POINT('',(0.510983340090448,3.50315378780508,0.006));
#6171=CARTESIAN_POINT('',(0.510983340090448,3.50315378780508,8.67361737988404E-19));
#6172=CARTESIAN_POINT('',(0.511762542428878,3.50348518654528,0.006));
#6173=CARTESIAN_POINT('',(0.511762542428878,3.50348518654528,8.67361737988404E-19));
#6174=CARTESIAN_POINT('',(0.512654865950425,3.50470152823843,0.006));
#6175=CARTESIAN_POINT('',(0.512654865950425,3.50470152823843,0.));
#6176=CARTESIAN_POINT('',(0.51083834406951,3.50311215323137,0.));
#6177=CARTESIAN_POINT('',(0.510983340090448,3.50315378780508,0.));
#6178=CARTESIAN_POINT('',(0.511762542428878,3.50348518654528,0.));
#6179=CARTESIAN_POINT('',(0.512654865950425,3.50470152823843,0.));
#6180=CARTESIAN_POINT('',(0.512654865950425,3.50470152823843,0.));
#6181=CARTESIAN_POINT('',(0.512654865950425,3.50470152823843,0.006));
#6182=CARTESIAN_POINT('',(0.512654865950425,3.50470152823843,0.006));
#6183=CARTESIAN_POINT('',(0.51083834406951,3.50311215323137,0.006));
#6184=CARTESIAN_POINT('',(0.510983340090448,3.50315378780508,0.006));
#6185=CARTESIAN_POINT('',(0.511762542428878,3.50348518654528,0.006));
#6186=CARTESIAN_POINT('',(0.512654865950425,3.50470152823843,0.006));
#6187=CARTESIAN_POINT('',(0.5,3.5,0.006));
#6188=CARTESIAN_POINT('',(0.5,3.5,0.));
#6189=CARTESIAN_POINT('',(0.512272824027887,3.50562385902922,0.));
#6190=CARTESIAN_POINT('',(0.512272824027887,3.50562385902922,0.006));
#6191=CARTESIAN_POINT('',(0.512272824027887,3.50562385902922,0.006));
#6192=CARTESIAN_POINT('',(0.5,3.5,0.006));
#6193=CARTESIAN_POINT('',(0.509864491242372,3.50546324193439,0.006));
#6194=CARTESIAN_POINT('',(0.509864491242372,3.50546324193439,0.));
#6195=CARTESIAN_POINT('',(0.509996459001427,3.50553632951464,0.006));
#6196=CARTESIAN_POINT('',(0.509996459001427,3.50553632951464,8.67361737988404E-19));
#6197=CARTESIAN_POINT('',(0.510781772555318,3.50585297447559,0.006));
#6198=CARTESIAN_POINT('',(0.510781772555318,3.50585297447559,8.67361737988404E-19));
#6199=CARTESIAN_POINT('',(0.512272824027887,3.50562385902922,0.006));
#6200=CARTESIAN_POINT('',(0.512272824027887,3.50562385902922,0.));
#6201=CARTESIAN_POINT('',(0.509864491242372,3.50546324193439,0.));
#6202=CARTESIAN_POINT('',(0.509996459001427,3.50553632951464,0.));
#6203=CARTESIAN_POINT('',(0.510781772555318,3.50585297447559,0.));
#6204=CARTESIAN_POINT('',(0.512272824027887,3.50562385902922,0.));
#6205=CARTESIAN_POINT('',(0.509864491242372,3.50546324193439,0.));
#6206=CARTESIAN_POINT('',(0.509864491242372,3.50546324193439,0.006));
#6207=CARTESIAN_POINT('',(0.509864491242372,3.50546324193439,0.006));
#6208=CARTESIAN_POINT('',(0.509864491242372,3.50546324193439,0.006));
#6209=CARTESIAN_POINT('',(0.509996459001427,3.50553632951464,0.006));
#6210=CARTESIAN_POINT('',(0.510781772555318,3.50585297447559,0.006));
#6211=CARTESIAN_POINT('',(0.512272824027887,3.50562385902922,0.006));
#6212=CARTESIAN_POINT('',(0.509360908942385,3.50518434342142,0.006));
#6213=CARTESIAN_POINT('',(0.509360908942385,3.50518434342142,0.));
#6214=CARTESIAN_POINT('',(0.508857326642398,3.50490544490845,0.));
#6215=CARTESIAN_POINT('',(0.508857326642398,3.50490544490845,0.006));
#6216=CARTESIAN_POINT('',(0.508857326642398,3.50490544490845,0.006));
#6217=CARTESIAN_POINT('',(0.509360908942385,3.50518434342142,0.006));
#6218=CARTESIAN_POINT('',(0.5,3.5,0.006));
#6219=CARTESIAN_POINT('',(0.5,3.5,0.));
#6220=CARTESIAN_POINT('',(0.507921592309873,3.50630587030283,0.));
#6221=CARTESIAN_POINT('',(0.507921592309873,3.50630587030283,0.006));
#6222=CARTESIAN_POINT('',(0.507921592309873,3.50630587030283,0.006));
#6223=CARTESIAN_POINT('',(0.5,3.5,0.006));
#6224=CARTESIAN_POINT('',(0.508371973540692,3.5066643898425,0.006));
#6225=CARTESIAN_POINT('',(0.508371973540692,3.5066643898425,0.));
#6226=CARTESIAN_POINT('',(0.508822354771511,3.50702290938217,0.));
#6227=CARTESIAN_POINT('',(0.508822354771511,3.50702290938217,0.006));
#6228=CARTESIAN_POINT('',(0.508822354771511,3.50702290938217,0.006));
#6229=CARTESIAN_POINT('',(0.508371973540692,3.5066643898425,0.006));
#6230=CARTESIAN_POINT('',(0.508822354771511,3.50702290938217,0.006));
#6231=CARTESIAN_POINT('',(0.508822354771511,3.50702290938217,0.));
#6232=CARTESIAN_POINT('',(0.508940380765977,3.50711686228764,0.006));
#6233=CARTESIAN_POINT('',(0.508940380765977,3.50711686228764,8.67361737988404E-19));
#6234=CARTESIAN_POINT('',(0.509533449050757,3.50772122262619,0.006));
#6235=CARTESIAN_POINT('',(0.509533449050757,3.50772122262619,8.67361737988404E-19));
#6236=CARTESIAN_POINT('',(0.509892374674628,3.50918645324904,0.006));
#6237=CARTESIAN_POINT('',(0.509892374674628,3.50918645324904,0.));
#6238=CARTESIAN_POINT('',(0.508822354771511,3.50702290938217,0.));
#6239=CARTESIAN_POINT('',(0.508940380765977,3.50711686228764,0.));
#6240=CARTESIAN_POINT('',(0.509533449050757,3.50772122262619,0.));
#6241=CARTESIAN_POINT('',(0.509892374674628,3.50918645324904,0.));
#6242=CARTESIAN_POINT('',(0.509892374674628,3.50918645324904,0.));
#6243=CARTESIAN_POINT('',(0.509892374674628,3.50918645324904,0.006));
#6244=CARTESIAN_POINT('',(0.509892374674628,3.50918645324904,0.006));
#6245=CARTESIAN_POINT('',(0.508822354771511,3.50702290938217,0.006));
#6246=CARTESIAN_POINT('',(0.508940380765977,3.50711686228764,0.006));
#6247=CARTESIAN_POINT('',(0.509533449050757,3.50772122262619,0.006));
#6248=CARTESIAN_POINT('',(0.509892374674628,3.50918645324904,0.006));
#6249=CARTESIAN_POINT('',(0.5,3.5,0.006));
#6250=CARTESIAN_POINT('',(0.5,3.5,0.));
#6251=CARTESIAN_POINT('',(0.509186453249039,3.50989237467463,0.));
#6252=CARTESIAN_POINT('',(0.509186453249039,3.50989237467463,0.006));
#6253=CARTESIAN_POINT('',(0.509186453249039,3.50989237467463,0.006));
#6254=CARTESIAN_POINT('',(0.5,3.5,0.006));
#6255=CARTESIAN_POINT('',(0.507022909382169,3.50882235477151,0.006));
#6256=CARTESIAN_POINT('',(0.507022909382169,3.50882235477151,0.));
#6257=CARTESIAN_POINT('',(0.50711686228764,3.50894038076598,0.006));
#6258=CARTESIAN_POINT('',(0.50711686228764,3.50894038076598,8.67361737988404E-19));
#6259=CARTESIAN_POINT('',(0.507721222626187,3.50953344905076,0.006));
#6260=CARTESIAN_POINT('',(0.507721222626187,3.50953344905076,8.67361737988404E-19));
#6261=CARTESIAN_POINT('',(0.509186453249039,3.50989237467463,0.006));
#6262=CARTESIAN_POINT('',(0.509186453249039,3.50989237467463,0.));
#6263=CARTESIAN_POINT('',(0.507022909382169,3.50882235477151,0.));
#6264=CARTESIAN_POINT('',(0.50711686228764,3.50894038076598,0.));
#6265=CARTESIAN_POINT('',(0.507721222626187,3.50953344905076,0.));
#6266=CARTESIAN_POINT('',(0.509186453249039,3.50989237467463,0.));
#6267=CARTESIAN_POINT('',(0.507022909382169,3.50882235477151,0.));
#6268=CARTESIAN_POINT('',(0.507022909382169,3.50882235477151,0.006));
#6269=CARTESIAN_POINT('',(0.507022909382169,3.50882235477151,0.006));
#6270=CARTESIAN_POINT('',(0.507022909382169,3.50882235477151,0.006));
#6271=CARTESIAN_POINT('',(0.50711686228764,3.50894038076598,0.006));
#6272=CARTESIAN_POINT('',(0.507721222626187,3.50953344905076,0.006));
#6273=CARTESIAN_POINT('',(0.509186453249039,3.50989237467463,0.006));
#6274=CARTESIAN_POINT('',(0.506664389842501,3.50837197354069,0.006));
#6275=CARTESIAN_POINT('',(0.506664389842501,3.50837197354069,0.));
#6276=CARTESIAN_POINT('',(0.506305870302833,3.50792159230987,0.));
#6277=CARTESIAN_POINT('',(0.506305870302833,3.50792159230987,0.006));
#6278=CARTESIAN_POINT('',(0.506305870302833,3.50792159230987,0.006));
#6279=CARTESIAN_POINT('',(0.506664389842501,3.50837197354069,0.006));
#6280=CARTESIAN_POINT('',(0.5,3.5,0.006));
#6281=CARTESIAN_POINT('',(0.5,3.5,0.));
#6282=CARTESIAN_POINT('',(0.504905444908454,3.5088573266424,0.));
#6283=CARTESIAN_POINT('',(0.504905444908454,3.5088573266424,0.006));
#6284=CARTESIAN_POINT('',(0.504905444908454,3.5088573266424,0.006));
#6285=CARTESIAN_POINT('',(0.5,3.5,0.006));
#6286=CARTESIAN_POINT('',(0.505184343421424,3.50936090894238,0.006));
#6287=CARTESIAN_POINT('',(0.505184343421424,3.50936090894238,0.));
#6288=CARTESIAN_POINT('',(0.505463241934395,3.50986449124237,0.));
#6289=CARTESIAN_POINT('',(0.505463241934395,3.50986449124237,0.006));
#6290=CARTESIAN_POINT('',(0.505463241934395,3.50986449124237,0.006));
#6291=CARTESIAN_POINT('',(0.505184343421424,3.50936090894238,0.006));
#6292=CARTESIAN_POINT('',(0.505463241934395,3.50986449124237,0.006));
#6293=CARTESIAN_POINT('',(0.505463241934395,3.50986449124237,0.));
#6294=CARTESIAN_POINT('',(0.50553632951464,3.50999645900142,0.006));
#6295=CARTESIAN_POINT('',(0.50553632951464,3.50999645900142,8.67361737988404E-19));
#6296=CARTESIAN_POINT('',(0.50585297447559,3.51078177255532,0.006));
#6297=CARTESIAN_POINT('',(0.50585297447559,3.51078177255532,8.67361737988404E-19));
#6298=CARTESIAN_POINT('',(0.505623859029218,3.51227282402789,0.006));
#6299=CARTESIAN_POINT('',(0.505623859029218,3.51227282402789,0.));
#6300=CARTESIAN_POINT('',(0.505463241934395,3.50986449124237,0.));
#6301=CARTESIAN_POINT('',(0.50553632951464,3.50999645900142,0.));
#6302=CARTESIAN_POINT('',(0.50585297447559,3.51078177255532,0.));
#6303=CARTESIAN_POINT('',(0.505623859029218,3.51227282402789,0.));
#6304=CARTESIAN_POINT('',(0.505623859029218,3.51227282402789,0.));
#6305=CARTESIAN_POINT('',(0.505623859029218,3.51227282402789,0.006));
#6306=CARTESIAN_POINT('',(0.505623859029218,3.51227282402789,0.006));
#6307=CARTESIAN_POINT('',(0.505463241934395,3.50986449124237,0.006));
#6308=CARTESIAN_POINT('',(0.50553632951464,3.50999645900142,0.006));
#6309=CARTESIAN_POINT('',(0.50585297447559,3.51078177255532,0.006));
#6310=CARTESIAN_POINT('',(0.505623859029218,3.51227282402789,0.006));
#6311=CARTESIAN_POINT('',(0.5,3.5,0.006));
#6312=CARTESIAN_POINT('',(0.5,3.5,0.));
#6313=CARTESIAN_POINT('',(0.504701528238431,3.51265486595043,0.));
#6314=CARTESIAN_POINT('',(0.504701528238431,3.51265486595043,0.006));
#6315=CARTESIAN_POINT('',(0.504701528238431,3.51265486595043,0.006));
#6316=CARTESIAN_POINT('',(0.5,3.5,0.006));
#6317=CARTESIAN_POINT('',(0.503112153231363,3.51083834406951,0.006));
#6318=CARTESIAN_POINT('',(0.503112153231363,3.51083834406951,0.));
#6319=CARTESIAN_POINT('',(0.503153787805077,3.51098334009045,0.006));
#6320=CARTESIAN_POINT('',(0.503153787805077,3.51098334009045,8.67361737988404E-19));
#6321=CARTESIAN_POINT('',(0.503485186545276,3.51176254242888,0.006));
#6322=CARTESIAN_POINT('',(0.503485186545276,3.51176254242888,8.67361737988404E-19));
#6323=CARTESIAN_POINT('',(0.504701528238431,3.51265486595043,0.006));
#6324=CARTESIAN_POINT('',(0.504701528238431,3.51265486595043,0.));
#6325=CARTESIAN_POINT('',(0.503112153231363,3.51083834406951,0.));
#6326=CARTESIAN_POINT('',(0.503153787805077,3.51098334009045,0.));
#6327=CARTESIAN_POINT('',(0.503485186545276,3.51176254242888,0.));
#6328=CARTESIAN_POINT('',(0.504701528238431,3.51265486595043,0.));
#6329=CARTESIAN_POINT('',(0.503112153231363,3.51083834406951,0.));
#6330=CARTESIAN_POINT('',(0.503112153231363,3.51083834406951,0.006));
#6331=CARTESIAN_POINT('',(0.503112153231363,3.51083834406951,0.006));
#6332=CARTESIAN_POINT('',(0.503112153231363,3.51083834406951,0.006));
#6333=CARTESIAN_POINT('',(0.503153787805077,3.51098334009045,0.006));
#6334=CARTESIAN_POINT('',(0.503485186545276,3.51176254242888,0.006));
#6335=CARTESIAN_POINT('',(0.504701528238431,3.51265486595043,0.006));
#6336=CARTESIAN_POINT('',(0.502953277801941,3.51028504658052,0.006));
#6337=CARTESIAN_POINT('',(0.502953277801941,3.51028504658052,0.));
#6338=CARTESIAN_POINT('',(0.502794402372519,3.50973174909153,0.));
#6339=CARTESIAN_POINT('',(0.502794402372519,3.50973174909153,0.006));
#6340=CARTESIAN_POINT('',(0.502794402372519,3.50973174909153,0.006));
#6341=CARTESIAN_POINT('',(0.502953277801941,3.51028504658052,0.006));
#6342=CARTESIAN_POINT('',(0.5,3.5,0.006));
#6343=CARTESIAN_POINT('',(0.5,3.5,0.));
#6344=CARTESIAN_POINT('',(0.501142487987691,3.51006033529253,0.));
#6345=CARTESIAN_POINT('',(0.501142487987691,3.51006033529253,0.006));
#6346=CARTESIAN_POINT('',(0.501142487987691,3.51006033529253,0.006));
#6347=CARTESIAN_POINT('',(0.5,3.5,0.006));
#6348=CARTESIAN_POINT('',(0.501207444012434,3.51063231451264,0.006));
#6349=CARTESIAN_POINT('',(0.501207444012434,3.51063231451264,0.));
#6350=CARTESIAN_POINT('',(0.501272400037178,3.51120429373276,0.));
#6351=CARTESIAN_POINT('',(0.501272400037178,3.51120429373276,0.006));
#6352=CARTESIAN_POINT('',(0.501272400037178,3.51120429373276,0.006));
#6353=CARTESIAN_POINT('',(0.501207444012434,3.51063231451264,0.006));
#6354=CARTESIAN_POINT('',(0.501272400037178,3.51120429373276,0.006));
#6355=CARTESIAN_POINT('',(0.501272400037178,3.51120429373276,0.));
#6356=CARTESIAN_POINT('',(0.501289422281651,3.51135418545037,0.006));
#6357=CARTESIAN_POINT('',(0.501289422281651,3.51135418545037,8.67361737988404E-19));
#6358=CARTESIAN_POINT('',(0.501281437593859,3.51220089534992,0.006));
#6359=CARTESIAN_POINT('',(0.501281437593859,3.51220089534992,8.67361737988404E-19));
#6360=CARTESIAN_POINT('',(0.500499161827019,3.51349076860192,0.006));
#6361=CARTESIAN_POINT('',(0.500499161827019,3.51349076860192,0.));
#6362=CARTESIAN_POINT('',(0.501272400037178,3.51120429373276,0.));
#6363=CARTESIAN_POINT('',(0.501289422281651,3.51135418545037,0.));
#6364=CARTESIAN_POINT('',(0.501281437593859,3.51220089534992,0.));
#6365=CARTESIAN_POINT('',(0.500499161827019,3.51349076860192,0.));
#6366=CARTESIAN_POINT('',(0.500499161827019,3.51349076860192,0.));
#6367=CARTESIAN_POINT('',(0.500499161827019,3.51349076860192,0.006));
#6368=CARTESIAN_POINT('',(0.500499161827019,3.51349076860192,0.006));
#6369=CARTESIAN_POINT('',(0.501272400037178,3.51120429373276,0.006));
#6370=CARTESIAN_POINT('',(0.501289422281651,3.51135418545037,0.006));
#6371=CARTESIAN_POINT('',(0.501281437593859,3.51220089534992,0.006));
#6372=CARTESIAN_POINT('',(0.500499161827019,3.51349076860192,0.006));
#6373=CARTESIAN_POINT('',(0.5,3.5,0.006));
#6374=CARTESIAN_POINT('',(0.5,3.5,0.));
#6375=CARTESIAN_POINT('',(0.499500838172982,3.51349076860192,0.));
#6376=CARTESIAN_POINT('',(0.499500838172982,3.51349076860192,0.006));
#6377=CARTESIAN_POINT('',(0.499500838172982,3.51349076860192,0.006));
#6378=CARTESIAN_POINT('',(0.5,3.5,0.006));
#6379=CARTESIAN_POINT('',(0.498727599962822,3.51120429373276,0.006));
#6380=CARTESIAN_POINT('',(0.498727599962822,3.51120429373276,0.));
#6381=CARTESIAN_POINT('',(0.498710577718349,3.51135418545037,0.006));
#6382=CARTESIAN_POINT('',(0.498710577718349,3.51135418545037,8.67361737988404E-19));
#6383=CARTESIAN_POINT('',(0.498718562406141,3.51220089534992,0.006));
#6384=CARTESIAN_POINT('',(0.498718562406141,3.51220089534992,8.67361737988404E-19));
#6385=CARTESIAN_POINT('',(0.499500838172982,3.51349076860192,0.006));
#6386=CARTESIAN_POINT('',(0.499500838172982,3.51349076860192,0.));
#6387=CARTESIAN_POINT('',(0.498727599962822,3.51120429373276,0.));
#6388=CARTESIAN_POINT('',(0.498710577718349,3.51135418545037,0.));
#6389=CARTESIAN_POINT('',(0.498718562406141,3.51220089534992,0.));
#6390=CARTESIAN_POINT('',(0.499500838172982,3.51349076860192,0.));
#6391=CARTESIAN_POINT('',(0.498727599962822,3.51120429373276,0.));
#6392=CARTESIAN_POINT('',(0.498727599962822,3.51120429373276,0.006));
#6393=CARTESIAN_POINT('',(0.498727599962822,3.51120429373276,0.006));
#6394=CARTESIAN_POINT('',(0.498727599962822,3.51120429373276,0.006));
#6395=CARTESIAN_POINT('',(0.498710577718349,3.51135418545037,0.006));
#6396=CARTESIAN_POINT('',(0.498718562406141,3.51220089534992,0.006));
#6397=CARTESIAN_POINT('',(0.499500838172982,3.51349076860192,0.006));
#6398=CARTESIAN_POINT('',(0.498792555987566,3.51063231451264,0.006));
#6399=CARTESIAN_POINT('',(0.498792555987566,3.51063231451264,0.));
#6400=CARTESIAN_POINT('',(0.49885751201231,3.51006033529253,0.));
#6401=CARTESIAN_POINT('',(0.49885751201231,3.51006033529253,0.006));
#6402=CARTESIAN_POINT('',(0.49885751201231,3.51006033529253,0.006));
#6403=CARTESIAN_POINT('',(0.498792555987566,3.51063231451264,0.006));
#6404=CARTESIAN_POINT('',(0.5,3.5,0.006));
#6405=CARTESIAN_POINT('',(0.5,3.5,0.));
#6406=CARTESIAN_POINT('',(0.497205597627481,3.50973174909153,0.));
#6407=CARTESIAN_POINT('',(0.497205597627481,3.50973174909153,0.006));
#6408=CARTESIAN_POINT('',(0.497205597627481,3.50973174909153,0.006));
#6409=CARTESIAN_POINT('',(0.5,3.5,0.006));
#6410=CARTESIAN_POINT('',(0.497046722198059,3.51028504658052,0.006));
#6411=CARTESIAN_POINT('',(0.497046722198059,3.51028504658052,0.));
#6412=CARTESIAN_POINT('',(0.496887846768637,3.51083834406951,0.));
#6413=CARTESIAN_POINT('',(0.496887846768637,3.51083834406951,0.006));
#6414=CARTESIAN_POINT('',(0.496887846768637,3.51083834406951,0.006));
#6415=CARTESIAN_POINT('',(0.497046722198059,3.51028504658052,0.006));
#6416=CARTESIAN_POINT('',(0.496887846768637,3.51083834406951,0.006));
#6417=CARTESIAN_POINT('',(0.496887846768637,3.51083834406951,0.));
#6418=CARTESIAN_POINT('',(0.496846212194923,3.51098334009045,0.006));
#6419=CARTESIAN_POINT('',(0.496846212194923,3.51098334009045,8.67361737988404E-19));
#6420=CARTESIAN_POINT('',(0.496514813454725,3.51176254242888,0.006));
#6421=CARTESIAN_POINT('',(0.496514813454725,3.51176254242888,8.67361737988404E-19));
#6422=CARTESIAN_POINT('',(0.495298471761569,3.51265486595043,0.006));
#6423=CARTESIAN_POINT('',(0.495298471761569,3.51265486595043,0.));
#6424=CARTESIAN_POINT('',(0.496887846768637,3.51083834406951,0.));
#6425=CARTESIAN_POINT('',(0.496846212194923,3.51098334009045,0.));
#6426=CARTESIAN_POINT('',(0.496514813454725,3.51176254242888,0.));
#6427=CARTESIAN_POINT('',(0.495298471761569,3.51265486595043,0.));
#6428=CARTESIAN_POINT('',(0.495298471761569,3.51265486595043,0.));
#6429=CARTESIAN_POINT('',(0.495298471761569,3.51265486595043,0.006));
#6430=CARTESIAN_POINT('',(0.495298471761569,3.51265486595043,0.006));
#6431=CARTESIAN_POINT('',(0.496887846768637,3.51083834406951,0.006));
#6432=CARTESIAN_POINT('',(0.496846212194923,3.51098334009045,0.006));
#6433=CARTESIAN_POINT('',(0.496514813454725,3.51176254242888,0.006));
#6434=CARTESIAN_POINT('',(0.495298471761569,3.51265486595043,0.006));
#6435=CARTESIAN_POINT('',(0.5,3.5,0.006));
#6436=CARTESIAN_POINT('',(0.5,3.5,0.));
#6437=CARTESIAN_POINT('',(0.494376140970782,3.51227282402789,0.));
#6438=CARTESIAN_POINT('',(0.494376140970782,3.51227282402789,0.006));
#6439=CARTESIAN_POINT('',(0.494376140970782,3.51227282402789,0.006));
#6440=CARTESIAN_POINT('',(0.5,3.5,0.006));
#6441=CARTESIAN_POINT('',(0.494536758065605,3.50986449124237,0.006));
#6442=CARTESIAN_POINT('',(0.494536758065605,3.50986449124237,0.));
#6443=CARTESIAN_POINT('',(0.49446367048536,3.50999645900142,0.006));
#6444=CARTESIAN_POINT('',(0.49446367048536,3.50999645900142,8.67361737988404E-19));
#6445=CARTESIAN_POINT('',(0.494147025524411,3.51078177255532,0.006));
#6446=CARTESIAN_POINT('',(0.494147025524411,3.51078177255532,8.67361737988404E-19));
#6447=CARTESIAN_POINT('',(0.494376140970782,3.51227282402789,0.006));
#6448=CARTESIAN_POINT('',(0.494376140970782,3.51227282402789,0.));
#6449=CARTESIAN_POINT('',(0.494536758065605,3.50986449124237,0.));
#6450=CARTESIAN_POINT('',(0.49446367048536,3.50999645900142,0.));
#6451=CARTESIAN_POINT('',(0.494147025524411,3.51078177255532,0.));
#6452=CARTESIAN_POINT('',(0.494376140970782,3.51227282402789,0.));
#6453=CARTESIAN_POINT('',(0.494536758065605,3.50986449124237,0.));
#6454=CARTESIAN_POINT('',(0.494536758065605,3.50986449124237,0.006));
#6455=CARTESIAN_POINT('',(0.494536758065605,3.50986449124237,0.006));
#6456=CARTESIAN_POINT('',(0.494536758065605,3.50986449124237,0.006));
#6457=CARTESIAN_POINT('',(0.49446367048536,3.50999645900142,0.006));
#6458=CARTESIAN_POINT('',(0.494147025524411,3.51078177255532,0.006));
#6459=CARTESIAN_POINT('',(0.494376140970782,3.51227282402789,0.006));
#6460=CARTESIAN_POINT('',(0.494815656578576,3.50936090894238,0.006));
#6461=CARTESIAN_POINT('',(0.494815656578576,3.50936090894238,0.));
#6462=CARTESIAN_POINT('',(0.495094555091547,3.5088573266424,0.));
#6463=CARTESIAN_POINT('',(0.495094555091547,3.5088573266424,0.006));
#6464=CARTESIAN_POINT('',(0.495094555091547,3.5088573266424,0.006));
#6465=CARTESIAN_POINT('',(0.494815656578576,3.50936090894238,0.006));
#6466=CARTESIAN_POINT('',(0.5,3.5,0.006));
#6467=CARTESIAN_POINT('',(0.5,3.5,0.));
#6468=CARTESIAN_POINT('',(0.493694129697167,3.50792159230987,0.));
#6469=CARTESIAN_POINT('',(0.493694129697167,3.50792159230987,0.006));
#6470=CARTESIAN_POINT('',(0.493694129697167,3.50792159230987,0.006));
#6471=CARTESIAN_POINT('',(0.5,3.5,0.006));
#6472=CARTESIAN_POINT('',(0.493335610157499,3.50837197354069,0.006));
#6473=CARTESIAN_POINT('',(0.493335610157499,3.50837197354069,0.));
#6474=CARTESIAN_POINT('',(0.492977090617831,3.50882235477151,0.));
#6475=CARTESIAN_POINT('',(0.492977090617831,3.50882235477151,0.006));
#6476=CARTESIAN_POINT('',(0.492977090617831,3.50882235477151,0.006));
#6477=CARTESIAN_POINT('',(0.493335610157499,3.50837197354069,0.006));
#6478=CARTESIAN_POINT('',(0.492977090617831,3.50882235477151,0.006));
#6479=CARTESIAN_POINT('',(0.492977090617831,3.50882235477151,0.));
#6480=CARTESIAN_POINT('',(0.49288313771236,3.50894038076598,0.006));
#6481=CARTESIAN_POINT('',(0.49288313771236,3.50894038076598,8.67361737988404E-19));
#6482=CARTESIAN_POINT('',(0.492278777373813,3.50953344905076,0.006));
#6483=CARTESIAN_POINT('',(0.492278777373813,3.50953344905076,8.67361737988404E-19));
#6484=CARTESIAN_POINT('',(0.490813546750961,3.50989237467463,0.006));
#6485=CARTESIAN_POINT('',(0.490813546750961,3.50989237467463,0.));
#6486=CARTESIAN_POINT('',(0.492977090617831,3.50882235477151,0.));
#6487=CARTESIAN_POINT('',(0.49288313771236,3.50894038076598,0.));
#6488=CARTESIAN_POINT('',(0.492278777373813,3.50953344905076,0.));
#6489=CARTESIAN_POINT('',(0.490813546750961,3.50989237467463,0.));
#6490=CARTESIAN_POINT('',(0.490813546750961,3.50989237467463,0.));
#6491=CARTESIAN_POINT('',(0.490813546750961,3.50989237467463,0.006));
#6492=CARTESIAN_POINT('',(0.490813546750961,3.50989237467463,0.006));
#6493=CARTESIAN_POINT('',(0.492977090617831,3.50882235477151,0.006));
#6494=CARTESIAN_POINT('',(0.49288313771236,3.50894038076598,0.006));
#6495=CARTESIAN_POINT('',(0.492278777373813,3.50953344905076,0.006));
#6496=CARTESIAN_POINT('',(0.490813546750961,3.50989237467463,0.006));
#6497=CARTESIAN_POINT('',(0.5,3.5,0.006));
#6498=CARTESIAN_POINT('',(0.5,3.5,0.));
#6499=CARTESIAN_POINT('',(0.490107625325372,3.50918645324904,0.));
#6500=CARTESIAN_POINT('',(0.490107625325372,3.50918645324904,0.006));
#6501=CARTESIAN_POINT('',(0.490107625325372,3.50918645324904,0.006));
#6502=CARTESIAN_POINT('',(0.5,3.5,0.006));
#6503=CARTESIAN_POINT('',(0.491177645228489,3.50702290938217,0.006));
#6504=CARTESIAN_POINT('',(0.491177645228489,3.50702290938217,0.));
#6505=CARTESIAN_POINT('',(0.491059619234023,3.50711686228764,0.006));
#6506=CARTESIAN_POINT('',(0.491059619234023,3.50711686228764,8.67361737988404E-19));
#6507=CARTESIAN_POINT('',(0.490466550949243,3.50772122262619,0.006));
#6508=CARTESIAN_POINT('',(0.490466550949243,3.50772122262619,8.67361737988404E-19));
#6509=CARTESIAN_POINT('',(0.490107625325372,3.50918645324904,0.006));
#6510=CARTESIAN_POINT('',(0.490107625325372,3.50918645324904,0.));
#6511=CARTESIAN_POINT('',(0.491177645228489,3.50702290938217,0.));
#6512=CARTESIAN_POINT('',(0.491059619234023,3.50711686228764,0.));
#6513=CARTESIAN_POINT('',(0.490466550949243,3.50772122262619,0.));
#6514=CARTESIAN_POINT('',(0.490107625325372,3.50918645324904,0.));
#6515=CARTESIAN_POINT('',(0.491177645228489,3.50702290938217,0.));
#6516=CARTESIAN_POINT('',(0.491177645228489,3.50702290938217,0.006));
#6517=CARTESIAN_POINT('',(0.491177645228489,3.50702290938217,0.006));
#6518=CARTESIAN_POINT('',(0.491177645228489,3.50702290938217,0.006));
#6519=CARTESIAN_POINT('',(0.491059619234023,3.50711686228764,0.006));
#6520=CARTESIAN_POINT('',(0.490466550949243,3.50772122262619,0.006));
#6521=CARTESIAN_POINT('',(0.490107625325372,3.50918645324904,0.006));
#6522=CARTESIAN_POINT('',(0.491628026459308,3.5066643898425,0.006));
#6523=CARTESIAN_POINT('',(0.491628026459308,3.5066643898425,0.));
#6524=CARTESIAN_POINT('',(0.492078407690127,3.50630587030283,0.));
#6525=CARTESIAN_POINT('',(0.492078407690127,3.50630587030283,0.006));
#6526=CARTESIAN_POINT('',(0.492078407690127,3.50630587030283,0.006));
#6527=CARTESIAN_POINT('',(0.491628026459308,3.5066643898425,0.006));
#6528=CARTESIAN_POINT('',(0.5,3.5,0.006));
#6529=CARTESIAN_POINT('',(0.5,3.5,0.));
#6530=CARTESIAN_POINT('',(0.491142673357602,3.50490544490845,0.));
#6531=CARTESIAN_POINT('',(0.491142673357602,3.50490544490845,0.006));
#6532=CARTESIAN_POINT('',(0.491142673357602,3.50490544490845,0.006));
#6533=CARTESIAN_POINT('',(0.5,3.5,0.006));
#6534=CARTESIAN_POINT('',(0.490639091057615,3.50518434342142,0.006));
#6535=CARTESIAN_POINT('',(0.490639091057615,3.50518434342142,0.));
#6536=CARTESIAN_POINT('',(0.490135508757628,3.50546324193439,0.));
#6537=CARTESIAN_POINT('',(0.490135508757628,3.50546324193439,0.006));
#6538=CARTESIAN_POINT('',(0.490135508757628,3.50546324193439,0.006));
#6539=CARTESIAN_POINT('',(0.490639091057615,3.50518434342142,0.006));
#6540=CARTESIAN_POINT('',(0.490135508757628,3.50546324193439,0.006));
#6541=CARTESIAN_POINT('',(0.490135508757628,3.50546324193439,0.));
#6542=CARTESIAN_POINT('',(0.490003540998573,3.50553632951464,0.006));
#6543=CARTESIAN_POINT('',(0.490003540998573,3.50553632951464,8.67361737988404E-19));
#6544=CARTESIAN_POINT('',(0.489218227444682,3.50585297447559,0.006));
#6545=CARTESIAN_POINT('',(0.489218227444682,3.50585297447559,8.67361737988404E-19));
#6546=CARTESIAN_POINT('',(0.487727175972113,3.50562385902922,0.006));
#6547=CARTESIAN_POINT('',(0.487727175972113,3.50562385902922,0.));
#6548=CARTESIAN_POINT('',(0.490135508757628,3.50546324193439,0.));
#6549=CARTESIAN_POINT('',(0.490003540998573,3.50553632951464,0.));
#6550=CARTESIAN_POINT('',(0.489218227444682,3.50585297447559,0.));
#6551=CARTESIAN_POINT('',(0.487727175972113,3.50562385902922,0.));
#6552=CARTESIAN_POINT('',(0.487727175972113,3.50562385902922,0.));
#6553=CARTESIAN_POINT('',(0.487727175972113,3.50562385902922,0.006));
#6554=CARTESIAN_POINT('',(0.487727175972113,3.50562385902922,0.006));
#6555=CARTESIAN_POINT('',(0.490135508757628,3.50546324193439,0.006));
#6556=CARTESIAN_POINT('',(0.490003540998573,3.50553632951464,0.006));
#6557=CARTESIAN_POINT('',(0.489218227444682,3.50585297447559,0.006));
#6558=CARTESIAN_POINT('',(0.487727175972113,3.50562385902922,0.006));
#6559=CARTESIAN_POINT('',(0.5,3.5,0.006));
#6560=CARTESIAN_POINT('',(0.5,3.5,0.));
#6561=CARTESIAN_POINT('',(0.487345134049575,3.50470152823843,0.));
#6562=CARTESIAN_POINT('',(0.487345134049575,3.50470152823843,0.006));
#6563=CARTESIAN_POINT('',(0.487345134049575,3.50470152823843,0.006));
#6564=CARTESIAN_POINT('',(0.5,3.5,0.006));
#6565=CARTESIAN_POINT('',(0.48916165593049,3.50311215323137,0.006));
#6566=CARTESIAN_POINT('',(0.48916165593049,3.50311215323137,0.));
#6567=CARTESIAN_POINT('',(0.489016659909552,3.50315378780508,0.006));
#6568=CARTESIAN_POINT('',(0.489016659909552,3.50315378780508,8.67361737988404E-19));
#6569=CARTESIAN_POINT('',(0.488237457571122,3.50348518654528,0.006));
#6570=CARTESIAN_POINT('',(0.488237457571122,3.50348518654528,8.67361737988404E-19));
#6571=CARTESIAN_POINT('',(0.487345134049575,3.50470152823843,0.006));
#6572=CARTESIAN_POINT('',(0.487345134049575,3.50470152823843,0.));
#6573=CARTESIAN_POINT('',(0.48916165593049,3.50311215323137,0.));
#6574=CARTESIAN_POINT('',(0.489016659909552,3.50315378780508,0.));
#6575=CARTESIAN_POINT('',(0.488237457571122,3.50348518654528,0.));
#6576=CARTESIAN_POINT('',(0.487345134049575,3.50470152823843,0.));
#6577=CARTESIAN_POINT('',(0.48916165593049,3.50311215323137,0.));
#6578=CARTESIAN_POINT('',(0.48916165593049,3.50311215323137,0.006));
#6579=CARTESIAN_POINT('',(0.48916165593049,3.50311215323137,0.006));
#6580=CARTESIAN_POINT('',(0.48916165593049,3.50311215323137,0.006));
#6581=CARTESIAN_POINT('',(0.489016659909552,3.50315378780508,0.006));
#6582=CARTESIAN_POINT('',(0.488237457571122,3.50348518654528,0.006));
#6583=CARTESIAN_POINT('',(0.487345134049575,3.50470152823843,0.006));
#6584=CARTESIAN_POINT('',(0.489714953419481,3.50295327780194,0.006));
#6585=CARTESIAN_POINT('',(0.489714953419481,3.50295327780194,0.));
#6586=CARTESIAN_POINT('',(0.490268250908472,3.50279440237252,0.));
#6587=CARTESIAN_POINT('',(0.490268250908472,3.50279440237252,0.006));
#6588=CARTESIAN_POINT('',(0.490268250908472,3.50279440237252,0.006));
#6589=CARTESIAN_POINT('',(0.489714953419481,3.50295327780194,0.006));
#6590=CARTESIAN_POINT('',(0.5,3.5,0.006));
#6591=CARTESIAN_POINT('',(0.5,3.5,0.));
#6592=CARTESIAN_POINT('',(0.489939664707477,3.50114248798769,0.));
#6593=CARTESIAN_POINT('',(0.489939664707477,3.50114248798769,0.006));
#6594=CARTESIAN_POINT('',(0.489939664707477,3.50114248798769,0.006));
#6595=CARTESIAN_POINT('',(0.5,3.5,0.006));
#6596=CARTESIAN_POINT('',(0.489367685487359,3.50120744401243,0.006));
#6597=CARTESIAN_POINT('',(0.489367685487359,3.50120744401243,0.));
#6598=CARTESIAN_POINT('',(0.48879570626724,3.50127240003718,0.));
#6599=CARTESIAN_POINT('',(0.48879570626724,3.50127240003718,0.006));
#6600=CARTESIAN_POINT('',(0.48879570626724,3.50127240003718,0.006));
#6601=CARTESIAN_POINT('',(0.489367685487359,3.50120744401243,0.006));
#6602=CARTESIAN_POINT('',(0.48879570626724,3.50127240003718,0.006));
#6603=CARTESIAN_POINT('',(0.48879570626724,3.50127240003718,0.));
#6604=CARTESIAN_POINT('',(0.488645814549627,3.50128942228165,0.006));
#6605=CARTESIAN_POINT('',(0.488645814549627,3.50128942228165,8.67361737988404E-19));
#6606=CARTESIAN_POINT('',(0.487799104650086,3.50128143759386,0.006));
#6607=CARTESIAN_POINT('',(0.487799104650086,3.50128143759386,8.67361737988404E-19));
#6608=CARTESIAN_POINT('',(0.486509231398084,3.50049916182702,0.006));
#6609=CARTESIAN_POINT('',(0.486509231398084,3.50049916182702,0.));
#6610=CARTESIAN_POINT('',(0.48879570626724,3.50127240003718,0.));
#6611=CARTESIAN_POINT('',(0.488645814549627,3.50128942228165,0.));
#6612=CARTESIAN_POINT('',(0.487799104650086,3.50128143759386,0.));
#6613=CARTESIAN_POINT('',(0.486509231398084,3.50049916182702,0.));
#6614=CARTESIAN_POINT('',(0.486509231398084,3.50049916182702,0.));
#6615=CARTESIAN_POINT('',(0.486509231398084,3.50049916182702,0.006));
#6616=CARTESIAN_POINT('',(0.486509231398084,3.50049916182702,0.006));
#6617=CARTESIAN_POINT('',(0.48879570626724,3.50127240003718,0.006));
#6618=CARTESIAN_POINT('',(0.488645814549627,3.50128942228165,0.006));
#6619=CARTESIAN_POINT('',(0.487799104650086,3.50128143759386,0.006));
#6620=CARTESIAN_POINT('',(0.486509231398084,3.50049916182702,0.006));
#6621=CARTESIAN_POINT('',(0.5,3.5,0.006));
#6622=CARTESIAN_POINT('',(0.5,3.5,0.));
#6623=CARTESIAN_POINT('',(0.486509231398084,3.49950083817298,0.));
#6624=CARTESIAN_POINT('',(0.486509231398084,3.49950083817298,0.006));
#6625=CARTESIAN_POINT('',(0.486509231398084,3.49950083817298,0.006));
#6626=CARTESIAN_POINT('',(0.5,3.5,0.006));
#6627=CARTESIAN_POINT('',(0.48879570626724,3.49872759996282,0.006));
#6628=CARTESIAN_POINT('',(0.48879570626724,3.49872759996282,0.));
#6629=CARTESIAN_POINT('',(0.488645814549627,3.49871057771835,0.006));
#6630=CARTESIAN_POINT('',(0.488645814549627,3.49871057771835,8.67361737988404E-19));
#6631=CARTESIAN_POINT('',(0.487799104650086,3.49871856240614,0.006));
#6632=CARTESIAN_POINT('',(0.487799104650086,3.49871856240614,8.67361737988404E-19));
#6633=CARTESIAN_POINT('',(0.486509231398084,3.49950083817298,0.006));
#6634=CARTESIAN_POINT('',(0.486509231398084,3.49950083817298,0.));
#6635=CARTESIAN_POINT('',(0.48879570626724,3.49872759996282,0.));
#6636=CARTESIAN_POINT('',(0.488645814549627,3.49871057771835,0.));
#6637=CARTESIAN_POINT('',(0.487799104650086,3.49871856240614,0.));
#6638=CARTESIAN_POINT('',(0.486509231398084,3.49950083817298,0.));
#6639=CARTESIAN_POINT('',(0.48879570626724,3.49872759996282,0.));
#6640=CARTESIAN_POINT('',(0.48879570626724,3.49872759996282,0.006));
#6641=CARTESIAN_POINT('',(0.48879570626724,3.49872759996282,0.006));
#6642=CARTESIAN_POINT('',(0.48879570626724,3.49872759996282,0.006));
#6643=CARTESIAN_POINT('',(0.488645814549627,3.49871057771835,0.006));
#6644=CARTESIAN_POINT('',(0.487799104650086,3.49871856240614,0.006));
#6645=CARTESIAN_POINT('',(0.486509231398084,3.49950083817298,0.006));
#6646=CARTESIAN_POINT('',(0.489367685487359,3.49879255598757,0.006));
#6647=CARTESIAN_POINT('',(0.489367685487359,3.49879255598757,0.));
#6648=CARTESIAN_POINT('',(0.489939664707477,3.49885751201231,0.));
#6649=CARTESIAN_POINT('',(0.489939664707477,3.49885751201231,0.006));
#6650=CARTESIAN_POINT('',(0.489939664707477,3.49885751201231,0.006));
#6651=CARTESIAN_POINT('',(0.489367685487359,3.49879255598757,0.006));
#6652=CARTESIAN_POINT('',(0.5,3.5,0.006));
#6653=CARTESIAN_POINT('',(0.5,3.5,0.));
#6654=CARTESIAN_POINT('',(0.490268250908472,3.49720559762748,0.));
#6655=CARTESIAN_POINT('',(0.490268250908472,3.49720559762748,0.006));
#6656=CARTESIAN_POINT('',(0.490268250908472,3.49720559762748,0.006));
#6657=CARTESIAN_POINT('',(0.5,3.5,0.006));
#6658=CARTESIAN_POINT('',(0.489714953419481,3.49704672219806,0.006));
#6659=CARTESIAN_POINT('',(0.489714953419481,3.49704672219806,0.));
#6660=CARTESIAN_POINT('',(0.48916165593049,3.49688784676863,0.));
#6661=CARTESIAN_POINT('',(0.48916165593049,3.49688784676863,0.006));
#6662=CARTESIAN_POINT('',(0.48916165593049,3.49688784676863,0.006));
#6663=CARTESIAN_POINT('',(0.489714953419481,3.49704672219806,0.006));
#6664=CARTESIAN_POINT('',(0.48916165593049,3.49688784676863,0.006));
#6665=CARTESIAN_POINT('',(0.48916165593049,3.49688784676863,0.));
#6666=CARTESIAN_POINT('',(0.489016659909552,3.49684621219493,0.006));
#6667=CARTESIAN_POINT('',(0.489016659909552,3.49684621219493,8.67361737988404E-19));
#6668=CARTESIAN_POINT('',(0.488237457571122,3.49651481345472,0.006));
#6669=CARTESIAN_POINT('',(0.488237457571122,3.49651481345472,8.67361737988404E-19));
#6670=CARTESIAN_POINT('',(0.487345134049575,3.49529847176157,0.006));
#6671=CARTESIAN_POINT('',(0.487345134049575,3.49529847176157,0.));
#6672=CARTESIAN_POINT('',(0.48916165593049,3.49688784676863,0.));
#6673=CARTESIAN_POINT('',(0.489016659909552,3.49684621219493,0.));
#6674=CARTESIAN_POINT('',(0.488237457571122,3.49651481345472,0.));
#6675=CARTESIAN_POINT('',(0.487345134049575,3.49529847176157,0.));
#6676=CARTESIAN_POINT('',(0.487345134049575,3.49529847176157,0.));
#6677=CARTESIAN_POINT('',(0.487345134049575,3.49529847176157,0.006));
#6678=CARTESIAN_POINT('',(0.487345134049575,3.49529847176157,0.006));
#6679=CARTESIAN_POINT('',(0.48916165593049,3.49688784676863,0.006));
#6680=CARTESIAN_POINT('',(0.489016659909552,3.49684621219493,0.006));
#6681=CARTESIAN_POINT('',(0.488237457571122,3.49651481345472,0.006));
#6682=CARTESIAN_POINT('',(0.487345134049575,3.49529847176157,0.006));
#6683=CARTESIAN_POINT('',(0.5,3.5,0.006));
#6684=CARTESIAN_POINT('',(0.5,3.5,0.));
#6685=CARTESIAN_POINT('',(0.487727175972113,3.49437614097078,0.));
#6686=CARTESIAN_POINT('',(0.487727175972113,3.49437614097078,0.006));
#6687=CARTESIAN_POINT('',(0.487727175972113,3.49437614097078,0.006));
#6688=CARTESIAN_POINT('',(0.5,3.5,0.006));
#6689=CARTESIAN_POINT('',(0.490135508757628,3.49453675806561,0.006));
#6690=CARTESIAN_POINT('',(0.490135508757628,3.49453675806561,0.));
#6691=CARTESIAN_POINT('',(0.490003540998573,3.49446367048536,0.006));
#6692=CARTESIAN_POINT('',(0.490003540998573,3.49446367048536,8.67361737988404E-19));
#6693=CARTESIAN_POINT('',(0.489218227444682,3.49414702552441,0.006));
#6694=CARTESIAN_POINT('',(0.489218227444682,3.49414702552441,8.67361737988404E-19));
#6695=CARTESIAN_POINT('',(0.487727175972113,3.49437614097078,0.006));
#6696=CARTESIAN_POINT('',(0.487727175972113,3.49437614097078,0.));
#6697=CARTESIAN_POINT('',(0.490135508757628,3.49453675806561,0.));
#6698=CARTESIAN_POINT('',(0.490003540998573,3.49446367048536,0.));
#6699=CARTESIAN_POINT('',(0.489218227444682,3.49414702552441,0.));
#6700=CARTESIAN_POINT('',(0.487727175972113,3.49437614097078,0.));
#6701=CARTESIAN_POINT('',(0.490135508757628,3.49453675806561,0.));
#6702=CARTESIAN_POINT('',(0.490135508757628,3.49453675806561,0.006));
#6703=CARTESIAN_POINT('',(0.490135508757628,3.49453675806561,0.006));
#6704=CARTESIAN_POINT('',(0.490135508757628,3.49453675806561,0.006));
#6705=CARTESIAN_POINT('',(0.490003540998573,3.49446367048536,0.006));
#6706=CARTESIAN_POINT('',(0.489218227444682,3.49414702552441,0.006));
#6707=CARTESIAN_POINT('',(0.487727175972113,3.49437614097078,0.006));
#6708=CARTESIAN_POINT('',(0.490639091057615,3.49481565657858,0.006));
#6709=CARTESIAN_POINT('',(0.490639091057615,3.49481565657858,0.));
#6710=CARTESIAN_POINT('',(0.491142673357602,3.49509455509155,0.));
#6711=CARTESIAN_POINT('',(0.491142673357602,3.49509455509155,0.006));
#6712=CARTESIAN_POINT('',(0.491142673357602,3.49509455509155,0.006));
#6713=CARTESIAN_POINT('',(0.490639091057615,3.49481565657858,0.006));
#6714=CARTESIAN_POINT('',(0.5,3.5,0.006));
#6715=CARTESIAN_POINT('',(0.5,3.5,0.));
#6716=CARTESIAN_POINT('',(0.492078407690127,3.49369412969716,0.));
#6717=CARTESIAN_POINT('',(0.492078407690127,3.49369412969716,0.006));
#6718=CARTESIAN_POINT('',(0.492078407690127,3.49369412969716,0.006));
#6719=CARTESIAN_POINT('',(0.5,3.5,0.006));
#6720=CARTESIAN_POINT('',(0.491628026459308,3.4933356101575,0.006));
#6721=CARTESIAN_POINT('',(0.491628026459308,3.4933356101575,0.));
#6722=CARTESIAN_POINT('',(0.491177645228489,3.49297709061783,0.));
#6723=CARTESIAN_POINT('',(0.491177645228489,3.49297709061783,0.006));
#6724=CARTESIAN_POINT('',(0.491177645228489,3.49297709061783,0.006));
#6725=CARTESIAN_POINT('',(0.491628026459308,3.4933356101575,0.006));
#6726=CARTESIAN_POINT('',(0.491177645228489,3.49297709061783,0.006));
#6727=CARTESIAN_POINT('',(0.491177645228489,3.49297709061783,0.));
#6728=CARTESIAN_POINT('',(0.491059619234023,3.49288313771236,0.006));
#6729=CARTESIAN_POINT('',(0.491059619234023,3.49288313771236,8.67361737988404E-19));
#6730=CARTESIAN_POINT('',(0.490466550949243,3.49227877737381,0.006));
#6731=CARTESIAN_POINT('',(0.490466550949243,3.49227877737381,8.67361737988404E-19));
#6732=CARTESIAN_POINT('',(0.490107625325372,3.49081354675096,0.006));
#6733=CARTESIAN_POINT('',(0.490107625325372,3.49081354675096,0.));
#6734=CARTESIAN_POINT('',(0.491177645228489,3.49297709061783,0.));
#6735=CARTESIAN_POINT('',(0.491059619234023,3.49288313771236,0.));
#6736=CARTESIAN_POINT('',(0.490466550949243,3.49227877737381,0.));
#6737=CARTESIAN_POINT('',(0.490107625325372,3.49081354675096,0.));
#6738=CARTESIAN_POINT('',(0.490107625325372,3.49081354675096,0.));
#6739=CARTESIAN_POINT('',(0.490107625325372,3.49081354675096,0.006));
#6740=CARTESIAN_POINT('',(0.490107625325372,3.49081354675096,0.006));
#6741=CARTESIAN_POINT('',(0.491177645228489,3.49297709061783,0.006));
#6742=CARTESIAN_POINT('',(0.491059619234023,3.49288313771236,0.006));
#6743=CARTESIAN_POINT('',(0.490466550949243,3.49227877737381,0.006));
#6744=CARTESIAN_POINT('',(0.490107625325372,3.49081354675096,0.006));
#6745=CARTESIAN_POINT('',(0.5,3.5,0.006));
#6746=CARTESIAN_POINT('',(0.5,3.5,0.));
#6747=CARTESIAN_POINT('',(0.490813546750961,3.49010762532537,0.));
#6748=CARTESIAN_POINT('',(0.490813546750961,3.49010762532537,0.006));
#6749=CARTESIAN_POINT('',(0.490813546750961,3.49010762532537,0.006));
#6750=CARTESIAN_POINT('',(0.5,3.5,0.006));
#6751=CARTESIAN_POINT('',(0.492977090617831,3.49117764522849,0.006));
#6752=CARTESIAN_POINT('',(0.492977090617831,3.49117764522849,0.));
#6753=CARTESIAN_POINT('',(0.49288313771236,3.49105961923403,0.006));
#6754=CARTESIAN_POINT('',(0.49288313771236,3.49105961923403,8.67361737988404E-19));
#6755=CARTESIAN_POINT('',(0.492278777373813,3.49046655094924,0.006));
#6756=CARTESIAN_POINT('',(0.492278777373813,3.49046655094924,8.67361737988404E-19));
#6757=CARTESIAN_POINT('',(0.490813546750961,3.49010762532537,0.006));
#6758=CARTESIAN_POINT('',(0.490813546750961,3.49010762532537,0.));
#6759=CARTESIAN_POINT('',(0.492977090617831,3.49117764522849,0.));
#6760=CARTESIAN_POINT('',(0.49288313771236,3.49105961923403,0.));
#6761=CARTESIAN_POINT('',(0.492278777373813,3.49046655094924,0.));
#6762=CARTESIAN_POINT('',(0.490813546750961,3.49010762532537,0.));
#6763=CARTESIAN_POINT('',(0.492977090617831,3.49117764522849,0.));
#6764=CARTESIAN_POINT('',(0.492977090617831,3.49117764522849,0.006));
#6765=CARTESIAN_POINT('',(0.492977090617831,3.49117764522849,0.006));
#6766=CARTESIAN_POINT('',(0.492977090617831,3.49117764522849,0.006));
#6767=CARTESIAN_POINT('',(0.49288313771236,3.49105961923403,0.006));
#6768=CARTESIAN_POINT('',(0.492278777373813,3.49046655094924,0.006));
#6769=CARTESIAN_POINT('',(0.490813546750961,3.49010762532537,0.006));
#6770=CARTESIAN_POINT('',(0.493335610157499,3.49162802645931,0.006));
#6771=CARTESIAN_POINT('',(0.493335610157499,3.49162802645931,0.));
#6772=CARTESIAN_POINT('',(0.493694129697167,3.49207840769013,0.));
#6773=CARTESIAN_POINT('',(0.493694129697167,3.49207840769013,0.006));
#6774=CARTESIAN_POINT('',(0.493694129697167,3.49207840769013,0.006));
#6775=CARTESIAN_POINT('',(0.493335610157499,3.49162802645931,0.006));
#6776=CARTESIAN_POINT('',(0.5,3.5,0.006));
#6777=CARTESIAN_POINT('',(0.5,3.5,0.));
#6778=CARTESIAN_POINT('',(0.495094555091547,3.4911426733576,0.));
#6779=CARTESIAN_POINT('',(0.495094555091547,3.4911426733576,0.006));
#6780=CARTESIAN_POINT('',(0.495094555091547,3.4911426733576,0.006));
#6781=CARTESIAN_POINT('',(0.5,3.5,0.006));
#6782=CARTESIAN_POINT('',(0.494815656578576,3.49063909105762,0.006));
#6783=CARTESIAN_POINT('',(0.494815656578576,3.49063909105762,0.));
#6784=CARTESIAN_POINT('',(0.494536758065605,3.49013550875763,0.));
#6785=CARTESIAN_POINT('',(0.494536758065605,3.49013550875763,0.006));
#6786=CARTESIAN_POINT('',(0.494536758065605,3.49013550875763,0.006));
#6787=CARTESIAN_POINT('',(0.494815656578576,3.49063909105762,0.006));
#6788=CARTESIAN_POINT('',(0.494536758065605,3.49013550875763,0.006));
#6789=CARTESIAN_POINT('',(0.494536758065605,3.49013550875763,0.));
#6790=CARTESIAN_POINT('',(0.49446367048536,3.49000354099858,0.006));
#6791=CARTESIAN_POINT('',(0.49446367048536,3.49000354099858,8.67361737988404E-19));
#6792=CARTESIAN_POINT('',(0.494147025524411,3.48921822744468,0.006));
#6793=CARTESIAN_POINT('',(0.494147025524411,3.48921822744468,8.67361737988404E-19));
#6794=CARTESIAN_POINT('',(0.494376140970782,3.48772717597211,0.006));
#6795=CARTESIAN_POINT('',(0.494376140970782,3.48772717597211,0.));
#6796=CARTESIAN_POINT('',(0.494536758065605,3.49013550875763,0.));
#6797=CARTESIAN_POINT('',(0.49446367048536,3.49000354099858,0.));
#6798=CARTESIAN_POINT('',(0.494147025524411,3.48921822744468,0.));
#6799=CARTESIAN_POINT('',(0.494376140970782,3.48772717597211,0.));
#6800=CARTESIAN_POINT('',(0.494376140970782,3.48772717597211,0.));
#6801=CARTESIAN_POINT('',(0.494376140970782,3.48772717597211,0.006));
#6802=CARTESIAN_POINT('',(0.494376140970782,3.48772717597211,0.006));
#6803=CARTESIAN_POINT('',(0.494536758065605,3.49013550875763,0.006));
#6804=CARTESIAN_POINT('',(0.49446367048536,3.49000354099858,0.006));
#6805=CARTESIAN_POINT('',(0.494147025524411,3.48921822744468,0.006));
#6806=CARTESIAN_POINT('',(0.494376140970782,3.48772717597211,0.006));
#6807=CARTESIAN_POINT('',(0.5,3.5,0.006));
#6808=CARTESIAN_POINT('',(0.5,3.5,0.));
#6809=CARTESIAN_POINT('',(0.495298471761569,3.48734513404957,0.));
#6810=CARTESIAN_POINT('',(0.495298471761569,3.48734513404957,0.006));
#6811=CARTESIAN_POINT('',(0.495298471761569,3.48734513404957,0.006));
#6812=CARTESIAN_POINT('',(0.5,3.5,0.006));
#6813=CARTESIAN_POINT('',(0.496887846768637,3.48916165593049,0.006));
#6814=CARTESIAN_POINT('',(0.496887846768637,3.48916165593049,0.));
#6815=CARTESIAN_POINT('',(0.496846212194923,3.48901665990955,0.006));
#6816=CARTESIAN_POINT('',(0.496846212194923,3.48901665990955,8.67361737988404E-19));
#6817=CARTESIAN_POINT('',(0.496514813454724,3.48823745757112,0.006));
#6818=CARTESIAN_POINT('',(0.496514813454724,3.48823745757112,8.67361737988404E-19));
#6819=CARTESIAN_POINT('',(0.495298471761569,3.48734513404957,0.006));
#6820=CARTESIAN_POINT('',(0.495298471761569,3.48734513404957,0.));
#6821=CARTESIAN_POINT('',(0.496887846768637,3.48916165593049,0.));
#6822=CARTESIAN_POINT('',(0.496846212194923,3.48901665990955,0.));
#6823=CARTESIAN_POINT('',(0.496514813454724,3.48823745757112,0.));
#6824=CARTESIAN_POINT('',(0.495298471761569,3.48734513404957,0.));
#6825=CARTESIAN_POINT('',(0.496887846768637,3.48916165593049,0.));
#6826=CARTESIAN_POINT('',(0.496887846768637,3.48916165593049,0.006));
#6827=CARTESIAN_POINT('',(0.496887846768637,3.48916165593049,0.006));
#6828=CARTESIAN_POINT('',(0.496887846768637,3.48916165593049,0.006));
#6829=CARTESIAN_POINT('',(0.496846212194923,3.48901665990955,0.006));
#6830=CARTESIAN_POINT('',(0.496514813454724,3.48823745757112,0.006));
#6831=CARTESIAN_POINT('',(0.495298471761569,3.48734513404957,0.006));
#6832=CARTESIAN_POINT('',(0.497046722198059,3.48971495341948,0.006));
#6833=CARTESIAN_POINT('',(0.497046722198059,3.48971495341948,0.));
#6834=CARTESIAN_POINT('',(0.497205597627481,3.49026825090847,0.));
#6835=CARTESIAN_POINT('',(0.497205597627481,3.49026825090847,0.006));
#6836=CARTESIAN_POINT('',(0.497205597627481,3.49026825090847,0.006));
#6837=CARTESIAN_POINT('',(0.497046722198059,3.48971495341948,0.006));
#6838=CARTESIAN_POINT('',(0.5,3.5,0.006));
#6839=CARTESIAN_POINT('',(0.5,3.5,0.));
#6840=CARTESIAN_POINT('',(0.49885751201231,3.48993966470747,0.));
#6841=CARTESIAN_POINT('',(0.49885751201231,3.48993966470747,0.006));
#6842=CARTESIAN_POINT('',(0.49885751201231,3.48993966470747,0.006));
#6843=CARTESIAN_POINT('',(0.5,3.5,0.006));
#6844=CARTESIAN_POINT('',(0.498792555987566,3.48936768548736,0.006));
#6845=CARTESIAN_POINT('',(0.498792555987566,3.48936768548736,0.));
#6846=CARTESIAN_POINT('',(0.498727599962822,3.48879570626724,0.));
#6847=CARTESIAN_POINT('',(0.498727599962822,3.48879570626724,0.006));
#6848=CARTESIAN_POINT('',(0.498727599962822,3.48879570626724,0.006));
#6849=CARTESIAN_POINT('',(0.498792555987566,3.48936768548736,0.006));
#6850=CARTESIAN_POINT('',(0.498727599962822,3.48879570626724,0.006));
#6851=CARTESIAN_POINT('',(0.498727599962822,3.48879570626724,0.));
#6852=CARTESIAN_POINT('',(0.498710577718349,3.48864581454963,0.006));
#6853=CARTESIAN_POINT('',(0.498710577718349,3.48864581454963,8.67361737988404E-19));
#6854=CARTESIAN_POINT('',(0.498718562406141,3.48779910465009,0.006));
#6855=CARTESIAN_POINT('',(0.498718562406141,3.48779910465009,8.67361737988404E-19));
#6856=CARTESIAN_POINT('',(0.499500838172982,3.48650923139808,0.006));
#6857=CARTESIAN_POINT('',(0.499500838172982,3.48650923139808,0.));
#6858=CARTESIAN_POINT('',(0.498727599962822,3.48879570626724,0.));
#6859=CARTESIAN_POINT('',(0.498710577718349,3.48864581454963,0.));
#6860=CARTESIAN_POINT('',(0.498718562406141,3.48779910465009,0.));
#6861=CARTESIAN_POINT('',(0.499500838172982,3.48650923139808,0.));
#6862=CARTESIAN_POINT('',(0.499500838172982,3.48650923139808,0.));
#6863=CARTESIAN_POINT('',(0.499500838172982,3.48650923139808,0.006));
#6864=CARTESIAN_POINT('',(0.499500838172982,3.48650923139808,0.006));
#6865=CARTESIAN_POINT('',(0.498727599962822,3.48879570626724,0.006));
#6866=CARTESIAN_POINT('',(0.498710577718349,3.48864581454963,0.006));
#6867=CARTESIAN_POINT('',(0.498718562406141,3.48779910465009,0.006));
#6868=CARTESIAN_POINT('',(0.499500838172982,3.48650923139808,0.006));
#6869=CARTESIAN_POINT('',(0.5,3.5,0.006));
#6870=CARTESIAN_POINT('',(0.5,3.5,0.));
#6871=CARTESIAN_POINT('',(0.500499161827019,3.48650923139808,0.));
#6872=CARTESIAN_POINT('',(0.500499161827019,3.48650923139808,0.006));
#6873=CARTESIAN_POINT('',(0.500499161827019,3.48650923139808,0.006));
#6874=CARTESIAN_POINT('',(0.5,3.5,0.006));
#6875=CARTESIAN_POINT('',(0.501272400037178,3.48879570626724,0.006));
#6876=CARTESIAN_POINT('',(0.501272400037178,3.48879570626724,0.));
#6877=CARTESIAN_POINT('',(0.501289422281651,3.48864581454963,0.006));
#6878=CARTESIAN_POINT('',(0.501289422281651,3.48864581454963,8.67361737988404E-19));
#6879=CARTESIAN_POINT('',(0.501281437593859,3.48779910465009,0.006));
#6880=CARTESIAN_POINT('',(0.501281437593859,3.48779910465009,8.67361737988404E-19));
#6881=CARTESIAN_POINT('',(0.500499161827019,3.48650923139808,0.006));
#6882=CARTESIAN_POINT('',(0.500499161827019,3.48650923139808,0.));
#6883=CARTESIAN_POINT('',(0.501272400037178,3.48879570626724,0.));
#6884=CARTESIAN_POINT('',(0.501289422281651,3.48864581454963,0.));
#6885=CARTESIAN_POINT('',(0.501281437593859,3.48779910465009,0.));
#6886=CARTESIAN_POINT('',(0.500499161827019,3.48650923139808,0.));
#6887=CARTESIAN_POINT('',(0.501272400037178,3.48879570626724,0.));
#6888=CARTESIAN_POINT('',(0.501272400037178,3.48879570626724,0.006));
#6889=CARTESIAN_POINT('',(0.501272400037178,3.48879570626724,0.006));
#6890=CARTESIAN_POINT('',(0.501272400037178,3.48879570626724,0.006));
#6891=CARTESIAN_POINT('',(0.501289422281651,3.48864581454963,0.006));
#6892=CARTESIAN_POINT('',(0.501281437593859,3.48779910465009,0.006));
#6893=CARTESIAN_POINT('',(0.500499161827019,3.48650923139808,0.006));
#6894=CARTESIAN_POINT('',(0.501207444012434,3.48936768548736,0.006));
#6895=CARTESIAN_POINT('',(0.501207444012434,3.48936768548736,0.));
#6896=CARTESIAN_POINT('',(0.501142487987691,3.48993966470747,0.));
#6897=CARTESIAN_POINT('',(0.501142487987691,3.48993966470747,0.006));
#6898=CARTESIAN_POINT('',(0.501142487987691,3.48993966470747,0.006));
#6899=CARTESIAN_POINT('',(0.501207444012434,3.48936768548736,0.006));
#6900=CARTESIAN_POINT('',(0.5,3.5,0.006));
#6901=CARTESIAN_POINT('',(0.5,3.5,0.));
#6902=CARTESIAN_POINT('',(0.502794402372519,3.49026825090847,0.));
#6903=CARTESIAN_POINT('',(0.502794402372519,3.49026825090847,0.006));
#6904=CARTESIAN_POINT('',(0.502794402372519,3.49026825090847,0.006));
#6905=CARTESIAN_POINT('',(0.5,3.5,0.006));
#6906=CARTESIAN_POINT('',(0.502953277801941,3.48971495341948,0.006));
#6907=CARTESIAN_POINT('',(0.502953277801941,3.48971495341948,0.));
#6908=CARTESIAN_POINT('',(0.503112153231363,3.48916165593049,0.));
#6909=CARTESIAN_POINT('',(0.503112153231363,3.48916165593049,0.006));
#6910=CARTESIAN_POINT('',(0.503112153231363,3.48916165593049,0.006));
#6911=CARTESIAN_POINT('',(0.502953277801941,3.48971495341948,0.006));
#6912=CARTESIAN_POINT('',(0.503112153231363,3.48916165593049,0.006));
#6913=CARTESIAN_POINT('',(0.503112153231363,3.48916165593049,0.));
#6914=CARTESIAN_POINT('',(0.503153787805077,3.48901665990955,0.006));
#6915=CARTESIAN_POINT('',(0.503153787805077,3.48901665990955,8.67361737988404E-19));
#6916=CARTESIAN_POINT('',(0.503485186545276,3.48823745757112,0.006));
#6917=CARTESIAN_POINT('',(0.503485186545276,3.48823745757112,8.67361737988404E-19));
#6918=CARTESIAN_POINT('',(0.504701528238431,3.48734513404957,0.006));
#6919=CARTESIAN_POINT('',(0.504701528238431,3.48734513404957,0.));
#6920=CARTESIAN_POINT('',(0.503112153231363,3.48916165593049,0.));
#6921=CARTESIAN_POINT('',(0.503153787805077,3.48901665990955,0.));
#6922=CARTESIAN_POINT('',(0.503485186545276,3.48823745757112,0.));
#6923=CARTESIAN_POINT('',(0.504701528238431,3.48734513404957,0.));
#6924=CARTESIAN_POINT('',(0.504701528238431,3.48734513404957,0.));
#6925=CARTESIAN_POINT('',(0.504701528238431,3.48734513404957,0.006));
#6926=CARTESIAN_POINT('',(0.504701528238431,3.48734513404957,0.006));
#6927=CARTESIAN_POINT('',(0.503112153231363,3.48916165593049,0.006));
#6928=CARTESIAN_POINT('',(0.503153787805077,3.48901665990955,0.006));
#6929=CARTESIAN_POINT('',(0.503485186545276,3.48823745757112,0.006));
#6930=CARTESIAN_POINT('',(0.504701528238431,3.48734513404957,0.006));
#6931=CARTESIAN_POINT('',(0.5,3.5,0.006));
#6932=CARTESIAN_POINT('',(0.5,3.5,0.));
#6933=CARTESIAN_POINT('',(0.505623859029218,3.48772717597211,0.));
#6934=CARTESIAN_POINT('',(0.505623859029218,3.48772717597211,0.006));
#6935=CARTESIAN_POINT('',(0.505623859029218,3.48772717597211,0.006));
#6936=CARTESIAN_POINT('',(0.5,3.5,0.006));
#6937=CARTESIAN_POINT('',(0.505463241934395,3.49013550875763,0.006));
#6938=CARTESIAN_POINT('',(0.505463241934395,3.49013550875763,0.));
#6939=CARTESIAN_POINT('',(0.50553632951464,3.49000354099858,0.006));
#6940=CARTESIAN_POINT('',(0.50553632951464,3.49000354099858,8.67361737988404E-19));
#6941=CARTESIAN_POINT('',(0.50585297447559,3.48921822744468,0.006));
#6942=CARTESIAN_POINT('',(0.50585297447559,3.48921822744468,8.67361737988404E-19));
#6943=CARTESIAN_POINT('',(0.505623859029218,3.48772717597211,0.006));
#6944=CARTESIAN_POINT('',(0.505623859029218,3.48772717597211,0.));
#6945=CARTESIAN_POINT('',(0.505463241934395,3.49013550875763,0.));
#6946=CARTESIAN_POINT('',(0.50553632951464,3.49000354099858,0.));
#6947=CARTESIAN_POINT('',(0.50585297447559,3.48921822744468,0.));
#6948=CARTESIAN_POINT('',(0.505623859029218,3.48772717597211,0.));
#6949=CARTESIAN_POINT('',(0.505463241934395,3.49013550875763,0.));
#6950=CARTESIAN_POINT('',(0.505463241934395,3.49013550875763,0.006));
#6951=CARTESIAN_POINT('',(0.505463241934395,3.49013550875763,0.006));
#6952=CARTESIAN_POINT('',(0.505463241934395,3.49013550875763,0.006));
#6953=CARTESIAN_POINT('',(0.50553632951464,3.49000354099858,0.006));
#6954=CARTESIAN_POINT('',(0.50585297447559,3.48921822744468,0.006));
#6955=CARTESIAN_POINT('',(0.505623859029218,3.48772717597211,0.006));
#6956=CARTESIAN_POINT('',(0.505184343421424,3.49063909105762,0.006));
#6957=CARTESIAN_POINT('',(0.505184343421424,3.49063909105762,0.));
#6958=CARTESIAN_POINT('',(0.504905444908454,3.4911426733576,0.));
#6959=CARTESIAN_POINT('',(0.504905444908454,3.4911426733576,0.006));
#6960=CARTESIAN_POINT('',(0.504905444908454,3.4911426733576,0.006));
#6961=CARTESIAN_POINT('',(0.505184343421424,3.49063909105762,0.006));
#6962=CARTESIAN_POINT('',(0.5,3.5,0.006));
#6963=CARTESIAN_POINT('',(0.5,3.5,0.));
#6964=CARTESIAN_POINT('',(0.506305870302833,3.49207840769013,0.));
#6965=CARTESIAN_POINT('',(0.506305870302833,3.49207840769013,0.006));
#6966=CARTESIAN_POINT('',(0.506305870302833,3.49207840769013,0.006));
#6967=CARTESIAN_POINT('',(0.5,3.5,0.006));
#6968=CARTESIAN_POINT('',(0.506664389842501,3.49162802645931,0.006));
#6969=CARTESIAN_POINT('',(0.506664389842501,3.49162802645931,0.));
#6970=CARTESIAN_POINT('',(0.507022909382169,3.49117764522849,0.));
#6971=CARTESIAN_POINT('',(0.507022909382169,3.49117764522849,0.006));
#6972=CARTESIAN_POINT('',(0.507022909382169,3.49117764522849,0.006));
#6973=CARTESIAN_POINT('',(0.506664389842501,3.49162802645931,0.006));
#6974=CARTESIAN_POINT('',(0.507022909382169,3.49117764522849,0.006));
#6975=CARTESIAN_POINT('',(0.507022909382169,3.49117764522849,0.));
#6976=CARTESIAN_POINT('',(0.50711686228764,3.49105961923403,0.006));
#6977=CARTESIAN_POINT('',(0.50711686228764,3.49105961923403,8.67361737988404E-19));
#6978=CARTESIAN_POINT('',(0.507721222626187,3.49046655094924,0.006));
#6979=CARTESIAN_POINT('',(0.507721222626187,3.49046655094924,8.67361737988404E-19));
#6980=CARTESIAN_POINT('',(0.509186453249039,3.49010762532537,0.006));
#6981=CARTESIAN_POINT('',(0.509186453249039,3.49010762532537,0.));
#6982=CARTESIAN_POINT('',(0.507022909382169,3.49117764522849,0.));
#6983=CARTESIAN_POINT('',(0.50711686228764,3.49105961923403,0.));
#6984=CARTESIAN_POINT('',(0.507721222626187,3.49046655094924,0.));
#6985=CARTESIAN_POINT('',(0.509186453249039,3.49010762532537,0.));
#6986=CARTESIAN_POINT('',(0.509186453249039,3.49010762532537,0.));
#6987=CARTESIAN_POINT('',(0.509186453249039,3.49010762532537,0.006));
#6988=CARTESIAN_POINT('',(0.509186453249039,3.49010762532537,0.006));
#6989=CARTESIAN_POINT('',(0.507022909382169,3.49117764522849,0.006));
#6990=CARTESIAN_POINT('',(0.50711686228764,3.49105961923403,0.006));
#6991=CARTESIAN_POINT('',(0.507721222626187,3.49046655094924,0.006));
#6992=CARTESIAN_POINT('',(0.509186453249039,3.49010762532537,0.006));
#6993=CARTESIAN_POINT('',(0.5,3.5,0.006));
#6994=CARTESIAN_POINT('',(0.5,3.5,0.));
#6995=CARTESIAN_POINT('',(0.509892374674628,3.49081354675096,0.));
#6996=CARTESIAN_POINT('',(0.509892374674628,3.49081354675096,0.006));
#6997=CARTESIAN_POINT('',(0.509892374674628,3.49081354675096,0.006));
#6998=CARTESIAN_POINT('',(0.5,3.5,0.006));
#6999=CARTESIAN_POINT('',(0.508822354771511,3.49297709061783,0.006));
#7000=CARTESIAN_POINT('',(0.508822354771511,3.49297709061783,0.));
#7001=CARTESIAN_POINT('',(0.508940380765977,3.49288313771236,0.006));
#7002=CARTESIAN_POINT('',(0.508940380765977,3.49288313771236,8.67361737988404E-19));
#7003=CARTESIAN_POINT('',(0.509533449050757,3.49227877737381,0.006));
#7004=CARTESIAN_POINT('',(0.509533449050757,3.49227877737381,8.67361737988404E-19));
#7005=CARTESIAN_POINT('',(0.509892374674628,3.49081354675096,0.006));
#7006=CARTESIAN_POINT('',(0.509892374674628,3.49081354675096,0.));
#7007=CARTESIAN_POINT('',(0.508822354771511,3.49297709061783,0.));
#7008=CARTESIAN_POINT('',(0.508940380765977,3.49288313771236,0.));
#7009=CARTESIAN_POINT('',(0.509533449050757,3.49227877737381,0.));
#7010=CARTESIAN_POINT('',(0.509892374674628,3.49081354675096,0.));
#7011=CARTESIAN_POINT('',(0.508822354771511,3.49297709061783,0.));
#7012=CARTESIAN_POINT('',(0.508822354771511,3.49297709061783,0.006));
#7013=CARTESIAN_POINT('',(0.508822354771511,3.49297709061783,0.006));
#7014=CARTESIAN_POINT('',(0.508822354771511,3.49297709061783,0.006));
#7015=CARTESIAN_POINT('',(0.508940380765977,3.49288313771236,0.006));
#7016=CARTESIAN_POINT('',(0.509533449050757,3.49227877737381,0.006));
#7017=CARTESIAN_POINT('',(0.509892374674628,3.49081354675096,0.006));
#7018=CARTESIAN_POINT('',(0.508371973540692,3.4933356101575,0.006));
#7019=CARTESIAN_POINT('',(0.508371973540692,3.4933356101575,0.));
#7020=CARTESIAN_POINT('',(0.507921592309873,3.49369412969716,0.));
#7021=CARTESIAN_POINT('',(0.507921592309873,3.49369412969716,0.006));
#7022=CARTESIAN_POINT('',(0.507921592309873,3.49369412969716,0.006));
#7023=CARTESIAN_POINT('',(0.508371973540692,3.4933356101575,0.006));
#7024=CARTESIAN_POINT('',(0.5,3.5,0.006));
#7025=CARTESIAN_POINT('',(0.5,3.5,0.));
#7026=CARTESIAN_POINT('',(0.508857326642398,3.49509455509155,0.));
#7027=CARTESIAN_POINT('',(0.508857326642398,3.49509455509155,0.006));
#7028=CARTESIAN_POINT('',(0.508857326642398,3.49509455509155,0.006));
#7029=CARTESIAN_POINT('',(0.5,3.5,0.006));
#7030=CARTESIAN_POINT('',(0.509360908942385,3.49481565657858,0.006));
#7031=CARTESIAN_POINT('',(0.509360908942385,3.49481565657858,0.));
#7032=CARTESIAN_POINT('',(0.509864491242372,3.49453675806561,0.));
#7033=CARTESIAN_POINT('',(0.509864491242372,3.49453675806561,0.006));
#7034=CARTESIAN_POINT('',(0.509864491242372,3.49453675806561,0.006));
#7035=CARTESIAN_POINT('',(0.509360908942385,3.49481565657858,0.006));
#7036=CARTESIAN_POINT('',(0.509864491242372,3.49453675806561,0.006));
#7037=CARTESIAN_POINT('',(0.509864491242372,3.49453675806561,0.));
#7038=CARTESIAN_POINT('',(0.509996459001427,3.49446367048536,0.006));
#7039=CARTESIAN_POINT('',(0.509996459001427,3.49446367048536,8.67361737988404E-19));
#7040=CARTESIAN_POINT('',(0.510781772555318,3.49414702552441,0.006));
#7041=CARTESIAN_POINT('',(0.510781772555318,3.49414702552441,8.67361737988404E-19));
#7042=CARTESIAN_POINT('',(0.512272824027887,3.49437614097078,0.006));
#7043=CARTESIAN_POINT('',(0.512272824027887,3.49437614097078,0.));
#7044=CARTESIAN_POINT('',(0.509864491242372,3.49453675806561,0.));
#7045=CARTESIAN_POINT('',(0.509996459001427,3.49446367048536,0.));
#7046=CARTESIAN_POINT('',(0.510781772555318,3.49414702552441,0.));
#7047=CARTESIAN_POINT('',(0.512272824027887,3.49437614097078,0.));
#7048=CARTESIAN_POINT('',(0.512272824027887,3.49437614097078,0.));
#7049=CARTESIAN_POINT('',(0.512272824027887,3.49437614097078,0.006));
#7050=CARTESIAN_POINT('',(0.512272824027887,3.49437614097078,0.006));
#7051=CARTESIAN_POINT('',(0.509864491242372,3.49453675806561,0.006));
#7052=CARTESIAN_POINT('',(0.509996459001427,3.49446367048536,0.006));
#7053=CARTESIAN_POINT('',(0.510781772555318,3.49414702552441,0.006));
#7054=CARTESIAN_POINT('',(0.512272824027887,3.49437614097078,0.006));
#7055=CARTESIAN_POINT('',(0.5,3.5,0.006));
#7056=CARTESIAN_POINT('',(0.5,3.5,0.));
#7057=CARTESIAN_POINT('',(0.512654865950425,3.49529847176157,0.));
#7058=CARTESIAN_POINT('',(0.512654865950425,3.49529847176157,0.006));
#7059=CARTESIAN_POINT('',(0.512654865950425,3.49529847176157,0.006));
#7060=CARTESIAN_POINT('',(0.5,3.5,0.006));
#7061=CARTESIAN_POINT('',(0.51083834406951,3.49688784676863,0.006));
#7062=CARTESIAN_POINT('',(0.51083834406951,3.49688784676863,0.));
#7063=CARTESIAN_POINT('',(0.510983340090448,3.49684621219493,0.006));
#7064=CARTESIAN_POINT('',(0.510983340090448,3.49684621219493,8.67361737988404E-19));
#7065=CARTESIAN_POINT('',(0.511762542428878,3.49651481345472,0.006));
#7066=CARTESIAN_POINT('',(0.511762542428878,3.49651481345472,8.67361737988404E-19));
#7067=CARTESIAN_POINT('',(0.512654865950425,3.49529847176157,0.006));
#7068=CARTESIAN_POINT('',(0.512654865950425,3.49529847176157,0.));
#7069=CARTESIAN_POINT('',(0.51083834406951,3.49688784676863,0.));
#7070=CARTESIAN_POINT('',(0.510983340090448,3.49684621219493,0.));
#7071=CARTESIAN_POINT('',(0.511762542428878,3.49651481345472,0.));
#7072=CARTESIAN_POINT('',(0.512654865950425,3.49529847176157,0.));
#7073=CARTESIAN_POINT('',(0.51083834406951,3.49688784676863,0.));
#7074=CARTESIAN_POINT('',(0.51083834406951,3.49688784676863,0.006));
#7075=CARTESIAN_POINT('',(0.51083834406951,3.49688784676863,0.006));
#7076=CARTESIAN_POINT('',(0.51083834406951,3.49688784676863,0.006));
#7077=CARTESIAN_POINT('',(0.510983340090448,3.49684621219493,0.006));
#7078=CARTESIAN_POINT('',(0.511762542428878,3.49651481345472,0.006));
#7079=CARTESIAN_POINT('',(0.512654865950425,3.49529847176157,0.006));
#7080=CARTESIAN_POINT('',(0.510285046580519,3.49704672219806,0.006));
#7081=CARTESIAN_POINT('',(0.510285046580519,3.49704672219806,0.));
#7082=CARTESIAN_POINT('',(0.510285046580519,3.49704672219806,0.006));
#7083=CARTESIAN_POINT('',(0.5,3.5,0.006));
#7084=CARTESIAN_POINT('',(0.5,3.5,0.006));
#7085=CARTESIAN_POINT('',(0.506025,3.5,0.006));
#7086=CARTESIAN_POINT('',(0.5,3.5,0.));
#7087=CARTESIAN_POINT('',(0.5,3.5,0.));
#7088=CARTESIAN_POINT('',(0.502525,3.5,0.));
#7089=CARTESIAN_POINT('',(0.5,3.5,0.012));
#7090=CARTESIAN_POINT('',(0.5,3.5,0.012));
#7091=CARTESIAN_POINT('',(0.506025,3.5,0.012));
#7092=CARTESIAN_POINT('',(0.5,3.5,0.012));
#7093=CARTESIAN_POINT('',(0.5,3.5,0.012));
#7094=CARTESIAN_POINT('',(0.502525,3.5,0.012));
#7095=CARTESIAN_POINT('',(0.5,3.5,0.012));
#7096=CARTESIAN_POINT('',(0.,0.,0.));
#7097=CARTESIAN_POINT('',(1.25,4.26,0.004));
#7098=CARTESIAN_POINT('',(1.25,4.25,0.004));
#7099=CARTESIAN_POINT('',(1.25,4.25,0.008));
#7100=CARTESIAN_POINT('',(1.25,4.25,0.));
#7101=CARTESIAN_POINT('',(1.25,4.26,0.008));
#7102=CARTESIAN_POINT('',(1.25,4.26,0.008));
#7103=CARTESIAN_POINT('',(1.25,4.26,0.004));
#7104=CARTESIAN_POINT('',(1.25,4.26,0.));
#7105=CARTESIAN_POINT('',(1.25,4.26,0.));
#7106=CARTESIAN_POINT('',(1.26,4.26,0.));
#7107=CARTESIAN_POINT('',(1.255,4.255,0.));
#7108=CARTESIAN_POINT('',(1.257025,4.255,0.));
#7109=CARTESIAN_POINT('',(1.26,4.25,0.));
#7110=CARTESIAN_POINT('',(1.27,4.25,0.));
#7111=CARTESIAN_POINT('',(1.26,4.26,0.));
#7112=CARTESIAN_POINT('',(1.27,4.26,0.));
#7113=CARTESIAN_POINT('',(1.27,4.26,0.));
#7114=CARTESIAN_POINT('',(1.27,4.25,0.));
#7115=CARTESIAN_POINT('',(1.26935384615385,4.25,0.00516923076923075));
#7116=CARTESIAN_POINT('',(1.269,4.25,0.008));
#7117=CARTESIAN_POINT('',(1.26935384615385,4.26,0.00516923076923075));
#7118=CARTESIAN_POINT('',(1.269,4.26,0.008));
#7119=CARTESIAN_POINT('',(1.269,4.25,0.008));
#7120=CARTESIAN_POINT('',(1.259,4.26,0.008));
#7121=CARTESIAN_POINT('',(1.255,4.255,0.008));
#7122=CARTESIAN_POINT('',(1.257025,4.255,0.008));
#7123=CARTESIAN_POINT('',(1.259,4.25,0.008));
#7124=CARTESIAN_POINT('',(1.259,4.26,0.008));
#7125=CARTESIAN_POINT('',(1.26,4.26,0.004));
#7126=CARTESIAN_POINT('',(1.26,4.25,0.004));
#7127=CARTESIAN_POINT('',(1.255,4.255,0.008));
#7128=CARTESIAN_POINT('',(0.,0.,0.));
#7129=CARTESIAN_POINT('',(1.008,4.260025,1.23995488413669E-19));
#7130=CARTESIAN_POINT('',(1.018025,4.260025,1.23995488413669E-19));
#7131=CARTESIAN_POINT('',(1.016,4.260025,-2.40741243048404E-35));
#7132=CARTESIAN_POINT('',(1.008,4.25,1.23995488413669E-19));
#7133=CARTESIAN_POINT('',(1.008,4.252025,-2.40741243048404E-35));
#7134=CARTESIAN_POINT('',(1.,4.25,1.23995488413669E-19));
#7135=CARTESIAN_POINT('',(1.,4.25,1.23995488413669E-19));
#7136=CARTESIAN_POINT('',(1.,4.252025,-2.40741243048404E-35));
#7137=CARTESIAN_POINT('',(1.018025,4.260025,0.));
#7138=CARTESIAN_POINT('',(1.,4.25,0.));
#7139=CARTESIAN_POINT('',(0.,0.,0.));
#7140=CARTESIAN_POINT('',(1.03,3.744975,0.003));
#7141=CARTESIAN_POINT('',(1.01,3.744975,0.003));
#7142=CARTESIAN_POINT('',(1.01,3.744975,0.006));
#7143=CARTESIAN_POINT('',(1.01,3.744975,0.));
#7144=CARTESIAN_POINT('',(1.03,3.744975,0.006));
#7145=CARTESIAN_POINT('',(1.,3.744975,0.006));
#7146=CARTESIAN_POINT('',(1.,3.744975,0.003));
#7147=CARTESIAN_POINT('',(1.,3.744975,0.));
#7148=CARTESIAN_POINT('',(1.03,3.744975,0.));
#7149=CARTESIAN_POINT('',(1.03,3.744975,0.003));
#7150=CARTESIAN_POINT('',(1.02,3.744975,0.003));
#7151=CARTESIAN_POINT('',(1.02,3.744975,0.));
#7152=CARTESIAN_POINT('',(1.02,3.744975,0.006));
#7153=CARTESIAN_POINT('',(1.03,3.744975,0.));
#7154=CARTESIAN_POINT('',(1.03,3.744975,0.));
#7155=CARTESIAN_POINT('',(1.03,3.744975,0.003));
#7156=CARTESIAN_POINT('',(1.03,3.744975,0.006));
#7157=CARTESIAN_POINT('',(1.03,3.744975,0.006));
#7158=CARTESIAN_POINT('',(1.03,3.755025,0.003));
#7159=CARTESIAN_POINT('',(1.02,3.755025,0.003));
#7160=CARTESIAN_POINT('',(1.02,3.755025,0.006));
#7161=CARTESIAN_POINT('',(1.02,3.755025,0.));
#7162=CARTESIAN_POINT('',(1.03,3.755025,0.006));
#7163=CARTESIAN_POINT('',(1.03,3.755025,0.006));
#7164=CARTESIAN_POINT('',(1.03,3.755025,0.003));
#7165=CARTESIAN_POINT('',(1.03,3.755025,0.));
#7166=CARTESIAN_POINT('',(1.03,3.755025,0.));
#7167=CARTESIAN_POINT('',(1.03,3.755025,0.003));
#7168=CARTESIAN_POINT('',(1.016,3.755025,0.003));
#7169=CARTESIAN_POINT('',(1.016,3.755025,0.));
#7170=CARTESIAN_POINT('',(1.016,3.755025,0.006));
#7171=CARTESIAN_POINT('',(1.03,3.755025,0.));
#7172=CARTESIAN_POINT('',(1.,3.755025,0.));
#7173=CARTESIAN_POINT('',(1.,3.755025,0.003));
#7174=CARTESIAN_POINT('',(1.,3.755025,0.006));
#7175=CARTESIAN_POINT('',(1.03,3.755025,0.006));
#7176=CARTESIAN_POINT('',(1.03,3.75,0.006));
#7177=CARTESIAN_POINT('',(1.02,3.75,0.006));
#7178=CARTESIAN_POINT('',(1.03,3.75,0.006));
#7179=CARTESIAN_POINT('',(1.03,3.75,0.006));
#7180=CARTESIAN_POINT('',(1.01,3.75,0.006));
#7181=CARTESIAN_POINT('',(1.01,3.746,0.0090414840127806));
#7182=CARTESIAN_POINT('',(1.03,3.746,0.0090414840127806));
#7183=CARTESIAN_POINT('',(1.016,3.746,0.0090414840127806));
#7184=CARTESIAN_POINT('',(1.016,3.75,0.006));
#7185=CARTESIAN_POINT('',(1.,3.75,0.006));
#7186=CARTESIAN_POINT('',(1.03,3.75,0.));
#7187=CARTESIAN_POINT('',(1.02,3.75,0.));
#7188=CARTESIAN_POINT('',(1.02,3.742,0.));
#7189=CARTESIAN_POINT('',(1.015,3.742,0.));
#7190=CARTESIAN_POINT('',(1.01,3.742,0.));
#7191=CARTESIAN_POINT('',(1.01,3.744,0.));
#7192=CARTESIAN_POINT('',(1.,3.75,0.));
#7193=CARTESIAN_POINT('',(1.016,3.752,0.));
#7194=CARTESIAN_POINT('',(1.016,3.758,0.));
#7195=CARTESIAN_POINT('',(1.018,3.758,0.));
#7196=CARTESIAN_POINT('',(1.02,3.758,0.));
#7197=CARTESIAN_POINT('',(1.02,3.75,0.));
#7198=CARTESIAN_POINT('',(1.03,3.75,0.));
#7199=CARTESIAN_POINT('',(1.03,3.75,0.0055125));
#7200=CARTESIAN_POINT('',(1.,3.75,0.0055125));
#7201=CARTESIAN_POINT('',(1.013,3.746,0.02));
#7202=CARTESIAN_POINT('',(1.016,3.746,0.02));
#7203=CARTESIAN_POINT('',(1.016,3.746,0.02));
#7204=CARTESIAN_POINT('',(1.01,3.746,0.02));
#7205=CARTESIAN_POINT('',(1.01,3.746,0.02));
#7206=CARTESIAN_POINT('',(1.013,3.746,0.02));
#7207=CARTESIAN_POINT('',(1.01,3.744,0.02));
#7208=CARTESIAN_POINT('',(1.01,3.742,0.02));
#7209=CARTESIAN_POINT('',(1.01,3.742,0.02));
#7210=CARTESIAN_POINT('',(1.01,3.744,0.02));
#7211=CARTESIAN_POINT('',(1.015,3.742,0.02));
#7212=CARTESIAN_POINT('',(1.02,3.742,0.02));
#7213=CARTESIAN_POINT('',(1.02,3.742,0.02));
#7214=CARTESIAN_POINT('',(1.015,3.742,0.02));
#7215=CARTESIAN_POINT('',(1.02,3.75,0.02));
#7216=CARTESIAN_POINT('',(1.02,3.758,0.02));
#7217=CARTESIAN_POINT('',(1.02,3.758,0.02));
#7218=CARTESIAN_POINT('',(1.02,3.75,0.02));
#7219=CARTESIAN_POINT('',(1.018,3.758,0.02));
#7220=CARTESIAN_POINT('',(1.016,3.758,0.02));
#7221=CARTESIAN_POINT('',(1.016,3.758,0.02));
#7222=CARTESIAN_POINT('',(1.018,3.758,0.02));
#7223=CARTESIAN_POINT('',(1.016,3.752,0.02));
#7224=CARTESIAN_POINT('',(1.016,3.752,0.02));
#7225=CARTESIAN_POINT('',(1.015,3.75,0.02));
#7226=CARTESIAN_POINT('',(0.,0.,0.));
#7227=CARTESIAN_POINT('',(0.,4.,0.02));
#7228=CARTESIAN_POINT('',(0.,4.,0.02));
#7229=CARTESIAN_POINT('',(0.005025,4.,0.02));
#7230=CARTESIAN_POINT('',(0.,4.,-0.02));
#7231=CARTESIAN_POINT('',(0.005025,4.,-0.02));
#7232=CARTESIAN_POINT('',(0.00482082089828496,4.00158862541399,0.00158548593290378));
#7233=CARTESIAN_POINT('',(0.00512703506051862,3.99999975260539,0.00224493650600631));
#7234=CARTESIAN_POINT('',(0.00482103885964055,3.99841236416445,0.00158476804307098));
#7235=CARTESIAN_POINT('',(0.0044878504062882,3.99775614503442,4.03913539780386E-6));
#7236=CARTESIAN_POINT('',(0.00482104058396808,3.99841306382511,-0.00158687139657172));
#7237=CARTESIAN_POINT('',(0.00512690021720859,3.99999652376281,-0.00224417081079604));
#7238=CARTESIAN_POINT('',(0.00482135570409256,4.00158774764348,-0.00158643830513003));
#7239=CARTESIAN_POINT('',(0.00448782553808588,4.00224340601766,-1.85037588839457E-6));
#7240=CARTESIAN_POINT('',(0.00482082089828496,4.00158862541399,0.00158548593290378));
#7241=CARTESIAN_POINT('',(0.00512703506051862,3.99999975260539,0.00224493650600631));
#7242=CARTESIAN_POINT('',(0.00482103885964055,3.99841236416445,0.00158476804307098));
#7243=CARTESIAN_POINT('',(0.005025,4.,0.002025));
#7244=CARTESIAN_POINT('',(-0.00482082089828495,3.99841137458601,0.00158548593290376));
#7245=CARTESIAN_POINT('',(-0.00512703506051865,4.00000024739461,0.00224493650600637));
#7246=CARTESIAN_POINT('',(-0.00482103885964044,4.00158763583555,0.00158476804307074));
#7247=CARTESIAN_POINT('',(-0.00448785040628822,4.00224385496558,4.03913539735393E-6));
#7248=CARTESIAN_POINT('',(-0.0048210405839681,4.00158693617489,-0.0015868713965717));
#7249=CARTESIAN_POINT('',(-0.00512690021720864,4.00000347623719,-0.0022441708107962));
#7250=CARTESIAN_POINT('',(-0.00482135570409235,3.99841225235651,-0.00158643830512941));
#7251=CARTESIAN_POINT('',(-0.00448782553808593,3.99775659398234,-1.85037588821505E-6));
#7252=CARTESIAN_POINT('',(-0.00482082089828495,3.99841137458601,0.00158548593290376));
#7253=CARTESIAN_POINT('',(-0.00512703506051865,4.00000024739461,0.00224493650600637));
#7254=CARTESIAN_POINT('',(-0.00482103885964044,4.00158763583555,0.00158476804307074));
#7255=CARTESIAN_POINT('',(-0.005025,4.,0.002025));
#7256=CARTESIAN_POINT('',(0.,4.,0.02));
#7257=CARTESIAN_POINT('',(0.,4.,-0.02));
#7258=CARTESIAN_POINT('',(0.01,4.,1.23995488413669E-19));
#7259=CARTESIAN_POINT('',(0.,0.,0.));
#7260=CARTESIAN_POINT('',(1.25,4.512,0.008));
#7261=CARTESIAN_POINT('',(1.25,4.501025,0.008));
#7262=CARTESIAN_POINT('',(1.25,4.501025,0.));
#7263=CARTESIAN_POINT('',(1.25,4.501025,0.006975));
#7264=CARTESIAN_POINT('',(1.25,4.512,0.006975));
#7265=CARTESIAN_POINT('',(1.25,4.522975,0.006975));
#7266=CARTESIAN_POINT('',(1.25,4.522975,0.008));
#7267=CARTESIAN_POINT('',(1.25,4.522975,0.));
#7268=CARTESIAN_POINT('',(1.25,4.512,0.));
#7269=CARTESIAN_POINT('',(1.266,4.5,0.008));
#7270=CARTESIAN_POINT('',(1.280975,4.5,0.008));
#7271=CARTESIAN_POINT('',(1.280975,4.5,0.));
#7272=CARTESIAN_POINT('',(1.280975,4.5,0.006975));
#7273=CARTESIAN_POINT('',(1.251025,4.5,0.006975));
#7274=CARTESIAN_POINT('',(1.251025,4.5,0.006975));
#7275=CARTESIAN_POINT('',(1.251025,4.5,0.));
#7276=CARTESIAN_POINT('',(1.251025,4.5,0.));
#7277=CARTESIAN_POINT('',(1.266,4.5,0.));
#7278=CARTESIAN_POINT('',(1.282,4.512,0.008));
#7279=CARTESIAN_POINT('',(1.282,4.522975,0.008));
#7280=CARTESIAN_POINT('',(1.282,4.522975,0.));
#7281=CARTESIAN_POINT('',(1.282,4.522975,0.006975));
#7282=CARTESIAN_POINT('',(1.282,4.501025,0.006975));
#7283=CARTESIAN_POINT('',(1.282,4.501025,0.006975));
#7284=CARTESIAN_POINT('',(1.282,4.501025,0.008));
#7285=CARTESIAN_POINT('',(1.282,4.501025,0.));
#7286=CARTESIAN_POINT('',(1.282,4.512,0.));
#7287=CARTESIAN_POINT('',(1.266,4.524,0.008));
#7288=CARTESIAN_POINT('',(1.251025,4.524,0.008));
#7289=CARTESIAN_POINT('',(1.251025,4.524,0.));
#7290=CARTESIAN_POINT('',(1.251025,4.524,0.006975));
#7291=CARTESIAN_POINT('',(1.266,4.524,0.006975));
#7292=CARTESIAN_POINT('',(1.280975,4.524,0.006975));
#7293=CARTESIAN_POINT('',(1.280975,4.524,0.));
#7294=CARTESIAN_POINT('',(1.280975,4.524,0.));
#7295=CARTESIAN_POINT('',(1.266,4.524,0.));
#7296=CARTESIAN_POINT('',(1.266,4.512,0.008));
#7297=CARTESIAN_POINT('',(1.280975,4.522975,0.008));
#7298=CARTESIAN_POINT('',(1.280975,4.501025,0.008));
#7299=CARTESIAN_POINT('',(1.280975,4.522975,0.008));
#7300=CARTESIAN_POINT('',(1.266,4.522975,0.008));
#7301=CARTESIAN_POINT('',(1.251025,4.522975,0.008));
#7302=CARTESIAN_POINT('',(1.251025,4.512,0.008));
#7303=CARTESIAN_POINT('',(1.251025,4.501025,0.008));
#7304=CARTESIAN_POINT('',(1.280975,4.501025,0.008));
#7305=CARTESIAN_POINT('',(1.266,4.512,0.));
#7306=CARTESIAN_POINT('',(1.251025,4.522975,0.));
#7307=CARTESIAN_POINT('',(1.280975,4.522975,0.));
#7308=CARTESIAN_POINT('',(1.280975,4.501025,0.));
#7309=CARTESIAN_POINT('',(1.251025,4.501025,0.));
#7310=CARTESIAN_POINT('',(1.251025,4.522975,0.008));
#7311=CARTESIAN_POINT('',(1.251025,4.522975,0.006975));
#7312=CARTESIAN_POINT('',(1.280975,4.522975,0.008));
#7313=CARTESIAN_POINT('',(1.280975,4.522975,0.006975));
#7314=CARTESIAN_POINT('',(1.280975,4.501025,0.008));
#7315=CARTESIAN_POINT('',(1.280975,4.501025,0.006975));
#7316=CARTESIAN_POINT('',(1.251025,4.501025,0.008));
#7317=CARTESIAN_POINT('',(1.251025,4.501025,0.006975));
#7318=CARTESIAN_POINT('',(1.266,4.501025,0.008));
#7319=CARTESIAN_POINT('',(1.251025,4.5,0.006975));
#7320=CARTESIAN_POINT('',(1.280975,4.501025,0.008));
#7321=CARTESIAN_POINT('',(1.251025,4.501025,0.006975));
#7322=CARTESIAN_POINT('',(1.25,4.501025,0.006975));
#7323=CARTESIAN_POINT('',(1.280975,4.501025,0.006975));
#7324=CARTESIAN_POINT('',(1.280975,4.501025,0.008));
#7325=CARTESIAN_POINT('',(1.25,4.512,0.006975));
#7326=CARTESIAN_POINT('',(1.25,4.522975,0.006975));
#7327=CARTESIAN_POINT('',(1.280975,4.512,0.008));
#7328=CARTESIAN_POINT('',(1.280975,4.522975,0.008));
#7329=CARTESIAN_POINT('',(1.251025,4.522975,0.006975));
#7330=CARTESIAN_POINT('',(1.251025,4.524,0.006975));
#7331=CARTESIAN_POINT('',(1.280975,4.522975,0.006975));
#7332=CARTESIAN_POINT('',(1.280975,4.522975,0.008));
#7333=CARTESIAN_POINT('',(1.266,4.524,0.006975));
#7334=CARTESIAN_POINT('',(0.,0.,0.));
#7335=CARTESIAN_POINT('',(0.,3.759,0.01));
#7336=CARTESIAN_POINT('',(0.,3.759,0.));
#7337=CARTESIAN_POINT('',(0.,3.75,0.));
#7338=CARTESIAN_POINT('',(0.,3.768,0.));
#7339=CARTESIAN_POINT('',(0.,3.75,0.01));
#7340=CARTESIAN_POINT('',(0.,3.75,0.01));
#7341=CARTESIAN_POINT('',(0.,3.759,0.01));
#7342=CARTESIAN_POINT('',(0.,3.768,0.01));
#7343=CARTESIAN_POINT('',(0.,3.768,0.01));
#7344=CARTESIAN_POINT('',(0.016,3.75,0.01));
#7345=CARTESIAN_POINT('',(0.016,3.75,0.));
#7346=CARTESIAN_POINT('',(0.032,3.75,0.));
#7347=CARTESIAN_POINT('',(0.032,3.75,0.01));
#7348=CARTESIAN_POINT('',(0.032,3.75,0.01));
#7349=CARTESIAN_POINT('',(0.016,3.75,0.01));
#7350=CARTESIAN_POINT('',(0.032,3.759,0.01));
#7351=CARTESIAN_POINT('',(0.032,3.759,0.));
#7352=CARTESIAN_POINT('',(0.032,3.768,0.));
#7353=CARTESIAN_POINT('',(0.032,3.768,0.01));
#7354=CARTESIAN_POINT('',(0.032,3.768,0.01));
#7355=CARTESIAN_POINT('',(0.032,3.759,0.01));
#7356=CARTESIAN_POINT('',(0.016,3.768,0.01));
#7357=CARTESIAN_POINT('',(0.016,3.768,0.));
#7358=CARTESIAN_POINT('',(0.016,3.768,0.01));
#7359=CARTESIAN_POINT('',(0.016,3.759,0.01));
#7360=CARTESIAN_POINT('',(0.02,3.759,0.01));
#7361=CARTESIAN_POINT('',(0.02,3.764,0.01));
#7362=CARTESIAN_POINT('',(0.02,3.754,0.01));
#7363=CARTESIAN_POINT('',(0.016,3.764,0.01));
#7364=CARTESIAN_POINT('',(0.028,3.764,0.01));
#7365=CARTESIAN_POINT('',(0.028,3.759,0.01));
#7366=CARTESIAN_POINT('',(0.028,3.754,0.01));
#7367=CARTESIAN_POINT('',(0.016,3.754,0.01));
#7368=CARTESIAN_POINT('',(0.008,3.759,0.01));
#7369=CARTESIAN_POINT('',(0.010025,3.759,0.01));
#7370=CARTESIAN_POINT('',(0.016,3.759,0.));
#7371=CARTESIAN_POINT('',(0.008,3.759,0.));
#7372=CARTESIAN_POINT('',(0.010025,3.759,0.));
#7373=CARTESIAN_POINT('',(0.008,3.759,0.011));
#7374=CARTESIAN_POINT('',(0.02,3.759,0.012));
#7375=CARTESIAN_POINT('',(0.02,3.754,0.012));
#7376=CARTESIAN_POINT('',(0.02,3.754,0.006));
#7377=CARTESIAN_POINT('',(0.02,3.759,0.006));
#7378=CARTESIAN_POINT('',(0.02,3.764,0.006));
#7379=CARTESIAN_POINT('',(0.02,3.764,0.012));
#7380=CARTESIAN_POINT('',(0.024,3.754,0.012));
#7381=CARTESIAN_POINT('',(0.028,3.754,0.012));
#7382=CARTESIAN_POINT('',(0.028,3.754,0.006));
#7383=CARTESIAN_POINT('',(0.024,3.754,0.006));
#7384=CARTESIAN_POINT('',(0.028,3.759,0.012));
#7385=CARTESIAN_POINT('',(0.028,3.764,0.012));
#7386=CARTESIAN_POINT('',(0.028,3.764,0.006));
#7387=CARTESIAN_POINT('',(0.028,3.759,0.006));
#7388=CARTESIAN_POINT('',(0.024,3.764,0.012));
#7389=CARTESIAN_POINT('',(0.024,3.764,0.006));
#7390=CARTESIAN_POINT('',(0.024,3.759,0.006));
#7391=CARTESIAN_POINT('',(0.,0.,0.));
#7392=CARTESIAN_POINT('',(0.75,3.75,0.01));
#7393=CARTESIAN_POINT('',(0.753754166666667,3.74665981173601,0.005));
#7394=CARTESIAN_POINT('',(0.753754166666667,3.74665981173601,0.01));
#7395=CARTESIAN_POINT('',(0.753754166666667,3.74665981173601,0.));
#7396=CARTESIAN_POINT('',(0.75,3.75,0.01));
#7397=CARTESIAN_POINT('',(0.753754166666667,3.75334018826399,0.01));
#7398=CARTESIAN_POINT('',(0.753754166666667,3.75334018826399,0.005));
#7399=CARTESIAN_POINT('',(0.753754166666667,3.75334018826399,0.));
#7400=CARTESIAN_POINT('',(0.75,3.75,0.));
#7401=CARTESIAN_POINT('',(0.75,3.75,0.01));
#7402=CARTESIAN_POINT('',(0.756,3.75,0.01));
#7403=CARTESIAN_POINT('',(0.75,3.75,0.));
#7404=CARTESIAN_POINT('',(0.756,3.75,0.));
#7405=CARTESIAN_POINT('',(0.756,3.75,0.01));
#7406=MECHANICAL_DESIGN_GEOMETRIC_PRESENTATION_REPRESENTATION('',(#4076),
#7426);
#7407=MECHANICAL_DESIGN_GEOMETRIC_PRESENTATION_REPRESENTATION('',(#4077),
#7427);
#7408=MECHANICAL_DESIGN_GEOMETRIC_PRESENTATION_REPRESENTATION('',(#4078),
#7428);
#7409=MECHANICAL_DESIGN_GEOMETRIC_PRESENTATION_REPRESENTATION('',(#4079),
#7429);
#7410=MECHANICAL_DESIGN_GEOMETRIC_PRESENTATION_REPRESENTATION('',(#4080),
#7430);
#7411=MECHANICAL_DESIGN_GEOMETRIC_PRESENTATION_REPRESENTATION('',(#4081),
#7431);
#7412=MECHANICAL_DESIGN_GEOMETRIC_PRESENTATION_REPRESENTATION('',(#4082),
#7432);
#7413=MECHANICAL_DESIGN_GEOMETRIC_PRESENTATION_REPRESENTATION('',(#4083),
#7433);
#7414=MECHANICAL_DESIGN_GEOMETRIC_PRESENTATION_REPRESENTATION('',(#4084),
#7434);
#7415=MECHANICAL_DESIGN_GEOMETRIC_PRESENTATION_REPRESENTATION('',(#4085),
#7435);
#7416=MECHANICAL_DESIGN_GEOMETRIC_PRESENTATION_REPRESENTATION('',(#4086),
#7436);
#7417=MECHANICAL_DESIGN_GEOMETRIC_PRESENTATION_REPRESENTATION('',(#4087),
#7437);
#7418=MECHANICAL_DESIGN_GEOMETRIC_PRESENTATION_REPRESENTATION('',(#4088),
#7438);
#7419=MECHANICAL_DESIGN_GEOMETRIC_PRESENTATION_REPRESENTATION('',(#4089),
#7439);
#7420=MECHANICAL_DESIGN_GEOMETRIC_PRESENTATION_REPRESENTATION('',(#4090),
#7440);
#7421=MECHANICAL_DESIGN_GEOMETRIC_PRESENTATION_REPRESENTATION('',(#4091),
#7441);
#7422=MECHANICAL_DESIGN_GEOMETRIC_PRESENTATION_REPRESENTATION('',(#4092),
#7442);
#7423=MECHANICAL_DESIGN_GEOMETRIC_PRESENTATION_REPRESENTATION('',(#4093),
#7443);
#7424=MECHANICAL_DESIGN_GEOMETRIC_PRESENTATION_REPRESENTATION('',(#4094),
#7444);
#7425=MECHANICAL_DESIGN_GEOMETRIC_PRESENTATION_REPRESENTATION('',(#4095),
#7445);
#7426=(
GEOMETRIC_REPRESENTATION_CONTEXT(3)
GLOBAL_UNCERTAINTY_ASSIGNED_CONTEXT((#7446))
GLOBAL_UNIT_ASSIGNED_CONTEXT((#7506,#7486,#7466))
REPRESENTATION_CONTEXT('AC122_0_V4','TOP_LEVEL_ASSEMBLY_PART')
);
#7427=(
GEOMETRIC_REPRESENTATION_CONTEXT(3)
GLOBAL_UNCERTAINTY_ASSIGNED_CONTEXT((#7447))
GLOBAL_UNIT_ASSIGNED_CONTEXT((#7507,#7487,#7467))
REPRESENTATION_CONTEXT('AC121_0_V4','TOP_LEVEL_ASSEMBLY_PART')
);
#7428=(
GEOMETRIC_REPRESENTATION_CONTEXT(3)
GLOBAL_UNCERTAINTY_ASSIGNED_CONTEXT((#7448))
GLOBAL_UNIT_ASSIGNED_CONTEXT((#7508,#7488,#7468))
REPRESENTATION_CONTEXT('AC127_0_V4','TOP_LEVEL_ASSEMBLY_PART')
);
#7429=(
GEOMETRIC_REPRESENTATION_CONTEXT(3)
GLOBAL_UNCERTAINTY_ASSIGNED_CONTEXT((#7449))
GLOBAL_UNIT_ASSIGNED_CONTEXT((#7509,#7489,#7469))
REPRESENTATION_CONTEXT('AC126_0_V4','TOP_LEVEL_ASSEMBLY_PART')
);
#7430=(
GEOMETRIC_REPRESENTATION_CONTEXT(3)
GLOBAL_UNCERTAINTY_ASSIGNED_CONTEXT((#7450))
GLOBAL_UNIT_ASSIGNED_CONTEXT((#7510,#7490,#7470))
REPRESENTATION_CONTEXT('AC74_0_V4','TOP_LEVEL_ASSEMBLY_PART')
);
#7431=(
GEOMETRIC_REPRESENTATION_CONTEXT(3)
GLOBAL_UNCERTAINTY_ASSIGNED_CONTEXT((#7451))
GLOBAL_UNIT_ASSIGNED_CONTEXT((#7511,#7491,#7471))
REPRESENTATION_CONTEXT('AC108_0_V4','TOP_LEVEL_ASSEMBLY_PART')
);
#7432=(
GEOMETRIC_REPRESENTATION_CONTEXT(3)
GLOBAL_UNCERTAINTY_ASSIGNED_CONTEXT((#7452))
GLOBAL_UNIT_ASSIGNED_CONTEXT((#7512,#7492,#7472))
REPRESENTATION_CONTEXT('AC120_0_V4','TOP_LEVEL_ASSEMBLY_PART')
);
#7433=(
GEOMETRIC_REPRESENTATION_CONTEXT(3)
GLOBAL_UNCERTAINTY_ASSIGNED_CONTEXT((#7453))
GLOBAL_UNIT_ASSIGNED_CONTEXT((#7513,#7493,#7473))
REPRESENTATION_CONTEXT('AC115_0_V4','TOP_LEVEL_ASSEMBLY_PART')
);
#7434=(
GEOMETRIC_REPRESENTATION_CONTEXT(3)
GLOBAL_UNCERTAINTY_ASSIGNED_CONTEXT((#7454))
GLOBAL_UNIT_ASSIGNED_CONTEXT((#7514,#7494,#7474))
REPRESENTATION_CONTEXT('AC118_0_V4','TOP_LEVEL_ASSEMBLY_PART')
);
#7435=(
GEOMETRIC_REPRESENTATION_CONTEXT(3)
GLOBAL_UNCERTAINTY_ASSIGNED_CONTEXT((#7455))
GLOBAL_UNIT_ASSIGNED_CONTEXT((#7515,#7495,#7475))
REPRESENTATION_CONTEXT('AC128_0_V4','TOP_LEVEL_ASSEMBLY_PART')
);
#7436=(
GEOMETRIC_REPRESENTATION_CONTEXT(3)
GLOBAL_UNCERTAINTY_ASSIGNED_CONTEXT((#7456))
GLOBAL_UNIT_ASSIGNED_CONTEXT((#7516,#7496,#7476))
REPRESENTATION_CONTEXT('AC107_0_V4','TOP_LEVEL_ASSEMBLY_PART')
);
#7437=(
GEOMETRIC_REPRESENTATION_CONTEXT(3)
GLOBAL_UNCERTAINTY_ASSIGNED_CONTEXT((#7457))
GLOBAL_UNIT_ASSIGNED_CONTEXT((#7517,#7497,#7477))
REPRESENTATION_CONTEXT('AC119_0_V4','TOP_LEVEL_ASSEMBLY_PART')
);
#7438=(
GEOMETRIC_REPRESENTATION_CONTEXT(3)
GLOBAL_UNCERTAINTY_ASSIGNED_CONTEXT((#7458))
GLOBAL_UNIT_ASSIGNED_CONTEXT((#7518,#7498,#7478))
REPRESENTATION_CONTEXT('AC102_0_V4','TOP_LEVEL_ASSEMBLY_PART')
);
#7439=(
GEOMETRIC_REPRESENTATION_CONTEXT(3)
GLOBAL_UNCERTAINTY_ASSIGNED_CONTEXT((#7459))
GLOBAL_UNIT_ASSIGNED_CONTEXT((#7519,#7499,#7479))
REPRESENTATION_CONTEXT('AC131_0_V4','TOP_LEVEL_ASSEMBLY_PART')
);
#7440=(
GEOMETRIC_REPRESENTATION_CONTEXT(3)
GLOBAL_UNCERTAINTY_ASSIGNED_CONTEXT((#7460))
GLOBAL_UNIT_ASSIGNED_CONTEXT((#7520,#7500,#7480))
REPRESENTATION_CONTEXT('AC130_0_V4','TOP_LEVEL_ASSEMBLY_PART')
);
#7441=(
GEOMETRIC_REPRESENTATION_CONTEXT(3)
GLOBAL_UNCERTAINTY_ASSIGNED_CONTEXT((#7461))
GLOBAL_UNIT_ASSIGNED_CONTEXT((#7521,#7501,#7481))
REPRESENTATION_CONTEXT('AC113_0_V4','TOP_LEVEL_ASSEMBLY_PART')
);
#7442=(
GEOMETRIC_REPRESENTATION_CONTEXT(3)
GLOBAL_UNCERTAINTY_ASSIGNED_CONTEXT((#7462))
GLOBAL_UNIT_ASSIGNED_CONTEXT((#7522,#7502,#7482))
REPRESENTATION_CONTEXT('AC106_0_V4','TOP_LEVEL_ASSEMBLY_PART')
);
#7443=(
GEOMETRIC_REPRESENTATION_CONTEXT(3)
GLOBAL_UNCERTAINTY_ASSIGNED_CONTEXT((#7463))
GLOBAL_UNIT_ASSIGNED_CONTEXT((#7523,#7503,#7483))
REPRESENTATION_CONTEXT('AC123_0_V4','TOP_LEVEL_ASSEMBLY_PART')
);
#7444=(
GEOMETRIC_REPRESENTATION_CONTEXT(3)
GLOBAL_UNCERTAINTY_ASSIGNED_CONTEXT((#7464))
GLOBAL_UNIT_ASSIGNED_CONTEXT((#7524,#7504,#7484))
REPRESENTATION_CONTEXT('AC66_0_V4','TOP_LEVEL_ASSEMBLY_PART')
);
#7445=(
GEOMETRIC_REPRESENTATION_CONTEXT(3)
GLOBAL_UNCERTAINTY_ASSIGNED_CONTEXT((#7465))
GLOBAL_UNIT_ASSIGNED_CONTEXT((#7525,#7505,#7485))
REPRESENTATION_CONTEXT('AC112_0_V4','TOP_LEVEL_ASSEMBLY_PART')
);
#7446=UNCERTAINTY_MEASURE_WITH_UNIT(LENGTH_MEASURE(1.E-8),#7506,
'DISTANCE_ACCURACY_VALUE','Maximum Tolerance applied to model');
#7447=UNCERTAINTY_MEASURE_WITH_UNIT(LENGTH_MEASURE(1.E-8),#7507,
'DISTANCE_ACCURACY_VALUE','Maximum Tolerance applied to model');
#7448=UNCERTAINTY_MEASURE_WITH_UNIT(LENGTH_MEASURE(1.E-8),#7508,
'DISTANCE_ACCURACY_VALUE','Maximum Tolerance applied to model');
#7449=UNCERTAINTY_MEASURE_WITH_UNIT(LENGTH_MEASURE(1.E-8),#7509,
'DISTANCE_ACCURACY_VALUE','Maximum Tolerance applied to model');
#7450=UNCERTAINTY_MEASURE_WITH_UNIT(LENGTH_MEASURE(1.E-8),#7510,
'DISTANCE_ACCURACY_VALUE','Maximum Tolerance applied to model');
#7451=UNCERTAINTY_MEASURE_WITH_UNIT(LENGTH_MEASURE(2.E-5),#7511,
'DISTANCE_ACCURACY_VALUE','Maximum Tolerance applied to model');
#7452=UNCERTAINTY_MEASURE_WITH_UNIT(LENGTH_MEASURE(1.E-8),#7512,
'DISTANCE_ACCURACY_VALUE','Maximum Tolerance applied to model');
#7453=UNCERTAINTY_MEASURE_WITH_UNIT(LENGTH_MEASURE(1.E-8),#7513,
'DISTANCE_ACCURACY_VALUE','Maximum Tolerance applied to model');
#7454=UNCERTAINTY_MEASURE_WITH_UNIT(LENGTH_MEASURE(1.E-8),#7514,
'DISTANCE_ACCURACY_VALUE','Maximum Tolerance applied to model');
#7455=UNCERTAINTY_MEASURE_WITH_UNIT(LENGTH_MEASURE(1.E-8),#7515,
'DISTANCE_ACCURACY_VALUE','Maximum Tolerance applied to model');
#7456=UNCERTAINTY_MEASURE_WITH_UNIT(LENGTH_MEASURE(1.E-8),#7516,
'DISTANCE_ACCURACY_VALUE','Maximum Tolerance applied to model');
#7457=UNCERTAINTY_MEASURE_WITH_UNIT(LENGTH_MEASURE(1.E-8),#7517,
'DISTANCE_ACCURACY_VALUE','Maximum Tolerance applied to model');
#7458=UNCERTAINTY_MEASURE_WITH_UNIT(LENGTH_MEASURE(2.E-5),#7518,
'DISTANCE_ACCURACY_VALUE','Maximum Tolerance applied to model');
#7459=UNCERTAINTY_MEASURE_WITH_UNIT(LENGTH_MEASURE(1.E-8),#7519,
'DISTANCE_ACCURACY_VALUE','Maximum Tolerance applied to model');
#7460=UNCERTAINTY_MEASURE_WITH_UNIT(LENGTH_MEASURE(1.E-8),#7520,
'DISTANCE_ACCURACY_VALUE','Maximum Tolerance applied to model');
#7461=UNCERTAINTY_MEASURE_WITH_UNIT(LENGTH_MEASURE(1.E-8),#7521,
'DISTANCE_ACCURACY_VALUE','Maximum Tolerance applied to model');
#7462=UNCERTAINTY_MEASURE_WITH_UNIT(LENGTH_MEASURE(2.E-5),#7522,
'DISTANCE_ACCURACY_VALUE','Maximum Tolerance applied to model');
#7463=UNCERTAINTY_MEASURE_WITH_UNIT(LENGTH_MEASURE(1.E-8),#7523,
'DISTANCE_ACCURACY_VALUE','Maximum Tolerance applied to model');
#7464=UNCERTAINTY_MEASURE_WITH_UNIT(LENGTH_MEASURE(1.E-8),#7524,
'DISTANCE_ACCURACY_VALUE','Maximum Tolerance applied to model');
#7465=UNCERTAINTY_MEASURE_WITH_UNIT(LENGTH_MEASURE(1.E-8),#7525,
'DISTANCE_ACCURACY_VALUE','Maximum Tolerance applied to model');
#7466=(
NAMED_UNIT(*)
SI_UNIT($,.STERADIAN.)
SOLID_ANGLE_UNIT()
);
#7467=(
NAMED_UNIT(*)
SI_UNIT($,.STERADIAN.)
SOLID_ANGLE_UNIT()
);
#7468=(
NAMED_UNIT(*)
SI_UNIT($,.STERADIAN.)
SOLID_ANGLE_UNIT()
);
#7469=(
NAMED_UNIT(*)
SI_UNIT($,.STERADIAN.)
SOLID_ANGLE_UNIT()
);
#7470=(
NAMED_UNIT(*)
SI_UNIT($,.STERADIAN.)
SOLID_ANGLE_UNIT()
);
#7471=(
NAMED_UNIT(*)
SI_UNIT($,.STERADIAN.)
SOLID_ANGLE_UNIT()
);
#7472=(
NAMED_UNIT(*)
SI_UNIT($,.STERADIAN.)
SOLID_ANGLE_UNIT()
);
#7473=(
NAMED_UNIT(*)
SI_UNIT($,.STERADIAN.)
SOLID_ANGLE_UNIT()
);
#7474=(
NAMED_UNIT(*)
SI_UNIT($,.STERADIAN.)
SOLID_ANGLE_UNIT()
);
#7475=(
NAMED_UNIT(*)
SI_UNIT($,.STERADIAN.)
SOLID_ANGLE_UNIT()
);
#7476=(
NAMED_UNIT(*)
SI_UNIT($,.STERADIAN.)
SOLID_ANGLE_UNIT()
);
#7477=(
NAMED_UNIT(*)
SI_UNIT($,.STERADIAN.)
SOLID_ANGLE_UNIT()
);
#7478=(
NAMED_UNIT(*)
SI_UNIT($,.STERADIAN.)
SOLID_ANGLE_UNIT()
);
#7479=(
NAMED_UNIT(*)
SI_UNIT($,.STERADIAN.)
SOLID_ANGLE_UNIT()
);
#7480=(
NAMED_UNIT(*)
SI_UNIT($,.STERADIAN.)
SOLID_ANGLE_UNIT()
);
#7481=(
NAMED_UNIT(*)
SI_UNIT($,.STERADIAN.)
SOLID_ANGLE_UNIT()
);
#7482=(
NAMED_UNIT(*)
SI_UNIT($,.STERADIAN.)
SOLID_ANGLE_UNIT()
);
#7483=(
NAMED_UNIT(*)
SI_UNIT($,.STERADIAN.)
SOLID_ANGLE_UNIT()
);
#7484=(
NAMED_UNIT(*)
SI_UNIT($,.STERADIAN.)
SOLID_ANGLE_UNIT()
);
#7485=(
NAMED_UNIT(*)
SI_UNIT($,.STERADIAN.)
SOLID_ANGLE_UNIT()
);
#7486=(
NAMED_UNIT(*)
PLANE_ANGLE_UNIT()
SI_UNIT($,.RADIAN.)
);
#7487=(
NAMED_UNIT(*)
PLANE_ANGLE_UNIT()
SI_UNIT($,.RADIAN.)
);
#7488=(
NAMED_UNIT(*)
PLANE_ANGLE_UNIT()
SI_UNIT($,.RADIAN.)
);
#7489=(
NAMED_UNIT(*)
PLANE_ANGLE_UNIT()
SI_UNIT($,.RADIAN.)
);
#7490=(
NAMED_UNIT(*)
PLANE_ANGLE_UNIT()
SI_UNIT($,.RADIAN.)
);
#7491=(
NAMED_UNIT(*)
PLANE_ANGLE_UNIT()
SI_UNIT($,.RADIAN.)
);
#7492=(
NAMED_UNIT(*)
PLANE_ANGLE_UNIT()
SI_UNIT($,.RADIAN.)
);
#7493=(
NAMED_UNIT(*)
PLANE_ANGLE_UNIT()
SI_UNIT($,.RADIAN.)
);
#7494=(
NAMED_UNIT(*)
PLANE_ANGLE_UNIT()
SI_UNIT($,.RADIAN.)
);
#7495=(
NAMED_UNIT(*)
PLANE_ANGLE_UNIT()
SI_UNIT($,.RADIAN.)
);
#7496=(
NAMED_UNIT(*)
PLANE_ANGLE_UNIT()
SI_UNIT($,.RADIAN.)
);
#7497=(
NAMED_UNIT(*)
PLANE_ANGLE_UNIT()
SI_UNIT($,.RADIAN.)
);
#7498=(
NAMED_UNIT(*)
PLANE_ANGLE_UNIT()
SI_UNIT($,.RADIAN.)
);
#7499=(
NAMED_UNIT(*)
PLANE_ANGLE_UNIT()
SI_UNIT($,.RADIAN.)
);
#7500=(
NAMED_UNIT(*)
PLANE_ANGLE_UNIT()
SI_UNIT($,.RADIAN.)
);
#7501=(
NAMED_UNIT(*)
PLANE_ANGLE_UNIT()
SI_UNIT($,.RADIAN.)
);
#7502=(
NAMED_UNIT(*)
PLANE_ANGLE_UNIT()
SI_UNIT($,.RADIAN.)
);
#7503=(
NAMED_UNIT(*)
PLANE_ANGLE_UNIT()
SI_UNIT($,.RADIAN.)
);
#7504=(
NAMED_UNIT(*)
PLANE_ANGLE_UNIT()
SI_UNIT($,.RADIAN.)
);
#7505=(
NAMED_UNIT(*)
PLANE_ANGLE_UNIT()
SI_UNIT($,.RADIAN.)
);
#7506=(
LENGTH_UNIT()
NAMED_UNIT(*)
SI_UNIT($,.METRE.)
);
#7507=(
LENGTH_UNIT()
NAMED_UNIT(*)
SI_UNIT($,.METRE.)
);
#7508=(
LENGTH_UNIT()
NAMED_UNIT(*)
SI_UNIT($,.METRE.)
);
#7509=(
LENGTH_UNIT()
NAMED_UNIT(*)
SI_UNIT($,.METRE.)
);
#7510=(
LENGTH_UNIT()
NAMED_UNIT(*)
SI_UNIT($,.METRE.)
);
#7511=(
LENGTH_UNIT()
NAMED_UNIT(*)
SI_UNIT($,.METRE.)
);
#7512=(
LENGTH_UNIT()
NAMED_UNIT(*)
SI_UNIT($,.METRE.)
);
#7513=(
LENGTH_UNIT()
NAMED_UNIT(*)
SI_UNIT($,.METRE.)
);
#7514=(
LENGTH_UNIT()
NAMED_UNIT(*)
SI_UNIT($,.METRE.)
);
#7515=(
LENGTH_UNIT()
NAMED_UNIT(*)
SI_UNIT($,.METRE.)
);
#7516=(
LENGTH_UNIT()
NAMED_UNIT(*)
SI_UNIT($,.METRE.)
);
#7517=(
LENGTH_UNIT()
NAMED_UNIT(*)
SI_UNIT($,.METRE.)
);
#7518=(
LENGTH_UNIT()
NAMED_UNIT(*)
SI_UNIT($,.METRE.)
);
#7519=(
LENGTH_UNIT()
NAMED_UNIT(*)
SI_UNIT($,.METRE.)
);
#7520=(
LENGTH_UNIT()
NAMED_UNIT(*)
SI_UNIT($,.METRE.)
);
#7521=(
LENGTH_UNIT()
NAMED_UNIT(*)
SI_UNIT($,.METRE.)
);
#7522=(
LENGTH_UNIT()
NAMED_UNIT(*)
SI_UNIT($,.METRE.)
);
#7523=(
LENGTH_UNIT()
NAMED_UNIT(*)
SI_UNIT($,.METRE.)
);
#7524=(
LENGTH_UNIT()
NAMED_UNIT(*)
SI_UNIT($,.METRE.)
);
#7525=(
LENGTH_UNIT()
NAMED_UNIT(*)
SI_UNIT($,.METRE.)
);
#7526=PRODUCT_DEFINITION_SHAPE('','',#7546);
#7527=PRODUCT_DEFINITION_SHAPE('','',#7547);
#7528=PRODUCT_DEFINITION_SHAPE('','',#7548);
#7529=PRODUCT_DEFINITION_SHAPE('','',#7549);
#7530=PRODUCT_DEFINITION_SHAPE('','',#7550);
#7531=PRODUCT_DEFINITION_SHAPE('','',#7551);
#7532=PRODUCT_DEFINITION_SHAPE('','',#7552);
#7533=PRODUCT_DEFINITION_SHAPE('','',#7553);
#7534=PRODUCT_DEFINITION_SHAPE('','',#7554);
#7535=PRODUCT_DEFINITION_SHAPE('','',#7555);
#7536=PRODUCT_DEFINITION_SHAPE('','',#7556);
#7537=PRODUCT_DEFINITION_SHAPE('','',#7557);
#7538=PRODUCT_DEFINITION_SHAPE('','',#7558);
#7539=PRODUCT_DEFINITION_SHAPE('','',#7559);
#7540=PRODUCT_DEFINITION_SHAPE('','',#7560);
#7541=PRODUCT_DEFINITION_SHAPE('','',#7561);
#7542=PRODUCT_DEFINITION_SHAPE('','',#7562);
#7543=PRODUCT_DEFINITION_SHAPE('','',#7563);
#7544=PRODUCT_DEFINITION_SHAPE('','',#7564);
#7545=PRODUCT_DEFINITION_SHAPE('','',#7565);
#7546=PRODUCT_DEFINITION('','',#7586,#7566);
#7547=PRODUCT_DEFINITION('','',#7587,#7567);
#7548=PRODUCT_DEFINITION('','',#7588,#7568);
#7549=PRODUCT_DEFINITION('','',#7589,#7569);
#7550=PRODUCT_DEFINITION('','',#7590,#7570);
#7551=PRODUCT_DEFINITION('','',#7591,#7571);
#7552=PRODUCT_DEFINITION('','',#7592,#7572);
#7553=PRODUCT_DEFINITION('','',#7593,#7573);
#7554=PRODUCT_DEFINITION('','',#7594,#7574);
#7555=PRODUCT_DEFINITION('','',#7595,#7575);
#7556=PRODUCT_DEFINITION('','',#7596,#7576);
#7557=PRODUCT_DEFINITION('','',#7597,#7577);
#7558=PRODUCT_DEFINITION('','',#7598,#7578);
#7559=PRODUCT_DEFINITION('','',#7599,#7579);
#7560=PRODUCT_DEFINITION('','',#7600,#7580);
#7561=PRODUCT_DEFINITION('','',#7601,#7581);
#7562=PRODUCT_DEFINITION('','',#7602,#7582);
#7563=PRODUCT_DEFINITION('','',#7603,#7583);
#7564=PRODUCT_DEFINITION('','',#7604,#7584);
#7565=PRODUCT_DEFINITION('','',#7605,#7585);
#7566=PRODUCT_DEFINITION_CONTEXT('',#7706,'design');
#7567=PRODUCT_DEFINITION_CONTEXT('',#7707,'design');
#7568=PRODUCT_DEFINITION_CONTEXT('',#7708,'design');
#7569=PRODUCT_DEFINITION_CONTEXT('',#7709,'design');
#7570=PRODUCT_DEFINITION_CONTEXT('',#7710,'design');
#7571=PRODUCT_DEFINITION_CONTEXT('',#7711,'design');
#7572=PRODUCT_DEFINITION_CONTEXT('',#7712,'design');
#7573=PRODUCT_DEFINITION_CONTEXT('',#7713,'design');
#7574=PRODUCT_DEFINITION_CONTEXT('',#7714,'design');
#7575=PRODUCT_DEFINITION_CONTEXT('',#7715,'design');
#7576=PRODUCT_DEFINITION_CONTEXT('',#7716,'design');
#7577=PRODUCT_DEFINITION_CONTEXT('',#7717,'design');
#7578=PRODUCT_DEFINITION_CONTEXT('',#7718,'design');
#7579=PRODUCT_DEFINITION_CONTEXT('',#7719,'design');
#7580=PRODUCT_DEFINITION_CONTEXT('',#7720,'design');
#7581=PRODUCT_DEFINITION_CONTEXT('',#7721,'design');
#7582=PRODUCT_DEFINITION_CONTEXT('',#7722,'design');
#7583=PRODUCT_DEFINITION_CONTEXT('',#7723,'design');
#7584=PRODUCT_DEFINITION_CONTEXT('',#7724,'design');
#7585=PRODUCT_DEFINITION_CONTEXT('',#7725,'design');
#7586=PRODUCT_DEFINITION_FORMATION_WITH_SPECIFIED_SOURCE('','',#7626,
 .NOT_KNOWN.);
#7587=PRODUCT_DEFINITION_FORMATION_WITH_SPECIFIED_SOURCE('','',#7627,
 .NOT_KNOWN.);
#7588=PRODUCT_DEFINITION_FORMATION_WITH_SPECIFIED_SOURCE('','',#7628,
 .NOT_KNOWN.);
#7589=PRODUCT_DEFINITION_FORMATION_WITH_SPECIFIED_SOURCE('','',#7629,
 .NOT_KNOWN.);
#7590=PRODUCT_DEFINITION_FORMATION_WITH_SPECIFIED_SOURCE('','',#7630,
 .NOT_KNOWN.);
#7591=PRODUCT_DEFINITION_FORMATION_WITH_SPECIFIED_SOURCE('','',#7631,
 .NOT_KNOWN.);
#7592=PRODUCT_DEFINITION_FORMATION_WITH_SPECIFIED_SOURCE('','',#7632,
 .NOT_KNOWN.);
#7593=PRODUCT_DEFINITION_FORMATION_WITH_SPECIFIED_SOURCE('','',#7633,
 .NOT_KNOWN.);
#7594=PRODUCT_DEFINITION_FORMATION_WITH_SPECIFIED_SOURCE('','',#7634,
 .NOT_KNOWN.);
#7595=PRODUCT_DEFINITION_FORMATION_WITH_SPECIFIED_SOURCE('','',#7635,
 .NOT_KNOWN.);
#7596=PRODUCT_DEFINITION_FORMATION_WITH_SPECIFIED_SOURCE('','',#7636,
 .NOT_KNOWN.);
#7597=PRODUCT_DEFINITION_FORMATION_WITH_SPECIFIED_SOURCE('','',#7637,
 .NOT_KNOWN.);
#7598=PRODUCT_DEFINITION_FORMATION_WITH_SPECIFIED_SOURCE('','',#7638,
 .NOT_KNOWN.);
#7599=PRODUCT_DEFINITION_FORMATION_WITH_SPECIFIED_SOURCE('','',#7639,
 .NOT_KNOWN.);
#7600=PRODUCT_DEFINITION_FORMATION_WITH_SPECIFIED_SOURCE('','',#7640,
 .NOT_KNOWN.);
#7601=PRODUCT_DEFINITION_FORMATION_WITH_SPECIFIED_SOURCE('','',#7641,
 .NOT_KNOWN.);
#7602=PRODUCT_DEFINITION_FORMATION_WITH_SPECIFIED_SOURCE('','',#7642,
 .NOT_KNOWN.);
#7603=PRODUCT_DEFINITION_FORMATION_WITH_SPECIFIED_SOURCE('','',#7643,
 .NOT_KNOWN.);
#7604=PRODUCT_DEFINITION_FORMATION_WITH_SPECIFIED_SOURCE('','',#7644,
 .NOT_KNOWN.);
#7605=PRODUCT_DEFINITION_FORMATION_WITH_SPECIFIED_SOURCE('','',#7645,
 .NOT_KNOWN.);
#7606=PRODUCT_RELATED_PRODUCT_CATEGORY('','',(#7626));
#7607=PRODUCT_RELATED_PRODUCT_CATEGORY('','',(#7627));
#7608=PRODUCT_RELATED_PRODUCT_CATEGORY('','',(#7628));
#7609=PRODUCT_RELATED_PRODUCT_CATEGORY('','',(#7629));
#7610=PRODUCT_RELATED_PRODUCT_CATEGORY('','',(#7630));
#7611=PRODUCT_RELATED_PRODUCT_CATEGORY('','',(#7631));
#7612=PRODUCT_RELATED_PRODUCT_CATEGORY('','',(#7632));
#7613=PRODUCT_RELATED_PRODUCT_CATEGORY('','',(#7633));
#7614=PRODUCT_RELATED_PRODUCT_CATEGORY('','',(#7634));
#7615=PRODUCT_RELATED_PRODUCT_CATEGORY('','',(#7635));
#7616=PRODUCT_RELATED_PRODUCT_CATEGORY('','',(#7636));
#7617=PRODUCT_RELATED_PRODUCT_CATEGORY('','',(#7637));
#7618=PRODUCT_RELATED_PRODUCT_CATEGORY('','',(#7638));
#7619=PRODUCT_RELATED_PRODUCT_CATEGORY('','',(#7639));
#7620=PRODUCT_RELATED_PRODUCT_CATEGORY('','',(#7640));
#7621=PRODUCT_RELATED_PRODUCT_CATEGORY('','',(#7641));
#7622=PRODUCT_RELATED_PRODUCT_CATEGORY('','',(#7642));
#7623=PRODUCT_RELATED_PRODUCT_CATEGORY('','',(#7643));
#7624=PRODUCT_RELATED_PRODUCT_CATEGORY('','',(#7644));
#7625=PRODUCT_RELATED_PRODUCT_CATEGORY('','',(#7645));
#7626=PRODUCT('AC122_0_V4','AC122_0_V4','AC122_0_V4',(#7666));
#7627=PRODUCT('AC121_0_V4','AC121_0_V4','AC121_0_V4',(#7667));
#7628=PRODUCT('AC127_0_V4','AC127_0_V4','AC127_0_V4',(#7668));
#7629=PRODUCT('AC126_0_V4','AC126_0_V4','AC126_0_V4',(#7669));
#7630=PRODUCT('AC74_0_V4','AC74_0_V4','AC74_0_V4',(#7670));
#7631=PRODUCT('AC108_0_V4','AC108_0_V4','AC108_0_V4',(#7671));
#7632=PRODUCT('AC120_0_V4','AC120_0_V4','AC120_0_V4',(#7672));
#7633=PRODUCT('AC115_0_V4','AC115_0_V4','AC115_0_V4',(#7673));
#7634=PRODUCT('AC118_0_V4','AC118_0_V4','AC118_0_V4',(#7674));
#7635=PRODUCT('AC128_0_V4','AC128_0_V4','AC128_0_V4',(#7675));
#7636=PRODUCT('AC107_0_V4','AC107_0_V4','AC107_0_V4',(#7676));
#7637=PRODUCT('AC119_0_V4','AC119_0_V4','AC119_0_V4',(#7677));
#7638=PRODUCT('AC102_0_V4','AC102_0_V4','AC102_0_V4',(#7678));
#7639=PRODUCT('AC131_0_V4','AC131_0_V4','AC131_0_V4',(#7679));
#7640=PRODUCT('AC130_0_V4','AC130_0_V4','AC130_0_V4',(#7680));
#7641=PRODUCT('AC113_0_V4','AC113_0_V4','AC113_0_V4',(#7681));
#7642=PRODUCT('AC106_0_V4','AC106_0_V4','AC106_0_V4',(#7682));
#7643=PRODUCT('AC123_0_V4','AC123_0_V4','AC123_0_V4',(#7683));
#7644=PRODUCT('AC66_0_V4','AC66_0_V4','AC66_0_V4',(#7684));
#7645=PRODUCT('AC112_0_V4','AC112_0_V4','AC112_0_V4',(#7685));
#7646=PRODUCT_CATEGORY('','');
#7647=PRODUCT_CATEGORY('','');
#7648=PRODUCT_CATEGORY('','');
#7649=PRODUCT_CATEGORY('','');
#7650=PRODUCT_CATEGORY('','');
#7651=PRODUCT_CATEGORY('','');
#7652=PRODUCT_CATEGORY('','');
#7653=PRODUCT_CATEGORY('','');
#7654=PRODUCT_CATEGORY('','');
#7655=PRODUCT_CATEGORY('','');
#7656=PRODUCT_CATEGORY('','');
#7657=PRODUCT_CATEGORY('','');
#7658=PRODUCT_CATEGORY('','');
#7659=PRODUCT_CATEGORY('','');
#7660=PRODUCT_CATEGORY('','');
#7661=PRODUCT_CATEGORY('','');
#7662=PRODUCT_CATEGORY('','');
#7663=PRODUCT_CATEGORY('','');
#7664=PRODUCT_CATEGORY('','');
#7665=PRODUCT_CATEGORY('','');
#7666=PRODUCT_CONTEXT('',#7706,'mechanical');
#7667=PRODUCT_CONTEXT('',#7707,'mechanical');
#7668=PRODUCT_CONTEXT('',#7708,'mechanical');
#7669=PRODUCT_CONTEXT('',#7709,'mechanical');
#7670=PRODUCT_CONTEXT('',#7710,'mechanical');
#7671=PRODUCT_CONTEXT('',#7711,'mechanical');
#7672=PRODUCT_CONTEXT('',#7712,'mechanical');
#7673=PRODUCT_CONTEXT('',#7713,'mechanical');
#7674=PRODUCT_CONTEXT('',#7714,'mechanical');
#7675=PRODUCT_CONTEXT('',#7715,'mechanical');
#7676=PRODUCT_CONTEXT('',#7716,'mechanical');
#7677=PRODUCT_CONTEXT('',#7717,'mechanical');
#7678=PRODUCT_CONTEXT('',#7718,'mechanical');
#7679=PRODUCT_CONTEXT('',#7719,'mechanical');
#7680=PRODUCT_CONTEXT('',#7720,'mechanical');
#7681=PRODUCT_CONTEXT('',#7721,'mechanical');
#7682=PRODUCT_CONTEXT('',#7722,'mechanical');
#7683=PRODUCT_CONTEXT('',#7723,'mechanical');
#7684=PRODUCT_CONTEXT('',#7724,'mechanical');
#7685=PRODUCT_CONTEXT('',#7725,'mechanical');
#7686=APPLICATION_PROTOCOL_DEFINITION('international standard',
'automotive_design',2010,#7706);
#7687=APPLICATION_PROTOCOL_DEFINITION('international standard',
'automotive_design',2010,#7707);
#7688=APPLICATION_PROTOCOL_DEFINITION('international standard',
'automotive_design',2010,#7708);
#7689=APPLICATION_PROTOCOL_DEFINITION('international standard',
'automotive_design',2010,#7709);
#7690=APPLICATION_PROTOCOL_DEFINITION('international standard',
'automotive_design',2010,#7710);
#7691=APPLICATION_PROTOCOL_DEFINITION('international standard',
'automotive_design',2010,#7711);
#7692=APPLICATION_PROTOCOL_DEFINITION('international standard',
'automotive_design',2010,#7712);
#7693=APPLICATION_PROTOCOL_DEFINITION('international standard',
'automotive_design',2010,#7713);
#7694=APPLICATION_PROTOCOL_DEFINITION('international standard',
'automotive_design',2010,#7714);
#7695=APPLICATION_PROTOCOL_DEFINITION('international standard',
'automotive_design',2010,#7715);
#7696=APPLICATION_PROTOCOL_DEFINITION('international standard',
'automotive_design',2010,#7716);
#7697=APPLICATION_PROTOCOL_DEFINITION('international standard',
'automotive_design',2010,#7717);
#7698=APPLICATION_PROTOCOL_DEFINITION('international standard',
'automotive_design',2010,#7718);
#7699=APPLICATION_PROTOCOL_DEFINITION('international standard',
'automotive_design',2010,#7719);
#7700=APPLICATION_PROTOCOL_DEFINITION('international standard',
'automotive_design',2010,#7720);
#7701=APPLICATION_PROTOCOL_DEFINITION('international standard',
'automotive_design',2010,#7721);
#7702=APPLICATION_PROTOCOL_DEFINITION('international standard',
'automotive_design',2010,#7722);
#7703=APPLICATION_PROTOCOL_DEFINITION('international standard',
'automotive_design',2010,#7723);
#7704=APPLICATION_PROTOCOL_DEFINITION('international standard',
'automotive_design',2010,#7724);
#7705=APPLICATION_PROTOCOL_DEFINITION('international standard',
'automotive_design',2010,#7725);
#7706=APPLICATION_CONTEXT(
'core data for automotive mechanical design processes');
#7707=APPLICATION_CONTEXT(
'core data for automotive mechanical design processes');
#7708=APPLICATION_CONTEXT(
'core data for automotive mechanical design processes');
#7709=APPLICATION_CONTEXT(
'core data for automotive mechanical design processes');
#7710=APPLICATION_CONTEXT(
'core data for automotive mechanical design processes');
#7711=APPLICATION_CONTEXT(
'core data for automotive mechanical design processes');
#7712=APPLICATION_CONTEXT(
'core data for automotive mechanical design processes');
#7713=APPLICATION_CONTEXT(
'core data for automotive mechanical design processes');
#7714=APPLICATION_CONTEXT(
'core data for automotive mechanical design processes');
#7715=APPLICATION_CONTEXT(
'core data for automotive mechanical design processes');
#7716=APPLICATION_CONTEXT(
'core data for automotive mechanical design processes');
#7717=APPLICATION_CONTEXT(
'core data for automotive mechanical design processes');
#7718=APPLICATION_CONTEXT(
'core data for automotive mechanical design processes');
#7719=APPLICATION_CONTEXT(
'core data for automotive mechanical design processes');
#7720=APPLICATION_CONTEXT(
'core data for automotive mechanical design processes');
#7721=APPLICATION_CONTEXT(
'core data for automotive mechanical design processes');
#7722=APPLICATION_CONTEXT(
'core data for automotive mechanical design processes');
#7723=APPLICATION_CONTEXT(
'core data for automotive mechanical design processes');
#7724=APPLICATION_CONTEXT(
'core data for automotive mechanical design processes');
#7725=APPLICATION_CONTEXT(
'core data for automotive mechanical design processes');
ENDSEC;
END-ISO-10303-21;
