ISO-10303-21;
HEADER;
/* Generated by software containing ST-Developer
 * from STEP Tools, Inc. (www.steptools.com) 
 */
/* OPTION: using custom renumber hook */

FILE_DESCRIPTION(
/* description */ ('STEP AP214',
'CAx-IF Rec.Pracs.---User Defined Attributes---1.5---2016-08-15'),
/* implementation_level */ '2;1');

FILE_NAME(
/* name */ '6ab7d40aded9b4a629fdea0b',
/* time_stamp */ '2026-09-26T14:17:50Z',
/* author */ (''),
/* organization */ (''),
/* preprocessor_version */ 'ST-DEVELOPER v20',
/* originating_system */ 'ONSHAPE BY PTC INC, 1.221',
/* authorisation */ '  ');

FILE_SCHEMA (('AUTOMOTIVE_DESIGN {1 0 10303 214 3 1 1}'));
ENDSEC;

DATA;
#10=PROPERTY_DEFINITION_REPRESENTATION(#14,#12);
#11=PROPERTY_DEFINITION_REPRESENTATION(#15,#13);
#12=REPRESENTATION('',(#16),#7934);
#13=REPRESENTATION('',(#17),#7934);
#14=PROPERTY_DEFINITION('pmi validation property','',#8179);
#15=PROPERTY_DEFINITION('pmi validation property','',#8179);
#16=VALUE_REPRESENTATION_ITEM('number of annotations',COUNT_MEASURE(0.));
#17=VALUE_REPRESENTATION_ITEM('number of views',COUNT_MEASURE(0.));
#18=(
BOUNDED_SURFACE()
B_SPLINE_SURFACE(2,3,((#7474,#7475,#7476,#7477),(#7478,#7479,#7480,#7481),
(#7482,#7483,#7484,#7485)),.RULED_SURF.,.F.,.F.,.F.)
B_SPLINE_SURFACE_WITH_KNOTS((3,3),(4,4),(0.,1.),(0.0833333333332963,0.916666666666549),
 .PIECEWISE_BEZIER_KNOTS.)
GEOMETRIC_REPRESENTATION_ITEM()
RATIONAL_B_SPLINE_SURFACE(((1.,1.,1.,1.),(0.707106781186548,0.707106781186548,
0.707106781186548,0.707106781186548),(1.,1.,1.,1.)))
REPRESENTATION_ITEM('')
SURFACE()
);
#19=(
BOUNDED_SURFACE()
B_SPLINE_SURFACE(3,2,((#7494,#7495,#7496,#7497,#7498,#7499,#7500,#7501,
#7502,#7503,#7504,#7505,#7506,#7507,#7508,#7509,#7510,#7511,#7512,#7513,
#7514,#7515,#7516,#7517,#7518),(#7519,#7520,#7521,#7522,#7523,#7524,#7525,
#7526,#7527,#7528,#7529,#7530,#7531,#7532,#7533,#7534,#7535,#7536,#7537,
#7538,#7539,#7540,#7541,#7542,#7543),(#7544,#7545,#7546,#7547,#7548,#7549,
#7550,#7551,#7552,#7553,#7554,#7555,#7556,#7557,#7558,#7559,#7560,#7561,
#7562,#7563,#7564,#7565,#7566,#7567,#7568),(#7569,#7570,#7571,#7572,#7573,
#7574,#7575,#7576,#7577,#7578,#7579,#7580,#7581,#7582,#7583,#7584,#7585,
#7586,#7587,#7588,#7589,#7590,#7591,#7592,#7593),(#7594,#7595,#7596,#7597,
#7598,#7599,#7600,#7601,#7602,#7603,#7604,#7605,#7606,#7607,#7608,#7609,
#7610,#7611,#7612,#7613,#7614,#7615,#7616,#7617,#7618),(#7619,#7620,#7621,
#7622,#7623,#7624,#7625,#7626,#7627,#7628,#7629,#7630,#7631,#7632,#7633,
#7634,#7635,#7636,#7637,#7638,#7639,#7640,#7641,#7642,#7643),(#7644,#7645,
#7646,#7647,#7648,#7649,#7650,#7651,#7652,#7653,#7654,#7655,#7656,#7657,
#7658,#7659,#7660,#7661,#7662,#7663,#7664,#7665,#7666,#7667,#7668)),
 .UNSPECIFIED.,.T.,.F.,.F.)
B_SPLINE_SURFACE_WITH_KNOTS((4,3,4),(3,2,2,2,2,2,2,2,2,2,2,2,3),(0.,0.5,
1.),(0.,0.0833333333333333,0.166666666666667,0.25,0.333333333333334,0.416666666666667,
0.5,0.583333333333333,0.666666666666667,0.75,0.833333333333333,0.916666666666667,
1.),.UNSPECIFIED.)
GEOMETRIC_REPRESENTATION_ITEM()
RATIONAL_B_SPLINE_SURFACE(((1.,0.866025403784439,1.,0.866025403784439,1.,
0.866025403784439,1.,0.866025403784439,1.,0.866025403784439,1.,0.866025403784439,
1.,0.866025403784439,1.,0.866025403784439,1.,0.866025403784439,1.,0.866025403784439,
1.,0.866025403784439,1.,0.866025403784439,1.),(0.333333333333334,0.288675134594813,
0.333333333333334,0.288675134594813,0.333333333333334,0.288675134594813,
0.333333333333334,0.288675134594813,0.333333333333334,0.288675134594813,
0.333333333333334,0.288675134594813,0.333333333333334,0.288675134594813,
0.333333333333334,0.288675134594813,0.333333333333334,0.288675134594813,
0.333333333333334,0.288675134594813,0.333333333333334,0.288675134594813,
0.333333333333334,0.288675134594813,0.333333333333334),(0.333333333333334,
0.288675134594813,0.333333333333334,0.288675134594813,0.333333333333334,
0.288675134594813,0.333333333333334,0.288675134594813,0.333333333333334,
0.288675134594813,0.333333333333334,0.288675134594813,0.333333333333334,
0.288675134594813,0.333333333333334,0.288675134594813,0.333333333333334,
0.288675134594813,0.333333333333334,0.288675134594813,0.333333333333334,
0.288675134594813,0.333333333333334,0.288675134594813,0.333333333333334),
(1.,0.866025403784439,1.,0.866025403784439,1.,0.866025403784439,1.,0.866025403784439,
1.,0.866025403784439,1.,0.866025403784439,1.,0.866025403784439,1.,0.866025403784439,
1.,0.866025403784439,1.,0.866025403784439,1.,0.866025403784439,1.,0.866025403784439,
1.),(0.333333333333334,0.288675134594813,0.333333333333334,0.288675134594813,
0.333333333333334,0.288675134594813,0.333333333333334,0.288675134594813,
0.333333333333334,0.288675134594813,0.333333333333334,0.288675134594813,
0.333333333333334,0.288675134594813,0.333333333333334,0.288675134594813,
0.333333333333334,0.288675134594813,0.333333333333334,0.288675134594813,
0.333333333333334,0.288675134594813,0.333333333333334,0.288675134594813,
0.333333333333334),(0.333333333333334,0.288675134594813,0.333333333333334,
0.288675134594813,0.333333333333334,0.288675134594813,0.333333333333334,
0.288675134594813,0.333333333333334,0.288675134594813,0.333333333333334,
0.288675134594813,0.333333333333334,0.288675134594813,0.333333333333334,
0.288675134594813,0.333333333333334,0.288675134594813,0.333333333333334,
0.288675134594813,0.333333333333334,0.288675134594813,0.333333333333334,
0.288675134594813,0.333333333333334),(1.,0.866025403784439,1.,0.866025403784439,
1.,0.866025403784439,1.,0.866025403784439,1.,0.866025403784439,1.,0.866025403784439,
1.,0.866025403784439,1.,0.866025403784439,1.,0.866025403784439,1.,0.866025403784439,
1.,0.866025403784439,1.,0.866025403784439,1.)))
REPRESENTATION_ITEM('')
SURFACE()
);
#20=VERTEX_LOOP('',#3030);
#21=VERTEX_LOOP('',#3056);
#22=ELLIPSE('',#5007,0.0113137084989848,0.008);
#23=ELLIPSE('',#5008,0.0113137084989848,0.008);
#24=ELLIPSE('',#5010,0.0113137084989848,0.008);
#25=ELLIPSE('',#5012,0.0113137084989848,0.008);
#26=CONICAL_SURFACE('',#4936,0.003,0.785398163397448);
#27=CONICAL_SURFACE('',#5050,0.006,0.643501108793284);
#28=CONICAL_SURFACE('',#5158,0.006,0.785398163397448);
#29=TOROIDAL_SURFACE('',#4910,0.003,0.001);
#30=TOROIDAL_SURFACE('',#4917,0.003,0.001);
#31=TOROIDAL_SURFACE('',#5021,0.008,0.002);
#32=ORIENTED_CLOSED_SHELL('',*,#4218,.F.);
#33=BREP_WITH_VOIDS('AC17_0_V2',#4217,(#32));
#34=SPHERICAL_SURFACE('',#4845,0.008);
#35=SPHERICAL_SURFACE('',#4847,0.008);
#36=SPHERICAL_SURFACE('',#4991,0.008);
#37=SPHERICAL_SURFACE('',#5099,0.01);
#38=SPHERICAL_SURFACE('',#5122,0.004);
#39=B_SPLINE_CURVE_WITH_KNOTS('',3,(#6564,#6565,#6566,#6567,#6568,#6569,
#6570,#6571,#6572,#6573,#6574,#6575,#6576,#6577,#6578,#6579,#6580,#6581,
#6582),.UNSPECIFIED.,.T.,.F.,(1,1,1,1,1,1,1,1,1,1,1,1,1,1,1,1,1,1,1,1,1,
1,1),(-0.00476731960880638,-0.00317821307253759,-0.00158910653626879,0.,
0.00158910653626879,0.00317821307253759,0.00476731960880638,0.00635642614507518,
0.00794553268134397,0.00953463921761276,0.0111237457538816,0.0127128522901504,
0.0143019588264191,0.0158910653626879,0.0174801718989567,0.0190692784352255,
0.0206583849714943,0.0222474915077631,0.0238365980440319,0.0254257045803007,
0.0270148111165695,0.0286039176528383,0.0301930241891071),.UNSPECIFIED.);
#40=B_SPLINE_CURVE_WITH_KNOTS('',3,(#7463,#7464,#7465,#7466,#7467),
 .UNSPECIFIED.,.F.,.F.,(4,1,4),(0.,0.00312431861078626,0.00624863722157253),
 .UNSPECIFIED.);
#41=B_SPLINE_CURVE_WITH_KNOTS('',3,(#7469,#7470,#7471,#7472,#7473),
 .UNSPECIFIED.,.F.,.F.,(4,1,4),(0.,0.00156215930539333,0.00312431861078666),
 .UNSPECIFIED.);
#42=SHAPE_REPRESENTATION_RELATIONSHIP('','',#4700,#91);
#43=SHAPE_REPRESENTATION_RELATIONSHIP('','',#4701,#92);
#44=SHAPE_REPRESENTATION_RELATIONSHIP('','',#4702,#93);
#45=SHAPE_REPRESENTATION_RELATIONSHIP('','',#4703,#94);
#46=SHAPE_REPRESENTATION_RELATIONSHIP('','',#4704,#95);
#47=SHAPE_REPRESENTATION_RELATIONSHIP('','',#4705,#96);
#48=SHAPE_REPRESENTATION_RELATIONSHIP('','',#4706,#97);
#49=SHAPE_REPRESENTATION_RELATIONSHIP('','',#4707,#98);
#50=SHAPE_REPRESENTATION_RELATIONSHIP('','',#4708,#99);
#51=SHAPE_REPRESENTATION_RELATIONSHIP('','',#4709,#100);
#52=SHAPE_REPRESENTATION_RELATIONSHIP('','',#4710,#101);
#53=SHAPE_REPRESENTATION_RELATIONSHIP('','',#4711,#102);
#54=SHAPE_REPRESENTATION_RELATIONSHIP('','',#4712,#103);
#55=SHAPE_REPRESENTATION_RELATIONSHIP('','',#4713,#104);
#56=SHAPE_REPRESENTATION_RELATIONSHIP('','',#4714,#105);
#57=SHAPE_REPRESENTATION_RELATIONSHIP('','',#4715,#106);
#58=SHAPE_REPRESENTATION_RELATIONSHIP('','',#4716,#107);
#59=SHAPE_REPRESENTATION_RELATIONSHIP('','',#4717,#108);
#60=SHAPE_REPRESENTATION_RELATIONSHIP('','',#4718,#109);
#61=SHAPE_REPRESENTATION_RELATIONSHIP('','',#4719,#110);
#62=SHAPE_REPRESENTATION_RELATIONSHIP('','',#4720,#111);
#63=SHAPE_REPRESENTATION_RELATIONSHIP('','',#4721,#112);
#64=SHAPE_REPRESENTATION_RELATIONSHIP('','',#4722,#113);
#65=SHAPE_REPRESENTATION_RELATIONSHIP('','',#4723,#114);
#66=SHAPE_REPRESENTATION_RELATIONSHIP('','',#4724,#115);
#67=SHAPE_REPRESENTATION_RELATIONSHIP('','',#4725,#116);
#68=SHAPE_REPRESENTATION_RELATIONSHIP('','',#4726,#117);
#69=SHAPE_REPRESENTATION_RELATIONSHIP('','',#4727,#118);
#70=SHAPE_REPRESENTATION_RELATIONSHIP('','',#4728,#119);
#71=SHAPE_REPRESENTATION_RELATIONSHIP('','',#4729,#120);
#72=SHAPE_REPRESENTATION_RELATIONSHIP('','',#4730,#121);
#73=SHAPE_REPRESENTATION_RELATIONSHIP('','',#4731,#122);
#74=SHAPE_REPRESENTATION_RELATIONSHIP('','',#4732,#123);
#75=SHAPE_REPRESENTATION_RELATIONSHIP('','',#4733,#124);
#76=SHAPE_REPRESENTATION_RELATIONSHIP('','',#4734,#125);
#77=SHAPE_REPRESENTATION_RELATIONSHIP('','',#4735,#126);
#78=SHAPE_REPRESENTATION_RELATIONSHIP('','',#4736,#127);
#79=SHAPE_REPRESENTATION_RELATIONSHIP('','',#4737,#128);
#80=SHAPE_REPRESENTATION_RELATIONSHIP('','',#4738,#129);
#81=SHAPE_REPRESENTATION_RELATIONSHIP('','',#4739,#130);
#82=SHAPE_REPRESENTATION_RELATIONSHIP('','',#4740,#131);
#83=SHAPE_REPRESENTATION_RELATIONSHIP('','',#4741,#132);
#84=SHAPE_REPRESENTATION_RELATIONSHIP('','',#4742,#133);
#85=SHAPE_REPRESENTATION_RELATIONSHIP('','',#4743,#134);
#86=SHAPE_REPRESENTATION_RELATIONSHIP('','',#4744,#135);
#87=SHAPE_REPRESENTATION_RELATIONSHIP('','',#4745,#136);
#88=SHAPE_REPRESENTATION_RELATIONSHIP('','',#4746,#137);
#89=SHAPE_REPRESENTATION_RELATIONSHIP('','',#4747,#138);
#90=SHAPE_REPRESENTATION_RELATIONSHIP('','',#4748,#139);
#91=ADVANCED_BREP_SHAPE_REPRESENTATION('',(#4603),#7886);
#92=ADVANCED_BREP_SHAPE_REPRESENTATION('',(#4604),#7887);
#93=ADVANCED_BREP_SHAPE_REPRESENTATION('',(#4605),#7888);
#94=ADVANCED_BREP_SHAPE_REPRESENTATION('',(#4606),#7889);
#95=ADVANCED_BREP_SHAPE_REPRESENTATION('',(#4607),#7890);
#96=ADVANCED_BREP_SHAPE_REPRESENTATION('',(#4608),#7891);
#97=ADVANCED_BREP_SHAPE_REPRESENTATION('',(#4609),#7892);
#98=ADVANCED_BREP_SHAPE_REPRESENTATION('',(#4610),#7893);
#99=ADVANCED_BREP_SHAPE_REPRESENTATION('',(#4611),#7894);
#100=ADVANCED_BREP_SHAPE_REPRESENTATION('',(#4612),#7895);
#101=ADVANCED_BREP_SHAPE_REPRESENTATION('',(#4613),#7896);
#102=ADVANCED_BREP_SHAPE_REPRESENTATION('',(#4614),#7897);
#103=ADVANCED_BREP_SHAPE_REPRESENTATION('',(#4615),#7898);
#104=ADVANCED_BREP_SHAPE_REPRESENTATION('',(#4616),#7899);
#105=ADVANCED_BREP_SHAPE_REPRESENTATION('',(#4617),#7900);
#106=ADVANCED_BREP_SHAPE_REPRESENTATION('',(#33),#7901);
#107=ADVANCED_BREP_SHAPE_REPRESENTATION('',(#4618),#7902);
#108=ADVANCED_BREP_SHAPE_REPRESENTATION('',(#4619),#7903);
#109=ADVANCED_BREP_SHAPE_REPRESENTATION('',(#4620),#7904);
#110=ADVANCED_BREP_SHAPE_REPRESENTATION('',(#4621),#7905);
#111=ADVANCED_BREP_SHAPE_REPRESENTATION('',(#4622),#7906);
#112=ADVANCED_BREP_SHAPE_REPRESENTATION('',(#4623),#7907);
#113=ADVANCED_BREP_SHAPE_REPRESENTATION('',(#4624),#7908);
#114=ADVANCED_BREP_SHAPE_REPRESENTATION('',(#4625),#7909);
#115=ADVANCED_BREP_SHAPE_REPRESENTATION('',(#4626),#7910);
#116=ADVANCED_BREP_SHAPE_REPRESENTATION('',(#4627),#7911);
#117=ADVANCED_BREP_SHAPE_REPRESENTATION('',(#4628),#7912);
#118=ADVANCED_BREP_SHAPE_REPRESENTATION('',(#4629),#7913);
#119=ADVANCED_BREP_SHAPE_REPRESENTATION('',(#4630),#7914);
#120=ADVANCED_BREP_SHAPE_REPRESENTATION('',(#4631),#7915);
#121=ADVANCED_BREP_SHAPE_REPRESENTATION('',(#4632),#7916);
#122=ADVANCED_BREP_SHAPE_REPRESENTATION('',(#4633),#7917);
#123=ADVANCED_BREP_SHAPE_REPRESENTATION('',(#4634),#7918);
#124=ADVANCED_BREP_SHAPE_REPRESENTATION('',(#4635),#7919);
#125=ADVANCED_BREP_SHAPE_REPRESENTATION('',(#4636),#7920);
#126=ADVANCED_BREP_SHAPE_REPRESENTATION('',(#4637),#7921);
#127=ADVANCED_BREP_SHAPE_REPRESENTATION('',(#4638),#7922);
#128=ADVANCED_BREP_SHAPE_REPRESENTATION('',(#4639),#7923);
#129=ADVANCED_BREP_SHAPE_REPRESENTATION('',(#4640),#7924);
#130=ADVANCED_BREP_SHAPE_REPRESENTATION('',(#4641),#7925);
#131=ADVANCED_BREP_SHAPE_REPRESENTATION('',(#4642),#7926);
#132=ADVANCED_BREP_SHAPE_REPRESENTATION('',(#4643),#7927);
#133=ADVANCED_BREP_SHAPE_REPRESENTATION('',(#4644),#7928);
#134=ADVANCED_BREP_SHAPE_REPRESENTATION('',(#4645),#7929);
#135=ADVANCED_BREP_SHAPE_REPRESENTATION('',(#4646),#7930);
#136=ADVANCED_BREP_SHAPE_REPRESENTATION('',(#4647),#7931);
#137=ADVANCED_BREP_SHAPE_REPRESENTATION('',(#4648),#7932);
#138=ADVANCED_BREP_SHAPE_REPRESENTATION('',(#4649),#7933);
#139=ADVANCED_BREP_SHAPE_REPRESENTATION('',(#4650),#7934);
#140=PLANE('',#4753);
#141=PLANE('',#4757);
#142=PLANE('',#4758);
#143=PLANE('',#4759);
#144=PLANE('',#4761);
#145=PLANE('',#4762);
#146=PLANE('',#4763);
#147=PLANE('',#4764);
#148=PLANE('',#4765);
#149=PLANE('',#4770);
#150=PLANE('',#4771);
#151=PLANE('',#4773);
#152=PLANE('',#4774);
#153=PLANE('',#4775);
#154=PLANE('',#4776);
#155=PLANE('',#4779);
#156=PLANE('',#4785);
#157=PLANE('',#4786);
#158=PLANE('',#4787);
#159=PLANE('',#4788);
#160=PLANE('',#4789);
#161=PLANE('',#4790);
#162=PLANE('',#4792);
#163=PLANE('',#4793);
#164=PLANE('',#4794);
#165=PLANE('',#4795);
#166=PLANE('',#4796);
#167=PLANE('',#4797);
#168=PLANE('',#4802);
#169=PLANE('',#4803);
#170=PLANE('',#4806);
#171=PLANE('',#4808);
#172=PLANE('',#4809);
#173=PLANE('',#4810);
#174=PLANE('',#4811);
#175=PLANE('',#4812);
#176=PLANE('',#4813);
#177=PLANE('',#4815);
#178=PLANE('',#4816);
#179=PLANE('',#4817);
#180=PLANE('',#4818);
#181=PLANE('',#4819);
#182=PLANE('',#4820);
#183=PLANE('',#4822);
#184=PLANE('',#4823);
#185=PLANE('',#4824);
#186=PLANE('',#4828);
#187=PLANE('',#4829);
#188=PLANE('',#4830);
#189=PLANE('',#4835);
#190=PLANE('',#4836);
#191=PLANE('',#4838);
#192=PLANE('',#4839);
#193=PLANE('',#4840);
#194=PLANE('',#4841);
#195=PLANE('',#4842);
#196=PLANE('',#4843);
#197=PLANE('',#4849);
#198=PLANE('',#4850);
#199=PLANE('',#4851);
#200=PLANE('',#4852);
#201=PLANE('',#4853);
#202=PLANE('',#4855);
#203=PLANE('',#4859);
#204=PLANE('',#4860);
#205=PLANE('',#4861);
#206=PLANE('',#4862);
#207=PLANE('',#4863);
#208=PLANE('',#4864);
#209=PLANE('',#4866);
#210=PLANE('',#4867);
#211=PLANE('',#4868);
#212=PLANE('',#4869);
#213=PLANE('',#4870);
#214=PLANE('',#4871);
#215=PLANE('',#4872);
#216=PLANE('',#4873);
#217=PLANE('',#4874);
#218=PLANE('',#4875);
#219=PLANE('',#4876);
#220=PLANE('',#4877);
#221=PLANE('',#4879);
#222=PLANE('',#4880);
#223=PLANE('',#4881);
#224=PLANE('',#4882);
#225=PLANE('',#4883);
#226=PLANE('',#4888);
#227=PLANE('',#4901);
#228=PLANE('',#4905);
#229=PLANE('',#4906);
#230=PLANE('',#4909);
#231=PLANE('',#4919);
#232=PLANE('',#4920);
#233=PLANE('',#4921);
#234=PLANE('',#4922);
#235=PLANE('',#4923);
#236=PLANE('',#4924);
#237=PLANE('',#4926);
#238=PLANE('',#4927);
#239=PLANE('',#4928);
#240=PLANE('',#4929);
#241=PLANE('',#4930);
#242=PLANE('',#4932);
#243=PLANE('',#4937);
#244=PLANE('',#4938);
#245=PLANE('',#4940);
#246=PLANE('',#4941);
#247=PLANE('',#4942);
#248=PLANE('',#4943);
#249=PLANE('',#4944);
#250=PLANE('',#4945);
#251=PLANE('',#4946);
#252=PLANE('',#4947);
#253=PLANE('',#4952);
#254=PLANE('',#4953);
#255=PLANE('',#4955);
#256=PLANE('',#4957);
#257=PLANE('',#4959);
#258=PLANE('',#4960);
#259=PLANE('',#4961);
#260=PLANE('',#4964);
#261=PLANE('',#4965);
#262=PLANE('',#4966);
#263=PLANE('',#4967);
#264=PLANE('',#4968);
#265=PLANE('',#4969);
#266=PLANE('',#4974);
#267=PLANE('',#4975);
#268=PLANE('',#4977);
#269=PLANE('',#4978);
#270=PLANE('',#4979);
#271=PLANE('',#4980);
#272=PLANE('',#4981);
#273=PLANE('',#4982);
#274=PLANE('',#4984);
#275=PLANE('',#4985);
#276=PLANE('',#4986);
#277=PLANE('',#4987);
#278=PLANE('',#4988);
#279=PLANE('',#4989);
#280=PLANE('',#4993);
#281=PLANE('',#4998);
#282=PLANE('',#5002);
#283=PLANE('',#5003);
#284=PLANE('',#5004);
#285=PLANE('',#5018);
#286=PLANE('',#5019);
#287=PLANE('',#5023);
#288=PLANE('',#5024);
#289=PLANE('',#5025);
#290=PLANE('',#5026);
#291=PLANE('',#5027);
#292=PLANE('',#5028);
#293=PLANE('',#5029);
#294=PLANE('',#5030);
#295=PLANE('',#5031);
#296=PLANE('',#5032);
#297=PLANE('',#5033);
#298=PLANE('',#5034);
#299=PLANE('',#5039);
#300=PLANE('',#5040);
#301=PLANE('',#5045);
#302=PLANE('',#5046);
#303=PLANE('',#5048);
#304=PLANE('',#5052);
#305=PLANE('',#5053);
#306=PLANE('',#5054);
#307=PLANE('',#5055);
#308=PLANE('',#5056);
#309=PLANE('',#5058);
#310=PLANE('',#5059);
#311=PLANE('',#5060);
#312=PLANE('',#5061);
#313=PLANE('',#5062);
#314=PLANE('',#5063);
#315=PLANE('',#5064);
#316=PLANE('',#5065);
#317=PLANE('',#5066);
#318=PLANE('',#5067);
#319=PLANE('',#5069);
#320=PLANE('',#5070);
#321=PLANE('',#5071);
#322=PLANE('',#5072);
#323=PLANE('',#5073);
#324=PLANE('',#5074);
#325=PLANE('',#5075);
#326=PLANE('',#5076);
#327=PLANE('',#5077);
#328=PLANE('',#5078);
#329=PLANE('',#5083);
#330=PLANE('',#5084);
#331=PLANE('',#5089);
#332=PLANE('',#5090);
#333=PLANE('',#5092);
#334=PLANE('',#5093);
#335=PLANE('',#5094);
#336=PLANE('',#5095);
#337=PLANE('',#5096);
#338=PLANE('',#5097);
#339=PLANE('',#5106);
#340=PLANE('',#5107);
#341=PLANE('',#5109);
#342=PLANE('',#5110);
#343=PLANE('',#5111);
#344=PLANE('',#5113);
#345=PLANE('',#5115);
#346=PLANE('',#5117);
#347=PLANE('',#5126);
#348=PLANE('',#5127);
#349=PLANE('',#5128);
#350=PLANE('',#5129);
#351=PLANE('',#5130);
#352=PLANE('',#5131);
#353=PLANE('',#5133);
#354=PLANE('',#5134);
#355=PLANE('',#5135);
#356=PLANE('',#5136);
#357=PLANE('',#5137);
#358=PLANE('',#5138);
#359=PLANE('',#5140);
#360=PLANE('',#5141);
#361=PLANE('',#5142);
#362=PLANE('',#5143);
#363=PLANE('',#5144);
#364=PLANE('',#5145);
#365=PLANE('',#5146);
#366=PLANE('',#5147);
#367=PLANE('',#5148);
#368=PLANE('',#5149);
#369=PLANE('',#5150);
#370=PLANE('',#5155);
#371=PLANE('',#5157);
#372=LINE('',#6420,#808);
#373=LINE('',#6424,#809);
#374=LINE('',#6426,#810);
#375=LINE('',#6428,#811);
#376=LINE('',#6430,#812);
#377=LINE('',#6434,#813);
#378=LINE('',#6438,#814);
#379=LINE('',#6439,#815);
#380=LINE('',#6444,#816);
#381=LINE('',#6447,#817);
#382=LINE('',#6449,#818);
#383=LINE('',#6451,#819);
#384=LINE('',#6453,#820);
#385=LINE('',#6455,#821);
#386=LINE('',#6457,#822);
#387=LINE('',#6459,#823);
#388=LINE('',#6460,#824);
#389=LINE('',#6473,#825);
#390=LINE('',#6476,#826);
#391=LINE('',#6478,#827);
#392=LINE('',#6480,#828);
#393=LINE('',#6482,#829);
#394=LINE('',#6485,#830);
#395=LINE('',#6487,#831);
#396=LINE('',#6489,#832);
#397=LINE('',#6491,#833);
#398=LINE('',#6492,#834);
#399=LINE('',#6502,#835);
#400=LINE('',#6506,#836);
#401=LINE('',#6509,#837);
#402=LINE('',#6511,#838);
#403=LINE('',#6513,#839);
#404=LINE('',#6515,#840);
#405=LINE('',#6517,#841);
#406=LINE('',#6519,#842);
#407=LINE('',#6521,#843);
#408=LINE('',#6523,#844);
#409=LINE('',#6525,#845);
#410=LINE('',#6527,#846);
#411=LINE('',#6529,#847);
#412=LINE('',#6533,#848);
#413=LINE('',#6536,#849);
#414=LINE('',#6538,#850);
#415=LINE('',#6540,#851);
#416=LINE('',#6542,#852);
#417=LINE('',#6544,#853);
#418=LINE('',#6546,#854);
#419=LINE('',#6548,#855);
#420=LINE('',#6550,#856);
#421=LINE('',#6552,#857);
#422=LINE('',#6554,#858);
#423=LINE('',#6555,#859);
#424=LINE('',#6592,#860);
#425=LINE('',#6595,#861);
#426=LINE('',#6597,#862);
#427=LINE('',#6599,#863);
#428=LINE('',#6601,#864);
#429=LINE('',#6603,#865);
#430=LINE('',#6605,#866);
#431=LINE('',#6607,#867);
#432=LINE('',#6609,#868);
#433=LINE('',#6611,#869);
#434=LINE('',#6613,#870);
#435=LINE('',#6615,#871);
#436=LINE('',#6619,#872);
#437=LINE('',#6622,#873);
#438=LINE('',#6624,#874);
#439=LINE('',#6626,#875);
#440=LINE('',#6628,#876);
#441=LINE('',#6630,#877);
#442=LINE('',#6632,#878);
#443=LINE('',#6634,#879);
#444=LINE('',#6636,#880);
#445=LINE('',#6638,#881);
#446=LINE('',#6640,#882);
#447=LINE('',#6642,#883);
#448=LINE('',#6646,#884);
#449=LINE('',#6649,#885);
#450=LINE('',#6651,#886);
#451=LINE('',#6653,#887);
#452=LINE('',#6655,#888);
#453=LINE('',#6657,#889);
#454=LINE('',#6659,#890);
#455=LINE('',#6661,#891);
#456=LINE('',#6663,#892);
#457=LINE('',#6665,#893);
#458=LINE('',#6672,#894);
#459=LINE('',#6673,#895);
#460=LINE('',#6686,#896);
#461=LINE('',#6689,#897);
#462=LINE('',#6691,#898);
#463=LINE('',#6693,#899);
#464=LINE('',#6695,#900);
#465=LINE('',#6697,#901);
#466=LINE('',#6699,#902);
#467=LINE('',#6701,#903);
#468=LINE('',#6703,#904);
#469=LINE('',#6705,#905);
#470=LINE('',#6707,#906);
#471=LINE('',#6708,#907);
#472=LINE('',#6718,#908);
#473=LINE('',#6721,#909);
#474=LINE('',#6723,#910);
#475=LINE('',#6725,#911);
#476=LINE('',#6727,#912);
#477=LINE('',#6729,#913);
#478=LINE('',#6731,#914);
#479=LINE('',#6733,#915);
#480=LINE('',#6735,#916);
#481=LINE('',#6737,#917);
#482=LINE('',#6739,#918);
#483=LINE('',#6741,#919);
#484=LINE('',#6743,#920);
#485=LINE('',#6751,#921);
#486=LINE('',#6754,#922);
#487=LINE('',#6756,#923);
#488=LINE('',#6758,#924);
#489=LINE('',#6760,#925);
#490=LINE('',#6762,#926);
#491=LINE('',#6764,#927);
#492=LINE('',#6766,#928);
#493=LINE('',#6768,#929);
#494=LINE('',#6770,#930);
#495=LINE('',#6772,#931);
#496=LINE('',#6773,#932);
#497=LINE('',#6778,#933);
#498=LINE('',#6781,#934);
#499=LINE('',#6783,#935);
#500=LINE('',#6785,#936);
#501=LINE('',#6787,#937);
#502=LINE('',#6789,#938);
#503=LINE('',#6791,#939);
#504=LINE('',#6793,#940);
#505=LINE('',#6795,#941);
#506=LINE('',#6797,#942);
#507=LINE('',#6799,#943);
#508=LINE('',#6800,#944);
#509=LINE('',#6804,#945);
#510=LINE('',#6807,#946);
#511=LINE('',#6809,#947);
#512=LINE('',#6811,#948);
#513=LINE('',#6813,#949);
#514=LINE('',#6815,#950);
#515=LINE('',#6817,#951);
#516=LINE('',#6819,#952);
#517=LINE('',#6821,#953);
#518=LINE('',#6823,#954);
#519=LINE('',#6825,#955);
#520=LINE('',#6826,#956);
#521=LINE('',#6831,#957);
#522=LINE('',#6834,#958);
#523=LINE('',#6836,#959);
#524=LINE('',#6838,#960);
#525=LINE('',#6840,#961);
#526=LINE('',#6842,#962);
#527=LINE('',#6844,#963);
#528=LINE('',#6846,#964);
#529=LINE('',#6848,#965);
#530=LINE('',#6850,#966);
#531=LINE('',#6852,#967);
#532=LINE('',#6853,#968);
#533=LINE('',#6878,#969);
#534=LINE('',#6883,#970);
#535=LINE('',#6887,#971);
#536=LINE('',#6890,#972);
#537=LINE('',#6891,#973);
#538=LINE('',#6893,#974);
#539=LINE('',#6899,#975);
#540=LINE('',#6900,#976);
#541=LINE('',#6902,#977);
#542=LINE('',#6907,#978);
#543=LINE('',#6921,#979);
#544=LINE('',#6924,#980);
#545=LINE('',#6926,#981);
#546=LINE('',#6928,#982);
#547=LINE('',#6930,#983);
#548=LINE('',#6932,#984);
#549=LINE('',#6934,#985);
#550=LINE('',#6936,#986);
#551=LINE('',#6938,#987);
#552=LINE('',#6940,#988);
#553=LINE('',#6942,#989);
#554=LINE('',#6944,#990);
#555=LINE('',#6948,#991);
#556=LINE('',#6951,#992);
#557=LINE('',#6953,#993);
#558=LINE('',#6955,#994);
#559=LINE('',#6957,#995);
#560=LINE('',#6959,#996);
#561=LINE('',#6961,#997);
#562=LINE('',#6964,#998);
#563=LINE('',#6965,#999);
#564=LINE('',#6967,#1000);
#565=LINE('',#6970,#1001);
#566=LINE('',#6972,#1002);
#567=LINE('',#6974,#1003);
#568=LINE('',#6975,#1004);
#569=LINE('',#6977,#1005);
#570=LINE('',#6978,#1006);
#571=LINE('',#6982,#1007);
#572=LINE('',#6983,#1008);
#573=LINE('',#6995,#1009);
#574=LINE('',#6998,#1010);
#575=LINE('',#7000,#1011);
#576=LINE('',#7002,#1012);
#577=LINE('',#7004,#1013);
#578=LINE('',#7006,#1014);
#579=LINE('',#7008,#1015);
#580=LINE('',#7010,#1016);
#581=LINE('',#7012,#1017);
#582=LINE('',#7014,#1018);
#583=LINE('',#7016,#1019);
#584=LINE('',#7018,#1020);
#585=LINE('',#7020,#1021);
#586=LINE('',#7022,#1022);
#587=LINE('',#7024,#1023);
#588=LINE('',#7026,#1024);
#589=LINE('',#7028,#1025);
#590=LINE('',#7029,#1026);
#591=LINE('',#7042,#1027);
#592=LINE('',#7047,#1028);
#593=LINE('',#7049,#1029);
#594=LINE('',#7051,#1030);
#595=LINE('',#7056,#1031);
#596=LINE('',#7058,#1032);
#597=LINE('',#7060,#1033);
#598=LINE('',#7061,#1034);
#599=LINE('',#7063,#1035);
#600=LINE('',#7065,#1036);
#601=LINE('',#7069,#1037);
#602=LINE('',#7072,#1038);
#603=LINE('',#7074,#1039);
#604=LINE('',#7076,#1040);
#605=LINE('',#7078,#1041);
#606=LINE('',#7080,#1042);
#607=LINE('',#7082,#1043);
#608=LINE('',#7084,#1044);
#609=LINE('',#7086,#1045);
#610=LINE('',#7088,#1046);
#611=LINE('',#7090,#1047);
#612=LINE('',#7091,#1048);
#613=LINE('',#7104,#1049);
#614=LINE('',#7107,#1050);
#615=LINE('',#7109,#1051);
#616=LINE('',#7111,#1052);
#617=LINE('',#7113,#1053);
#618=LINE('',#7115,#1054);
#619=LINE('',#7117,#1055);
#620=LINE('',#7119,#1056);
#621=LINE('',#7121,#1057);
#622=LINE('',#7123,#1058);
#623=LINE('',#7125,#1059);
#624=LINE('',#7127,#1060);
#625=LINE('',#7131,#1061);
#626=LINE('',#7134,#1062);
#627=LINE('',#7136,#1063);
#628=LINE('',#7138,#1064);
#629=LINE('',#7140,#1065);
#630=LINE('',#7142,#1066);
#631=LINE('',#7144,#1067);
#632=LINE('',#7146,#1068);
#633=LINE('',#7148,#1069);
#634=LINE('',#7150,#1070);
#635=LINE('',#7152,#1071);
#636=LINE('',#7153,#1072);
#637=LINE('',#7166,#1073);
#638=LINE('',#7170,#1074);
#639=LINE('',#7175,#1075);
#640=LINE('',#7176,#1076);
#641=LINE('',#7181,#1077);
#642=LINE('',#7182,#1078);
#643=LINE('',#7184,#1079);
#644=LINE('',#7185,#1080);
#645=LINE('',#7212,#1081);
#646=LINE('',#7215,#1082);
#647=LINE('',#7217,#1083);
#648=LINE('',#7219,#1084);
#649=LINE('',#7221,#1085);
#650=LINE('',#7223,#1086);
#651=LINE('',#7225,#1087);
#652=LINE('',#7228,#1088);
#653=LINE('',#7230,#1089);
#654=LINE('',#7232,#1090);
#655=LINE('',#7234,#1091);
#656=LINE('',#7235,#1092);
#657=LINE('',#7237,#1093);
#658=LINE('',#7240,#1094);
#659=LINE('',#7241,#1095);
#660=LINE('',#7242,#1096);
#661=LINE('',#7244,#1097);
#662=LINE('',#7246,#1098);
#663=LINE('',#7249,#1099);
#664=LINE('',#7251,#1100);
#665=LINE('',#7253,#1101);
#666=LINE('',#7255,#1102);
#667=LINE('',#7257,#1103);
#668=LINE('',#7259,#1104);
#669=LINE('',#7261,#1105);
#670=LINE('',#7263,#1106);
#671=LINE('',#7265,#1107);
#672=LINE('',#7267,#1108);
#673=LINE('',#7269,#1109);
#674=LINE('',#7271,#1110);
#675=LINE('',#7297,#1111);
#676=LINE('',#7300,#1112);
#677=LINE('',#7302,#1113);
#678=LINE('',#7304,#1114);
#679=LINE('',#7306,#1115);
#680=LINE('',#7308,#1116);
#681=LINE('',#7310,#1117);
#682=LINE('',#7312,#1118);
#683=LINE('',#7313,#1119);
#684=LINE('',#7318,#1120);
#685=LINE('',#7321,#1121);
#686=LINE('',#7323,#1122);
#687=LINE('',#7325,#1123);
#688=LINE('',#7327,#1124);
#689=LINE('',#7329,#1125);
#690=LINE('',#7331,#1126);
#691=LINE('',#7333,#1127);
#692=LINE('',#7335,#1128);
#693=LINE('',#7337,#1129);
#694=LINE('',#7339,#1130);
#695=LINE('',#7341,#1131);
#696=LINE('',#7343,#1132);
#697=LINE('',#7345,#1133);
#698=LINE('',#7348,#1134);
#699=LINE('',#7350,#1135);
#700=LINE('',#7352,#1136);
#701=LINE('',#7353,#1137);
#702=LINE('',#7355,#1138);
#703=LINE('',#7357,#1139);
#704=LINE('',#7358,#1140);
#705=LINE('',#7360,#1141);
#706=LINE('',#7363,#1142);
#707=LINE('',#7365,#1143);
#708=LINE('',#7369,#1144);
#709=LINE('',#7372,#1145);
#710=LINE('',#7374,#1146);
#711=LINE('',#7376,#1147);
#712=LINE('',#7378,#1148);
#713=LINE('',#7380,#1149);
#714=LINE('',#7382,#1150);
#715=LINE('',#7384,#1151);
#716=LINE('',#7386,#1152);
#717=LINE('',#7388,#1153);
#718=LINE('',#7390,#1154);
#719=LINE('',#7391,#1155);
#720=LINE('',#7393,#1156);
#721=LINE('',#7396,#1157);
#722=LINE('',#7398,#1158);
#723=LINE('',#7400,#1159);
#724=LINE('',#7402,#1160);
#725=LINE('',#7405,#1161);
#726=LINE('',#7407,#1162);
#727=LINE('',#7409,#1163);
#728=LINE('',#7411,#1164);
#729=LINE('',#7412,#1165);
#730=LINE('',#7414,#1166);
#731=LINE('',#7416,#1167);
#732=LINE('',#7436,#1168);
#733=LINE('',#7439,#1169);
#734=LINE('',#7441,#1170);
#735=LINE('',#7443,#1171);
#736=LINE('',#7445,#1172);
#737=LINE('',#7447,#1173);
#738=LINE('',#7449,#1174);
#739=LINE('',#7451,#1175);
#740=LINE('',#7453,#1176);
#741=LINE('',#7455,#1177);
#742=LINE('',#7457,#1178);
#743=LINE('',#7459,#1179);
#744=LINE('',#7461,#1180);
#745=LINE('',#7677,#1181);
#746=LINE('',#7680,#1182);
#747=LINE('',#7682,#1183);
#748=LINE('',#7684,#1184);
#749=LINE('',#7686,#1185);
#750=LINE('',#7689,#1186);
#751=LINE('',#7691,#1187);
#752=LINE('',#7693,#1188);
#753=LINE('',#7697,#1189);
#754=LINE('',#7699,#1190);
#755=LINE('',#7701,#1191);
#756=LINE('',#7703,#1192);
#757=LINE('',#7706,#1193);
#758=LINE('',#7710,#1194);
#759=LINE('',#7712,#1195);
#760=LINE('',#7722,#1196);
#761=LINE('',#7725,#1197);
#762=LINE('',#7727,#1198);
#763=LINE('',#7729,#1199);
#764=LINE('',#7731,#1200);
#765=LINE('',#7733,#1201);
#766=LINE('',#7735,#1202);
#767=LINE('',#7737,#1203);
#768=LINE('',#7739,#1204);
#769=LINE('',#7741,#1205);
#770=LINE('',#7743,#1206);
#771=LINE('',#7744,#1207);
#772=LINE('',#7749,#1208);
#773=LINE('',#7752,#1209);
#774=LINE('',#7754,#1210);
#775=LINE('',#7756,#1211);
#776=LINE('',#7758,#1212);
#777=LINE('',#7760,#1213);
#778=LINE('',#7762,#1214);
#779=LINE('',#7764,#1215);
#780=LINE('',#7766,#1216);
#781=LINE('',#7768,#1217);
#782=LINE('',#7770,#1218);
#783=LINE('',#7771,#1219);
#784=LINE('',#7776,#1220);
#785=LINE('',#7779,#1221);
#786=LINE('',#7781,#1222);
#787=LINE('',#7783,#1223);
#788=LINE('',#7784,#1224);
#789=LINE('',#7787,#1225);
#790=LINE('',#7789,#1226);
#791=LINE('',#7791,#1227);
#792=LINE('',#7793,#1228);
#793=LINE('',#7796,#1229);
#794=LINE('',#7797,#1230);
#795=LINE('',#7799,#1231);
#796=LINE('',#7801,#1232);
#797=LINE('',#7803,#1233);
#798=LINE('',#7805,#1234);
#799=LINE('',#7807,#1235);
#800=LINE('',#7810,#1236);
#801=LINE('',#7813,#1237);
#802=LINE('',#7814,#1238);
#803=LINE('',#7816,#1239);
#804=LINE('',#7818,#1240);
#805=LINE('',#7820,#1241);
#806=LINE('',#7822,#1242);
#807=LINE('',#7824,#1243);
#808=VECTOR('',#5165,1.);
#809=VECTOR('',#5168,1.);
#810=VECTOR('',#5171,1.);
#811=VECTOR('',#5172,1.);
#812=VECTOR('',#5173,1.);
#813=VECTOR('',#5178,1.);
#814=VECTOR('',#5183,1.);
#815=VECTOR('',#5184,1.);
#816=VECTOR('',#5193,1.);
#817=VECTOR('',#5194,1.);
#818=VECTOR('',#5195,1.);
#819=VECTOR('',#5196,1.);
#820=VECTOR('',#5199,1.);
#821=VECTOR('',#5200,1.);
#822=VECTOR('',#5201,1.);
#823=VECTOR('',#5204,1.);
#824=VECTOR('',#5205,1.);
#825=VECTOR('',#5226,1.);
#826=VECTOR('',#5227,1.);
#827=VECTOR('',#5228,1.);
#828=VECTOR('',#5229,1.);
#829=VECTOR('',#5232,1.);
#830=VECTOR('',#5233,1.);
#831=VECTOR('',#5234,1.);
#832=VECTOR('',#5235,1.);
#833=VECTOR('',#5238,1.);
#834=VECTOR('',#5239,1.);
#835=VECTOR('',#5254,1.);
#836=VECTOR('',#5261,1.);
#837=VECTOR('',#5262,1.);
#838=VECTOR('',#5263,1.);
#839=VECTOR('',#5264,1.);
#840=VECTOR('',#5267,1.);
#841=VECTOR('',#5268,1.);
#842=VECTOR('',#5269,1.);
#843=VECTOR('',#5272,1.);
#844=VECTOR('',#5273,1.);
#845=VECTOR('',#5274,1.);
#846=VECTOR('',#5277,1.);
#847=VECTOR('',#5280,1.);
#848=VECTOR('',#5287,1.);
#849=VECTOR('',#5288,1.);
#850=VECTOR('',#5289,1.);
#851=VECTOR('',#5290,1.);
#852=VECTOR('',#5293,1.);
#853=VECTOR('',#5294,1.);
#854=VECTOR('',#5295,1.);
#855=VECTOR('',#5298,1.);
#856=VECTOR('',#5299,1.);
#857=VECTOR('',#5300,1.);
#858=VECTOR('',#5303,1.);
#859=VECTOR('',#5304,1.);
#860=VECTOR('',#5331,1.);
#861=VECTOR('',#5332,1.);
#862=VECTOR('',#5333,1.);
#863=VECTOR('',#5334,1.);
#864=VECTOR('',#5337,1.);
#865=VECTOR('',#5338,1.);
#866=VECTOR('',#5339,1.);
#867=VECTOR('',#5342,1.);
#868=VECTOR('',#5343,1.);
#869=VECTOR('',#5344,1.);
#870=VECTOR('',#5347,1.);
#871=VECTOR('',#5350,1.);
#872=VECTOR('',#5357,1.);
#873=VECTOR('',#5358,1.);
#874=VECTOR('',#5359,1.);
#875=VECTOR('',#5360,1.);
#876=VECTOR('',#5363,1.);
#877=VECTOR('',#5364,1.);
#878=VECTOR('',#5365,1.);
#879=VECTOR('',#5368,1.);
#880=VECTOR('',#5369,1.);
#881=VECTOR('',#5370,1.);
#882=VECTOR('',#5373,1.);
#883=VECTOR('',#5376,1.);
#884=VECTOR('',#5383,1.);
#885=VECTOR('',#5384,1.);
#886=VECTOR('',#5385,1.);
#887=VECTOR('',#5386,1.);
#888=VECTOR('',#5389,1.);
#889=VECTOR('',#5390,1.);
#890=VECTOR('',#5391,1.);
#891=VECTOR('',#5394,1.);
#892=VECTOR('',#5395,1.);
#893=VECTOR('',#5396,1.);
#894=VECTOR('',#5405,1.);
#895=VECTOR('',#5406,1.);
#896=VECTOR('',#5427,1.);
#897=VECTOR('',#5428,1.);
#898=VECTOR('',#5429,1.);
#899=VECTOR('',#5430,1.);
#900=VECTOR('',#5433,1.);
#901=VECTOR('',#5434,1.);
#902=VECTOR('',#5435,1.);
#903=VECTOR('',#5438,1.);
#904=VECTOR('',#5439,1.);
#905=VECTOR('',#5440,1.);
#906=VECTOR('',#5443,1.);
#907=VECTOR('',#5444,1.);
#908=VECTOR('',#5461,1.);
#909=VECTOR('',#5462,1.);
#910=VECTOR('',#5463,1.);
#911=VECTOR('',#5464,1.);
#912=VECTOR('',#5467,1.);
#913=VECTOR('',#5468,1.);
#914=VECTOR('',#5469,1.);
#915=VECTOR('',#5472,1.);
#916=VECTOR('',#5473,1.);
#917=VECTOR('',#5474,1.);
#918=VECTOR('',#5477,1.);
#919=VECTOR('',#5478,1.);
#920=VECTOR('',#5479,1.);
#921=VECTOR('',#5494,1.);
#922=VECTOR('',#5495,1.);
#923=VECTOR('',#5496,1.);
#924=VECTOR('',#5497,1.);
#925=VECTOR('',#5500,1.);
#926=VECTOR('',#5501,1.);
#927=VECTOR('',#5502,1.);
#928=VECTOR('',#5505,1.);
#929=VECTOR('',#5506,1.);
#930=VECTOR('',#5507,1.);
#931=VECTOR('',#5510,1.);
#932=VECTOR('',#5511,1.);
#933=VECTOR('',#5520,1.);
#934=VECTOR('',#5521,1.);
#935=VECTOR('',#5522,1.);
#936=VECTOR('',#5523,1.);
#937=VECTOR('',#5526,1.);
#938=VECTOR('',#5527,1.);
#939=VECTOR('',#5528,1.);
#940=VECTOR('',#5531,1.);
#941=VECTOR('',#5532,1.);
#942=VECTOR('',#5533,1.);
#943=VECTOR('',#5536,1.);
#944=VECTOR('',#5537,1.);
#945=VECTOR('',#5544,1.);
#946=VECTOR('',#5545,1.);
#947=VECTOR('',#5546,1.);
#948=VECTOR('',#5547,1.);
#949=VECTOR('',#5550,1.);
#950=VECTOR('',#5551,1.);
#951=VECTOR('',#5552,1.);
#952=VECTOR('',#5555,1.);
#953=VECTOR('',#5556,1.);
#954=VECTOR('',#5557,1.);
#955=VECTOR('',#5560,1.);
#956=VECTOR('',#5561,1.);
#957=VECTOR('',#5570,1.);
#958=VECTOR('',#5571,1.);
#959=VECTOR('',#5572,1.);
#960=VECTOR('',#5573,1.);
#961=VECTOR('',#5576,1.);
#962=VECTOR('',#5577,1.);
#963=VECTOR('',#5578,1.);
#964=VECTOR('',#5581,1.);
#965=VECTOR('',#5582,1.);
#966=VECTOR('',#5583,1.);
#967=VECTOR('',#5586,1.);
#968=VECTOR('',#5587,1.);
#969=VECTOR('',#5620,1.);
#970=VECTOR('',#5623,1.);
#971=VECTOR('',#5628,1.);
#972=VECTOR('',#5629,1.);
#973=VECTOR('',#5630,1.);
#974=VECTOR('',#5633,1.);
#975=VECTOR('',#5640,1.);
#976=VECTOR('',#5641,1.);
#977=VECTOR('',#5644,1.);
#978=VECTOR('',#5647,1.);
#979=VECTOR('',#5672,1.);
#980=VECTOR('',#5673,1.);
#981=VECTOR('',#5674,1.);
#982=VECTOR('',#5675,1.);
#983=VECTOR('',#5678,1.);
#984=VECTOR('',#5679,1.);
#985=VECTOR('',#5680,1.);
#986=VECTOR('',#5683,1.);
#987=VECTOR('',#5684,1.);
#988=VECTOR('',#5685,1.);
#989=VECTOR('',#5688,1.);
#990=VECTOR('',#5691,1.);
#991=VECTOR('',#5698,1.);
#992=VECTOR('',#5699,1.);
#993=VECTOR('',#5700,1.);
#994=VECTOR('',#5701,1.);
#995=VECTOR('',#5702,1.);
#996=VECTOR('',#5703,1.);
#997=VECTOR('',#5706,1.);
#998=VECTOR('',#5707,1.);
#999=VECTOR('',#5708,1.);
#1000=VECTOR('',#5711,1.);
#1001=VECTOR('',#5712,1.);
#1002=VECTOR('',#5713,1.);
#1003=VECTOR('',#5714,1.);
#1004=VECTOR('',#5715,1.);
#1005=VECTOR('',#5718,1.);
#1006=VECTOR('',#5719,1.);
#1007=VECTOR('',#5724,1.);
#1008=VECTOR('',#5725,1.);
#1009=VECTOR('',#5744,1.);
#1010=VECTOR('',#5745,1.);
#1011=VECTOR('',#5746,1.);
#1012=VECTOR('',#5747,1.);
#1013=VECTOR('',#5750,1.);
#1014=VECTOR('',#5751,1.);
#1015=VECTOR('',#5752,1.);
#1016=VECTOR('',#5755,1.);
#1017=VECTOR('',#5756,1.);
#1018=VECTOR('',#5757,1.);
#1019=VECTOR('',#5760,1.);
#1020=VECTOR('',#5761,1.);
#1021=VECTOR('',#5762,1.);
#1022=VECTOR('',#5765,1.);
#1023=VECTOR('',#5766,1.);
#1024=VECTOR('',#5767,1.);
#1025=VECTOR('',#5770,1.);
#1026=VECTOR('',#5771,1.);
#1027=VECTOR('',#5792,1.);
#1028=VECTOR('',#5795,1.);
#1029=VECTOR('',#5796,1.);
#1030=VECTOR('',#5799,1.);
#1031=VECTOR('',#5802,1.);
#1032=VECTOR('',#5803,1.);
#1033=VECTOR('',#5806,1.);
#1034=VECTOR('',#5807,1.);
#1035=VECTOR('',#5810,1.);
#1036=VECTOR('',#5813,1.);
#1037=VECTOR('',#5820,1.);
#1038=VECTOR('',#5821,1.);
#1039=VECTOR('',#5822,1.);
#1040=VECTOR('',#5823,1.);
#1041=VECTOR('',#5826,1.);
#1042=VECTOR('',#5827,1.);
#1043=VECTOR('',#5828,1.);
#1044=VECTOR('',#5831,1.);
#1045=VECTOR('',#5832,1.);
#1046=VECTOR('',#5833,1.);
#1047=VECTOR('',#5836,1.);
#1048=VECTOR('',#5837,1.);
#1049=VECTOR('',#5858,1.);
#1050=VECTOR('',#5859,1.);
#1051=VECTOR('',#5860,1.);
#1052=VECTOR('',#5861,1.);
#1053=VECTOR('',#5864,1.);
#1054=VECTOR('',#5865,1.);
#1055=VECTOR('',#5866,1.);
#1056=VECTOR('',#5869,1.);
#1057=VECTOR('',#5870,1.);
#1058=VECTOR('',#5871,1.);
#1059=VECTOR('',#5874,1.);
#1060=VECTOR('',#5877,1.);
#1061=VECTOR('',#5884,1.);
#1062=VECTOR('',#5885,1.);
#1063=VECTOR('',#5886,1.);
#1064=VECTOR('',#5887,1.);
#1065=VECTOR('',#5890,1.);
#1066=VECTOR('',#5891,1.);
#1067=VECTOR('',#5892,1.);
#1068=VECTOR('',#5895,1.);
#1069=VECTOR('',#5896,1.);
#1070=VECTOR('',#5897,1.);
#1071=VECTOR('',#5900,1.);
#1072=VECTOR('',#5901,1.);
#1073=VECTOR('',#5920,1.);
#1074=VECTOR('',#5923,1.);
#1075=VECTOR('',#5928,1.);
#1076=VECTOR('',#5929,1.);
#1077=VECTOR('',#5934,1.);
#1078=VECTOR('',#5935,1.);
#1079=VECTOR('',#5938,1.);
#1080=VECTOR('',#5939,1.);
#1081=VECTOR('',#5982,1.);
#1082=VECTOR('',#5983,1.);
#1083=VECTOR('',#5984,1.);
#1084=VECTOR('',#5985,1.);
#1085=VECTOR('',#5986,1.);
#1086=VECTOR('',#5987,1.);
#1087=VECTOR('',#5990,1.);
#1088=VECTOR('',#5991,1.);
#1089=VECTOR('',#5992,1.);
#1090=VECTOR('',#5993,1.);
#1091=VECTOR('',#5996,1.);
#1092=VECTOR('',#5997,1.);
#1093=VECTOR('',#6000,1.);
#1094=VECTOR('',#6001,1.);
#1095=VECTOR('',#6002,1.);
#1096=VECTOR('',#6003,1.);
#1097=VECTOR('',#6006,1.);
#1098=VECTOR('',#6007,1.);
#1099=VECTOR('',#6012,1.);
#1100=VECTOR('',#6013,1.);
#1101=VECTOR('',#6014,1.);
#1102=VECTOR('',#6015,1.);
#1103=VECTOR('',#6018,1.);
#1104=VECTOR('',#6019,1.);
#1105=VECTOR('',#6020,1.);
#1106=VECTOR('',#6023,1.);
#1107=VECTOR('',#6024,1.);
#1108=VECTOR('',#6027,1.);
#1109=VECTOR('',#6028,1.);
#1110=VECTOR('',#6031,1.);
#1111=VECTOR('',#6070,1.);
#1112=VECTOR('',#6071,1.);
#1113=VECTOR('',#6072,1.);
#1114=VECTOR('',#6073,1.);
#1115=VECTOR('',#6076,1.);
#1116=VECTOR('',#6077,1.);
#1117=VECTOR('',#6078,1.);
#1118=VECTOR('',#6081,1.);
#1119=VECTOR('',#6082,1.);
#1120=VECTOR('',#6091,1.);
#1121=VECTOR('',#6092,1.);
#1122=VECTOR('',#6093,1.);
#1123=VECTOR('',#6094,1.);
#1124=VECTOR('',#6097,1.);
#1125=VECTOR('',#6098,1.);
#1126=VECTOR('',#6099,1.);
#1127=VECTOR('',#6100,1.);
#1128=VECTOR('',#6101,1.);
#1129=VECTOR('',#6102,1.);
#1130=VECTOR('',#6103,1.);
#1131=VECTOR('',#6106,1.);
#1132=VECTOR('',#6107,1.);
#1133=VECTOR('',#6110,1.);
#1134=VECTOR('',#6111,1.);
#1135=VECTOR('',#6112,1.);
#1136=VECTOR('',#6113,1.);
#1137=VECTOR('',#6114,1.);
#1138=VECTOR('',#6115,1.);
#1139=VECTOR('',#6118,1.);
#1140=VECTOR('',#6119,1.);
#1141=VECTOR('',#6122,1.);
#1142=VECTOR('',#6127,1.);
#1143=VECTOR('',#6130,1.);
#1144=VECTOR('',#6137,1.);
#1145=VECTOR('',#6138,1.);
#1146=VECTOR('',#6139,1.);
#1147=VECTOR('',#6140,1.);
#1148=VECTOR('',#6143,1.);
#1149=VECTOR('',#6144,1.);
#1150=VECTOR('',#6145,1.);
#1151=VECTOR('',#6148,1.);
#1152=VECTOR('',#6149,1.);
#1153=VECTOR('',#6150,1.);
#1154=VECTOR('',#6153,1.);
#1155=VECTOR('',#6154,1.);
#1156=VECTOR('',#6157,1.);
#1157=VECTOR('',#6158,1.);
#1158=VECTOR('',#6159,1.);
#1159=VECTOR('',#6160,1.);
#1160=VECTOR('',#6163,1.);
#1161=VECTOR('',#6164,1.);
#1162=VECTOR('',#6165,1.);
#1163=VECTOR('',#6166,1.);
#1164=VECTOR('',#6169,1.);
#1165=VECTOR('',#6170,1.);
#1166=VECTOR('',#6173,1.);
#1167=VECTOR('',#6176,1.);
#1168=VECTOR('',#6207,1.);
#1169=VECTOR('',#6208,1.);
#1170=VECTOR('',#6209,1.);
#1171=VECTOR('',#6210,1.);
#1172=VECTOR('',#6213,1.);
#1173=VECTOR('',#6214,1.);
#1174=VECTOR('',#6215,1.);
#1175=VECTOR('',#6218,1.);
#1176=VECTOR('',#6219,1.);
#1177=VECTOR('',#6220,1.);
#1178=VECTOR('',#6223,1.);
#1179=VECTOR('',#6224,1.);
#1180=VECTOR('',#6225,1.);
#1181=VECTOR('',#6254,1.);
#1182=VECTOR('',#6255,1.);
#1183=VECTOR('',#6256,1.);
#1184=VECTOR('',#6257,1.);
#1185=VECTOR('',#6260,1.);
#1186=VECTOR('',#6261,1.);
#1187=VECTOR('',#6262,1.);
#1188=VECTOR('',#6263,1.);
#1189=VECTOR('',#6268,1.);
#1190=VECTOR('',#6269,1.);
#1191=VECTOR('',#6270,1.);
#1192=VECTOR('',#6273,1.);
#1193=VECTOR('',#6276,1.);
#1194=VECTOR('',#6283,1.);
#1195=VECTOR('',#6284,1.);
#1196=VECTOR('',#6303,1.);
#1197=VECTOR('',#6304,1.);
#1198=VECTOR('',#6305,1.);
#1199=VECTOR('',#6306,1.);
#1200=VECTOR('',#6309,1.);
#1201=VECTOR('',#6310,1.);
#1202=VECTOR('',#6311,1.);
#1203=VECTOR('',#6314,1.);
#1204=VECTOR('',#6315,1.);
#1205=VECTOR('',#6316,1.);
#1206=VECTOR('',#6319,1.);
#1207=VECTOR('',#6320,1.);
#1208=VECTOR('',#6329,1.);
#1209=VECTOR('',#6330,1.);
#1210=VECTOR('',#6331,1.);
#1211=VECTOR('',#6332,1.);
#1212=VECTOR('',#6335,1.);
#1213=VECTOR('',#6336,1.);
#1214=VECTOR('',#6337,1.);
#1215=VECTOR('',#6340,1.);
#1216=VECTOR('',#6341,1.);
#1217=VECTOR('',#6342,1.);
#1218=VECTOR('',#6345,1.);
#1219=VECTOR('',#6346,1.);
#1220=VECTOR('',#6355,1.);
#1221=VECTOR('',#6356,1.);
#1222=VECTOR('',#6357,1.);
#1223=VECTOR('',#6358,1.);
#1224=VECTOR('',#6359,1.);
#1225=VECTOR('',#6360,1.);
#1226=VECTOR('',#6361,1.);
#1227=VECTOR('',#6362,1.);
#1228=VECTOR('',#6365,1.);
#1229=VECTOR('',#6366,1.);
#1230=VECTOR('',#6367,1.);
#1231=VECTOR('',#6370,1.);
#1232=VECTOR('',#6371,1.);
#1233=VECTOR('',#6374,1.);
#1234=VECTOR('',#6375,1.);
#1235=VECTOR('',#6378,1.);
#1236=VECTOR('',#6383,1.);
#1237=VECTOR('',#6384,1.);
#1238=VECTOR('',#6385,1.);
#1239=VECTOR('',#6388,1.);
#1240=VECTOR('',#6389,1.);
#1241=VECTOR('',#6392,1.);
#1242=VECTOR('',#6393,1.);
#1243=VECTOR('',#6396,1.);
#1244=ORIENTED_EDGE('',*,*,#2282,.T.);
#1245=ORIENTED_EDGE('',*,*,#2283,.F.);
#1246=ORIENTED_EDGE('',*,*,#2284,.F.);
#1247=ORIENTED_EDGE('',*,*,#2285,.T.);
#1248=ORIENTED_EDGE('',*,*,#2286,.T.);
#1249=ORIENTED_EDGE('',*,*,#2287,.F.);
#1250=ORIENTED_EDGE('',*,*,#2288,.F.);
#1251=ORIENTED_EDGE('',*,*,#2283,.T.);
#1252=ORIENTED_EDGE('',*,*,#2289,.T.);
#1253=ORIENTED_EDGE('',*,*,#2290,.F.);
#1254=ORIENTED_EDGE('',*,*,#2291,.F.);
#1255=ORIENTED_EDGE('',*,*,#2287,.T.);
#1256=ORIENTED_EDGE('',*,*,#2292,.T.);
#1257=ORIENTED_EDGE('',*,*,#2285,.F.);
#1258=ORIENTED_EDGE('',*,*,#2293,.F.);
#1259=ORIENTED_EDGE('',*,*,#2290,.T.);
#1260=ORIENTED_EDGE('',*,*,#2284,.T.);
#1261=ORIENTED_EDGE('',*,*,#2288,.T.);
#1262=ORIENTED_EDGE('',*,*,#2291,.T.);
#1263=ORIENTED_EDGE('',*,*,#2293,.T.);
#1264=ORIENTED_EDGE('',*,*,#2282,.F.);
#1265=ORIENTED_EDGE('',*,*,#2292,.F.);
#1266=ORIENTED_EDGE('',*,*,#2289,.F.);
#1267=ORIENTED_EDGE('',*,*,#2286,.F.);
#1268=ORIENTED_EDGE('',*,*,#2294,.F.);
#1269=ORIENTED_EDGE('',*,*,#2295,.F.);
#1270=ORIENTED_EDGE('',*,*,#2296,.T.);
#1271=ORIENTED_EDGE('',*,*,#2297,.T.);
#1272=ORIENTED_EDGE('',*,*,#2298,.F.);
#1273=ORIENTED_EDGE('',*,*,#2297,.F.);
#1274=ORIENTED_EDGE('',*,*,#2299,.T.);
#1275=ORIENTED_EDGE('',*,*,#2300,.T.);
#1276=ORIENTED_EDGE('',*,*,#2301,.F.);
#1277=ORIENTED_EDGE('',*,*,#2300,.F.);
#1278=ORIENTED_EDGE('',*,*,#2302,.T.);
#1279=ORIENTED_EDGE('',*,*,#2295,.T.);
#1280=ORIENTED_EDGE('',*,*,#2296,.F.);
#1281=ORIENTED_EDGE('',*,*,#2302,.F.);
#1282=ORIENTED_EDGE('',*,*,#2299,.F.);
#1283=ORIENTED_EDGE('',*,*,#2294,.T.);
#1284=ORIENTED_EDGE('',*,*,#2298,.T.);
#1285=ORIENTED_EDGE('',*,*,#2301,.T.);
#1286=ORIENTED_EDGE('',*,*,#2303,.F.);
#1287=ORIENTED_EDGE('',*,*,#2304,.T.);
#1288=ORIENTED_EDGE('',*,*,#2303,.T.);
#1289=ORIENTED_EDGE('',*,*,#2304,.F.);
#1290=ORIENTED_EDGE('',*,*,#2305,.F.);
#1291=ORIENTED_EDGE('',*,*,#2306,.T.);
#1292=ORIENTED_EDGE('',*,*,#2307,.T.);
#1293=ORIENTED_EDGE('',*,*,#2308,.T.);
#1294=ORIENTED_EDGE('',*,*,#2309,.F.);
#1295=ORIENTED_EDGE('',*,*,#2310,.T.);
#1296=ORIENTED_EDGE('',*,*,#2311,.T.);
#1297=ORIENTED_EDGE('',*,*,#2312,.F.);
#1298=ORIENTED_EDGE('',*,*,#2313,.F.);
#1299=ORIENTED_EDGE('',*,*,#2308,.F.);
#1300=ORIENTED_EDGE('',*,*,#2314,.T.);
#1301=ORIENTED_EDGE('',*,*,#2312,.T.);
#1302=ORIENTED_EDGE('',*,*,#2315,.T.);
#1303=ORIENTED_EDGE('',*,*,#2316,.T.);
#1304=ORIENTED_EDGE('',*,*,#2309,.T.);
#1305=ORIENTED_EDGE('',*,*,#2314,.F.);
#1306=ORIENTED_EDGE('',*,*,#2307,.F.);
#1307=ORIENTED_EDGE('',*,*,#2311,.F.);
#1308=ORIENTED_EDGE('',*,*,#2317,.T.);
#1309=ORIENTED_EDGE('',*,*,#2318,.T.);
#1310=ORIENTED_EDGE('',*,*,#2305,.T.);
#1311=ORIENTED_EDGE('',*,*,#2313,.T.);
#1312=ORIENTED_EDGE('',*,*,#2315,.F.);
#1313=ORIENTED_EDGE('',*,*,#2306,.F.);
#1314=ORIENTED_EDGE('',*,*,#2318,.F.);
#1315=ORIENTED_EDGE('',*,*,#2319,.F.);
#1316=ORIENTED_EDGE('',*,*,#2316,.F.);
#1317=ORIENTED_EDGE('',*,*,#2319,.T.);
#1318=ORIENTED_EDGE('',*,*,#2317,.F.);
#1319=ORIENTED_EDGE('',*,*,#2310,.F.);
#1320=ORIENTED_EDGE('',*,*,#2320,.F.);
#1321=ORIENTED_EDGE('',*,*,#2321,.F.);
#1322=ORIENTED_EDGE('',*,*,#2322,.T.);
#1323=ORIENTED_EDGE('',*,*,#2323,.T.);
#1324=ORIENTED_EDGE('',*,*,#2324,.T.);
#1325=ORIENTED_EDGE('',*,*,#2325,.F.);
#1326=ORIENTED_EDGE('',*,*,#2326,.F.);
#1327=ORIENTED_EDGE('',*,*,#2321,.T.);
#1328=ORIENTED_EDGE('',*,*,#2327,.F.);
#1329=ORIENTED_EDGE('',*,*,#2323,.F.);
#1330=ORIENTED_EDGE('',*,*,#2328,.T.);
#1331=ORIENTED_EDGE('',*,*,#2329,.T.);
#1332=ORIENTED_EDGE('',*,*,#2322,.F.);
#1333=ORIENTED_EDGE('',*,*,#2326,.T.);
#1334=ORIENTED_EDGE('',*,*,#2330,.T.);
#1335=ORIENTED_EDGE('',*,*,#2328,.F.);
#1336=ORIENTED_EDGE('',*,*,#2320,.T.);
#1337=ORIENTED_EDGE('',*,*,#2327,.T.);
#1338=ORIENTED_EDGE('',*,*,#2331,.F.);
#1339=ORIENTED_EDGE('',*,*,#2324,.F.);
#1340=ORIENTED_EDGE('',*,*,#2331,.T.);
#1341=ORIENTED_EDGE('',*,*,#2329,.F.);
#1342=ORIENTED_EDGE('',*,*,#2330,.F.);
#1343=ORIENTED_EDGE('',*,*,#2325,.T.);
#1344=ORIENTED_EDGE('',*,*,#2332,.T.);
#1345=ORIENTED_EDGE('',*,*,#2333,.F.);
#1346=ORIENTED_EDGE('',*,*,#2334,.F.);
#1347=ORIENTED_EDGE('',*,*,#2335,.T.);
#1348=ORIENTED_EDGE('',*,*,#2336,.T.);
#1349=ORIENTED_EDGE('',*,*,#2337,.F.);
#1350=ORIENTED_EDGE('',*,*,#2338,.F.);
#1351=ORIENTED_EDGE('',*,*,#2333,.T.);
#1352=ORIENTED_EDGE('',*,*,#2339,.T.);
#1353=ORIENTED_EDGE('',*,*,#2340,.F.);
#1354=ORIENTED_EDGE('',*,*,#2341,.F.);
#1355=ORIENTED_EDGE('',*,*,#2337,.T.);
#1356=ORIENTED_EDGE('',*,*,#2342,.T.);
#1357=ORIENTED_EDGE('',*,*,#2335,.F.);
#1358=ORIENTED_EDGE('',*,*,#2343,.F.);
#1359=ORIENTED_EDGE('',*,*,#2340,.T.);
#1360=ORIENTED_EDGE('',*,*,#2334,.T.);
#1361=ORIENTED_EDGE('',*,*,#2338,.T.);
#1362=ORIENTED_EDGE('',*,*,#2341,.T.);
#1363=ORIENTED_EDGE('',*,*,#2343,.T.);
#1364=ORIENTED_EDGE('',*,*,#2332,.F.);
#1365=ORIENTED_EDGE('',*,*,#2342,.F.);
#1366=ORIENTED_EDGE('',*,*,#2339,.F.);
#1367=ORIENTED_EDGE('',*,*,#2336,.F.);
#1368=ORIENTED_EDGE('',*,*,#2344,.F.);
#1369=ORIENTED_EDGE('',*,*,#2345,.T.);
#1370=ORIENTED_EDGE('',*,*,#2346,.F.);
#1371=ORIENTED_EDGE('',*,*,#2344,.T.);
#1372=ORIENTED_EDGE('',*,*,#2345,.F.);
#1373=ORIENTED_EDGE('',*,*,#2347,.F.);
#1374=ORIENTED_EDGE('',*,*,#2346,.T.);
#1375=ORIENTED_EDGE('',*,*,#2347,.T.);
#1376=ORIENTED_EDGE('',*,*,#2348,.F.);
#1377=ORIENTED_EDGE('',*,*,#2349,.F.);
#1378=ORIENTED_EDGE('',*,*,#2350,.T.);
#1379=ORIENTED_EDGE('',*,*,#2351,.T.);
#1380=ORIENTED_EDGE('',*,*,#2352,.T.);
#1381=ORIENTED_EDGE('',*,*,#2353,.F.);
#1382=ORIENTED_EDGE('',*,*,#2354,.F.);
#1383=ORIENTED_EDGE('',*,*,#2349,.T.);
#1384=ORIENTED_EDGE('',*,*,#2355,.F.);
#1385=ORIENTED_EDGE('',*,*,#2351,.F.);
#1386=ORIENTED_EDGE('',*,*,#2356,.T.);
#1387=ORIENTED_EDGE('',*,*,#2357,.T.);
#1388=ORIENTED_EDGE('',*,*,#2350,.F.);
#1389=ORIENTED_EDGE('',*,*,#2354,.T.);
#1390=ORIENTED_EDGE('',*,*,#2358,.T.);
#1391=ORIENTED_EDGE('',*,*,#2356,.F.);
#1392=ORIENTED_EDGE('',*,*,#2348,.T.);
#1393=ORIENTED_EDGE('',*,*,#2355,.T.);
#1394=ORIENTED_EDGE('',*,*,#2359,.F.);
#1395=ORIENTED_EDGE('',*,*,#2352,.F.);
#1396=ORIENTED_EDGE('',*,*,#2359,.T.);
#1397=ORIENTED_EDGE('',*,*,#2357,.F.);
#1398=ORIENTED_EDGE('',*,*,#2358,.F.);
#1399=ORIENTED_EDGE('',*,*,#2353,.T.);
#1400=ORIENTED_EDGE('',*,*,#2360,.F.);
#1401=ORIENTED_EDGE('',*,*,#2361,.F.);
#1402=ORIENTED_EDGE('',*,*,#2362,.T.);
#1403=ORIENTED_EDGE('',*,*,#2363,.T.);
#1404=ORIENTED_EDGE('',*,*,#2364,.T.);
#1405=ORIENTED_EDGE('',*,*,#2365,.F.);
#1406=ORIENTED_EDGE('',*,*,#2366,.F.);
#1407=ORIENTED_EDGE('',*,*,#2361,.T.);
#1408=ORIENTED_EDGE('',*,*,#2367,.F.);
#1409=ORIENTED_EDGE('',*,*,#2363,.F.);
#1410=ORIENTED_EDGE('',*,*,#2368,.T.);
#1411=ORIENTED_EDGE('',*,*,#2369,.T.);
#1412=ORIENTED_EDGE('',*,*,#2362,.F.);
#1413=ORIENTED_EDGE('',*,*,#2366,.T.);
#1414=ORIENTED_EDGE('',*,*,#2370,.T.);
#1415=ORIENTED_EDGE('',*,*,#2368,.F.);
#1416=ORIENTED_EDGE('',*,*,#2360,.T.);
#1417=ORIENTED_EDGE('',*,*,#2367,.T.);
#1418=ORIENTED_EDGE('',*,*,#2371,.F.);
#1419=ORIENTED_EDGE('',*,*,#2364,.F.);
#1420=ORIENTED_EDGE('',*,*,#2371,.T.);
#1421=ORIENTED_EDGE('',*,*,#2369,.F.);
#1422=ORIENTED_EDGE('',*,*,#2370,.F.);
#1423=ORIENTED_EDGE('',*,*,#2365,.T.);
#1424=ORIENTED_EDGE('',*,*,#2372,.F.);
#1425=ORIENTED_EDGE('',*,*,#2373,.F.);
#1426=ORIENTED_EDGE('',*,*,#2374,.T.);
#1427=ORIENTED_EDGE('',*,*,#2375,.T.);
#1428=ORIENTED_EDGE('',*,*,#2376,.T.);
#1429=ORIENTED_EDGE('',*,*,#2377,.F.);
#1430=ORIENTED_EDGE('',*,*,#2378,.F.);
#1431=ORIENTED_EDGE('',*,*,#2373,.T.);
#1432=ORIENTED_EDGE('',*,*,#2379,.T.);
#1433=ORIENTED_EDGE('',*,*,#2380,.F.);
#1434=ORIENTED_EDGE('',*,*,#2381,.F.);
#1435=ORIENTED_EDGE('',*,*,#2377,.T.);
#1436=ORIENTED_EDGE('',*,*,#2382,.T.);
#1437=ORIENTED_EDGE('',*,*,#2383,.F.);
#1438=ORIENTED_EDGE('',*,*,#2384,.F.);
#1439=ORIENTED_EDGE('',*,*,#2375,.F.);
#1440=ORIENTED_EDGE('',*,*,#2385,.T.);
#1441=ORIENTED_EDGE('',*,*,#2380,.T.);
#1442=ORIENTED_EDGE('',*,*,#2382,.F.);
#1443=ORIENTED_EDGE('',*,*,#2374,.F.);
#1444=ORIENTED_EDGE('',*,*,#2378,.T.);
#1445=ORIENTED_EDGE('',*,*,#2381,.T.);
#1446=ORIENTED_EDGE('',*,*,#2385,.F.);
#1447=ORIENTED_EDGE('',*,*,#2383,.T.);
#1448=ORIENTED_EDGE('',*,*,#2372,.T.);
#1449=ORIENTED_EDGE('',*,*,#2384,.T.);
#1450=ORIENTED_EDGE('',*,*,#2379,.F.);
#1451=ORIENTED_EDGE('',*,*,#2376,.F.);
#1452=ORIENTED_EDGE('',*,*,#2386,.F.);
#1453=ORIENTED_EDGE('',*,*,#2387,.T.);
#1454=ORIENTED_EDGE('',*,*,#2386,.T.);
#1455=ORIENTED_EDGE('',*,*,#2387,.F.);
#1456=ORIENTED_EDGE('',*,*,#2388,.F.);
#1457=ORIENTED_EDGE('',*,*,#2389,.F.);
#1458=ORIENTED_EDGE('',*,*,#2390,.T.);
#1459=ORIENTED_EDGE('',*,*,#2391,.T.);
#1460=ORIENTED_EDGE('',*,*,#2392,.T.);
#1461=ORIENTED_EDGE('',*,*,#2393,.F.);
#1462=ORIENTED_EDGE('',*,*,#2394,.F.);
#1463=ORIENTED_EDGE('',*,*,#2389,.T.);
#1464=ORIENTED_EDGE('',*,*,#2395,.T.);
#1465=ORIENTED_EDGE('',*,*,#2396,.F.);
#1466=ORIENTED_EDGE('',*,*,#2397,.F.);
#1467=ORIENTED_EDGE('',*,*,#2393,.T.);
#1468=ORIENTED_EDGE('',*,*,#2398,.F.);
#1469=ORIENTED_EDGE('',*,*,#2391,.F.);
#1470=ORIENTED_EDGE('',*,*,#2399,.T.);
#1471=ORIENTED_EDGE('',*,*,#2396,.T.);
#1472=ORIENTED_EDGE('',*,*,#2390,.F.);
#1473=ORIENTED_EDGE('',*,*,#2394,.T.);
#1474=ORIENTED_EDGE('',*,*,#2397,.T.);
#1475=ORIENTED_EDGE('',*,*,#2399,.F.);
#1476=ORIENTED_EDGE('',*,*,#2388,.T.);
#1477=ORIENTED_EDGE('',*,*,#2398,.T.);
#1478=ORIENTED_EDGE('',*,*,#2395,.F.);
#1479=ORIENTED_EDGE('',*,*,#2392,.F.);
#1480=ORIENTED_EDGE('',*,*,#2400,.F.);
#1481=ORIENTED_EDGE('',*,*,#2400,.T.);
#1482=ORIENTED_EDGE('',*,*,#2401,.F.);
#1483=ORIENTED_EDGE('',*,*,#2402,.F.);
#1484=ORIENTED_EDGE('',*,*,#2403,.T.);
#1485=ORIENTED_EDGE('',*,*,#2404,.T.);
#1486=ORIENTED_EDGE('',*,*,#2405,.T.);
#1487=ORIENTED_EDGE('',*,*,#2406,.F.);
#1488=ORIENTED_EDGE('',*,*,#2407,.F.);
#1489=ORIENTED_EDGE('',*,*,#2402,.T.);
#1490=ORIENTED_EDGE('',*,*,#2408,.T.);
#1491=ORIENTED_EDGE('',*,*,#2409,.T.);
#1492=ORIENTED_EDGE('',*,*,#2410,.F.);
#1493=ORIENTED_EDGE('',*,*,#2406,.T.);
#1494=ORIENTED_EDGE('',*,*,#2411,.T.);
#1495=ORIENTED_EDGE('',*,*,#2412,.T.);
#1496=ORIENTED_EDGE('',*,*,#2413,.F.);
#1497=ORIENTED_EDGE('',*,*,#2404,.F.);
#1498=ORIENTED_EDGE('',*,*,#2410,.T.);
#1499=ORIENTED_EDGE('',*,*,#2414,.T.);
#1500=ORIENTED_EDGE('',*,*,#2411,.F.);
#1501=ORIENTED_EDGE('',*,*,#2403,.F.);
#1502=ORIENTED_EDGE('',*,*,#2407,.T.);
#1503=ORIENTED_EDGE('',*,*,#2413,.T.);
#1504=ORIENTED_EDGE('',*,*,#2415,.T.);
#1505=ORIENTED_EDGE('',*,*,#2408,.F.);
#1506=ORIENTED_EDGE('',*,*,#2405,.F.);
#1507=ORIENTED_EDGE('',*,*,#2401,.T.);
#1508=ORIENTED_EDGE('',*,*,#2414,.F.);
#1509=ORIENTED_EDGE('',*,*,#2409,.F.);
#1510=ORIENTED_EDGE('',*,*,#2415,.F.);
#1511=ORIENTED_EDGE('',*,*,#2412,.F.);
#1512=ORIENTED_EDGE('',*,*,#2416,.F.);
#1513=ORIENTED_EDGE('',*,*,#2417,.F.);
#1514=ORIENTED_EDGE('',*,*,#2418,.T.);
#1515=ORIENTED_EDGE('',*,*,#2419,.T.);
#1516=ORIENTED_EDGE('',*,*,#2420,.T.);
#1517=ORIENTED_EDGE('',*,*,#2421,.F.);
#1518=ORIENTED_EDGE('',*,*,#2422,.F.);
#1519=ORIENTED_EDGE('',*,*,#2417,.T.);
#1520=ORIENTED_EDGE('',*,*,#2423,.T.);
#1521=ORIENTED_EDGE('',*,*,#2424,.F.);
#1522=ORIENTED_EDGE('',*,*,#2425,.F.);
#1523=ORIENTED_EDGE('',*,*,#2421,.T.);
#1524=ORIENTED_EDGE('',*,*,#2426,.F.);
#1525=ORIENTED_EDGE('',*,*,#2419,.F.);
#1526=ORIENTED_EDGE('',*,*,#2427,.T.);
#1527=ORIENTED_EDGE('',*,*,#2424,.T.);
#1528=ORIENTED_EDGE('',*,*,#2418,.F.);
#1529=ORIENTED_EDGE('',*,*,#2422,.T.);
#1530=ORIENTED_EDGE('',*,*,#2425,.T.);
#1531=ORIENTED_EDGE('',*,*,#2427,.F.);
#1532=ORIENTED_EDGE('',*,*,#2416,.T.);
#1533=ORIENTED_EDGE('',*,*,#2426,.T.);
#1534=ORIENTED_EDGE('',*,*,#2423,.F.);
#1535=ORIENTED_EDGE('',*,*,#2420,.F.);
#1536=ORIENTED_EDGE('',*,*,#2428,.F.);
#1537=ORIENTED_EDGE('',*,*,#2429,.F.);
#1538=ORIENTED_EDGE('',*,*,#2430,.T.);
#1539=ORIENTED_EDGE('',*,*,#2431,.T.);
#1540=ORIENTED_EDGE('',*,*,#2432,.T.);
#1541=ORIENTED_EDGE('',*,*,#2433,.F.);
#1542=ORIENTED_EDGE('',*,*,#2434,.F.);
#1543=ORIENTED_EDGE('',*,*,#2429,.T.);
#1544=ORIENTED_EDGE('',*,*,#2435,.T.);
#1545=ORIENTED_EDGE('',*,*,#2436,.F.);
#1546=ORIENTED_EDGE('',*,*,#2437,.F.);
#1547=ORIENTED_EDGE('',*,*,#2433,.T.);
#1548=ORIENTED_EDGE('',*,*,#2438,.F.);
#1549=ORIENTED_EDGE('',*,*,#2431,.F.);
#1550=ORIENTED_EDGE('',*,*,#2439,.T.);
#1551=ORIENTED_EDGE('',*,*,#2436,.T.);
#1552=ORIENTED_EDGE('',*,*,#2430,.F.);
#1553=ORIENTED_EDGE('',*,*,#2434,.T.);
#1554=ORIENTED_EDGE('',*,*,#2437,.T.);
#1555=ORIENTED_EDGE('',*,*,#2439,.F.);
#1556=ORIENTED_EDGE('',*,*,#2428,.T.);
#1557=ORIENTED_EDGE('',*,*,#2438,.T.);
#1558=ORIENTED_EDGE('',*,*,#2435,.F.);
#1559=ORIENTED_EDGE('',*,*,#2432,.F.);
#1560=ORIENTED_EDGE('',*,*,#2440,.T.);
#1561=ORIENTED_EDGE('',*,*,#2441,.F.);
#1562=ORIENTED_EDGE('',*,*,#2442,.F.);
#1563=ORIENTED_EDGE('',*,*,#2443,.T.);
#1564=ORIENTED_EDGE('',*,*,#2444,.F.);
#1565=ORIENTED_EDGE('',*,*,#2443,.F.);
#1566=ORIENTED_EDGE('',*,*,#2445,.T.);
#1567=ORIENTED_EDGE('',*,*,#2446,.T.);
#1568=ORIENTED_EDGE('',*,*,#2447,.F.);
#1569=ORIENTED_EDGE('',*,*,#2446,.F.);
#1570=ORIENTED_EDGE('',*,*,#2448,.T.);
#1571=ORIENTED_EDGE('',*,*,#2449,.T.);
#1572=ORIENTED_EDGE('',*,*,#2450,.T.);
#1573=ORIENTED_EDGE('',*,*,#2449,.F.);
#1574=ORIENTED_EDGE('',*,*,#2451,.F.);
#1575=ORIENTED_EDGE('',*,*,#2441,.T.);
#1576=ORIENTED_EDGE('',*,*,#2442,.T.);
#1577=ORIENTED_EDGE('',*,*,#2451,.T.);
#1578=ORIENTED_EDGE('',*,*,#2448,.F.);
#1579=ORIENTED_EDGE('',*,*,#2445,.F.);
#1580=ORIENTED_EDGE('',*,*,#2440,.F.);
#1581=ORIENTED_EDGE('',*,*,#2444,.T.);
#1582=ORIENTED_EDGE('',*,*,#2447,.T.);
#1583=ORIENTED_EDGE('',*,*,#2450,.F.);
#1584=ORIENTED_EDGE('',*,*,#2452,.F.);
#1585=ORIENTED_EDGE('',*,*,#2453,.F.);
#1586=ORIENTED_EDGE('',*,*,#2454,.T.);
#1587=ORIENTED_EDGE('',*,*,#2455,.T.);
#1588=ORIENTED_EDGE('',*,*,#2456,.T.);
#1589=ORIENTED_EDGE('',*,*,#2457,.F.);
#1590=ORIENTED_EDGE('',*,*,#2458,.F.);
#1591=ORIENTED_EDGE('',*,*,#2453,.T.);
#1592=ORIENTED_EDGE('',*,*,#2459,.T.);
#1593=ORIENTED_EDGE('',*,*,#2460,.F.);
#1594=ORIENTED_EDGE('',*,*,#2461,.F.);
#1595=ORIENTED_EDGE('',*,*,#2457,.T.);
#1596=ORIENTED_EDGE('',*,*,#2462,.F.);
#1597=ORIENTED_EDGE('',*,*,#2455,.F.);
#1598=ORIENTED_EDGE('',*,*,#2463,.T.);
#1599=ORIENTED_EDGE('',*,*,#2460,.T.);
#1600=ORIENTED_EDGE('',*,*,#2464,.T.);
#1601=ORIENTED_EDGE('',*,*,#2465,.T.);
#1602=ORIENTED_EDGE('',*,*,#2466,.T.);
#1603=ORIENTED_EDGE('',*,*,#2467,.T.);
#1604=ORIENTED_EDGE('',*,*,#2454,.F.);
#1605=ORIENTED_EDGE('',*,*,#2458,.T.);
#1606=ORIENTED_EDGE('',*,*,#2461,.T.);
#1607=ORIENTED_EDGE('',*,*,#2463,.F.);
#1608=ORIENTED_EDGE('',*,*,#2468,.F.);
#1609=ORIENTED_EDGE('',*,*,#2469,.F.);
#1610=ORIENTED_EDGE('',*,*,#2470,.F.);
#1611=ORIENTED_EDGE('',*,*,#2471,.F.);
#1612=ORIENTED_EDGE('',*,*,#2452,.T.);
#1613=ORIENTED_EDGE('',*,*,#2462,.T.);
#1614=ORIENTED_EDGE('',*,*,#2459,.F.);
#1615=ORIENTED_EDGE('',*,*,#2456,.F.);
#1616=ORIENTED_EDGE('',*,*,#2467,.F.);
#1617=ORIENTED_EDGE('',*,*,#2471,.T.);
#1618=ORIENTED_EDGE('',*,*,#2466,.F.);
#1619=ORIENTED_EDGE('',*,*,#2470,.T.);
#1620=ORIENTED_EDGE('',*,*,#2465,.F.);
#1621=ORIENTED_EDGE('',*,*,#2469,.T.);
#1622=ORIENTED_EDGE('',*,*,#2464,.F.);
#1623=ORIENTED_EDGE('',*,*,#2468,.T.);
#1624=ORIENTED_EDGE('',*,*,#2472,.F.);
#1625=ORIENTED_EDGE('',*,*,#2473,.T.);
#1626=ORIENTED_EDGE('',*,*,#2474,.T.);
#1627=ORIENTED_EDGE('',*,*,#2475,.T.);
#1628=ORIENTED_EDGE('',*,*,#2476,.F.);
#1629=ORIENTED_EDGE('',*,*,#2477,.T.);
#1630=ORIENTED_EDGE('',*,*,#2472,.T.);
#1631=ORIENTED_EDGE('',*,*,#2478,.T.);
#1632=ORIENTED_EDGE('',*,*,#2479,.F.);
#1633=ORIENTED_EDGE('',*,*,#2480,.T.);
#1634=ORIENTED_EDGE('',*,*,#2476,.T.);
#1635=ORIENTED_EDGE('',*,*,#2481,.T.);
#1636=ORIENTED_EDGE('',*,*,#2474,.F.);
#1637=ORIENTED_EDGE('',*,*,#2482,.T.);
#1638=ORIENTED_EDGE('',*,*,#2479,.T.);
#1639=ORIENTED_EDGE('',*,*,#2483,.T.);
#1640=ORIENTED_EDGE('',*,*,#2484,.T.);
#1641=ORIENTED_EDGE('',*,*,#2485,.T.);
#1642=ORIENTED_EDGE('',*,*,#2486,.T.);
#1643=ORIENTED_EDGE('',*,*,#2487,.T.);
#1644=ORIENTED_EDGE('',*,*,#2475,.F.);
#1645=ORIENTED_EDGE('',*,*,#2483,.F.);
#1646=ORIENTED_EDGE('',*,*,#2481,.F.);
#1647=ORIENTED_EDGE('',*,*,#2478,.F.);
#1648=ORIENTED_EDGE('',*,*,#2488,.F.);
#1649=ORIENTED_EDGE('',*,*,#2480,.F.);
#1650=ORIENTED_EDGE('',*,*,#2489,.F.);
#1651=ORIENTED_EDGE('',*,*,#2487,.F.);
#1652=ORIENTED_EDGE('',*,*,#2489,.T.);
#1653=ORIENTED_EDGE('',*,*,#2482,.F.);
#1654=ORIENTED_EDGE('',*,*,#2490,.F.);
#1655=ORIENTED_EDGE('',*,*,#2484,.F.);
#1656=ORIENTED_EDGE('',*,*,#2488,.T.);
#1657=ORIENTED_EDGE('',*,*,#2486,.F.);
#1658=ORIENTED_EDGE('',*,*,#2491,.F.);
#1659=ORIENTED_EDGE('',*,*,#2477,.F.);
#1660=ORIENTED_EDGE('',*,*,#2490,.T.);
#1661=ORIENTED_EDGE('',*,*,#2473,.F.);
#1662=ORIENTED_EDGE('',*,*,#2491,.T.);
#1663=ORIENTED_EDGE('',*,*,#2485,.F.);
#1664=ORIENTED_EDGE('',*,*,#2492,.F.);
#1665=ORIENTED_EDGE('',*,*,#2493,.F.);
#1666=ORIENTED_EDGE('',*,*,#2494,.T.);
#1667=ORIENTED_EDGE('',*,*,#2495,.T.);
#1668=ORIENTED_EDGE('',*,*,#2496,.T.);
#1669=ORIENTED_EDGE('',*,*,#2497,.F.);
#1670=ORIENTED_EDGE('',*,*,#2498,.F.);
#1671=ORIENTED_EDGE('',*,*,#2493,.T.);
#1672=ORIENTED_EDGE('',*,*,#2499,.F.);
#1673=ORIENTED_EDGE('',*,*,#2495,.F.);
#1674=ORIENTED_EDGE('',*,*,#2500,.T.);
#1675=ORIENTED_EDGE('',*,*,#2501,.T.);
#1676=ORIENTED_EDGE('',*,*,#2494,.F.);
#1677=ORIENTED_EDGE('',*,*,#2498,.T.);
#1678=ORIENTED_EDGE('',*,*,#2502,.T.);
#1679=ORIENTED_EDGE('',*,*,#2500,.F.);
#1680=ORIENTED_EDGE('',*,*,#2492,.T.);
#1681=ORIENTED_EDGE('',*,*,#2499,.T.);
#1682=ORIENTED_EDGE('',*,*,#2503,.F.);
#1683=ORIENTED_EDGE('',*,*,#2496,.F.);
#1684=ORIENTED_EDGE('',*,*,#2503,.T.);
#1685=ORIENTED_EDGE('',*,*,#2501,.F.);
#1686=ORIENTED_EDGE('',*,*,#2502,.F.);
#1687=ORIENTED_EDGE('',*,*,#2497,.T.);
#1688=ORIENTED_EDGE('',*,*,#2504,.T.);
#1689=ORIENTED_EDGE('',*,*,#2505,.T.);
#1690=ORIENTED_EDGE('',*,*,#2506,.T.);
#1691=ORIENTED_EDGE('',*,*,#2507,.F.);
#1692=ORIENTED_EDGE('',*,*,#2508,.F.);
#1693=ORIENTED_EDGE('',*,*,#2509,.T.);
#1694=ORIENTED_EDGE('',*,*,#2510,.F.);
#1695=ORIENTED_EDGE('',*,*,#2511,.T.);
#1696=ORIENTED_EDGE('',*,*,#2508,.T.);
#1697=ORIENTED_EDGE('',*,*,#2512,.T.);
#1698=ORIENTED_EDGE('',*,*,#2513,.F.);
#1699=ORIENTED_EDGE('',*,*,#2514,.T.);
#1700=ORIENTED_EDGE('',*,*,#2515,.F.);
#1701=ORIENTED_EDGE('',*,*,#2516,.T.);
#1702=ORIENTED_EDGE('',*,*,#2510,.T.);
#1703=ORIENTED_EDGE('',*,*,#2517,.T.);
#1704=ORIENTED_EDGE('',*,*,#2506,.F.);
#1705=ORIENTED_EDGE('',*,*,#2518,.T.);
#1706=ORIENTED_EDGE('',*,*,#2513,.T.);
#1707=ORIENTED_EDGE('',*,*,#2519,.F.);
#1708=ORIENTED_EDGE('',*,*,#2520,.T.);
#1709=ORIENTED_EDGE('',*,*,#2515,.T.);
#1710=ORIENTED_EDGE('',*,*,#2521,.T.);
#1711=ORIENTED_EDGE('',*,*,#2504,.F.);
#1712=ORIENTED_EDGE('',*,*,#2522,.T.);
#1713=ORIENTED_EDGE('',*,*,#2523,.F.);
#1714=ORIENTED_EDGE('',*,*,#2507,.T.);
#1715=ORIENTED_EDGE('',*,*,#2519,.T.);
#1716=ORIENTED_EDGE('',*,*,#2517,.F.);
#1717=ORIENTED_EDGE('',*,*,#2512,.F.);
#1718=ORIENTED_EDGE('',*,*,#2524,.T.);
#1719=ORIENTED_EDGE('',*,*,#2523,.T.);
#1720=ORIENTED_EDGE('',*,*,#2524,.F.);
#1721=ORIENTED_EDGE('',*,*,#2520,.F.);
#1722=ORIENTED_EDGE('',*,*,#2505,.F.);
#1723=ORIENTED_EDGE('',*,*,#2521,.F.);
#1724=ORIENTED_EDGE('',*,*,#2514,.F.);
#1725=ORIENTED_EDGE('',*,*,#2518,.F.);
#1726=ORIENTED_EDGE('',*,*,#2509,.F.);
#1727=ORIENTED_EDGE('',*,*,#2511,.F.);
#1728=ORIENTED_EDGE('',*,*,#2516,.F.);
#1729=ORIENTED_EDGE('',*,*,#2522,.F.);
#1730=ORIENTED_EDGE('',*,*,#2525,.T.);
#1731=ORIENTED_EDGE('',*,*,#2526,.F.);
#1732=ORIENTED_EDGE('',*,*,#2527,.F.);
#1733=ORIENTED_EDGE('',*,*,#2528,.T.);
#1734=ORIENTED_EDGE('',*,*,#2529,.T.);
#1735=ORIENTED_EDGE('',*,*,#2530,.F.);
#1736=ORIENTED_EDGE('',*,*,#2531,.F.);
#1737=ORIENTED_EDGE('',*,*,#2526,.T.);
#1738=ORIENTED_EDGE('',*,*,#2532,.T.);
#1739=ORIENTED_EDGE('',*,*,#2533,.F.);
#1740=ORIENTED_EDGE('',*,*,#2534,.F.);
#1741=ORIENTED_EDGE('',*,*,#2530,.T.);
#1742=ORIENTED_EDGE('',*,*,#2535,.T.);
#1743=ORIENTED_EDGE('',*,*,#2536,.F.);
#1744=ORIENTED_EDGE('',*,*,#2537,.F.);
#1745=ORIENTED_EDGE('',*,*,#2533,.T.);
#1746=ORIENTED_EDGE('',*,*,#2538,.T.);
#1747=ORIENTED_EDGE('',*,*,#2539,.F.);
#1748=ORIENTED_EDGE('',*,*,#2540,.F.);
#1749=ORIENTED_EDGE('',*,*,#2536,.T.);
#1750=ORIENTED_EDGE('',*,*,#2541,.T.);
#1751=ORIENTED_EDGE('',*,*,#2528,.F.);
#1752=ORIENTED_EDGE('',*,*,#2542,.F.);
#1753=ORIENTED_EDGE('',*,*,#2539,.T.);
#1754=ORIENTED_EDGE('',*,*,#2527,.T.);
#1755=ORIENTED_EDGE('',*,*,#2531,.T.);
#1756=ORIENTED_EDGE('',*,*,#2534,.T.);
#1757=ORIENTED_EDGE('',*,*,#2537,.T.);
#1758=ORIENTED_EDGE('',*,*,#2540,.T.);
#1759=ORIENTED_EDGE('',*,*,#2542,.T.);
#1760=ORIENTED_EDGE('',*,*,#2525,.F.);
#1761=ORIENTED_EDGE('',*,*,#2541,.F.);
#1762=ORIENTED_EDGE('',*,*,#2538,.F.);
#1763=ORIENTED_EDGE('',*,*,#2535,.F.);
#1764=ORIENTED_EDGE('',*,*,#2532,.F.);
#1765=ORIENTED_EDGE('',*,*,#2529,.F.);
#1766=ORIENTED_EDGE('',*,*,#2543,.F.);
#1767=ORIENTED_EDGE('',*,*,#2544,.T.);
#1768=ORIENTED_EDGE('',*,*,#2543,.T.);
#1769=ORIENTED_EDGE('',*,*,#2544,.F.);
#1770=ORIENTED_EDGE('',*,*,#2545,.F.);
#1771=ORIENTED_EDGE('',*,*,#2546,.T.);
#1772=ORIENTED_EDGE('',*,*,#2547,.T.);
#1773=ORIENTED_EDGE('',*,*,#2548,.T.);
#1774=ORIENTED_EDGE('',*,*,#2549,.F.);
#1775=ORIENTED_EDGE('',*,*,#2550,.T.);
#1776=ORIENTED_EDGE('',*,*,#2551,.T.);
#1777=ORIENTED_EDGE('',*,*,#2552,.F.);
#1778=ORIENTED_EDGE('',*,*,#2553,.F.);
#1779=ORIENTED_EDGE('',*,*,#2548,.F.);
#1780=ORIENTED_EDGE('',*,*,#2554,.T.);
#1781=ORIENTED_EDGE('',*,*,#2552,.T.);
#1782=ORIENTED_EDGE('',*,*,#2547,.F.);
#1783=ORIENTED_EDGE('',*,*,#2555,.T.);
#1784=ORIENTED_EDGE('',*,*,#2549,.T.);
#1785=ORIENTED_EDGE('',*,*,#2554,.F.);
#1786=ORIENTED_EDGE('',*,*,#2551,.F.);
#1787=ORIENTED_EDGE('',*,*,#2556,.T.);
#1788=ORIENTED_EDGE('',*,*,#2545,.T.);
#1789=ORIENTED_EDGE('',*,*,#2553,.T.);
#1790=ORIENTED_EDGE('',*,*,#2546,.F.);
#1791=ORIENTED_EDGE('',*,*,#2556,.F.);
#1792=ORIENTED_EDGE('',*,*,#2550,.F.);
#1793=ORIENTED_EDGE('',*,*,#2555,.F.);
#1794=ORIENTED_EDGE('',*,*,#2557,.F.);
#1795=ORIENTED_EDGE('',*,*,#2558,.F.);
#1796=ORIENTED_EDGE('',*,*,#2559,.T.);
#1797=ORIENTED_EDGE('',*,*,#2560,.T.);
#1798=ORIENTED_EDGE('',*,*,#2561,.T.);
#1799=ORIENTED_EDGE('',*,*,#2562,.F.);
#1800=ORIENTED_EDGE('',*,*,#2563,.F.);
#1801=ORIENTED_EDGE('',*,*,#2558,.T.);
#1802=ORIENTED_EDGE('',*,*,#2564,.T.);
#1803=ORIENTED_EDGE('',*,*,#2565,.F.);
#1804=ORIENTED_EDGE('',*,*,#2566,.F.);
#1805=ORIENTED_EDGE('',*,*,#2562,.T.);
#1806=ORIENTED_EDGE('',*,*,#2567,.F.);
#1807=ORIENTED_EDGE('',*,*,#2560,.F.);
#1808=ORIENTED_EDGE('',*,*,#2568,.T.);
#1809=ORIENTED_EDGE('',*,*,#2565,.T.);
#1810=ORIENTED_EDGE('',*,*,#2559,.F.);
#1811=ORIENTED_EDGE('',*,*,#2563,.T.);
#1812=ORIENTED_EDGE('',*,*,#2566,.T.);
#1813=ORIENTED_EDGE('',*,*,#2568,.F.);
#1814=ORIENTED_EDGE('',*,*,#2557,.T.);
#1815=ORIENTED_EDGE('',*,*,#2567,.T.);
#1816=ORIENTED_EDGE('',*,*,#2564,.F.);
#1817=ORIENTED_EDGE('',*,*,#2561,.F.);
#1818=ORIENTED_EDGE('',*,*,#2569,.F.);
#1819=ORIENTED_EDGE('',*,*,#2570,.T.);
#1820=ORIENTED_EDGE('',*,*,#2569,.T.);
#1821=ORIENTED_EDGE('',*,*,#2570,.F.);
#1822=ORIENTED_EDGE('',*,*,#2571,.F.);
#1823=ORIENTED_EDGE('',*,*,#2572,.F.);
#1824=ORIENTED_EDGE('',*,*,#2573,.T.);
#1825=ORIENTED_EDGE('',*,*,#2574,.T.);
#1826=ORIENTED_EDGE('',*,*,#2575,.T.);
#1827=ORIENTED_EDGE('',*,*,#2576,.F.);
#1828=ORIENTED_EDGE('',*,*,#2577,.F.);
#1829=ORIENTED_EDGE('',*,*,#2572,.T.);
#1830=ORIENTED_EDGE('',*,*,#2578,.F.);
#1831=ORIENTED_EDGE('',*,*,#2574,.F.);
#1832=ORIENTED_EDGE('',*,*,#2579,.T.);
#1833=ORIENTED_EDGE('',*,*,#2580,.T.);
#1834=ORIENTED_EDGE('',*,*,#2573,.F.);
#1835=ORIENTED_EDGE('',*,*,#2577,.T.);
#1836=ORIENTED_EDGE('',*,*,#2581,.T.);
#1837=ORIENTED_EDGE('',*,*,#2579,.F.);
#1838=ORIENTED_EDGE('',*,*,#2571,.T.);
#1839=ORIENTED_EDGE('',*,*,#2578,.T.);
#1840=ORIENTED_EDGE('',*,*,#2582,.F.);
#1841=ORIENTED_EDGE('',*,*,#2575,.F.);
#1842=ORIENTED_EDGE('',*,*,#2582,.T.);
#1843=ORIENTED_EDGE('',*,*,#2580,.F.);
#1844=ORIENTED_EDGE('',*,*,#2581,.F.);
#1845=ORIENTED_EDGE('',*,*,#2576,.T.);
#1846=ORIENTED_EDGE('',*,*,#2583,.F.);
#1847=ORIENTED_EDGE('',*,*,#2584,.F.);
#1848=ORIENTED_EDGE('',*,*,#2585,.T.);
#1849=ORIENTED_EDGE('',*,*,#2586,.T.);
#1850=ORIENTED_EDGE('',*,*,#2587,.T.);
#1851=ORIENTED_EDGE('',*,*,#2588,.F.);
#1852=ORIENTED_EDGE('',*,*,#2589,.F.);
#1853=ORIENTED_EDGE('',*,*,#2584,.T.);
#1854=ORIENTED_EDGE('',*,*,#2590,.T.);
#1855=ORIENTED_EDGE('',*,*,#2591,.F.);
#1856=ORIENTED_EDGE('',*,*,#2592,.F.);
#1857=ORIENTED_EDGE('',*,*,#2588,.T.);
#1858=ORIENTED_EDGE('',*,*,#2593,.F.);
#1859=ORIENTED_EDGE('',*,*,#2586,.F.);
#1860=ORIENTED_EDGE('',*,*,#2594,.T.);
#1861=ORIENTED_EDGE('',*,*,#2591,.T.);
#1862=ORIENTED_EDGE('',*,*,#2585,.F.);
#1863=ORIENTED_EDGE('',*,*,#2589,.T.);
#1864=ORIENTED_EDGE('',*,*,#2592,.T.);
#1865=ORIENTED_EDGE('',*,*,#2594,.F.);
#1866=ORIENTED_EDGE('',*,*,#2583,.T.);
#1867=ORIENTED_EDGE('',*,*,#2593,.T.);
#1868=ORIENTED_EDGE('',*,*,#2590,.F.);
#1869=ORIENTED_EDGE('',*,*,#2587,.F.);
#1870=ORIENTED_EDGE('',*,*,#2595,.F.);
#1871=ORIENTED_EDGE('',*,*,#2595,.T.);
#1872=ORIENTED_EDGE('',*,*,#2596,.T.);
#1873=ORIENTED_EDGE('',*,*,#2597,.T.);
#1874=ORIENTED_EDGE('',*,*,#2598,.F.);
#1875=ORIENTED_EDGE('',*,*,#2599,.F.);
#1876=ORIENTED_EDGE('',*,*,#2600,.T.);
#1877=ORIENTED_EDGE('',*,*,#2601,.F.);
#1878=ORIENTED_EDGE('',*,*,#2596,.F.);
#1879=ORIENTED_EDGE('',*,*,#2602,.T.);
#1880=ORIENTED_EDGE('',*,*,#2603,.T.);
#1881=ORIENTED_EDGE('',*,*,#2604,.F.);
#1882=ORIENTED_EDGE('',*,*,#2600,.F.);
#1883=ORIENTED_EDGE('',*,*,#2605,.T.);
#1884=ORIENTED_EDGE('',*,*,#2606,.F.);
#1885=ORIENTED_EDGE('',*,*,#2598,.T.);
#1886=ORIENTED_EDGE('',*,*,#2607,.T.);
#1887=ORIENTED_EDGE('',*,*,#2603,.F.);
#1888=ORIENTED_EDGE('',*,*,#2599,.T.);
#1889=ORIENTED_EDGE('',*,*,#2606,.T.);
#1890=ORIENTED_EDGE('',*,*,#2605,.F.);
#1891=ORIENTED_EDGE('',*,*,#2602,.F.);
#1892=ORIENTED_EDGE('',*,*,#2597,.F.);
#1893=ORIENTED_EDGE('',*,*,#2601,.T.);
#1894=ORIENTED_EDGE('',*,*,#2604,.T.);
#1895=ORIENTED_EDGE('',*,*,#2607,.F.);
#1896=ORIENTED_EDGE('',*,*,#2608,.T.);
#1897=ORIENTED_EDGE('',*,*,#2609,.T.);
#1898=ORIENTED_EDGE('',*,*,#2610,.F.);
#1899=ORIENTED_EDGE('',*,*,#2608,.F.);
#1900=ORIENTED_EDGE('',*,*,#2611,.T.);
#1901=ORIENTED_EDGE('',*,*,#2610,.T.);
#1902=ORIENTED_EDGE('',*,*,#2609,.F.);
#1903=ORIENTED_EDGE('',*,*,#2611,.F.);
#1904=ORIENTED_EDGE('',*,*,#2612,.F.);
#1905=ORIENTED_EDGE('',*,*,#2613,.T.);
#1906=ORIENTED_EDGE('',*,*,#2612,.T.);
#1907=ORIENTED_EDGE('',*,*,#2613,.F.);
#1908=ORIENTED_EDGE('',*,*,#2614,.F.);
#1909=ORIENTED_EDGE('',*,*,#2615,.F.);
#1910=ORIENTED_EDGE('',*,*,#2616,.T.);
#1911=ORIENTED_EDGE('',*,*,#2617,.T.);
#1912=ORIENTED_EDGE('',*,*,#2618,.F.);
#1913=ORIENTED_EDGE('',*,*,#2619,.F.);
#1914=ORIENTED_EDGE('',*,*,#2620,.F.);
#1915=ORIENTED_EDGE('',*,*,#2621,.F.);
#1916=ORIENTED_EDGE('',*,*,#2622,.T.);
#1917=ORIENTED_EDGE('',*,*,#2623,.T.);
#1918=ORIENTED_EDGE('',*,*,#2624,.T.);
#1919=ORIENTED_EDGE('',*,*,#2616,.F.);
#1920=ORIENTED_EDGE('',*,*,#2625,.F.);
#1921=ORIENTED_EDGE('',*,*,#2621,.T.);
#1922=ORIENTED_EDGE('',*,*,#2626,.F.);
#1923=ORIENTED_EDGE('',*,*,#2627,.T.);
#1924=ORIENTED_EDGE('',*,*,#2618,.T.);
#1925=ORIENTED_EDGE('',*,*,#2628,.F.);
#1926=ORIENTED_EDGE('',*,*,#2623,.F.);
#1927=ORIENTED_EDGE('',*,*,#2629,.T.);
#1928=ORIENTED_EDGE('',*,*,#2630,.F.);
#1929=ORIENTED_EDGE('',*,*,#2629,.F.);
#1930=ORIENTED_EDGE('',*,*,#2622,.F.);
#1931=ORIENTED_EDGE('',*,*,#2625,.T.);
#1932=ORIENTED_EDGE('',*,*,#2615,.T.);
#1933=ORIENTED_EDGE('',*,*,#2631,.T.);
#1934=ORIENTED_EDGE('',*,*,#2620,.T.);
#1935=ORIENTED_EDGE('',*,*,#2628,.T.);
#1936=ORIENTED_EDGE('',*,*,#2617,.F.);
#1937=ORIENTED_EDGE('',*,*,#2624,.F.);
#1938=ORIENTED_EDGE('',*,*,#2632,.F.);
#1939=ORIENTED_EDGE('',*,*,#2619,.T.);
#1940=ORIENTED_EDGE('',*,*,#2627,.F.);
#1941=ORIENTED_EDGE('',*,*,#2633,.T.);
#1942=ORIENTED_EDGE('',*,*,#2634,.T.);
#1943=ORIENTED_EDGE('',*,*,#2635,.F.);
#1944=ORIENTED_EDGE('',*,*,#2631,.F.);
#1945=ORIENTED_EDGE('',*,*,#2614,.T.);
#1946=ORIENTED_EDGE('',*,*,#2632,.T.);
#1947=ORIENTED_EDGE('',*,*,#2636,.F.);
#1948=ORIENTED_EDGE('',*,*,#2637,.F.);
#1949=ORIENTED_EDGE('',*,*,#2638,.T.);
#1950=ORIENTED_EDGE('',*,*,#2633,.F.);
#1951=ORIENTED_EDGE('',*,*,#2626,.T.);
#1952=ORIENTED_EDGE('',*,*,#2630,.T.);
#1953=ORIENTED_EDGE('',*,*,#2638,.F.);
#1954=ORIENTED_EDGE('',*,*,#2639,.T.);
#1955=ORIENTED_EDGE('',*,*,#2640,.T.);
#1956=ORIENTED_EDGE('',*,*,#2635,.T.);
#1957=ORIENTED_EDGE('',*,*,#2641,.F.);
#1958=ORIENTED_EDGE('',*,*,#2642,.F.);
#1959=ORIENTED_EDGE('',*,*,#2636,.T.);
#1960=ORIENTED_EDGE('',*,*,#2634,.F.);
#1961=ORIENTED_EDGE('',*,*,#2640,.F.);
#1962=ORIENTED_EDGE('',*,*,#2643,.T.);
#1963=ORIENTED_EDGE('',*,*,#2641,.T.);
#1964=ORIENTED_EDGE('',*,*,#2639,.F.);
#1965=ORIENTED_EDGE('',*,*,#2637,.T.);
#1966=ORIENTED_EDGE('',*,*,#2642,.T.);
#1967=ORIENTED_EDGE('',*,*,#2643,.F.);
#1968=ORIENTED_EDGE('',*,*,#2644,.T.);
#1969=ORIENTED_EDGE('',*,*,#2645,.F.);
#1970=ORIENTED_EDGE('',*,*,#2644,.F.);
#1971=ORIENTED_EDGE('',*,*,#2645,.T.);
#1972=ORIENTED_EDGE('',*,*,#2646,.F.);
#1973=ORIENTED_EDGE('',*,*,#2647,.T.);
#1974=ORIENTED_EDGE('',*,*,#2646,.T.);
#1975=ORIENTED_EDGE('',*,*,#2647,.F.);
#1976=ORIENTED_EDGE('',*,*,#2648,.T.);
#1977=ORIENTED_EDGE('',*,*,#2648,.F.);
#1978=ORIENTED_EDGE('',*,*,#2649,.T.);
#1979=ORIENTED_EDGE('',*,*,#2650,.F.);
#1980=ORIENTED_EDGE('',*,*,#2651,.F.);
#1981=ORIENTED_EDGE('',*,*,#2652,.T.);
#1982=ORIENTED_EDGE('',*,*,#2653,.T.);
#1983=ORIENTED_EDGE('',*,*,#2654,.F.);
#1984=ORIENTED_EDGE('',*,*,#2655,.F.);
#1985=ORIENTED_EDGE('',*,*,#2650,.T.);
#1986=ORIENTED_EDGE('',*,*,#2656,.T.);
#1987=ORIENTED_EDGE('',*,*,#2652,.F.);
#1988=ORIENTED_EDGE('',*,*,#2657,.F.);
#1989=ORIENTED_EDGE('',*,*,#2654,.T.);
#1990=ORIENTED_EDGE('',*,*,#2651,.T.);
#1991=ORIENTED_EDGE('',*,*,#2655,.T.);
#1992=ORIENTED_EDGE('',*,*,#2657,.T.);
#1993=ORIENTED_EDGE('',*,*,#2649,.F.);
#1994=ORIENTED_EDGE('',*,*,#2656,.F.);
#1995=ORIENTED_EDGE('',*,*,#2653,.F.);
#1996=ORIENTED_EDGE('',*,*,#2658,.T.);
#1997=ORIENTED_EDGE('',*,*,#2659,.T.);
#1998=ORIENTED_EDGE('',*,*,#2660,.F.);
#1999=ORIENTED_EDGE('',*,*,#2661,.F.);
#2000=ORIENTED_EDGE('',*,*,#2660,.T.);
#2001=ORIENTED_EDGE('',*,*,#2662,.T.);
#2002=ORIENTED_EDGE('',*,*,#2663,.T.);
#2003=ORIENTED_EDGE('',*,*,#2664,.F.);
#2004=ORIENTED_EDGE('',*,*,#2665,.T.);
#2005=ORIENTED_EDGE('',*,*,#2666,.T.);
#2006=ORIENTED_EDGE('',*,*,#2667,.F.);
#2007=ORIENTED_EDGE('',*,*,#2668,.F.);
#2008=ORIENTED_EDGE('',*,*,#2669,.F.);
#2009=ORIENTED_EDGE('',*,*,#2670,.F.);
#2010=ORIENTED_EDGE('',*,*,#2661,.T.);
#2011=ORIENTED_EDGE('',*,*,#2668,.T.);
#2012=ORIENTED_EDGE('',*,*,#2671,.F.);
#2013=ORIENTED_EDGE('',*,*,#2672,.T.);
#2014=ORIENTED_EDGE('',*,*,#2673,.F.);
#2015=ORIENTED_EDGE('',*,*,#2674,.F.);
#2016=ORIENTED_EDGE('',*,*,#2658,.F.);
#2017=ORIENTED_EDGE('',*,*,#2670,.T.);
#2018=ORIENTED_EDGE('',*,*,#2675,.T.);
#2019=ORIENTED_EDGE('',*,*,#2676,.F.);
#2020=ORIENTED_EDGE('',*,*,#2677,.T.);
#2021=ORIENTED_EDGE('',*,*,#2666,.F.);
#2022=ORIENTED_EDGE('',*,*,#2678,.F.);
#2023=ORIENTED_EDGE('',*,*,#2676,.T.);
#2024=ORIENTED_EDGE('',*,*,#2679,.F.);
#2025=ORIENTED_EDGE('',*,*,#2671,.T.);
#2026=ORIENTED_EDGE('',*,*,#2678,.T.);
#2027=ORIENTED_EDGE('',*,*,#2665,.F.);
#2028=ORIENTED_EDGE('',*,*,#2669,.T.);
#2029=ORIENTED_EDGE('',*,*,#2667,.T.);
#2030=ORIENTED_EDGE('',*,*,#2677,.F.);
#2031=ORIENTED_EDGE('',*,*,#2675,.F.);
#2032=ORIENTED_EDGE('',*,*,#2680,.T.);
#2033=ORIENTED_EDGE('',*,*,#2662,.F.);
#2034=ORIENTED_EDGE('',*,*,#2659,.F.);
#2035=ORIENTED_EDGE('',*,*,#2674,.T.);
#2036=ORIENTED_EDGE('',*,*,#2681,.F.);
#2037=ORIENTED_EDGE('',*,*,#2672,.F.);
#2038=ORIENTED_EDGE('',*,*,#2679,.T.);
#2039=ORIENTED_EDGE('',*,*,#2664,.T.);
#2040=ORIENTED_EDGE('',*,*,#2680,.F.);
#2041=ORIENTED_EDGE('',*,*,#2673,.T.);
#2042=ORIENTED_EDGE('',*,*,#2681,.T.);
#2043=ORIENTED_EDGE('',*,*,#2663,.F.);
#2044=ORIENTED_EDGE('',*,*,#2682,.F.);
#2045=ORIENTED_EDGE('',*,*,#2683,.F.);
#2046=ORIENTED_EDGE('',*,*,#2684,.T.);
#2047=ORIENTED_EDGE('',*,*,#2685,.T.);
#2048=ORIENTED_EDGE('',*,*,#2686,.T.);
#2049=ORIENTED_EDGE('',*,*,#2687,.F.);
#2050=ORIENTED_EDGE('',*,*,#2688,.F.);
#2051=ORIENTED_EDGE('',*,*,#2683,.T.);
#2052=ORIENTED_EDGE('',*,*,#2689,.T.);
#2053=ORIENTED_EDGE('',*,*,#2690,.F.);
#2054=ORIENTED_EDGE('',*,*,#2691,.F.);
#2055=ORIENTED_EDGE('',*,*,#2687,.T.);
#2056=ORIENTED_EDGE('',*,*,#2692,.F.);
#2057=ORIENTED_EDGE('',*,*,#2685,.F.);
#2058=ORIENTED_EDGE('',*,*,#2693,.T.);
#2059=ORIENTED_EDGE('',*,*,#2690,.T.);
#2060=ORIENTED_EDGE('',*,*,#2694,.F.);
#2061=ORIENTED_EDGE('',*,*,#2695,.F.);
#2062=ORIENTED_EDGE('',*,*,#2696,.T.);
#2063=ORIENTED_EDGE('',*,*,#2697,.T.);
#2064=ORIENTED_EDGE('',*,*,#2684,.F.);
#2065=ORIENTED_EDGE('',*,*,#2688,.T.);
#2066=ORIENTED_EDGE('',*,*,#2691,.T.);
#2067=ORIENTED_EDGE('',*,*,#2693,.F.);
#2068=ORIENTED_EDGE('',*,*,#2698,.T.);
#2069=ORIENTED_EDGE('',*,*,#2699,.T.);
#2070=ORIENTED_EDGE('',*,*,#2700,.F.);
#2071=ORIENTED_EDGE('',*,*,#2701,.F.);
#2072=ORIENTED_EDGE('',*,*,#2682,.T.);
#2073=ORIENTED_EDGE('',*,*,#2692,.T.);
#2074=ORIENTED_EDGE('',*,*,#2689,.F.);
#2075=ORIENTED_EDGE('',*,*,#2686,.F.);
#2076=ORIENTED_EDGE('',*,*,#2694,.T.);
#2077=ORIENTED_EDGE('',*,*,#2702,.T.);
#2078=ORIENTED_EDGE('',*,*,#2699,.F.);
#2079=ORIENTED_EDGE('',*,*,#2703,.F.);
#2080=ORIENTED_EDGE('',*,*,#2704,.T.);
#2081=ORIENTED_EDGE('',*,*,#2700,.T.);
#2082=ORIENTED_EDGE('',*,*,#2702,.F.);
#2083=ORIENTED_EDGE('',*,*,#2697,.F.);
#2084=ORIENTED_EDGE('',*,*,#2705,.T.);
#2085=ORIENTED_EDGE('',*,*,#2701,.T.);
#2086=ORIENTED_EDGE('',*,*,#2704,.F.);
#2087=ORIENTED_EDGE('',*,*,#2696,.F.);
#2088=ORIENTED_EDGE('',*,*,#2695,.T.);
#2089=ORIENTED_EDGE('',*,*,#2703,.T.);
#2090=ORIENTED_EDGE('',*,*,#2698,.F.);
#2091=ORIENTED_EDGE('',*,*,#2705,.F.);
#2092=ORIENTED_EDGE('',*,*,#2706,.F.);
#2093=ORIENTED_EDGE('',*,*,#2707,.T.);
#2094=ORIENTED_EDGE('',*,*,#2706,.T.);
#2095=ORIENTED_EDGE('',*,*,#2707,.F.);
#2096=ORIENTED_EDGE('',*,*,#2708,.F.);
#2097=ORIENTED_EDGE('',*,*,#2709,.T.);
#2098=ORIENTED_EDGE('',*,*,#2708,.T.);
#2099=ORIENTED_EDGE('',*,*,#2709,.F.);
#2100=ORIENTED_EDGE('',*,*,#2710,.F.);
#2101=ORIENTED_EDGE('',*,*,#2711,.F.);
#2102=ORIENTED_EDGE('',*,*,#2712,.T.);
#2103=ORIENTED_EDGE('',*,*,#2713,.T.);
#2104=ORIENTED_EDGE('',*,*,#2714,.T.);
#2105=ORIENTED_EDGE('',*,*,#2715,.F.);
#2106=ORIENTED_EDGE('',*,*,#2716,.F.);
#2107=ORIENTED_EDGE('',*,*,#2711,.T.);
#2108=ORIENTED_EDGE('',*,*,#2717,.T.);
#2109=ORIENTED_EDGE('',*,*,#2718,.T.);
#2110=ORIENTED_EDGE('',*,*,#2719,.F.);
#2111=ORIENTED_EDGE('',*,*,#2715,.T.);
#2112=ORIENTED_EDGE('',*,*,#2720,.T.);
#2113=ORIENTED_EDGE('',*,*,#2721,.T.);
#2114=ORIENTED_EDGE('',*,*,#2722,.F.);
#2115=ORIENTED_EDGE('',*,*,#2713,.F.);
#2116=ORIENTED_EDGE('',*,*,#2719,.T.);
#2117=ORIENTED_EDGE('',*,*,#2723,.T.);
#2118=ORIENTED_EDGE('',*,*,#2720,.F.);
#2119=ORIENTED_EDGE('',*,*,#2712,.F.);
#2120=ORIENTED_EDGE('',*,*,#2716,.T.);
#2121=ORIENTED_EDGE('',*,*,#2722,.T.);
#2122=ORIENTED_EDGE('',*,*,#2724,.T.);
#2123=ORIENTED_EDGE('',*,*,#2717,.F.);
#2124=ORIENTED_EDGE('',*,*,#2714,.F.);
#2125=ORIENTED_EDGE('',*,*,#2710,.T.);
#2126=ORIENTED_EDGE('',*,*,#2723,.F.);
#2127=ORIENTED_EDGE('',*,*,#2718,.F.);
#2128=ORIENTED_EDGE('',*,*,#2724,.F.);
#2129=ORIENTED_EDGE('',*,*,#2721,.F.);
#2130=ORIENTED_EDGE('',*,*,#2725,.T.);
#2131=ORIENTED_EDGE('',*,*,#2726,.T.);
#2132=ORIENTED_EDGE('',*,*,#2726,.F.);
#2133=ORIENTED_EDGE('',*,*,#2725,.F.);
#2134=ORIENTED_EDGE('',*,*,#2727,.F.);
#2135=ORIENTED_EDGE('',*,*,#2728,.T.);
#2136=ORIENTED_EDGE('',*,*,#2727,.T.);
#2137=ORIENTED_EDGE('',*,*,#2728,.F.);
#2138=ORIENTED_EDGE('',*,*,#2729,.T.);
#2139=ORIENTED_EDGE('',*,*,#2730,.T.);
#2140=ORIENTED_EDGE('',*,*,#2731,.T.);
#2141=ORIENTED_EDGE('',*,*,#2732,.T.);
#2142=ORIENTED_EDGE('',*,*,#2733,.F.);
#2143=ORIENTED_EDGE('',*,*,#2734,.T.);
#2144=ORIENTED_EDGE('',*,*,#2735,.T.);
#2145=ORIENTED_EDGE('',*,*,#2736,.F.);
#2146=ORIENTED_EDGE('',*,*,#2736,.T.);
#2147=ORIENTED_EDGE('',*,*,#2737,.T.);
#2148=ORIENTED_EDGE('',*,*,#2738,.T.);
#2149=ORIENTED_EDGE('',*,*,#2739,.F.);
#2150=ORIENTED_EDGE('',*,*,#2740,.F.);
#2151=ORIENTED_EDGE('',*,*,#2741,.F.);
#2152=ORIENTED_EDGE('',*,*,#2742,.T.);
#2153=ORIENTED_EDGE('',*,*,#2732,.F.);
#2154=ORIENTED_EDGE('',*,*,#2743,.T.);
#2155=ORIENTED_EDGE('',*,*,#2739,.T.);
#2156=ORIENTED_EDGE('',*,*,#2731,.F.);
#2157=ORIENTED_EDGE('',*,*,#2744,.T.);
#2158=ORIENTED_EDGE('',*,*,#2733,.T.);
#2159=ORIENTED_EDGE('',*,*,#2740,.T.);
#2160=ORIENTED_EDGE('',*,*,#2743,.F.);
#2161=ORIENTED_EDGE('',*,*,#2745,.T.);
#2162=ORIENTED_EDGE('',*,*,#2746,.T.);
#2163=ORIENTED_EDGE('',*,*,#2741,.T.);
#2164=ORIENTED_EDGE('',*,*,#2738,.F.);
#2165=ORIENTED_EDGE('',*,*,#2737,.F.);
#2166=ORIENTED_EDGE('',*,*,#2735,.F.);
#2167=ORIENTED_EDGE('',*,*,#2747,.F.);
#2168=ORIENTED_EDGE('',*,*,#2745,.F.);
#2169=ORIENTED_EDGE('',*,*,#2742,.F.);
#2170=ORIENTED_EDGE('',*,*,#2746,.F.);
#2171=ORIENTED_EDGE('',*,*,#2748,.F.);
#2172=ORIENTED_EDGE('',*,*,#2729,.F.);
#2173=ORIENTED_EDGE('',*,*,#2748,.T.);
#2174=ORIENTED_EDGE('',*,*,#2747,.T.);
#2175=ORIENTED_EDGE('',*,*,#2749,.F.);
#2176=ORIENTED_EDGE('',*,*,#2744,.F.);
#2177=ORIENTED_EDGE('',*,*,#2730,.F.);
#2178=ORIENTED_EDGE('',*,*,#2749,.T.);
#2179=ORIENTED_EDGE('',*,*,#2734,.F.);
#2180=ORIENTED_EDGE('',*,*,#2750,.F.);
#2181=ORIENTED_EDGE('',*,*,#2751,.F.);
#2182=ORIENTED_EDGE('',*,*,#2752,.T.);
#2183=ORIENTED_EDGE('',*,*,#2753,.T.);
#2184=ORIENTED_EDGE('',*,*,#2751,.T.);
#2185=ORIENTED_EDGE('',*,*,#2754,.F.);
#2186=ORIENTED_EDGE('',*,*,#2755,.F.);
#2187=ORIENTED_EDGE('',*,*,#2756,.T.);
#2188=ORIENTED_EDGE('',*,*,#2755,.T.);
#2189=ORIENTED_EDGE('',*,*,#2757,.F.);
#2190=ORIENTED_EDGE('',*,*,#2758,.F.);
#2191=ORIENTED_EDGE('',*,*,#2759,.T.);
#2192=ORIENTED_EDGE('',*,*,#2758,.T.);
#2193=ORIENTED_EDGE('',*,*,#2760,.F.);
#2194=ORIENTED_EDGE('',*,*,#2753,.F.);
#2195=ORIENTED_EDGE('',*,*,#2761,.T.);
#2196=ORIENTED_EDGE('',*,*,#2750,.T.);
#2197=ORIENTED_EDGE('',*,*,#2760,.T.);
#2198=ORIENTED_EDGE('',*,*,#2757,.T.);
#2199=ORIENTED_EDGE('',*,*,#2754,.T.);
#2200=ORIENTED_EDGE('',*,*,#2752,.F.);
#2201=ORIENTED_EDGE('',*,*,#2756,.F.);
#2202=ORIENTED_EDGE('',*,*,#2759,.F.);
#2203=ORIENTED_EDGE('',*,*,#2761,.F.);
#2204=ORIENTED_EDGE('',*,*,#2762,.F.);
#2205=ORIENTED_EDGE('',*,*,#2763,.F.);
#2206=ORIENTED_EDGE('',*,*,#2764,.T.);
#2207=ORIENTED_EDGE('',*,*,#2765,.T.);
#2208=ORIENTED_EDGE('',*,*,#2766,.T.);
#2209=ORIENTED_EDGE('',*,*,#2767,.F.);
#2210=ORIENTED_EDGE('',*,*,#2768,.F.);
#2211=ORIENTED_EDGE('',*,*,#2763,.T.);
#2212=ORIENTED_EDGE('',*,*,#2769,.T.);
#2213=ORIENTED_EDGE('',*,*,#2770,.F.);
#2214=ORIENTED_EDGE('',*,*,#2771,.F.);
#2215=ORIENTED_EDGE('',*,*,#2767,.T.);
#2216=ORIENTED_EDGE('',*,*,#2772,.F.);
#2217=ORIENTED_EDGE('',*,*,#2765,.F.);
#2218=ORIENTED_EDGE('',*,*,#2773,.T.);
#2219=ORIENTED_EDGE('',*,*,#2770,.T.);
#2220=ORIENTED_EDGE('',*,*,#2764,.F.);
#2221=ORIENTED_EDGE('',*,*,#2768,.T.);
#2222=ORIENTED_EDGE('',*,*,#2771,.T.);
#2223=ORIENTED_EDGE('',*,*,#2773,.F.);
#2224=ORIENTED_EDGE('',*,*,#2762,.T.);
#2225=ORIENTED_EDGE('',*,*,#2772,.T.);
#2226=ORIENTED_EDGE('',*,*,#2769,.F.);
#2227=ORIENTED_EDGE('',*,*,#2766,.F.);
#2228=ORIENTED_EDGE('',*,*,#2774,.F.);
#2229=ORIENTED_EDGE('',*,*,#2775,.T.);
#2230=ORIENTED_EDGE('',*,*,#2776,.T.);
#2231=ORIENTED_EDGE('',*,*,#2777,.F.);
#2232=ORIENTED_EDGE('',*,*,#2778,.F.);
#2233=ORIENTED_EDGE('',*,*,#2779,.T.);
#2234=ORIENTED_EDGE('',*,*,#2780,.T.);
#2235=ORIENTED_EDGE('',*,*,#2781,.F.);
#2236=ORIENTED_EDGE('',*,*,#2782,.F.);
#2237=ORIENTED_EDGE('',*,*,#2783,.F.);
#2238=ORIENTED_EDGE('',*,*,#2774,.T.);
#2239=ORIENTED_EDGE('',*,*,#2784,.T.);
#2240=ORIENTED_EDGE('',*,*,#2785,.T.);
#2241=ORIENTED_EDGE('',*,*,#2786,.F.);
#2242=ORIENTED_EDGE('',*,*,#2775,.F.);
#2243=ORIENTED_EDGE('',*,*,#2783,.T.);
#2244=ORIENTED_EDGE('',*,*,#2787,.T.);
#2245=ORIENTED_EDGE('',*,*,#2788,.F.);
#2246=ORIENTED_EDGE('',*,*,#2776,.F.);
#2247=ORIENTED_EDGE('',*,*,#2786,.T.);
#2248=ORIENTED_EDGE('',*,*,#2789,.F.);
#2249=ORIENTED_EDGE('',*,*,#2784,.F.);
#2250=ORIENTED_EDGE('',*,*,#2777,.T.);
#2251=ORIENTED_EDGE('',*,*,#2788,.T.);
#2252=ORIENTED_EDGE('',*,*,#2782,.T.);
#2253=ORIENTED_EDGE('',*,*,#2789,.T.);
#2254=ORIENTED_EDGE('',*,*,#2787,.F.);
#2255=ORIENTED_EDGE('',*,*,#2785,.F.);
#2256=ORIENTED_EDGE('',*,*,#2790,.T.);
#2257=ORIENTED_EDGE('',*,*,#2791,.F.);
#2258=ORIENTED_EDGE('',*,*,#2779,.F.);
#2259=ORIENTED_EDGE('',*,*,#2792,.T.);
#2260=ORIENTED_EDGE('',*,*,#2793,.F.);
#2261=ORIENTED_EDGE('',*,*,#2792,.F.);
#2262=ORIENTED_EDGE('',*,*,#2778,.T.);
#2263=ORIENTED_EDGE('',*,*,#2794,.T.);
#2264=ORIENTED_EDGE('',*,*,#2795,.F.);
#2265=ORIENTED_EDGE('',*,*,#2794,.F.);
#2266=ORIENTED_EDGE('',*,*,#2781,.T.);
#2267=ORIENTED_EDGE('',*,*,#2796,.T.);
#2268=ORIENTED_EDGE('',*,*,#2797,.T.);
#2269=ORIENTED_EDGE('',*,*,#2796,.F.);
#2270=ORIENTED_EDGE('',*,*,#2780,.F.);
#2271=ORIENTED_EDGE('',*,*,#2791,.T.);
#2272=ORIENTED_EDGE('',*,*,#2790,.F.);
#2273=ORIENTED_EDGE('',*,*,#2793,.T.);
#2274=ORIENTED_EDGE('',*,*,#2795,.T.);
#2275=ORIENTED_EDGE('',*,*,#2797,.F.);
#2276=ORIENTED_EDGE('',*,*,#2798,.T.);
#2277=ORIENTED_EDGE('',*,*,#2799,.T.);
#2278=ORIENTED_EDGE('',*,*,#2800,.T.);
#2279=ORIENTED_EDGE('',*,*,#2799,.F.);
#2280=ORIENTED_EDGE('',*,*,#2798,.F.);
#2281=ORIENTED_EDGE('',*,*,#2800,.F.);
#2282=EDGE_CURVE('',#2801,#2802,#3161,.T.);
#2283=EDGE_CURVE('',#2803,#2802,#372,.T.);
#2284=EDGE_CURVE('',#2804,#2803,#3162,.T.);
#2285=EDGE_CURVE('',#2804,#2801,#373,.T.);
#2286=EDGE_CURVE('',#2802,#2805,#374,.T.);
#2287=EDGE_CURVE('',#2806,#2805,#375,.T.);
#2288=EDGE_CURVE('',#2803,#2806,#376,.T.);
#2289=EDGE_CURVE('',#2805,#2807,#3163,.T.);
#2290=EDGE_CURVE('',#2808,#2807,#377,.T.);
#2291=EDGE_CURVE('',#2806,#2808,#3164,.T.);
#2292=EDGE_CURVE('',#2807,#2801,#378,.T.);
#2293=EDGE_CURVE('',#2808,#2804,#379,.T.);
#2294=EDGE_CURVE('',#2809,#2810,#380,.T.);
#2295=EDGE_CURVE('',#2811,#2809,#381,.T.);
#2296=EDGE_CURVE('',#2811,#2812,#382,.T.);
#2297=EDGE_CURVE('',#2812,#2810,#383,.T.);
#2298=EDGE_CURVE('',#2810,#2813,#384,.T.);
#2299=EDGE_CURVE('',#2812,#2814,#385,.T.);
#2300=EDGE_CURVE('',#2814,#2813,#386,.T.);
#2301=EDGE_CURVE('',#2813,#2809,#387,.T.);
#2302=EDGE_CURVE('',#2814,#2811,#388,.T.);
#2303=EDGE_CURVE('',#2815,#2815,#3165,.T.);
#2304=EDGE_CURVE('',#2816,#2816,#3166,.T.);
#2305=EDGE_CURVE('',#2817,#2818,#389,.T.);
#2306=EDGE_CURVE('',#2817,#2819,#390,.F.);
#2307=EDGE_CURVE('',#2819,#2820,#391,.T.);
#2308=EDGE_CURVE('',#2820,#2818,#392,.T.);
#2309=EDGE_CURVE('',#2821,#2822,#393,.T.);
#2310=EDGE_CURVE('',#2821,#2823,#394,.T.);
#2311=EDGE_CURVE('',#2823,#2824,#395,.T.);
#2312=EDGE_CURVE('',#2822,#2824,#396,.T.);
#2313=EDGE_CURVE('',#2818,#2824,#397,.T.);
#2314=EDGE_CURVE('',#2820,#2822,#398,.T.);
#2315=EDGE_CURVE('',#2819,#2825,#3167,.T.);
#2316=EDGE_CURVE('',#2825,#2821,#3168,.T.);
#2317=EDGE_CURVE('',#2823,#2826,#3169,.F.);
#2318=EDGE_CURVE('',#2826,#2817,#3170,.F.);
#2319=EDGE_CURVE('',#2825,#2826,#399,.T.);
#2320=EDGE_CURVE('',#2827,#2828,#400,.T.);
#2321=EDGE_CURVE('',#2829,#2827,#401,.T.);
#2322=EDGE_CURVE('',#2829,#2830,#402,.T.);
#2323=EDGE_CURVE('',#2830,#2828,#403,.T.);
#2324=EDGE_CURVE('',#2827,#2831,#404,.T.);
#2325=EDGE_CURVE('',#2832,#2831,#405,.T.);
#2326=EDGE_CURVE('',#2829,#2832,#406,.T.);
#2327=EDGE_CURVE('',#2828,#2833,#407,.T.);
#2328=EDGE_CURVE('',#2830,#2834,#408,.T.);
#2329=EDGE_CURVE('',#2834,#2833,#409,.T.);
#2330=EDGE_CURVE('',#2832,#2834,#410,.T.);
#2331=EDGE_CURVE('',#2831,#2833,#411,.T.);
#2332=EDGE_CURVE('',#2835,#2836,#412,.T.);
#2333=EDGE_CURVE('',#2837,#2836,#413,.T.);
#2334=EDGE_CURVE('',#2838,#2837,#414,.T.);
#2335=EDGE_CURVE('',#2838,#2835,#415,.T.);
#2336=EDGE_CURVE('',#2836,#2839,#416,.T.);
#2337=EDGE_CURVE('',#2840,#2839,#417,.T.);
#2338=EDGE_CURVE('',#2837,#2840,#418,.T.);
#2339=EDGE_CURVE('',#2839,#2841,#419,.T.);
#2340=EDGE_CURVE('',#2842,#2841,#420,.T.);
#2341=EDGE_CURVE('',#2840,#2842,#421,.T.);
#2342=EDGE_CURVE('',#2841,#2835,#422,.T.);
#2343=EDGE_CURVE('',#2842,#2838,#423,.T.);
#2344=EDGE_CURVE('',#2843,#2843,#3171,.T.);
#2345=EDGE_CURVE('',#2844,#2844,#3172,.T.);
#2346=EDGE_CURVE('',#2845,#2845,#39,.T.);
#2347=EDGE_CURVE('',#2846,#2846,#3173,.T.);
#2348=EDGE_CURVE('',#2847,#2848,#424,.T.);
#2349=EDGE_CURVE('',#2849,#2847,#425,.T.);
#2350=EDGE_CURVE('',#2849,#2850,#426,.T.);
#2351=EDGE_CURVE('',#2850,#2848,#427,.T.);
#2352=EDGE_CURVE('',#2847,#2851,#428,.T.);
#2353=EDGE_CURVE('',#2852,#2851,#429,.T.);
#2354=EDGE_CURVE('',#2849,#2852,#430,.T.);
#2355=EDGE_CURVE('',#2848,#2853,#431,.T.);
#2356=EDGE_CURVE('',#2850,#2854,#432,.T.);
#2357=EDGE_CURVE('',#2854,#2853,#433,.T.);
#2358=EDGE_CURVE('',#2852,#2854,#434,.T.);
#2359=EDGE_CURVE('',#2851,#2853,#435,.T.);
#2360=EDGE_CURVE('',#2855,#2856,#436,.T.);
#2361=EDGE_CURVE('',#2857,#2855,#437,.T.);
#2362=EDGE_CURVE('',#2857,#2858,#438,.T.);
#2363=EDGE_CURVE('',#2858,#2856,#439,.T.);
#2364=EDGE_CURVE('',#2855,#2859,#440,.T.);
#2365=EDGE_CURVE('',#2860,#2859,#441,.T.);
#2366=EDGE_CURVE('',#2857,#2860,#442,.T.);
#2367=EDGE_CURVE('',#2856,#2861,#443,.T.);
#2368=EDGE_CURVE('',#2858,#2862,#444,.T.);
#2369=EDGE_CURVE('',#2862,#2861,#445,.T.);
#2370=EDGE_CURVE('',#2860,#2862,#446,.T.);
#2371=EDGE_CURVE('',#2859,#2861,#447,.T.);
#2372=EDGE_CURVE('',#2863,#2864,#448,.T.);
#2373=EDGE_CURVE('',#2865,#2863,#449,.T.);
#2374=EDGE_CURVE('',#2865,#2866,#450,.T.);
#2375=EDGE_CURVE('',#2866,#2864,#451,.T.);
#2376=EDGE_CURVE('',#2863,#2867,#452,.T.);
#2377=EDGE_CURVE('',#2868,#2867,#453,.T.);
#2378=EDGE_CURVE('',#2865,#2868,#454,.T.);
#2379=EDGE_CURVE('',#2867,#2869,#455,.T.);
#2380=EDGE_CURVE('',#2870,#2869,#456,.T.);
#2381=EDGE_CURVE('',#2868,#2870,#457,.T.);
#2382=EDGE_CURVE('',#2871,#2871,#3174,.T.);
#2383=EDGE_CURVE('',#2872,#2872,#3175,.T.);
#2384=EDGE_CURVE('',#2864,#2869,#458,.T.);
#2385=EDGE_CURVE('',#2866,#2870,#459,.T.);
#2386=EDGE_CURVE('',#2873,#2873,#3176,.T.);
#2387=EDGE_CURVE('',#2874,#2874,#3177,.T.);
#2388=EDGE_CURVE('',#2875,#2876,#460,.T.);
#2389=EDGE_CURVE('',#2877,#2875,#461,.T.);
#2390=EDGE_CURVE('',#2877,#2878,#462,.T.);
#2391=EDGE_CURVE('',#2878,#2876,#463,.T.);
#2392=EDGE_CURVE('',#2875,#2879,#464,.T.);
#2393=EDGE_CURVE('',#2880,#2879,#465,.T.);
#2394=EDGE_CURVE('',#2877,#2880,#466,.T.);
#2395=EDGE_CURVE('',#2879,#2881,#467,.T.);
#2396=EDGE_CURVE('',#2882,#2881,#468,.T.);
#2397=EDGE_CURVE('',#2880,#2882,#469,.T.);
#2398=EDGE_CURVE('',#2876,#2881,#470,.T.);
#2399=EDGE_CURVE('',#2878,#2882,#471,.T.);
#2400=EDGE_CURVE('',#2883,#2883,#3178,.T.);
#2401=EDGE_CURVE('',#2884,#2885,#472,.T.);
#2402=EDGE_CURVE('',#2886,#2884,#473,.T.);
#2403=EDGE_CURVE('',#2886,#2887,#474,.T.);
#2404=EDGE_CURVE('',#2887,#2885,#475,.T.);
#2405=EDGE_CURVE('',#2884,#2888,#476,.T.);
#2406=EDGE_CURVE('',#2889,#2888,#477,.T.);
#2407=EDGE_CURVE('',#2886,#2889,#478,.T.);
#2408=EDGE_CURVE('',#2888,#2890,#479,.T.);
#2409=EDGE_CURVE('',#2890,#2891,#480,.F.);
#2410=EDGE_CURVE('',#2889,#2891,#481,.T.);
#2411=EDGE_CURVE('',#2887,#2892,#482,.T.);
#2412=EDGE_CURVE('',#2892,#2893,#483,.T.);
#2413=EDGE_CURVE('',#2885,#2893,#484,.T.);
#2414=EDGE_CURVE('',#2891,#2892,#3179,.T.);
#2415=EDGE_CURVE('',#2893,#2890,#3180,.F.);
#2416=EDGE_CURVE('',#2894,#2895,#485,.T.);
#2417=EDGE_CURVE('',#2896,#2894,#486,.T.);
#2418=EDGE_CURVE('',#2896,#2897,#487,.T.);
#2419=EDGE_CURVE('',#2897,#2895,#488,.T.);
#2420=EDGE_CURVE('',#2894,#2898,#489,.T.);
#2421=EDGE_CURVE('',#2899,#2898,#490,.T.);
#2422=EDGE_CURVE('',#2896,#2899,#491,.T.);
#2423=EDGE_CURVE('',#2898,#2900,#492,.T.);
#2424=EDGE_CURVE('',#2901,#2900,#493,.T.);
#2425=EDGE_CURVE('',#2899,#2901,#494,.T.);
#2426=EDGE_CURVE('',#2895,#2900,#495,.T.);
#2427=EDGE_CURVE('',#2897,#2901,#496,.T.);
#2428=EDGE_CURVE('',#2902,#2903,#497,.T.);
#2429=EDGE_CURVE('',#2904,#2902,#498,.T.);
#2430=EDGE_CURVE('',#2904,#2905,#499,.T.);
#2431=EDGE_CURVE('',#2905,#2903,#500,.T.);
#2432=EDGE_CURVE('',#2902,#2906,#501,.T.);
#2433=EDGE_CURVE('',#2907,#2906,#502,.T.);
#2434=EDGE_CURVE('',#2904,#2907,#503,.T.);
#2435=EDGE_CURVE('',#2906,#2908,#504,.T.);
#2436=EDGE_CURVE('',#2909,#2908,#505,.T.);
#2437=EDGE_CURVE('',#2907,#2909,#506,.T.);
#2438=EDGE_CURVE('',#2903,#2908,#507,.T.);
#2439=EDGE_CURVE('',#2905,#2909,#508,.T.);
#2440=EDGE_CURVE('',#2910,#2911,#509,.T.);
#2441=EDGE_CURVE('',#2912,#2911,#510,.T.);
#2442=EDGE_CURVE('',#2913,#2912,#511,.T.);
#2443=EDGE_CURVE('',#2913,#2910,#512,.T.);
#2444=EDGE_CURVE('',#2910,#2914,#513,.T.);
#2445=EDGE_CURVE('',#2913,#2915,#514,.T.);
#2446=EDGE_CURVE('',#2915,#2914,#515,.T.);
#2447=EDGE_CURVE('',#2914,#2916,#516,.T.);
#2448=EDGE_CURVE('',#2915,#2917,#517,.T.);
#2449=EDGE_CURVE('',#2917,#2916,#518,.T.);
#2450=EDGE_CURVE('',#2911,#2916,#519,.T.);
#2451=EDGE_CURVE('',#2912,#2917,#520,.T.);
#2452=EDGE_CURVE('',#2918,#2919,#521,.T.);
#2453=EDGE_CURVE('',#2920,#2918,#522,.T.);
#2454=EDGE_CURVE('',#2920,#2921,#523,.T.);
#2455=EDGE_CURVE('',#2921,#2919,#524,.T.);
#2456=EDGE_CURVE('',#2918,#2922,#525,.T.);
#2457=EDGE_CURVE('',#2923,#2922,#526,.T.);
#2458=EDGE_CURVE('',#2920,#2923,#527,.T.);
#2459=EDGE_CURVE('',#2922,#2924,#528,.T.);
#2460=EDGE_CURVE('',#2925,#2924,#529,.T.);
#2461=EDGE_CURVE('',#2923,#2925,#530,.T.);
#2462=EDGE_CURVE('',#2919,#2924,#531,.T.);
#2463=EDGE_CURVE('',#2921,#2925,#532,.T.);
#2464=EDGE_CURVE('',#2926,#2926,#3181,.F.);
#2465=EDGE_CURVE('',#2927,#2927,#3182,.F.);
#2466=EDGE_CURVE('',#2928,#2928,#3183,.F.);
#2467=EDGE_CURVE('',#2929,#2929,#3184,.F.);
#2468=EDGE_CURVE('',#2930,#2930,#3185,.F.);
#2469=EDGE_CURVE('',#2931,#2931,#3186,.F.);
#2470=EDGE_CURVE('',#2932,#2932,#3187,.F.);
#2471=EDGE_CURVE('',#2933,#2933,#3188,.F.);
#2472=EDGE_CURVE('',#2934,#2935,#533,.T.);
#2473=EDGE_CURVE('',#2934,#2936,#3189,.F.);
#2474=EDGE_CURVE('',#2936,#2937,#534,.T.);
#2475=EDGE_CURVE('',#2937,#2935,#3190,.T.);
#2476=EDGE_CURVE('',#2938,#2939,#535,.T.);
#2477=EDGE_CURVE('',#2938,#2934,#536,.F.);
#2478=EDGE_CURVE('',#2935,#2939,#537,.T.);
#2479=EDGE_CURVE('',#2940,#2941,#538,.T.);
#2480=EDGE_CURVE('',#2940,#2938,#3191,.F.);
#2481=EDGE_CURVE('',#2939,#2941,#3192,.T.);
#2482=EDGE_CURVE('',#2936,#2940,#539,.F.);
#2483=EDGE_CURVE('',#2941,#2937,#540,.T.);
#2484=EDGE_CURVE('',#2942,#2943,#541,.T.);
#2485=EDGE_CURVE('',#2943,#2944,#3193,.T.);
#2486=EDGE_CURVE('',#2944,#2945,#542,.T.);
#2487=EDGE_CURVE('',#2945,#2942,#3194,.T.);
#2488=EDGE_CURVE('',#2938,#2945,#3195,.T.);
#2489=EDGE_CURVE('',#2942,#2940,#3196,.T.);
#2490=EDGE_CURVE('',#2943,#2936,#3197,.T.);
#2491=EDGE_CURVE('',#2934,#2944,#3198,.T.);
#2492=EDGE_CURVE('',#2946,#2947,#543,.T.);
#2493=EDGE_CURVE('',#2948,#2946,#544,.T.);
#2494=EDGE_CURVE('',#2948,#2949,#545,.T.);
#2495=EDGE_CURVE('',#2949,#2947,#546,.T.);
#2496=EDGE_CURVE('',#2946,#2950,#547,.T.);
#2497=EDGE_CURVE('',#2951,#2950,#548,.T.);
#2498=EDGE_CURVE('',#2948,#2951,#549,.T.);
#2499=EDGE_CURVE('',#2947,#2952,#550,.T.);
#2500=EDGE_CURVE('',#2949,#2953,#551,.T.);
#2501=EDGE_CURVE('',#2953,#2952,#552,.T.);
#2502=EDGE_CURVE('',#2951,#2953,#553,.T.);
#2503=EDGE_CURVE('',#2950,#2952,#554,.T.);
#2504=EDGE_CURVE('',#2954,#2955,#555,.T.);
#2505=EDGE_CURVE('',#2955,#2956,#556,.F.);
#2506=EDGE_CURVE('',#2956,#2957,#557,.T.);
#2507=EDGE_CURVE('',#2958,#2957,#558,.T.);
#2508=EDGE_CURVE('',#2959,#2958,#559,.T.);
#2509=EDGE_CURVE('',#2959,#2954,#560,.T.);
#2510=EDGE_CURVE('',#2960,#2961,#561,.T.);
#2511=EDGE_CURVE('',#2960,#2959,#562,.T.);
#2512=EDGE_CURVE('',#2958,#2961,#563,.T.);
#2513=EDGE_CURVE('',#2962,#2963,#564,.T.);
#2514=EDGE_CURVE('',#2962,#2964,#565,.F.);
#2515=EDGE_CURVE('',#2965,#2964,#566,.T.);
#2516=EDGE_CURVE('',#2965,#2960,#567,.T.);
#2517=EDGE_CURVE('',#2961,#2963,#568,.T.);
#2518=EDGE_CURVE('',#2956,#2962,#569,.T.);
#2519=EDGE_CURVE('',#2957,#2963,#570,.T.);
#2520=EDGE_CURVE('',#2966,#2966,#3199,.F.);
#2521=EDGE_CURVE('',#2964,#2955,#571,.T.);
#2522=EDGE_CURVE('',#2954,#2965,#572,.T.);
#2523=EDGE_CURVE('',#2967,#2967,#3200,.F.);
#2524=EDGE_CURVE('',#2968,#2968,#3201,.T.);
#2525=EDGE_CURVE('',#2969,#2970,#573,.T.);
#2526=EDGE_CURVE('',#2971,#2970,#574,.T.);
#2527=EDGE_CURVE('',#2972,#2971,#575,.T.);
#2528=EDGE_CURVE('',#2972,#2969,#576,.T.);
#2529=EDGE_CURVE('',#2970,#2973,#577,.T.);
#2530=EDGE_CURVE('',#2974,#2973,#578,.T.);
#2531=EDGE_CURVE('',#2971,#2974,#579,.T.);
#2532=EDGE_CURVE('',#2973,#2975,#580,.T.);
#2533=EDGE_CURVE('',#2976,#2975,#581,.T.);
#2534=EDGE_CURVE('',#2974,#2976,#582,.T.);
#2535=EDGE_CURVE('',#2975,#2977,#583,.T.);
#2536=EDGE_CURVE('',#2978,#2977,#584,.T.);
#2537=EDGE_CURVE('',#2976,#2978,#585,.T.);
#2538=EDGE_CURVE('',#2977,#2979,#586,.T.);
#2539=EDGE_CURVE('',#2980,#2979,#587,.T.);
#2540=EDGE_CURVE('',#2978,#2980,#588,.T.);
#2541=EDGE_CURVE('',#2979,#2969,#589,.T.);
#2542=EDGE_CURVE('',#2980,#2972,#590,.T.);
#2543=EDGE_CURVE('',#2981,#2981,#3202,.T.);
#2544=EDGE_CURVE('',#2982,#2982,#3203,.T.);
#2545=EDGE_CURVE('',#2983,#2984,#591,.T.);
#2546=EDGE_CURVE('',#2983,#2985,#3204,.T.);
#2547=EDGE_CURVE('',#2985,#2986,#592,.T.);
#2548=EDGE_CURVE('',#2986,#2984,#593,.T.);
#2549=EDGE_CURVE('',#2987,#2988,#594,.T.);
#2550=EDGE_CURVE('',#2987,#2989,#3205,.F.);
#2551=EDGE_CURVE('',#2989,#2990,#595,.T.);
#2552=EDGE_CURVE('',#2988,#2990,#596,.T.);
#2553=EDGE_CURVE('',#2984,#2990,#597,.T.);
#2554=EDGE_CURVE('',#2986,#2988,#598,.T.);
#2555=EDGE_CURVE('',#2985,#2987,#599,.T.);
#2556=EDGE_CURVE('',#2989,#2983,#600,.T.);
#2557=EDGE_CURVE('',#2991,#2992,#601,.T.);
#2558=EDGE_CURVE('',#2993,#2991,#602,.T.);
#2559=EDGE_CURVE('',#2993,#2994,#603,.T.);
#2560=EDGE_CURVE('',#2994,#2992,#604,.T.);
#2561=EDGE_CURVE('',#2991,#2995,#605,.T.);
#2562=EDGE_CURVE('',#2996,#2995,#606,.T.);
#2563=EDGE_CURVE('',#2993,#2996,#607,.T.);
#2564=EDGE_CURVE('',#2995,#2997,#608,.T.);
#2565=EDGE_CURVE('',#2998,#2997,#609,.T.);
#2566=EDGE_CURVE('',#2996,#2998,#610,.T.);
#2567=EDGE_CURVE('',#2992,#2997,#611,.T.);
#2568=EDGE_CURVE('',#2994,#2998,#612,.T.);
#2569=EDGE_CURVE('',#2999,#2999,#3206,.T.);
#2570=EDGE_CURVE('',#3000,#3000,#3207,.T.);
#2571=EDGE_CURVE('',#3001,#3002,#613,.T.);
#2572=EDGE_CURVE('',#3003,#3001,#614,.T.);
#2573=EDGE_CURVE('',#3003,#3004,#615,.T.);
#2574=EDGE_CURVE('',#3004,#3002,#616,.T.);
#2575=EDGE_CURVE('',#3001,#3005,#617,.T.);
#2576=EDGE_CURVE('',#3006,#3005,#618,.T.);
#2577=EDGE_CURVE('',#3003,#3006,#619,.T.);
#2578=EDGE_CURVE('',#3002,#3007,#620,.T.);
#2579=EDGE_CURVE('',#3004,#3008,#621,.T.);
#2580=EDGE_CURVE('',#3008,#3007,#622,.T.);
#2581=EDGE_CURVE('',#3006,#3008,#623,.T.);
#2582=EDGE_CURVE('',#3005,#3007,#624,.T.);
#2583=EDGE_CURVE('',#3009,#3010,#625,.T.);
#2584=EDGE_CURVE('',#3011,#3009,#626,.T.);
#2585=EDGE_CURVE('',#3011,#3012,#627,.T.);
#2586=EDGE_CURVE('',#3012,#3010,#628,.T.);
#2587=EDGE_CURVE('',#3009,#3013,#629,.T.);
#2588=EDGE_CURVE('',#3014,#3013,#630,.T.);
#2589=EDGE_CURVE('',#3011,#3014,#631,.T.);
#2590=EDGE_CURVE('',#3013,#3015,#632,.T.);
#2591=EDGE_CURVE('',#3016,#3015,#633,.T.);
#2592=EDGE_CURVE('',#3014,#3016,#634,.T.);
#2593=EDGE_CURVE('',#3010,#3015,#635,.T.);
#2594=EDGE_CURVE('',#3012,#3016,#636,.T.);
#2595=EDGE_CURVE('',#3017,#3017,#3208,.F.);
#2596=EDGE_CURVE('',#3018,#3019,#3209,.T.);
#2597=EDGE_CURVE('',#3019,#3020,#637,.T.);
#2598=EDGE_CURVE('',#3021,#3020,#3210,.T.);
#2599=EDGE_CURVE('',#3018,#3021,#638,.T.);
#2600=EDGE_CURVE('',#3022,#3023,#3211,.T.);
#2601=EDGE_CURVE('',#3019,#3023,#639,.T.);
#2602=EDGE_CURVE('',#3018,#3022,#640,.T.);
#2603=EDGE_CURVE('',#3024,#3025,#3212,.T.);
#2604=EDGE_CURVE('',#3023,#3025,#641,.T.);
#2605=EDGE_CURVE('',#3022,#3024,#642,.T.);
#2606=EDGE_CURVE('',#3021,#3024,#643,.T.);
#2607=EDGE_CURVE('',#3020,#3025,#644,.T.);
#2608=EDGE_CURVE('',#3026,#3027,#22,.F.);
#2609=EDGE_CURVE('',#3027,#3026,#23,.T.);
#2610=EDGE_CURVE('',#3027,#3026,#24,.F.);
#2611=EDGE_CURVE('',#3026,#3027,#25,.T.);
#2612=EDGE_CURVE('',#3028,#3028,#3213,.T.);
#2613=EDGE_CURVE('',#3029,#3029,#3214,.T.);
#2614=EDGE_CURVE('',#3031,#3032,#645,.T.);
#2615=EDGE_CURVE('',#3033,#3031,#646,.T.);
#2616=EDGE_CURVE('',#3033,#3034,#647,.T.);
#2617=EDGE_CURVE('',#3034,#3035,#648,.T.);
#2618=EDGE_CURVE('',#3036,#3035,#649,.T.);
#2619=EDGE_CURVE('',#3032,#3036,#650,.T.);
#2620=EDGE_CURVE('',#3037,#3038,#651,.T.);
#2621=EDGE_CURVE('',#3039,#3037,#652,.T.);
#2622=EDGE_CURVE('',#3039,#3040,#653,.T.);
#2623=EDGE_CURVE('',#3040,#3038,#654,.T.);
#2624=EDGE_CURVE('',#3037,#3034,#655,.T.);
#2625=EDGE_CURVE('',#3039,#3033,#656,.T.);
#2626=EDGE_CURVE('',#3041,#3042,#657,.T.);
#2627=EDGE_CURVE('',#3041,#3036,#658,.T.);
#2628=EDGE_CURVE('',#3038,#3035,#659,.T.);
#2629=EDGE_CURVE('',#3040,#3042,#660,.T.);
#2630=EDGE_CURVE('',#3042,#3043,#661,.T.);
#2631=EDGE_CURVE('',#3031,#3043,#662,.T.);
#2632=EDGE_CURVE('',#3032,#3044,#663,.T.);
#2633=EDGE_CURVE('',#3041,#3045,#664,.T.);
#2634=EDGE_CURVE('',#3045,#3046,#665,.T.);
#2635=EDGE_CURVE('',#3044,#3046,#666,.T.);
#2636=EDGE_CURVE('',#3047,#3044,#667,.T.);
#2637=EDGE_CURVE('',#3048,#3047,#668,.T.);
#2638=EDGE_CURVE('',#3048,#3043,#669,.T.);
#2639=EDGE_CURVE('',#3048,#3049,#670,.T.);
#2640=EDGE_CURVE('',#3049,#3045,#671,.T.);
#2641=EDGE_CURVE('',#3050,#3046,#672,.T.);
#2642=EDGE_CURVE('',#3047,#3050,#673,.T.);
#2643=EDGE_CURVE('',#3049,#3050,#674,.T.);
#2644=EDGE_CURVE('',#3051,#3051,#3215,.T.);
#2645=EDGE_CURVE('',#3052,#3052,#3216,.T.);
#2646=EDGE_CURVE('',#3053,#3053,#3217,.T.);
#2647=EDGE_CURVE('',#3054,#3054,#3218,.T.);
#2648=EDGE_CURVE('',#3055,#3055,#3219,.T.);
#2649=EDGE_CURVE('',#3057,#3058,#675,.T.);
#2650=EDGE_CURVE('',#3059,#3058,#676,.T.);
#2651=EDGE_CURVE('',#3060,#3059,#677,.T.);
#2652=EDGE_CURVE('',#3060,#3057,#678,.T.);
#2653=EDGE_CURVE('',#3058,#3061,#679,.T.);
#2654=EDGE_CURVE('',#3062,#3061,#680,.T.);
#2655=EDGE_CURVE('',#3059,#3062,#681,.T.);
#2656=EDGE_CURVE('',#3061,#3057,#682,.T.);
#2657=EDGE_CURVE('',#3062,#3060,#683,.T.);
#2658=EDGE_CURVE('',#3063,#3064,#684,.T.);
#2659=EDGE_CURVE('',#3064,#3065,#685,.T.);
#2660=EDGE_CURVE('',#3066,#3065,#686,.T.);
#2661=EDGE_CURVE('',#3063,#3066,#687,.T.);
#2662=EDGE_CURVE('',#3065,#3067,#688,.T.);
#2663=EDGE_CURVE('',#3067,#3068,#689,.T.);
#2664=EDGE_CURVE('',#3069,#3068,#690,.T.);
#2665=EDGE_CURVE('',#3069,#3070,#691,.T.);
#2666=EDGE_CURVE('',#3070,#3071,#692,.T.);
#2667=EDGE_CURVE('',#3072,#3071,#693,.T.);
#2668=EDGE_CURVE('',#3066,#3072,#694,.T.);
#2669=EDGE_CURVE('',#3073,#3072,#695,.T.);
#2670=EDGE_CURVE('',#3063,#3073,#696,.T.);
#2671=EDGE_CURVE('',#3074,#3075,#697,.T.);
#2672=EDGE_CURVE('',#3074,#3076,#698,.T.);
#2673=EDGE_CURVE('',#3077,#3076,#699,.T.);
#2674=EDGE_CURVE('',#3064,#3077,#700,.T.);
#2675=EDGE_CURVE('',#3073,#3078,#701,.T.);
#2676=EDGE_CURVE('',#3075,#3078,#702,.T.);
#2677=EDGE_CURVE('',#3078,#3071,#703,.T.);
#2678=EDGE_CURVE('',#3075,#3070,#704,.T.);
#2679=EDGE_CURVE('',#3074,#3069,#705,.T.);
#2680=EDGE_CURVE('',#3077,#3067,#706,.T.);
#2681=EDGE_CURVE('',#3076,#3068,#707,.T.);
#2682=EDGE_CURVE('',#3079,#3080,#708,.T.);
#2683=EDGE_CURVE('',#3081,#3079,#709,.T.);
#2684=EDGE_CURVE('',#3081,#3082,#710,.T.);
#2685=EDGE_CURVE('',#3082,#3080,#711,.T.);
#2686=EDGE_CURVE('',#3079,#3083,#712,.T.);
#2687=EDGE_CURVE('',#3084,#3083,#713,.T.);
#2688=EDGE_CURVE('',#3081,#3084,#714,.T.);
#2689=EDGE_CURVE('',#3083,#3085,#715,.T.);
#2690=EDGE_CURVE('',#3086,#3085,#716,.T.);
#2691=EDGE_CURVE('',#3084,#3086,#717,.T.);
#2692=EDGE_CURVE('',#3080,#3085,#718,.T.);
#2693=EDGE_CURVE('',#3082,#3086,#719,.T.);
#2694=EDGE_CURVE('',#3087,#3088,#720,.T.);
#2695=EDGE_CURVE('',#3089,#3087,#721,.T.);
#2696=EDGE_CURVE('',#3089,#3090,#722,.T.);
#2697=EDGE_CURVE('',#3090,#3088,#723,.T.);
#2698=EDGE_CURVE('',#3091,#3092,#724,.T.);
#2699=EDGE_CURVE('',#3092,#3093,#725,.T.);
#2700=EDGE_CURVE('',#3094,#3093,#726,.T.);
#2701=EDGE_CURVE('',#3091,#3094,#727,.T.);
#2702=EDGE_CURVE('',#3088,#3093,#728,.T.);
#2703=EDGE_CURVE('',#3087,#3092,#729,.T.);
#2704=EDGE_CURVE('',#3090,#3094,#730,.T.);
#2705=EDGE_CURVE('',#3089,#3091,#731,.T.);
#2706=EDGE_CURVE('',#3095,#3095,#3220,.T.);
#2707=EDGE_CURVE('',#3096,#3096,#3221,.T.);
#2708=EDGE_CURVE('',#3097,#3097,#3222,.T.);
#2709=EDGE_CURVE('',#3098,#3098,#3223,.T.);
#2710=EDGE_CURVE('',#3099,#3100,#732,.T.);
#2711=EDGE_CURVE('',#3101,#3099,#733,.T.);
#2712=EDGE_CURVE('',#3101,#3102,#734,.T.);
#2713=EDGE_CURVE('',#3102,#3100,#735,.T.);
#2714=EDGE_CURVE('',#3099,#3103,#736,.T.);
#2715=EDGE_CURVE('',#3104,#3103,#737,.T.);
#2716=EDGE_CURVE('',#3101,#3104,#738,.T.);
#2717=EDGE_CURVE('',#3103,#3105,#739,.T.);
#2718=EDGE_CURVE('',#3105,#3106,#740,.T.);
#2719=EDGE_CURVE('',#3104,#3106,#741,.T.);
#2720=EDGE_CURVE('',#3102,#3107,#742,.T.);
#2721=EDGE_CURVE('',#3107,#3108,#743,.T.);
#2722=EDGE_CURVE('',#3100,#3108,#744,.T.);
#2723=EDGE_CURVE('',#3106,#3107,#40,.T.);
#2724=EDGE_CURVE('',#3108,#3105,#41,.T.);
#2725=EDGE_CURVE('',#3109,#3109,#3224,.T.);
#2726=EDGE_CURVE('',#3110,#3110,#3225,.T.);
#2727=EDGE_CURVE('',#3111,#3111,#3226,.T.);
#2728=EDGE_CURVE('',#3112,#3112,#3227,.T.);
#2729=EDGE_CURVE('',#3113,#3114,#745,.F.);
#2730=EDGE_CURVE('',#3114,#3115,#746,.F.);
#2731=EDGE_CURVE('',#3115,#3116,#747,.T.);
#2732=EDGE_CURVE('',#3116,#3113,#748,.T.);
#2733=EDGE_CURVE('',#3117,#3118,#749,.T.);
#2734=EDGE_CURVE('',#3117,#3119,#750,.T.);
#2735=EDGE_CURVE('',#3119,#3120,#751,.T.);
#2736=EDGE_CURVE('',#3118,#3120,#752,.T.);
#2737=EDGE_CURVE('',#3120,#3121,#3228,.F.);
#2738=EDGE_CURVE('',#3121,#3122,#753,.T.);
#2739=EDGE_CURVE('',#3123,#3122,#754,.T.);
#2740=EDGE_CURVE('',#3118,#3123,#755,.T.);
#2741=EDGE_CURVE('',#3124,#3122,#756,.T.);
#2742=EDGE_CURVE('',#3124,#3113,#3229,.T.);
#2743=EDGE_CURVE('',#3116,#3123,#757,.T.);
#2744=EDGE_CURVE('',#3115,#3117,#3230,.T.);
#2745=EDGE_CURVE('',#3121,#3125,#758,.F.);
#2746=EDGE_CURVE('',#3125,#3124,#759,.T.);
#2747=EDGE_CURVE('',#3125,#3119,#3231,.T.);
#2748=EDGE_CURVE('',#3114,#3125,#3232,.T.);
#2749=EDGE_CURVE('',#3114,#3119,#3233,.F.);
#2750=EDGE_CURVE('',#3126,#3127,#760,.F.);
#2751=EDGE_CURVE('',#3128,#3126,#761,.T.);
#2752=EDGE_CURVE('',#3128,#3129,#762,.F.);
#2753=EDGE_CURVE('',#3129,#3127,#763,.T.);
#2754=EDGE_CURVE('',#3130,#3126,#764,.F.);
#2755=EDGE_CURVE('',#3131,#3130,#765,.T.);
#2756=EDGE_CURVE('',#3131,#3128,#766,.F.);
#2757=EDGE_CURVE('',#3132,#3130,#767,.T.);
#2758=EDGE_CURVE('',#3133,#3132,#768,.T.);
#2759=EDGE_CURVE('',#3133,#3131,#769,.T.);
#2760=EDGE_CURVE('',#3127,#3132,#770,.T.);
#2761=EDGE_CURVE('',#3129,#3133,#771,.T.);
#2762=EDGE_CURVE('',#3134,#3135,#772,.T.);
#2763=EDGE_CURVE('',#3136,#3134,#773,.T.);
#2764=EDGE_CURVE('',#3136,#3137,#774,.T.);
#2765=EDGE_CURVE('',#3137,#3135,#775,.T.);
#2766=EDGE_CURVE('',#3134,#3138,#776,.T.);
#2767=EDGE_CURVE('',#3139,#3138,#777,.T.);
#2768=EDGE_CURVE('',#3136,#3139,#778,.T.);
#2769=EDGE_CURVE('',#3138,#3140,#779,.T.);
#2770=EDGE_CURVE('',#3141,#3140,#780,.T.);
#2771=EDGE_CURVE('',#3139,#3141,#781,.T.);
#2772=EDGE_CURVE('',#3135,#3140,#782,.T.);
#2773=EDGE_CURVE('',#3137,#3141,#783,.T.);
#2774=EDGE_CURVE('',#3142,#3143,#784,.T.);
#2775=EDGE_CURVE('',#3142,#3144,#785,.T.);
#2776=EDGE_CURVE('',#3144,#3145,#786,.T.);
#2777=EDGE_CURVE('',#3143,#3145,#787,.T.);
#2778=EDGE_CURVE('',#3146,#3147,#788,.T.);
#2779=EDGE_CURVE('',#3146,#3148,#789,.T.);
#2780=EDGE_CURVE('',#3148,#3149,#790,.T.);
#2781=EDGE_CURVE('',#3147,#3149,#791,.T.);
#2782=EDGE_CURVE('',#3150,#3151,#792,.T.);
#2783=EDGE_CURVE('',#3142,#3150,#793,.T.);
#2784=EDGE_CURVE('',#3143,#3151,#794,.T.);
#2785=EDGE_CURVE('',#3150,#3152,#795,.T.);
#2786=EDGE_CURVE('',#3144,#3152,#796,.T.);
#2787=EDGE_CURVE('',#3152,#3153,#797,.T.);
#2788=EDGE_CURVE('',#3145,#3153,#798,.T.);
#2789=EDGE_CURVE('',#3151,#3153,#799,.T.);
#2790=EDGE_CURVE('',#3154,#3155,#800,.T.);
#2791=EDGE_CURVE('',#3148,#3155,#801,.T.);
#2792=EDGE_CURVE('',#3146,#3154,#802,.T.);
#2793=EDGE_CURVE('',#3154,#3156,#803,.T.);
#2794=EDGE_CURVE('',#3147,#3156,#804,.T.);
#2795=EDGE_CURVE('',#3156,#3157,#805,.T.);
#2796=EDGE_CURVE('',#3149,#3157,#806,.T.);
#2797=EDGE_CURVE('',#3155,#3157,#807,.T.);
#2798=EDGE_CURVE('',#3158,#3158,#3234,.F.);
#2799=EDGE_CURVE('',#3159,#3159,#3235,.T.);
#2800=EDGE_CURVE('',#3160,#3160,#3236,.T.);
#2801=VERTEX_POINT('',#6418);
#2802=VERTEX_POINT('',#6419);
#2803=VERTEX_POINT('',#6421);
#2804=VERTEX_POINT('',#6423);
#2805=VERTEX_POINT('',#6427);
#2806=VERTEX_POINT('',#6429);
#2807=VERTEX_POINT('',#6433);
#2808=VERTEX_POINT('',#6435);
#2809=VERTEX_POINT('',#6445);
#2810=VERTEX_POINT('',#6446);
#2811=VERTEX_POINT('',#6448);
#2812=VERTEX_POINT('',#6450);
#2813=VERTEX_POINT('',#6454);
#2814=VERTEX_POINT('',#6456);
#2815=VERTEX_POINT('',#6466);
#2816=VERTEX_POINT('',#6468);
#2817=VERTEX_POINT('',#6474);
#2818=VERTEX_POINT('',#6475);
#2819=VERTEX_POINT('',#6477);
#2820=VERTEX_POINT('',#6479);
#2821=VERTEX_POINT('',#6483);
#2822=VERTEX_POINT('',#6484);
#2823=VERTEX_POINT('',#6486);
#2824=VERTEX_POINT('',#6488);
#2825=VERTEX_POINT('',#6495);
#2826=VERTEX_POINT('',#6499);
#2827=VERTEX_POINT('',#6507);
#2828=VERTEX_POINT('',#6508);
#2829=VERTEX_POINT('',#6510);
#2830=VERTEX_POINT('',#6512);
#2831=VERTEX_POINT('',#6516);
#2832=VERTEX_POINT('',#6518);
#2833=VERTEX_POINT('',#6522);
#2834=VERTEX_POINT('',#6524);
#2835=VERTEX_POINT('',#6534);
#2836=VERTEX_POINT('',#6535);
#2837=VERTEX_POINT('',#6537);
#2838=VERTEX_POINT('',#6539);
#2839=VERTEX_POINT('',#6543);
#2840=VERTEX_POINT('',#6545);
#2841=VERTEX_POINT('',#6549);
#2842=VERTEX_POINT('',#6551);
#2843=VERTEX_POINT('',#6561);
#2844=VERTEX_POINT('',#6563);
#2845=VERTEX_POINT('',#6583);
#2846=VERTEX_POINT('',#6588);
#2847=VERTEX_POINT('',#6593);
#2848=VERTEX_POINT('',#6594);
#2849=VERTEX_POINT('',#6596);
#2850=VERTEX_POINT('',#6598);
#2851=VERTEX_POINT('',#6602);
#2852=VERTEX_POINT('',#6604);
#2853=VERTEX_POINT('',#6608);
#2854=VERTEX_POINT('',#6610);
#2855=VERTEX_POINT('',#6620);
#2856=VERTEX_POINT('',#6621);
#2857=VERTEX_POINT('',#6623);
#2858=VERTEX_POINT('',#6625);
#2859=VERTEX_POINT('',#6629);
#2860=VERTEX_POINT('',#6631);
#2861=VERTEX_POINT('',#6635);
#2862=VERTEX_POINT('',#6637);
#2863=VERTEX_POINT('',#6647);
#2864=VERTEX_POINT('',#6648);
#2865=VERTEX_POINT('',#6650);
#2866=VERTEX_POINT('',#6652);
#2867=VERTEX_POINT('',#6656);
#2868=VERTEX_POINT('',#6658);
#2869=VERTEX_POINT('',#6662);
#2870=VERTEX_POINT('',#6664);
#2871=VERTEX_POINT('',#6668);
#2872=VERTEX_POINT('',#6670);
#2873=VERTEX_POINT('',#6679);
#2874=VERTEX_POINT('',#6681);
#2875=VERTEX_POINT('',#6687);
#2876=VERTEX_POINT('',#6688);
#2877=VERTEX_POINT('',#6690);
#2878=VERTEX_POINT('',#6692);
#2879=VERTEX_POINT('',#6696);
#2880=VERTEX_POINT('',#6698);
#2881=VERTEX_POINT('',#6702);
#2882=VERTEX_POINT('',#6704);
#2883=VERTEX_POINT('',#6714);
#2884=VERTEX_POINT('',#6719);
#2885=VERTEX_POINT('',#6720);
#2886=VERTEX_POINT('',#6722);
#2887=VERTEX_POINT('',#6724);
#2888=VERTEX_POINT('',#6728);
#2889=VERTEX_POINT('',#6730);
#2890=VERTEX_POINT('',#6734);
#2891=VERTEX_POINT('',#6736);
#2892=VERTEX_POINT('',#6740);
#2893=VERTEX_POINT('',#6742);
#2894=VERTEX_POINT('',#6752);
#2895=VERTEX_POINT('',#6753);
#2896=VERTEX_POINT('',#6755);
#2897=VERTEX_POINT('',#6757);
#2898=VERTEX_POINT('',#6761);
#2899=VERTEX_POINT('',#6763);
#2900=VERTEX_POINT('',#6767);
#2901=VERTEX_POINT('',#6769);
#2902=VERTEX_POINT('',#6779);
#2903=VERTEX_POINT('',#6780);
#2904=VERTEX_POINT('',#6782);
#2905=VERTEX_POINT('',#6784);
#2906=VERTEX_POINT('',#6788);
#2907=VERTEX_POINT('',#6790);
#2908=VERTEX_POINT('',#6794);
#2909=VERTEX_POINT('',#6796);
#2910=VERTEX_POINT('',#6805);
#2911=VERTEX_POINT('',#6806);
#2912=VERTEX_POINT('',#6808);
#2913=VERTEX_POINT('',#6810);
#2914=VERTEX_POINT('',#6814);
#2915=VERTEX_POINT('',#6816);
#2916=VERTEX_POINT('',#6820);
#2917=VERTEX_POINT('',#6822);
#2918=VERTEX_POINT('',#6832);
#2919=VERTEX_POINT('',#6833);
#2920=VERTEX_POINT('',#6835);
#2921=VERTEX_POINT('',#6837);
#2922=VERTEX_POINT('',#6841);
#2923=VERTEX_POINT('',#6843);
#2924=VERTEX_POINT('',#6847);
#2925=VERTEX_POINT('',#6849);
#2926=VERTEX_POINT('',#6856);
#2927=VERTEX_POINT('',#6858);
#2928=VERTEX_POINT('',#6860);
#2929=VERTEX_POINT('',#6862);
#2930=VERTEX_POINT('',#6865);
#2931=VERTEX_POINT('',#6867);
#2932=VERTEX_POINT('',#6869);
#2933=VERTEX_POINT('',#6871);
#2934=VERTEX_POINT('',#6879);
#2935=VERTEX_POINT('',#6880);
#2936=VERTEX_POINT('',#6882);
#2937=VERTEX_POINT('',#6884);
#2938=VERTEX_POINT('',#6888);
#2939=VERTEX_POINT('',#6889);
#2940=VERTEX_POINT('',#6894);
#2941=VERTEX_POINT('',#6895);
#2942=VERTEX_POINT('',#6903);
#2943=VERTEX_POINT('',#6904);
#2944=VERTEX_POINT('',#6906);
#2945=VERTEX_POINT('',#6908);
#2946=VERTEX_POINT('',#6922);
#2947=VERTEX_POINT('',#6923);
#2948=VERTEX_POINT('',#6925);
#2949=VERTEX_POINT('',#6927);
#2950=VERTEX_POINT('',#6931);
#2951=VERTEX_POINT('',#6933);
#2952=VERTEX_POINT('',#6937);
#2953=VERTEX_POINT('',#6939);
#2954=VERTEX_POINT('',#6949);
#2955=VERTEX_POINT('',#6950);
#2956=VERTEX_POINT('',#6952);
#2957=VERTEX_POINT('',#6954);
#2958=VERTEX_POINT('',#6956);
#2959=VERTEX_POINT('',#6958);
#2960=VERTEX_POINT('',#6962);
#2961=VERTEX_POINT('',#6963);
#2962=VERTEX_POINT('',#6968);
#2963=VERTEX_POINT('',#6969);
#2964=VERTEX_POINT('',#6971);
#2965=VERTEX_POINT('',#6973);
#2966=VERTEX_POINT('',#6981);
#2967=VERTEX_POINT('',#6986);
#2968=VERTEX_POINT('',#6989);
#2969=VERTEX_POINT('',#6996);
#2970=VERTEX_POINT('',#6997);
#2971=VERTEX_POINT('',#6999);
#2972=VERTEX_POINT('',#7001);
#2973=VERTEX_POINT('',#7005);
#2974=VERTEX_POINT('',#7007);
#2975=VERTEX_POINT('',#7011);
#2976=VERTEX_POINT('',#7013);
#2977=VERTEX_POINT('',#7017);
#2978=VERTEX_POINT('',#7019);
#2979=VERTEX_POINT('',#7023);
#2980=VERTEX_POINT('',#7025);
#2981=VERTEX_POINT('',#7035);
#2982=VERTEX_POINT('',#7037);
#2983=VERTEX_POINT('',#7043);
#2984=VERTEX_POINT('',#7044);
#2985=VERTEX_POINT('',#7046);
#2986=VERTEX_POINT('',#7048);
#2987=VERTEX_POINT('',#7052);
#2988=VERTEX_POINT('',#7053);
#2989=VERTEX_POINT('',#7055);
#2990=VERTEX_POINT('',#7057);
#2991=VERTEX_POINT('',#7070);
#2992=VERTEX_POINT('',#7071);
#2993=VERTEX_POINT('',#7073);
#2994=VERTEX_POINT('',#7075);
#2995=VERTEX_POINT('',#7079);
#2996=VERTEX_POINT('',#7081);
#2997=VERTEX_POINT('',#7085);
#2998=VERTEX_POINT('',#7087);
#2999=VERTEX_POINT('',#7097);
#3000=VERTEX_POINT('',#7099);
#3001=VERTEX_POINT('',#7105);
#3002=VERTEX_POINT('',#7106);
#3003=VERTEX_POINT('',#7108);
#3004=VERTEX_POINT('',#7110);
#3005=VERTEX_POINT('',#7114);
#3006=VERTEX_POINT('',#7116);
#3007=VERTEX_POINT('',#7120);
#3008=VERTEX_POINT('',#7122);
#3009=VERTEX_POINT('',#7132);
#3010=VERTEX_POINT('',#7133);
#3011=VERTEX_POINT('',#7135);
#3012=VERTEX_POINT('',#7137);
#3013=VERTEX_POINT('',#7141);
#3014=VERTEX_POINT('',#7143);
#3015=VERTEX_POINT('',#7147);
#3016=VERTEX_POINT('',#7149);
#3017=VERTEX_POINT('',#7159);
#3018=VERTEX_POINT('',#7164);
#3019=VERTEX_POINT('',#7165);
#3020=VERTEX_POINT('',#7167);
#3021=VERTEX_POINT('',#7169);
#3022=VERTEX_POINT('',#7173);
#3023=VERTEX_POINT('',#7174);
#3024=VERTEX_POINT('',#7179);
#3025=VERTEX_POINT('',#7180);
#3026=VERTEX_POINT('',#7191);
#3027=VERTEX_POINT('',#7192);
#3028=VERTEX_POINT('',#7202);
#3029=VERTEX_POINT('',#7204);
#3030=VERTEX_POINT('',#7209);
#3031=VERTEX_POINT('',#7213);
#3032=VERTEX_POINT('',#7214);
#3033=VERTEX_POINT('',#7216);
#3034=VERTEX_POINT('',#7218);
#3035=VERTEX_POINT('',#7220);
#3036=VERTEX_POINT('',#7222);
#3037=VERTEX_POINT('',#7226);
#3038=VERTEX_POINT('',#7227);
#3039=VERTEX_POINT('',#7229);
#3040=VERTEX_POINT('',#7231);
#3041=VERTEX_POINT('',#7238);
#3042=VERTEX_POINT('',#7239);
#3043=VERTEX_POINT('',#7245);
#3044=VERTEX_POINT('',#7250);
#3045=VERTEX_POINT('',#7252);
#3046=VERTEX_POINT('',#7254);
#3047=VERTEX_POINT('',#7258);
#3048=VERTEX_POINT('',#7260);
#3049=VERTEX_POINT('',#7264);
#3050=VERTEX_POINT('',#7268);
#3051=VERTEX_POINT('',#7276);
#3052=VERTEX_POINT('',#7278);
#3053=VERTEX_POINT('',#7284);
#3054=VERTEX_POINT('',#7286);
#3055=VERTEX_POINT('',#7292);
#3056=VERTEX_POINT('',#7294);
#3057=VERTEX_POINT('',#7298);
#3058=VERTEX_POINT('',#7299);
#3059=VERTEX_POINT('',#7301);
#3060=VERTEX_POINT('',#7303);
#3061=VERTEX_POINT('',#7307);
#3062=VERTEX_POINT('',#7309);
#3063=VERTEX_POINT('',#7319);
#3064=VERTEX_POINT('',#7320);
#3065=VERTEX_POINT('',#7322);
#3066=VERTEX_POINT('',#7324);
#3067=VERTEX_POINT('',#7328);
#3068=VERTEX_POINT('',#7330);
#3069=VERTEX_POINT('',#7332);
#3070=VERTEX_POINT('',#7334);
#3071=VERTEX_POINT('',#7336);
#3072=VERTEX_POINT('',#7338);
#3073=VERTEX_POINT('',#7342);
#3074=VERTEX_POINT('',#7346);
#3075=VERTEX_POINT('',#7347);
#3076=VERTEX_POINT('',#7349);
#3077=VERTEX_POINT('',#7351);
#3078=VERTEX_POINT('',#7354);
#3079=VERTEX_POINT('',#7370);
#3080=VERTEX_POINT('',#7371);
#3081=VERTEX_POINT('',#7373);
#3082=VERTEX_POINT('',#7375);
#3083=VERTEX_POINT('',#7379);
#3084=VERTEX_POINT('',#7381);
#3085=VERTEX_POINT('',#7385);
#3086=VERTEX_POINT('',#7387);
#3087=VERTEX_POINT('',#7394);
#3088=VERTEX_POINT('',#7395);
#3089=VERTEX_POINT('',#7397);
#3090=VERTEX_POINT('',#7399);
#3091=VERTEX_POINT('',#7403);
#3092=VERTEX_POINT('',#7404);
#3093=VERTEX_POINT('',#7406);
#3094=VERTEX_POINT('',#7408);
#3095=VERTEX_POINT('',#7421);
#3096=VERTEX_POINT('',#7423);
#3097=VERTEX_POINT('',#7429);
#3098=VERTEX_POINT('',#7431);
#3099=VERTEX_POINT('',#7437);
#3100=VERTEX_POINT('',#7438);
#3101=VERTEX_POINT('',#7440);
#3102=VERTEX_POINT('',#7442);
#3103=VERTEX_POINT('',#7446);
#3104=VERTEX_POINT('',#7448);
#3105=VERTEX_POINT('',#7452);
#3106=VERTEX_POINT('',#7454);
#3107=VERTEX_POINT('',#7458);
#3108=VERTEX_POINT('',#7460);
#3109=VERTEX_POINT('',#7489);
#3110=VERTEX_POINT('',#7491);
#3111=VERTEX_POINT('',#7670);
#3112=VERTEX_POINT('',#7672);
#3113=VERTEX_POINT('',#7678);
#3114=VERTEX_POINT('',#7679);
#3115=VERTEX_POINT('',#7681);
#3116=VERTEX_POINT('',#7683);
#3117=VERTEX_POINT('',#7687);
#3118=VERTEX_POINT('',#7688);
#3119=VERTEX_POINT('',#7690);
#3120=VERTEX_POINT('',#7692);
#3121=VERTEX_POINT('',#7696);
#3122=VERTEX_POINT('',#7698);
#3123=VERTEX_POINT('',#7700);
#3124=VERTEX_POINT('',#7704);
#3125=VERTEX_POINT('',#7711);
#3126=VERTEX_POINT('',#7723);
#3127=VERTEX_POINT('',#7724);
#3128=VERTEX_POINT('',#7726);
#3129=VERTEX_POINT('',#7728);
#3130=VERTEX_POINT('',#7732);
#3131=VERTEX_POINT('',#7734);
#3132=VERTEX_POINT('',#7738);
#3133=VERTEX_POINT('',#7740);
#3134=VERTEX_POINT('',#7750);
#3135=VERTEX_POINT('',#7751);
#3136=VERTEX_POINT('',#7753);
#3137=VERTEX_POINT('',#7755);
#3138=VERTEX_POINT('',#7759);
#3139=VERTEX_POINT('',#7761);
#3140=VERTEX_POINT('',#7765);
#3141=VERTEX_POINT('',#7767);
#3142=VERTEX_POINT('',#7777);
#3143=VERTEX_POINT('',#7778);
#3144=VERTEX_POINT('',#7780);
#3145=VERTEX_POINT('',#7782);
#3146=VERTEX_POINT('',#7785);
#3147=VERTEX_POINT('',#7786);
#3148=VERTEX_POINT('',#7788);
#3149=VERTEX_POINT('',#7790);
#3150=VERTEX_POINT('',#7794);
#3151=VERTEX_POINT('',#7795);
#3152=VERTEX_POINT('',#7800);
#3153=VERTEX_POINT('',#7804);
#3154=VERTEX_POINT('',#7811);
#3155=VERTEX_POINT('',#7812);
#3156=VERTEX_POINT('',#7817);
#3157=VERTEX_POINT('',#7821);
#3158=VERTEX_POINT('',#7829);
#3159=VERTEX_POINT('',#7831);
#3160=VERTEX_POINT('',#7834);
#3161=CIRCLE('',#4751,0.002);
#3162=CIRCLE('',#4752,0.002);
#3163=CIRCLE('',#4755,0.002);
#3164=CIRCLE('',#4756,0.002);
#3165=CIRCLE('',#4768,0.002);
#3166=CIRCLE('',#4769,0.002);
#3167=CIRCLE('',#4777,0.004);
#3168=CIRCLE('',#4778,0.012);
#3169=CIRCLE('',#4780,0.012);
#3170=CIRCLE('',#4781,0.004);
#3171=CIRCLE('',#4800,0.008);
#3172=CIRCLE('',#4801,0.008);
#3173=CIRCLE('',#4805,0.004);
#3174=CIRCLE('',#4826,0.004);
#3175=CIRCLE('',#4827,0.004);
#3176=CIRCLE('',#4833,0.002);
#3177=CIRCLE('',#4834,0.002);
#3178=CIRCLE('',#4846,0.00692820323027551);
#3179=CIRCLE('',#4854,0.004);
#3180=CIRCLE('',#4856,0.004);
#3181=CIRCLE('',#4884,0.002);
#3182=CIRCLE('',#4885,0.002);
#3183=CIRCLE('',#4886,0.002);
#3184=CIRCLE('',#4887,0.002);
#3185=CIRCLE('',#4889,0.002);
#3186=CIRCLE('',#4890,0.002);
#3187=CIRCLE('',#4891,0.002);
#3188=CIRCLE('',#4892,0.002);
#3189=CIRCLE('',#4899,0.004);
#3190=CIRCLE('',#4900,0.004);
#3191=CIRCLE('',#4903,0.004);
#3192=CIRCLE('',#4904,0.004);
#3193=CIRCLE('',#4907,0.003);
#3194=CIRCLE('',#4908,0.003);
#3195=CIRCLE('',#4911,0.001);
#3196=CIRCLE('',#4912,0.001);
#3197=CIRCLE('',#4914,0.001);
#3198=CIRCLE('',#4916,0.001);
#3199=CIRCLE('',#4931,0.003);
#3200=CIRCLE('',#4933,0.002);
#3201=CIRCLE('',#4935,0.002);
#3202=CIRCLE('',#4950,0.002);
#3203=CIRCLE('',#4951,0.002);
#3204=CIRCLE('',#4956,0.004);
#3205=CIRCLE('',#4958,0.004);
#3206=CIRCLE('',#4972,0.004);
#3207=CIRCLE('',#4973,0.004);
#3208=CIRCLE('',#4992,0.008);
#3209=CIRCLE('',#4996,0.00400000000000012);
#3210=CIRCLE('',#4997,0.00400000000000012);
#3211=CIRCLE('',#4999,0.00800000000000012);
#3212=CIRCLE('',#5001,0.00800000000000012);
#3213=CIRCLE('',#5016,0.004);
#3214=CIRCLE('',#5017,0.004);
#3215=CIRCLE('',#5037,0.004);
#3216=CIRCLE('',#5038,0.004);
#3217=CIRCLE('',#5043,0.004);
#3218=CIRCLE('',#5044,0.004);
#3219=CIRCLE('',#5049,0.006);
#3220=CIRCLE('',#5081,0.002);
#3221=CIRCLE('',#5082,0.002);
#3222=CIRCLE('',#5087,0.004);
#3223=CIRCLE('',#5088,0.004);
#3224=CIRCLE('',#5100,0.006);
#3225=CIRCLE('',#5101,0.006);
#3226=CIRCLE('',#5104,0.001);
#3227=CIRCLE('',#5105,0.001);
#3228=CIRCLE('',#5112,0.004);
#3229=CIRCLE('',#5114,0.004);
#3230=CIRCLE('',#5116,0.004);
#3231=CIRCLE('',#5119,0.004);
#3232=CIRCLE('',#5121,0.004);
#3233=CIRCLE('',#5123,0.004);
#3234=CIRCLE('',#5153,0.008);
#3235=CIRCLE('',#5154,0.008);
#3236=CIRCLE('',#5156,0.006);
#3237=EDGE_LOOP('',(#1244,#1245,#1246,#1247));
#3238=EDGE_LOOP('',(#1248,#1249,#1250,#1251));
#3239=EDGE_LOOP('',(#1252,#1253,#1254,#1255));
#3240=EDGE_LOOP('',(#1256,#1257,#1258,#1259));
#3241=EDGE_LOOP('',(#1260,#1261,#1262,#1263));
#3242=EDGE_LOOP('',(#1264,#1265,#1266,#1267));
#3243=EDGE_LOOP('',(#1268,#1269,#1270,#1271));
#3244=EDGE_LOOP('',(#1272,#1273,#1274,#1275));
#3245=EDGE_LOOP('',(#1276,#1277,#1278,#1279));
#3246=EDGE_LOOP('',(#1280,#1281,#1282));
#3247=EDGE_LOOP('',(#1283,#1284,#1285));
#3248=EDGE_LOOP('',(#1286));
#3249=EDGE_LOOP('',(#1287));
#3250=EDGE_LOOP('',(#1288));
#3251=EDGE_LOOP('',(#1289));
#3252=EDGE_LOOP('',(#1290,#1291,#1292,#1293));
#3253=EDGE_LOOP('',(#1294,#1295,#1296,#1297));
#3254=EDGE_LOOP('',(#1298,#1299,#1300,#1301));
#3255=EDGE_LOOP('',(#1302,#1303,#1304,#1305,#1306));
#3256=EDGE_LOOP('',(#1307,#1308,#1309,#1310,#1311));
#3257=EDGE_LOOP('',(#1312,#1313,#1314,#1315));
#3258=EDGE_LOOP('',(#1316,#1317,#1318,#1319));
#3259=EDGE_LOOP('',(#1320,#1321,#1322,#1323));
#3260=EDGE_LOOP('',(#1324,#1325,#1326,#1327));
#3261=EDGE_LOOP('',(#1328,#1329,#1330,#1331));
#3262=EDGE_LOOP('',(#1332,#1333,#1334,#1335));
#3263=EDGE_LOOP('',(#1336,#1337,#1338,#1339));
#3264=EDGE_LOOP('',(#1340,#1341,#1342,#1343));
#3265=EDGE_LOOP('',(#1344,#1345,#1346,#1347));
#3266=EDGE_LOOP('',(#1348,#1349,#1350,#1351));
#3267=EDGE_LOOP('',(#1352,#1353,#1354,#1355));
#3268=EDGE_LOOP('',(#1356,#1357,#1358,#1359));
#3269=EDGE_LOOP('',(#1360,#1361,#1362,#1363));
#3270=EDGE_LOOP('',(#1364,#1365,#1366,#1367));
#3271=EDGE_LOOP('',(#1368));
#3272=EDGE_LOOP('',(#1369));
#3273=EDGE_LOOP('',(#1370));
#3274=EDGE_LOOP('',(#1371));
#3275=EDGE_LOOP('',(#1372));
#3276=EDGE_LOOP('',(#1373));
#3277=EDGE_LOOP('',(#1374));
#3278=EDGE_LOOP('',(#1375));
#3279=EDGE_LOOP('',(#1376,#1377,#1378,#1379));
#3280=EDGE_LOOP('',(#1380,#1381,#1382,#1383));
#3281=EDGE_LOOP('',(#1384,#1385,#1386,#1387));
#3282=EDGE_LOOP('',(#1388,#1389,#1390,#1391));
#3283=EDGE_LOOP('',(#1392,#1393,#1394,#1395));
#3284=EDGE_LOOP('',(#1396,#1397,#1398,#1399));
#3285=EDGE_LOOP('',(#1400,#1401,#1402,#1403));
#3286=EDGE_LOOP('',(#1404,#1405,#1406,#1407));
#3287=EDGE_LOOP('',(#1408,#1409,#1410,#1411));
#3288=EDGE_LOOP('',(#1412,#1413,#1414,#1415));
#3289=EDGE_LOOP('',(#1416,#1417,#1418,#1419));
#3290=EDGE_LOOP('',(#1420,#1421,#1422,#1423));
#3291=EDGE_LOOP('',(#1424,#1425,#1426,#1427));
#3292=EDGE_LOOP('',(#1428,#1429,#1430,#1431));
#3293=EDGE_LOOP('',(#1432,#1433,#1434,#1435));
#3294=EDGE_LOOP('',(#1436));
#3295=EDGE_LOOP('',(#1437));
#3296=EDGE_LOOP('',(#1438,#1439,#1440,#1441));
#3297=EDGE_LOOP('',(#1442));
#3298=EDGE_LOOP('',(#1443,#1444,#1445,#1446));
#3299=EDGE_LOOP('',(#1447));
#3300=EDGE_LOOP('',(#1448,#1449,#1450,#1451));
#3301=EDGE_LOOP('',(#1452));
#3302=EDGE_LOOP('',(#1453));
#3303=EDGE_LOOP('',(#1454));
#3304=EDGE_LOOP('',(#1455));
#3305=EDGE_LOOP('',(#1456,#1457,#1458,#1459));
#3306=EDGE_LOOP('',(#1460,#1461,#1462,#1463));
#3307=EDGE_LOOP('',(#1464,#1465,#1466,#1467));
#3308=EDGE_LOOP('',(#1468,#1469,#1470,#1471));
#3309=EDGE_LOOP('',(#1472,#1473,#1474,#1475));
#3310=EDGE_LOOP('',(#1476,#1477,#1478,#1479));
#3311=EDGE_LOOP('',(#1480));
#3312=EDGE_LOOP('',(#1481));
#3313=EDGE_LOOP('',(#1482,#1483,#1484,#1485));
#3314=EDGE_LOOP('',(#1486,#1487,#1488,#1489));
#3315=EDGE_LOOP('',(#1490,#1491,#1492,#1493));
#3316=EDGE_LOOP('',(#1494,#1495,#1496,#1497));
#3317=EDGE_LOOP('',(#1498,#1499,#1500,#1501,#1502));
#3318=EDGE_LOOP('',(#1503,#1504,#1505,#1506,#1507));
#3319=EDGE_LOOP('',(#1508,#1509,#1510,#1511));
#3320=EDGE_LOOP('',(#1512,#1513,#1514,#1515));
#3321=EDGE_LOOP('',(#1516,#1517,#1518,#1519));
#3322=EDGE_LOOP('',(#1520,#1521,#1522,#1523));
#3323=EDGE_LOOP('',(#1524,#1525,#1526,#1527));
#3324=EDGE_LOOP('',(#1528,#1529,#1530,#1531));
#3325=EDGE_LOOP('',(#1532,#1533,#1534,#1535));
#3326=EDGE_LOOP('',(#1536,#1537,#1538,#1539));
#3327=EDGE_LOOP('',(#1540,#1541,#1542,#1543));
#3328=EDGE_LOOP('',(#1544,#1545,#1546,#1547));
#3329=EDGE_LOOP('',(#1548,#1549,#1550,#1551));
#3330=EDGE_LOOP('',(#1552,#1553,#1554,#1555));
#3331=EDGE_LOOP('',(#1556,#1557,#1558,#1559));
#3332=EDGE_LOOP('',(#1560,#1561,#1562,#1563));
#3333=EDGE_LOOP('',(#1564,#1565,#1566,#1567));
#3334=EDGE_LOOP('',(#1568,#1569,#1570,#1571));
#3335=EDGE_LOOP('',(#1572,#1573,#1574,#1575));
#3336=EDGE_LOOP('',(#1576,#1577,#1578,#1579));
#3337=EDGE_LOOP('',(#1580,#1581,#1582,#1583));
#3338=EDGE_LOOP('',(#1584,#1585,#1586,#1587));
#3339=EDGE_LOOP('',(#1588,#1589,#1590,#1591));
#3340=EDGE_LOOP('',(#1592,#1593,#1594,#1595));
#3341=EDGE_LOOP('',(#1596,#1597,#1598,#1599));
#3342=EDGE_LOOP('',(#1600));
#3343=EDGE_LOOP('',(#1601));
#3344=EDGE_LOOP('',(#1602));
#3345=EDGE_LOOP('',(#1603));
#3346=EDGE_LOOP('',(#1604,#1605,#1606,#1607));
#3347=EDGE_LOOP('',(#1608));
#3348=EDGE_LOOP('',(#1609));
#3349=EDGE_LOOP('',(#1610));
#3350=EDGE_LOOP('',(#1611));
#3351=EDGE_LOOP('',(#1612,#1613,#1614,#1615));
#3352=EDGE_LOOP('',(#1616));
#3353=EDGE_LOOP('',(#1617));
#3354=EDGE_LOOP('',(#1618));
#3355=EDGE_LOOP('',(#1619));
#3356=EDGE_LOOP('',(#1620));
#3357=EDGE_LOOP('',(#1621));
#3358=EDGE_LOOP('',(#1622));
#3359=EDGE_LOOP('',(#1623));
#3360=EDGE_LOOP('',(#1624,#1625,#1626,#1627));
#3361=EDGE_LOOP('',(#1628,#1629,#1630,#1631));
#3362=EDGE_LOOP('',(#1632,#1633,#1634,#1635));
#3363=EDGE_LOOP('',(#1636,#1637,#1638,#1639));
#3364=EDGE_LOOP('',(#1640,#1641,#1642,#1643));
#3365=EDGE_LOOP('',(#1644,#1645,#1646,#1647));
#3366=EDGE_LOOP('',(#1648,#1649,#1650,#1651));
#3367=EDGE_LOOP('',(#1652,#1653,#1654,#1655));
#3368=EDGE_LOOP('',(#1656,#1657,#1658,#1659));
#3369=EDGE_LOOP('',(#1660,#1661,#1662,#1663));
#3370=EDGE_LOOP('',(#1664,#1665,#1666,#1667));
#3371=EDGE_LOOP('',(#1668,#1669,#1670,#1671));
#3372=EDGE_LOOP('',(#1672,#1673,#1674,#1675));
#3373=EDGE_LOOP('',(#1676,#1677,#1678,#1679));
#3374=EDGE_LOOP('',(#1680,#1681,#1682,#1683));
#3375=EDGE_LOOP('',(#1684,#1685,#1686,#1687));
#3376=EDGE_LOOP('',(#1688,#1689,#1690,#1691,#1692,#1693));
#3377=EDGE_LOOP('',(#1694,#1695,#1696,#1697));
#3378=EDGE_LOOP('',(#1698,#1699,#1700,#1701,#1702,#1703));
#3379=EDGE_LOOP('',(#1704,#1705,#1706,#1707));
#3380=EDGE_LOOP('',(#1708));
#3381=EDGE_LOOP('',(#1709,#1710,#1711,#1712));
#3382=EDGE_LOOP('',(#1713));
#3383=EDGE_LOOP('',(#1714,#1715,#1716,#1717));
#3384=EDGE_LOOP('',(#1718));
#3385=EDGE_LOOP('',(#1719));
#3386=EDGE_LOOP('',(#1720));
#3387=EDGE_LOOP('',(#1721));
#3388=EDGE_LOOP('',(#1722,#1723,#1724,#1725));
#3389=EDGE_LOOP('',(#1726,#1727,#1728,#1729));
#3390=EDGE_LOOP('',(#1730,#1731,#1732,#1733));
#3391=EDGE_LOOP('',(#1734,#1735,#1736,#1737));
#3392=EDGE_LOOP('',(#1738,#1739,#1740,#1741));
#3393=EDGE_LOOP('',(#1742,#1743,#1744,#1745));
#3394=EDGE_LOOP('',(#1746,#1747,#1748,#1749));
#3395=EDGE_LOOP('',(#1750,#1751,#1752,#1753));
#3396=EDGE_LOOP('',(#1754,#1755,#1756,#1757,#1758,#1759));
#3397=EDGE_LOOP('',(#1760,#1761,#1762,#1763,#1764,#1765));
#3398=EDGE_LOOP('',(#1766));
#3399=EDGE_LOOP('',(#1767));
#3400=EDGE_LOOP('',(#1768));
#3401=EDGE_LOOP('',(#1769));
#3402=EDGE_LOOP('',(#1770,#1771,#1772,#1773));
#3403=EDGE_LOOP('',(#1774,#1775,#1776,#1777));
#3404=EDGE_LOOP('',(#1778,#1779,#1780,#1781));
#3405=EDGE_LOOP('',(#1782,#1783,#1784,#1785));
#3406=EDGE_LOOP('',(#1786,#1787,#1788,#1789));
#3407=EDGE_LOOP('',(#1790,#1791,#1792,#1793));
#3408=EDGE_LOOP('',(#1794,#1795,#1796,#1797));
#3409=EDGE_LOOP('',(#1798,#1799,#1800,#1801));
#3410=EDGE_LOOP('',(#1802,#1803,#1804,#1805));
#3411=EDGE_LOOP('',(#1806,#1807,#1808,#1809));
#3412=EDGE_LOOP('',(#1810,#1811,#1812,#1813));
#3413=EDGE_LOOP('',(#1814,#1815,#1816,#1817));
#3414=EDGE_LOOP('',(#1818));
#3415=EDGE_LOOP('',(#1819));
#3416=EDGE_LOOP('',(#1820));
#3417=EDGE_LOOP('',(#1821));
#3418=EDGE_LOOP('',(#1822,#1823,#1824,#1825));
#3419=EDGE_LOOP('',(#1826,#1827,#1828,#1829));
#3420=EDGE_LOOP('',(#1830,#1831,#1832,#1833));
#3421=EDGE_LOOP('',(#1834,#1835,#1836,#1837));
#3422=EDGE_LOOP('',(#1838,#1839,#1840,#1841));
#3423=EDGE_LOOP('',(#1842,#1843,#1844,#1845));
#3424=EDGE_LOOP('',(#1846,#1847,#1848,#1849));
#3425=EDGE_LOOP('',(#1850,#1851,#1852,#1853));
#3426=EDGE_LOOP('',(#1854,#1855,#1856,#1857));
#3427=EDGE_LOOP('',(#1858,#1859,#1860,#1861));
#3428=EDGE_LOOP('',(#1862,#1863,#1864,#1865));
#3429=EDGE_LOOP('',(#1866,#1867,#1868,#1869));
#3430=EDGE_LOOP('',(#1870));
#3431=EDGE_LOOP('',(#1871));
#3432=EDGE_LOOP('',(#1872,#1873,#1874,#1875));
#3433=EDGE_LOOP('',(#1876,#1877,#1878,#1879));
#3434=EDGE_LOOP('',(#1880,#1881,#1882,#1883));
#3435=EDGE_LOOP('',(#1884,#1885,#1886,#1887));
#3436=EDGE_LOOP('',(#1888,#1889,#1890,#1891));
#3437=EDGE_LOOP('',(#1892,#1893,#1894,#1895));
#3438=EDGE_LOOP('',(#1896,#1897));
#3439=EDGE_LOOP('',(#1898,#1899));
#3440=EDGE_LOOP('',(#1900,#1901));
#3441=EDGE_LOOP('',(#1902,#1903));
#3442=EDGE_LOOP('',(#1904));
#3443=EDGE_LOOP('',(#1905));
#3444=EDGE_LOOP('',(#1906));
#3445=EDGE_LOOP('',(#1907));
#3446=EDGE_LOOP('',(#1908,#1909,#1910,#1911,#1912,#1913));
#3447=EDGE_LOOP('',(#1914,#1915,#1916,#1917));
#3448=EDGE_LOOP('',(#1918,#1919,#1920,#1921));
#3449=EDGE_LOOP('',(#1922,#1923,#1924,#1925,#1926,#1927));
#3450=EDGE_LOOP('',(#1928,#1929,#1930,#1931,#1932,#1933));
#3451=EDGE_LOOP('',(#1934,#1935,#1936,#1937));
#3452=EDGE_LOOP('',(#1938,#1939,#1940,#1941,#1942,#1943));
#3453=EDGE_LOOP('',(#1944,#1945,#1946,#1947,#1948,#1949));
#3454=EDGE_LOOP('',(#1950,#1951,#1952,#1953,#1954,#1955));
#3455=EDGE_LOOP('',(#1956,#1957,#1958,#1959));
#3456=EDGE_LOOP('',(#1960,#1961,#1962,#1963));
#3457=EDGE_LOOP('',(#1964,#1965,#1966,#1967));
#3458=EDGE_LOOP('',(#1968));
#3459=EDGE_LOOP('',(#1969));
#3460=EDGE_LOOP('',(#1970));
#3461=EDGE_LOOP('',(#1971));
#3462=EDGE_LOOP('',(#1972));
#3463=EDGE_LOOP('',(#1973));
#3464=EDGE_LOOP('',(#1974));
#3465=EDGE_LOOP('',(#1975));
#3466=EDGE_LOOP('',(#1976));
#3467=EDGE_LOOP('',(#1977));
#3468=EDGE_LOOP('',(#1978,#1979,#1980,#1981));
#3469=EDGE_LOOP('',(#1982,#1983,#1984,#1985));
#3470=EDGE_LOOP('',(#1986,#1987,#1988,#1989));
#3471=EDGE_LOOP('',(#1990,#1991,#1992));
#3472=EDGE_LOOP('',(#1993,#1994,#1995));
#3473=EDGE_LOOP('',(#1996,#1997,#1998,#1999));
#3474=EDGE_LOOP('',(#2000,#2001,#2002,#2003,#2004,#2005,#2006,#2007));
#3475=EDGE_LOOP('',(#2008,#2009,#2010,#2011));
#3476=EDGE_LOOP('',(#2012,#2013,#2014,#2015,#2016,#2017,#2018,#2019));
#3477=EDGE_LOOP('',(#2020,#2021,#2022,#2023));
#3478=EDGE_LOOP('',(#2024,#2025,#2026,#2027));
#3479=EDGE_LOOP('',(#2028,#2029,#2030,#2031));
#3480=EDGE_LOOP('',(#2032,#2033,#2034,#2035));
#3481=EDGE_LOOP('',(#2036,#2037,#2038,#2039));
#3482=EDGE_LOOP('',(#2040,#2041,#2042,#2043));
#3483=EDGE_LOOP('',(#2044,#2045,#2046,#2047));
#3484=EDGE_LOOP('',(#2048,#2049,#2050,#2051));
#3485=EDGE_LOOP('',(#2052,#2053,#2054,#2055));
#3486=EDGE_LOOP('',(#2056,#2057,#2058,#2059));
#3487=EDGE_LOOP('',(#2060,#2061,#2062,#2063));
#3488=EDGE_LOOP('',(#2064,#2065,#2066,#2067));
#3489=EDGE_LOOP('',(#2068,#2069,#2070,#2071));
#3490=EDGE_LOOP('',(#2072,#2073,#2074,#2075));
#3491=EDGE_LOOP('',(#2076,#2077,#2078,#2079));
#3492=EDGE_LOOP('',(#2080,#2081,#2082,#2083));
#3493=EDGE_LOOP('',(#2084,#2085,#2086,#2087));
#3494=EDGE_LOOP('',(#2088,#2089,#2090,#2091));
#3495=EDGE_LOOP('',(#2092));
#3496=EDGE_LOOP('',(#2093));
#3497=EDGE_LOOP('',(#2094));
#3498=EDGE_LOOP('',(#2095));
#3499=EDGE_LOOP('',(#2096));
#3500=EDGE_LOOP('',(#2097));
#3501=EDGE_LOOP('',(#2098));
#3502=EDGE_LOOP('',(#2099));
#3503=EDGE_LOOP('',(#2100,#2101,#2102,#2103));
#3504=EDGE_LOOP('',(#2104,#2105,#2106,#2107));
#3505=EDGE_LOOP('',(#2108,#2109,#2110,#2111));
#3506=EDGE_LOOP('',(#2112,#2113,#2114,#2115));
#3507=EDGE_LOOP('',(#2116,#2117,#2118,#2119,#2120));
#3508=EDGE_LOOP('',(#2121,#2122,#2123,#2124,#2125));
#3509=EDGE_LOOP('',(#2126,#2127,#2128,#2129));
#3510=EDGE_LOOP('',(#2130));
#3511=EDGE_LOOP('',(#2131));
#3512=EDGE_LOOP('',(#2132));
#3513=EDGE_LOOP('',(#2133));
#3514=EDGE_LOOP('',(#2134));
#3515=EDGE_LOOP('',(#2135));
#3516=EDGE_LOOP('',(#2136));
#3517=EDGE_LOOP('',(#2137));
#3518=EDGE_LOOP('',(#2138,#2139,#2140,#2141));
#3519=EDGE_LOOP('',(#2142,#2143,#2144,#2145));
#3520=EDGE_LOOP('',(#2146,#2147,#2148,#2149,#2150));
#3521=EDGE_LOOP('',(#2151,#2152,#2153,#2154,#2155));
#3522=EDGE_LOOP('',(#2156,#2157,#2158,#2159,#2160));
#3523=EDGE_LOOP('',(#2161,#2162,#2163,#2164));
#3524=EDGE_LOOP('',(#2165,#2166,#2167,#2168));
#3525=EDGE_LOOP('',(#2169,#2170,#2171,#2172));
#3526=EDGE_LOOP('',(#2173,#2174,#2175));
#3527=EDGE_LOOP('',(#2176,#2177,#2178,#2179));
#3528=EDGE_LOOP('',(#2180,#2181,#2182,#2183));
#3529=EDGE_LOOP('',(#2184,#2185,#2186,#2187));
#3530=EDGE_LOOP('',(#2188,#2189,#2190,#2191));
#3531=EDGE_LOOP('',(#2192,#2193,#2194,#2195));
#3532=EDGE_LOOP('',(#2196,#2197,#2198,#2199));
#3533=EDGE_LOOP('',(#2200,#2201,#2202,#2203));
#3534=EDGE_LOOP('',(#2204,#2205,#2206,#2207));
#3535=EDGE_LOOP('',(#2208,#2209,#2210,#2211));
#3536=EDGE_LOOP('',(#2212,#2213,#2214,#2215));
#3537=EDGE_LOOP('',(#2216,#2217,#2218,#2219));
#3538=EDGE_LOOP('',(#2220,#2221,#2222,#2223));
#3539=EDGE_LOOP('',(#2224,#2225,#2226,#2227));
#3540=EDGE_LOOP('',(#2228,#2229,#2230,#2231));
#3541=EDGE_LOOP('',(#2232,#2233,#2234,#2235));
#3542=EDGE_LOOP('',(#2236,#2237,#2238,#2239));
#3543=EDGE_LOOP('',(#2240,#2241,#2242,#2243));
#3544=EDGE_LOOP('',(#2244,#2245,#2246,#2247));
#3545=EDGE_LOOP('',(#2248,#2249,#2250,#2251));
#3546=EDGE_LOOP('',(#2252,#2253,#2254,#2255));
#3547=EDGE_LOOP('',(#2256,#2257,#2258,#2259));
#3548=EDGE_LOOP('',(#2260,#2261,#2262,#2263));
#3549=EDGE_LOOP('',(#2264,#2265,#2266,#2267));
#3550=EDGE_LOOP('',(#2268,#2269,#2270,#2271));
#3551=EDGE_LOOP('',(#2272,#2273,#2274,#2275));
#3552=EDGE_LOOP('',(#2276));
#3553=EDGE_LOOP('',(#2277));
#3554=EDGE_LOOP('',(#2278));
#3555=EDGE_LOOP('',(#2279));
#3556=EDGE_LOOP('',(#2280));
#3557=EDGE_LOOP('',(#2281));
#3558=FACE_BOUND('',#3237,.T.);
#3559=FACE_BOUND('',#3238,.T.);
#3560=FACE_BOUND('',#3239,.T.);
#3561=FACE_BOUND('',#3240,.T.);
#3562=FACE_BOUND('',#3241,.T.);
#3563=FACE_BOUND('',#3242,.T.);
#3564=FACE_BOUND('',#3243,.T.);
#3565=FACE_BOUND('',#3244,.T.);
#3566=FACE_BOUND('',#3245,.T.);
#3567=FACE_BOUND('',#3246,.T.);
#3568=FACE_BOUND('',#3247,.T.);
#3569=FACE_BOUND('',#3248,.T.);
#3570=FACE_BOUND('',#3249,.T.);
#3571=FACE_BOUND('',#3250,.T.);
#3572=FACE_BOUND('',#3251,.T.);
#3573=FACE_BOUND('',#3252,.T.);
#3574=FACE_BOUND('',#3253,.T.);
#3575=FACE_BOUND('',#3254,.T.);
#3576=FACE_BOUND('',#3255,.T.);
#3577=FACE_BOUND('',#3256,.T.);
#3578=FACE_BOUND('',#3257,.T.);
#3579=FACE_BOUND('',#3258,.T.);
#3580=FACE_BOUND('',#3259,.T.);
#3581=FACE_BOUND('',#3260,.T.);
#3582=FACE_BOUND('',#3261,.T.);
#3583=FACE_BOUND('',#3262,.T.);
#3584=FACE_BOUND('',#3263,.T.);
#3585=FACE_BOUND('',#3264,.T.);
#3586=FACE_BOUND('',#3265,.T.);
#3587=FACE_BOUND('',#3266,.T.);
#3588=FACE_BOUND('',#3267,.T.);
#3589=FACE_BOUND('',#3268,.T.);
#3590=FACE_BOUND('',#3269,.T.);
#3591=FACE_BOUND('',#3270,.T.);
#3592=FACE_BOUND('',#3271,.T.);
#3593=FACE_BOUND('',#3272,.T.);
#3594=FACE_BOUND('',#3273,.T.);
#3595=FACE_BOUND('',#3274,.T.);
#3596=FACE_BOUND('',#3275,.T.);
#3597=FACE_BOUND('',#3276,.T.);
#3598=FACE_BOUND('',#3277,.T.);
#3599=FACE_BOUND('',#3278,.T.);
#3600=FACE_BOUND('',#3279,.T.);
#3601=FACE_BOUND('',#3280,.T.);
#3602=FACE_BOUND('',#3281,.T.);
#3603=FACE_BOUND('',#3282,.T.);
#3604=FACE_BOUND('',#3283,.T.);
#3605=FACE_BOUND('',#3284,.T.);
#3606=FACE_BOUND('',#3285,.T.);
#3607=FACE_BOUND('',#3286,.T.);
#3608=FACE_BOUND('',#3287,.T.);
#3609=FACE_BOUND('',#3288,.T.);
#3610=FACE_BOUND('',#3289,.T.);
#3611=FACE_BOUND('',#3290,.T.);
#3612=FACE_BOUND('',#3291,.T.);
#3613=FACE_BOUND('',#3292,.T.);
#3614=FACE_BOUND('',#3293,.T.);
#3615=FACE_BOUND('',#3294,.T.);
#3616=FACE_BOUND('',#3295,.T.);
#3617=FACE_BOUND('',#3296,.T.);
#3618=FACE_BOUND('',#3297,.T.);
#3619=FACE_BOUND('',#3298,.T.);
#3620=FACE_BOUND('',#3299,.T.);
#3621=FACE_BOUND('',#3300,.T.);
#3622=FACE_BOUND('',#3301,.T.);
#3623=FACE_BOUND('',#3302,.T.);
#3624=FACE_BOUND('',#3303,.T.);
#3625=FACE_BOUND('',#3304,.T.);
#3626=FACE_BOUND('',#3305,.T.);
#3627=FACE_BOUND('',#3306,.T.);
#3628=FACE_BOUND('',#3307,.T.);
#3629=FACE_BOUND('',#3308,.T.);
#3630=FACE_BOUND('',#3309,.T.);
#3631=FACE_BOUND('',#3310,.T.);
#3632=FACE_BOUND('',#3311,.T.);
#3633=FACE_BOUND('',#3312,.T.);
#3634=FACE_BOUND('',#3313,.T.);
#3635=FACE_BOUND('',#3314,.T.);
#3636=FACE_BOUND('',#3315,.T.);
#3637=FACE_BOUND('',#3316,.T.);
#3638=FACE_BOUND('',#3317,.T.);
#3639=FACE_BOUND('',#3318,.T.);
#3640=FACE_BOUND('',#3319,.T.);
#3641=FACE_BOUND('',#3320,.T.);
#3642=FACE_BOUND('',#3321,.T.);
#3643=FACE_BOUND('',#3322,.T.);
#3644=FACE_BOUND('',#3323,.T.);
#3645=FACE_BOUND('',#3324,.T.);
#3646=FACE_BOUND('',#3325,.T.);
#3647=FACE_BOUND('',#3326,.T.);
#3648=FACE_BOUND('',#3327,.T.);
#3649=FACE_BOUND('',#3328,.T.);
#3650=FACE_BOUND('',#3329,.T.);
#3651=FACE_BOUND('',#3330,.T.);
#3652=FACE_BOUND('',#3331,.T.);
#3653=FACE_BOUND('',#3332,.T.);
#3654=FACE_BOUND('',#3333,.T.);
#3655=FACE_BOUND('',#3334,.T.);
#3656=FACE_BOUND('',#3335,.T.);
#3657=FACE_BOUND('',#3336,.T.);
#3658=FACE_BOUND('',#3337,.T.);
#3659=FACE_BOUND('',#3338,.T.);
#3660=FACE_BOUND('',#3339,.T.);
#3661=FACE_BOUND('',#3340,.T.);
#3662=FACE_BOUND('',#3341,.T.);
#3663=FACE_BOUND('',#3342,.T.);
#3664=FACE_BOUND('',#3343,.T.);
#3665=FACE_BOUND('',#3344,.T.);
#3666=FACE_BOUND('',#3345,.T.);
#3667=FACE_BOUND('',#3346,.T.);
#3668=FACE_BOUND('',#3347,.T.);
#3669=FACE_BOUND('',#3348,.T.);
#3670=FACE_BOUND('',#3349,.T.);
#3671=FACE_BOUND('',#3350,.T.);
#3672=FACE_BOUND('',#3351,.T.);
#3673=FACE_BOUND('',#3352,.T.);
#3674=FACE_BOUND('',#3353,.T.);
#3675=FACE_BOUND('',#3354,.T.);
#3676=FACE_BOUND('',#3355,.T.);
#3677=FACE_BOUND('',#3356,.T.);
#3678=FACE_BOUND('',#3357,.T.);
#3679=FACE_BOUND('',#3358,.T.);
#3680=FACE_BOUND('',#3359,.T.);
#3681=FACE_BOUND('',#3360,.T.);
#3682=FACE_BOUND('',#3361,.T.);
#3683=FACE_BOUND('',#3362,.T.);
#3684=FACE_BOUND('',#3363,.T.);
#3685=FACE_BOUND('',#3364,.T.);
#3686=FACE_BOUND('',#3365,.T.);
#3687=FACE_BOUND('',#3366,.T.);
#3688=FACE_BOUND('',#3367,.T.);
#3689=FACE_BOUND('',#3368,.T.);
#3690=FACE_BOUND('',#3369,.T.);
#3691=FACE_BOUND('',#3370,.T.);
#3692=FACE_BOUND('',#3371,.T.);
#3693=FACE_BOUND('',#3372,.T.);
#3694=FACE_BOUND('',#3373,.T.);
#3695=FACE_BOUND('',#3374,.T.);
#3696=FACE_BOUND('',#3375,.T.);
#3697=FACE_BOUND('',#3376,.T.);
#3698=FACE_BOUND('',#3377,.T.);
#3699=FACE_BOUND('',#3378,.T.);
#3700=FACE_BOUND('',#3379,.T.);
#3701=FACE_BOUND('',#3380,.T.);
#3702=FACE_BOUND('',#3381,.T.);
#3703=FACE_BOUND('',#3382,.T.);
#3704=FACE_BOUND('',#3383,.T.);
#3705=FACE_BOUND('',#3384,.T.);
#3706=FACE_BOUND('',#3385,.T.);
#3707=FACE_BOUND('',#3386,.T.);
#3708=FACE_BOUND('',#3387,.T.);
#3709=FACE_BOUND('',#3388,.T.);
#3710=FACE_BOUND('',#3389,.T.);
#3711=FACE_BOUND('',#3390,.T.);
#3712=FACE_BOUND('',#3391,.T.);
#3713=FACE_BOUND('',#3392,.T.);
#3714=FACE_BOUND('',#3393,.T.);
#3715=FACE_BOUND('',#3394,.T.);
#3716=FACE_BOUND('',#3395,.T.);
#3717=FACE_BOUND('',#3396,.T.);
#3718=FACE_BOUND('',#3397,.T.);
#3719=FACE_BOUND('',#3398,.T.);
#3720=FACE_BOUND('',#3399,.T.);
#3721=FACE_BOUND('',#3400,.T.);
#3722=FACE_BOUND('',#3401,.T.);
#3723=FACE_BOUND('',#3402,.T.);
#3724=FACE_BOUND('',#3403,.T.);
#3725=FACE_BOUND('',#3404,.T.);
#3726=FACE_BOUND('',#3405,.T.);
#3727=FACE_BOUND('',#3406,.T.);
#3728=FACE_BOUND('',#3407,.T.);
#3729=FACE_BOUND('',#3408,.T.);
#3730=FACE_BOUND('',#3409,.T.);
#3731=FACE_BOUND('',#3410,.T.);
#3732=FACE_BOUND('',#3411,.T.);
#3733=FACE_BOUND('',#3412,.T.);
#3734=FACE_BOUND('',#3413,.T.);
#3735=FACE_BOUND('',#3414,.T.);
#3736=FACE_BOUND('',#3415,.T.);
#3737=FACE_BOUND('',#3416,.T.);
#3738=FACE_BOUND('',#3417,.T.);
#3739=FACE_BOUND('',#3418,.T.);
#3740=FACE_BOUND('',#3419,.T.);
#3741=FACE_BOUND('',#3420,.T.);
#3742=FACE_BOUND('',#3421,.T.);
#3743=FACE_BOUND('',#3422,.T.);
#3744=FACE_BOUND('',#3423,.T.);
#3745=FACE_BOUND('',#3424,.T.);
#3746=FACE_BOUND('',#3425,.T.);
#3747=FACE_BOUND('',#3426,.T.);
#3748=FACE_BOUND('',#3427,.T.);
#3749=FACE_BOUND('',#3428,.T.);
#3750=FACE_BOUND('',#3429,.T.);
#3751=FACE_BOUND('',#3430,.T.);
#3752=FACE_BOUND('',#3431,.T.);
#3753=FACE_BOUND('',#3432,.T.);
#3754=FACE_BOUND('',#3433,.T.);
#3755=FACE_BOUND('',#3434,.T.);
#3756=FACE_BOUND('',#3435,.T.);
#3757=FACE_BOUND('',#3436,.T.);
#3758=FACE_BOUND('',#3437,.T.);
#3759=FACE_BOUND('',#3438,.T.);
#3760=FACE_BOUND('',#3439,.T.);
#3761=FACE_BOUND('',#3440,.T.);
#3762=FACE_BOUND('',#3441,.T.);
#3763=FACE_BOUND('',#3442,.T.);
#3764=FACE_BOUND('',#3443,.T.);
#3765=FACE_BOUND('',#3444,.T.);
#3766=FACE_BOUND('',#3445,.T.);
#3767=FACE_BOUND('',#20,.T.);
#3768=FACE_BOUND('',#3446,.T.);
#3769=FACE_BOUND('',#3447,.T.);
#3770=FACE_BOUND('',#3448,.T.);
#3771=FACE_BOUND('',#3449,.T.);
#3772=FACE_BOUND('',#3450,.T.);
#3773=FACE_BOUND('',#3451,.T.);
#3774=FACE_BOUND('',#3452,.T.);
#3775=FACE_BOUND('',#3453,.T.);
#3776=FACE_BOUND('',#3454,.T.);
#3777=FACE_BOUND('',#3455,.T.);
#3778=FACE_BOUND('',#3456,.T.);
#3779=FACE_BOUND('',#3457,.T.);
#3780=FACE_BOUND('',#3458,.T.);
#3781=FACE_BOUND('',#3459,.T.);
#3782=FACE_BOUND('',#3460,.T.);
#3783=FACE_BOUND('',#3461,.T.);
#3784=FACE_BOUND('',#3462,.T.);
#3785=FACE_BOUND('',#3463,.T.);
#3786=FACE_BOUND('',#3464,.T.);
#3787=FACE_BOUND('',#3465,.T.);
#3788=FACE_BOUND('',#3466,.T.);
#3789=FACE_BOUND('',#21,.T.);
#3790=FACE_BOUND('',#3467,.T.);
#3791=FACE_BOUND('',#3468,.T.);
#3792=FACE_BOUND('',#3469,.T.);
#3793=FACE_BOUND('',#3470,.T.);
#3794=FACE_BOUND('',#3471,.T.);
#3795=FACE_BOUND('',#3472,.T.);
#3796=FACE_BOUND('',#3473,.T.);
#3797=FACE_BOUND('',#3474,.T.);
#3798=FACE_BOUND('',#3475,.T.);
#3799=FACE_BOUND('',#3476,.T.);
#3800=FACE_BOUND('',#3477,.T.);
#3801=FACE_BOUND('',#3478,.T.);
#3802=FACE_BOUND('',#3479,.T.);
#3803=FACE_BOUND('',#3480,.T.);
#3804=FACE_BOUND('',#3481,.T.);
#3805=FACE_BOUND('',#3482,.T.);
#3806=FACE_BOUND('',#3483,.T.);
#3807=FACE_BOUND('',#3484,.T.);
#3808=FACE_BOUND('',#3485,.T.);
#3809=FACE_BOUND('',#3486,.T.);
#3810=FACE_BOUND('',#3487,.T.);
#3811=FACE_BOUND('',#3488,.T.);
#3812=FACE_BOUND('',#3489,.T.);
#3813=FACE_BOUND('',#3490,.T.);
#3814=FACE_BOUND('',#3491,.T.);
#3815=FACE_BOUND('',#3492,.T.);
#3816=FACE_BOUND('',#3493,.T.);
#3817=FACE_BOUND('',#3494,.T.);
#3818=FACE_BOUND('',#3495,.T.);
#3819=FACE_BOUND('',#3496,.T.);
#3820=FACE_BOUND('',#3497,.T.);
#3821=FACE_BOUND('',#3498,.T.);
#3822=FACE_BOUND('',#3499,.T.);
#3823=FACE_BOUND('',#3500,.T.);
#3824=FACE_BOUND('',#3501,.T.);
#3825=FACE_BOUND('',#3502,.T.);
#3826=FACE_BOUND('',#3503,.T.);
#3827=FACE_BOUND('',#3504,.T.);
#3828=FACE_BOUND('',#3505,.T.);
#3829=FACE_BOUND('',#3506,.T.);
#3830=FACE_BOUND('',#3507,.T.);
#3831=FACE_BOUND('',#3508,.T.);
#3832=FACE_BOUND('',#3509,.T.);
#3833=FACE_BOUND('',#3510,.T.);
#3834=FACE_BOUND('',#3511,.T.);
#3835=FACE_BOUND('',#3512,.T.);
#3836=FACE_BOUND('',#3513,.T.);
#3837=FACE_BOUND('',#3514,.T.);
#3838=FACE_BOUND('',#3515,.T.);
#3839=FACE_BOUND('',#3516,.T.);
#3840=FACE_BOUND('',#3517,.T.);
#3841=FACE_BOUND('',#3518,.T.);
#3842=FACE_BOUND('',#3519,.T.);
#3843=FACE_BOUND('',#3520,.T.);
#3844=FACE_BOUND('',#3521,.T.);
#3845=FACE_BOUND('',#3522,.T.);
#3846=FACE_BOUND('',#3523,.T.);
#3847=FACE_BOUND('',#3524,.T.);
#3848=FACE_BOUND('',#3525,.T.);
#3849=FACE_BOUND('',#3526,.T.);
#3850=FACE_BOUND('',#3527,.T.);
#3851=FACE_BOUND('',#3528,.T.);
#3852=FACE_BOUND('',#3529,.T.);
#3853=FACE_BOUND('',#3530,.T.);
#3854=FACE_BOUND('',#3531,.T.);
#3855=FACE_BOUND('',#3532,.T.);
#3856=FACE_BOUND('',#3533,.T.);
#3857=FACE_BOUND('',#3534,.T.);
#3858=FACE_BOUND('',#3535,.T.);
#3859=FACE_BOUND('',#3536,.T.);
#3860=FACE_BOUND('',#3537,.T.);
#3861=FACE_BOUND('',#3538,.T.);
#3862=FACE_BOUND('',#3539,.T.);
#3863=FACE_BOUND('',#3540,.T.);
#3864=FACE_BOUND('',#3541,.T.);
#3865=FACE_BOUND('',#3542,.T.);
#3866=FACE_BOUND('',#3543,.T.);
#3867=FACE_BOUND('',#3544,.T.);
#3868=FACE_BOUND('',#3545,.T.);
#3869=FACE_BOUND('',#3546,.T.);
#3870=FACE_BOUND('',#3547,.T.);
#3871=FACE_BOUND('',#3548,.T.);
#3872=FACE_BOUND('',#3549,.T.);
#3873=FACE_BOUND('',#3550,.T.);
#3874=FACE_BOUND('',#3551,.T.);
#3875=FACE_BOUND('',#3552,.T.);
#3876=FACE_BOUND('',#3553,.T.);
#3877=FACE_BOUND('',#3554,.T.);
#3878=FACE_BOUND('',#3555,.T.);
#3879=FACE_BOUND('',#3556,.T.);
#3880=FACE_BOUND('',#3557,.T.);
#3881=CYLINDRICAL_SURFACE('',#4750,0.002);
#3882=CYLINDRICAL_SURFACE('',#4754,0.002);
#3883=CYLINDRICAL_SURFACE('',#4767,0.002);
#3884=CYLINDRICAL_SURFACE('',#4782,0.004);
#3885=CYLINDRICAL_SURFACE('',#4783,0.012);
#3886=CYLINDRICAL_SURFACE('',#4799,0.008);
#3887=CYLINDRICAL_SURFACE('',#4804,0.004);
#3888=CYLINDRICAL_SURFACE('',#4825,0.004);
#3889=CYLINDRICAL_SURFACE('',#4832,0.002);
#3890=CYLINDRICAL_SURFACE('',#4857,0.004);
#3891=CYLINDRICAL_SURFACE('',#4893,0.002);
#3892=CYLINDRICAL_SURFACE('',#4894,0.002);
#3893=CYLINDRICAL_SURFACE('',#4895,0.002);
#3894=CYLINDRICAL_SURFACE('',#4896,0.002);
#3895=CYLINDRICAL_SURFACE('',#4898,0.004);
#3896=CYLINDRICAL_SURFACE('',#4902,0.004);
#3897=CYLINDRICAL_SURFACE('',#4913,0.001);
#3898=CYLINDRICAL_SURFACE('',#4915,0.001);
#3899=CYLINDRICAL_SURFACE('',#4934,0.002);
#3900=CYLINDRICAL_SURFACE('',#4949,0.002);
#3901=CYLINDRICAL_SURFACE('',#4962,0.004);
#3902=CYLINDRICAL_SURFACE('',#4971,0.004);
#3903=CYLINDRICAL_SURFACE('',#4995,0.00400000000000012);
#3904=CYLINDRICAL_SURFACE('',#5000,0.00800000000000012);
#3905=CYLINDRICAL_SURFACE('',#5006,0.008);
#3906=CYLINDRICAL_SURFACE('',#5009,0.008);
#3907=CYLINDRICAL_SURFACE('',#5011,0.008);
#3908=CYLINDRICAL_SURFACE('',#5013,0.008);
#3909=CYLINDRICAL_SURFACE('',#5015,0.004);
#3910=CYLINDRICAL_SURFACE('',#5036,0.004);
#3911=CYLINDRICAL_SURFACE('',#5042,0.004);
#3912=CYLINDRICAL_SURFACE('',#5080,0.002);
#3913=CYLINDRICAL_SURFACE('',#5086,0.004);
#3914=CYLINDRICAL_SURFACE('',#5102,0.006);
#3915=CYLINDRICAL_SURFACE('',#5118,0.004);
#3916=CYLINDRICAL_SURFACE('',#5120,0.004);
#3917=CYLINDRICAL_SURFACE('',#5124,0.004);
#3918=CYLINDRICAL_SURFACE('',#5152,0.008);
#3919=ADVANCED_FACE('',(#3558),#3881,.T.);
#3920=ADVANCED_FACE('',(#3559),#140,.F.);
#3921=ADVANCED_FACE('',(#3560),#3882,.T.);
#3922=ADVANCED_FACE('',(#3561),#141,.F.);
#3923=ADVANCED_FACE('',(#3562),#142,.T.);
#3924=ADVANCED_FACE('',(#3563),#143,.F.);
#3925=ADVANCED_FACE('',(#3564),#144,.F.);
#3926=ADVANCED_FACE('',(#3565),#145,.F.);
#3927=ADVANCED_FACE('',(#3566),#146,.F.);
#3928=ADVANCED_FACE('',(#3567),#147,.T.);
#3929=ADVANCED_FACE('',(#3568),#148,.F.);
#3930=ADVANCED_FACE('',(#3569,#3570),#3883,.T.);
#3931=ADVANCED_FACE('',(#3571),#149,.T.);
#3932=ADVANCED_FACE('',(#3572),#150,.F.);
#3933=ADVANCED_FACE('',(#3573),#151,.T.);
#3934=ADVANCED_FACE('',(#3574),#152,.F.);
#3935=ADVANCED_FACE('',(#3575),#153,.T.);
#3936=ADVANCED_FACE('',(#3576),#154,.T.);
#3937=ADVANCED_FACE('',(#3577),#155,.F.);
#3938=ADVANCED_FACE('',(#3578),#3884,.T.);
#3939=ADVANCED_FACE('',(#3579),#3885,.T.);
#3940=ADVANCED_FACE('',(#3580),#156,.T.);
#3941=ADVANCED_FACE('',(#3581),#157,.F.);
#3942=ADVANCED_FACE('',(#3582),#158,.T.);
#3943=ADVANCED_FACE('',(#3583),#159,.T.);
#3944=ADVANCED_FACE('',(#3584),#160,.F.);
#3945=ADVANCED_FACE('',(#3585),#161,.F.);
#3946=ADVANCED_FACE('',(#3586),#162,.F.);
#3947=ADVANCED_FACE('',(#3587),#163,.F.);
#3948=ADVANCED_FACE('',(#3588),#164,.F.);
#3949=ADVANCED_FACE('',(#3589),#165,.F.);
#3950=ADVANCED_FACE('',(#3590),#166,.T.);
#3951=ADVANCED_FACE('',(#3591),#167,.F.);
#3952=ADVANCED_FACE('',(#3592,#3593,#3594),#3886,.T.);
#3953=ADVANCED_FACE('',(#3595),#168,.T.);
#3954=ADVANCED_FACE('',(#3596),#169,.F.);
#3955=ADVANCED_FACE('',(#3597,#3598),#3887,.T.);
#3956=ADVANCED_FACE('',(#3599),#170,.T.);
#3957=ADVANCED_FACE('',(#3600),#171,.T.);
#3958=ADVANCED_FACE('',(#3601),#172,.F.);
#3959=ADVANCED_FACE('',(#3602),#173,.T.);
#3960=ADVANCED_FACE('',(#3603),#174,.T.);
#3961=ADVANCED_FACE('',(#3604),#175,.F.);
#3962=ADVANCED_FACE('',(#3605),#176,.F.);
#3963=ADVANCED_FACE('',(#3606),#177,.T.);
#3964=ADVANCED_FACE('',(#3607),#178,.F.);
#3965=ADVANCED_FACE('',(#3608),#179,.T.);
#3966=ADVANCED_FACE('',(#3609),#180,.T.);
#3967=ADVANCED_FACE('',(#3610),#181,.F.);
#3968=ADVANCED_FACE('',(#3611),#182,.F.);
#3969=ADVANCED_FACE('',(#3612),#183,.T.);
#3970=ADVANCED_FACE('',(#3613),#184,.F.);
#3971=ADVANCED_FACE('',(#3614),#185,.F.);
#3972=ADVANCED_FACE('',(#3615,#3616),#3888,.F.);
#3973=ADVANCED_FACE('',(#3617),#186,.T.);
#3974=ADVANCED_FACE('',(#3618,#3619),#187,.T.);
#3975=ADVANCED_FACE('',(#3620,#3621),#188,.F.);
#3976=ADVANCED_FACE('',(#3622,#3623),#3889,.T.);
#3977=ADVANCED_FACE('',(#3624),#189,.T.);
#3978=ADVANCED_FACE('',(#3625),#190,.F.);
#3979=ADVANCED_FACE('',(#3626),#191,.T.);
#3980=ADVANCED_FACE('',(#3627),#192,.F.);
#3981=ADVANCED_FACE('',(#3628),#193,.F.);
#3982=ADVANCED_FACE('',(#3629),#194,.T.);
#3983=ADVANCED_FACE('',(#3630),#195,.T.);
#3984=ADVANCED_FACE('',(#3631),#196,.F.);
#3985=ADVANCED_FACE('',(#3632),#34,.T.);
#3986=ADVANCED_FACE('',(#3633),#35,.T.);
#3987=ADVANCED_FACE('',(#3634),#197,.T.);
#3988=ADVANCED_FACE('',(#3635),#198,.F.);
#3989=ADVANCED_FACE('',(#3636),#199,.F.);
#3990=ADVANCED_FACE('',(#3637),#200,.T.);
#3991=ADVANCED_FACE('',(#3638),#201,.T.);
#3992=ADVANCED_FACE('',(#3639),#202,.F.);
#3993=ADVANCED_FACE('',(#3640),#3890,.T.);
#3994=ADVANCED_FACE('',(#3641),#203,.T.);
#3995=ADVANCED_FACE('',(#3642),#204,.F.);
#3996=ADVANCED_FACE('',(#3643),#205,.F.);
#3997=ADVANCED_FACE('',(#3644),#206,.T.);
#3998=ADVANCED_FACE('',(#3645),#207,.T.);
#3999=ADVANCED_FACE('',(#3646),#208,.F.);
#4000=ADVANCED_FACE('',(#3647),#209,.T.);
#4001=ADVANCED_FACE('',(#3648),#210,.F.);
#4002=ADVANCED_FACE('',(#3649),#211,.F.);
#4003=ADVANCED_FACE('',(#3650),#212,.T.);
#4004=ADVANCED_FACE('',(#3651),#213,.T.);
#4005=ADVANCED_FACE('',(#3652),#214,.F.);
#4006=ADVANCED_FACE('',(#3653),#215,.F.);
#4007=ADVANCED_FACE('',(#3654),#216,.T.);
#4008=ADVANCED_FACE('',(#3655),#217,.T.);
#4009=ADVANCED_FACE('',(#3656),#218,.F.);
#4010=ADVANCED_FACE('',(#3657),#219,.F.);
#4011=ADVANCED_FACE('',(#3658),#220,.T.);
#4012=ADVANCED_FACE('',(#3659),#221,.T.);
#4013=ADVANCED_FACE('',(#3660),#222,.F.);
#4014=ADVANCED_FACE('',(#3661),#223,.F.);
#4015=ADVANCED_FACE('',(#3662),#224,.T.);
#4016=ADVANCED_FACE('',(#3663,#3664,#3665,#3666,#3667),#225,.T.);
#4017=ADVANCED_FACE('',(#3668,#3669,#3670,#3671,#3672),#226,.F.);
#4018=ADVANCED_FACE('',(#3673,#3674),#3891,.F.);
#4019=ADVANCED_FACE('',(#3675,#3676),#3892,.F.);
#4020=ADVANCED_FACE('',(#3677,#3678),#3893,.F.);
#4021=ADVANCED_FACE('',(#3679,#3680),#3894,.F.);
#4022=ADVANCED_FACE('',(#3681),#3895,.T.);
#4023=ADVANCED_FACE('',(#3682),#227,.F.);
#4024=ADVANCED_FACE('',(#3683),#3896,.T.);
#4025=ADVANCED_FACE('',(#3684),#228,.F.);
#4026=ADVANCED_FACE('',(#3685),#229,.T.);
#4027=ADVANCED_FACE('',(#3686),#230,.F.);
#4028=ADVANCED_FACE('',(#3687),#29,.T.);
#4029=ADVANCED_FACE('',(#3688),#3897,.T.);
#4030=ADVANCED_FACE('',(#3689),#3898,.T.);
#4031=ADVANCED_FACE('',(#3690),#30,.T.);
#4032=ADVANCED_FACE('',(#3691),#231,.T.);
#4033=ADVANCED_FACE('',(#3692),#232,.F.);
#4034=ADVANCED_FACE('',(#3693),#233,.T.);
#4035=ADVANCED_FACE('',(#3694),#234,.T.);
#4036=ADVANCED_FACE('',(#3695),#235,.F.);
#4037=ADVANCED_FACE('',(#3696),#236,.F.);
#4038=ADVANCED_FACE('',(#3697),#237,.T.);
#4039=ADVANCED_FACE('',(#3698),#238,.F.);
#4040=ADVANCED_FACE('',(#3699),#239,.F.);
#4041=ADVANCED_FACE('',(#3700),#240,.T.);
#4042=ADVANCED_FACE('',(#3701,#3702),#241,.T.);
#4043=ADVANCED_FACE('',(#3703,#3704),#242,.F.);
#4044=ADVANCED_FACE('',(#3705,#3706),#3899,.F.);
#4045=ADVANCED_FACE('',(#3707,#3708),#26,.F.);
#4046=ADVANCED_FACE('',(#3709),#243,.F.);
#4047=ADVANCED_FACE('',(#3710),#244,.T.);
#4048=ADVANCED_FACE('',(#3711),#245,.F.);
#4049=ADVANCED_FACE('',(#3712),#246,.F.);
#4050=ADVANCED_FACE('',(#3713),#247,.F.);
#4051=ADVANCED_FACE('',(#3714),#248,.F.);
#4052=ADVANCED_FACE('',(#3715),#249,.F.);
#4053=ADVANCED_FACE('',(#3716),#250,.F.);
#4054=ADVANCED_FACE('',(#3717),#251,.T.);
#4055=ADVANCED_FACE('',(#3718),#252,.F.);
#4056=ADVANCED_FACE('',(#3719,#3720),#3900,.T.);
#4057=ADVANCED_FACE('',(#3721),#253,.T.);
#4058=ADVANCED_FACE('',(#3722),#254,.F.);
#4059=ADVANCED_FACE('',(#3723),#255,.T.);
#4060=ADVANCED_FACE('',(#3724),#256,.F.);
#4061=ADVANCED_FACE('',(#3725),#257,.T.);
#4062=ADVANCED_FACE('',(#3726),#258,.T.);
#4063=ADVANCED_FACE('',(#3727),#259,.F.);
#4064=ADVANCED_FACE('',(#3728),#3901,.T.);
#4065=ADVANCED_FACE('',(#3729),#260,.T.);
#4066=ADVANCED_FACE('',(#3730),#261,.F.);
#4067=ADVANCED_FACE('',(#3731),#262,.F.);
#4068=ADVANCED_FACE('',(#3732),#263,.T.);
#4069=ADVANCED_FACE('',(#3733),#264,.T.);
#4070=ADVANCED_FACE('',(#3734),#265,.F.);
#4071=ADVANCED_FACE('',(#3735,#3736),#3902,.T.);
#4072=ADVANCED_FACE('',(#3737),#266,.T.);
#4073=ADVANCED_FACE('',(#3738),#267,.F.);
#4074=ADVANCED_FACE('',(#3739),#268,.T.);
#4075=ADVANCED_FACE('',(#3740),#269,.F.);
#4076=ADVANCED_FACE('',(#3741),#270,.T.);
#4077=ADVANCED_FACE('',(#3742),#271,.T.);
#4078=ADVANCED_FACE('',(#3743),#272,.F.);
#4079=ADVANCED_FACE('',(#3744),#273,.F.);
#4080=ADVANCED_FACE('',(#3745),#274,.T.);
#4081=ADVANCED_FACE('',(#3746),#275,.F.);
#4082=ADVANCED_FACE('',(#3747),#276,.F.);
#4083=ADVANCED_FACE('',(#3748),#277,.T.);
#4084=ADVANCED_FACE('',(#3749),#278,.T.);
#4085=ADVANCED_FACE('',(#3750),#279,.F.);
#4086=ADVANCED_FACE('',(#3751),#36,.T.);
#4087=ADVANCED_FACE('',(#3752),#280,.F.);
#4088=ADVANCED_FACE('',(#3753),#3903,.F.);
#4089=ADVANCED_FACE('',(#3754),#281,.T.);
#4090=ADVANCED_FACE('',(#3755),#3904,.T.);
#4091=ADVANCED_FACE('',(#3756),#282,.F.);
#4092=ADVANCED_FACE('',(#3757),#283,.F.);
#4093=ADVANCED_FACE('',(#3758),#284,.T.);
#4094=ADVANCED_FACE('',(#3759),#3905,.T.);
#4095=ADVANCED_FACE('',(#3760),#3906,.T.);
#4096=ADVANCED_FACE('',(#3761),#3907,.T.);
#4097=ADVANCED_FACE('',(#3762),#3908,.T.);
#4098=ADVANCED_FACE('',(#3763,#3764),#3909,.T.);
#4099=ADVANCED_FACE('',(#3765),#285,.T.);
#4100=ADVANCED_FACE('',(#3766),#286,.F.);
#4101=ADVANCED_FACE('',(#3767),#31,.T.);
#4102=ADVANCED_FACE('',(#3768),#287,.F.);
#4103=ADVANCED_FACE('',(#3769),#288,.T.);
#4104=ADVANCED_FACE('',(#3770),#289,.F.);
#4105=ADVANCED_FACE('',(#3771),#290,.T.);
#4106=ADVANCED_FACE('',(#3772),#291,.T.);
#4107=ADVANCED_FACE('',(#3773),#292,.F.);
#4108=ADVANCED_FACE('',(#3774),#293,.F.);
#4109=ADVANCED_FACE('',(#3775),#294,.F.);
#4110=ADVANCED_FACE('',(#3776),#295,.T.);
#4111=ADVANCED_FACE('',(#3777),#296,.F.);
#4112=ADVANCED_FACE('',(#3778),#297,.T.);
#4113=ADVANCED_FACE('',(#3779),#298,.T.);
#4114=ADVANCED_FACE('',(#3780,#3781),#3910,.T.);
#4115=ADVANCED_FACE('',(#3782),#299,.F.);
#4116=ADVANCED_FACE('',(#3783),#300,.T.);
#4117=ADVANCED_FACE('',(#3784,#3785),#3911,.T.);
#4118=ADVANCED_FACE('',(#3786),#301,.T.);
#4119=ADVANCED_FACE('',(#3787),#302,.F.);
#4120=ADVANCED_FACE('',(#3788),#303,.T.);
#4121=ADVANCED_FACE('',(#3789,#3790),#27,.T.);
#4122=ADVANCED_FACE('',(#3791),#304,.F.);
#4123=ADVANCED_FACE('',(#3792),#305,.F.);
#4124=ADVANCED_FACE('',(#3793),#306,.F.);
#4125=ADVANCED_FACE('',(#3794),#307,.T.);
#4126=ADVANCED_FACE('',(#3795),#308,.F.);
#4127=ADVANCED_FACE('',(#3796),#309,.T.);
#4128=ADVANCED_FACE('',(#3797),#310,.T.);
#4129=ADVANCED_FACE('',(#3798),#311,.T.);
#4130=ADVANCED_FACE('',(#3799),#312,.F.);
#4131=ADVANCED_FACE('',(#3800),#313,.F.);
#4132=ADVANCED_FACE('',(#3801),#314,.T.);
#4133=ADVANCED_FACE('',(#3802),#315,.F.);
#4134=ADVANCED_FACE('',(#3803),#316,.F.);
#4135=ADVANCED_FACE('',(#3804),#317,.T.);
#4136=ADVANCED_FACE('',(#3805),#318,.T.);
#4137=ADVANCED_FACE('',(#3806),#319,.T.);
#4138=ADVANCED_FACE('',(#3807),#320,.F.);
#4139=ADVANCED_FACE('',(#3808),#321,.F.);
#4140=ADVANCED_FACE('',(#3809),#322,.T.);
#4141=ADVANCED_FACE('',(#3810,#3811),#323,.T.);
#4142=ADVANCED_FACE('',(#3812,#3813),#324,.F.);
#4143=ADVANCED_FACE('',(#3814),#325,.F.);
#4144=ADVANCED_FACE('',(#3815),#326,.T.);
#4145=ADVANCED_FACE('',(#3816),#327,.T.);
#4146=ADVANCED_FACE('',(#3817),#328,.F.);
#4147=ADVANCED_FACE('',(#3818,#3819),#3912,.T.);
#4148=ADVANCED_FACE('',(#3820),#329,.T.);
#4149=ADVANCED_FACE('',(#3821),#330,.F.);
#4150=ADVANCED_FACE('',(#3822,#3823),#3913,.T.);
#4151=ADVANCED_FACE('',(#3824),#331,.T.);
#4152=ADVANCED_FACE('',(#3825),#332,.F.);
#4153=ADVANCED_FACE('',(#3826),#333,.T.);
#4154=ADVANCED_FACE('',(#3827),#334,.F.);
#4155=ADVANCED_FACE('',(#3828),#335,.F.);
#4156=ADVANCED_FACE('',(#3829),#336,.T.);
#4157=ADVANCED_FACE('',(#3830),#337,.T.);
#4158=ADVANCED_FACE('',(#3831),#338,.F.);
#4159=ADVANCED_FACE('',(#3832),#18,.T.);
#4160=ADVANCED_FACE('',(#3833,#3834),#37,.T.);
#4161=ADVANCED_FACE('',(#3835,#3836),#3914,.F.);
#4162=ADVANCED_FACE('',(#3837,#3838),#19,.T.);
#4163=ADVANCED_FACE('',(#3839),#339,.T.);
#4164=ADVANCED_FACE('',(#3840),#340,.F.);
#4165=ADVANCED_FACE('',(#3841),#341,.T.);
#4166=ADVANCED_FACE('',(#3842),#342,.F.);
#4167=ADVANCED_FACE('',(#3843),#343,.F.);
#4168=ADVANCED_FACE('',(#3844),#344,.T.);
#4169=ADVANCED_FACE('',(#3845),#345,.T.);
#4170=ADVANCED_FACE('',(#3846),#346,.F.);
#4171=ADVANCED_FACE('',(#3847),#3915,.T.);
#4172=ADVANCED_FACE('',(#3848),#3916,.T.);
#4173=ADVANCED_FACE('',(#3849),#38,.T.);
#4174=ADVANCED_FACE('',(#3850),#3917,.T.);
#4175=ADVANCED_FACE('',(#3851),#347,.F.);
#4176=ADVANCED_FACE('',(#3852),#348,.F.);
#4177=ADVANCED_FACE('',(#3853),#349,.T.);
#4178=ADVANCED_FACE('',(#3854),#350,.T.);
#4179=ADVANCED_FACE('',(#3855),#351,.T.);
#4180=ADVANCED_FACE('',(#3856),#352,.F.);
#4181=ADVANCED_FACE('',(#3857),#353,.T.);
#4182=ADVANCED_FACE('',(#3858),#354,.F.);
#4183=ADVANCED_FACE('',(#3859),#355,.F.);
#4184=ADVANCED_FACE('',(#3860),#356,.T.);
#4185=ADVANCED_FACE('',(#3861),#357,.T.);
#4186=ADVANCED_FACE('',(#3862),#358,.F.);
#4187=ADVANCED_FACE('',(#3863,#3864),#359,.T.);
#4188=ADVANCED_FACE('',(#3865),#360,.T.);
#4189=ADVANCED_FACE('',(#3866),#361,.F.);
#4190=ADVANCED_FACE('',(#3867),#362,.F.);
#4191=ADVANCED_FACE('',(#3868),#363,.T.);
#4192=ADVANCED_FACE('',(#3869),#364,.F.);
#4193=ADVANCED_FACE('',(#3870),#365,.F.);
#4194=ADVANCED_FACE('',(#3871),#366,.T.);
#4195=ADVANCED_FACE('',(#3872),#367,.T.);
#4196=ADVANCED_FACE('',(#3873),#368,.F.);
#4197=ADVANCED_FACE('',(#3874),#369,.T.);
#4198=ADVANCED_FACE('',(#3875,#3876),#3918,.T.);
#4199=ADVANCED_FACE('',(#3877),#370,.T.);
#4200=ADVANCED_FACE('',(#3878),#371,.F.);
#4201=ADVANCED_FACE('',(#3879,#3880),#28,.T.);
#4202=CLOSED_SHELL('',(#3919,#3920,#3921,#3922,#3923,#3924));
#4203=CLOSED_SHELL('',(#3925,#3926,#3927,#3928,#3929));
#4204=CLOSED_SHELL('',(#3930,#3931,#3932));
#4205=CLOSED_SHELL('',(#3933,#3934,#3935,#3936,#3937,#3938,#3939));
#4206=CLOSED_SHELL('',(#3940,#3941,#3942,#3943,#3944,#3945));
#4207=CLOSED_SHELL('',(#3946,#3947,#3948,#3949,#3950,#3951));
#4208=CLOSED_SHELL('',(#3952,#3953,#3954,#3955,#3956));
#4209=CLOSED_SHELL('',(#3957,#3958,#3959,#3960,#3961,#3962));
#4210=CLOSED_SHELL('',(#3963,#3964,#3965,#3966,#3967,#3968));
#4211=CLOSED_SHELL('',(#3969,#3970,#3971,#3972,#3973,#3974,#3975));
#4212=CLOSED_SHELL('',(#3976,#3977,#3978));
#4213=CLOSED_SHELL('',(#3979,#3980,#3981,#3982,#3983,#3984));
#4214=CLOSED_SHELL('',(#3985,#3986));
#4215=CLOSED_SHELL('',(#3987,#3988,#3989,#3990,#3991,#3992,#3993));
#4216=CLOSED_SHELL('',(#3994,#3995,#3996,#3997,#3998,#3999));
#4217=CLOSED_SHELL('',(#4000,#4001,#4002,#4003,#4004,#4005));
#4218=CLOSED_SHELL('',(#4006,#4007,#4008,#4009,#4010,#4011));
#4219=CLOSED_SHELL('',(#4012,#4013,#4014,#4015,#4016,#4017,#4018,#4019,
#4020,#4021));
#4220=CLOSED_SHELL('',(#4022,#4023,#4024,#4025,#4026,#4027,#4028,#4029,
#4030,#4031));
#4221=CLOSED_SHELL('',(#4032,#4033,#4034,#4035,#4036,#4037));
#4222=CLOSED_SHELL('',(#4038,#4039,#4040,#4041,#4042,#4043,#4044,#4045,
#4046,#4047));
#4223=CLOSED_SHELL('',(#4048,#4049,#4050,#4051,#4052,#4053,#4054,#4055));
#4224=CLOSED_SHELL('',(#4056,#4057,#4058));
#4225=CLOSED_SHELL('',(#4059,#4060,#4061,#4062,#4063,#4064));
#4226=CLOSED_SHELL('',(#4065,#4066,#4067,#4068,#4069,#4070));
#4227=CLOSED_SHELL('',(#4071,#4072,#4073));
#4228=CLOSED_SHELL('',(#4074,#4075,#4076,#4077,#4078,#4079));
#4229=CLOSED_SHELL('',(#4080,#4081,#4082,#4083,#4084,#4085));
#4230=CLOSED_SHELL('',(#4086,#4087));
#4231=CLOSED_SHELL('',(#4088,#4089,#4090,#4091,#4092,#4093));
#4232=CLOSED_SHELL('',(#4094,#4095,#4096,#4097));
#4233=CLOSED_SHELL('',(#4098,#4099,#4100));
#4234=CLOSED_SHELL('',(#4101));
#4235=CLOSED_SHELL('',(#4102,#4103,#4104,#4105,#4106,#4107,#4108,#4109,
#4110,#4111,#4112,#4113));
#4236=CLOSED_SHELL('',(#4114,#4115,#4116));
#4237=CLOSED_SHELL('',(#4117,#4118,#4119));
#4238=CLOSED_SHELL('',(#4120,#4121));
#4239=CLOSED_SHELL('',(#4122,#4123,#4124,#4125,#4126));
#4240=CLOSED_SHELL('',(#4127,#4128,#4129,#4130,#4131,#4132,#4133,#4134,
#4135,#4136));
#4241=CLOSED_SHELL('',(#4137,#4138,#4139,#4140,#4141,#4142,#4143,#4144,
#4145,#4146));
#4242=CLOSED_SHELL('',(#4147,#4148,#4149));
#4243=CLOSED_SHELL('',(#4150,#4151,#4152));
#4244=CLOSED_SHELL('',(#4153,#4154,#4155,#4156,#4157,#4158,#4159));
#4245=CLOSED_SHELL('',(#4160,#4161));
#4246=CLOSED_SHELL('',(#4162,#4163,#4164));
#4247=CLOSED_SHELL('',(#4165,#4166,#4167,#4168,#4169,#4170,#4171,#4172,
#4173,#4174));
#4248=CLOSED_SHELL('',(#4175,#4176,#4177,#4178,#4179,#4180));
#4249=CLOSED_SHELL('',(#4181,#4182,#4183,#4184,#4185,#4186));
#4250=CLOSED_SHELL('',(#4187,#4188,#4189,#4190,#4191,#4192,#4193,#4194,
#4195,#4196,#4197));
#4251=CLOSED_SHELL('',(#4198,#4199,#4200,#4201));
#4252=STYLED_ITEM('',(#4301),#4603);
#4253=STYLED_ITEM('',(#4302),#4604);
#4254=STYLED_ITEM('',(#4303),#4605);
#4255=STYLED_ITEM('',(#4304),#4606);
#4256=STYLED_ITEM('',(#4305),#4607);
#4257=STYLED_ITEM('',(#4306),#4608);
#4258=STYLED_ITEM('',(#4307),#4609);
#4259=STYLED_ITEM('',(#4308),#4610);
#4260=STYLED_ITEM('',(#4309),#4611);
#4261=STYLED_ITEM('',(#4310),#4612);
#4262=STYLED_ITEM('',(#4311),#4613);
#4263=STYLED_ITEM('',(#4312),#4614);
#4264=STYLED_ITEM('',(#4313),#4615);
#4265=STYLED_ITEM('',(#4314),#4616);
#4266=STYLED_ITEM('',(#4315),#4617);
#4267=STYLED_ITEM('',(#4316),#33);
#4268=STYLED_ITEM('',(#4317),#4618);
#4269=STYLED_ITEM('',(#4318),#4619);
#4270=STYLED_ITEM('',(#4319),#4620);
#4271=STYLED_ITEM('',(#4320),#4621);
#4272=STYLED_ITEM('',(#4321),#4622);
#4273=STYLED_ITEM('',(#4322),#4623);
#4274=STYLED_ITEM('',(#4323),#4624);
#4275=STYLED_ITEM('',(#4324),#4625);
#4276=STYLED_ITEM('',(#4325),#4626);
#4277=STYLED_ITEM('',(#4326),#4627);
#4278=STYLED_ITEM('',(#4327),#4628);
#4279=STYLED_ITEM('',(#4328),#4629);
#4280=STYLED_ITEM('',(#4329),#4630);
#4281=STYLED_ITEM('',(#4330),#4631);
#4282=STYLED_ITEM('',(#4331),#4632);
#4283=STYLED_ITEM('',(#4332),#4633);
#4284=STYLED_ITEM('',(#4333),#4634);
#4285=STYLED_ITEM('',(#4334),#4635);
#4286=STYLED_ITEM('',(#4335),#4636);
#4287=STYLED_ITEM('',(#4336),#4637);
#4288=STYLED_ITEM('',(#4337),#4638);
#4289=STYLED_ITEM('',(#4338),#4639);
#4290=STYLED_ITEM('',(#4339),#4640);
#4291=STYLED_ITEM('',(#4340),#4641);
#4292=STYLED_ITEM('',(#4341),#4642);
#4293=STYLED_ITEM('',(#4342),#4643);
#4294=STYLED_ITEM('',(#4343),#4644);
#4295=STYLED_ITEM('',(#4344),#4645);
#4296=STYLED_ITEM('',(#4345),#4646);
#4297=STYLED_ITEM('',(#4346),#4647);
#4298=STYLED_ITEM('',(#4347),#4648);
#4299=STYLED_ITEM('',(#4348),#4649);
#4300=STYLED_ITEM('',(#4349),#4650);
#4301=PRESENTATION_STYLE_ASSIGNMENT((#4350));
#4302=PRESENTATION_STYLE_ASSIGNMENT((#4351));
#4303=PRESENTATION_STYLE_ASSIGNMENT((#4352));
#4304=PRESENTATION_STYLE_ASSIGNMENT((#4353));
#4305=PRESENTATION_STYLE_ASSIGNMENT((#4354));
#4306=PRESENTATION_STYLE_ASSIGNMENT((#4355));
#4307=PRESENTATION_STYLE_ASSIGNMENT((#4356));
#4308=PRESENTATION_STYLE_ASSIGNMENT((#4357));
#4309=PRESENTATION_STYLE_ASSIGNMENT((#4358));
#4310=PRESENTATION_STYLE_ASSIGNMENT((#4359));
#4311=PRESENTATION_STYLE_ASSIGNMENT((#4360));
#4312=PRESENTATION_STYLE_ASSIGNMENT((#4361));
#4313=PRESENTATION_STYLE_ASSIGNMENT((#4362));
#4314=PRESENTATION_STYLE_ASSIGNMENT((#4363));
#4315=PRESENTATION_STYLE_ASSIGNMENT((#4364));
#4316=PRESENTATION_STYLE_ASSIGNMENT((#4365));
#4317=PRESENTATION_STYLE_ASSIGNMENT((#4366));
#4318=PRESENTATION_STYLE_ASSIGNMENT((#4367));
#4319=PRESENTATION_STYLE_ASSIGNMENT((#4368));
#4320=PRESENTATION_STYLE_ASSIGNMENT((#4369));
#4321=PRESENTATION_STYLE_ASSIGNMENT((#4370));
#4322=PRESENTATION_STYLE_ASSIGNMENT((#4371));
#4323=PRESENTATION_STYLE_ASSIGNMENT((#4372));
#4324=PRESENTATION_STYLE_ASSIGNMENT((#4373));
#4325=PRESENTATION_STYLE_ASSIGNMENT((#4374));
#4326=PRESENTATION_STYLE_ASSIGNMENT((#4375));
#4327=PRESENTATION_STYLE_ASSIGNMENT((#4376));
#4328=PRESENTATION_STYLE_ASSIGNMENT((#4377));
#4329=PRESENTATION_STYLE_ASSIGNMENT((#4378));
#4330=PRESENTATION_STYLE_ASSIGNMENT((#4379));
#4331=PRESENTATION_STYLE_ASSIGNMENT((#4380));
#4332=PRESENTATION_STYLE_ASSIGNMENT((#4381));
#4333=PRESENTATION_STYLE_ASSIGNMENT((#4382));
#4334=PRESENTATION_STYLE_ASSIGNMENT((#4383));
#4335=PRESENTATION_STYLE_ASSIGNMENT((#4384));
#4336=PRESENTATION_STYLE_ASSIGNMENT((#4385));
#4337=PRESENTATION_STYLE_ASSIGNMENT((#4386));
#4338=PRESENTATION_STYLE_ASSIGNMENT((#4387));
#4339=PRESENTATION_STYLE_ASSIGNMENT((#4388));
#4340=PRESENTATION_STYLE_ASSIGNMENT((#4389));
#4341=PRESENTATION_STYLE_ASSIGNMENT((#4390));
#4342=PRESENTATION_STYLE_ASSIGNMENT((#4391));
#4343=PRESENTATION_STYLE_ASSIGNMENT((#4392));
#4344=PRESENTATION_STYLE_ASSIGNMENT((#4393));
#4345=PRESENTATION_STYLE_ASSIGNMENT((#4394));
#4346=PRESENTATION_STYLE_ASSIGNMENT((#4395));
#4347=PRESENTATION_STYLE_ASSIGNMENT((#4396));
#4348=PRESENTATION_STYLE_ASSIGNMENT((#4397));
#4349=PRESENTATION_STYLE_ASSIGNMENT((#4398));
#4350=SURFACE_STYLE_USAGE(.BOTH.,#4399);
#4351=SURFACE_STYLE_USAGE(.BOTH.,#4400);
#4352=SURFACE_STYLE_USAGE(.BOTH.,#4401);
#4353=SURFACE_STYLE_USAGE(.BOTH.,#4402);
#4354=SURFACE_STYLE_USAGE(.BOTH.,#4403);
#4355=SURFACE_STYLE_USAGE(.BOTH.,#4404);
#4356=SURFACE_STYLE_USAGE(.BOTH.,#4405);
#4357=SURFACE_STYLE_USAGE(.BOTH.,#4406);
#4358=SURFACE_STYLE_USAGE(.BOTH.,#4407);
#4359=SURFACE_STYLE_USAGE(.BOTH.,#4408);
#4360=SURFACE_STYLE_USAGE(.BOTH.,#4409);
#4361=SURFACE_STYLE_USAGE(.BOTH.,#4410);
#4362=SURFACE_STYLE_USAGE(.BOTH.,#4411);
#4363=SURFACE_STYLE_USAGE(.BOTH.,#4412);
#4364=SURFACE_STYLE_USAGE(.BOTH.,#4413);
#4365=SURFACE_STYLE_USAGE(.BOTH.,#4414);
#4366=SURFACE_STYLE_USAGE(.BOTH.,#4415);
#4367=SURFACE_STYLE_USAGE(.BOTH.,#4416);
#4368=SURFACE_STYLE_USAGE(.BOTH.,#4417);
#4369=SURFACE_STYLE_USAGE(.BOTH.,#4418);
#4370=SURFACE_STYLE_USAGE(.BOTH.,#4419);
#4371=SURFACE_STYLE_USAGE(.BOTH.,#4420);
#4372=SURFACE_STYLE_USAGE(.BOTH.,#4421);
#4373=SURFACE_STYLE_USAGE(.BOTH.,#4422);
#4374=SURFACE_STYLE_USAGE(.BOTH.,#4423);
#4375=SURFACE_STYLE_USAGE(.BOTH.,#4424);
#4376=SURFACE_STYLE_USAGE(.BOTH.,#4425);
#4377=SURFACE_STYLE_USAGE(.BOTH.,#4426);
#4378=SURFACE_STYLE_USAGE(.BOTH.,#4427);
#4379=SURFACE_STYLE_USAGE(.BOTH.,#4428);
#4380=SURFACE_STYLE_USAGE(.BOTH.,#4429);
#4381=SURFACE_STYLE_USAGE(.BOTH.,#4430);
#4382=SURFACE_STYLE_USAGE(.BOTH.,#4431);
#4383=SURFACE_STYLE_USAGE(.BOTH.,#4432);
#4384=SURFACE_STYLE_USAGE(.BOTH.,#4433);
#4385=SURFACE_STYLE_USAGE(.BOTH.,#4434);
#4386=SURFACE_STYLE_USAGE(.BOTH.,#4435);
#4387=SURFACE_STYLE_USAGE(.BOTH.,#4436);
#4388=SURFACE_STYLE_USAGE(.BOTH.,#4437);
#4389=SURFACE_STYLE_USAGE(.BOTH.,#4438);
#4390=SURFACE_STYLE_USAGE(.BOTH.,#4439);
#4391=SURFACE_STYLE_USAGE(.BOTH.,#4440);
#4392=SURFACE_STYLE_USAGE(.BOTH.,#4441);
#4393=SURFACE_STYLE_USAGE(.BOTH.,#4442);
#4394=SURFACE_STYLE_USAGE(.BOTH.,#4443);
#4395=SURFACE_STYLE_USAGE(.BOTH.,#4444);
#4396=SURFACE_STYLE_USAGE(.BOTH.,#4445);
#4397=SURFACE_STYLE_USAGE(.BOTH.,#4446);
#4398=SURFACE_STYLE_USAGE(.BOTH.,#4447);
#4399=SURFACE_SIDE_STYLE('',(#4448));
#4400=SURFACE_SIDE_STYLE('',(#4449));
#4401=SURFACE_SIDE_STYLE('',(#4450));
#4402=SURFACE_SIDE_STYLE('',(#4451));
#4403=SURFACE_SIDE_STYLE('',(#4452));
#4404=SURFACE_SIDE_STYLE('',(#4453));
#4405=SURFACE_SIDE_STYLE('',(#4454));
#4406=SURFACE_SIDE_STYLE('',(#4455));
#4407=SURFACE_SIDE_STYLE('',(#4456));
#4408=SURFACE_SIDE_STYLE('',(#4457));
#4409=SURFACE_SIDE_STYLE('',(#4458));
#4410=SURFACE_SIDE_STYLE('',(#4459));
#4411=SURFACE_SIDE_STYLE('',(#4460));
#4412=SURFACE_SIDE_STYLE('',(#4461));
#4413=SURFACE_SIDE_STYLE('',(#4462));
#4414=SURFACE_SIDE_STYLE('',(#4463));
#4415=SURFACE_SIDE_STYLE('',(#4464));
#4416=SURFACE_SIDE_STYLE('',(#4465));
#4417=SURFACE_SIDE_STYLE('',(#4466));
#4418=SURFACE_SIDE_STYLE('',(#4467));
#4419=SURFACE_SIDE_STYLE('',(#4468));
#4420=SURFACE_SIDE_STYLE('',(#4469));
#4421=SURFACE_SIDE_STYLE('',(#4470));
#4422=SURFACE_SIDE_STYLE('',(#4471));
#4423=SURFACE_SIDE_STYLE('',(#4472));
#4424=SURFACE_SIDE_STYLE('',(#4473));
#4425=SURFACE_SIDE_STYLE('',(#4474));
#4426=SURFACE_SIDE_STYLE('',(#4475));
#4427=SURFACE_SIDE_STYLE('',(#4476));
#4428=SURFACE_SIDE_STYLE('',(#4477));
#4429=SURFACE_SIDE_STYLE('',(#4478));
#4430=SURFACE_SIDE_STYLE('',(#4479));
#4431=SURFACE_SIDE_STYLE('',(#4480));
#4432=SURFACE_SIDE_STYLE('',(#4481));
#4433=SURFACE_SIDE_STYLE('',(#4482));
#4434=SURFACE_SIDE_STYLE('',(#4483));
#4435=SURFACE_SIDE_STYLE('',(#4484));
#4436=SURFACE_SIDE_STYLE('',(#4485));
#4437=SURFACE_SIDE_STYLE('',(#4486));
#4438=SURFACE_SIDE_STYLE('',(#4487));
#4439=SURFACE_SIDE_STYLE('',(#4488));
#4440=SURFACE_SIDE_STYLE('',(#4489));
#4441=SURFACE_SIDE_STYLE('',(#4490));
#4442=SURFACE_SIDE_STYLE('',(#4491));
#4443=SURFACE_SIDE_STYLE('',(#4492));
#4444=SURFACE_SIDE_STYLE('',(#4493));
#4445=SURFACE_SIDE_STYLE('',(#4494));
#4446=SURFACE_SIDE_STYLE('',(#4495));
#4447=SURFACE_SIDE_STYLE('',(#4496));
#4448=SURFACE_STYLE_FILL_AREA(#4497);
#4449=SURFACE_STYLE_FILL_AREA(#4498);
#4450=SURFACE_STYLE_FILL_AREA(#4499);
#4451=SURFACE_STYLE_FILL_AREA(#4500);
#4452=SURFACE_STYLE_FILL_AREA(#4501);
#4453=SURFACE_STYLE_FILL_AREA(#4502);
#4454=SURFACE_STYLE_FILL_AREA(#4503);
#4455=SURFACE_STYLE_FILL_AREA(#4504);
#4456=SURFACE_STYLE_FILL_AREA(#4505);
#4457=SURFACE_STYLE_FILL_AREA(#4506);
#4458=SURFACE_STYLE_FILL_AREA(#4507);
#4459=SURFACE_STYLE_FILL_AREA(#4508);
#4460=SURFACE_STYLE_FILL_AREA(#4509);
#4461=SURFACE_STYLE_FILL_AREA(#4510);
#4462=SURFACE_STYLE_FILL_AREA(#4511);
#4463=SURFACE_STYLE_FILL_AREA(#4512);
#4464=SURFACE_STYLE_FILL_AREA(#4513);
#4465=SURFACE_STYLE_FILL_AREA(#4514);
#4466=SURFACE_STYLE_FILL_AREA(#4515);
#4467=SURFACE_STYLE_FILL_AREA(#4516);
#4468=SURFACE_STYLE_FILL_AREA(#4517);
#4469=SURFACE_STYLE_FILL_AREA(#4518);
#4470=SURFACE_STYLE_FILL_AREA(#4519);
#4471=SURFACE_STYLE_FILL_AREA(#4520);
#4472=SURFACE_STYLE_FILL_AREA(#4521);
#4473=SURFACE_STYLE_FILL_AREA(#4522);
#4474=SURFACE_STYLE_FILL_AREA(#4523);
#4475=SURFACE_STYLE_FILL_AREA(#4524);
#4476=SURFACE_STYLE_FILL_AREA(#4525);
#4477=SURFACE_STYLE_FILL_AREA(#4526);
#4478=SURFACE_STYLE_FILL_AREA(#4527);
#4479=SURFACE_STYLE_FILL_AREA(#4528);
#4480=SURFACE_STYLE_FILL_AREA(#4529);
#4481=SURFACE_STYLE_FILL_AREA(#4530);
#4482=SURFACE_STYLE_FILL_AREA(#4531);
#4483=SURFACE_STYLE_FILL_AREA(#4532);
#4484=SURFACE_STYLE_FILL_AREA(#4533);
#4485=SURFACE_STYLE_FILL_AREA(#4534);
#4486=SURFACE_STYLE_FILL_AREA(#4535);
#4487=SURFACE_STYLE_FILL_AREA(#4536);
#4488=SURFACE_STYLE_FILL_AREA(#4537);
#4489=SURFACE_STYLE_FILL_AREA(#4538);
#4490=SURFACE_STYLE_FILL_AREA(#4539);
#4491=SURFACE_STYLE_FILL_AREA(#4540);
#4492=SURFACE_STYLE_FILL_AREA(#4541);
#4493=SURFACE_STYLE_FILL_AREA(#4542);
#4494=SURFACE_STYLE_FILL_AREA(#4543);
#4495=SURFACE_STYLE_FILL_AREA(#4544);
#4496=SURFACE_STYLE_FILL_AREA(#4545);
#4497=FILL_AREA_STYLE('',(#4546));
#4498=FILL_AREA_STYLE('',(#4547));
#4499=FILL_AREA_STYLE('',(#4548));
#4500=FILL_AREA_STYLE('',(#4549));
#4501=FILL_AREA_STYLE('',(#4550));
#4502=FILL_AREA_STYLE('',(#4551));
#4503=FILL_AREA_STYLE('',(#4552));
#4504=FILL_AREA_STYLE('',(#4553));
#4505=FILL_AREA_STYLE('',(#4554));
#4506=FILL_AREA_STYLE('',(#4555));
#4507=FILL_AREA_STYLE('',(#4556));
#4508=FILL_AREA_STYLE('',(#4557));
#4509=FILL_AREA_STYLE('',(#4558));
#4510=FILL_AREA_STYLE('',(#4559));
#4511=FILL_AREA_STYLE('',(#4560));
#4512=FILL_AREA_STYLE('',(#4561));
#4513=FILL_AREA_STYLE('',(#4562));
#4514=FILL_AREA_STYLE('',(#4563));
#4515=FILL_AREA_STYLE('',(#4564));
#4516=FILL_AREA_STYLE('',(#4565));
#4517=FILL_AREA_STYLE('',(#4566));
#4518=FILL_AREA_STYLE('',(#4567));
#4519=FILL_AREA_STYLE('',(#4568));
#4520=FILL_AREA_STYLE('',(#4569));
#4521=FILL_AREA_STYLE('',(#4570));
#4522=FILL_AREA_STYLE('',(#4571));
#4523=FILL_AREA_STYLE('',(#4572));
#4524=FILL_AREA_STYLE('',(#4573));
#4525=FILL_AREA_STYLE('',(#4574));
#4526=FILL_AREA_STYLE('',(#4575));
#4527=FILL_AREA_STYLE('',(#4576));
#4528=FILL_AREA_STYLE('',(#4577));
#4529=FILL_AREA_STYLE('',(#4578));
#4530=FILL_AREA_STYLE('',(#4579));
#4531=FILL_AREA_STYLE('',(#4580));
#4532=FILL_AREA_STYLE('',(#4581));
#4533=FILL_AREA_STYLE('',(#4582));
#4534=FILL_AREA_STYLE('',(#4583));
#4535=FILL_AREA_STYLE('',(#4584));
#4536=FILL_AREA_STYLE('',(#4585));
#4537=FILL_AREA_STYLE('',(#4586));
#4538=FILL_AREA_STYLE('',(#4587));
#4539=FILL_AREA_STYLE('',(#4588));
#4540=FILL_AREA_STYLE('',(#4589));
#4541=FILL_AREA_STYLE('',(#4590));
#4542=FILL_AREA_STYLE('',(#4591));
#4543=FILL_AREA_STYLE('',(#4592));
#4544=FILL_AREA_STYLE('',(#4593));
#4545=FILL_AREA_STYLE('',(#4594));
#4546=FILL_AREA_STYLE_COLOUR('',#4595);
#4547=FILL_AREA_STYLE_COLOUR('',#4595);
#4548=FILL_AREA_STYLE_COLOUR('',#4595);
#4549=FILL_AREA_STYLE_COLOUR('',#4596);
#4550=FILL_AREA_STYLE_COLOUR('',#4597);
#4551=FILL_AREA_STYLE_COLOUR('',#4595);
#4552=FILL_AREA_STYLE_COLOUR('',#4598);
#4553=FILL_AREA_STYLE_COLOUR('',#4599);
#4554=FILL_AREA_STYLE_COLOUR('',#4600);
#4555=FILL_AREA_STYLE_COLOUR('',#4595);
#4556=FILL_AREA_STYLE_COLOUR('',#4595);
#4557=FILL_AREA_STYLE_COLOUR('',#4597);
#4558=FILL_AREA_STYLE_COLOUR('',#4598);
#4559=FILL_AREA_STYLE_COLOUR('',#4601);
#4560=FILL_AREA_STYLE_COLOUR('',#4597);
#4561=FILL_AREA_STYLE_COLOUR('',#4597);
#4562=FILL_AREA_STYLE_COLOUR('',#4597);
#4563=FILL_AREA_STYLE_COLOUR('',#4600);
#4564=FILL_AREA_STYLE_COLOUR('',#4601);
#4565=FILL_AREA_STYLE_COLOUR('',#4597);
#4566=FILL_AREA_STYLE_COLOUR('',#4595);
#4567=FILL_AREA_STYLE_COLOUR('',#4595);
#4568=FILL_AREA_STYLE_COLOUR('',#4599);
#4569=FILL_AREA_STYLE_COLOUR('',#4597);
#4570=FILL_AREA_STYLE_COLOUR('',#4602);
#4571=FILL_AREA_STYLE_COLOUR('',#4596);
#4572=FILL_AREA_STYLE_COLOUR('',#4598);
#4573=FILL_AREA_STYLE_COLOUR('',#4598);
#4574=FILL_AREA_STYLE_COLOUR('',#4595);
#4575=FILL_AREA_STYLE_COLOUR('',#4598);
#4576=FILL_AREA_STYLE_COLOUR('',#4602);
#4577=FILL_AREA_STYLE_COLOUR('',#4598);
#4578=FILL_AREA_STYLE_COLOUR('',#4597);
#4579=FILL_AREA_STYLE_COLOUR('',#4598);
#4580=FILL_AREA_STYLE_COLOUR('',#4598);
#4581=FILL_AREA_STYLE_COLOUR('',#4598);
#4582=FILL_AREA_STYLE_COLOUR('',#4595);
#4583=FILL_AREA_STYLE_COLOUR('',#4597);
#4584=FILL_AREA_STYLE_COLOUR('',#4597);
#4585=FILL_AREA_STYLE_COLOUR('',#4595);
#4586=FILL_AREA_STYLE_COLOUR('',#4598);
#4587=FILL_AREA_STYLE_COLOUR('',#4597);
#4588=FILL_AREA_STYLE_COLOUR('',#4598);
#4589=FILL_AREA_STYLE_COLOUR('',#4595);
#4590=FILL_AREA_STYLE_COLOUR('',#4595);
#4591=FILL_AREA_STYLE_COLOUR('',#4595);
#4592=FILL_AREA_STYLE_COLOUR('',#4597);
#4593=FILL_AREA_STYLE_COLOUR('',#4598);
#4594=FILL_AREA_STYLE_COLOUR('',#4602);
#4595=COLOUR_RGB('',0.615686274509804,0.811764705882353,0.929411764705882);
#4596=COLOUR_RGB('',0.768627450980392,0.886274509803922,0.952941176470588);
#4597=COLOUR_RGB('',0.647058823529412,0.647058823529412,0.647058823529412);
#4598=COLOUR_RGB('',0.231372549019608,0.380392156862745,0.705882352941177);
#4599=COLOUR_RGB('',0.972549019607843,0.529411764705882,0.00392156862745098);
#4600=COLOUR_RGB('',0.498039215686275,0.498039215686275,0.498039215686275);
#4601=COLOUR_RGB('',0.917647058823529,0.917647058823529,0.917647058823529);
#4602=COLOUR_RGB('',0.980392156862745,0.713725490196078,0.00392156862745098);
#4603=MANIFOLD_SOLID_BREP('AC03_0_V2',#4202);
#4604=MANIFOLD_SOLID_BREP('AC09_1_V2',#4203);
#4605=MANIFOLD_SOLID_BREP('AC08_3_V2',#4204);
#4606=MANIFOLD_SOLID_BREP('AC30_0_V2',#4205);
#4607=MANIFOLD_SOLID_BREP('AC11_0_V2',#4206);
#4608=MANIFOLD_SOLID_BREP('AC45_0_V2',#4207);
#4609=MANIFOLD_SOLID_BREP('AC20_0_V2',#4208);
#4610=MANIFOLD_SOLID_BREP('AC42_0_V2',#4209);
#4611=MANIFOLD_SOLID_BREP('AC43_0_V2',#4210);
#4612=MANIFOLD_SOLID_BREP('AC02_0_V2',#4211);
#4613=MANIFOLD_SOLID_BREP('AC08_0_V2',#4212);
#4614=MANIFOLD_SOLID_BREP('AC12_0_V2',#4213);
#4615=MANIFOLD_SOLID_BREP('AC27_0_V2',#4214);
#4616=MANIFOLD_SOLID_BREP('AC29_0_V2',#4215);
#4617=MANIFOLD_SOLID_BREP('AC12_1_V2',#4216);
#4618=MANIFOLD_SOLID_BREP('AC18_0_V2',#4219);
#4619=MANIFOLD_SOLID_BREP('AC32_0_V2',#4220);
#4620=MANIFOLD_SOLID_BREP('AC39_0_V2',#4221);
#4621=MANIFOLD_SOLID_BREP('AC49_0_V2',#4222);
#4622=MANIFOLD_SOLID_BREP('AC01_0_V2',#4223);
#4623=MANIFOLD_SOLID_BREP('AC08_1_V2',#4224);
#4624=MANIFOLD_SOLID_BREP('AC31_0_V2',#4225);
#4625=MANIFOLD_SOLID_BREP('AC12_2_V2',#4226);
#4626=MANIFOLD_SOLID_BREP('AC44_0_V2',#4227);
#4627=MANIFOLD_SOLID_BREP('AC40_0_V2',#4228);
#4628=MANIFOLD_SOLID_BREP('AC23_0_V2',#4229);
#4629=MANIFOLD_SOLID_BREP('AC24_0_V2',#4230);
#4630=MANIFOLD_SOLID_BREP('AC04_0_V2',#4231);
#4631=MANIFOLD_SOLID_BREP('AC19_0_V2',#4232);
#4632=MANIFOLD_SOLID_BREP('AC44_1_V2',#4233);
#4633=MANIFOLD_SOLID_BREP('AC26_0_V2',#4234);
#4634=MANIFOLD_SOLID_BREP('AC10_0_V2',#4235);
#4635=MANIFOLD_SOLID_BREP('AC21_0_V2',#4236);
#4636=MANIFOLD_SOLID_BREP('AC22_0_V2',#4237);
#4637=MANIFOLD_SOLID_BREP('AC25_0_V2',#4238);
#4638=MANIFOLD_SOLID_BREP('AC09_0_V2',#4239);
#4639=MANIFOLD_SOLID_BREP('AC14_0_V2',#4240);
#4640=MANIFOLD_SOLID_BREP('AC46_0_V2',#4241);
#4641=MANIFOLD_SOLID_BREP('AC08_2_V2',#4242);
#4642=MANIFOLD_SOLID_BREP('AC22_1_V2',#4243);
#4643=MANIFOLD_SOLID_BREP('AC35_0_V2',#4244);
#4644=MANIFOLD_SOLID_BREP('AC28_0_V2',#4245);
#4645=MANIFOLD_SOLID_BREP('AC07_0_V2',#4246);
#4646=MANIFOLD_SOLID_BREP('AC34_0_V2',#4247);
#4647=MANIFOLD_SOLID_BREP('AC05_0_V2',#4248);
#4648=MANIFOLD_SOLID_BREP('AC16_0_V2',#4249);
#4649=MANIFOLD_SOLID_BREP('AC37_0_V2',#4250);
#4650=MANIFOLD_SOLID_BREP('AC33_0_V2',#4251);
#4651=SHAPE_DEFINITION_REPRESENTATION(#8131,#4700);
#4652=SHAPE_DEFINITION_REPRESENTATION(#8132,#4701);
#4653=SHAPE_DEFINITION_REPRESENTATION(#8133,#4702);
#4654=SHAPE_DEFINITION_REPRESENTATION(#8134,#4703);
#4655=SHAPE_DEFINITION_REPRESENTATION(#8135,#4704);
#4656=SHAPE_DEFINITION_REPRESENTATION(#8136,#4705);
#4657=SHAPE_DEFINITION_REPRESENTATION(#8137,#4706);
#4658=SHAPE_DEFINITION_REPRESENTATION(#8138,#4707);
#4659=SHAPE_DEFINITION_REPRESENTATION(#8139,#4708);
#4660=SHAPE_DEFINITION_REPRESENTATION(#8140,#4709);
#4661=SHAPE_DEFINITION_REPRESENTATION(#8141,#4710);
#4662=SHAPE_DEFINITION_REPRESENTATION(#8142,#4711);
#4663=SHAPE_DEFINITION_REPRESENTATION(#8143,#4712);
#4664=SHAPE_DEFINITION_REPRESENTATION(#8144,#4713);
#4665=SHAPE_DEFINITION_REPRESENTATION(#8145,#4714);
#4666=SHAPE_DEFINITION_REPRESENTATION(#8146,#4715);
#4667=SHAPE_DEFINITION_REPRESENTATION(#8147,#4716);
#4668=SHAPE_DEFINITION_REPRESENTATION(#8148,#4717);
#4669=SHAPE_DEFINITION_REPRESENTATION(#8149,#4718);
#4670=SHAPE_DEFINITION_REPRESENTATION(#8150,#4719);
#4671=SHAPE_DEFINITION_REPRESENTATION(#8151,#4720);
#4672=SHAPE_DEFINITION_REPRESENTATION(#8152,#4721);
#4673=SHAPE_DEFINITION_REPRESENTATION(#8153,#4722);
#4674=SHAPE_DEFINITION_REPRESENTATION(#8154,#4723);
#4675=SHAPE_DEFINITION_REPRESENTATION(#8155,#4724);
#4676=SHAPE_DEFINITION_REPRESENTATION(#8156,#4725);
#4677=SHAPE_DEFINITION_REPRESENTATION(#8157,#4726);
#4678=SHAPE_DEFINITION_REPRESENTATION(#8158,#4727);
#4679=SHAPE_DEFINITION_REPRESENTATION(#8159,#4728);
#4680=SHAPE_DEFINITION_REPRESENTATION(#8160,#4729);
#4681=SHAPE_DEFINITION_REPRESENTATION(#8161,#4730);
#4682=SHAPE_DEFINITION_REPRESENTATION(#8162,#4731);
#4683=SHAPE_DEFINITION_REPRESENTATION(#8163,#4732);
#4684=SHAPE_DEFINITION_REPRESENTATION(#8164,#4733);
#4685=SHAPE_DEFINITION_REPRESENTATION(#8165,#4734);
#4686=SHAPE_DEFINITION_REPRESENTATION(#8166,#4735);
#4687=SHAPE_DEFINITION_REPRESENTATION(#8167,#4736);
#4688=SHAPE_DEFINITION_REPRESENTATION(#8168,#4737);
#4689=SHAPE_DEFINITION_REPRESENTATION(#8169,#4738);
#4690=SHAPE_DEFINITION_REPRESENTATION(#8170,#4739);
#4691=SHAPE_DEFINITION_REPRESENTATION(#8171,#4740);
#4692=SHAPE_DEFINITION_REPRESENTATION(#8172,#4741);
#4693=SHAPE_DEFINITION_REPRESENTATION(#8173,#4742);
#4694=SHAPE_DEFINITION_REPRESENTATION(#8174,#4743);
#4695=SHAPE_DEFINITION_REPRESENTATION(#8175,#4744);
#4696=SHAPE_DEFINITION_REPRESENTATION(#8176,#4745);
#4697=SHAPE_DEFINITION_REPRESENTATION(#8177,#4746);
#4698=SHAPE_DEFINITION_REPRESENTATION(#8178,#4747);
#4699=SHAPE_DEFINITION_REPRESENTATION(#8179,#4748);
#4700=SHAPE_REPRESENTATION('AC03_0_V2',(#4749),#7886);
#4701=SHAPE_REPRESENTATION('AC09_1_V2',(#4760),#7887);
#4702=SHAPE_REPRESENTATION('AC08_3_V2',(#4766),#7888);
#4703=SHAPE_REPRESENTATION('AC30_0_V2',(#4772),#7889);
#4704=SHAPE_REPRESENTATION('AC11_0_V2',(#4784),#7890);
#4705=SHAPE_REPRESENTATION('AC45_0_V2',(#4791),#7891);
#4706=SHAPE_REPRESENTATION('AC20_0_V2',(#4798),#7892);
#4707=SHAPE_REPRESENTATION('AC42_0_V2',(#4807),#7893);
#4708=SHAPE_REPRESENTATION('AC43_0_V2',(#4814),#7894);
#4709=SHAPE_REPRESENTATION('AC02_0_V2',(#4821),#7895);
#4710=SHAPE_REPRESENTATION('AC08_0_V2',(#4831),#7896);
#4711=SHAPE_REPRESENTATION('AC12_0_V2',(#4837),#7897);
#4712=SHAPE_REPRESENTATION('AC27_0_V2',(#4844),#7898);
#4713=SHAPE_REPRESENTATION('AC29_0_V2',(#4848),#7899);
#4714=SHAPE_REPRESENTATION('AC12_1_V2',(#4858),#7900);
#4715=SHAPE_REPRESENTATION('AC17_0_V2',(#4865),#7901);
#4716=SHAPE_REPRESENTATION('AC18_0_V2',(#4878),#7902);
#4717=SHAPE_REPRESENTATION('AC32_0_V2',(#4897),#7903);
#4718=SHAPE_REPRESENTATION('AC39_0_V2',(#4918),#7904);
#4719=SHAPE_REPRESENTATION('AC49_0_V2',(#4925),#7905);
#4720=SHAPE_REPRESENTATION('AC01_0_V2',(#4939),#7906);
#4721=SHAPE_REPRESENTATION('AC08_1_V2',(#4948),#7907);
#4722=SHAPE_REPRESENTATION('AC31_0_V2',(#4954),#7908);
#4723=SHAPE_REPRESENTATION('AC12_2_V2',(#4963),#7909);
#4724=SHAPE_REPRESENTATION('AC44_0_V2',(#4970),#7910);
#4725=SHAPE_REPRESENTATION('AC40_0_V2',(#4976),#7911);
#4726=SHAPE_REPRESENTATION('AC23_0_V2',(#4983),#7912);
#4727=SHAPE_REPRESENTATION('AC24_0_V2',(#4990),#7913);
#4728=SHAPE_REPRESENTATION('AC04_0_V2',(#4994),#7914);
#4729=SHAPE_REPRESENTATION('AC19_0_V2',(#5005),#7915);
#4730=SHAPE_REPRESENTATION('AC44_1_V2',(#5014),#7916);
#4731=SHAPE_REPRESENTATION('AC26_0_V2',(#5020),#7917);
#4732=SHAPE_REPRESENTATION('AC10_0_V2',(#5022),#7918);
#4733=SHAPE_REPRESENTATION('AC21_0_V2',(#5035),#7919);
#4734=SHAPE_REPRESENTATION('AC22_0_V2',(#5041),#7920);
#4735=SHAPE_REPRESENTATION('AC25_0_V2',(#5047),#7921);
#4736=SHAPE_REPRESENTATION('AC09_0_V2',(#5051),#7922);
#4737=SHAPE_REPRESENTATION('AC14_0_V2',(#5057),#7923);
#4738=SHAPE_REPRESENTATION('AC46_0_V2',(#5068),#7924);
#4739=SHAPE_REPRESENTATION('AC08_2_V2',(#5079),#7925);
#4740=SHAPE_REPRESENTATION('AC22_1_V2',(#5085),#7926);
#4741=SHAPE_REPRESENTATION('AC35_0_V2',(#5091),#7927);
#4742=SHAPE_REPRESENTATION('AC28_0_V2',(#5098),#7928);
#4743=SHAPE_REPRESENTATION('AC07_0_V2',(#5103),#7929);
#4744=SHAPE_REPRESENTATION('AC34_0_V2',(#5108),#7930);
#4745=SHAPE_REPRESENTATION('AC05_0_V2',(#5125),#7931);
#4746=SHAPE_REPRESENTATION('AC16_0_V2',(#5132),#7932);
#4747=SHAPE_REPRESENTATION('AC37_0_V2',(#5139),#7933);
#4748=SHAPE_REPRESENTATION('AC33_0_V2',(#5151),#7934);
#4749=AXIS2_PLACEMENT_3D('',#6415,#5159,#5160);
#4750=AXIS2_PLACEMENT_3D('',#6416,#5161,#5162);
#4751=AXIS2_PLACEMENT_3D('',#6417,#5163,#5164);
#4752=AXIS2_PLACEMENT_3D('',#6422,#5166,#5167);
#4753=AXIS2_PLACEMENT_3D('',#6425,#5169,#5170);
#4754=AXIS2_PLACEMENT_3D('',#6431,#5174,#5175);
#4755=AXIS2_PLACEMENT_3D('',#6432,#5176,#5177);
#4756=AXIS2_PLACEMENT_3D('',#6436,#5179,#5180);
#4757=AXIS2_PLACEMENT_3D('',#6437,#5181,#5182);
#4758=AXIS2_PLACEMENT_3D('',#6440,#5185,#5186);
#4759=AXIS2_PLACEMENT_3D('',#6441,#5187,#5188);
#4760=AXIS2_PLACEMENT_3D('',#6442,#5189,#5190);
#4761=AXIS2_PLACEMENT_3D('',#6443,#5191,#5192);
#4762=AXIS2_PLACEMENT_3D('',#6452,#5197,#5198);
#4763=AXIS2_PLACEMENT_3D('',#6458,#5202,#5203);
#4764=AXIS2_PLACEMENT_3D('',#6461,#5206,#5207);
#4765=AXIS2_PLACEMENT_3D('',#6462,#5208,#5209);
#4766=AXIS2_PLACEMENT_3D('',#6463,#5210,#5211);
#4767=AXIS2_PLACEMENT_3D('',#6464,#5212,#5213);
#4768=AXIS2_PLACEMENT_3D('',#6465,#5214,#5215);
#4769=AXIS2_PLACEMENT_3D('',#6467,#5216,#5217);
#4770=AXIS2_PLACEMENT_3D('',#6469,#5218,#5219);
#4771=AXIS2_PLACEMENT_3D('',#6470,#5220,#5221);
#4772=AXIS2_PLACEMENT_3D('',#6471,#5222,#5223);
#4773=AXIS2_PLACEMENT_3D('',#6472,#5224,#5225);
#4774=AXIS2_PLACEMENT_3D('',#6481,#5230,#5231);
#4775=AXIS2_PLACEMENT_3D('',#6490,#5236,#5237);
#4776=AXIS2_PLACEMENT_3D('',#6493,#5240,#5241);
#4777=AXIS2_PLACEMENT_3D('',#6494,#5242,#5243);
#4778=AXIS2_PLACEMENT_3D('',#6496,#5244,#5245);
#4779=AXIS2_PLACEMENT_3D('',#6497,#5246,#5247);
#4780=AXIS2_PLACEMENT_3D('',#6498,#5248,#5249);
#4781=AXIS2_PLACEMENT_3D('',#6500,#5250,#5251);
#4782=AXIS2_PLACEMENT_3D('',#6501,#5252,#5253);
#4783=AXIS2_PLACEMENT_3D('',#6503,#5255,#5256);
#4784=AXIS2_PLACEMENT_3D('',#6504,#5257,#5258);
#4785=AXIS2_PLACEMENT_3D('',#6505,#5259,#5260);
#4786=AXIS2_PLACEMENT_3D('',#6514,#5265,#5266);
#4787=AXIS2_PLACEMENT_3D('',#6520,#5270,#5271);
#4788=AXIS2_PLACEMENT_3D('',#6526,#5275,#5276);
#4789=AXIS2_PLACEMENT_3D('',#6528,#5278,#5279);
#4790=AXIS2_PLACEMENT_3D('',#6530,#5281,#5282);
#4791=AXIS2_PLACEMENT_3D('',#6531,#5283,#5284);
#4792=AXIS2_PLACEMENT_3D('',#6532,#5285,#5286);
#4793=AXIS2_PLACEMENT_3D('',#6541,#5291,#5292);
#4794=AXIS2_PLACEMENT_3D('',#6547,#5296,#5297);
#4795=AXIS2_PLACEMENT_3D('',#6553,#5301,#5302);
#4796=AXIS2_PLACEMENT_3D('',#6556,#5305,#5306);
#4797=AXIS2_PLACEMENT_3D('',#6557,#5307,#5308);
#4798=AXIS2_PLACEMENT_3D('',#6558,#5309,#5310);
#4799=AXIS2_PLACEMENT_3D('',#6559,#5311,#5312);
#4800=AXIS2_PLACEMENT_3D('',#6560,#5313,#5314);
#4801=AXIS2_PLACEMENT_3D('',#6562,#5315,#5316);
#4802=AXIS2_PLACEMENT_3D('',#6584,#5317,#5318);
#4803=AXIS2_PLACEMENT_3D('',#6585,#5319,#5320);
#4804=AXIS2_PLACEMENT_3D('',#6586,#5321,#5322);
#4805=AXIS2_PLACEMENT_3D('',#6587,#5323,#5324);
#4806=AXIS2_PLACEMENT_3D('',#6589,#5325,#5326);
#4807=AXIS2_PLACEMENT_3D('',#6590,#5327,#5328);
#4808=AXIS2_PLACEMENT_3D('',#6591,#5329,#5330);
#4809=AXIS2_PLACEMENT_3D('',#6600,#5335,#5336);
#4810=AXIS2_PLACEMENT_3D('',#6606,#5340,#5341);
#4811=AXIS2_PLACEMENT_3D('',#6612,#5345,#5346);
#4812=AXIS2_PLACEMENT_3D('',#6614,#5348,#5349);
#4813=AXIS2_PLACEMENT_3D('',#6616,#5351,#5352);
#4814=AXIS2_PLACEMENT_3D('',#6617,#5353,#5354);
#4815=AXIS2_PLACEMENT_3D('',#6618,#5355,#5356);
#4816=AXIS2_PLACEMENT_3D('',#6627,#5361,#5362);
#4817=AXIS2_PLACEMENT_3D('',#6633,#5366,#5367);
#4818=AXIS2_PLACEMENT_3D('',#6639,#5371,#5372);
#4819=AXIS2_PLACEMENT_3D('',#6641,#5374,#5375);
#4820=AXIS2_PLACEMENT_3D('',#6643,#5377,#5378);
#4821=AXIS2_PLACEMENT_3D('',#6644,#5379,#5380);
#4822=AXIS2_PLACEMENT_3D('',#6645,#5381,#5382);
#4823=AXIS2_PLACEMENT_3D('',#6654,#5387,#5388);
#4824=AXIS2_PLACEMENT_3D('',#6660,#5392,#5393);
#4825=AXIS2_PLACEMENT_3D('',#6666,#5397,#5398);
#4826=AXIS2_PLACEMENT_3D('',#6667,#5399,#5400);
#4827=AXIS2_PLACEMENT_3D('',#6669,#5401,#5402);
#4828=AXIS2_PLACEMENT_3D('',#6671,#5403,#5404);
#4829=AXIS2_PLACEMENT_3D('',#6674,#5407,#5408);
#4830=AXIS2_PLACEMENT_3D('',#6675,#5409,#5410);
#4831=AXIS2_PLACEMENT_3D('',#6676,#5411,#5412);
#4832=AXIS2_PLACEMENT_3D('',#6677,#5413,#5414);
#4833=AXIS2_PLACEMENT_3D('',#6678,#5415,#5416);
#4834=AXIS2_PLACEMENT_3D('',#6680,#5417,#5418);
#4835=AXIS2_PLACEMENT_3D('',#6682,#5419,#5420);
#4836=AXIS2_PLACEMENT_3D('',#6683,#5421,#5422);
#4837=AXIS2_PLACEMENT_3D('',#6684,#5423,#5424);
#4838=AXIS2_PLACEMENT_3D('',#6685,#5425,#5426);
#4839=AXIS2_PLACEMENT_3D('',#6694,#5431,#5432);
#4840=AXIS2_PLACEMENT_3D('',#6700,#5436,#5437);
#4841=AXIS2_PLACEMENT_3D('',#6706,#5441,#5442);
#4842=AXIS2_PLACEMENT_3D('',#6709,#5445,#5446);
#4843=AXIS2_PLACEMENT_3D('',#6710,#5447,#5448);
#4844=AXIS2_PLACEMENT_3D('',#6711,#5449,#5450);
#4845=AXIS2_PLACEMENT_3D('',#6712,#5451,#5452);
#4846=AXIS2_PLACEMENT_3D('',#6713,#5453,#5454);
#4847=AXIS2_PLACEMENT_3D('',#6715,#5455,#5456);
#4848=AXIS2_PLACEMENT_3D('',#6716,#5457,#5458);
#4849=AXIS2_PLACEMENT_3D('',#6717,#5459,#5460);
#4850=AXIS2_PLACEMENT_3D('',#6726,#5465,#5466);
#4851=AXIS2_PLACEMENT_3D('',#6732,#5470,#5471);
#4852=AXIS2_PLACEMENT_3D('',#6738,#5475,#5476);
#4853=AXIS2_PLACEMENT_3D('',#6744,#5480,#5481);
#4854=AXIS2_PLACEMENT_3D('',#6745,#5482,#5483);
#4855=AXIS2_PLACEMENT_3D('',#6746,#5484,#5485);
#4856=AXIS2_PLACEMENT_3D('',#6747,#5486,#5487);
#4857=AXIS2_PLACEMENT_3D('',#6748,#5488,#5489);
#4858=AXIS2_PLACEMENT_3D('',#6749,#5490,#5491);
#4859=AXIS2_PLACEMENT_3D('',#6750,#5492,#5493);
#4860=AXIS2_PLACEMENT_3D('',#6759,#5498,#5499);
#4861=AXIS2_PLACEMENT_3D('',#6765,#5503,#5504);
#4862=AXIS2_PLACEMENT_3D('',#6771,#5508,#5509);
#4863=AXIS2_PLACEMENT_3D('',#6774,#5512,#5513);
#4864=AXIS2_PLACEMENT_3D('',#6775,#5514,#5515);
#4865=AXIS2_PLACEMENT_3D('',#6776,#5516,#5517);
#4866=AXIS2_PLACEMENT_3D('',#6777,#5518,#5519);
#4867=AXIS2_PLACEMENT_3D('',#6786,#5524,#5525);
#4868=AXIS2_PLACEMENT_3D('',#6792,#5529,#5530);
#4869=AXIS2_PLACEMENT_3D('',#6798,#5534,#5535);
#4870=AXIS2_PLACEMENT_3D('',#6801,#5538,#5539);
#4871=AXIS2_PLACEMENT_3D('',#6802,#5540,#5541);
#4872=AXIS2_PLACEMENT_3D('',#6803,#5542,#5543);
#4873=AXIS2_PLACEMENT_3D('',#6812,#5548,#5549);
#4874=AXIS2_PLACEMENT_3D('',#6818,#5553,#5554);
#4875=AXIS2_PLACEMENT_3D('',#6824,#5558,#5559);
#4876=AXIS2_PLACEMENT_3D('',#6827,#5562,#5563);
#4877=AXIS2_PLACEMENT_3D('',#6828,#5564,#5565);
#4878=AXIS2_PLACEMENT_3D('',#6829,#5566,#5567);
#4879=AXIS2_PLACEMENT_3D('',#6830,#5568,#5569);
#4880=AXIS2_PLACEMENT_3D('',#6839,#5574,#5575);
#4881=AXIS2_PLACEMENT_3D('',#6845,#5579,#5580);
#4882=AXIS2_PLACEMENT_3D('',#6851,#5584,#5585);
#4883=AXIS2_PLACEMENT_3D('',#6854,#5588,#5589);
#4884=AXIS2_PLACEMENT_3D('',#6855,#5590,#5591);
#4885=AXIS2_PLACEMENT_3D('',#6857,#5592,#5593);
#4886=AXIS2_PLACEMENT_3D('',#6859,#5594,#5595);
#4887=AXIS2_PLACEMENT_3D('',#6861,#5596,#5597);
#4888=AXIS2_PLACEMENT_3D('',#6863,#5598,#5599);
#4889=AXIS2_PLACEMENT_3D('',#6864,#5600,#5601);
#4890=AXIS2_PLACEMENT_3D('',#6866,#5602,#5603);
#4891=AXIS2_PLACEMENT_3D('',#6868,#5604,#5605);
#4892=AXIS2_PLACEMENT_3D('',#6870,#5606,#5607);
#4893=AXIS2_PLACEMENT_3D('',#6872,#5608,#5609);
#4894=AXIS2_PLACEMENT_3D('',#6873,#5610,#5611);
#4895=AXIS2_PLACEMENT_3D('',#6874,#5612,#5613);
#4896=AXIS2_PLACEMENT_3D('',#6875,#5614,#5615);
#4897=AXIS2_PLACEMENT_3D('',#6876,#5616,#5617);
#4898=AXIS2_PLACEMENT_3D('',#6877,#5618,#5619);
#4899=AXIS2_PLACEMENT_3D('',#6881,#5621,#5622);
#4900=AXIS2_PLACEMENT_3D('',#6885,#5624,#5625);
#4901=AXIS2_PLACEMENT_3D('',#6886,#5626,#5627);
#4902=AXIS2_PLACEMENT_3D('',#6892,#5631,#5632);
#4903=AXIS2_PLACEMENT_3D('',#6896,#5634,#5635);
#4904=AXIS2_PLACEMENT_3D('',#6897,#5636,#5637);
#4905=AXIS2_PLACEMENT_3D('',#6898,#5638,#5639);
#4906=AXIS2_PLACEMENT_3D('',#6901,#5642,#5643);
#4907=AXIS2_PLACEMENT_3D('',#6905,#5645,#5646);
#4908=AXIS2_PLACEMENT_3D('',#6909,#5648,#5649);
#4909=AXIS2_PLACEMENT_3D('',#6910,#5650,#5651);
#4910=AXIS2_PLACEMENT_3D('',#6911,#5652,#5653);
#4911=AXIS2_PLACEMENT_3D('',#6912,#5654,#5655);
#4912=AXIS2_PLACEMENT_3D('',#6913,#5656,#5657);
#4913=AXIS2_PLACEMENT_3D('',#6914,#5658,#5659);
#4914=AXIS2_PLACEMENT_3D('',#6915,#5660,#5661);
#4915=AXIS2_PLACEMENT_3D('',#6916,#5662,#5663);
#4916=AXIS2_PLACEMENT_3D('',#6917,#5664,#5665);
#4917=AXIS2_PLACEMENT_3D('',#6918,#5666,#5667);
#4918=AXIS2_PLACEMENT_3D('',#6919,#5668,#5669);
#4919=AXIS2_PLACEMENT_3D('',#6920,#5670,#5671);
#4920=AXIS2_PLACEMENT_3D('',#6929,#5676,#5677);
#4921=AXIS2_PLACEMENT_3D('',#6935,#5681,#5682);
#4922=AXIS2_PLACEMENT_3D('',#6941,#5686,#5687);
#4923=AXIS2_PLACEMENT_3D('',#6943,#5689,#5690);
#4924=AXIS2_PLACEMENT_3D('',#6945,#5692,#5693);
#4925=AXIS2_PLACEMENT_3D('',#6946,#5694,#5695);
#4926=AXIS2_PLACEMENT_3D('',#6947,#5696,#5697);
#4927=AXIS2_PLACEMENT_3D('',#6960,#5704,#5705);
#4928=AXIS2_PLACEMENT_3D('',#6966,#5709,#5710);
#4929=AXIS2_PLACEMENT_3D('',#6976,#5716,#5717);
#4930=AXIS2_PLACEMENT_3D('',#6979,#5720,#5721);
#4931=AXIS2_PLACEMENT_3D('',#6980,#5722,#5723);
#4932=AXIS2_PLACEMENT_3D('',#6984,#5726,#5727);
#4933=AXIS2_PLACEMENT_3D('',#6985,#5728,#5729);
#4934=AXIS2_PLACEMENT_3D('',#6987,#5730,#5731);
#4935=AXIS2_PLACEMENT_3D('',#6988,#5732,#5733);
#4936=AXIS2_PLACEMENT_3D('',#6990,#5734,#5735);
#4937=AXIS2_PLACEMENT_3D('',#6991,#5736,#5737);
#4938=AXIS2_PLACEMENT_3D('',#6992,#5738,#5739);
#4939=AXIS2_PLACEMENT_3D('',#6993,#5740,#5741);
#4940=AXIS2_PLACEMENT_3D('',#6994,#5742,#5743);
#4941=AXIS2_PLACEMENT_3D('',#7003,#5748,#5749);
#4942=AXIS2_PLACEMENT_3D('',#7009,#5753,#5754);
#4943=AXIS2_PLACEMENT_3D('',#7015,#5758,#5759);
#4944=AXIS2_PLACEMENT_3D('',#7021,#5763,#5764);
#4945=AXIS2_PLACEMENT_3D('',#7027,#5768,#5769);
#4946=AXIS2_PLACEMENT_3D('',#7030,#5772,#5773);
#4947=AXIS2_PLACEMENT_3D('',#7031,#5774,#5775);
#4948=AXIS2_PLACEMENT_3D('',#7032,#5776,#5777);
#4949=AXIS2_PLACEMENT_3D('',#7033,#5778,#5779);
#4950=AXIS2_PLACEMENT_3D('',#7034,#5780,#5781);
#4951=AXIS2_PLACEMENT_3D('',#7036,#5782,#5783);
#4952=AXIS2_PLACEMENT_3D('',#7038,#5784,#5785);
#4953=AXIS2_PLACEMENT_3D('',#7039,#5786,#5787);
#4954=AXIS2_PLACEMENT_3D('',#7040,#5788,#5789);
#4955=AXIS2_PLACEMENT_3D('',#7041,#5790,#5791);
#4956=AXIS2_PLACEMENT_3D('',#7045,#5793,#5794);
#4957=AXIS2_PLACEMENT_3D('',#7050,#5797,#5798);
#4958=AXIS2_PLACEMENT_3D('',#7054,#5800,#5801);
#4959=AXIS2_PLACEMENT_3D('',#7059,#5804,#5805);
#4960=AXIS2_PLACEMENT_3D('',#7062,#5808,#5809);
#4961=AXIS2_PLACEMENT_3D('',#7064,#5811,#5812);
#4962=AXIS2_PLACEMENT_3D('',#7066,#5814,#5815);
#4963=AXIS2_PLACEMENT_3D('',#7067,#5816,#5817);
#4964=AXIS2_PLACEMENT_3D('',#7068,#5818,#5819);
#4965=AXIS2_PLACEMENT_3D('',#7077,#5824,#5825);
#4966=AXIS2_PLACEMENT_3D('',#7083,#5829,#5830);
#4967=AXIS2_PLACEMENT_3D('',#7089,#5834,#5835);
#4968=AXIS2_PLACEMENT_3D('',#7092,#5838,#5839);
#4969=AXIS2_PLACEMENT_3D('',#7093,#5840,#5841);
#4970=AXIS2_PLACEMENT_3D('',#7094,#5842,#5843);
#4971=AXIS2_PLACEMENT_3D('',#7095,#5844,#5845);
#4972=AXIS2_PLACEMENT_3D('',#7096,#5846,#5847);
#4973=AXIS2_PLACEMENT_3D('',#7098,#5848,#5849);
#4974=AXIS2_PLACEMENT_3D('',#7100,#5850,#5851);
#4975=AXIS2_PLACEMENT_3D('',#7101,#5852,#5853);
#4976=AXIS2_PLACEMENT_3D('',#7102,#5854,#5855);
#4977=AXIS2_PLACEMENT_3D('',#7103,#5856,#5857);
#4978=AXIS2_PLACEMENT_3D('',#7112,#5862,#5863);
#4979=AXIS2_PLACEMENT_3D('',#7118,#5867,#5868);
#4980=AXIS2_PLACEMENT_3D('',#7124,#5872,#5873);
#4981=AXIS2_PLACEMENT_3D('',#7126,#5875,#5876);
#4982=AXIS2_PLACEMENT_3D('',#7128,#5878,#5879);
#4983=AXIS2_PLACEMENT_3D('',#7129,#5880,#5881);
#4984=AXIS2_PLACEMENT_3D('',#7130,#5882,#5883);
#4985=AXIS2_PLACEMENT_3D('',#7139,#5888,#5889);
#4986=AXIS2_PLACEMENT_3D('',#7145,#5893,#5894);
#4987=AXIS2_PLACEMENT_3D('',#7151,#5898,#5899);
#4988=AXIS2_PLACEMENT_3D('',#7154,#5902,#5903);
#4989=AXIS2_PLACEMENT_3D('',#7155,#5904,#5905);
#4990=AXIS2_PLACEMENT_3D('',#7156,#5906,#5907);
#4991=AXIS2_PLACEMENT_3D('',#7157,#5908,#5909);
#4992=AXIS2_PLACEMENT_3D('',#7158,#5910,#5911);
#4993=AXIS2_PLACEMENT_3D('',#7160,#5912,#5913);
#4994=AXIS2_PLACEMENT_3D('',#7161,#5914,#5915);
#4995=AXIS2_PLACEMENT_3D('',#7162,#5916,#5917);
#4996=AXIS2_PLACEMENT_3D('',#7163,#5918,#5919);
#4997=AXIS2_PLACEMENT_3D('',#7168,#5921,#5922);
#4998=AXIS2_PLACEMENT_3D('',#7171,#5924,#5925);
#4999=AXIS2_PLACEMENT_3D('',#7172,#5926,#5927);
#5000=AXIS2_PLACEMENT_3D('',#7177,#5930,#5931);
#5001=AXIS2_PLACEMENT_3D('',#7178,#5932,#5933);
#5002=AXIS2_PLACEMENT_3D('',#7183,#5936,#5937);
#5003=AXIS2_PLACEMENT_3D('',#7186,#5940,#5941);
#5004=AXIS2_PLACEMENT_3D('',#7187,#5942,#5943);
#5005=AXIS2_PLACEMENT_3D('',#7188,#5944,#5945);
#5006=AXIS2_PLACEMENT_3D('',#7189,#5946,#5947);
#5007=AXIS2_PLACEMENT_3D('',#7190,#5948,#5949);
#5008=AXIS2_PLACEMENT_3D('',#7193,#5950,#5951);
#5009=AXIS2_PLACEMENT_3D('',#7194,#5952,#5953);
#5010=AXIS2_PLACEMENT_3D('',#7195,#5954,#5955);
#5011=AXIS2_PLACEMENT_3D('',#7196,#5956,#5957);
#5012=AXIS2_PLACEMENT_3D('',#7197,#5958,#5959);
#5013=AXIS2_PLACEMENT_3D('',#7198,#5960,#5961);
#5014=AXIS2_PLACEMENT_3D('',#7199,#5962,#5963);
#5015=AXIS2_PLACEMENT_3D('',#7200,#5964,#5965);
#5016=AXIS2_PLACEMENT_3D('',#7201,#5966,#5967);
#5017=AXIS2_PLACEMENT_3D('',#7203,#5968,#5969);
#5018=AXIS2_PLACEMENT_3D('',#7205,#5970,#5971);
#5019=AXIS2_PLACEMENT_3D('',#7206,#5972,#5973);
#5020=AXIS2_PLACEMENT_3D('',#7207,#5974,#5975);
#5021=AXIS2_PLACEMENT_3D('',#7208,#5976,#5977);
#5022=AXIS2_PLACEMENT_3D('',#7210,#5978,#5979);
#5023=AXIS2_PLACEMENT_3D('',#7211,#5980,#5981);
#5024=AXIS2_PLACEMENT_3D('',#7224,#5988,#5989);
#5025=AXIS2_PLACEMENT_3D('',#7233,#5994,#5995);
#5026=AXIS2_PLACEMENT_3D('',#7236,#5998,#5999);
#5027=AXIS2_PLACEMENT_3D('',#7243,#6004,#6005);
#5028=AXIS2_PLACEMENT_3D('',#7247,#6008,#6009);
#5029=AXIS2_PLACEMENT_3D('',#7248,#6010,#6011);
#5030=AXIS2_PLACEMENT_3D('',#7256,#6016,#6017);
#5031=AXIS2_PLACEMENT_3D('',#7262,#6021,#6022);
#5032=AXIS2_PLACEMENT_3D('',#7266,#6025,#6026);
#5033=AXIS2_PLACEMENT_3D('',#7270,#6029,#6030);
#5034=AXIS2_PLACEMENT_3D('',#7272,#6032,#6033);
#5035=AXIS2_PLACEMENT_3D('',#7273,#6034,#6035);
#5036=AXIS2_PLACEMENT_3D('',#7274,#6036,#6037);
#5037=AXIS2_PLACEMENT_3D('',#7275,#6038,#6039);
#5038=AXIS2_PLACEMENT_3D('',#7277,#6040,#6041);
#5039=AXIS2_PLACEMENT_3D('',#7279,#6042,#6043);
#5040=AXIS2_PLACEMENT_3D('',#7280,#6044,#6045);
#5041=AXIS2_PLACEMENT_3D('',#7281,#6046,#6047);
#5042=AXIS2_PLACEMENT_3D('',#7282,#6048,#6049);
#5043=AXIS2_PLACEMENT_3D('',#7283,#6050,#6051);
#5044=AXIS2_PLACEMENT_3D('',#7285,#6052,#6053);
#5045=AXIS2_PLACEMENT_3D('',#7287,#6054,#6055);
#5046=AXIS2_PLACEMENT_3D('',#7288,#6056,#6057);
#5047=AXIS2_PLACEMENT_3D('',#7289,#6058,#6059);
#5048=AXIS2_PLACEMENT_3D('',#7290,#6060,#6061);
#5049=AXIS2_PLACEMENT_3D('',#7291,#6062,#6063);
#5050=AXIS2_PLACEMENT_3D('',#7293,#6064,#6065);
#5051=AXIS2_PLACEMENT_3D('',#7295,#6066,#6067);
#5052=AXIS2_PLACEMENT_3D('',#7296,#6068,#6069);
#5053=AXIS2_PLACEMENT_3D('',#7305,#6074,#6075);
#5054=AXIS2_PLACEMENT_3D('',#7311,#6079,#6080);
#5055=AXIS2_PLACEMENT_3D('',#7314,#6083,#6084);
#5056=AXIS2_PLACEMENT_3D('',#7315,#6085,#6086);
#5057=AXIS2_PLACEMENT_3D('',#7316,#6087,#6088);
#5058=AXIS2_PLACEMENT_3D('',#7317,#6089,#6090);
#5059=AXIS2_PLACEMENT_3D('',#7326,#6095,#6096);
#5060=AXIS2_PLACEMENT_3D('',#7340,#6104,#6105);
#5061=AXIS2_PLACEMENT_3D('',#7344,#6108,#6109);
#5062=AXIS2_PLACEMENT_3D('',#7356,#6116,#6117);
#5063=AXIS2_PLACEMENT_3D('',#7359,#6120,#6121);
#5064=AXIS2_PLACEMENT_3D('',#7361,#6123,#6124);
#5065=AXIS2_PLACEMENT_3D('',#7362,#6125,#6126);
#5066=AXIS2_PLACEMENT_3D('',#7364,#6128,#6129);
#5067=AXIS2_PLACEMENT_3D('',#7366,#6131,#6132);
#5068=AXIS2_PLACEMENT_3D('',#7367,#6133,#6134);
#5069=AXIS2_PLACEMENT_3D('',#7368,#6135,#6136);
#5070=AXIS2_PLACEMENT_3D('',#7377,#6141,#6142);
#5071=AXIS2_PLACEMENT_3D('',#7383,#6146,#6147);
#5072=AXIS2_PLACEMENT_3D('',#7389,#6151,#6152);
#5073=AXIS2_PLACEMENT_3D('',#7392,#6155,#6156);
#5074=AXIS2_PLACEMENT_3D('',#7401,#6161,#6162);
#5075=AXIS2_PLACEMENT_3D('',#7410,#6167,#6168);
#5076=AXIS2_PLACEMENT_3D('',#7413,#6171,#6172);
#5077=AXIS2_PLACEMENT_3D('',#7415,#6174,#6175);
#5078=AXIS2_PLACEMENT_3D('',#7417,#6177,#6178);
#5079=AXIS2_PLACEMENT_3D('',#7418,#6179,#6180);
#5080=AXIS2_PLACEMENT_3D('',#7419,#6181,#6182);
#5081=AXIS2_PLACEMENT_3D('',#7420,#6183,#6184);
#5082=AXIS2_PLACEMENT_3D('',#7422,#6185,#6186);
#5083=AXIS2_PLACEMENT_3D('',#7424,#6187,#6188);
#5084=AXIS2_PLACEMENT_3D('',#7425,#6189,#6190);
#5085=AXIS2_PLACEMENT_3D('',#7426,#6191,#6192);
#5086=AXIS2_PLACEMENT_3D('',#7427,#6193,#6194);
#5087=AXIS2_PLACEMENT_3D('',#7428,#6195,#6196);
#5088=AXIS2_PLACEMENT_3D('',#7430,#6197,#6198);
#5089=AXIS2_PLACEMENT_3D('',#7432,#6199,#6200);
#5090=AXIS2_PLACEMENT_3D('',#7433,#6201,#6202);
#5091=AXIS2_PLACEMENT_3D('',#7434,#6203,#6204);
#5092=AXIS2_PLACEMENT_3D('',#7435,#6205,#6206);
#5093=AXIS2_PLACEMENT_3D('',#7444,#6211,#6212);
#5094=AXIS2_PLACEMENT_3D('',#7450,#6216,#6217);
#5095=AXIS2_PLACEMENT_3D('',#7456,#6221,#6222);
#5096=AXIS2_PLACEMENT_3D('',#7462,#6226,#6227);
#5097=AXIS2_PLACEMENT_3D('',#7468,#6228,#6229);
#5098=AXIS2_PLACEMENT_3D('',#7486,#6230,#6231);
#5099=AXIS2_PLACEMENT_3D('',#7487,#6232,#6233);
#5100=AXIS2_PLACEMENT_3D('',#7488,#6234,#6235);
#5101=AXIS2_PLACEMENT_3D('',#7490,#6236,#6237);
#5102=AXIS2_PLACEMENT_3D('',#7492,#6238,#6239);
#5103=AXIS2_PLACEMENT_3D('',#7493,#6240,#6241);
#5104=AXIS2_PLACEMENT_3D('',#7669,#6242,#6243);
#5105=AXIS2_PLACEMENT_3D('',#7671,#6244,#6245);
#5106=AXIS2_PLACEMENT_3D('',#7673,#6246,#6247);
#5107=AXIS2_PLACEMENT_3D('',#7674,#6248,#6249);
#5108=AXIS2_PLACEMENT_3D('',#7675,#6250,#6251);
#5109=AXIS2_PLACEMENT_3D('',#7676,#6252,#6253);
#5110=AXIS2_PLACEMENT_3D('',#7685,#6258,#6259);
#5111=AXIS2_PLACEMENT_3D('',#7694,#6264,#6265);
#5112=AXIS2_PLACEMENT_3D('',#7695,#6266,#6267);
#5113=AXIS2_PLACEMENT_3D('',#7702,#6271,#6272);
#5114=AXIS2_PLACEMENT_3D('',#7705,#6274,#6275);
#5115=AXIS2_PLACEMENT_3D('',#7707,#6277,#6278);
#5116=AXIS2_PLACEMENT_3D('',#7708,#6279,#6280);
#5117=AXIS2_PLACEMENT_3D('',#7709,#6281,#6282);
#5118=AXIS2_PLACEMENT_3D('',#7713,#6285,#6286);
#5119=AXIS2_PLACEMENT_3D('',#7714,#6287,#6288);
#5120=AXIS2_PLACEMENT_3D('',#7715,#6289,#6290);
#5121=AXIS2_PLACEMENT_3D('',#7716,#6291,#6292);
#5122=AXIS2_PLACEMENT_3D('',#7717,#6293,#6294);
#5123=AXIS2_PLACEMENT_3D('',#7718,#6295,#6296);
#5124=AXIS2_PLACEMENT_3D('',#7719,#6297,#6298);
#5125=AXIS2_PLACEMENT_3D('',#7720,#6299,#6300);
#5126=AXIS2_PLACEMENT_3D('',#7721,#6301,#6302);
#5127=AXIS2_PLACEMENT_3D('',#7730,#6307,#6308);
#5128=AXIS2_PLACEMENT_3D('',#7736,#6312,#6313);
#5129=AXIS2_PLACEMENT_3D('',#7742,#6317,#6318);
#5130=AXIS2_PLACEMENT_3D('',#7745,#6321,#6322);
#5131=AXIS2_PLACEMENT_3D('',#7746,#6323,#6324);
#5132=AXIS2_PLACEMENT_3D('',#7747,#6325,#6326);
#5133=AXIS2_PLACEMENT_3D('',#7748,#6327,#6328);
#5134=AXIS2_PLACEMENT_3D('',#7757,#6333,#6334);
#5135=AXIS2_PLACEMENT_3D('',#7763,#6338,#6339);
#5136=AXIS2_PLACEMENT_3D('',#7769,#6343,#6344);
#5137=AXIS2_PLACEMENT_3D('',#7772,#6347,#6348);
#5138=AXIS2_PLACEMENT_3D('',#7773,#6349,#6350);
#5139=AXIS2_PLACEMENT_3D('',#7774,#6351,#6352);
#5140=AXIS2_PLACEMENT_3D('',#7775,#6353,#6354);
#5141=AXIS2_PLACEMENT_3D('',#7792,#6363,#6364);
#5142=AXIS2_PLACEMENT_3D('',#7798,#6368,#6369);
#5143=AXIS2_PLACEMENT_3D('',#7802,#6372,#6373);
#5144=AXIS2_PLACEMENT_3D('',#7806,#6376,#6377);
#5145=AXIS2_PLACEMENT_3D('',#7808,#6379,#6380);
#5146=AXIS2_PLACEMENT_3D('',#7809,#6381,#6382);
#5147=AXIS2_PLACEMENT_3D('',#7815,#6386,#6387);
#5148=AXIS2_PLACEMENT_3D('',#7819,#6390,#6391);
#5149=AXIS2_PLACEMENT_3D('',#7823,#6394,#6395);
#5150=AXIS2_PLACEMENT_3D('',#7825,#6397,#6398);
#5151=AXIS2_PLACEMENT_3D('',#7826,#6399,#6400);
#5152=AXIS2_PLACEMENT_3D('',#7827,#6401,#6402);
#5153=AXIS2_PLACEMENT_3D('',#7828,#6403,#6404);
#5154=AXIS2_PLACEMENT_3D('',#7830,#6405,#6406);
#5155=AXIS2_PLACEMENT_3D('',#7832,#6407,#6408);
#5156=AXIS2_PLACEMENT_3D('',#7833,#6409,#6410);
#5157=AXIS2_PLACEMENT_3D('',#7835,#6411,#6412);
#5158=AXIS2_PLACEMENT_3D('',#7836,#6413,#6414);
#5159=DIRECTION('',(0.,0.,1.));
#5160=DIRECTION('',(1.,0.,0.));
#5161=DIRECTION('',(0.,1.,0.));
#5162=DIRECTION('',(0.,0.,1.));
#5163=DIRECTION('',(0.,-1.,0.));
#5164=DIRECTION('',(0.,0.,-1.));
#5165=DIRECTION('',(0.,1.,0.));
#5166=DIRECTION('',(0.,-1.,0.));
#5167=DIRECTION('',(0.,0.,-1.));
#5168=DIRECTION('',(0.,1.,0.));
#5169=DIRECTION('',(-1.,0.,0.));
#5170=DIRECTION('',(0.,0.,1.));
#5171=DIRECTION('',(0.,0.,1.));
#5172=DIRECTION('',(0.,1.,0.));
#5173=DIRECTION('',(0.,0.,1.));
#5174=DIRECTION('',(0.,1.,0.));
#5175=DIRECTION('',(0.,0.,1.));
#5176=DIRECTION('',(0.,-1.,0.));
#5177=DIRECTION('',(0.,0.,-1.));
#5178=DIRECTION('',(0.,1.,0.));
#5179=DIRECTION('',(0.,-1.,0.));
#5180=DIRECTION('',(0.,0.,-1.));
#5181=DIRECTION('',(1.,0.,0.));
#5182=DIRECTION('',(0.,0.,-1.));
#5183=DIRECTION('',(0.,0.,-1.));
#5184=DIRECTION('',(0.,0.,-1.));
#5185=DIRECTION('',(0.,-1.,0.));
#5186=DIRECTION('',(0.,0.,1.));
#5187=DIRECTION('',(0.,-1.,0.));
#5188=DIRECTION('',(0.,0.,1.));
#5189=DIRECTION('',(0.,0.,1.));
#5190=DIRECTION('',(1.,0.,0.));
#5191=DIRECTION('',(0.,0.,-1.));
#5192=DIRECTION('',(1.,0.,0.));
#5193=DIRECTION('',(1.,0.,0.));
#5194=DIRECTION('',(0.,1.,0.));
#5195=DIRECTION('',(1.,0.,0.));
#5196=DIRECTION('',(0.,1.,0.));
#5197=DIRECTION('',(-1.,0.,0.));
#5198=DIRECTION('',(0.,0.,-1.));
#5199=DIRECTION('',(0.,0.,-1.));
#5200=DIRECTION('',(0.,0.,-1.));
#5201=DIRECTION('',(0.,1.,0.));
#5202=DIRECTION('',(0.8,0.,0.6));
#5203=DIRECTION('',(-0.6,0.,0.8));
#5204=DIRECTION('',(-0.6,0.,0.8));
#5205=DIRECTION('',(-0.6,0.,0.8));
#5206=DIRECTION('',(0.,-1.,0.));
#5207=DIRECTION('',(0.,0.,-1.));
#5208=DIRECTION('',(0.,-1.,0.));
#5209=DIRECTION('',(0.,0.,-1.));
#5210=DIRECTION('',(0.,0.,1.));
#5211=DIRECTION('',(1.,0.,0.));
#5212=DIRECTION('',(0.,1.,0.));
#5213=DIRECTION('',(1.,0.,-1.83697019872103E-16));
#5214=DIRECTION('',(0.,-1.,0.));
#5215=DIRECTION('',(-1.,0.,1.83697019872103E-16));
#5216=DIRECTION('',(0.,-1.,0.));
#5217=DIRECTION('',(-1.,0.,1.83697019872103E-16));
#5218=DIRECTION('',(0.,-1.,0.));
#5219=DIRECTION('',(1.,0.,-1.83697019872103E-16));
#5220=DIRECTION('',(0.,-1.,0.));
#5221=DIRECTION('',(1.,0.,-1.83697019872103E-16));
#5222=DIRECTION('',(0.,0.,1.));
#5223=DIRECTION('',(1.,0.,0.));
#5224=DIRECTION('',(0.,0.,-1.));
#5225=DIRECTION('',(0.,-1.,0.));
#5226=DIRECTION('',(-1.,0.,0.));
#5227=DIRECTION('',(0.,1.,0.));
#5228=DIRECTION('',(-1.,0.,0.));
#5229=DIRECTION('',(0.,1.,0.));
#5230=DIRECTION('',(0.,0.,-1.));
#5231=DIRECTION('',(0.,-1.,0.));
#5232=DIRECTION('',(-1.,0.,0.));
#5233=DIRECTION('',(0.,1.,0.));
#5234=DIRECTION('',(-1.,0.,0.));
#5235=DIRECTION('',(0.,1.,0.));
#5236=DIRECTION('',(-1.,0.,0.));
#5237=DIRECTION('',(0.,-1.,0.));
#5238=DIRECTION('',(0.,0.,1.));
#5239=DIRECTION('',(0.,0.,1.));
#5240=DIRECTION('',(0.,-1.,0.));
#5241=DIRECTION('',(0.,0.,1.));
#5242=DIRECTION('',(0.,-1.,0.));
#5243=DIRECTION('',(0.,0.,-1.));
#5244=DIRECTION('',(0.,-1.,0.));
#5245=DIRECTION('',(0.,0.,-1.));
#5246=DIRECTION('',(0.,-1.,0.));
#5247=DIRECTION('',(0.,0.,1.));
#5248=DIRECTION('',(0.,-1.,0.));
#5249=DIRECTION('',(0.,0.,-1.));
#5250=DIRECTION('',(0.,-1.,0.));
#5251=DIRECTION('',(0.,0.,-1.));
#5252=DIRECTION('',(0.,-1.,0.));
#5253=DIRECTION('',(0.,0.,-1.));
#5254=DIRECTION('',(0.,1.,0.));
#5255=DIRECTION('',(0.,1.,0.));
#5256=DIRECTION('',(0.,0.,1.));
#5257=DIRECTION('',(0.,0.,1.));
#5258=DIRECTION('',(1.,0.,0.));
#5259=DIRECTION('',(0.,0.,-1.));
#5260=DIRECTION('',(0.,-1.,0.));
#5261=DIRECTION('',(-1.,0.,0.));
#5262=DIRECTION('',(0.,1.,0.));
#5263=DIRECTION('',(-1.,0.,0.));
#5264=DIRECTION('',(0.,1.,0.));
#5265=DIRECTION('',(-1.,0.,0.));
#5266=DIRECTION('',(0.,-1.,0.));
#5267=DIRECTION('',(0.,0.,1.));
#5268=DIRECTION('',(0.,1.,0.));
#5269=DIRECTION('',(0.,0.,1.));
#5270=DIRECTION('',(-1.,0.,0.));
#5271=DIRECTION('',(0.,-1.,0.));
#5272=DIRECTION('',(0.,0.,1.));
#5273=DIRECTION('',(0.,0.,1.));
#5274=DIRECTION('',(0.,1.,0.));
#5275=DIRECTION('',(0.,-1.,0.));
#5276=DIRECTION('',(0.,0.,1.));
#5277=DIRECTION('',(-1.,0.,0.));
#5278=DIRECTION('',(0.,-1.,0.));
#5279=DIRECTION('',(0.,0.,1.));
#5280=DIRECTION('',(-1.,0.,0.));
#5281=DIRECTION('',(0.,0.,-1.));
#5282=DIRECTION('',(0.,-1.,0.));
#5283=DIRECTION('',(0.,0.,1.));
#5284=DIRECTION('',(1.,0.,0.));
#5285=DIRECTION('',(0.,0.,1.));
#5286=DIRECTION('',(1.,0.,0.));
#5287=DIRECTION('',(1.,0.,0.));
#5288=DIRECTION('',(0.,1.,0.));
#5289=DIRECTION('',(1.,0.,0.));
#5290=DIRECTION('',(0.,1.,0.));
#5291=DIRECTION('',(-1.,0.,0.));
#5292=DIRECTION('',(0.,0.,1.));
#5293=DIRECTION('',(0.,0.,1.));
#5294=DIRECTION('',(0.,1.,0.));
#5295=DIRECTION('',(0.,0.,1.));
#5296=DIRECTION('',(0.,0.,-1.));
#5297=DIRECTION('',(-1.,0.,0.));
#5298=DIRECTION('',(-1.,0.,0.));
#5299=DIRECTION('',(0.,1.,0.));
#5300=DIRECTION('',(-1.,0.,0.));
#5301=DIRECTION('',(1.,0.,0.));
#5302=DIRECTION('',(0.,0.,-1.));
#5303=DIRECTION('',(0.,0.,-1.));
#5304=DIRECTION('',(0.,0.,-1.));
#5305=DIRECTION('',(0.,-1.,0.));
#5306=DIRECTION('',(0.,0.,1.));
#5307=DIRECTION('',(0.,-1.,0.));
#5308=DIRECTION('',(0.,0.,1.));
#5309=DIRECTION('',(0.,0.,1.));
#5310=DIRECTION('',(1.,0.,0.));
#5311=DIRECTION('',(0.,1.,0.));
#5312=DIRECTION('',(0.,0.,-1.));
#5313=DIRECTION('',(0.,-1.,0.));
#5314=DIRECTION('',(0.,0.,1.));
#5315=DIRECTION('',(0.,-1.,0.));
#5316=DIRECTION('',(0.,0.,1.));
#5317=DIRECTION('',(0.,-1.,0.));
#5318=DIRECTION('',(0.,0.,1.));
#5319=DIRECTION('',(0.,-1.,0.));
#5320=DIRECTION('',(0.,0.,1.));
#5321=DIRECTION('',(0.,0.,-1.));
#5322=DIRECTION('',(0.,-1.,0.));
#5323=DIRECTION('',(0.,0.,1.));
#5324=DIRECTION('',(0.,1.,0.));
#5325=DIRECTION('',(0.,0.,1.));
#5326=DIRECTION('',(-1.,0.,0.));
#5327=DIRECTION('',(0.,0.,1.));
#5328=DIRECTION('',(1.,0.,0.));
#5329=DIRECTION('',(0.,0.,-1.));
#5330=DIRECTION('',(0.,-1.,0.));
#5331=DIRECTION('',(-1.,0.,0.));
#5332=DIRECTION('',(0.,1.,0.));
#5333=DIRECTION('',(-1.,0.,0.));
#5334=DIRECTION('',(0.,1.,0.));
#5335=DIRECTION('',(-1.,0.,0.));
#5336=DIRECTION('',(0.,-1.,0.));
#5337=DIRECTION('',(0.,0.,1.));
#5338=DIRECTION('',(0.,1.,0.));
#5339=DIRECTION('',(0.,0.,1.));
#5340=DIRECTION('',(-1.,0.,0.));
#5341=DIRECTION('',(0.,-1.,0.));
#5342=DIRECTION('',(0.,0.,1.));
#5343=DIRECTION('',(0.,0.,1.));
#5344=DIRECTION('',(0.,1.,0.));
#5345=DIRECTION('',(0.,-1.,0.));
#5346=DIRECTION('',(0.,0.,1.));
#5347=DIRECTION('',(-1.,0.,0.));
#5348=DIRECTION('',(0.,-1.,0.));
#5349=DIRECTION('',(0.,0.,1.));
#5350=DIRECTION('',(-1.,0.,0.));
#5351=DIRECTION('',(0.,0.,-1.));
#5352=DIRECTION('',(0.,-1.,0.));
#5353=DIRECTION('',(0.,0.,1.));
#5354=DIRECTION('',(1.,0.,0.));
#5355=DIRECTION('',(0.,0.,-1.));
#5356=DIRECTION('',(0.,-1.,0.));
#5357=DIRECTION('',(-1.,0.,0.));
#5358=DIRECTION('',(0.,1.,0.));
#5359=DIRECTION('',(-1.,0.,0.));
#5360=DIRECTION('',(0.,1.,0.));
#5361=DIRECTION('',(-1.,0.,0.));
#5362=DIRECTION('',(0.,-1.,0.));
#5363=DIRECTION('',(0.,0.,1.));
#5364=DIRECTION('',(0.,1.,0.));
#5365=DIRECTION('',(0.,0.,1.));
#5366=DIRECTION('',(-1.,0.,0.));
#5367=DIRECTION('',(0.,-1.,0.));
#5368=DIRECTION('',(0.,0.,1.));
#5369=DIRECTION('',(0.,0.,1.));
#5370=DIRECTION('',(0.,1.,0.));
#5371=DIRECTION('',(0.,-1.,0.));
#5372=DIRECTION('',(0.,0.,1.));
#5373=DIRECTION('',(-1.,0.,0.));
#5374=DIRECTION('',(0.,-1.,0.));
#5375=DIRECTION('',(0.,0.,1.));
#5376=DIRECTION('',(-1.,0.,0.));
#5377=DIRECTION('',(0.,0.,-1.));
#5378=DIRECTION('',(0.,-1.,0.));
#5379=DIRECTION('',(0.,0.,1.));
#5380=DIRECTION('',(1.,0.,0.));
#5381=DIRECTION('',(0.,0.,-1.));
#5382=DIRECTION('',(-1.,0.,0.));
#5383=DIRECTION('',(-1.,0.,0.));
#5384=DIRECTION('',(0.,1.,0.));
#5385=DIRECTION('',(-1.,0.,0.));
#5386=DIRECTION('',(0.,1.,0.));
#5387=DIRECTION('',(-1.,0.,0.));
#5388=DIRECTION('',(0.,0.,1.));
#5389=DIRECTION('',(0.,0.,1.));
#5390=DIRECTION('',(0.,1.,0.));
#5391=DIRECTION('',(0.,0.,1.));
#5392=DIRECTION('',(0.,0.,-1.));
#5393=DIRECTION('',(-1.,0.,0.));
#5394=DIRECTION('',(-1.,0.,0.));
#5395=DIRECTION('',(0.,1.,0.));
#5396=DIRECTION('',(-1.,0.,0.));
#5397=DIRECTION('',(0.,1.,0.));
#5398=DIRECTION('',(0.,0.,1.));
#5399=DIRECTION('',(0.,-1.,0.));
#5400=DIRECTION('',(0.,0.,-1.));
#5401=DIRECTION('',(0.,-1.,0.));
#5402=DIRECTION('',(0.,0.,-1.));
#5403=DIRECTION('',(-1.,0.,0.));
#5404=DIRECTION('',(0.,0.,1.));
#5405=DIRECTION('',(0.,0.,1.));
#5406=DIRECTION('',(0.,0.,1.));
#5407=DIRECTION('',(0.,-1.,0.));
#5408=DIRECTION('',(0.,0.,1.));
#5409=DIRECTION('',(0.,-1.,0.));
#5410=DIRECTION('',(0.,0.,1.));
#5411=DIRECTION('',(0.,0.,1.));
#5412=DIRECTION('',(1.,0.,0.));
#5413=DIRECTION('',(0.,1.,0.));
#5414=DIRECTION('',(0.,0.,1.));
#5415=DIRECTION('',(0.,-1.,0.));
#5416=DIRECTION('',(0.,0.,-1.));
#5417=DIRECTION('',(0.,-1.,0.));
#5418=DIRECTION('',(0.,0.,-1.));
#5419=DIRECTION('',(0.,-1.,0.));
#5420=DIRECTION('',(0.,0.,1.));
#5421=DIRECTION('',(0.,-1.,0.));
#5422=DIRECTION('',(0.,0.,1.));
#5423=DIRECTION('',(0.,0.,1.));
#5424=DIRECTION('',(1.,0.,0.));
#5425=DIRECTION('',(0.,0.,-1.));
#5426=DIRECTION('',(0.,-1.,0.));
#5427=DIRECTION('',(-1.,0.,0.));
#5428=DIRECTION('',(0.,1.,0.));
#5429=DIRECTION('',(-1.,0.,0.));
#5430=DIRECTION('',(0.,1.,0.));
#5431=DIRECTION('',(-1.,0.,0.));
#5432=DIRECTION('',(0.,-1.,0.));
#5433=DIRECTION('',(0.,0.,1.));
#5434=DIRECTION('',(0.,1.,0.));
#5435=DIRECTION('',(0.,0.,1.));
#5436=DIRECTION('',(0.,0.,-1.));
#5437=DIRECTION('',(0.,-1.,0.));
#5438=DIRECTION('',(-1.,0.,0.));
#5439=DIRECTION('',(0.,1.,0.));
#5440=DIRECTION('',(-1.,0.,0.));
#5441=DIRECTION('',(-1.,0.,0.));
#5442=DIRECTION('',(0.,-1.,0.));
#5443=DIRECTION('',(0.,0.,1.));
#5444=DIRECTION('',(0.,0.,1.));
#5445=DIRECTION('',(0.,-1.,0.));
#5446=DIRECTION('',(0.,0.,1.));
#5447=DIRECTION('',(0.,-1.,0.));
#5448=DIRECTION('',(0.,0.,1.));
#5449=DIRECTION('',(0.,0.,1.));
#5450=DIRECTION('',(1.,0.,0.));
#5451=DIRECTION('',(0.,-1.,0.));
#5452=DIRECTION('',(0.,0.,1.));
#5453=DIRECTION('',(0.,0.,1.));
#5454=DIRECTION('',(1.,0.,0.));
#5455=DIRECTION('',(0.,-1.,0.));
#5456=DIRECTION('',(0.,0.,1.));
#5457=DIRECTION('',(0.,0.,1.));
#5458=DIRECTION('',(1.,0.,0.));
#5459=DIRECTION('',(0.,0.,-1.));
#5460=DIRECTION('',(0.,-1.,0.));
#5461=DIRECTION('',(-1.,0.,0.));
#5462=DIRECTION('',(0.,1.,0.));
#5463=DIRECTION('',(-1.,0.,0.));
#5464=DIRECTION('',(0.,1.,0.));
#5465=DIRECTION('',(-1.,0.,0.));
#5466=DIRECTION('',(0.,-1.,0.));
#5467=DIRECTION('',(0.,0.,1.));
#5468=DIRECTION('',(0.,1.,0.));
#5469=DIRECTION('',(0.,0.,1.));
#5470=DIRECTION('',(0.,0.,-1.));
#5471=DIRECTION('',(0.,-1.,0.));
#5472=DIRECTION('',(-1.,0.,0.));
#5473=DIRECTION('',(0.,1.,0.));
#5474=DIRECTION('',(-1.,0.,0.));
#5475=DIRECTION('',(-1.,0.,0.));
#5476=DIRECTION('',(0.,-1.,0.));
#5477=DIRECTION('',(0.,0.,1.));
#5478=DIRECTION('',(0.,1.,0.));
#5479=DIRECTION('',(0.,0.,1.));
#5480=DIRECTION('',(0.,-1.,0.));
#5481=DIRECTION('',(0.,0.,1.));
#5482=DIRECTION('',(0.,-1.,0.));
#5483=DIRECTION('',(0.,0.,-1.));
#5484=DIRECTION('',(0.,-1.,0.));
#5485=DIRECTION('',(0.,0.,1.));
#5486=DIRECTION('',(0.,-1.,0.));
#5487=DIRECTION('',(0.,0.,-1.));
#5488=DIRECTION('',(0.,-1.,0.));
#5489=DIRECTION('',(0.,0.,-1.));
#5490=DIRECTION('',(0.,0.,1.));
#5491=DIRECTION('',(1.,0.,0.));
#5492=DIRECTION('',(0.,0.,-1.));
#5493=DIRECTION('',(0.,-1.,0.));
#5494=DIRECTION('',(-1.,0.,0.));
#5495=DIRECTION('',(0.,1.,0.));
#5496=DIRECTION('',(-1.,0.,0.));
#5497=DIRECTION('',(0.,1.,0.));
#5498=DIRECTION('',(-1.,0.,0.));
#5499=DIRECTION('',(0.,-1.,0.));
#5500=DIRECTION('',(0.,0.,1.));
#5501=DIRECTION('',(0.,1.,0.));
#5502=DIRECTION('',(0.,0.,1.));
#5503=DIRECTION('',(0.,0.,-1.));
#5504=DIRECTION('',(0.,-1.,0.));
#5505=DIRECTION('',(-1.,0.,0.));
#5506=DIRECTION('',(0.,1.,0.));
#5507=DIRECTION('',(-1.,0.,0.));
#5508=DIRECTION('',(-1.,0.,0.));
#5509=DIRECTION('',(0.,-1.,0.));
#5510=DIRECTION('',(0.,0.,1.));
#5511=DIRECTION('',(0.,0.,1.));
#5512=DIRECTION('',(0.,-1.,0.));
#5513=DIRECTION('',(0.,0.,1.));
#5514=DIRECTION('',(0.,-1.,0.));
#5515=DIRECTION('',(0.,0.,1.));
#5516=DIRECTION('',(0.,0.,1.));
#5517=DIRECTION('',(1.,0.,0.));
#5518=DIRECTION('',(0.,0.,-1.));
#5519=DIRECTION('',(0.,-1.,0.));
#5520=DIRECTION('',(-1.,0.,0.));
#5521=DIRECTION('',(0.,1.,0.));
#5522=DIRECTION('',(-1.,0.,0.));
#5523=DIRECTION('',(0.,1.,0.));
#5524=DIRECTION('',(-1.,0.,0.));
#5525=DIRECTION('',(0.,-1.,0.));
#5526=DIRECTION('',(0.,0.,1.));
#5527=DIRECTION('',(0.,1.,0.));
#5528=DIRECTION('',(0.,0.,1.));
#5529=DIRECTION('',(0.,0.,-1.));
#5530=DIRECTION('',(0.,-1.,0.));
#5531=DIRECTION('',(-1.,0.,0.));
#5532=DIRECTION('',(0.,1.,0.));
#5533=DIRECTION('',(-1.,0.,0.));
#5534=DIRECTION('',(-1.,0.,0.));
#5535=DIRECTION('',(0.,-1.,0.));
#5536=DIRECTION('',(0.,0.,1.));
#5537=DIRECTION('',(0.,0.,1.));
#5538=DIRECTION('',(0.,-1.,0.));
#5539=DIRECTION('',(0.,0.,1.));
#5540=DIRECTION('',(0.,-1.,0.));
#5541=DIRECTION('',(0.,0.,1.));
#5542=DIRECTION('',(0.,0.,-1.));
#5543=DIRECTION('',(0.,-1.,0.));
#5544=DIRECTION('',(-1.,0.,0.));
#5545=DIRECTION('',(0.,1.,0.));
#5546=DIRECTION('',(-1.,0.,0.));
#5547=DIRECTION('',(0.,1.,0.));
#5548=DIRECTION('',(-1.,0.,0.));
#5549=DIRECTION('',(0.,-1.,0.));
#5550=DIRECTION('',(0.,0.,1.));
#5551=DIRECTION('',(0.,0.,1.));
#5552=DIRECTION('',(0.,1.,0.));
#5553=DIRECTION('',(0.,0.,-1.));
#5554=DIRECTION('',(0.,-1.,0.));
#5555=DIRECTION('',(-1.,0.,0.));
#5556=DIRECTION('',(-1.,0.,0.));
#5557=DIRECTION('',(0.,1.,0.));
#5558=DIRECTION('',(-1.,0.,0.));
#5559=DIRECTION('',(0.,-1.,0.));
#5560=DIRECTION('',(0.,0.,1.));
#5561=DIRECTION('',(0.,0.,1.));
#5562=DIRECTION('',(0.,-1.,0.));
#5563=DIRECTION('',(0.,0.,1.));
#5564=DIRECTION('',(0.,-1.,0.));
#5565=DIRECTION('',(0.,0.,1.));
#5566=DIRECTION('',(0.,0.,1.));
#5567=DIRECTION('',(1.,0.,0.));
#5568=DIRECTION('',(0.,0.,-1.));
#5569=DIRECTION('',(0.,-1.,0.));
#5570=DIRECTION('',(-1.,0.,0.));
#5571=DIRECTION('',(0.,1.,0.));
#5572=DIRECTION('',(-1.,0.,0.));
#5573=DIRECTION('',(0.,1.,0.));
#5574=DIRECTION('',(-1.,0.,0.));
#5575=DIRECTION('',(0.,-1.,0.));
#5576=DIRECTION('',(0.,0.,1.));
#5577=DIRECTION('',(0.,1.,0.));
#5578=DIRECTION('',(0.,0.,1.));
#5579=DIRECTION('',(0.,0.,-1.));
#5580=DIRECTION('',(0.,-1.,0.));
#5581=DIRECTION('',(-1.,0.,0.));
#5582=DIRECTION('',(0.,1.,0.));
#5583=DIRECTION('',(-1.,0.,0.));
#5584=DIRECTION('',(-1.,0.,0.));
#5585=DIRECTION('',(0.,-1.,0.));
#5586=DIRECTION('',(0.,0.,1.));
#5587=DIRECTION('',(0.,0.,1.));
#5588=DIRECTION('',(0.,-1.,0.));
#5589=DIRECTION('',(0.,0.,1.));
#5590=DIRECTION('',(0.,-1.,0.));
#5591=DIRECTION('',(0.,0.,-1.));
#5592=DIRECTION('',(0.,-1.,0.));
#5593=DIRECTION('',(0.,0.,-1.));
#5594=DIRECTION('',(0.,-1.,0.));
#5595=DIRECTION('',(0.,0.,-1.));
#5596=DIRECTION('',(0.,-1.,0.));
#5597=DIRECTION('',(0.,0.,-1.));
#5598=DIRECTION('',(0.,-1.,0.));
#5599=DIRECTION('',(0.,0.,1.));
#5600=DIRECTION('',(0.,-1.,0.));
#5601=DIRECTION('',(0.,0.,-1.));
#5602=DIRECTION('',(0.,-1.,0.));
#5603=DIRECTION('',(0.,0.,-1.));
#5604=DIRECTION('',(0.,-1.,0.));
#5605=DIRECTION('',(0.,0.,-1.));
#5606=DIRECTION('',(0.,-1.,0.));
#5607=DIRECTION('',(0.,0.,-1.));
#5608=DIRECTION('',(0.,1.,0.));
#5609=DIRECTION('',(0.,0.,-1.));
#5610=DIRECTION('',(0.,1.,0.));
#5611=DIRECTION('',(0.,0.,-1.));
#5612=DIRECTION('',(0.,1.,0.));
#5613=DIRECTION('',(0.,0.,-1.));
#5614=DIRECTION('',(0.,1.,0.));
#5615=DIRECTION('',(0.,0.,-1.));
#5616=DIRECTION('',(0.,0.,1.));
#5617=DIRECTION('',(1.,0.,0.));
#5618=DIRECTION('',(0.,1.,0.));
#5619=DIRECTION('',(0.,0.,1.));
#5620=DIRECTION('',(0.,1.,0.));
#5621=DIRECTION('',(0.,-1.,0.));
#5622=DIRECTION('',(0.,0.,-1.));
#5623=DIRECTION('',(0.,1.,0.));
#5624=DIRECTION('',(0.,-1.,0.));
#5625=DIRECTION('',(0.,0.,-1.));
#5626=DIRECTION('',(-1.,0.,0.));
#5627=DIRECTION('',(0.,0.,1.));
#5628=DIRECTION('',(0.,1.,0.));
#5629=DIRECTION('',(0.,0.,1.));
#5630=DIRECTION('',(0.,0.,1.));
#5631=DIRECTION('',(0.,1.,0.));
#5632=DIRECTION('',(0.,0.,1.));
#5633=DIRECTION('',(0.,1.,0.));
#5634=DIRECTION('',(0.,-1.,0.));
#5635=DIRECTION('',(0.,0.,-1.));
#5636=DIRECTION('',(0.,-1.,0.));
#5637=DIRECTION('',(0.,0.,-1.));
#5638=DIRECTION('',(1.,0.,0.));
#5639=DIRECTION('',(0.,0.,-1.));
#5640=DIRECTION('',(0.,0.,-1.));
#5641=DIRECTION('',(0.,0.,-1.));
#5642=DIRECTION('',(0.,-1.,0.));
#5643=DIRECTION('',(0.,0.,1.));
#5644=DIRECTION('',(0.,0.,-1.));
#5645=DIRECTION('',(0.,-1.,0.));
#5646=DIRECTION('',(0.,0.,-1.));
#5647=DIRECTION('',(0.,0.,1.));
#5648=DIRECTION('',(0.,-1.,0.));
#5649=DIRECTION('',(0.,0.,-1.));
#5650=DIRECTION('',(0.,-1.,0.));
#5651=DIRECTION('',(0.,0.,1.));
#5652=DIRECTION('',(0.,-1.,0.));
#5653=DIRECTION('',(0.,0.,-1.));
#5654=DIRECTION('',(0.,0.,-1.));
#5655=DIRECTION('',(-1.,0.,0.));
#5656=DIRECTION('',(0.,0.,-1.));
#5657=DIRECTION('',(-1.,0.,0.));
#5658=DIRECTION('',(0.,0.,1.));
#5659=DIRECTION('',(1.,0.,0.));
#5660=DIRECTION('',(0.,0.,-1.));
#5661=DIRECTION('',(-1.,0.,0.));
#5662=DIRECTION('',(0.,0.,-1.));
#5663=DIRECTION('',(-1.,0.,0.));
#5664=DIRECTION('',(0.,0.,-1.));
#5665=DIRECTION('',(-1.,0.,0.));
#5666=DIRECTION('',(0.,-1.,0.));
#5667=DIRECTION('',(0.,0.,-1.));
#5668=DIRECTION('',(0.,0.,1.));
#5669=DIRECTION('',(1.,0.,0.));
#5670=DIRECTION('',(0.,0.,-1.));
#5671=DIRECTION('',(0.,-1.,0.));
#5672=DIRECTION('',(-1.,0.,0.));
#5673=DIRECTION('',(0.,1.,0.));
#5674=DIRECTION('',(-1.,0.,0.));
#5675=DIRECTION('',(0.,1.,0.));
#5676=DIRECTION('',(-1.,0.,0.));
#5677=DIRECTION('',(0.,-1.,0.));
#5678=DIRECTION('',(0.,0.,1.));
#5679=DIRECTION('',(0.,1.,0.));
#5680=DIRECTION('',(0.,0.,1.));
#5681=DIRECTION('',(-1.,0.,0.));
#5682=DIRECTION('',(0.,-1.,0.));
#5683=DIRECTION('',(0.,0.,1.));
#5684=DIRECTION('',(0.,0.,1.));
#5685=DIRECTION('',(0.,1.,0.));
#5686=DIRECTION('',(0.,-1.,0.));
#5687=DIRECTION('',(0.,0.,1.));
#5688=DIRECTION('',(-1.,0.,0.));
#5689=DIRECTION('',(0.,-1.,0.));
#5690=DIRECTION('',(0.,0.,1.));
#5691=DIRECTION('',(-1.,0.,0.));
#5692=DIRECTION('',(0.,0.,-1.));
#5693=DIRECTION('',(0.,-1.,0.));
#5694=DIRECTION('',(0.,0.,1.));
#5695=DIRECTION('',(1.,0.,0.));
#5696=DIRECTION('',(0.,0.,-1.));
#5697=DIRECTION('',(0.,-1.,0.));
#5698=DIRECTION('',(-1.,0.,0.));
#5699=DIRECTION('',(0.707106781186508,-0.707106781186587,0.));
#5700=DIRECTION('',(0.,1.,0.));
#5701=DIRECTION('',(-1.,0.,0.));
#5702=DIRECTION('',(0.,1.,0.));
#5703=DIRECTION('',(-0.707106781186508,-0.707106781186587,0.));
#5704=DIRECTION('',(-1.,0.,0.));
#5705=DIRECTION('',(0.,-1.,0.));
#5706=DIRECTION('',(0.,1.,0.));
#5707=DIRECTION('',(0.,0.,-1.));
#5708=DIRECTION('',(0.,0.,1.));
#5709=DIRECTION('',(0.,0.,-1.));
#5710=DIRECTION('',(0.,-1.,0.));
#5711=DIRECTION('',(0.,1.,0.));
#5712=DIRECTION('',(-0.707106781186508,0.707106781186587,0.));
#5713=DIRECTION('',(-1.,0.,0.));
#5714=DIRECTION('',(0.707106781186508,0.707106781186587,0.));
#5715=DIRECTION('',(-1.,0.,0.));
#5716=DIRECTION('',(-1.,0.,0.));
#5717=DIRECTION('',(0.,-1.,0.));
#5718=DIRECTION('',(0.,0.,1.));
#5719=DIRECTION('',(0.,0.,1.));
#5720=DIRECTION('',(0.,-1.,0.));
#5721=DIRECTION('',(0.,0.,1.));
#5722=DIRECTION('',(0.,-1.,0.));
#5723=DIRECTION('',(0.,0.,-1.));
#5724=DIRECTION('',(0.,0.,-1.));
#5725=DIRECTION('',(0.,0.,1.));
#5726=DIRECTION('',(0.,-1.,0.));
#5727=DIRECTION('',(0.,0.,1.));
#5728=DIRECTION('',(0.,-1.,0.));
#5729=DIRECTION('',(0.,0.,-1.));
#5730=DIRECTION('',(0.,1.,0.));
#5731=DIRECTION('',(0.,0.,-1.));
#5732=DIRECTION('',(0.,-1.,0.));
#5733=DIRECTION('',(0.,0.,-1.));
#5734=DIRECTION('',(0.,-1.,0.));
#5735=DIRECTION('',(0.,0.,-1.));
#5736=DIRECTION('',(0.707106781186587,0.707106781186508,0.));
#5737=DIRECTION('',(0.,0.,1.));
#5738=DIRECTION('',(0.707106781186587,-0.707106781186508,0.));
#5739=DIRECTION('',(0.,0.,-1.));
#5740=DIRECTION('',(0.,0.,1.));
#5741=DIRECTION('',(1.,0.,0.));
#5742=DIRECTION('',(0.,0.,1.));
#5743=DIRECTION('',(1.,0.,0.));
#5744=DIRECTION('',(1.,0.,0.));
#5745=DIRECTION('',(0.,1.,0.));
#5746=DIRECTION('',(1.,0.,0.));
#5747=DIRECTION('',(0.,1.,0.));
#5748=DIRECTION('',(-1.,0.,0.));
#5749=DIRECTION('',(0.,0.,1.));
#5750=DIRECTION('',(0.,0.,1.));
#5751=DIRECTION('',(0.,1.,0.));
#5752=DIRECTION('',(0.,0.,1.));
#5753=DIRECTION('',(0.,0.,-1.));
#5754=DIRECTION('',(-1.,0.,0.));
#5755=DIRECTION('',(-1.,0.,0.));
#5756=DIRECTION('',(0.,1.,0.));
#5757=DIRECTION('',(-1.,0.,0.));
#5758=DIRECTION('',(1.,0.,0.));
#5759=DIRECTION('',(0.,0.,-1.));
#5760=DIRECTION('',(0.,0.,-1.));
#5761=DIRECTION('',(0.,1.,0.));
#5762=DIRECTION('',(0.,0.,-1.));
#5763=DIRECTION('',(0.,0.,-1.));
#5764=DIRECTION('',(-1.,0.,0.));
#5765=DIRECTION('',(-1.,0.,0.));
#5766=DIRECTION('',(0.,1.,0.));
#5767=DIRECTION('',(-1.,0.,0.));
#5768=DIRECTION('',(1.,0.,0.));
#5769=DIRECTION('',(0.,0.,-1.));
#5770=DIRECTION('',(0.,0.,-1.));
#5771=DIRECTION('',(0.,0.,-1.));
#5772=DIRECTION('',(0.,-1.,0.));
#5773=DIRECTION('',(0.,0.,1.));
#5774=DIRECTION('',(0.,-1.,0.));
#5775=DIRECTION('',(0.,0.,1.));
#5776=DIRECTION('',(0.,0.,1.));
#5777=DIRECTION('',(1.,0.,0.));
#5778=DIRECTION('',(0.,1.,0.));
#5779=DIRECTION('',(-1.,0.,6.12323399573677E-17));
#5780=DIRECTION('',(0.,-1.,0.));
#5781=DIRECTION('',(1.,0.,-6.12323399573677E-17));
#5782=DIRECTION('',(0.,-1.,0.));
#5783=DIRECTION('',(1.,0.,-6.12323399573677E-17));
#5784=DIRECTION('',(0.,-1.,0.));
#5785=DIRECTION('',(-1.,0.,6.12323399573677E-17));
#5786=DIRECTION('',(0.,-1.,0.));
#5787=DIRECTION('',(-1.,0.,6.12323399573677E-17));
#5788=DIRECTION('',(0.,0.,1.));
#5789=DIRECTION('',(1.,0.,0.));
#5790=DIRECTION('',(0.,0.,-1.));
#5791=DIRECTION('',(0.,-1.,0.));
#5792=DIRECTION('',(-1.,0.,0.));
#5793=DIRECTION('',(0.,0.,-1.));
#5794=DIRECTION('',(-1.,0.,0.));
#5795=DIRECTION('',(-1.,0.,0.));
#5796=DIRECTION('',(0.,1.,0.));
#5797=DIRECTION('',(0.,0.,-1.));
#5798=DIRECTION('',(0.,-1.,0.));
#5799=DIRECTION('',(-1.,0.,0.));
#5800=DIRECTION('',(0.,0.,-1.));
#5801=DIRECTION('',(-1.,0.,0.));
#5802=DIRECTION('',(-1.,0.,0.));
#5803=DIRECTION('',(0.,1.,0.));
#5804=DIRECTION('',(-1.,0.,0.));
#5805=DIRECTION('',(0.,-1.,0.));
#5806=DIRECTION('',(0.,0.,1.));
#5807=DIRECTION('',(0.,0.,1.));
#5808=DIRECTION('',(0.,-1.,0.));
#5809=DIRECTION('',(0.,0.,1.));
#5810=DIRECTION('',(0.,0.,1.));
#5811=DIRECTION('',(0.,-1.,0.));
#5812=DIRECTION('',(0.,0.,1.));
#5813=DIRECTION('',(0.,0.,-1.));
#5814=DIRECTION('',(0.,0.,-1.));
#5815=DIRECTION('',(-1.,0.,0.));
#5816=DIRECTION('',(0.,0.,1.));
#5817=DIRECTION('',(1.,0.,0.));
#5818=DIRECTION('',(0.,0.,-1.));
#5819=DIRECTION('',(0.,-1.,0.));
#5820=DIRECTION('',(-1.,0.,0.));
#5821=DIRECTION('',(0.,1.,0.));
#5822=DIRECTION('',(-1.,0.,0.));
#5823=DIRECTION('',(0.,1.,0.));
#5824=DIRECTION('',(-1.,0.,0.));
#5825=DIRECTION('',(0.,-1.,0.));
#5826=DIRECTION('',(0.,0.,1.));
#5827=DIRECTION('',(0.,1.,0.));
#5828=DIRECTION('',(0.,0.,1.));
#5829=DIRECTION('',(0.,0.,-1.));
#5830=DIRECTION('',(0.,-1.,0.));
#5831=DIRECTION('',(-1.,0.,0.));
#5832=DIRECTION('',(0.,1.,0.));
#5833=DIRECTION('',(-1.,0.,0.));
#5834=DIRECTION('',(-1.,0.,0.));
#5835=DIRECTION('',(0.,-1.,0.));
#5836=DIRECTION('',(0.,0.,1.));
#5837=DIRECTION('',(0.,0.,1.));
#5838=DIRECTION('',(0.,-1.,0.));
#5839=DIRECTION('',(0.,0.,1.));
#5840=DIRECTION('',(0.,-1.,0.));
#5841=DIRECTION('',(0.,0.,1.));
#5842=DIRECTION('',(0.,0.,1.));
#5843=DIRECTION('',(1.,0.,0.));
#5844=DIRECTION('',(0.,1.,0.));
#5845=DIRECTION('',(0.,0.,-1.));
#5846=DIRECTION('',(0.,-1.,0.));
#5847=DIRECTION('',(0.,0.,1.));
#5848=DIRECTION('',(0.,-1.,0.));
#5849=DIRECTION('',(0.,0.,1.));
#5850=DIRECTION('',(0.,-1.,0.));
#5851=DIRECTION('',(0.,0.,1.));
#5852=DIRECTION('',(0.,-1.,0.));
#5853=DIRECTION('',(0.,0.,1.));
#5854=DIRECTION('',(0.,0.,1.));
#5855=DIRECTION('',(1.,0.,0.));
#5856=DIRECTION('',(0.,0.,-1.));
#5857=DIRECTION('',(0.,-1.,0.));
#5858=DIRECTION('',(-1.,0.,0.));
#5859=DIRECTION('',(0.,1.,0.));
#5860=DIRECTION('',(-1.,0.,0.));
#5861=DIRECTION('',(0.,1.,0.));
#5862=DIRECTION('',(-1.,0.,0.));
#5863=DIRECTION('',(0.,-1.,0.));
#5864=DIRECTION('',(0.,0.,1.));
#5865=DIRECTION('',(0.,1.,0.));
#5866=DIRECTION('',(0.,0.,1.));
#5867=DIRECTION('',(-1.,0.,0.));
#5868=DIRECTION('',(0.,-1.,0.));
#5869=DIRECTION('',(0.,0.,1.));
#5870=DIRECTION('',(0.,0.,1.));
#5871=DIRECTION('',(0.,1.,0.));
#5872=DIRECTION('',(0.,-1.,0.));
#5873=DIRECTION('',(0.,0.,1.));
#5874=DIRECTION('',(-1.,0.,0.));
#5875=DIRECTION('',(0.,-1.,0.));
#5876=DIRECTION('',(0.,0.,1.));
#5877=DIRECTION('',(-1.,0.,0.));
#5878=DIRECTION('',(0.,0.,-1.));
#5879=DIRECTION('',(0.,-1.,0.));
#5880=DIRECTION('',(0.,0.,1.));
#5881=DIRECTION('',(1.,0.,0.));
#5882=DIRECTION('',(0.,0.,-1.));
#5883=DIRECTION('',(0.,-1.,0.));
#5884=DIRECTION('',(-1.,0.,0.));
#5885=DIRECTION('',(0.,1.,0.));
#5886=DIRECTION('',(-1.,0.,0.));
#5887=DIRECTION('',(0.,1.,0.));
#5888=DIRECTION('',(-1.,0.,0.));
#5889=DIRECTION('',(0.,-1.,0.));
#5890=DIRECTION('',(0.,0.,1.));
#5891=DIRECTION('',(0.,1.,0.));
#5892=DIRECTION('',(0.,0.,1.));
#5893=DIRECTION('',(0.,0.,-1.));
#5894=DIRECTION('',(0.,-1.,0.));
#5895=DIRECTION('',(-1.,0.,0.));
#5896=DIRECTION('',(0.,1.,0.));
#5897=DIRECTION('',(-1.,0.,0.));
#5898=DIRECTION('',(-1.,0.,0.));
#5899=DIRECTION('',(0.,-1.,0.));
#5900=DIRECTION('',(0.,0.,1.));
#5901=DIRECTION('',(0.,0.,1.));
#5902=DIRECTION('',(0.,-1.,0.));
#5903=DIRECTION('',(0.,0.,1.));
#5904=DIRECTION('',(0.,-1.,0.));
#5905=DIRECTION('',(0.,0.,1.));
#5906=DIRECTION('',(0.,0.,1.));
#5907=DIRECTION('',(1.,0.,0.));
#5908=DIRECTION('',(0.,-1.,0.));
#5909=DIRECTION('',(0.,0.,1.));
#5910=DIRECTION('',(0.,-1.,0.));
#5911=DIRECTION('',(0.,0.,-1.));
#5912=DIRECTION('',(0.,-1.,0.));
#5913=DIRECTION('',(0.,0.,1.));
#5914=DIRECTION('',(0.,0.,1.));
#5915=DIRECTION('',(1.,0.,0.));
#5916=DIRECTION('',(0.,1.,0.));
#5917=DIRECTION('',(0.,0.,1.));
#5918=DIRECTION('',(0.,1.,0.));
#5919=DIRECTION('',(0.,0.,1.));
#5920=DIRECTION('',(0.,-1.,0.));
#5921=DIRECTION('',(0.,1.,0.));
#5922=DIRECTION('',(0.,0.,1.));
#5923=DIRECTION('',(0.,-1.,0.));
#5924=DIRECTION('',(0.,1.,0.));
#5925=DIRECTION('',(0.,0.,1.));
#5926=DIRECTION('',(0.,1.,0.));
#5927=DIRECTION('',(0.,0.,1.));
#5928=DIRECTION('',(0.,0.,1.));
#5929=DIRECTION('',(-1.,0.,6.12323399573677E-17));
#5930=DIRECTION('',(0.,1.,0.));
#5931=DIRECTION('',(0.,0.,1.));
#5932=DIRECTION('',(0.,1.,0.));
#5933=DIRECTION('',(0.,0.,1.));
#5934=DIRECTION('',(0.,-1.,0.));
#5935=DIRECTION('',(0.,-1.,0.));
#5936=DIRECTION('',(0.,1.,0.));
#5937=DIRECTION('',(0.,0.,1.));
#5938=DIRECTION('',(-1.,0.,6.12323399573677E-17));
#5939=DIRECTION('',(0.,0.,1.));
#5940=DIRECTION('',(6.12323399573677E-17,0.,1.));
#5941=DIRECTION('',(-1.,0.,6.12323399573677E-17));
#5942=DIRECTION('',(1.,0.,0.));
#5943=DIRECTION('',(0.,0.,1.));
#5944=DIRECTION('',(0.,0.,1.));
#5945=DIRECTION('',(1.,0.,0.));
#5946=DIRECTION('',(0.,0.,-1.));
#5947=DIRECTION('',(0.,-1.,0.));
#5948=DIRECTION('',(-0.707106781186548,0.,-0.707106781186548));
#5949=DIRECTION('',(0.707106781186548,0.,-0.707106781186548));
#5950=DIRECTION('',(0.707106781186548,0.,-0.707106781186548));
#5951=DIRECTION('',(-0.707106781186548,0.,-0.707106781186548));
#5952=DIRECTION('',(1.,0.,0.));
#5953=DIRECTION('',(0.,1.,0.));
#5954=DIRECTION('',(0.707106781186548,0.,-0.707106781186548));
#5955=DIRECTION('',(-0.707106781186548,0.,-0.707106781186548));
#5956=DIRECTION('',(0.,0.,-1.));
#5957=DIRECTION('',(0.,-1.,0.));
#5958=DIRECTION('',(-0.707106781186548,0.,-0.707106781186548));
#5959=DIRECTION('',(0.707106781186548,0.,-0.707106781186548));
#5960=DIRECTION('',(1.,0.,0.));
#5961=DIRECTION('',(0.,1.,0.));
#5962=DIRECTION('',(0.,0.,1.));
#5963=DIRECTION('',(1.,0.,0.));
#5964=DIRECTION('',(0.,1.,0.));
#5965=DIRECTION('',(0.,0.,-1.));
#5966=DIRECTION('',(0.,-1.,0.));
#5967=DIRECTION('',(0.,0.,1.));
#5968=DIRECTION('',(0.,-1.,0.));
#5969=DIRECTION('',(0.,0.,1.));
#5970=DIRECTION('',(0.,-1.,0.));
#5971=DIRECTION('',(0.,0.,1.));
#5972=DIRECTION('',(0.,-1.,0.));
#5973=DIRECTION('',(0.,0.,1.));
#5974=DIRECTION('',(0.,0.,1.));
#5975=DIRECTION('',(1.,0.,0.));
#5976=DIRECTION('',(0.,1.,0.));
#5977=DIRECTION('',(0.,0.,1.));
#5978=DIRECTION('',(0.,0.,1.));
#5979=DIRECTION('',(1.,0.,0.));
#5980=DIRECTION('',(0.,0.,-1.));
#5981=DIRECTION('',(0.,-1.,0.));
#5982=DIRECTION('',(0.,1.,0.));
#5983=DIRECTION('',(-1.,0.,0.));
#5984=DIRECTION('',(0.,1.,0.));
#5985=DIRECTION('',(-1.,0.,0.));
#5986=DIRECTION('',(0.,1.,0.));
#5987=DIRECTION('',(-1.,0.,0.));
#5988=DIRECTION('',(0.,0.,-1.));
#5989=DIRECTION('',(0.,-1.,0.));
#5990=DIRECTION('',(-1.,0.,0.));
#5991=DIRECTION('',(0.,1.,0.));
#5992=DIRECTION('',(-1.,0.,0.));
#5993=DIRECTION('',(0.,1.,0.));
#5994=DIRECTION('',(-1.,0.,0.));
#5995=DIRECTION('',(0.,-1.,0.));
#5996=DIRECTION('',(0.,0.,1.));
#5997=DIRECTION('',(0.,0.,1.));
#5998=DIRECTION('',(-1.,0.,0.));
#5999=DIRECTION('',(0.,-1.,0.));
#6000=DIRECTION('',(0.,-1.,0.));
#6001=DIRECTION('',(0.,0.,1.));
#6002=DIRECTION('',(0.,0.,1.));
#6003=DIRECTION('',(0.,0.,1.));
#6004=DIRECTION('',(0.,-1.,0.));
#6005=DIRECTION('',(0.,0.,1.));
#6006=DIRECTION('',(1.,0.,0.));
#6007=DIRECTION('',(0.,0.,-1.));
#6008=DIRECTION('',(0.,-1.,0.));
#6009=DIRECTION('',(0.,0.,1.));
#6010=DIRECTION('',(0.,-1.,0.));
#6011=DIRECTION('',(0.,0.,1.));
#6012=DIRECTION('',(0.,0.,1.));
#6013=DIRECTION('',(-1.,0.,0.));
#6014=DIRECTION('',(0.,0.,1.));
#6015=DIRECTION('',(-1.,0.,0.));
#6016=DIRECTION('',(-1.,0.,0.));
#6017=DIRECTION('',(0.,-1.,0.));
#6018=DIRECTION('',(0.,1.,0.));
#6019=DIRECTION('',(0.,0.,1.));
#6020=DIRECTION('',(0.,1.,0.));
#6021=DIRECTION('',(0.,0.,-1.));
#6022=DIRECTION('',(0.,-1.,0.));
#6023=DIRECTION('',(-1.,0.,0.));
#6024=DIRECTION('',(0.,1.,0.));
#6025=DIRECTION('',(0.,0.,-1.));
#6026=DIRECTION('',(0.,-1.,0.));
#6027=DIRECTION('',(0.,1.,0.));
#6028=DIRECTION('',(-1.,0.,0.));
#6029=DIRECTION('',(-1.,0.,0.));
#6030=DIRECTION('',(0.,-1.,0.));
#6031=DIRECTION('',(0.,0.,1.));
#6032=DIRECTION('',(0.,-1.,0.));
#6033=DIRECTION('',(0.,0.,1.));
#6034=DIRECTION('',(0.,0.,1.));
#6035=DIRECTION('',(1.,0.,0.));
#6036=DIRECTION('',(0.,1.,0.));
#6037=DIRECTION('',(0.,0.,-1.));
#6038=DIRECTION('',(0.,-1.,0.));
#6039=DIRECTION('',(0.,0.,1.));
#6040=DIRECTION('',(0.,-1.,0.));
#6041=DIRECTION('',(0.,0.,1.));
#6042=DIRECTION('',(0.,-1.,0.));
#6043=DIRECTION('',(0.,0.,1.));
#6044=DIRECTION('',(0.,-1.,0.));
#6045=DIRECTION('',(0.,0.,1.));
#6046=DIRECTION('',(0.,0.,1.));
#6047=DIRECTION('',(1.,0.,0.));
#6048=DIRECTION('',(0.,1.,0.));
#6049=DIRECTION('',(0.,0.,-1.));
#6050=DIRECTION('',(0.,-1.,0.));
#6051=DIRECTION('',(0.,0.,1.));
#6052=DIRECTION('',(0.,-1.,0.));
#6053=DIRECTION('',(0.,0.,1.));
#6054=DIRECTION('',(0.,-1.,0.));
#6055=DIRECTION('',(0.,0.,1.));
#6056=DIRECTION('',(0.,-1.,0.));
#6057=DIRECTION('',(0.,0.,1.));
#6058=DIRECTION('',(0.,0.,1.));
#6059=DIRECTION('',(1.,0.,0.));
#6060=DIRECTION('',(0.,1.,0.));
#6061=DIRECTION('',(0.,0.,1.));
#6062=DIRECTION('',(0.,1.,0.));
#6063=DIRECTION('',(0.,0.,1.));
#6064=DIRECTION('',(0.,1.,0.));
#6065=DIRECTION('',(0.,0.,1.));
#6066=DIRECTION('',(0.,0.,1.));
#6067=DIRECTION('',(1.,0.,0.));
#6068=DIRECTION('',(0.,0.,1.));
#6069=DIRECTION('',(1.,0.,0.));
#6070=DIRECTION('',(1.,0.,0.));
#6071=DIRECTION('',(0.,1.,0.));
#6072=DIRECTION('',(1.,0.,0.));
#6073=DIRECTION('',(0.,1.,0.));
#6074=DIRECTION('',(-1.,0.,0.));
#6075=DIRECTION('',(0.,0.,1.));
#6076=DIRECTION('',(0.,0.,1.));
#6077=DIRECTION('',(0.,1.,0.));
#6078=DIRECTION('',(0.,0.,1.));
#6079=DIRECTION('',(0.8,0.,-0.6));
#6080=DIRECTION('',(-0.6,0.,-0.8));
#6081=DIRECTION('',(-0.6,0.,-0.8));
#6082=DIRECTION('',(-0.6,0.,-0.8));
#6083=DIRECTION('',(0.,-1.,0.));
#6084=DIRECTION('',(0.,0.,1.));
#6085=DIRECTION('',(0.,-1.,0.));
#6086=DIRECTION('',(0.,0.,1.));
#6087=DIRECTION('',(0.,0.,1.));
#6088=DIRECTION('',(1.,0.,0.));
#6089=DIRECTION('',(0.,-1.,0.));
#6090=DIRECTION('',(0.,0.,1.));
#6091=DIRECTION('',(0.,0.,1.));
#6092=DIRECTION('',(-1.,0.,0.));
#6093=DIRECTION('',(0.,0.,1.));
#6094=DIRECTION('',(-1.,0.,0.));
#6095=DIRECTION('',(-1.,0.,0.));
#6096=DIRECTION('',(0.,-1.,0.));
#6097=DIRECTION('',(0.,1.,0.));
#6098=DIRECTION('',(0.,0.,1.));
#6099=DIRECTION('',(0.,1.,0.));
#6100=DIRECTION('',(0.,0.,1.));
#6101=DIRECTION('',(0.,1.,0.));
#6102=DIRECTION('',(0.,0.,1.));
#6103=DIRECTION('',(0.,1.,0.));
#6104=DIRECTION('',(0.,0.,-1.));
#6105=DIRECTION('',(0.,-1.,0.));
#6106=DIRECTION('',(-1.,0.,0.));
#6107=DIRECTION('',(0.,1.,0.));
#6108=DIRECTION('',(-1.,0.,0.));
#6109=DIRECTION('',(0.,-1.,0.));
#6110=DIRECTION('',(0.,0.,1.));
#6111=DIRECTION('',(0.,1.,0.));
#6112=DIRECTION('',(0.,0.,1.));
#6113=DIRECTION('',(0.,1.,0.));
#6114=DIRECTION('',(0.,0.,1.));
#6115=DIRECTION('',(0.,1.,0.));
#6116=DIRECTION('',(0.,0.,-1.));
#6117=DIRECTION('',(0.,-1.,0.));
#6118=DIRECTION('',(-1.,0.,0.));
#6119=DIRECTION('',(-1.,0.,0.));
#6120=DIRECTION('',(0.,-1.,0.));
#6121=DIRECTION('',(0.,0.,1.));
#6122=DIRECTION('',(-1.,0.,0.));
#6123=DIRECTION('',(0.,-1.,0.));
#6124=DIRECTION('',(0.,0.,1.));
#6125=DIRECTION('',(0.,0.,-1.));
#6126=DIRECTION('',(0.,-1.,0.));
#6127=DIRECTION('',(-1.,0.,0.));
#6128=DIRECTION('',(0.,0.,-1.));
#6129=DIRECTION('',(0.,-1.,0.));
#6130=DIRECTION('',(-1.,0.,0.));
#6131=DIRECTION('',(0.,-1.,0.));
#6132=DIRECTION('',(0.,0.,1.));
#6133=DIRECTION('',(0.,0.,1.));
#6134=DIRECTION('',(1.,0.,0.));
#6135=DIRECTION('',(0.,0.,-1.));
#6136=DIRECTION('',(0.,-1.,0.));
#6137=DIRECTION('',(-1.,0.,0.));
#6138=DIRECTION('',(0.,1.,0.));
#6139=DIRECTION('',(-1.,0.,0.));
#6140=DIRECTION('',(0.,1.,0.));
#6141=DIRECTION('',(-1.,0.,0.));
#6142=DIRECTION('',(0.,-1.,0.));
#6143=DIRECTION('',(0.,0.,1.));
#6144=DIRECTION('',(0.,1.,0.));
#6145=DIRECTION('',(0.,0.,1.));
#6146=DIRECTION('',(0.,0.,-1.));
#6147=DIRECTION('',(0.,-1.,0.));
#6148=DIRECTION('',(-1.,0.,0.));
#6149=DIRECTION('',(0.,1.,0.));
#6150=DIRECTION('',(-1.,0.,0.));
#6151=DIRECTION('',(-1.,0.,0.));
#6152=DIRECTION('',(0.,-1.,0.));
#6153=DIRECTION('',(0.,0.,1.));
#6154=DIRECTION('',(0.,0.,1.));
#6155=DIRECTION('',(0.,-1.,0.));
#6156=DIRECTION('',(0.,0.,1.));
#6157=DIRECTION('',(1.,0.,0.));
#6158=DIRECTION('',(0.,0.,-1.));
#6159=DIRECTION('',(1.,0.,0.));
#6160=DIRECTION('',(0.,0.,-1.));
#6161=DIRECTION('',(0.,-1.,0.));
#6162=DIRECTION('',(0.,0.,1.));
#6163=DIRECTION('',(0.,0.,-1.));
#6164=DIRECTION('',(1.,0.,0.));
#6165=DIRECTION('',(0.,0.,-1.));
#6166=DIRECTION('',(1.,0.,0.));
#6167=DIRECTION('',(0.,0.,-1.));
#6168=DIRECTION('',(0.,-1.,0.));
#6169=DIRECTION('',(0.,1.,0.));
#6170=DIRECTION('',(0.,1.,0.));
#6171=DIRECTION('',(-1.,0.,0.));
#6172=DIRECTION('',(0.,-1.,0.));
#6173=DIRECTION('',(0.,1.,0.));
#6174=DIRECTION('',(0.,0.,-1.));
#6175=DIRECTION('',(0.,-1.,0.));
#6176=DIRECTION('',(0.,1.,0.));
#6177=DIRECTION('',(-1.,0.,0.));
#6178=DIRECTION('',(0.,-1.,0.));
#6179=DIRECTION('',(0.,0.,1.));
#6180=DIRECTION('',(1.,0.,0.));
#6181=DIRECTION('',(0.,1.,0.));
#6182=DIRECTION('',(-1.22464679914735E-16,0.,-1.));
#6183=DIRECTION('',(0.,-1.,0.));
#6184=DIRECTION('',(1.22464679914735E-16,0.,1.));
#6185=DIRECTION('',(0.,-1.,0.));
#6186=DIRECTION('',(1.22464679914735E-16,0.,1.));
#6187=DIRECTION('',(0.,-1.,0.));
#6188=DIRECTION('',(-1.22464679914735E-16,0.,-1.));
#6189=DIRECTION('',(0.,-1.,0.));
#6190=DIRECTION('',(-1.22464679914735E-16,0.,-1.));
#6191=DIRECTION('',(0.,0.,1.));
#6192=DIRECTION('',(1.,0.,0.));
#6193=DIRECTION('',(0.,1.,0.));
#6194=DIRECTION('',(0.,0.,-1.));
#6195=DIRECTION('',(0.,-1.,0.));
#6196=DIRECTION('',(0.,0.,1.));
#6197=DIRECTION('',(0.,-1.,0.));
#6198=DIRECTION('',(0.,0.,1.));
#6199=DIRECTION('',(0.,-1.,0.));
#6200=DIRECTION('',(0.,0.,1.));
#6201=DIRECTION('',(0.,-1.,0.));
#6202=DIRECTION('',(0.,0.,1.));
#6203=DIRECTION('',(0.,0.,1.));
#6204=DIRECTION('',(1.,0.,0.));
#6205=DIRECTION('',(0.,0.,-1.));
#6206=DIRECTION('',(0.,-1.,0.));
#6207=DIRECTION('',(-1.,0.,0.));
#6208=DIRECTION('',(0.,1.,0.));
#6209=DIRECTION('',(-1.,0.,0.));
#6210=DIRECTION('',(0.,1.,0.));
#6211=DIRECTION('',(-1.,0.,0.));
#6212=DIRECTION('',(0.,-1.,0.));
#6213=DIRECTION('',(0.,0.,1.));
#6214=DIRECTION('',(0.,1.,0.));
#6215=DIRECTION('',(0.,0.,1.));
#6216=DIRECTION('',(0.,0.,-1.));
#6217=DIRECTION('',(0.,-1.,0.));
#6218=DIRECTION('',(-1.,0.,0.));
#6219=DIRECTION('',(0.242535625034957,-0.970142500145676,0.));
#6220=DIRECTION('',(-1.,0.,0.));
#6221=DIRECTION('',(-1.,0.,0.));
#6222=DIRECTION('',(0.,-1.,0.));
#6223=DIRECTION('',(0.,0.,1.));
#6224=DIRECTION('',(0.,0.970142500145357,0.242535625036233));
#6225=DIRECTION('',(0.,0.,1.));
#6226=DIRECTION('',(0.,-1.,0.));
#6227=DIRECTION('',(0.,0.,1.));
#6228=DIRECTION('',(0.,-1.,0.));
#6229=DIRECTION('',(0.,0.,1.));
#6230=DIRECTION('',(0.,0.,1.));
#6231=DIRECTION('',(1.,0.,0.));
#6232=DIRECTION('',(0.,-1.,0.));
#6233=DIRECTION('',(0.,0.,1.));
#6234=DIRECTION('',(0.,1.,0.));
#6235=DIRECTION('',(0.,0.,1.));
#6236=DIRECTION('',(0.,-1.,0.));
#6237=DIRECTION('',(0.,0.,-1.));
#6238=DIRECTION('',(0.,1.,0.));
#6239=DIRECTION('',(0.,0.,-1.));
#6240=DIRECTION('',(0.,0.,1.));
#6241=DIRECTION('',(1.,0.,0.));
#6242=DIRECTION('',(-0.996848672150329,-0.0793266968436585,0.));
#6243=DIRECTION('',(0.0793266968436585,-0.996848672150329,0.));
#6244=DIRECTION('',(-0.996848672150329,-0.0793266968436585,0.));
#6245=DIRECTION('',(0.0793266968436585,-0.996848672150329,0.));
#6246=DIRECTION('',(-0.996848672150329,-0.0793266968436585,0.));
#6247=DIRECTION('',(0.,0.,1.));
#6248=DIRECTION('',(-0.996848672150329,-0.0793266968436585,0.));
#6249=DIRECTION('',(0.,0.,1.));
#6250=DIRECTION('',(0.,0.,1.));
#6251=DIRECTION('',(1.,0.,0.));
#6252=DIRECTION('',(0.,0.,-1.));
#6253=DIRECTION('',(0.,-1.,0.));
#6254=DIRECTION('',(-1.,0.,0.));
#6255=DIRECTION('',(0.,1.,0.));
#6256=DIRECTION('',(-1.,0.,0.));
#6257=DIRECTION('',(0.,1.,0.));
#6258=DIRECTION('',(-1.,0.,0.));
#6259=DIRECTION('',(0.,-1.,0.));
#6260=DIRECTION('',(0.,0.,1.));
#6261=DIRECTION('',(0.,1.,0.));
#6262=DIRECTION('',(0.,0.,1.));
#6263=DIRECTION('',(0.,1.,0.));
#6264=DIRECTION('',(0.,0.,-1.));
#6265=DIRECTION('',(0.,-1.,0.));
#6266=DIRECTION('',(0.,0.,-1.));
#6267=DIRECTION('',(-1.,0.,0.));
#6268=DIRECTION('',(-1.,0.,0.));
#6269=DIRECTION('',(0.,1.,0.));
#6270=DIRECTION('',(-1.,0.,0.));
#6271=DIRECTION('',(-1.,0.,0.));
#6272=DIRECTION('',(0.,-1.,0.));
#6273=DIRECTION('',(0.,0.,1.));
#6274=DIRECTION('',(-1.,0.,0.));
#6275=DIRECTION('',(0.,0.,1.));
#6276=DIRECTION('',(0.,0.,1.));
#6277=DIRECTION('',(0.,-1.,0.));
#6278=DIRECTION('',(0.,0.,1.));
#6279=DIRECTION('',(0.,-1.,0.));
#6280=DIRECTION('',(0.,0.,-1.));
#6281=DIRECTION('',(0.,-1.,0.));
#6282=DIRECTION('',(0.,0.,1.));
#6283=DIRECTION('',(0.,0.,1.));
#6284=DIRECTION('',(-1.,0.,0.));
#6285=DIRECTION('',(0.,0.,1.));
#6286=DIRECTION('',(1.,0.,0.));
#6287=DIRECTION('',(0.,0.,-1.));
#6288=DIRECTION('',(-1.,0.,0.));
#6289=DIRECTION('',(1.,0.,0.));
#6290=DIRECTION('',(0.,0.,-1.));
#6291=DIRECTION('',(1.,0.,0.));
#6292=DIRECTION('',(0.,0.,-1.));
#6293=DIRECTION('',(0.,1.,0.));
#6294=DIRECTION('',(0.,0.,1.));
#6295=DIRECTION('',(0.,1.,0.));
#6296=DIRECTION('',(0.,0.,1.));
#6297=DIRECTION('',(0.,-1.,0.));
#6298=DIRECTION('',(0.,0.,-1.));
#6299=DIRECTION('',(0.,0.,1.));
#6300=DIRECTION('',(1.,0.,0.));
#6301=DIRECTION('',(0.,0.316227766016838,0.948683298050514));
#6302=DIRECTION('',(0.,-0.948683298050514,0.316227766016838));
#6303=DIRECTION('',(-1.,0.,0.));
#6304=DIRECTION('',(0.301511344577764,-0.904534033733291,0.301511344577764));
#6305=DIRECTION('',(-1.,0.,0.));
#6306=DIRECTION('',(-0.301511344577764,-0.904534033733291,0.301511344577764));
#6307=DIRECTION('',(0.948683298050514,0.316227766016838,0.));
#6308=DIRECTION('',(-0.316227766016838,0.948683298050514,0.));
#6309=DIRECTION('',(0.,0.,1.));
#6310=DIRECTION('',(0.301511344577764,-0.904534033733291,-0.301511344577764));
#6311=DIRECTION('',(0.,0.,1.));
#6312=DIRECTION('',(0.,-0.316227766016838,0.948683298050514));
#6313=DIRECTION('',(0.,-0.948683298050514,-0.316227766016838));
#6314=DIRECTION('',(-1.,0.,0.));
#6315=DIRECTION('',(-0.301511344577764,-0.904534033733291,-0.301511344577764));
#6316=DIRECTION('',(-1.,0.,0.));
#6317=DIRECTION('',(0.948683298050514,-0.316227766016838,0.));
#6318=DIRECTION('',(0.316227766016838,0.948683298050514,0.));
#6319=DIRECTION('',(0.,0.,1.));
#6320=DIRECTION('',(0.,0.,1.));
#6321=DIRECTION('',(0.,-1.,0.));
#6322=DIRECTION('',(0.,0.,1.));
#6323=DIRECTION('',(0.,-1.,0.));
#6324=DIRECTION('',(0.,0.,1.));
#6325=DIRECTION('',(0.,0.,1.));
#6326=DIRECTION('',(1.,0.,0.));
#6327=DIRECTION('',(0.,0.,-1.));
#6328=DIRECTION('',(0.,-1.,0.));
#6329=DIRECTION('',(-1.,0.,0.));
#6330=DIRECTION('',(0.,1.,0.));
#6331=DIRECTION('',(-1.,0.,0.));
#6332=DIRECTION('',(0.,1.,0.));
#6333=DIRECTION('',(-1.,0.,0.));
#6334=DIRECTION('',(0.,-1.,0.));
#6335=DIRECTION('',(0.,0.,1.));
#6336=DIRECTION('',(0.,1.,0.));
#6337=DIRECTION('',(0.,0.,1.));
#6338=DIRECTION('',(0.,0.,-1.));
#6339=DIRECTION('',(0.,-1.,0.));
#6340=DIRECTION('',(-1.,0.,0.));
#6341=DIRECTION('',(0.,1.,0.));
#6342=DIRECTION('',(-1.,0.,0.));
#6343=DIRECTION('',(-1.,0.,0.));
#6344=DIRECTION('',(0.,-1.,0.));
#6345=DIRECTION('',(0.,0.,1.));
#6346=DIRECTION('',(0.,0.,1.));
#6347=DIRECTION('',(0.,-1.,0.));
#6348=DIRECTION('',(0.,0.,1.));
#6349=DIRECTION('',(0.,-1.,0.));
#6350=DIRECTION('',(0.,0.,1.));
#6351=DIRECTION('',(0.,0.,1.));
#6352=DIRECTION('',(1.,0.,0.));
#6353=DIRECTION('',(0.,-1.,0.));
#6354=DIRECTION('',(0.,0.,1.));
#6355=DIRECTION('',(-1.,0.,0.));
#6356=DIRECTION('',(0.,0.,1.));
#6357=DIRECTION('',(-1.,0.,0.));
#6358=DIRECTION('',(0.,0.,1.));
#6359=DIRECTION('',(0.,0.,1.));
#6360=DIRECTION('',(-1.,0.,0.));
#6361=DIRECTION('',(0.,0.,1.));
#6362=DIRECTION('',(-1.,0.,0.));
#6363=DIRECTION('',(0.,0.,-1.));
#6364=DIRECTION('',(0.,-1.,0.));
#6365=DIRECTION('',(-1.,0.,0.));
#6366=DIRECTION('',(0.,1.,0.));
#6367=DIRECTION('',(0.,1.,0.));
#6368=DIRECTION('',(-1.,0.,0.));
#6369=DIRECTION('',(0.,-1.,0.));
#6370=DIRECTION('',(0.,0.,1.));
#6371=DIRECTION('',(0.,1.,0.));
#6372=DIRECTION('',(0.,0.,-1.));
#6373=DIRECTION('',(0.,-1.,0.));
#6374=DIRECTION('',(-1.,0.,0.));
#6375=DIRECTION('',(0.,1.,0.));
#6376=DIRECTION('',(-1.,0.,0.));
#6377=DIRECTION('',(0.,-1.,0.));
#6378=DIRECTION('',(0.,0.,1.));
#6379=DIRECTION('',(0.,-1.,0.));
#6380=DIRECTION('',(0.,0.,1.));
#6381=DIRECTION('',(0.,0.,-1.));
#6382=DIRECTION('',(0.,-1.,0.));
#6383=DIRECTION('',(-1.,0.,0.));
#6384=DIRECTION('',(0.,1.,0.));
#6385=DIRECTION('',(0.,1.,0.));
#6386=DIRECTION('',(-1.,0.,0.));
#6387=DIRECTION('',(0.,-1.,0.));
#6388=DIRECTION('',(0.,0.,1.));
#6389=DIRECTION('',(0.,1.,0.));
#6390=DIRECTION('',(0.,0.,-1.));
#6391=DIRECTION('',(0.,-1.,0.));
#6392=DIRECTION('',(-1.,0.,0.));
#6393=DIRECTION('',(0.,1.,0.));
#6394=DIRECTION('',(-1.,0.,0.));
#6395=DIRECTION('',(0.,-1.,0.));
#6396=DIRECTION('',(0.,0.,1.));
#6397=DIRECTION('',(0.,-1.,0.));
#6398=DIRECTION('',(0.,0.,1.));
#6399=DIRECTION('',(0.,0.,1.));
#6400=DIRECTION('',(1.,0.,0.));
#6401=DIRECTION('',(0.,1.,0.));
#6402=DIRECTION('',(0.,0.,1.));
#6403=DIRECTION('',(0.,-1.,0.));
#6404=DIRECTION('',(0.,0.,-1.));
#6405=DIRECTION('',(0.,-1.,0.));
#6406=DIRECTION('',(0.,0.,-1.));
#6407=DIRECTION('',(0.,-1.,0.));
#6408=DIRECTION('',(0.,0.,1.));
#6409=DIRECTION('',(0.,-1.,0.));
#6410=DIRECTION('',(0.,0.,-1.));
#6411=DIRECTION('',(0.,-1.,0.));
#6412=DIRECTION('',(0.,0.,1.));
#6413=DIRECTION('',(0.,1.,0.));
#6414=DIRECTION('',(0.,0.,1.));
#6415=CARTESIAN_POINT('',(0.,0.,0.));
#6416=CARTESIAN_POINT('',(0.498,-0.003,0.002));
#6417=CARTESIAN_POINT('',(0.498,0.,0.002));
#6418=CARTESIAN_POINT('',(0.496,0.,0.002));
#6419=CARTESIAN_POINT('',(0.5,0.,0.002));
#6420=CARTESIAN_POINT('',(0.5,-0.003,0.002));
#6421=CARTESIAN_POINT('',(0.5,-0.003,0.002));
#6422=CARTESIAN_POINT('',(0.498,-0.003,0.002));
#6423=CARTESIAN_POINT('',(0.496,-0.003,0.002));
#6424=CARTESIAN_POINT('',(0.496,-0.003,0.002));
#6425=CARTESIAN_POINT('',(0.5,-0.003,0.006));
#6426=CARTESIAN_POINT('',(0.5,0.,0.006));
#6427=CARTESIAN_POINT('',(0.5,0.,0.01));
#6428=CARTESIAN_POINT('',(0.5,-0.003,0.01));
#6429=CARTESIAN_POINT('',(0.5,-0.003,0.01));
#6430=CARTESIAN_POINT('',(0.5,-0.003,0.006));
#6431=CARTESIAN_POINT('',(0.498,-0.003,0.01));
#6432=CARTESIAN_POINT('',(0.498,0.,0.01));
#6433=CARTESIAN_POINT('',(0.496,0.,0.01));
#6434=CARTESIAN_POINT('',(0.496,-0.003,0.01));
#6435=CARTESIAN_POINT('',(0.496,-0.003,0.01));
#6436=CARTESIAN_POINT('',(0.498,-0.003,0.01));
#6437=CARTESIAN_POINT('',(0.496,-0.003,0.006));
#6438=CARTESIAN_POINT('',(0.496,0.,0.006));
#6439=CARTESIAN_POINT('',(0.496,-0.003,0.006));
#6440=CARTESIAN_POINT('',(0.498,-0.003,0.006));
#6441=CARTESIAN_POINT('',(0.498,0.,0.006));
#6442=CARTESIAN_POINT('',(0.,0.,0.));
#6443=CARTESIAN_POINT('',(1.747,-0.004,-0.002));
#6444=CARTESIAN_POINT('',(1.747,0.,-0.002));
#6445=CARTESIAN_POINT('',(1.744,0.,-0.002));
#6446=CARTESIAN_POINT('',(1.75,0.,-0.002));
#6447=CARTESIAN_POINT('',(1.744,-0.004,-0.002));
#6448=CARTESIAN_POINT('',(1.744,-0.004,-0.002));
#6449=CARTESIAN_POINT('',(1.747,-0.004,-0.002));
#6450=CARTESIAN_POINT('',(1.75,-0.004,-0.002));
#6451=CARTESIAN_POINT('',(1.75,-0.004,-0.002));
#6452=CARTESIAN_POINT('',(1.75,-0.004,-0.006));
#6453=CARTESIAN_POINT('',(1.75,0.,-0.006));
#6454=CARTESIAN_POINT('',(1.75,0.,-0.00999999999999989));
#6455=CARTESIAN_POINT('',(1.75,-0.004,-0.006));
#6456=CARTESIAN_POINT('',(1.75,-0.004,-0.00999999999999989));
#6457=CARTESIAN_POINT('',(1.75,-0.004,-0.00999999999999989));
#6458=CARTESIAN_POINT('',(1.747,-0.004,-0.00599999999999989));
#6459=CARTESIAN_POINT('',(1.747,0.,-0.00599999999999989));
#6460=CARTESIAN_POINT('',(1.747,-0.004,-0.00599999999999989));
#6461=CARTESIAN_POINT('',(1.747,-0.004,-0.006));
#6462=CARTESIAN_POINT('',(1.747,0.,-0.006));
#6463=CARTESIAN_POINT('',(0.,0.,0.));
#6464=CARTESIAN_POINT('',(1.508,-0.004,0.));
#6465=CARTESIAN_POINT('',(1.508,-0.004,0.));
#6466=CARTESIAN_POINT('',(1.506,-0.004,3.67394039744206E-19));
#6467=CARTESIAN_POINT('',(1.508,0.,0.));
#6468=CARTESIAN_POINT('',(1.506,0.,3.67394039744206E-19));
#6469=CARTESIAN_POINT('',(1.508,-0.004,0.));
#6470=CARTESIAN_POINT('',(1.508,0.,0.));
#6471=CARTESIAN_POINT('',(0.,0.,0.));
#6472=CARTESIAN_POINT('',(0.242,0.734,0.));
#6473=CARTESIAN_POINT('',(0.242,0.75,0.));
#6474=CARTESIAN_POINT('',(0.246,0.75,0.));
#6475=CARTESIAN_POINT('',(0.234,0.75,0.));
#6476=CARTESIAN_POINT('',(0.246,0.734,0.));
#6477=CARTESIAN_POINT('',(0.246,0.734,0.));
#6478=CARTESIAN_POINT('',(0.242,0.734,0.));
#6479=CARTESIAN_POINT('',(0.234,0.734,0.));
#6480=CARTESIAN_POINT('',(0.234,0.734,0.));
#6481=CARTESIAN_POINT('',(0.242,0.734,0.016));
#6482=CARTESIAN_POINT('',(0.242,0.734,0.016));
#6483=CARTESIAN_POINT('',(0.238,0.734,0.016));
#6484=CARTESIAN_POINT('',(0.234,0.734,0.016));
#6485=CARTESIAN_POINT('',(0.238,0.734,0.016));
#6486=CARTESIAN_POINT('',(0.238,0.75,0.016));
#6487=CARTESIAN_POINT('',(0.242,0.75,0.016));
#6488=CARTESIAN_POINT('',(0.234,0.75,0.016));
#6489=CARTESIAN_POINT('',(0.234,0.734,0.016));
#6490=CARTESIAN_POINT('',(0.234,0.734,0.008));
#6491=CARTESIAN_POINT('',(0.234,0.75,0.008));
#6492=CARTESIAN_POINT('',(0.234,0.734,0.008));
#6493=CARTESIAN_POINT('',(0.242,0.734,0.008));
#6494=CARTESIAN_POINT('',(0.246,0.734,0.004));
#6495=CARTESIAN_POINT('',(0.25,0.734,0.004));
#6496=CARTESIAN_POINT('',(0.238,0.734,0.004));
#6497=CARTESIAN_POINT('',(0.242,0.75,0.008));
#6498=CARTESIAN_POINT('',(0.238,0.75,0.004));
#6499=CARTESIAN_POINT('',(0.25,0.75,0.004));
#6500=CARTESIAN_POINT('',(0.246,0.75,0.004));
#6501=CARTESIAN_POINT('',(0.246,0.734,0.004));
#6502=CARTESIAN_POINT('',(0.25,0.75,0.004));
#6503=CARTESIAN_POINT('',(0.238,0.734,0.004));
#6504=CARTESIAN_POINT('',(0.,0.,0.));
#6505=CARTESIAN_POINT('',(0.246,0.242,0.));
#6506=CARTESIAN_POINT('',(0.246,0.25,0.));
#6507=CARTESIAN_POINT('',(0.25,0.25,0.));
#6508=CARTESIAN_POINT('',(0.242,0.25,0.));
#6509=CARTESIAN_POINT('',(0.25,0.242,0.));
#6510=CARTESIAN_POINT('',(0.25,0.242,0.));
#6511=CARTESIAN_POINT('',(0.246,0.242,0.));
#6512=CARTESIAN_POINT('',(0.242,0.242,0.));
#6513=CARTESIAN_POINT('',(0.242,0.242,0.));
#6514=CARTESIAN_POINT('',(0.25,0.242,0.004));
#6515=CARTESIAN_POINT('',(0.25,0.25,0.004));
#6516=CARTESIAN_POINT('',(0.25,0.25,0.016));
#6517=CARTESIAN_POINT('',(0.25,0.242,0.016));
#6518=CARTESIAN_POINT('',(0.25,0.242,0.016));
#6519=CARTESIAN_POINT('',(0.25,0.242,0.004));
#6520=CARTESIAN_POINT('',(0.242,0.242,0.004));
#6521=CARTESIAN_POINT('',(0.242,0.25,0.004));
#6522=CARTESIAN_POINT('',(0.242,0.25,0.016));
#6523=CARTESIAN_POINT('',(0.242,0.242,0.004));
#6524=CARTESIAN_POINT('',(0.242,0.242,0.016));
#6525=CARTESIAN_POINT('',(0.242,0.242,0.016));
#6526=CARTESIAN_POINT('',(0.246,0.242,0.004));
#6527=CARTESIAN_POINT('',(0.246,0.242,0.016));
#6528=CARTESIAN_POINT('',(0.246,0.25,0.004));
#6529=CARTESIAN_POINT('',(0.246,0.25,0.016));
#6530=CARTESIAN_POINT('',(0.246,0.242,0.016));
#6531=CARTESIAN_POINT('',(0.,0.,0.));
#6532=CARTESIAN_POINT('',(1.49599999999953,0.996,0.));
#6533=CARTESIAN_POINT('',(1.49599999999953,1.,0.));
#6534=CARTESIAN_POINT('',(1.492,1.,0.));
#6535=CARTESIAN_POINT('',(1.49999999999907,1.,0.));
#6536=CARTESIAN_POINT('',(1.49999999999907,0.996,0.));
#6537=CARTESIAN_POINT('',(1.49999999999907,0.996,0.));
#6538=CARTESIAN_POINT('',(1.49599999999953,0.996,0.));
#6539=CARTESIAN_POINT('',(1.492,0.996,0.));
#6540=CARTESIAN_POINT('',(1.492,0.996,0.));
#6541=CARTESIAN_POINT('',(1.5,0.996,0.008));
#6542=CARTESIAN_POINT('',(1.5,1.,0.008));
#6543=CARTESIAN_POINT('',(1.5,1.,0.016));
#6544=CARTESIAN_POINT('',(1.5,0.996,0.016));
#6545=CARTESIAN_POINT('',(1.5,0.996,0.016));
#6546=CARTESIAN_POINT('',(1.5,0.996,0.008));
#6547=CARTESIAN_POINT('',(1.496,0.996,0.016));
#6548=CARTESIAN_POINT('',(1.496,1.,0.016));
#6549=CARTESIAN_POINT('',(1.492,1.,0.016));
#6550=CARTESIAN_POINT('',(1.492,0.996,0.016));
#6551=CARTESIAN_POINT('',(1.492,0.996,0.016));
#6552=CARTESIAN_POINT('',(1.496,0.996,0.016));
#6553=CARTESIAN_POINT('',(1.492,0.996,0.008));
#6554=CARTESIAN_POINT('',(1.492,1.,0.008));
#6555=CARTESIAN_POINT('',(1.492,0.996,0.008));
#6556=CARTESIAN_POINT('',(1.496,0.996,0.008));
#6557=CARTESIAN_POINT('',(1.496,1.,0.008));
#6558=CARTESIAN_POINT('',(0.,0.,0.));
#6559=CARTESIAN_POINT('',(0.25,0.488,0.));
#6560=CARTESIAN_POINT('',(0.25,0.488,0.));
#6561=CARTESIAN_POINT('',(0.25,0.488,0.008));
#6562=CARTESIAN_POINT('',(0.25,0.512,0.));
#6563=CARTESIAN_POINT('',(0.25,0.512,0.008));
#6564=CARTESIAN_POINT('',(0.248400232189281,0.496219884460554,0.00788692226930085));
#6565=CARTESIAN_POINT('',(0.250000961411039,0.495890371419728,0.00805639230053393));
#6566=CARTESIAN_POINT('',(0.251595922166564,0.496218629860532,0.00788750852856342));
#6567=CARTESIAN_POINT('',(0.252900963158145,0.497104194406895,0.00748685746775585));
#6568=CARTESIAN_POINT('',(0.253778653774661,0.498401899236227,0.00706197645170557));
#6569=CARTESIAN_POINT('',(0.254109238985484,0.499988076283758,0.00686209649226482));
#6570=CARTESIAN_POINT('',(0.253784323642109,0.501589237890958,0.00705889543618641));
#6571=CARTESIAN_POINT('',(0.252904733303813,0.502891929259456,0.00748543316407724));
#6572=CARTESIAN_POINT('',(0.251602946168834,0.503777892535302,0.00788577361929073));
#6573=CARTESIAN_POINT('',(0.250012818621111,0.504109019193992,0.00805611400122187));
#6574=CARTESIAN_POINT('',(0.248412374784887,0.503785938293711,0.0078897241783789));
#6575=CARTESIAN_POINT('',(0.247101481276716,0.502898809781836,0.00748798910245015));
#6576=CARTESIAN_POINT('',(0.246221689305626,0.501599930716368,0.00706219489684802));
#6577=CARTESIAN_POINT('',(0.245891048385518,0.500011357323699,0.00686222251032884));
#6578=CARTESIAN_POINT('',(0.246214190188361,0.498413849156475,0.00705817661079285));
#6579=CARTESIAN_POINT('',(0.247097010290492,0.497105680071961,0.00748614634863889));
#6580=CARTESIAN_POINT('',(0.248400232189281,0.496219884460554,0.00788692226930085));
#6581=CARTESIAN_POINT('',(0.250000961411039,0.495890371419728,0.00805639230053393));
#6582=CARTESIAN_POINT('',(0.251595922166564,0.496218629860532,0.00788750852856342));
#6583=CARTESIAN_POINT('',(0.25,0.496,0.008));
#6584=CARTESIAN_POINT('',(0.25,0.488,0.));
#6585=CARTESIAN_POINT('',(0.25,0.512,0.));
#6586=CARTESIAN_POINT('',(0.25,0.5,0.016));
#6587=CARTESIAN_POINT('',(0.25,0.5,0.016));
#6588=CARTESIAN_POINT('',(0.25,0.504,0.016));
#6589=CARTESIAN_POINT('',(0.25,0.5,0.016));
#6590=CARTESIAN_POINT('',(0.,0.,0.));
#6591=CARTESIAN_POINT('',(0.748,0.996,0.));
#6592=CARTESIAN_POINT('',(0.748,1.,0.));
#6593=CARTESIAN_POINT('',(0.75,1.,0.));
#6594=CARTESIAN_POINT('',(0.746,1.,0.));
#6595=CARTESIAN_POINT('',(0.75,0.996,0.));
#6596=CARTESIAN_POINT('',(0.75,0.996,0.));
#6597=CARTESIAN_POINT('',(0.748,0.996,0.));
#6598=CARTESIAN_POINT('',(0.746,0.996,0.));
#6599=CARTESIAN_POINT('',(0.746,0.996,0.));
#6600=CARTESIAN_POINT('',(0.75,0.996,0.00415));
#6601=CARTESIAN_POINT('',(0.75,1.,0.00415));
#6602=CARTESIAN_POINT('',(0.75,1.,0.016));
#6603=CARTESIAN_POINT('',(0.75,0.996,0.016));
#6604=CARTESIAN_POINT('',(0.75,0.996,0.016));
#6605=CARTESIAN_POINT('',(0.75,0.996,0.00415));
#6606=CARTESIAN_POINT('',(0.746,0.996,0.00415));
#6607=CARTESIAN_POINT('',(0.746,1.,0.00415));
#6608=CARTESIAN_POINT('',(0.746,1.,0.016));
#6609=CARTESIAN_POINT('',(0.746,0.996,0.00415));
#6610=CARTESIAN_POINT('',(0.746,0.996,0.016));
#6611=CARTESIAN_POINT('',(0.746,0.996,0.016));
#6612=CARTESIAN_POINT('',(0.748,0.996,0.00415));
#6613=CARTESIAN_POINT('',(0.748,0.996,0.016));
#6614=CARTESIAN_POINT('',(0.748,1.,0.00415));
#6615=CARTESIAN_POINT('',(0.748,1.,0.016));
#6616=CARTESIAN_POINT('',(0.748,0.996,0.016));
#6617=CARTESIAN_POINT('',(0.,0.,0.));
#6618=CARTESIAN_POINT('',(0.998,0.996,0.));
#6619=CARTESIAN_POINT('',(0.998,1.,0.));
#6620=CARTESIAN_POINT('',(1.,1.,0.));
#6621=CARTESIAN_POINT('',(0.996,1.,0.));
#6622=CARTESIAN_POINT('',(1.,0.996,0.));
#6623=CARTESIAN_POINT('',(1.,0.996,0.));
#6624=CARTESIAN_POINT('',(0.998,0.996,0.));
#6625=CARTESIAN_POINT('',(0.996,0.996,0.));
#6626=CARTESIAN_POINT('',(0.996,0.996,0.));
#6627=CARTESIAN_POINT('',(1.,0.996,0.00589));
#6628=CARTESIAN_POINT('',(1.,1.,0.00589));
#6629=CARTESIAN_POINT('',(1.,1.,0.016));
#6630=CARTESIAN_POINT('',(1.,0.996,0.016));
#6631=CARTESIAN_POINT('',(1.,0.996,0.016));
#6632=CARTESIAN_POINT('',(1.,0.996,0.00589));
#6633=CARTESIAN_POINT('',(0.996,0.996,0.00589));
#6634=CARTESIAN_POINT('',(0.996,1.,0.00589));
#6635=CARTESIAN_POINT('',(0.996,1.,0.016));
#6636=CARTESIAN_POINT('',(0.996,0.996,0.00589));
#6637=CARTESIAN_POINT('',(0.996,0.996,0.016));
#6638=CARTESIAN_POINT('',(0.996,0.996,0.016));
#6639=CARTESIAN_POINT('',(0.998,0.996,0.00589));
#6640=CARTESIAN_POINT('',(0.998,0.996,0.016));
#6641=CARTESIAN_POINT('',(0.998,1.,0.00589));
#6642=CARTESIAN_POINT('',(0.998,1.,0.016));
#6643=CARTESIAN_POINT('',(0.998,0.996,0.016));
#6644=CARTESIAN_POINT('',(0.,0.,0.));
#6645=CARTESIAN_POINT('',(0.242,-0.008,0.));
#6646=CARTESIAN_POINT('',(0.242,0.,0.));
#6647=CARTESIAN_POINT('',(0.25,0.,0.));
#6648=CARTESIAN_POINT('',(0.234,0.,0.));
#6649=CARTESIAN_POINT('',(0.25,-0.008,0.));
#6650=CARTESIAN_POINT('',(0.25,-0.008,0.));
#6651=CARTESIAN_POINT('',(0.242,-0.008,0.));
#6652=CARTESIAN_POINT('',(0.234,-0.008,0.));
#6653=CARTESIAN_POINT('',(0.234,-0.008,0.));
#6654=CARTESIAN_POINT('',(0.25,-0.008,0.008));
#6655=CARTESIAN_POINT('',(0.25,0.,0.008));
#6656=CARTESIAN_POINT('',(0.25,0.,0.016));
#6657=CARTESIAN_POINT('',(0.25,-0.008,0.016));
#6658=CARTESIAN_POINT('',(0.25,-0.008,0.016));
#6659=CARTESIAN_POINT('',(0.25,-0.008,0.008));
#6660=CARTESIAN_POINT('',(0.242,-0.008,0.016));
#6661=CARTESIAN_POINT('',(0.242,0.,0.016));
#6662=CARTESIAN_POINT('',(0.234,0.,0.016));
#6663=CARTESIAN_POINT('',(0.234,-0.008,0.016));
#6664=CARTESIAN_POINT('',(0.234,-0.008,0.016));
#6665=CARTESIAN_POINT('',(0.242,-0.008,0.016));
#6666=CARTESIAN_POINT('',(0.242,-0.008,0.008));
#6667=CARTESIAN_POINT('',(0.242,-0.008,0.008));
#6668=CARTESIAN_POINT('',(0.242,-0.008,0.004));
#6669=CARTESIAN_POINT('',(0.242,0.,0.008));
#6670=CARTESIAN_POINT('',(0.242,0.,0.004));
#6671=CARTESIAN_POINT('',(0.234,-0.008,0.008));
#6672=CARTESIAN_POINT('',(0.234,0.,0.008));
#6673=CARTESIAN_POINT('',(0.234,-0.008,0.008));
#6674=CARTESIAN_POINT('',(0.242,-0.008,0.008));
#6675=CARTESIAN_POINT('',(0.242,0.,0.008));
#6676=CARTESIAN_POINT('',(0.,0.,0.));
#6677=CARTESIAN_POINT('',(1.5,-0.004,0.008));
#6678=CARTESIAN_POINT('',(1.5,-0.004,0.008));
#6679=CARTESIAN_POINT('',(1.5,-0.004,0.006));
#6680=CARTESIAN_POINT('',(1.5,0.,0.008));
#6681=CARTESIAN_POINT('',(1.5,0.,0.006));
#6682=CARTESIAN_POINT('',(1.5,-0.004,0.008));
#6683=CARTESIAN_POINT('',(1.5,0.,0.008));
#6684=CARTESIAN_POINT('',(0.,0.,0.));
#6685=CARTESIAN_POINT('',(0.496,0.242,0.));
#6686=CARTESIAN_POINT('',(0.496,0.25,0.));
#6687=CARTESIAN_POINT('',(0.5,0.25,0.));
#6688=CARTESIAN_POINT('',(0.492,0.25,0.));
#6689=CARTESIAN_POINT('',(0.5,0.242,0.));
#6690=CARTESIAN_POINT('',(0.5,0.242,0.));
#6691=CARTESIAN_POINT('',(0.496,0.242,0.));
#6692=CARTESIAN_POINT('',(0.492,0.242,0.));
#6693=CARTESIAN_POINT('',(0.492,0.242,0.));
#6694=CARTESIAN_POINT('',(0.5,0.242,0.004));
#6695=CARTESIAN_POINT('',(0.5,0.25,0.004));
#6696=CARTESIAN_POINT('',(0.5,0.25,0.008));
#6697=CARTESIAN_POINT('',(0.5,0.242,0.008));
#6698=CARTESIAN_POINT('',(0.5,0.242,0.008));
#6699=CARTESIAN_POINT('',(0.5,0.242,0.004));
#6700=CARTESIAN_POINT('',(0.496,0.242,0.008));
#6701=CARTESIAN_POINT('',(0.496,0.25,0.008));
#6702=CARTESIAN_POINT('',(0.492,0.25,0.008));
#6703=CARTESIAN_POINT('',(0.492,0.242,0.008));
#6704=CARTESIAN_POINT('',(0.492,0.242,0.008));
#6705=CARTESIAN_POINT('',(0.496,0.242,0.008));
#6706=CARTESIAN_POINT('',(0.492,0.242,0.004));
#6707=CARTESIAN_POINT('',(0.492,0.25,0.004));
#6708=CARTESIAN_POINT('',(0.492,0.242,0.004));
#6709=CARTESIAN_POINT('',(0.496,0.242,0.004));
#6710=CARTESIAN_POINT('',(0.496,0.25,0.004));
#6711=CARTESIAN_POINT('',(0.,0.,0.));
#6712=CARTESIAN_POINT('',(2.,0.5,0.008));
#6713=CARTESIAN_POINT('',(2.,0.5,0.004));
#6714=CARTESIAN_POINT('',(2.00692820323028,0.5,0.004));
#6715=CARTESIAN_POINT('',(2.,0.5,0.));
#6716=CARTESIAN_POINT('',(0.,0.,0.));
#6717=CARTESIAN_POINT('',(-0.006,0.742,0.));
#6718=CARTESIAN_POINT('',(-0.006,0.75,0.));
#6719=CARTESIAN_POINT('',(0.,0.75,0.));
#6720=CARTESIAN_POINT('',(-0.012,0.75,0.));
#6721=CARTESIAN_POINT('',(0.,0.742,0.));
#6722=CARTESIAN_POINT('',(0.,0.742,0.));
#6723=CARTESIAN_POINT('',(-0.006,0.742,0.));
#6724=CARTESIAN_POINT('',(-0.012,0.742,0.));
#6725=CARTESIAN_POINT('',(-0.012,0.742,0.));
#6726=CARTESIAN_POINT('',(0.,0.742,0.008));
#6727=CARTESIAN_POINT('',(0.,0.75,0.008));
#6728=CARTESIAN_POINT('',(0.,0.75,0.016));
#6729=CARTESIAN_POINT('',(0.,0.742,0.016));
#6730=CARTESIAN_POINT('',(0.,0.742,0.016));
#6731=CARTESIAN_POINT('',(0.,0.742,0.008));
#6732=CARTESIAN_POINT('',(-0.006,0.742,0.016));
#6733=CARTESIAN_POINT('',(-0.006,0.75,0.016));
#6734=CARTESIAN_POINT('',(-0.008,0.75,0.016));
#6735=CARTESIAN_POINT('',(-0.008,0.742,0.016));
#6736=CARTESIAN_POINT('',(-0.008,0.742,0.016));
#6737=CARTESIAN_POINT('',(-0.006,0.742,0.016));
#6738=CARTESIAN_POINT('',(-0.012,0.742,0.008));
#6739=CARTESIAN_POINT('',(-0.012,0.742,0.008));
#6740=CARTESIAN_POINT('',(-0.012,0.742,0.012));
#6741=CARTESIAN_POINT('',(-0.012,0.75,0.012));
#6742=CARTESIAN_POINT('',(-0.012,0.75,0.012));
#6743=CARTESIAN_POINT('',(-0.012,0.75,0.008));
#6744=CARTESIAN_POINT('',(-0.006,0.742,0.008));
#6745=CARTESIAN_POINT('',(-0.008,0.742,0.012));
#6746=CARTESIAN_POINT('',(-0.006,0.75,0.008));
#6747=CARTESIAN_POINT('',(-0.008,0.75,0.012));
#6748=CARTESIAN_POINT('',(-0.008,0.742,0.012));
#6749=CARTESIAN_POINT('',(0.,0.,0.));
#6750=CARTESIAN_POINT('',(0.488,0.242,0.008));
#6751=CARTESIAN_POINT('',(0.488,0.25,0.008));
#6752=CARTESIAN_POINT('',(0.492,0.25,0.008));
#6753=CARTESIAN_POINT('',(0.484,0.25,0.008));
#6754=CARTESIAN_POINT('',(0.492,0.242,0.008));
#6755=CARTESIAN_POINT('',(0.492,0.242,0.008));
#6756=CARTESIAN_POINT('',(0.488,0.242,0.008));
#6757=CARTESIAN_POINT('',(0.484,0.242,0.008));
#6758=CARTESIAN_POINT('',(0.484,0.242,0.008));
#6759=CARTESIAN_POINT('',(0.492,0.242,0.012));
#6760=CARTESIAN_POINT('',(0.492,0.25,0.012));
#6761=CARTESIAN_POINT('',(0.492,0.25,0.016));
#6762=CARTESIAN_POINT('',(0.492,0.242,0.016));
#6763=CARTESIAN_POINT('',(0.492,0.242,0.016));
#6764=CARTESIAN_POINT('',(0.492,0.242,0.012));
#6765=CARTESIAN_POINT('',(0.488,0.242,0.016));
#6766=CARTESIAN_POINT('',(0.488,0.25,0.016));
#6767=CARTESIAN_POINT('',(0.484,0.25,0.016));
#6768=CARTESIAN_POINT('',(0.484,0.242,0.016));
#6769=CARTESIAN_POINT('',(0.484,0.242,0.016));
#6770=CARTESIAN_POINT('',(0.488,0.242,0.016));
#6771=CARTESIAN_POINT('',(0.484,0.242,0.012));
#6772=CARTESIAN_POINT('',(0.484,0.25,0.012));
#6773=CARTESIAN_POINT('',(0.484,0.242,0.012));
#6774=CARTESIAN_POINT('',(0.488,0.242,0.012));
#6775=CARTESIAN_POINT('',(0.488,0.25,0.012));
#6776=CARTESIAN_POINT('',(0.,0.,0.));
#6777=CARTESIAN_POINT('',(1.742,0.234,0.));
#6778=CARTESIAN_POINT('',(1.742,0.25,0.));
#6779=CARTESIAN_POINT('',(1.75,0.25,0.));
#6780=CARTESIAN_POINT('',(1.734,0.25,0.));
#6781=CARTESIAN_POINT('',(1.75,0.234,0.));
#6782=CARTESIAN_POINT('',(1.75,0.234,0.));
#6783=CARTESIAN_POINT('',(1.742,0.234,0.));
#6784=CARTESIAN_POINT('',(1.734,0.234,0.));
#6785=CARTESIAN_POINT('',(1.734,0.234,0.));
#6786=CARTESIAN_POINT('',(1.75,0.234,0.008));
#6787=CARTESIAN_POINT('',(1.75,0.25,0.008));
#6788=CARTESIAN_POINT('',(1.75,0.25,0.016));
#6789=CARTESIAN_POINT('',(1.75,0.234,0.016));
#6790=CARTESIAN_POINT('',(1.75,0.234,0.016));
#6791=CARTESIAN_POINT('',(1.75,0.234,0.008));
#6792=CARTESIAN_POINT('',(1.742,0.234,0.016));
#6793=CARTESIAN_POINT('',(1.742,0.25,0.016));
#6794=CARTESIAN_POINT('',(1.734,0.25,0.016));
#6795=CARTESIAN_POINT('',(1.734,0.234,0.016));
#6796=CARTESIAN_POINT('',(1.734,0.234,0.016));
#6797=CARTESIAN_POINT('',(1.742,0.234,0.016));
#6798=CARTESIAN_POINT('',(1.734,0.234,0.008));
#6799=CARTESIAN_POINT('',(1.734,0.25,0.008));
#6800=CARTESIAN_POINT('',(1.734,0.234,0.008));
#6801=CARTESIAN_POINT('',(1.742,0.234,0.008));
#6802=CARTESIAN_POINT('',(1.742,0.25,0.008));
#6803=CARTESIAN_POINT('',(1.742,0.238,0.004));
#6804=CARTESIAN_POINT('',(1.742,0.246,0.004));
#6805=CARTESIAN_POINT('',(1.746,0.246,0.004));
#6806=CARTESIAN_POINT('',(1.738,0.246,0.004));
#6807=CARTESIAN_POINT('',(1.738,0.238,0.004));
#6808=CARTESIAN_POINT('',(1.738,0.238,0.004));
#6809=CARTESIAN_POINT('',(1.742,0.238,0.004));
#6810=CARTESIAN_POINT('',(1.746,0.238,0.004));
#6811=CARTESIAN_POINT('',(1.746,0.238,0.004));
#6812=CARTESIAN_POINT('',(1.746,0.238,0.008));
#6813=CARTESIAN_POINT('',(1.746,0.246,0.008));
#6814=CARTESIAN_POINT('',(1.746,0.246,0.012));
#6815=CARTESIAN_POINT('',(1.746,0.238,0.008));
#6816=CARTESIAN_POINT('',(1.746,0.238,0.012));
#6817=CARTESIAN_POINT('',(1.746,0.238,0.012));
#6818=CARTESIAN_POINT('',(1.742,0.238,0.012));
#6819=CARTESIAN_POINT('',(1.742,0.246,0.012));
#6820=CARTESIAN_POINT('',(1.738,0.246,0.012));
#6821=CARTESIAN_POINT('',(1.742,0.238,0.012));
#6822=CARTESIAN_POINT('',(1.738,0.238,0.012));
#6823=CARTESIAN_POINT('',(1.738,0.238,0.012));
#6824=CARTESIAN_POINT('',(1.738,0.238,0.008));
#6825=CARTESIAN_POINT('',(1.738,0.246,0.008));
#6826=CARTESIAN_POINT('',(1.738,0.238,0.008));
#6827=CARTESIAN_POINT('',(1.742,0.238,0.008));
#6828=CARTESIAN_POINT('',(1.742,0.246,0.008));
#6829=CARTESIAN_POINT('',(0.,0.,0.));
#6830=CARTESIAN_POINT('',(1.984,0.246,0.));
#6831=CARTESIAN_POINT('',(1.984,0.25,0.));
#6832=CARTESIAN_POINT('',(2.,0.25,0.));
#6833=CARTESIAN_POINT('',(1.968,0.25,0.));
#6834=CARTESIAN_POINT('',(2.,0.246,0.));
#6835=CARTESIAN_POINT('',(2.,0.246,0.));
#6836=CARTESIAN_POINT('',(1.984,0.246,0.));
#6837=CARTESIAN_POINT('',(1.968,0.246,0.));
#6838=CARTESIAN_POINT('',(1.968,0.246,0.));
#6839=CARTESIAN_POINT('',(2.,0.246,0.016));
#6840=CARTESIAN_POINT('',(2.,0.25,0.016));
#6841=CARTESIAN_POINT('',(2.,0.25,0.032));
#6842=CARTESIAN_POINT('',(2.,0.246,0.032));
#6843=CARTESIAN_POINT('',(2.,0.246,0.032));
#6844=CARTESIAN_POINT('',(2.,0.246,0.016));
#6845=CARTESIAN_POINT('',(1.984,0.246,0.032));
#6846=CARTESIAN_POINT('',(1.984,0.25,0.032));
#6847=CARTESIAN_POINT('',(1.968,0.25,0.032));
#6848=CARTESIAN_POINT('',(1.968,0.246,0.032));
#6849=CARTESIAN_POINT('',(1.968,0.246,0.032));
#6850=CARTESIAN_POINT('',(1.984,0.246,0.032));
#6851=CARTESIAN_POINT('',(1.968,0.246,0.016));
#6852=CARTESIAN_POINT('',(1.968,0.25,0.016));
#6853=CARTESIAN_POINT('',(1.968,0.246,0.016));
#6854=CARTESIAN_POINT('',(1.984,0.246,0.016));
#6855=CARTESIAN_POINT('',(1.992,0.246,0.024));
#6856=CARTESIAN_POINT('',(1.992,0.246,0.022));
#6857=CARTESIAN_POINT('',(1.976,0.246,0.008));
#6858=CARTESIAN_POINT('',(1.976,0.246,0.006));
#6859=CARTESIAN_POINT('',(1.976,0.246,0.024));
#6860=CARTESIAN_POINT('',(1.976,0.246,0.022));
#6861=CARTESIAN_POINT('',(1.992,0.246,0.008));
#6862=CARTESIAN_POINT('',(1.992,0.246,0.006));
#6863=CARTESIAN_POINT('',(1.984,0.25,0.016));
#6864=CARTESIAN_POINT('',(1.992,0.25,0.024));
#6865=CARTESIAN_POINT('',(1.992,0.25,0.022));
#6866=CARTESIAN_POINT('',(1.976,0.25,0.008));
#6867=CARTESIAN_POINT('',(1.976,0.25,0.006));
#6868=CARTESIAN_POINT('',(1.976,0.25,0.024));
#6869=CARTESIAN_POINT('',(1.976,0.25,0.022));
#6870=CARTESIAN_POINT('',(1.992,0.25,0.008));
#6871=CARTESIAN_POINT('',(1.992,0.25,0.006));
#6872=CARTESIAN_POINT('',(1.992,0.244,0.008));
#6873=CARTESIAN_POINT('',(1.976,0.244,0.024));
#6874=CARTESIAN_POINT('',(1.976,0.244,0.008));
#6875=CARTESIAN_POINT('',(1.992,0.244,0.024));
#6876=CARTESIAN_POINT('',(0.,0.,0.));
#6877=CARTESIAN_POINT('',(0.746,0.744,0.004));
#6878=CARTESIAN_POINT('',(0.75,0.744,0.004));
#6879=CARTESIAN_POINT('',(0.75,0.745,0.004));
#6880=CARTESIAN_POINT('',(0.75,0.75,0.004));
#6881=CARTESIAN_POINT('',(0.746,0.745,0.004));
#6882=CARTESIAN_POINT('',(0.742,0.745,0.004));
#6883=CARTESIAN_POINT('',(0.742,0.744,0.004));
#6884=CARTESIAN_POINT('',(0.742,0.75,0.004));
#6885=CARTESIAN_POINT('',(0.746,0.75,0.004));
#6886=CARTESIAN_POINT('',(0.75,0.744,0.008));
#6887=CARTESIAN_POINT('',(0.75,0.744,0.012));
#6888=CARTESIAN_POINT('',(0.75,0.745,0.012));
#6889=CARTESIAN_POINT('',(0.75,0.75,0.012));
#6890=CARTESIAN_POINT('',(0.75,0.745,0.004));
#6891=CARTESIAN_POINT('',(0.75,0.75,0.008));
#6892=CARTESIAN_POINT('',(0.746,0.744,0.012));
#6893=CARTESIAN_POINT('',(0.742,0.744,0.012));
#6894=CARTESIAN_POINT('',(0.742,0.745,0.012));
#6895=CARTESIAN_POINT('',(0.742,0.75,0.012));
#6896=CARTESIAN_POINT('',(0.746,0.745,0.012));
#6897=CARTESIAN_POINT('',(0.746,0.75,0.012));
#6898=CARTESIAN_POINT('',(0.742,0.744,0.008));
#6899=CARTESIAN_POINT('',(0.742,0.745,0.012));
#6900=CARTESIAN_POINT('',(0.742,0.75,0.008));
#6901=CARTESIAN_POINT('',(0.746,0.744,0.008));
#6902=CARTESIAN_POINT('',(0.743,0.744,0.004));
#6903=CARTESIAN_POINT('',(0.743,0.744,0.012));
#6904=CARTESIAN_POINT('',(0.743,0.744,0.004));
#6905=CARTESIAN_POINT('',(0.746,0.744,0.004));
#6906=CARTESIAN_POINT('',(0.749,0.744,0.004));
#6907=CARTESIAN_POINT('',(0.749,0.744,0.012));
#6908=CARTESIAN_POINT('',(0.749,0.744,0.012));
#6909=CARTESIAN_POINT('',(0.746,0.744,0.012));
#6910=CARTESIAN_POINT('',(0.746,0.75,0.008));
#6911=CARTESIAN_POINT('',(0.746,0.745,0.012));
#6912=CARTESIAN_POINT('',(0.749,0.745,0.012));
#6913=CARTESIAN_POINT('',(0.743,0.745,0.012));
#6914=CARTESIAN_POINT('',(0.743,0.745,0.008));
#6915=CARTESIAN_POINT('',(0.743,0.745,0.004));
#6916=CARTESIAN_POINT('',(0.749,0.745,0.008));
#6917=CARTESIAN_POINT('',(0.749,0.745,0.004));
#6918=CARTESIAN_POINT('',(0.746,0.745,0.004));
#6919=CARTESIAN_POINT('',(0.,0.,0.));
#6920=CARTESIAN_POINT('',(-0.002,0.996,0.));
#6921=CARTESIAN_POINT('',(-0.002,1.,0.));
#6922=CARTESIAN_POINT('',(0.,1.,0.));
#6923=CARTESIAN_POINT('',(-0.004,1.,0.));
#6924=CARTESIAN_POINT('',(0.,0.996,0.));
#6925=CARTESIAN_POINT('',(0.,0.996,0.));
#6926=CARTESIAN_POINT('',(-0.002,0.996,0.));
#6927=CARTESIAN_POINT('',(-0.004,0.996,0.));
#6928=CARTESIAN_POINT('',(-0.004,0.996,0.));
#6929=CARTESIAN_POINT('',(0.,0.996,0.004));
#6930=CARTESIAN_POINT('',(0.,1.,0.004));
#6931=CARTESIAN_POINT('',(0.,1.,0.016));
#6932=CARTESIAN_POINT('',(0.,0.996,0.016));
#6933=CARTESIAN_POINT('',(0.,0.996,0.016));
#6934=CARTESIAN_POINT('',(0.,0.996,0.004));
#6935=CARTESIAN_POINT('',(-0.004,0.996,0.004));
#6936=CARTESIAN_POINT('',(-0.004,1.,0.004));
#6937=CARTESIAN_POINT('',(-0.004,1.,0.016));
#6938=CARTESIAN_POINT('',(-0.004,0.996,0.004));
#6939=CARTESIAN_POINT('',(-0.004,0.996,0.016));
#6940=CARTESIAN_POINT('',(-0.004,0.996,0.016));
#6941=CARTESIAN_POINT('',(-0.002,0.996,0.004));
#6942=CARTESIAN_POINT('',(-0.002,0.996,0.016));
#6943=CARTESIAN_POINT('',(-0.002,1.,0.004));
#6944=CARTESIAN_POINT('',(-0.002,1.,0.016));
#6945=CARTESIAN_POINT('',(-0.002,0.996,0.016));
#6946=CARTESIAN_POINT('',(0.,0.,0.));
#6947=CARTESIAN_POINT('',(2.244,0.242,0.));
#6948=CARTESIAN_POINT('',(2.244,0.242,0.));
#6949=CARTESIAN_POINT('',(2.249,0.242,0.));
#6950=CARTESIAN_POINT('',(2.239,0.242,0.));
#6951=CARTESIAN_POINT('',(2.2415,0.2395,0.));
#6952=CARTESIAN_POINT('',(2.238,0.243,0.));
#6953=CARTESIAN_POINT('',(2.238,0.242,0.));
#6954=CARTESIAN_POINT('',(2.238,0.25,0.));
#6955=CARTESIAN_POINT('',(2.244,0.25,0.));
#6956=CARTESIAN_POINT('',(2.25,0.25,0.));
#6957=CARTESIAN_POINT('',(2.25,0.242,0.));
#6958=CARTESIAN_POINT('',(2.25,0.243,0.));
#6959=CARTESIAN_POINT('',(2.2465,0.2395,0.));
#6960=CARTESIAN_POINT('',(2.25,0.242,0.008));
#6961=CARTESIAN_POINT('',(2.25,0.242,0.016));
#6962=CARTESIAN_POINT('',(2.25,0.243,0.016));
#6963=CARTESIAN_POINT('',(2.25,0.25,0.016));
#6964=CARTESIAN_POINT('',(2.25,0.243,0.));
#6965=CARTESIAN_POINT('',(2.25,0.25,0.008));
#6966=CARTESIAN_POINT('',(2.244,0.242,0.016));
#6967=CARTESIAN_POINT('',(2.238,0.242,0.016));
#6968=CARTESIAN_POINT('',(2.238,0.243,0.016));
#6969=CARTESIAN_POINT('',(2.238,0.25,0.016));
#6970=CARTESIAN_POINT('',(2.238,0.243,0.016));
#6971=CARTESIAN_POINT('',(2.239,0.242,0.016));
#6972=CARTESIAN_POINT('',(2.244,0.242,0.016));
#6973=CARTESIAN_POINT('',(2.249,0.242,0.016));
#6974=CARTESIAN_POINT('',(2.249,0.242,0.016));
#6975=CARTESIAN_POINT('',(2.244,0.25,0.016));
#6976=CARTESIAN_POINT('',(2.238,0.242,0.008));
#6977=CARTESIAN_POINT('',(2.238,0.243,0.008));
#6978=CARTESIAN_POINT('',(2.238,0.25,0.008));
#6979=CARTESIAN_POINT('',(2.244,0.242,0.008));
#6980=CARTESIAN_POINT('',(2.244,0.242,0.008));
#6981=CARTESIAN_POINT('',(2.244,0.242,0.005));
#6982=CARTESIAN_POINT('',(2.239,0.242,0.008));
#6983=CARTESIAN_POINT('',(2.249,0.242,0.016));
#6984=CARTESIAN_POINT('',(2.244,0.25,0.008));
#6985=CARTESIAN_POINT('',(2.244,0.25,0.008));
#6986=CARTESIAN_POINT('',(2.244,0.25,0.006));
#6987=CARTESIAN_POINT('',(2.244,0.241,0.008));
#6988=CARTESIAN_POINT('',(2.244,0.243,0.008));
#6989=CARTESIAN_POINT('',(2.244,0.243,0.006));
#6990=CARTESIAN_POINT('',(2.244,0.242,0.008));
#6991=CARTESIAN_POINT('',(2.238,0.243,0.008));
#6992=CARTESIAN_POINT('',(2.249,0.242,0.008));
#6993=CARTESIAN_POINT('',(0.,0.,0.));
#6994=CARTESIAN_POINT('',(-0.006,-0.008,0.));
#6995=CARTESIAN_POINT('',(-0.006,0.,0.));
#6996=CARTESIAN_POINT('',(-0.012,0.,0.));
#6997=CARTESIAN_POINT('',(0.,0.,0.));
#6998=CARTESIAN_POINT('',(0.,-0.008,0.));
#6999=CARTESIAN_POINT('',(0.,-0.008,0.));
#7000=CARTESIAN_POINT('',(-0.006,-0.008,0.));
#7001=CARTESIAN_POINT('',(-0.012,-0.008,0.));
#7002=CARTESIAN_POINT('',(-0.012,-0.008,0.));
#7003=CARTESIAN_POINT('',(0.,-0.008,0.008));
#7004=CARTESIAN_POINT('',(0.,0.,0.008));
#7005=CARTESIAN_POINT('',(0.,0.,0.016));
#7006=CARTESIAN_POINT('',(0.,-0.008,0.016));
#7007=CARTESIAN_POINT('',(0.,-0.008,0.016));
#7008=CARTESIAN_POINT('',(0.,-0.008,0.008));
#7009=CARTESIAN_POINT('',(-0.002,-0.008,0.016));
#7010=CARTESIAN_POINT('',(-0.002,0.,0.016));
#7011=CARTESIAN_POINT('',(-0.004,0.,0.016));
#7012=CARTESIAN_POINT('',(-0.004,-0.008,0.016));
#7013=CARTESIAN_POINT('',(-0.004,-0.008,0.016));
#7014=CARTESIAN_POINT('',(-0.002,-0.008,0.016));
#7015=CARTESIAN_POINT('',(-0.004,-0.008,0.01));
#7016=CARTESIAN_POINT('',(-0.004,0.,0.01));
#7017=CARTESIAN_POINT('',(-0.004,0.,0.004));
#7018=CARTESIAN_POINT('',(-0.004,-0.008,0.004));
#7019=CARTESIAN_POINT('',(-0.004,-0.008,0.004));
#7020=CARTESIAN_POINT('',(-0.004,-0.008,0.01));
#7021=CARTESIAN_POINT('',(-0.008,-0.008,0.004));
#7022=CARTESIAN_POINT('',(-0.008,0.,0.004));
#7023=CARTESIAN_POINT('',(-0.012,0.,0.004));
#7024=CARTESIAN_POINT('',(-0.012,-0.008,0.004));
#7025=CARTESIAN_POINT('',(-0.012,-0.008,0.004));
#7026=CARTESIAN_POINT('',(-0.008,-0.008,0.004));
#7027=CARTESIAN_POINT('',(-0.012,-0.008,0.002));
#7028=CARTESIAN_POINT('',(-0.012,0.,0.002));
#7029=CARTESIAN_POINT('',(-0.012,-0.008,0.002));
#7030=CARTESIAN_POINT('',(-0.006,-0.008,0.008));
#7031=CARTESIAN_POINT('',(-0.006,0.,0.008));
#7032=CARTESIAN_POINT('',(0.,0.,0.));
#7033=CARTESIAN_POINT('',(1.492,-0.004,0.));
#7034=CARTESIAN_POINT('',(1.492,-0.004,0.));
#7035=CARTESIAN_POINT('',(1.494,-0.004,-1.22464679914735E-19));
#7036=CARTESIAN_POINT('',(1.492,0.,0.));
#7037=CARTESIAN_POINT('',(1.494,0.,-1.22464679914735E-19));
#7038=CARTESIAN_POINT('',(1.492,-0.004,0.));
#7039=CARTESIAN_POINT('',(1.492,0.,0.));
#7040=CARTESIAN_POINT('',(0.,0.,0.));
#7041=CARTESIAN_POINT('',(0.492,0.748,0.));
#7042=CARTESIAN_POINT('',(0.492,0.75,0.));
#7043=CARTESIAN_POINT('',(0.499464101615138,0.75,0.));
#7044=CARTESIAN_POINT('',(0.484,0.75,0.));
#7045=CARTESIAN_POINT('',(0.496,0.752,0.));
#7046=CARTESIAN_POINT('',(0.496,0.748,0.));
#7047=CARTESIAN_POINT('',(0.492,0.748,0.));
#7048=CARTESIAN_POINT('',(0.484,0.748,0.));
#7049=CARTESIAN_POINT('',(0.484,0.748,0.));
#7050=CARTESIAN_POINT('',(0.492,0.748,0.016));
#7051=CARTESIAN_POINT('',(0.492,0.748,0.016));
#7052=CARTESIAN_POINT('',(0.496,0.748,0.016));
#7053=CARTESIAN_POINT('',(0.484,0.748,0.016));
#7054=CARTESIAN_POINT('',(0.496,0.752,0.016));
#7055=CARTESIAN_POINT('',(0.499464101615138,0.75,0.016));
#7056=CARTESIAN_POINT('',(0.492,0.75,0.016));
#7057=CARTESIAN_POINT('',(0.484,0.75,0.016));
#7058=CARTESIAN_POINT('',(0.484,0.748,0.016));
#7059=CARTESIAN_POINT('',(0.484,0.748,0.008));
#7060=CARTESIAN_POINT('',(0.484,0.75,0.008));
#7061=CARTESIAN_POINT('',(0.484,0.748,0.008));
#7062=CARTESIAN_POINT('',(0.492,0.748,0.008));
#7063=CARTESIAN_POINT('',(0.496,0.748,0.016));
#7064=CARTESIAN_POINT('',(0.492,0.75,0.008));
#7065=CARTESIAN_POINT('',(0.499464101615138,0.75,0.008));
#7066=CARTESIAN_POINT('',(0.496,0.752,0.008));
#7067=CARTESIAN_POINT('',(0.,0.,0.));
#7068=CARTESIAN_POINT('',(0.504,0.234,0.008));
#7069=CARTESIAN_POINT('',(0.504,0.242,0.008));
#7070=CARTESIAN_POINT('',(0.508,0.242,0.008));
#7071=CARTESIAN_POINT('',(0.5,0.242,0.008));
#7072=CARTESIAN_POINT('',(0.508,0.234,0.008));
#7073=CARTESIAN_POINT('',(0.508,0.234,0.008));
#7074=CARTESIAN_POINT('',(0.504,0.234,0.008));
#7075=CARTESIAN_POINT('',(0.5,0.234,0.008));
#7076=CARTESIAN_POINT('',(0.5,0.234,0.008));
#7077=CARTESIAN_POINT('',(0.508,0.234,0.012));
#7078=CARTESIAN_POINT('',(0.508,0.242,0.012));
#7079=CARTESIAN_POINT('',(0.508,0.242,0.016));
#7080=CARTESIAN_POINT('',(0.508,0.234,0.016));
#7081=CARTESIAN_POINT('',(0.508,0.234,0.016));
#7082=CARTESIAN_POINT('',(0.508,0.234,0.012));
#7083=CARTESIAN_POINT('',(0.504,0.234,0.016));
#7084=CARTESIAN_POINT('',(0.504,0.242,0.016));
#7085=CARTESIAN_POINT('',(0.5,0.242,0.016));
#7086=CARTESIAN_POINT('',(0.5,0.234,0.016));
#7087=CARTESIAN_POINT('',(0.5,0.234,0.016));
#7088=CARTESIAN_POINT('',(0.504,0.234,0.016));
#7089=CARTESIAN_POINT('',(0.5,0.234,0.012));
#7090=CARTESIAN_POINT('',(0.5,0.242,0.012));
#7091=CARTESIAN_POINT('',(0.5,0.234,0.012));
#7092=CARTESIAN_POINT('',(0.504,0.234,0.012));
#7093=CARTESIAN_POINT('',(0.504,0.242,0.012));
#7094=CARTESIAN_POINT('',(0.,0.,0.));
#7095=CARTESIAN_POINT('',(1.25,0.984,0.));
#7096=CARTESIAN_POINT('',(1.25,0.984,0.));
#7097=CARTESIAN_POINT('',(1.25,0.984,0.004));
#7098=CARTESIAN_POINT('',(1.25,1.,0.));
#7099=CARTESIAN_POINT('',(1.25,1.,0.004));
#7100=CARTESIAN_POINT('',(1.25,0.984,0.));
#7101=CARTESIAN_POINT('',(1.25,1.,0.));
#7102=CARTESIAN_POINT('',(0.,0.,0.));
#7103=CARTESIAN_POINT('',(0.248,0.996,0.));
#7104=CARTESIAN_POINT('',(0.248,1.,0.));
#7105=CARTESIAN_POINT('',(0.25,1.,0.));
#7106=CARTESIAN_POINT('',(0.246,1.,0.));
#7107=CARTESIAN_POINT('',(0.25,0.996,0.));
#7108=CARTESIAN_POINT('',(0.25,0.996,0.));
#7109=CARTESIAN_POINT('',(0.248,0.996,0.));
#7110=CARTESIAN_POINT('',(0.246,0.996,0.));
#7111=CARTESIAN_POINT('',(0.246,0.996,0.));
#7112=CARTESIAN_POINT('',(0.25,0.996,0.004));
#7113=CARTESIAN_POINT('',(0.25,1.,0.004));
#7114=CARTESIAN_POINT('',(0.25,1.,0.016));
#7115=CARTESIAN_POINT('',(0.25,0.996,0.016));
#7116=CARTESIAN_POINT('',(0.25,0.996,0.016));
#7117=CARTESIAN_POINT('',(0.25,0.996,0.004));
#7118=CARTESIAN_POINT('',(0.246,0.996,0.004));
#7119=CARTESIAN_POINT('',(0.246,1.,0.004));
#7120=CARTESIAN_POINT('',(0.246,1.,0.016));
#7121=CARTESIAN_POINT('',(0.246,0.996,0.004));
#7122=CARTESIAN_POINT('',(0.246,0.996,0.016));
#7123=CARTESIAN_POINT('',(0.246,0.996,0.016));
#7124=CARTESIAN_POINT('',(0.248,0.996,0.004));
#7125=CARTESIAN_POINT('',(0.248,0.996,0.016));
#7126=CARTESIAN_POINT('',(0.248,1.,0.004));
#7127=CARTESIAN_POINT('',(0.248,1.,0.016));
#7128=CARTESIAN_POINT('',(0.248,0.996,0.016));
#7129=CARTESIAN_POINT('',(0.,0.,0.));
#7130=CARTESIAN_POINT('',(0.992,0.492,0.));
#7131=CARTESIAN_POINT('',(0.992,0.5,0.));
#7132=CARTESIAN_POINT('',(1.,0.5,0.));
#7133=CARTESIAN_POINT('',(0.984,0.5,0.));
#7134=CARTESIAN_POINT('',(1.,0.492,0.));
#7135=CARTESIAN_POINT('',(1.,0.492,0.));
#7136=CARTESIAN_POINT('',(0.992,0.492,0.));
#7137=CARTESIAN_POINT('',(0.984,0.492,0.));
#7138=CARTESIAN_POINT('',(0.984,0.492,0.));
#7139=CARTESIAN_POINT('',(1.,0.492,0.008));
#7140=CARTESIAN_POINT('',(1.,0.5,0.008));
#7141=CARTESIAN_POINT('',(1.,0.5,0.016));
#7142=CARTESIAN_POINT('',(1.,0.492,0.016));
#7143=CARTESIAN_POINT('',(1.,0.492,0.016));
#7144=CARTESIAN_POINT('',(1.,0.492,0.008));
#7145=CARTESIAN_POINT('',(0.992,0.492,0.016));
#7146=CARTESIAN_POINT('',(0.992,0.5,0.016));
#7147=CARTESIAN_POINT('',(0.984,0.5,0.016));
#7148=CARTESIAN_POINT('',(0.984,0.492,0.016));
#7149=CARTESIAN_POINT('',(0.984,0.492,0.016));
#7150=CARTESIAN_POINT('',(0.992,0.492,0.016));
#7151=CARTESIAN_POINT('',(0.984,0.492,0.008));
#7152=CARTESIAN_POINT('',(0.984,0.5,0.008));
#7153=CARTESIAN_POINT('',(0.984,0.492,0.008));
#7154=CARTESIAN_POINT('',(0.992,0.492,0.008));
#7155=CARTESIAN_POINT('',(0.992,0.5,0.008));
#7156=CARTESIAN_POINT('',(0.,0.,0.));
#7157=CARTESIAN_POINT('',(1.25,0.5,0.));
#7158=CARTESIAN_POINT('',(1.25,0.5,0.));
#7159=CARTESIAN_POINT('',(1.25,0.5,-0.008));
#7160=CARTESIAN_POINT('',(1.25,0.5,0.));
#7161=CARTESIAN_POINT('',(0.,0.,0.));
#7162=CARTESIAN_POINT('',(0.75,0.,0.));
#7163=CARTESIAN_POINT('',(0.75,0.,0.));
#7164=CARTESIAN_POINT('',(0.746,0.,0.));
#7165=CARTESIAN_POINT('',(0.75,0.,0.004));
#7166=CARTESIAN_POINT('',(0.75,-0.003,0.004));
#7167=CARTESIAN_POINT('',(0.75,-0.006,0.004));
#7168=CARTESIAN_POINT('',(0.75,-0.006,0.));
#7169=CARTESIAN_POINT('',(0.746,-0.006,0.));
#7170=CARTESIAN_POINT('',(0.746,-0.003,0.));
#7171=CARTESIAN_POINT('',(0.744,0.,0.));
#7172=CARTESIAN_POINT('',(0.75,0.,0.));
#7173=CARTESIAN_POINT('',(0.742,0.,0.));
#7174=CARTESIAN_POINT('',(0.75,0.,0.008));
#7175=CARTESIAN_POINT('',(0.75,0.,0.006));
#7176=CARTESIAN_POINT('',(0.744,0.,0.));
#7177=CARTESIAN_POINT('',(0.75,0.,0.));
#7178=CARTESIAN_POINT('',(0.75,-0.006,0.));
#7179=CARTESIAN_POINT('',(0.742,-0.006,0.));
#7180=CARTESIAN_POINT('',(0.75,-0.006,0.008));
#7181=CARTESIAN_POINT('',(0.75,-0.003,0.008));
#7182=CARTESIAN_POINT('',(0.742,-0.003,0.));
#7183=CARTESIAN_POINT('',(0.744,-0.006,0.));
#7184=CARTESIAN_POINT('',(0.744,-0.006,0.));
#7185=CARTESIAN_POINT('',(0.75,-0.006,0.006));
#7186=CARTESIAN_POINT('',(0.744,-0.003,0.));
#7187=CARTESIAN_POINT('',(0.75,-0.003,0.006));
#7188=CARTESIAN_POINT('',(0.,0.,0.));
#7189=CARTESIAN_POINT('',(0.,0.5,0.012));
#7190=CARTESIAN_POINT('',(0.,0.5,2.4492935982947E-19));
#7191=CARTESIAN_POINT('',(0.,0.492,2.4492935982947E-19));
#7192=CARTESIAN_POINT('',(0.,0.508,2.4492935982947E-19));
#7193=CARTESIAN_POINT('',(0.,0.5,2.4492935982947E-19));
#7194=CARTESIAN_POINT('',(-0.012,0.5,4.89858719658941E-19));
#7195=CARTESIAN_POINT('',(0.,0.5,2.4492935982947E-19));
#7196=CARTESIAN_POINT('',(0.,0.5,0.012));
#7197=CARTESIAN_POINT('',(0.,0.5,2.4492935982947E-19));
#7198=CARTESIAN_POINT('',(-0.012,0.5,4.89858719658941E-19));
#7199=CARTESIAN_POINT('',(0.,0.,0.));
#7200=CARTESIAN_POINT('',(1.25,0.984,0.00800000000093132));
#7201=CARTESIAN_POINT('',(1.25,0.984,0.00800000000093132));
#7202=CARTESIAN_POINT('',(1.25,0.984,0.0120000000009313));
#7203=CARTESIAN_POINT('',(1.25,1.,0.00800000000093132));
#7204=CARTESIAN_POINT('',(1.25,1.,0.0120000000009313));
#7205=CARTESIAN_POINT('',(1.25,0.984,0.00800000000093132));
#7206=CARTESIAN_POINT('',(1.25,1.,0.00800000000093132));
#7207=CARTESIAN_POINT('',(0.,0.,0.));
#7208=CARTESIAN_POINT('',(1.75,0.5,0.));
#7209=CARTESIAN_POINT('',(1.75,0.5,0.006));
#7210=CARTESIAN_POINT('',(0.,0.,0.));
#7211=CARTESIAN_POINT('',(-0.004,0.242,0.008));
#7212=CARTESIAN_POINT('',(-0.004,0.242,0.008));
#7213=CARTESIAN_POINT('',(-0.004,0.242,0.008));
#7214=CARTESIAN_POINT('',(-0.004,0.246,0.008));
#7215=CARTESIAN_POINT('',(-0.004,0.242,0.008));
#7216=CARTESIAN_POINT('',(0.,0.242,0.008));
#7217=CARTESIAN_POINT('',(0.,0.242,0.008));
#7218=CARTESIAN_POINT('',(0.,0.25,0.008));
#7219=CARTESIAN_POINT('',(-0.004,0.25,0.008));
#7220=CARTESIAN_POINT('',(-0.008,0.25,0.008));
#7221=CARTESIAN_POINT('',(-0.008,0.242,0.008));
#7222=CARTESIAN_POINT('',(-0.008,0.246,0.008));
#7223=CARTESIAN_POINT('',(-0.004,0.246,0.008));
#7224=CARTESIAN_POINT('',(-0.004,0.242,0.));
#7225=CARTESIAN_POINT('',(-0.004,0.25,0.));
#7226=CARTESIAN_POINT('',(0.,0.25,0.));
#7227=CARTESIAN_POINT('',(-0.008,0.25,0.));
#7228=CARTESIAN_POINT('',(0.,0.242,0.));
#7229=CARTESIAN_POINT('',(0.,0.242,0.));
#7230=CARTESIAN_POINT('',(-0.004,0.242,0.));
#7231=CARTESIAN_POINT('',(-0.008,0.242,0.));
#7232=CARTESIAN_POINT('',(-0.008,0.242,0.));
#7233=CARTESIAN_POINT('',(0.,0.242,0.004));
#7234=CARTESIAN_POINT('',(0.,0.25,0.004));
#7235=CARTESIAN_POINT('',(0.,0.242,0.004));
#7236=CARTESIAN_POINT('',(-0.008,0.242,0.004));
#7237=CARTESIAN_POINT('',(-0.008,0.242,0.004));
#7238=CARTESIAN_POINT('',(-0.008,0.246,0.004));
#7239=CARTESIAN_POINT('',(-0.008,0.242,0.004));
#7240=CARTESIAN_POINT('',(-0.008,0.246,0.004));
#7241=CARTESIAN_POINT('',(-0.008,0.25,0.004));
#7242=CARTESIAN_POINT('',(-0.008,0.242,0.004));
#7243=CARTESIAN_POINT('',(-0.004,0.242,0.004));
#7244=CARTESIAN_POINT('',(-0.004,0.242,0.004));
#7245=CARTESIAN_POINT('',(-0.004,0.242,0.004));
#7246=CARTESIAN_POINT('',(-0.004,0.242,0.004));
#7247=CARTESIAN_POINT('',(-0.004,0.25,0.004));
#7248=CARTESIAN_POINT('',(-0.008,0.246,0.008));
#7249=CARTESIAN_POINT('',(-0.004,0.246,0.008));
#7250=CARTESIAN_POINT('',(-0.004,0.246,0.012));
#7251=CARTESIAN_POINT('',(-0.008,0.246,0.004));
#7252=CARTESIAN_POINT('',(-0.012,0.246,0.004));
#7253=CARTESIAN_POINT('',(-0.012,0.246,0.008));
#7254=CARTESIAN_POINT('',(-0.012,0.246,0.012));
#7255=CARTESIAN_POINT('',(-0.008,0.246,0.012));
#7256=CARTESIAN_POINT('',(-0.004,0.238,0.008));
#7257=CARTESIAN_POINT('',(-0.004,0.238,0.012));
#7258=CARTESIAN_POINT('',(-0.004,0.238,0.012));
#7259=CARTESIAN_POINT('',(-0.004,0.238,0.008));
#7260=CARTESIAN_POINT('',(-0.004,0.238,0.004));
#7261=CARTESIAN_POINT('',(-0.004,0.238,0.004));
#7262=CARTESIAN_POINT('',(-0.008,0.238,0.004));
#7263=CARTESIAN_POINT('',(-0.008,0.238,0.004));
#7264=CARTESIAN_POINT('',(-0.012,0.238,0.004));
#7265=CARTESIAN_POINT('',(-0.012,0.238,0.004));
#7266=CARTESIAN_POINT('',(-0.008,0.238,0.012));
#7267=CARTESIAN_POINT('',(-0.012,0.238,0.012));
#7268=CARTESIAN_POINT('',(-0.012,0.238,0.012));
#7269=CARTESIAN_POINT('',(-0.008,0.238,0.012));
#7270=CARTESIAN_POINT('',(-0.012,0.238,0.008));
#7271=CARTESIAN_POINT('',(-0.012,0.238,0.008));
#7272=CARTESIAN_POINT('',(-0.008,0.238,0.008));
#7273=CARTESIAN_POINT('',(0.,0.,0.));
#7274=CARTESIAN_POINT('',(0.5,0.492,0.));
#7275=CARTESIAN_POINT('',(0.5,0.5,0.));
#7276=CARTESIAN_POINT('',(0.5,0.5,0.004));
#7277=CARTESIAN_POINT('',(0.5,0.484,0.));
#7278=CARTESIAN_POINT('',(0.5,0.484,0.004));
#7279=CARTESIAN_POINT('',(0.5,0.5,0.));
#7280=CARTESIAN_POINT('',(0.5,0.484,0.));
#7281=CARTESIAN_POINT('',(0.,0.,0.));
#7282=CARTESIAN_POINT('',(0.75,0.484,0.));
#7283=CARTESIAN_POINT('',(0.75,0.484,0.));
#7284=CARTESIAN_POINT('',(0.75,0.484,0.004));
#7285=CARTESIAN_POINT('',(0.75,0.5,0.));
#7286=CARTESIAN_POINT('',(0.75,0.5,0.004));
#7287=CARTESIAN_POINT('',(0.75,0.484,0.));
#7288=CARTESIAN_POINT('',(0.75,0.5,0.));
#7289=CARTESIAN_POINT('',(0.,0.,0.));
#7290=CARTESIAN_POINT('',(1.5,0.5,0.003));
#7291=CARTESIAN_POINT('',(1.5,0.5,0.));
#7292=CARTESIAN_POINT('',(1.5,0.5,0.006));
#7293=CARTESIAN_POINT('',(1.5,0.5,0.));
#7294=CARTESIAN_POINT('',(1.5,0.492,0.));
#7295=CARTESIAN_POINT('',(0.,0.,0.));
#7296=CARTESIAN_POINT('',(1.747,-0.004,0.002));
#7297=CARTESIAN_POINT('',(1.747,0.,0.002));
#7298=CARTESIAN_POINT('',(1.744,0.,0.002));
#7299=CARTESIAN_POINT('',(1.75,0.,0.002));
#7300=CARTESIAN_POINT('',(1.75,-0.004,0.002));
#7301=CARTESIAN_POINT('',(1.75,-0.004,0.002));
#7302=CARTESIAN_POINT('',(1.747,-0.004,0.002));
#7303=CARTESIAN_POINT('',(1.744,-0.004,0.002));
#7304=CARTESIAN_POINT('',(1.744,-0.004,0.002));
#7305=CARTESIAN_POINT('',(1.75,-0.004,0.006));
#7306=CARTESIAN_POINT('',(1.75,0.,0.006));
#7307=CARTESIAN_POINT('',(1.75,0.,0.00999999999999989));
#7308=CARTESIAN_POINT('',(1.75,-0.004,0.00999999999999989));
#7309=CARTESIAN_POINT('',(1.75,-0.004,0.00999999999999989));
#7310=CARTESIAN_POINT('',(1.75,-0.004,0.006));
#7311=CARTESIAN_POINT('',(1.747,-0.004,0.00599999999999989));
#7312=CARTESIAN_POINT('',(1.747,0.,0.00599999999999989));
#7313=CARTESIAN_POINT('',(1.747,-0.004,0.00599999999999989));
#7314=CARTESIAN_POINT('',(1.747,-0.004,0.006));
#7315=CARTESIAN_POINT('',(1.747,0.,0.006));
#7316=CARTESIAN_POINT('',(0.,0.,0.));
#7317=CARTESIAN_POINT('',(0.996,0.242,0.008));
#7318=CARTESIAN_POINT('',(1.,0.242,0.008));
#7319=CARTESIAN_POINT('',(1.,0.242,0.));
#7320=CARTESIAN_POINT('',(1.,0.242,0.004));
#7321=CARTESIAN_POINT('',(0.996,0.242,0.004));
#7322=CARTESIAN_POINT('',(0.992,0.242,0.004));
#7323=CARTESIAN_POINT('',(0.992,0.242,0.008));
#7324=CARTESIAN_POINT('',(0.992,0.242,0.));
#7325=CARTESIAN_POINT('',(0.996,0.242,0.));
#7326=CARTESIAN_POINT('',(0.992,0.242,0.008));
#7327=CARTESIAN_POINT('',(0.992,0.242,0.004));
#7328=CARTESIAN_POINT('',(0.992,0.246,0.004));
#7329=CARTESIAN_POINT('',(0.992,0.246,0.008));
#7330=CARTESIAN_POINT('',(0.992,0.246,0.012));
#7331=CARTESIAN_POINT('',(0.992,0.242,0.012));
#7332=CARTESIAN_POINT('',(0.992,0.242,0.012));
#7333=CARTESIAN_POINT('',(0.992,0.242,0.008));
#7334=CARTESIAN_POINT('',(0.992,0.242,0.016));
#7335=CARTESIAN_POINT('',(0.992,0.242,0.016));
#7336=CARTESIAN_POINT('',(0.992,0.25,0.016));
#7337=CARTESIAN_POINT('',(0.992,0.25,0.008));
#7338=CARTESIAN_POINT('',(0.992,0.25,0.));
#7339=CARTESIAN_POINT('',(0.992,0.242,0.));
#7340=CARTESIAN_POINT('',(0.996,0.242,0.));
#7341=CARTESIAN_POINT('',(0.996,0.25,0.));
#7342=CARTESIAN_POINT('',(1.,0.25,0.));
#7343=CARTESIAN_POINT('',(1.,0.242,0.));
#7344=CARTESIAN_POINT('',(1.,0.242,0.008));
#7345=CARTESIAN_POINT('',(1.,0.242,0.008));
#7346=CARTESIAN_POINT('',(1.,0.242,0.012));
#7347=CARTESIAN_POINT('',(1.,0.242,0.016));
#7348=CARTESIAN_POINT('',(1.,0.242,0.012));
#7349=CARTESIAN_POINT('',(1.,0.246,0.012));
#7350=CARTESIAN_POINT('',(1.,0.246,0.008));
#7351=CARTESIAN_POINT('',(1.,0.246,0.004));
#7352=CARTESIAN_POINT('',(1.,0.242,0.004));
#7353=CARTESIAN_POINT('',(1.,0.25,0.008));
#7354=CARTESIAN_POINT('',(1.,0.25,0.016));
#7355=CARTESIAN_POINT('',(1.,0.242,0.016));
#7356=CARTESIAN_POINT('',(0.996,0.242,0.016));
#7357=CARTESIAN_POINT('',(0.996,0.25,0.016));
#7358=CARTESIAN_POINT('',(0.996,0.242,0.016));
#7359=CARTESIAN_POINT('',(0.996,0.242,0.008));
#7360=CARTESIAN_POINT('',(0.996,0.242,0.012));
#7361=CARTESIAN_POINT('',(0.996,0.25,0.008));
#7362=CARTESIAN_POINT('',(0.996,0.242,0.004));
#7363=CARTESIAN_POINT('',(0.996,0.246,0.004));
#7364=CARTESIAN_POINT('',(0.996,0.242,0.012));
#7365=CARTESIAN_POINT('',(0.996,0.246,0.012));
#7366=CARTESIAN_POINT('',(0.996,0.246,0.008));
#7367=CARTESIAN_POINT('',(0.,0.,0.));
#7368=CARTESIAN_POINT('',(-0.008,1.496,131.072));
#7369=CARTESIAN_POINT('',(-0.008,1.5,131.072));
#7370=CARTESIAN_POINT('',(0.,1.5,131.072));
#7371=CARTESIAN_POINT('',(-0.016,1.5,131.072));
#7372=CARTESIAN_POINT('',(0.,1.496,131.072));
#7373=CARTESIAN_POINT('',(0.,1.496,131.072));
#7374=CARTESIAN_POINT('',(-0.008,1.496,131.072));
#7375=CARTESIAN_POINT('',(-0.016,1.496,131.072));
#7376=CARTESIAN_POINT('',(-0.016,1.496,131.072));
#7377=CARTESIAN_POINT('',(0.,1.496,131.08));
#7378=CARTESIAN_POINT('',(0.,1.5,131.08));
#7379=CARTESIAN_POINT('',(0.,1.5,131.088));
#7380=CARTESIAN_POINT('',(0.,1.496,131.088));
#7381=CARTESIAN_POINT('',(0.,1.496,131.088));
#7382=CARTESIAN_POINT('',(0.,1.496,131.08));
#7383=CARTESIAN_POINT('',(-0.008,1.496,131.088));
#7384=CARTESIAN_POINT('',(-0.008,1.5,131.088));
#7385=CARTESIAN_POINT('',(-0.016,1.5,131.088));
#7386=CARTESIAN_POINT('',(-0.016,1.496,131.088));
#7387=CARTESIAN_POINT('',(-0.016,1.496,131.088));
#7388=CARTESIAN_POINT('',(-0.008,1.496,131.088));
#7389=CARTESIAN_POINT('',(-0.016,1.496,131.08));
#7390=CARTESIAN_POINT('',(-0.016,1.5,131.08));
#7391=CARTESIAN_POINT('',(-0.016,1.496,131.08));
#7392=CARTESIAN_POINT('',(-0.008,1.496,131.08));
#7393=CARTESIAN_POINT('',(-0.008,1.496,131.079998046875));
#7394=CARTESIAN_POINT('',(-0.012,1.496,131.079998046875));
#7395=CARTESIAN_POINT('',(-0.004,1.496,131.079998046875));
#7396=CARTESIAN_POINT('',(-0.012,1.496,131.08));
#7397=CARTESIAN_POINT('',(-0.012,1.496,131.080001953125));
#7398=CARTESIAN_POINT('',(-0.008,1.496,131.080001953125));
#7399=CARTESIAN_POINT('',(-0.004,1.496,131.080001953125));
#7400=CARTESIAN_POINT('',(-0.004,1.496,131.08));
#7401=CARTESIAN_POINT('',(-0.008,1.5,131.08));
#7402=CARTESIAN_POINT('',(-0.012,1.5,131.08));
#7403=CARTESIAN_POINT('',(-0.012,1.5,131.080001953125));
#7404=CARTESIAN_POINT('',(-0.012,1.5,131.079998046875));
#7405=CARTESIAN_POINT('',(-0.008,1.5,131.079998046875));
#7406=CARTESIAN_POINT('',(-0.004,1.5,131.079998046875));
#7407=CARTESIAN_POINT('',(-0.004,1.5,131.08));
#7408=CARTESIAN_POINT('',(-0.004,1.5,131.080001953125));
#7409=CARTESIAN_POINT('',(-0.008,1.5,131.080001953125));
#7410=CARTESIAN_POINT('',(-0.008,1.495,131.079998046875));
#7411=CARTESIAN_POINT('',(-0.004,1.495,131.079998046875));
#7412=CARTESIAN_POINT('',(-0.012,1.495,131.079998046875));
#7413=CARTESIAN_POINT('',(-0.004,1.495,131.08));
#7414=CARTESIAN_POINT('',(-0.004,1.495,131.080001953125));
#7415=CARTESIAN_POINT('',(-0.008,1.495,131.080001953125));
#7416=CARTESIAN_POINT('',(-0.012,1.495,131.080001953125));
#7417=CARTESIAN_POINT('',(-0.012,1.495,131.08));
#7418=CARTESIAN_POINT('',(0.,0.,0.));
#7419=CARTESIAN_POINT('',(1.5,-0.004,-0.008));
#7420=CARTESIAN_POINT('',(1.5,-0.004,-0.008));
#7421=CARTESIAN_POINT('',(1.5,-0.004,-0.006));
#7422=CARTESIAN_POINT('',(1.5,0.,-0.008));
#7423=CARTESIAN_POINT('',(1.5,0.,-0.006));
#7424=CARTESIAN_POINT('',(1.5,-0.004,-0.008));
#7425=CARTESIAN_POINT('',(1.5,0.,-0.008));
#7426=CARTESIAN_POINT('',(0.,0.,0.));
#7427=CARTESIAN_POINT('',(0.75,0.484,0.008));
#7428=CARTESIAN_POINT('',(0.75,0.484,0.008));
#7429=CARTESIAN_POINT('',(0.75,0.484,0.012));
#7430=CARTESIAN_POINT('',(0.75,0.5,0.008));
#7431=CARTESIAN_POINT('',(0.75,0.5,0.012));
#7432=CARTESIAN_POINT('',(0.75,0.484,0.008));
#7433=CARTESIAN_POINT('',(0.75,0.5,0.008));
#7434=CARTESIAN_POINT('',(0.,0.,0.));
#7435=CARTESIAN_POINT('',(1.494,0.742,0.));
#7436=CARTESIAN_POINT('',(1.494,0.75,0.));
#7437=CARTESIAN_POINT('',(1.5,0.75,0.));
#7438=CARTESIAN_POINT('',(1.488,0.75,0.));
#7439=CARTESIAN_POINT('',(1.5,0.742,0.));
#7440=CARTESIAN_POINT('',(1.5,0.742,0.));
#7441=CARTESIAN_POINT('',(1.494,0.742,0.));
#7442=CARTESIAN_POINT('',(1.488,0.742,0.));
#7443=CARTESIAN_POINT('',(1.488,0.742,0.));
#7444=CARTESIAN_POINT('',(1.5,0.742,0.008));
#7445=CARTESIAN_POINT('',(1.5,0.75,0.008));
#7446=CARTESIAN_POINT('',(1.5,0.75,0.016));
#7447=CARTESIAN_POINT('',(1.5,0.742,0.016));
#7448=CARTESIAN_POINT('',(1.5,0.742,0.016));
#7449=CARTESIAN_POINT('',(1.5,0.742,0.008));
#7450=CARTESIAN_POINT('',(1.494,0.742,0.016));
#7451=CARTESIAN_POINT('',(1.494,0.75,0.016));
#7452=CARTESIAN_POINT('',(1.49,0.75,0.016));
#7453=CARTESIAN_POINT('',(1.492,0.742,0.016));
#7454=CARTESIAN_POINT('',(1.492,0.742,0.016));
#7455=CARTESIAN_POINT('',(1.494,0.742,0.016));
#7456=CARTESIAN_POINT('',(1.488,0.742,0.008));
#7457=CARTESIAN_POINT('',(1.488,0.742,0.008));
#7458=CARTESIAN_POINT('',(1.488,0.742,0.012));
#7459=CARTESIAN_POINT('',(1.488,0.742,0.012));
#7460=CARTESIAN_POINT('',(1.488,0.75,0.014));
#7461=CARTESIAN_POINT('',(1.488,0.75,0.008));
#7462=CARTESIAN_POINT('',(1.494,0.742,0.008));
#7463=CARTESIAN_POINT('',(1.492,0.742,0.016));
#7464=CARTESIAN_POINT('',(1.49094356593455,0.742,0.016));
#7465=CARTESIAN_POINT('',(1.48887338547242,0.742,0.015130659182968));
#7466=CARTESIAN_POINT('',(1.488,0.742,0.0130564340654515));
#7467=CARTESIAN_POINT('',(1.488,0.742,0.012));
#7468=CARTESIAN_POINT('',(1.494,0.75,0.008));
#7469=CARTESIAN_POINT('',(1.488,0.75,0.014));
#7470=CARTESIAN_POINT('',(1.488,0.75,0.0145282170327258));
#7471=CARTESIAN_POINT('',(1.48843467040852,0.75,0.0155633072637926));
#7472=CARTESIAN_POINT('',(1.48947178296727,0.75,0.016));
#7473=CARTESIAN_POINT('',(1.49,0.75,0.016));
#7474=CARTESIAN_POINT('',(1.488,0.742,0.012));
#7475=CARTESIAN_POINT('',(1.488,0.744666666666667,0.0126666666666667));
#7476=CARTESIAN_POINT('',(1.488,0.747333333333332,0.0133333333333333));
#7477=CARTESIAN_POINT('',(1.488,0.75,0.014));
#7478=CARTESIAN_POINT('',(1.488,0.741999999999999,0.016));
#7479=CARTESIAN_POINT('',(1.488,0.744666666666667,0.016));
#7480=CARTESIAN_POINT('',(1.488,0.747333333333331,0.016));
#7481=CARTESIAN_POINT('',(1.488,0.749999999999999,0.016));
#7482=CARTESIAN_POINT('',(1.492,0.742,0.016));
#7483=CARTESIAN_POINT('',(1.49133333333333,0.744666666666669,0.016));
#7484=CARTESIAN_POINT('',(1.49066666666667,0.747333333333333,0.016));
#7485=CARTESIAN_POINT('',(1.49,0.75,0.016));
#7486=CARTESIAN_POINT('',(0.,0.,0.));
#7487=CARTESIAN_POINT('',(2.25,0.5,0.));
#7488=CARTESIAN_POINT('',(2.25,0.492,0.));
#7489=CARTESIAN_POINT('',(2.25,0.492,0.006));
#7490=CARTESIAN_POINT('',(2.25,0.508,0.));
#7491=CARTESIAN_POINT('',(2.25,0.508,-0.006));
#7492=CARTESIAN_POINT('',(2.25,0.488,0.));
#7493=CARTESIAN_POINT('',(0.,0.,0.));
#7494=CARTESIAN_POINT('',(1.25007932669684,-0.00099684867215033,0.008));
#7495=CARTESIAN_POINT('',(1.24546052454333,-0.00133018200548366,0.00804579928977666));
#7496=CARTESIAN_POINT('',(1.24311146011815,-0.00166351533881699,0.00406869893466499));
#7497=CARTESIAN_POINT('',(1.24076239569297,-0.00199684867215033,9.15985795533148E-5));
#7498=CARTESIAN_POINT('',(1.2430321334213,-0.00233018200548367,-0.00393130106533502));
#7499=CARTESIAN_POINT('',(1.24530187114964,-0.002663515338817,-0.00795420071022334));
#7500=CARTESIAN_POINT('',(1.24992067330316,-0.00299684867215033,-0.008));
#7501=CARTESIAN_POINT('',(1.25453947545667,-0.00333018200548366,-0.00804579928977666));
#7502=CARTESIAN_POINT('',(1.25688853988185,-0.00366351533881699,-0.00406869893466499));
#7503=CARTESIAN_POINT('',(1.25923760430703,-0.00399684867215033,-9.1598579553316E-5));
#7504=CARTESIAN_POINT('',(1.2569678665787,-0.00433018200548366,0.00393130106533501));
#7505=CARTESIAN_POINT('',(1.25469812885036,-0.004663515338817,0.00795420071022334));
#7506=CARTESIAN_POINT('',(1.25007932669684,-0.00499684867215033,0.008));
#7507=CARTESIAN_POINT('',(1.24546052454333,-0.00533018200548366,0.00804579928977666));
#7508=CARTESIAN_POINT('',(1.24311146011815,-0.005663515338817,0.00406869893466499));
#7509=CARTESIAN_POINT('',(1.24076239569297,-0.00599684867215032,9.15985795533148E-5));
#7510=CARTESIAN_POINT('',(1.2430321334213,-0.00633018200548366,-0.00393130106533502));
#7511=CARTESIAN_POINT('',(1.24530187114964,-0.00666351533881699,-0.00795420071022334));
#7512=CARTESIAN_POINT('',(1.24992067330316,-0.00699684867215033,-0.008));
#7513=CARTESIAN_POINT('',(1.25453947545667,-0.00733018200548367,-0.00804579928977666));
#7514=CARTESIAN_POINT('',(1.25688853988185,-0.007663515338817,-0.00406869893466499));
#7515=CARTESIAN_POINT('',(1.25923760430703,-0.00799684867215032,-9.1598579553316E-5));
#7516=CARTESIAN_POINT('',(1.2569678665787,-0.00833018200548366,0.00393130106533501));
#7517=CARTESIAN_POINT('',(1.25469812885036,-0.008663515338817,0.00795420071022334));
#7518=CARTESIAN_POINT('',(1.25007932669684,-0.00899684867215033,0.008));
#7519=CARTESIAN_POINT('',(1.25007932669684,-0.000996848672150329,0.01));
#7520=CARTESIAN_POINT('',(1.24430582400495,-0.00133018200548366,0.0100457992897767));
#7521=CARTESIAN_POINT('',(1.24137940931058,-0.001663515338817,0.00506869893466498));
#7522=CARTESIAN_POINT('',(1.23845299461621,-0.00199684867215033,9.1598579553315E-5));
#7523=CARTESIAN_POINT('',(1.24130008261373,-0.00233018200548366,-0.004931301065335));
#7524=CARTESIAN_POINT('',(1.24414717061126,-0.00266351533881699,-0.00995420071022334));
#7525=CARTESIAN_POINT('',(1.24992067330316,-0.00299684867215033,-0.01));
#7526=CARTESIAN_POINT('',(1.25569417599505,-0.00333018200548366,-0.0100457992897767));
#7527=CARTESIAN_POINT('',(1.25862059068942,-0.003663515338817,-0.00506869893466498));
#7528=CARTESIAN_POINT('',(1.26154700538379,-0.00399684867215033,-9.15985795533164E-5));
#7529=CARTESIAN_POINT('',(1.25869991738627,-0.00433018200548366,0.004931301065335));
#7530=CARTESIAN_POINT('',(1.25585282938874,-0.00466351533881699,0.00995420071022334));
#7531=CARTESIAN_POINT('',(1.25007932669684,-0.00499684867215033,0.01));
#7532=CARTESIAN_POINT('',(1.24430582400495,-0.00533018200548366,0.0100457992897767));
#7533=CARTESIAN_POINT('',(1.24137940931058,-0.00566351533881699,0.00506869893466498));
#7534=CARTESIAN_POINT('',(1.23845299461621,-0.00599684867215032,9.1598579553315E-5));
#7535=CARTESIAN_POINT('',(1.24130008261373,-0.00633018200548366,-0.004931301065335));
#7536=CARTESIAN_POINT('',(1.24414717061126,-0.00666351533881699,-0.00995420071022334));
#7537=CARTESIAN_POINT('',(1.24992067330316,-0.00699684867215032,-0.01));
#7538=CARTESIAN_POINT('',(1.25569417599505,-0.00733018200548365,-0.0100457992897767));
#7539=CARTESIAN_POINT('',(1.25862059068942,-0.007663515338817,-0.00506869893466498));
#7540=CARTESIAN_POINT('',(1.26154700538379,-0.00799684867215034,-9.15985795533164E-5));
#7541=CARTESIAN_POINT('',(1.25869991738627,-0.00833018200548366,0.004931301065335));
#7542=CARTESIAN_POINT('',(1.25585282938874,-0.008663515338817,0.00995420071022334));
#7543=CARTESIAN_POINT('',(1.25007932669684,-0.00899684867215033,0.01));
#7544=CARTESIAN_POINT('',(1.24992067330316,0.000996848672150329,0.01));
#7545=CARTESIAN_POINT('',(1.24414717061126,0.000663515338816997,0.00995420071022334));
#7546=CARTESIAN_POINT('',(1.24130008261373,0.000330182005483662,0.00493130106533502));
#7547=CARTESIAN_POINT('',(1.23845299461621,-3.15132784967065E-6,-9.15985795533136E-5));
#7548=CARTESIAN_POINT('',(1.24137940931058,-0.000336484661183004,-0.00506869893466498));
#7549=CARTESIAN_POINT('',(1.24430582400495,-0.000669817994516338,-0.0100457992897767));
#7550=CARTESIAN_POINT('',(1.25007932669684,-0.00100315132784967,-0.01));
#7551=CARTESIAN_POINT('',(1.25585282938874,-0.001336484661183,-0.00995420071022334));
#7552=CARTESIAN_POINT('',(1.25869991738627,-0.00166981799451634,-0.00493130106533502));
#7553=CARTESIAN_POINT('',(1.26154700538379,-0.00200315132784967,9.15985795533121E-5));
#7554=CARTESIAN_POINT('',(1.25862059068942,-0.002336484661183,0.00506869893466498));
#7555=CARTESIAN_POINT('',(1.25569417599505,-0.00266981799451634,0.0100457992897766));
#7556=CARTESIAN_POINT('',(1.24992067330316,-0.00300315132784967,0.01));
#7557=CARTESIAN_POINT('',(1.24414717061126,-0.003336484661183,0.00995420071022334));
#7558=CARTESIAN_POINT('',(1.24130008261373,-0.00366981799451634,0.00493130106533502));
#7559=CARTESIAN_POINT('',(1.23845299461621,-0.00400315132784967,-9.15985795533136E-5));
#7560=CARTESIAN_POINT('',(1.24137940931058,-0.004336484661183,-0.00506869893466498));
#7561=CARTESIAN_POINT('',(1.24430582400495,-0.00466981799451633,-0.0100457992897767));
#7562=CARTESIAN_POINT('',(1.25007932669684,-0.00500315132784967,-0.01));
#7563=CARTESIAN_POINT('',(1.25585282938874,-0.00533648466118301,-0.00995420071022334));
#7564=CARTESIAN_POINT('',(1.25869991738627,-0.00566981799451633,-0.00493130106533502));
#7565=CARTESIAN_POINT('',(1.26154700538379,-0.00600315132784968,9.15985795533121E-5));
#7566=CARTESIAN_POINT('',(1.25862059068942,-0.00633648466118301,0.00506869893466498));
#7567=CARTESIAN_POINT('',(1.25569417599505,-0.00666981799451634,0.0100457992897766));
#7568=CARTESIAN_POINT('',(1.24992067330316,-0.00700315132784967,0.01));
#7569=CARTESIAN_POINT('',(1.24992067330316,0.00099684867215033,0.008));
#7570=CARTESIAN_POINT('',(1.24530187114964,0.000663515338816996,0.00795420071022334));
#7571=CARTESIAN_POINT('',(1.2430321334213,0.000330182005483663,0.00393130106533502));
#7572=CARTESIAN_POINT('',(1.24076239569297,-3.15132784967044E-6,-9.15985795533138E-5));
#7573=CARTESIAN_POINT('',(1.24311146011815,-0.000336484661183003,-0.00406869893466499));
#7574=CARTESIAN_POINT('',(1.24546052454333,-0.000669817994516337,-0.00804579928977666));
#7575=CARTESIAN_POINT('',(1.25007932669684,-0.00100315132784967,-0.008));
#7576=CARTESIAN_POINT('',(1.25469812885036,-0.001336484661183,-0.00795420071022334));
#7577=CARTESIAN_POINT('',(1.2569678665787,-0.00166981799451634,-0.00393130106533502));
#7578=CARTESIAN_POINT('',(1.25923760430703,-0.00200315132784967,9.15985795533126E-5));
#7579=CARTESIAN_POINT('',(1.25688853988185,-0.00233648466118301,0.00406869893466498));
#7580=CARTESIAN_POINT('',(1.25453947545667,-0.00266981799451633,0.00804579928977666));
#7581=CARTESIAN_POINT('',(1.24992067330316,-0.00300315132784967,0.008));
#7582=CARTESIAN_POINT('',(1.24530187114964,-0.003336484661183,0.00795420071022334));
#7583=CARTESIAN_POINT('',(1.2430321334213,-0.00366981799451633,0.00393130106533502));
#7584=CARTESIAN_POINT('',(1.24076239569297,-0.00400315132784967,-9.15985795533138E-5));
#7585=CARTESIAN_POINT('',(1.24311146011815,-0.004336484661183,-0.00406869893466499));
#7586=CARTESIAN_POINT('',(1.24546052454333,-0.00466981799451634,-0.00804579928977666));
#7587=CARTESIAN_POINT('',(1.25007932669684,-0.00500315132784967,-0.008));
#7588=CARTESIAN_POINT('',(1.25469812885036,-0.005336484661183,-0.00795420071022334));
#7589=CARTESIAN_POINT('',(1.2569678665787,-0.00566981799451634,-0.00393130106533502));
#7590=CARTESIAN_POINT('',(1.25923760430703,-0.00600315132784967,9.15985795533126E-5));
#7591=CARTESIAN_POINT('',(1.25688853988185,-0.006336484661183,0.00406869893466498));
#7592=CARTESIAN_POINT('',(1.25453947545667,-0.00666981799451634,0.00804579928977666));
#7593=CARTESIAN_POINT('',(1.24992067330316,-0.00700315132784967,0.008));
#7594=CARTESIAN_POINT('',(1.24992067330316,0.000996848672150329,0.006));
#7595=CARTESIAN_POINT('',(1.24645657168802,0.000663515338816997,0.00595420071022334));
#7596=CARTESIAN_POINT('',(1.24476418422887,0.000330182005483663,0.00293130106533501));
#7597=CARTESIAN_POINT('',(1.24307179676972,-3.15132784967022E-6,-9.15985795533138E-5));
#7598=CARTESIAN_POINT('',(1.24484351092571,-0.000336484661183003,-0.00306869893466499));
#7599=CARTESIAN_POINT('',(1.24661522508171,-0.000669817994516336,-0.00604579928977665));
#7600=CARTESIAN_POINT('',(1.25007932669684,-0.00100315132784967,-0.006));
#7601=CARTESIAN_POINT('',(1.25354342831198,-0.001336484661183,-0.00595420071022334));
#7602=CARTESIAN_POINT('',(1.25523581577113,-0.00166981799451633,-0.00293130106533502));
#7603=CARTESIAN_POINT('',(1.25692820323027,-0.00200315132784967,9.15985795533129E-5));
#7604=CARTESIAN_POINT('',(1.25515648907428,-0.002336484661183,0.00306869893466498));
#7605=CARTESIAN_POINT('',(1.25338477491829,-0.00266981799451634,0.00604579928977665));
#7606=CARTESIAN_POINT('',(1.24992067330316,-0.00300315132784967,0.006));
#7607=CARTESIAN_POINT('',(1.24645657168802,-0.003336484661183,0.00595420071022334));
#7608=CARTESIAN_POINT('',(1.24476418422887,-0.00366981799451634,0.00293130106533501));
#7609=CARTESIAN_POINT('',(1.24307179676972,-0.00400315132784967,-9.15985795533138E-5));
#7610=CARTESIAN_POINT('',(1.24484351092571,-0.004336484661183,-0.00306869893466499));
#7611=CARTESIAN_POINT('',(1.24661522508171,-0.00466981799451633,-0.00604579928977665));
#7612=CARTESIAN_POINT('',(1.25007932669684,-0.00500315132784967,-0.006));
#7613=CARTESIAN_POINT('',(1.25354342831198,-0.00533648466118301,-0.00595420071022334));
#7614=CARTESIAN_POINT('',(1.25523581577113,-0.00566981799451633,-0.00293130106533502));
#7615=CARTESIAN_POINT('',(1.25692820323027,-0.00600315132784968,9.15985795533129E-5));
#7616=CARTESIAN_POINT('',(1.25515648907428,-0.00633648466118301,0.00306869893466498));
#7617=CARTESIAN_POINT('',(1.25338477491829,-0.00666981799451634,0.00604579928977665));
#7618=CARTESIAN_POINT('',(1.24992067330316,-0.00700315132784967,0.006));
#7619=CARTESIAN_POINT('',(1.25007932669684,-0.000996848672150329,0.006));
#7620=CARTESIAN_POINT('',(1.24661522508171,-0.00133018200548366,0.00604579928977665));
#7621=CARTESIAN_POINT('',(1.24484351092571,-0.001663515338817,0.00306869893466499));
#7622=CARTESIAN_POINT('',(1.24307179676972,-0.00199684867215033,9.15985795533147E-5));
#7623=CARTESIAN_POINT('',(1.24476418422887,-0.00233018200548366,-0.00293130106533501));
#7624=CARTESIAN_POINT('',(1.24645657168802,-0.00266351533881699,-0.00595420071022334));
#7625=CARTESIAN_POINT('',(1.24992067330316,-0.00299684867215033,-0.006));
#7626=CARTESIAN_POINT('',(1.25338477491829,-0.00333018200548366,-0.00604579928977665));
#7627=CARTESIAN_POINT('',(1.25515648907428,-0.003663515338817,-0.00306869893466499));
#7628=CARTESIAN_POINT('',(1.25692820323027,-0.00399684867215033,-9.15985795533155E-5));
#7629=CARTESIAN_POINT('',(1.25523581577113,-0.00433018200548366,0.00293130106533501));
#7630=CARTESIAN_POINT('',(1.25354342831198,-0.00466351533881699,0.00595420071022334));
#7631=CARTESIAN_POINT('',(1.25007932669684,-0.00499684867215033,0.006));
#7632=CARTESIAN_POINT('',(1.24661522508171,-0.00533018200548366,0.00604579928977665));
#7633=CARTESIAN_POINT('',(1.24484351092571,-0.00566351533881699,0.00306869893466499));
#7634=CARTESIAN_POINT('',(1.24307179676972,-0.00599684867215032,9.15985795533147E-5));
#7635=CARTESIAN_POINT('',(1.24476418422887,-0.00633018200548366,-0.00293130106533501));
#7636=CARTESIAN_POINT('',(1.24645657168802,-0.00666351533881699,-0.00595420071022334));
#7637=CARTESIAN_POINT('',(1.24992067330316,-0.00699684867215032,-0.006));
#7638=CARTESIAN_POINT('',(1.25338477491829,-0.00733018200548365,-0.00604579928977665));
#7639=CARTESIAN_POINT('',(1.25515648907428,-0.007663515338817,-0.00306869893466499));
#7640=CARTESIAN_POINT('',(1.25692820323027,-0.00799684867215034,-9.15985795533155E-5));
#7641=CARTESIAN_POINT('',(1.25523581577113,-0.00833018200548366,0.00293130106533501));
#7642=CARTESIAN_POINT('',(1.25354342831198,-0.008663515338817,0.00595420071022334));
#7643=CARTESIAN_POINT('',(1.25007932669684,-0.00899684867215033,0.006));
#7644=CARTESIAN_POINT('',(1.25007932669684,-0.00099684867215033,0.008));
#7645=CARTESIAN_POINT('',(1.24546052454333,-0.00133018200548366,0.00804579928977666));
#7646=CARTESIAN_POINT('',(1.24311146011815,-0.00166351533881699,0.00406869893466499));
#7647=CARTESIAN_POINT('',(1.24076239569297,-0.00199684867215033,9.15985795533148E-5));
#7648=CARTESIAN_POINT('',(1.2430321334213,-0.00233018200548367,-0.00393130106533502));
#7649=CARTESIAN_POINT('',(1.24530187114964,-0.002663515338817,-0.00795420071022334));
#7650=CARTESIAN_POINT('',(1.24992067330316,-0.00299684867215033,-0.008));
#7651=CARTESIAN_POINT('',(1.25453947545667,-0.00333018200548366,-0.00804579928977666));
#7652=CARTESIAN_POINT('',(1.25688853988185,-0.00366351533881699,-0.00406869893466499));
#7653=CARTESIAN_POINT('',(1.25923760430703,-0.00399684867215033,-9.1598579553316E-5));
#7654=CARTESIAN_POINT('',(1.2569678665787,-0.00433018200548366,0.00393130106533501));
#7655=CARTESIAN_POINT('',(1.25469812885036,-0.004663515338817,0.00795420071022334));
#7656=CARTESIAN_POINT('',(1.25007932669684,-0.00499684867215033,0.008));
#7657=CARTESIAN_POINT('',(1.24546052454333,-0.00533018200548366,0.00804579928977666));
#7658=CARTESIAN_POINT('',(1.24311146011815,-0.005663515338817,0.00406869893466499));
#7659=CARTESIAN_POINT('',(1.24076239569297,-0.00599684867215032,9.15985795533148E-5));
#7660=CARTESIAN_POINT('',(1.2430321334213,-0.00633018200548366,-0.00393130106533502));
#7661=CARTESIAN_POINT('',(1.24530187114964,-0.00666351533881699,-0.00795420071022334));
#7662=CARTESIAN_POINT('',(1.24992067330316,-0.00699684867215033,-0.008));
#7663=CARTESIAN_POINT('',(1.25453947545667,-0.00733018200548367,-0.00804579928977666));
#7664=CARTESIAN_POINT('',(1.25688853988185,-0.007663515338817,-0.00406869893466499));
#7665=CARTESIAN_POINT('',(1.25923760430703,-0.00799684867215032,-9.1598579553316E-5));
#7666=CARTESIAN_POINT('',(1.2569678665787,-0.00833018200548366,0.00393130106533501));
#7667=CARTESIAN_POINT('',(1.25469812885036,-0.008663515338817,0.00795420071022334));
#7668=CARTESIAN_POINT('',(1.25007932669684,-0.00899684867215033,0.008));
#7669=CARTESIAN_POINT('',(1.25,-0.008,0.00800000000000061));
#7670=CARTESIAN_POINT('',(1.25007932669684,-0.00899684867215033,0.00800000000000061));
#7671=CARTESIAN_POINT('',(1.25,1.04182221441382E-19,0.008));
#7672=CARTESIAN_POINT('',(1.25007932669684,-0.000996848672150329,0.008));
#7673=CARTESIAN_POINT('',(1.25,-0.008,0.00800000000000061));
#7674=CARTESIAN_POINT('',(1.25,6.91702717430193E-18,0.008));
#7675=CARTESIAN_POINT('',(0.,0.,0.));
#7676=CARTESIAN_POINT('',(1.242,0.734,0.));
#7677=CARTESIAN_POINT('',(1.25,0.746,0.));
#7678=CARTESIAN_POINT('',(1.234,0.746,0.));
#7679=CARTESIAN_POINT('',(1.246,0.746,0.));
#7680=CARTESIAN_POINT('',(1.246,0.734,0.));
#7681=CARTESIAN_POINT('',(1.246,0.734,0.));
#7682=CARTESIAN_POINT('',(1.242,0.734,0.));
#7683=CARTESIAN_POINT('',(1.234,0.734,0.));
#7684=CARTESIAN_POINT('',(1.234,0.734,0.));
#7685=CARTESIAN_POINT('',(1.25,0.734,0.008));
#7686=CARTESIAN_POINT('',(1.25,0.734,0.008));
#7687=CARTESIAN_POINT('',(1.25,0.734,0.004));
#7688=CARTESIAN_POINT('',(1.25,0.734,0.016));
#7689=CARTESIAN_POINT('',(1.25,0.75,0.004));
#7690=CARTESIAN_POINT('',(1.25,0.746,0.004));
#7691=CARTESIAN_POINT('',(1.25,0.746,0.008));
#7692=CARTESIAN_POINT('',(1.25,0.746,0.016));
#7693=CARTESIAN_POINT('',(1.25,0.734,0.016));
#7694=CARTESIAN_POINT('',(1.242,0.734,0.016));
#7695=CARTESIAN_POINT('',(1.246,0.746,0.016));
#7696=CARTESIAN_POINT('',(1.246,0.75,0.016));
#7697=CARTESIAN_POINT('',(1.242,0.75,0.016));
#7698=CARTESIAN_POINT('',(1.234,0.75,0.016));
#7699=CARTESIAN_POINT('',(1.234,0.734,0.016));
#7700=CARTESIAN_POINT('',(1.234,0.734,0.016));
#7701=CARTESIAN_POINT('',(1.242,0.734,0.016));
#7702=CARTESIAN_POINT('',(1.234,0.734,0.008));
#7703=CARTESIAN_POINT('',(1.234,0.75,0.008));
#7704=CARTESIAN_POINT('',(1.234,0.75,0.004));
#7705=CARTESIAN_POINT('',(1.234,0.746,0.004));
#7706=CARTESIAN_POINT('',(1.234,0.734,0.008));
#7707=CARTESIAN_POINT('',(1.242,0.734,0.008));
#7708=CARTESIAN_POINT('',(1.246,0.734,0.004));
#7709=CARTESIAN_POINT('',(1.242,0.75,0.008));
#7710=CARTESIAN_POINT('',(1.246,0.75,0.008));
#7711=CARTESIAN_POINT('',(1.246,0.75,0.004));
#7712=CARTESIAN_POINT('',(1.234,0.75,0.004));
#7713=CARTESIAN_POINT('',(1.246,0.746,0.008));
#7714=CARTESIAN_POINT('',(1.246,0.746,0.004));
#7715=CARTESIAN_POINT('',(1.242,0.746,0.004));
#7716=CARTESIAN_POINT('',(1.246,0.746,0.004));
#7717=CARTESIAN_POINT('',(1.246,0.746,0.004));
#7718=CARTESIAN_POINT('',(1.246,0.746,0.004));
#7719=CARTESIAN_POINT('',(1.246,0.734,0.004));
#7720=CARTESIAN_POINT('',(0.,0.,0.));
#7721=CARTESIAN_POINT('',(0.,0.,0.));
#7722=CARTESIAN_POINT('',(0.996,-0.006,0.002));
#7723=CARTESIAN_POINT('',(0.994,-0.006,0.002));
#7724=CARTESIAN_POINT('',(0.998,-0.006,0.002));
#7725=CARTESIAN_POINT('',(0.992,0.,0.));
#7726=CARTESIAN_POINT('',(0.992,0.,0.));
#7727=CARTESIAN_POINT('',(0.996,0.,0.));
#7728=CARTESIAN_POINT('',(1.,0.,0.));
#7729=CARTESIAN_POINT('',(1.,0.,0.));
#7730=CARTESIAN_POINT('',(0.8928,0.2976,0.));
#7731=CARTESIAN_POINT('',(0.994,-0.006,0.004));
#7732=CARTESIAN_POINT('',(0.994,-0.006,0.006));
#7733=CARTESIAN_POINT('',(0.992,0.,0.008));
#7734=CARTESIAN_POINT('',(0.992,0.,0.008));
#7735=CARTESIAN_POINT('',(0.992,0.,0.004));
#7736=CARTESIAN_POINT('',(0.,-0.0024,0.0072));
#7737=CARTESIAN_POINT('',(0.996,-0.006,0.006));
#7738=CARTESIAN_POINT('',(0.998,-0.006,0.006));
#7739=CARTESIAN_POINT('',(1.,0.,0.008));
#7740=CARTESIAN_POINT('',(1.,0.,0.008));
#7741=CARTESIAN_POINT('',(0.996,0.,0.008));
#7742=CARTESIAN_POINT('',(0.9,-0.3,0.));
#7743=CARTESIAN_POINT('',(0.998,-0.006,0.004));
#7744=CARTESIAN_POINT('',(1.,0.,0.004));
#7745=CARTESIAN_POINT('',(0.996,-0.006,0.004));
#7746=CARTESIAN_POINT('',(0.996,0.,0.004));
#7747=CARTESIAN_POINT('',(0.,0.,0.));
#7748=CARTESIAN_POINT('',(1.496,0.242,0.));
#7749=CARTESIAN_POINT('',(1.496,0.25,0.));
#7750=CARTESIAN_POINT('',(1.5,0.25,0.));
#7751=CARTESIAN_POINT('',(1.492,0.25,0.));
#7752=CARTESIAN_POINT('',(1.5,0.242,0.));
#7753=CARTESIAN_POINT('',(1.5,0.242,0.));
#7754=CARTESIAN_POINT('',(1.496,0.242,0.));
#7755=CARTESIAN_POINT('',(1.492,0.242,0.));
#7756=CARTESIAN_POINT('',(1.492,0.242,0.));
#7757=CARTESIAN_POINT('',(1.5,0.242,0.004));
#7758=CARTESIAN_POINT('',(1.5,0.25,0.004));
#7759=CARTESIAN_POINT('',(1.5,0.25,0.008));
#7760=CARTESIAN_POINT('',(1.5,0.242,0.008));
#7761=CARTESIAN_POINT('',(1.5,0.242,0.008));
#7762=CARTESIAN_POINT('',(1.5,0.242,0.004));
#7763=CARTESIAN_POINT('',(1.496,0.242,0.008));
#7764=CARTESIAN_POINT('',(1.496,0.25,0.008));
#7765=CARTESIAN_POINT('',(1.492,0.25,0.008));
#7766=CARTESIAN_POINT('',(1.492,0.242,0.008));
#7767=CARTESIAN_POINT('',(1.492,0.242,0.008));
#7768=CARTESIAN_POINT('',(1.496,0.242,0.008));
#7769=CARTESIAN_POINT('',(1.492,0.242,0.004));
#7770=CARTESIAN_POINT('',(1.492,0.25,0.004));
#7771=CARTESIAN_POINT('',(1.492,0.242,0.004));
#7772=CARTESIAN_POINT('',(1.496,0.242,0.004));
#7773=CARTESIAN_POINT('',(1.496,0.25,0.004));
#7774=CARTESIAN_POINT('',(0.,0.,0.));
#7775=CARTESIAN_POINT('',(1.992,0.742,0.008));
#7776=CARTESIAN_POINT('',(1.992,0.742,0.));
#7777=CARTESIAN_POINT('',(2.,0.742,0.));
#7778=CARTESIAN_POINT('',(1.984,0.742,0.));
#7779=CARTESIAN_POINT('',(2.,0.742,0.008));
#7780=CARTESIAN_POINT('',(2.,0.742,0.016));
#7781=CARTESIAN_POINT('',(1.992,0.742,0.016));
#7782=CARTESIAN_POINT('',(1.984,0.742,0.016));
#7783=CARTESIAN_POINT('',(1.984,0.742,0.008));
#7784=CARTESIAN_POINT('',(1.998,0.742,0.008));
#7785=CARTESIAN_POINT('',(1.998,0.742,0.002));
#7786=CARTESIAN_POINT('',(1.998,0.742,0.014));
#7787=CARTESIAN_POINT('',(1.992,0.742,0.002));
#7788=CARTESIAN_POINT('',(1.986,0.742,0.002));
#7789=CARTESIAN_POINT('',(1.986,0.742,0.008));
#7790=CARTESIAN_POINT('',(1.986,0.742,0.014));
#7791=CARTESIAN_POINT('',(1.992,0.742,0.014));
#7792=CARTESIAN_POINT('',(1.992,0.742,0.));
#7793=CARTESIAN_POINT('',(1.992,0.75,0.));
#7794=CARTESIAN_POINT('',(2.,0.75,0.));
#7795=CARTESIAN_POINT('',(1.984,0.75,0.));
#7796=CARTESIAN_POINT('',(2.,0.742,0.));
#7797=CARTESIAN_POINT('',(1.984,0.742,0.));
#7798=CARTESIAN_POINT('',(2.,0.742,0.008));
#7799=CARTESIAN_POINT('',(2.,0.75,0.008));
#7800=CARTESIAN_POINT('',(2.,0.75,0.016));
#7801=CARTESIAN_POINT('',(2.,0.742,0.016));
#7802=CARTESIAN_POINT('',(1.992,0.742,0.016));
#7803=CARTESIAN_POINT('',(1.992,0.75,0.016));
#7804=CARTESIAN_POINT('',(1.984,0.75,0.016));
#7805=CARTESIAN_POINT('',(1.984,0.742,0.016));
#7806=CARTESIAN_POINT('',(1.984,0.742,0.008));
#7807=CARTESIAN_POINT('',(1.984,0.75,0.008));
#7808=CARTESIAN_POINT('',(1.992,0.75,0.008));
#7809=CARTESIAN_POINT('',(1.992,0.742,0.002));
#7810=CARTESIAN_POINT('',(1.992,0.748,0.002));
#7811=CARTESIAN_POINT('',(1.998,0.748,0.002));
#7812=CARTESIAN_POINT('',(1.986,0.748,0.002));
#7813=CARTESIAN_POINT('',(1.986,0.742,0.002));
#7814=CARTESIAN_POINT('',(1.998,0.742,0.002));
#7815=CARTESIAN_POINT('',(1.998,0.742,0.008));
#7816=CARTESIAN_POINT('',(1.998,0.748,0.008));
#7817=CARTESIAN_POINT('',(1.998,0.748,0.014));
#7818=CARTESIAN_POINT('',(1.998,0.742,0.014));
#7819=CARTESIAN_POINT('',(1.992,0.742,0.014));
#7820=CARTESIAN_POINT('',(1.992,0.748,0.014));
#7821=CARTESIAN_POINT('',(1.986,0.748,0.014));
#7822=CARTESIAN_POINT('',(1.986,0.742,0.014));
#7823=CARTESIAN_POINT('',(1.986,0.742,0.008));
#7824=CARTESIAN_POINT('',(1.986,0.748,0.008));
#7825=CARTESIAN_POINT('',(1.992,0.748,0.008));
#7826=CARTESIAN_POINT('',(0.,0.,0.));
#7827=CARTESIAN_POINT('',(1.,0.742,0.));
#7828=CARTESIAN_POINT('',(1.,0.744,0.));
#7829=CARTESIAN_POINT('',(1.,0.744,-0.008));
#7830=CARTESIAN_POINT('',(1.,0.75,0.));
#7831=CARTESIAN_POINT('',(1.,0.75,-0.008));
#7832=CARTESIAN_POINT('',(1.,0.742,0.));
#7833=CARTESIAN_POINT('',(1.,0.742,0.));
#7834=CARTESIAN_POINT('',(1.,0.742,-0.006));
#7835=CARTESIAN_POINT('',(1.,0.75,0.));
#7836=CARTESIAN_POINT('',(1.,0.742,0.));
#7837=MECHANICAL_DESIGN_GEOMETRIC_PRESENTATION_REPRESENTATION('',(#4252),
#7886);
#7838=MECHANICAL_DESIGN_GEOMETRIC_PRESENTATION_REPRESENTATION('',(#4253),
#7887);
#7839=MECHANICAL_DESIGN_GEOMETRIC_PRESENTATION_REPRESENTATION('',(#4254),
#7888);
#7840=MECHANICAL_DESIGN_GEOMETRIC_PRESENTATION_REPRESENTATION('',(#4255),
#7889);
#7841=MECHANICAL_DESIGN_GEOMETRIC_PRESENTATION_REPRESENTATION('',(#4256),
#7890);
#7842=MECHANICAL_DESIGN_GEOMETRIC_PRESENTATION_REPRESENTATION('',(#4257),
#7891);
#7843=MECHANICAL_DESIGN_GEOMETRIC_PRESENTATION_REPRESENTATION('',(#4258),
#7892);
#7844=MECHANICAL_DESIGN_GEOMETRIC_PRESENTATION_REPRESENTATION('',(#4259),
#7893);
#7845=MECHANICAL_DESIGN_GEOMETRIC_PRESENTATION_REPRESENTATION('',(#4260),
#7894);
#7846=MECHANICAL_DESIGN_GEOMETRIC_PRESENTATION_REPRESENTATION('',(#4261),
#7895);
#7847=MECHANICAL_DESIGN_GEOMETRIC_PRESENTATION_REPRESENTATION('',(#4262),
#7896);
#7848=MECHANICAL_DESIGN_GEOMETRIC_PRESENTATION_REPRESENTATION('',(#4263),
#7897);
#7849=MECHANICAL_DESIGN_GEOMETRIC_PRESENTATION_REPRESENTATION('',(#4264),
#7898);
#7850=MECHANICAL_DESIGN_GEOMETRIC_PRESENTATION_REPRESENTATION('',(#4265),
#7899);
#7851=MECHANICAL_DESIGN_GEOMETRIC_PRESENTATION_REPRESENTATION('',(#4266),
#7900);
#7852=MECHANICAL_DESIGN_GEOMETRIC_PRESENTATION_REPRESENTATION('',(#4267),
#7901);
#7853=MECHANICAL_DESIGN_GEOMETRIC_PRESENTATION_REPRESENTATION('',(#4268),
#7902);
#7854=MECHANICAL_DESIGN_GEOMETRIC_PRESENTATION_REPRESENTATION('',(#4269),
#7903);
#7855=MECHANICAL_DESIGN_GEOMETRIC_PRESENTATION_REPRESENTATION('',(#4270),
#7904);
#7856=MECHANICAL_DESIGN_GEOMETRIC_PRESENTATION_REPRESENTATION('',(#4271),
#7905);
#7857=MECHANICAL_DESIGN_GEOMETRIC_PRESENTATION_REPRESENTATION('',(#4272),
#7906);
#7858=MECHANICAL_DESIGN_GEOMETRIC_PRESENTATION_REPRESENTATION('',(#4273),
#7907);
#7859=MECHANICAL_DESIGN_GEOMETRIC_PRESENTATION_REPRESENTATION('',(#4274),
#7908);
#7860=MECHANICAL_DESIGN_GEOMETRIC_PRESENTATION_REPRESENTATION('',(#4275),
#7909);
#7861=MECHANICAL_DESIGN_GEOMETRIC_PRESENTATION_REPRESENTATION('',(#4276),
#7910);
#7862=MECHANICAL_DESIGN_GEOMETRIC_PRESENTATION_REPRESENTATION('',(#4277),
#7911);
#7863=MECHANICAL_DESIGN_GEOMETRIC_PRESENTATION_REPRESENTATION('',(#4278),
#7912);
#7864=MECHANICAL_DESIGN_GEOMETRIC_PRESENTATION_REPRESENTATION('',(#4279),
#7913);
#7865=MECHANICAL_DESIGN_GEOMETRIC_PRESENTATION_REPRESENTATION('',(#4280),
#7914);
#7866=MECHANICAL_DESIGN_GEOMETRIC_PRESENTATION_REPRESENTATION('',(#4281),
#7915);
#7867=MECHANICAL_DESIGN_GEOMETRIC_PRESENTATION_REPRESENTATION('',(#4282),
#7916);
#7868=MECHANICAL_DESIGN_GEOMETRIC_PRESENTATION_REPRESENTATION('',(#4283),
#7917);
#7869=MECHANICAL_DESIGN_GEOMETRIC_PRESENTATION_REPRESENTATION('',(#4284),
#7918);
#7870=MECHANICAL_DESIGN_GEOMETRIC_PRESENTATION_REPRESENTATION('',(#4285),
#7919);
#7871=MECHANICAL_DESIGN_GEOMETRIC_PRESENTATION_REPRESENTATION('',(#4286),
#7920);
#7872=MECHANICAL_DESIGN_GEOMETRIC_PRESENTATION_REPRESENTATION('',(#4287),
#7921);
#7873=MECHANICAL_DESIGN_GEOMETRIC_PRESENTATION_REPRESENTATION('',(#4288),
#7922);
#7874=MECHANICAL_DESIGN_GEOMETRIC_PRESENTATION_REPRESENTATION('',(#4289),
#7923);
#7875=MECHANICAL_DESIGN_GEOMETRIC_PRESENTATION_REPRESENTATION('',(#4290),
#7924);
#7876=MECHANICAL_DESIGN_GEOMETRIC_PRESENTATION_REPRESENTATION('',(#4291),
#7925);
#7877=MECHANICAL_DESIGN_GEOMETRIC_PRESENTATION_REPRESENTATION('',(#4292),
#7926);
#7878=MECHANICAL_DESIGN_GEOMETRIC_PRESENTATION_REPRESENTATION('',(#4293),
#7927);
#7879=MECHANICAL_DESIGN_GEOMETRIC_PRESENTATION_REPRESENTATION('',(#4294),
#7928);
#7880=MECHANICAL_DESIGN_GEOMETRIC_PRESENTATION_REPRESENTATION('',(#4295),
#7929);
#7881=MECHANICAL_DESIGN_GEOMETRIC_PRESENTATION_REPRESENTATION('',(#4296),
#7930);
#7882=MECHANICAL_DESIGN_GEOMETRIC_PRESENTATION_REPRESENTATION('',(#4297),
#7931);
#7883=MECHANICAL_DESIGN_GEOMETRIC_PRESENTATION_REPRESENTATION('',(#4298),
#7932);
#7884=MECHANICAL_DESIGN_GEOMETRIC_PRESENTATION_REPRESENTATION('',(#4299),
#7933);
#7885=MECHANICAL_DESIGN_GEOMETRIC_PRESENTATION_REPRESENTATION('',(#4300),
#7934);
#7886=(
GEOMETRIC_REPRESENTATION_CONTEXT(3)
GLOBAL_UNCERTAINTY_ASSIGNED_CONTEXT((#7935))
GLOBAL_UNIT_ASSIGNED_CONTEXT((#8082,#8033,#7984))
REPRESENTATION_CONTEXT('AC03_0_V2','TOP_LEVEL_ASSEMBLY_PART')
);
#7887=(
GEOMETRIC_REPRESENTATION_CONTEXT(3)
GLOBAL_UNCERTAINTY_ASSIGNED_CONTEXT((#7936))
GLOBAL_UNIT_ASSIGNED_CONTEXT((#8083,#8034,#7985))
REPRESENTATION_CONTEXT('AC09_1_V2','TOP_LEVEL_ASSEMBLY_PART')
);
#7888=(
GEOMETRIC_REPRESENTATION_CONTEXT(3)
GLOBAL_UNCERTAINTY_ASSIGNED_CONTEXT((#7937))
GLOBAL_UNIT_ASSIGNED_CONTEXT((#8084,#8035,#7986))
REPRESENTATION_CONTEXT('AC08_3_V2','TOP_LEVEL_ASSEMBLY_PART')
);
#7889=(
GEOMETRIC_REPRESENTATION_CONTEXT(3)
GLOBAL_UNCERTAINTY_ASSIGNED_CONTEXT((#7938))
GLOBAL_UNIT_ASSIGNED_CONTEXT((#8085,#8036,#7987))
REPRESENTATION_CONTEXT('AC30_0_V2','TOP_LEVEL_ASSEMBLY_PART')
);
#7890=(
GEOMETRIC_REPRESENTATION_CONTEXT(3)
GLOBAL_UNCERTAINTY_ASSIGNED_CONTEXT((#7939))
GLOBAL_UNIT_ASSIGNED_CONTEXT((#8086,#8037,#7988))
REPRESENTATION_CONTEXT('AC11_0_V2','TOP_LEVEL_ASSEMBLY_PART')
);
#7891=(
GEOMETRIC_REPRESENTATION_CONTEXT(3)
GLOBAL_UNCERTAINTY_ASSIGNED_CONTEXT((#7940))
GLOBAL_UNIT_ASSIGNED_CONTEXT((#8087,#8038,#7989))
REPRESENTATION_CONTEXT('AC45_0_V2','TOP_LEVEL_ASSEMBLY_PART')
);
#7892=(
GEOMETRIC_REPRESENTATION_CONTEXT(3)
GLOBAL_UNCERTAINTY_ASSIGNED_CONTEXT((#7941))
GLOBAL_UNIT_ASSIGNED_CONTEXT((#8088,#8039,#7990))
REPRESENTATION_CONTEXT('AC20_0_V2','TOP_LEVEL_ASSEMBLY_PART')
);
#7893=(
GEOMETRIC_REPRESENTATION_CONTEXT(3)
GLOBAL_UNCERTAINTY_ASSIGNED_CONTEXT((#7942))
GLOBAL_UNIT_ASSIGNED_CONTEXT((#8089,#8040,#7991))
REPRESENTATION_CONTEXT('AC42_0_V2','TOP_LEVEL_ASSEMBLY_PART')
);
#7894=(
GEOMETRIC_REPRESENTATION_CONTEXT(3)
GLOBAL_UNCERTAINTY_ASSIGNED_CONTEXT((#7943))
GLOBAL_UNIT_ASSIGNED_CONTEXT((#8090,#8041,#7992))
REPRESENTATION_CONTEXT('AC43_0_V2','TOP_LEVEL_ASSEMBLY_PART')
);
#7895=(
GEOMETRIC_REPRESENTATION_CONTEXT(3)
GLOBAL_UNCERTAINTY_ASSIGNED_CONTEXT((#7944))
GLOBAL_UNIT_ASSIGNED_CONTEXT((#8091,#8042,#7993))
REPRESENTATION_CONTEXT('AC02_0_V2','TOP_LEVEL_ASSEMBLY_PART')
);
#7896=(
GEOMETRIC_REPRESENTATION_CONTEXT(3)
GLOBAL_UNCERTAINTY_ASSIGNED_CONTEXT((#7945))
GLOBAL_UNIT_ASSIGNED_CONTEXT((#8092,#8043,#7994))
REPRESENTATION_CONTEXT('AC08_0_V2','TOP_LEVEL_ASSEMBLY_PART')
);
#7897=(
GEOMETRIC_REPRESENTATION_CONTEXT(3)
GLOBAL_UNCERTAINTY_ASSIGNED_CONTEXT((#7946))
GLOBAL_UNIT_ASSIGNED_CONTEXT((#8093,#8044,#7995))
REPRESENTATION_CONTEXT('AC12_0_V2','TOP_LEVEL_ASSEMBLY_PART')
);
#7898=(
GEOMETRIC_REPRESENTATION_CONTEXT(3)
GLOBAL_UNCERTAINTY_ASSIGNED_CONTEXT((#7947))
GLOBAL_UNIT_ASSIGNED_CONTEXT((#8094,#8045,#7996))
REPRESENTATION_CONTEXT('AC27_0_V2','TOP_LEVEL_ASSEMBLY_PART')
);
#7899=(
GEOMETRIC_REPRESENTATION_CONTEXT(3)
GLOBAL_UNCERTAINTY_ASSIGNED_CONTEXT((#7948))
GLOBAL_UNIT_ASSIGNED_CONTEXT((#8095,#8046,#7997))
REPRESENTATION_CONTEXT('AC29_0_V2','TOP_LEVEL_ASSEMBLY_PART')
);
#7900=(
GEOMETRIC_REPRESENTATION_CONTEXT(3)
GLOBAL_UNCERTAINTY_ASSIGNED_CONTEXT((#7949))
GLOBAL_UNIT_ASSIGNED_CONTEXT((#8096,#8047,#7998))
REPRESENTATION_CONTEXT('AC12_1_V2','TOP_LEVEL_ASSEMBLY_PART')
);
#7901=(
GEOMETRIC_REPRESENTATION_CONTEXT(3)
GLOBAL_UNCERTAINTY_ASSIGNED_CONTEXT((#7950))
GLOBAL_UNIT_ASSIGNED_CONTEXT((#8097,#8048,#7999))
REPRESENTATION_CONTEXT('AC17_0_V2','TOP_LEVEL_ASSEMBLY_PART')
);
#7902=(
GEOMETRIC_REPRESENTATION_CONTEXT(3)
GLOBAL_UNCERTAINTY_ASSIGNED_CONTEXT((#7951))
GLOBAL_UNIT_ASSIGNED_CONTEXT((#8098,#8049,#8000))
REPRESENTATION_CONTEXT('AC18_0_V2','TOP_LEVEL_ASSEMBLY_PART')
);
#7903=(
GEOMETRIC_REPRESENTATION_CONTEXT(3)
GLOBAL_UNCERTAINTY_ASSIGNED_CONTEXT((#7952))
GLOBAL_UNIT_ASSIGNED_CONTEXT((#8099,#8050,#8001))
REPRESENTATION_CONTEXT('AC32_0_V2','TOP_LEVEL_ASSEMBLY_PART')
);
#7904=(
GEOMETRIC_REPRESENTATION_CONTEXT(3)
GLOBAL_UNCERTAINTY_ASSIGNED_CONTEXT((#7953))
GLOBAL_UNIT_ASSIGNED_CONTEXT((#8100,#8051,#8002))
REPRESENTATION_CONTEXT('AC39_0_V2','TOP_LEVEL_ASSEMBLY_PART')
);
#7905=(
GEOMETRIC_REPRESENTATION_CONTEXT(3)
GLOBAL_UNCERTAINTY_ASSIGNED_CONTEXT((#7954))
GLOBAL_UNIT_ASSIGNED_CONTEXT((#8101,#8052,#8003))
REPRESENTATION_CONTEXT('AC49_0_V2','TOP_LEVEL_ASSEMBLY_PART')
);
#7906=(
GEOMETRIC_REPRESENTATION_CONTEXT(3)
GLOBAL_UNCERTAINTY_ASSIGNED_CONTEXT((#7955))
GLOBAL_UNIT_ASSIGNED_CONTEXT((#8102,#8053,#8004))
REPRESENTATION_CONTEXT('AC01_0_V2','TOP_LEVEL_ASSEMBLY_PART')
);
#7907=(
GEOMETRIC_REPRESENTATION_CONTEXT(3)
GLOBAL_UNCERTAINTY_ASSIGNED_CONTEXT((#7956))
GLOBAL_UNIT_ASSIGNED_CONTEXT((#8103,#8054,#8005))
REPRESENTATION_CONTEXT('AC08_1_V2','TOP_LEVEL_ASSEMBLY_PART')
);
#7908=(
GEOMETRIC_REPRESENTATION_CONTEXT(3)
GLOBAL_UNCERTAINTY_ASSIGNED_CONTEXT((#7957))
GLOBAL_UNIT_ASSIGNED_CONTEXT((#8104,#8055,#8006))
REPRESENTATION_CONTEXT('AC31_0_V2','TOP_LEVEL_ASSEMBLY_PART')
);
#7909=(
GEOMETRIC_REPRESENTATION_CONTEXT(3)
GLOBAL_UNCERTAINTY_ASSIGNED_CONTEXT((#7958))
GLOBAL_UNIT_ASSIGNED_CONTEXT((#8105,#8056,#8007))
REPRESENTATION_CONTEXT('AC12_2_V2','TOP_LEVEL_ASSEMBLY_PART')
);
#7910=(
GEOMETRIC_REPRESENTATION_CONTEXT(3)
GLOBAL_UNCERTAINTY_ASSIGNED_CONTEXT((#7959))
GLOBAL_UNIT_ASSIGNED_CONTEXT((#8106,#8057,#8008))
REPRESENTATION_CONTEXT('AC44_0_V2','TOP_LEVEL_ASSEMBLY_PART')
);
#7911=(
GEOMETRIC_REPRESENTATION_CONTEXT(3)
GLOBAL_UNCERTAINTY_ASSIGNED_CONTEXT((#7960))
GLOBAL_UNIT_ASSIGNED_CONTEXT((#8107,#8058,#8009))
REPRESENTATION_CONTEXT('AC40_0_V2','TOP_LEVEL_ASSEMBLY_PART')
);
#7912=(
GEOMETRIC_REPRESENTATION_CONTEXT(3)
GLOBAL_UNCERTAINTY_ASSIGNED_CONTEXT((#7961))
GLOBAL_UNIT_ASSIGNED_CONTEXT((#8108,#8059,#8010))
REPRESENTATION_CONTEXT('AC23_0_V2','TOP_LEVEL_ASSEMBLY_PART')
);
#7913=(
GEOMETRIC_REPRESENTATION_CONTEXT(3)
GLOBAL_UNCERTAINTY_ASSIGNED_CONTEXT((#7962))
GLOBAL_UNIT_ASSIGNED_CONTEXT((#8109,#8060,#8011))
REPRESENTATION_CONTEXT('AC24_0_V2','TOP_LEVEL_ASSEMBLY_PART')
);
#7914=(
GEOMETRIC_REPRESENTATION_CONTEXT(3)
GLOBAL_UNCERTAINTY_ASSIGNED_CONTEXT((#7963))
GLOBAL_UNIT_ASSIGNED_CONTEXT((#8110,#8061,#8012))
REPRESENTATION_CONTEXT('AC04_0_V2','TOP_LEVEL_ASSEMBLY_PART')
);
#7915=(
GEOMETRIC_REPRESENTATION_CONTEXT(3)
GLOBAL_UNCERTAINTY_ASSIGNED_CONTEXT((#7964))
GLOBAL_UNIT_ASSIGNED_CONTEXT((#8111,#8062,#8013))
REPRESENTATION_CONTEXT('AC19_0_V2','TOP_LEVEL_ASSEMBLY_PART')
);
#7916=(
GEOMETRIC_REPRESENTATION_CONTEXT(3)
GLOBAL_UNCERTAINTY_ASSIGNED_CONTEXT((#7965))
GLOBAL_UNIT_ASSIGNED_CONTEXT((#8112,#8063,#8014))
REPRESENTATION_CONTEXT('AC44_1_V2','TOP_LEVEL_ASSEMBLY_PART')
);
#7917=(
GEOMETRIC_REPRESENTATION_CONTEXT(3)
GLOBAL_UNCERTAINTY_ASSIGNED_CONTEXT((#7966))
GLOBAL_UNIT_ASSIGNED_CONTEXT((#8113,#8064,#8015))
REPRESENTATION_CONTEXT('AC26_0_V2','TOP_LEVEL_ASSEMBLY_PART')
);
#7918=(
GEOMETRIC_REPRESENTATION_CONTEXT(3)
GLOBAL_UNCERTAINTY_ASSIGNED_CONTEXT((#7967))
GLOBAL_UNIT_ASSIGNED_CONTEXT((#8114,#8065,#8016))
REPRESENTATION_CONTEXT('AC10_0_V2','TOP_LEVEL_ASSEMBLY_PART')
);
#7919=(
GEOMETRIC_REPRESENTATION_CONTEXT(3)
GLOBAL_UNCERTAINTY_ASSIGNED_CONTEXT((#7968))
GLOBAL_UNIT_ASSIGNED_CONTEXT((#8115,#8066,#8017))
REPRESENTATION_CONTEXT('AC21_0_V2','TOP_LEVEL_ASSEMBLY_PART')
);
#7920=(
GEOMETRIC_REPRESENTATION_CONTEXT(3)
GLOBAL_UNCERTAINTY_ASSIGNED_CONTEXT((#7969))
GLOBAL_UNIT_ASSIGNED_CONTEXT((#8116,#8067,#8018))
REPRESENTATION_CONTEXT('AC22_0_V2','TOP_LEVEL_ASSEMBLY_PART')
);
#7921=(
GEOMETRIC_REPRESENTATION_CONTEXT(3)
GLOBAL_UNCERTAINTY_ASSIGNED_CONTEXT((#7970))
GLOBAL_UNIT_ASSIGNED_CONTEXT((#8117,#8068,#8019))
REPRESENTATION_CONTEXT('AC25_0_V2','TOP_LEVEL_ASSEMBLY_PART')
);
#7922=(
GEOMETRIC_REPRESENTATION_CONTEXT(3)
GLOBAL_UNCERTAINTY_ASSIGNED_CONTEXT((#7971))
GLOBAL_UNIT_ASSIGNED_CONTEXT((#8118,#8069,#8020))
REPRESENTATION_CONTEXT('AC09_0_V2','TOP_LEVEL_ASSEMBLY_PART')
);
#7923=(
GEOMETRIC_REPRESENTATION_CONTEXT(3)
GLOBAL_UNCERTAINTY_ASSIGNED_CONTEXT((#7972))
GLOBAL_UNIT_ASSIGNED_CONTEXT((#8119,#8070,#8021))
REPRESENTATION_CONTEXT('AC14_0_V2','TOP_LEVEL_ASSEMBLY_PART')
);
#7924=(
GEOMETRIC_REPRESENTATION_CONTEXT(3)
GLOBAL_UNCERTAINTY_ASSIGNED_CONTEXT((#7973))
GLOBAL_UNIT_ASSIGNED_CONTEXT((#8120,#8071,#8022))
REPRESENTATION_CONTEXT('AC46_0_V2','TOP_LEVEL_ASSEMBLY_PART')
);
#7925=(
GEOMETRIC_REPRESENTATION_CONTEXT(3)
GLOBAL_UNCERTAINTY_ASSIGNED_CONTEXT((#7974))
GLOBAL_UNIT_ASSIGNED_CONTEXT((#8121,#8072,#8023))
REPRESENTATION_CONTEXT('AC08_2_V2','TOP_LEVEL_ASSEMBLY_PART')
);
#7926=(
GEOMETRIC_REPRESENTATION_CONTEXT(3)
GLOBAL_UNCERTAINTY_ASSIGNED_CONTEXT((#7975))
GLOBAL_UNIT_ASSIGNED_CONTEXT((#8122,#8073,#8024))
REPRESENTATION_CONTEXT('AC22_1_V2','TOP_LEVEL_ASSEMBLY_PART')
);
#7927=(
GEOMETRIC_REPRESENTATION_CONTEXT(3)
GLOBAL_UNCERTAINTY_ASSIGNED_CONTEXT((#7976))
GLOBAL_UNIT_ASSIGNED_CONTEXT((#8123,#8074,#8025))
REPRESENTATION_CONTEXT('AC35_0_V2','TOP_LEVEL_ASSEMBLY_PART')
);
#7928=(
GEOMETRIC_REPRESENTATION_CONTEXT(3)
GLOBAL_UNCERTAINTY_ASSIGNED_CONTEXT((#7977))
GLOBAL_UNIT_ASSIGNED_CONTEXT((#8124,#8075,#8026))
REPRESENTATION_CONTEXT('AC28_0_V2','TOP_LEVEL_ASSEMBLY_PART')
);
#7929=(
GEOMETRIC_REPRESENTATION_CONTEXT(3)
GLOBAL_UNCERTAINTY_ASSIGNED_CONTEXT((#7978))
GLOBAL_UNIT_ASSIGNED_CONTEXT((#8125,#8076,#8027))
REPRESENTATION_CONTEXT('AC07_0_V2','TOP_LEVEL_ASSEMBLY_PART')
);
#7930=(
GEOMETRIC_REPRESENTATION_CONTEXT(3)
GLOBAL_UNCERTAINTY_ASSIGNED_CONTEXT((#7979))
GLOBAL_UNIT_ASSIGNED_CONTEXT((#8126,#8077,#8028))
REPRESENTATION_CONTEXT('AC34_0_V2','TOP_LEVEL_ASSEMBLY_PART')
);
#7931=(
GEOMETRIC_REPRESENTATION_CONTEXT(3)
GLOBAL_UNCERTAINTY_ASSIGNED_CONTEXT((#7980))
GLOBAL_UNIT_ASSIGNED_CONTEXT((#8127,#8078,#8029))
REPRESENTATION_CONTEXT('AC05_0_V2','TOP_LEVEL_ASSEMBLY_PART')
);
#7932=(
GEOMETRIC_REPRESENTATION_CONTEXT(3)
GLOBAL_UNCERTAINTY_ASSIGNED_CONTEXT((#7981))
GLOBAL_UNIT_ASSIGNED_CONTEXT((#8128,#8079,#8030))
REPRESENTATION_CONTEXT('AC16_0_V2','TOP_LEVEL_ASSEMBLY_PART')
);
#7933=(
GEOMETRIC_REPRESENTATION_CONTEXT(3)
GLOBAL_UNCERTAINTY_ASSIGNED_CONTEXT((#7982))
GLOBAL_UNIT_ASSIGNED_CONTEXT((#8129,#8080,#8031))
REPRESENTATION_CONTEXT('AC37_0_V2','TOP_LEVEL_ASSEMBLY_PART')
);
#7934=(
GEOMETRIC_REPRESENTATION_CONTEXT(3)
GLOBAL_UNCERTAINTY_ASSIGNED_CONTEXT((#7983))
GLOBAL_UNIT_ASSIGNED_CONTEXT((#8130,#8081,#8032))
REPRESENTATION_CONTEXT('AC33_0_V2','TOP_LEVEL_ASSEMBLY_PART')
);
#7935=UNCERTAINTY_MEASURE_WITH_UNIT(LENGTH_MEASURE(1.E-8),#8082,
'DISTANCE_ACCURACY_VALUE','Maximum Tolerance applied to model');
#7936=UNCERTAINTY_MEASURE_WITH_UNIT(LENGTH_MEASURE(1.E-8),#8083,
'DISTANCE_ACCURACY_VALUE','Maximum Tolerance applied to model');
#7937=UNCERTAINTY_MEASURE_WITH_UNIT(LENGTH_MEASURE(1.E-8),#8084,
'DISTANCE_ACCURACY_VALUE','Maximum Tolerance applied to model');
#7938=UNCERTAINTY_MEASURE_WITH_UNIT(LENGTH_MEASURE(1.E-8),#8085,
'DISTANCE_ACCURACY_VALUE','Maximum Tolerance applied to model');
#7939=UNCERTAINTY_MEASURE_WITH_UNIT(LENGTH_MEASURE(1.E-8),#8086,
'DISTANCE_ACCURACY_VALUE','Maximum Tolerance applied to model');
#7940=UNCERTAINTY_MEASURE_WITH_UNIT(LENGTH_MEASURE(1.E-8),#8087,
'DISTANCE_ACCURACY_VALUE','Maximum Tolerance applied to model');
#7941=UNCERTAINTY_MEASURE_WITH_UNIT(LENGTH_MEASURE(2.E-5),#8088,
'DISTANCE_ACCURACY_VALUE','Maximum Tolerance applied to model');
#7942=UNCERTAINTY_MEASURE_WITH_UNIT(LENGTH_MEASURE(1.E-8),#8089,
'DISTANCE_ACCURACY_VALUE','Maximum Tolerance applied to model');
#7943=UNCERTAINTY_MEASURE_WITH_UNIT(LENGTH_MEASURE(1.E-8),#8090,
'DISTANCE_ACCURACY_VALUE','Maximum Tolerance applied to model');
#7944=UNCERTAINTY_MEASURE_WITH_UNIT(LENGTH_MEASURE(1.E-8),#8091,
'DISTANCE_ACCURACY_VALUE','Maximum Tolerance applied to model');
#7945=UNCERTAINTY_MEASURE_WITH_UNIT(LENGTH_MEASURE(1.E-8),#8092,
'DISTANCE_ACCURACY_VALUE','Maximum Tolerance applied to model');
#7946=UNCERTAINTY_MEASURE_WITH_UNIT(LENGTH_MEASURE(1.E-8),#8093,
'DISTANCE_ACCURACY_VALUE','Maximum Tolerance applied to model');
#7947=UNCERTAINTY_MEASURE_WITH_UNIT(LENGTH_MEASURE(1.E-8),#8094,
'DISTANCE_ACCURACY_VALUE','Maximum Tolerance applied to model');
#7948=UNCERTAINTY_MEASURE_WITH_UNIT(LENGTH_MEASURE(1.E-8),#8095,
'DISTANCE_ACCURACY_VALUE','Maximum Tolerance applied to model');
#7949=UNCERTAINTY_MEASURE_WITH_UNIT(LENGTH_MEASURE(1.E-8),#8096,
'DISTANCE_ACCURACY_VALUE','Maximum Tolerance applied to model');
#7950=UNCERTAINTY_MEASURE_WITH_UNIT(LENGTH_MEASURE(1.E-8),#8097,
'DISTANCE_ACCURACY_VALUE','Maximum Tolerance applied to model');
#7951=UNCERTAINTY_MEASURE_WITH_UNIT(LENGTH_MEASURE(1.E-8),#8098,
'DISTANCE_ACCURACY_VALUE','Maximum Tolerance applied to model');
#7952=UNCERTAINTY_MEASURE_WITH_UNIT(LENGTH_MEASURE(1.E-8),#8099,
'DISTANCE_ACCURACY_VALUE','Maximum Tolerance applied to model');
#7953=UNCERTAINTY_MEASURE_WITH_UNIT(LENGTH_MEASURE(1.E-8),#8100,
'DISTANCE_ACCURACY_VALUE','Maximum Tolerance applied to model');
#7954=UNCERTAINTY_MEASURE_WITH_UNIT(LENGTH_MEASURE(1.E-8),#8101,
'DISTANCE_ACCURACY_VALUE','Maximum Tolerance applied to model');
#7955=UNCERTAINTY_MEASURE_WITH_UNIT(LENGTH_MEASURE(1.E-8),#8102,
'DISTANCE_ACCURACY_VALUE','Maximum Tolerance applied to model');
#7956=UNCERTAINTY_MEASURE_WITH_UNIT(LENGTH_MEASURE(1.E-8),#8103,
'DISTANCE_ACCURACY_VALUE','Maximum Tolerance applied to model');
#7957=UNCERTAINTY_MEASURE_WITH_UNIT(LENGTH_MEASURE(1.E-8),#8104,
'DISTANCE_ACCURACY_VALUE','Maximum Tolerance applied to model');
#7958=UNCERTAINTY_MEASURE_WITH_UNIT(LENGTH_MEASURE(1.E-8),#8105,
'DISTANCE_ACCURACY_VALUE','Maximum Tolerance applied to model');
#7959=UNCERTAINTY_MEASURE_WITH_UNIT(LENGTH_MEASURE(1.E-8),#8106,
'DISTANCE_ACCURACY_VALUE','Maximum Tolerance applied to model');
#7960=UNCERTAINTY_MEASURE_WITH_UNIT(LENGTH_MEASURE(1.E-8),#8107,
'DISTANCE_ACCURACY_VALUE','Maximum Tolerance applied to model');
#7961=UNCERTAINTY_MEASURE_WITH_UNIT(LENGTH_MEASURE(1.E-8),#8108,
'DISTANCE_ACCURACY_VALUE','Maximum Tolerance applied to model');
#7962=UNCERTAINTY_MEASURE_WITH_UNIT(LENGTH_MEASURE(1.E-8),#8109,
'DISTANCE_ACCURACY_VALUE','Maximum Tolerance applied to model');
#7963=UNCERTAINTY_MEASURE_WITH_UNIT(LENGTH_MEASURE(1.E-8),#8110,
'DISTANCE_ACCURACY_VALUE','Maximum Tolerance applied to model');
#7964=UNCERTAINTY_MEASURE_WITH_UNIT(LENGTH_MEASURE(1.E-8),#8111,
'DISTANCE_ACCURACY_VALUE','Maximum Tolerance applied to model');
#7965=UNCERTAINTY_MEASURE_WITH_UNIT(LENGTH_MEASURE(1.E-8),#8112,
'DISTANCE_ACCURACY_VALUE','Maximum Tolerance applied to model');
#7966=UNCERTAINTY_MEASURE_WITH_UNIT(LENGTH_MEASURE(1.E-8),#8113,
'DISTANCE_ACCURACY_VALUE','Maximum Tolerance applied to model');
#7967=UNCERTAINTY_MEASURE_WITH_UNIT(LENGTH_MEASURE(1.E-8),#8114,
'DISTANCE_ACCURACY_VALUE','Maximum Tolerance applied to model');
#7968=UNCERTAINTY_MEASURE_WITH_UNIT(LENGTH_MEASURE(1.E-8),#8115,
'DISTANCE_ACCURACY_VALUE','Maximum Tolerance applied to model');
#7969=UNCERTAINTY_MEASURE_WITH_UNIT(LENGTH_MEASURE(1.E-8),#8116,
'DISTANCE_ACCURACY_VALUE','Maximum Tolerance applied to model');
#7970=UNCERTAINTY_MEASURE_WITH_UNIT(LENGTH_MEASURE(1.E-8),#8117,
'DISTANCE_ACCURACY_VALUE','Maximum Tolerance applied to model');
#7971=UNCERTAINTY_MEASURE_WITH_UNIT(LENGTH_MEASURE(1.E-8),#8118,
'DISTANCE_ACCURACY_VALUE','Maximum Tolerance applied to model');
#7972=UNCERTAINTY_MEASURE_WITH_UNIT(LENGTH_MEASURE(1.E-8),#8119,
'DISTANCE_ACCURACY_VALUE','Maximum Tolerance applied to model');
#7973=UNCERTAINTY_MEASURE_WITH_UNIT(LENGTH_MEASURE(1.E-8),#8120,
'DISTANCE_ACCURACY_VALUE','Maximum Tolerance applied to model');
#7974=UNCERTAINTY_MEASURE_WITH_UNIT(LENGTH_MEASURE(1.E-8),#8121,
'DISTANCE_ACCURACY_VALUE','Maximum Tolerance applied to model');
#7975=UNCERTAINTY_MEASURE_WITH_UNIT(LENGTH_MEASURE(1.E-8),#8122,
'DISTANCE_ACCURACY_VALUE','Maximum Tolerance applied to model');
#7976=UNCERTAINTY_MEASURE_WITH_UNIT(LENGTH_MEASURE(2.E-5),#8123,
'DISTANCE_ACCURACY_VALUE','Maximum Tolerance applied to model');
#7977=UNCERTAINTY_MEASURE_WITH_UNIT(LENGTH_MEASURE(1.E-8),#8124,
'DISTANCE_ACCURACY_VALUE','Maximum Tolerance applied to model');
#7978=UNCERTAINTY_MEASURE_WITH_UNIT(LENGTH_MEASURE(1.E-8),#8125,
'DISTANCE_ACCURACY_VALUE','Maximum Tolerance applied to model');
#7979=UNCERTAINTY_MEASURE_WITH_UNIT(LENGTH_MEASURE(1.E-8),#8126,
'DISTANCE_ACCURACY_VALUE','Maximum Tolerance applied to model');
#7980=UNCERTAINTY_MEASURE_WITH_UNIT(LENGTH_MEASURE(1.E-8),#8127,
'DISTANCE_ACCURACY_VALUE','Maximum Tolerance applied to model');
#7981=UNCERTAINTY_MEASURE_WITH_UNIT(LENGTH_MEASURE(1.E-8),#8128,
'DISTANCE_ACCURACY_VALUE','Maximum Tolerance applied to model');
#7982=UNCERTAINTY_MEASURE_WITH_UNIT(LENGTH_MEASURE(1.E-8),#8129,
'DISTANCE_ACCURACY_VALUE','Maximum Tolerance applied to model');
#7983=UNCERTAINTY_MEASURE_WITH_UNIT(LENGTH_MEASURE(1.E-8),#8130,
'DISTANCE_ACCURACY_VALUE','Maximum Tolerance applied to model');
#7984=(
NAMED_UNIT(*)
SI_UNIT($,.STERADIAN.)
SOLID_ANGLE_UNIT()
);
#7985=(
NAMED_UNIT(*)
SI_UNIT($,.STERADIAN.)
SOLID_ANGLE_UNIT()
);
#7986=(
NAMED_UNIT(*)
SI_UNIT($,.STERADIAN.)
SOLID_ANGLE_UNIT()
);
#7987=(
NAMED_UNIT(*)
SI_UNIT($,.STERADIAN.)
SOLID_ANGLE_UNIT()
);
#7988=(
NAMED_UNIT(*)
SI_UNIT($,.STERADIAN.)
SOLID_ANGLE_UNIT()
);
#7989=(
NAMED_UNIT(*)
SI_UNIT($,.STERADIAN.)
SOLID_ANGLE_UNIT()
);
#7990=(
NAMED_UNIT(*)
SI_UNIT($,.STERADIAN.)
SOLID_ANGLE_UNIT()
);
#7991=(
NAMED_UNIT(*)
SI_UNIT($,.STERADIAN.)
SOLID_ANGLE_UNIT()
);
#7992=(
NAMED_UNIT(*)
SI_UNIT($,.STERADIAN.)
SOLID_ANGLE_UNIT()
);
#7993=(
NAMED_UNIT(*)
SI_UNIT($,.STERADIAN.)
SOLID_ANGLE_UNIT()
);
#7994=(
NAMED_UNIT(*)
SI_UNIT($,.STERADIAN.)
SOLID_ANGLE_UNIT()
);
#7995=(
NAMED_UNIT(*)
SI_UNIT($,.STERADIAN.)
SOLID_ANGLE_UNIT()
);
#7996=(
NAMED_UNIT(*)
SI_UNIT($,.STERADIAN.)
SOLID_ANGLE_UNIT()
);
#7997=(
NAMED_UNIT(*)
SI_UNIT($,.STERADIAN.)
SOLID_ANGLE_UNIT()
);
#7998=(
NAMED_UNIT(*)
SI_UNIT($,.STERADIAN.)
SOLID_ANGLE_UNIT()
);
#7999=(
NAMED_UNIT(*)
SI_UNIT($,.STERADIAN.)
SOLID_ANGLE_UNIT()
);
#8000=(
NAMED_UNIT(*)
SI_UNIT($,.STERADIAN.)
SOLID_ANGLE_UNIT()
);
#8001=(
NAMED_UNIT(*)
SI_UNIT($,.STERADIAN.)
SOLID_ANGLE_UNIT()
);
#8002=(
NAMED_UNIT(*)
SI_UNIT($,.STERADIAN.)
SOLID_ANGLE_UNIT()
);
#8003=(
NAMED_UNIT(*)
SI_UNIT($,.STERADIAN.)
SOLID_ANGLE_UNIT()
);
#8004=(
NAMED_UNIT(*)
SI_UNIT($,.STERADIAN.)
SOLID_ANGLE_UNIT()
);
#8005=(
NAMED_UNIT(*)
SI_UNIT($,.STERADIAN.)
SOLID_ANGLE_UNIT()
);
#8006=(
NAMED_UNIT(*)
SI_UNIT($,.STERADIAN.)
SOLID_ANGLE_UNIT()
);
#8007=(
NAMED_UNIT(*)
SI_UNIT($,.STERADIAN.)
SOLID_ANGLE_UNIT()
);
#8008=(
NAMED_UNIT(*)
SI_UNIT($,.STERADIAN.)
SOLID_ANGLE_UNIT()
);
#8009=(
NAMED_UNIT(*)
SI_UNIT($,.STERADIAN.)
SOLID_ANGLE_UNIT()
);
#8010=(
NAMED_UNIT(*)
SI_UNIT($,.STERADIAN.)
SOLID_ANGLE_UNIT()
);
#8011=(
NAMED_UNIT(*)
SI_UNIT($,.STERADIAN.)
SOLID_ANGLE_UNIT()
);
#8012=(
NAMED_UNIT(*)
SI_UNIT($,.STERADIAN.)
SOLID_ANGLE_UNIT()
);
#8013=(
NAMED_UNIT(*)
SI_UNIT($,.STERADIAN.)
SOLID_ANGLE_UNIT()
);
#8014=(
NAMED_UNIT(*)
SI_UNIT($,.STERADIAN.)
SOLID_ANGLE_UNIT()
);
#8015=(
NAMED_UNIT(*)
SI_UNIT($,.STERADIAN.)
SOLID_ANGLE_UNIT()
);
#8016=(
NAMED_UNIT(*)
SI_UNIT($,.STERADIAN.)
SOLID_ANGLE_UNIT()
);
#8017=(
NAMED_UNIT(*)
SI_UNIT($,.STERADIAN.)
SOLID_ANGLE_UNIT()
);
#8018=(
NAMED_UNIT(*)
SI_UNIT($,.STERADIAN.)
SOLID_ANGLE_UNIT()
);
#8019=(
NAMED_UNIT(*)
SI_UNIT($,.STERADIAN.)
SOLID_ANGLE_UNIT()
);
#8020=(
NAMED_UNIT(*)
SI_UNIT($,.STERADIAN.)
SOLID_ANGLE_UNIT()
);
#8021=(
NAMED_UNIT(*)
SI_UNIT($,.STERADIAN.)
SOLID_ANGLE_UNIT()
);
#8022=(
NAMED_UNIT(*)
SI_UNIT($,.STERADIAN.)
SOLID_ANGLE_UNIT()
);
#8023=(
NAMED_UNIT(*)
SI_UNIT($,.STERADIAN.)
SOLID_ANGLE_UNIT()
);
#8024=(
NAMED_UNIT(*)
SI_UNIT($,.STERADIAN.)
SOLID_ANGLE_UNIT()
);
#8025=(
NAMED_UNIT(*)
SI_UNIT($,.STERADIAN.)
SOLID_ANGLE_UNIT()
);
#8026=(
NAMED_UNIT(*)
SI_UNIT($,.STERADIAN.)
SOLID_ANGLE_UNIT()
);
#8027=(
NAMED_UNIT(*)
SI_UNIT($,.STERADIAN.)
SOLID_ANGLE_UNIT()
);
#8028=(
NAMED_UNIT(*)
SI_UNIT($,.STERADIAN.)
SOLID_ANGLE_UNIT()
);
#8029=(
NAMED_UNIT(*)
SI_UNIT($,.STERADIAN.)
SOLID_ANGLE_UNIT()
);
#8030=(
NAMED_UNIT(*)
SI_UNIT($,.STERADIAN.)
SOLID_ANGLE_UNIT()
);
#8031=(
NAMED_UNIT(*)
SI_UNIT($,.STERADIAN.)
SOLID_ANGLE_UNIT()
);
#8032=(
NAMED_UNIT(*)
SI_UNIT($,.STERADIAN.)
SOLID_ANGLE_UNIT()
);
#8033=(
NAMED_UNIT(*)
PLANE_ANGLE_UNIT()
SI_UNIT($,.RADIAN.)
);
#8034=(
NAMED_UNIT(*)
PLANE_ANGLE_UNIT()
SI_UNIT($,.RADIAN.)
);
#8035=(
NAMED_UNIT(*)
PLANE_ANGLE_UNIT()
SI_UNIT($,.RADIAN.)
);
#8036=(
NAMED_UNIT(*)
PLANE_ANGLE_UNIT()
SI_UNIT($,.RADIAN.)
);
#8037=(
NAMED_UNIT(*)
PLANE_ANGLE_UNIT()
SI_UNIT($,.RADIAN.)
);
#8038=(
NAMED_UNIT(*)
PLANE_ANGLE_UNIT()
SI_UNIT($,.RADIAN.)
);
#8039=(
NAMED_UNIT(*)
PLANE_ANGLE_UNIT()
SI_UNIT($,.RADIAN.)
);
#8040=(
NAMED_UNIT(*)
PLANE_ANGLE_UNIT()
SI_UNIT($,.RADIAN.)
);
#8041=(
NAMED_UNIT(*)
PLANE_ANGLE_UNIT()
SI_UNIT($,.RADIAN.)
);
#8042=(
NAMED_UNIT(*)
PLANE_ANGLE_UNIT()
SI_UNIT($,.RADIAN.)
);
#8043=(
NAMED_UNIT(*)
PLANE_ANGLE_UNIT()
SI_UNIT($,.RADIAN.)
);
#8044=(
NAMED_UNIT(*)
PLANE_ANGLE_UNIT()
SI_UNIT($,.RADIAN.)
);
#8045=(
NAMED_UNIT(*)
PLANE_ANGLE_UNIT()
SI_UNIT($,.RADIAN.)
);
#8046=(
NAMED_UNIT(*)
PLANE_ANGLE_UNIT()
SI_UNIT($,.RADIAN.)
);
#8047=(
NAMED_UNIT(*)
PLANE_ANGLE_UNIT()
SI_UNIT($,.RADIAN.)
);
#8048=(
NAMED_UNIT(*)
PLANE_ANGLE_UNIT()
SI_UNIT($,.RADIAN.)
);
#8049=(
NAMED_UNIT(*)
PLANE_ANGLE_UNIT()
SI_UNIT($,.RADIAN.)
);
#8050=(
NAMED_UNIT(*)
PLANE_ANGLE_UNIT()
SI_UNIT($,.RADIAN.)
);
#8051=(
NAMED_UNIT(*)
PLANE_ANGLE_UNIT()
SI_UNIT($,.RADIAN.)
);
#8052=(
NAMED_UNIT(*)
PLANE_ANGLE_UNIT()
SI_UNIT($,.RADIAN.)
);
#8053=(
NAMED_UNIT(*)
PLANE_ANGLE_UNIT()
SI_UNIT($,.RADIAN.)
);
#8054=(
NAMED_UNIT(*)
PLANE_ANGLE_UNIT()
SI_UNIT($,.RADIAN.)
);
#8055=(
NAMED_UNIT(*)
PLANE_ANGLE_UNIT()
SI_UNIT($,.RADIAN.)
);
#8056=(
NAMED_UNIT(*)
PLANE_ANGLE_UNIT()
SI_UNIT($,.RADIAN.)
);
#8057=(
NAMED_UNIT(*)
PLANE_ANGLE_UNIT()
SI_UNIT($,.RADIAN.)
);
#8058=(
NAMED_UNIT(*)
PLANE_ANGLE_UNIT()
SI_UNIT($,.RADIAN.)
);
#8059=(
NAMED_UNIT(*)
PLANE_ANGLE_UNIT()
SI_UNIT($,.RADIAN.)
);
#8060=(
NAMED_UNIT(*)
PLANE_ANGLE_UNIT()
SI_UNIT($,.RADIAN.)
);
#8061=(
NAMED_UNIT(*)
PLANE_ANGLE_UNIT()
SI_UNIT($,.RADIAN.)
);
#8062=(
NAMED_UNIT(*)
PLANE_ANGLE_UNIT()
SI_UNIT($,.RADIAN.)
);
#8063=(
NAMED_UNIT(*)
PLANE_ANGLE_UNIT()
SI_UNIT($,.RADIAN.)
);
#8064=(
NAMED_UNIT(*)
PLANE_ANGLE_UNIT()
SI_UNIT($,.RADIAN.)
);
#8065=(
NAMED_UNIT(*)
PLANE_ANGLE_UNIT()
SI_UNIT($,.RADIAN.)
);
#8066=(
NAMED_UNIT(*)
PLANE_ANGLE_UNIT()
SI_UNIT($,.RADIAN.)
);
#8067=(
NAMED_UNIT(*)
PLANE_ANGLE_UNIT()
SI_UNIT($,.RADIAN.)
);
#8068=(
NAMED_UNIT(*)
PLANE_ANGLE_UNIT()
SI_UNIT($,.RADIAN.)
);
#8069=(
NAMED_UNIT(*)
PLANE_ANGLE_UNIT()
SI_UNIT($,.RADIAN.)
);
#8070=(
NAMED_UNIT(*)
PLANE_ANGLE_UNIT()
SI_UNIT($,.RADIAN.)
);
#8071=(
NAMED_UNIT(*)
PLANE_ANGLE_UNIT()
SI_UNIT($,.RADIAN.)
);
#8072=(
NAMED_UNIT(*)
PLANE_ANGLE_UNIT()
SI_UNIT($,.RADIAN.)
);
#8073=(
NAMED_UNIT(*)
PLANE_ANGLE_UNIT()
SI_UNIT($,.RADIAN.)
);
#8074=(
NAMED_UNIT(*)
PLANE_ANGLE_UNIT()
SI_UNIT($,.RADIAN.)
);
#8075=(
NAMED_UNIT(*)
PLANE_ANGLE_UNIT()
SI_UNIT($,.RADIAN.)
);
#8076=(
NAMED_UNIT(*)
PLANE_ANGLE_UNIT()
SI_UNIT($,.RADIAN.)
);
#8077=(
NAMED_UNIT(*)
PLANE_ANGLE_UNIT()
SI_UNIT($,.RADIAN.)
);
#8078=(
NAMED_UNIT(*)
PLANE_ANGLE_UNIT()
SI_UNIT($,.RADIAN.)
);
#8079=(
NAMED_UNIT(*)
PLANE_ANGLE_UNIT()
SI_UNIT($,.RADIAN.)
);
#8080=(
NAMED_UNIT(*)
PLANE_ANGLE_UNIT()
SI_UNIT($,.RADIAN.)
);
#8081=(
NAMED_UNIT(*)
PLANE_ANGLE_UNIT()
SI_UNIT($,.RADIAN.)
);
#8082=(
LENGTH_UNIT()
NAMED_UNIT(*)
SI_UNIT($,.METRE.)
);
#8083=(
LENGTH_UNIT()
NAMED_UNIT(*)
SI_UNIT($,.METRE.)
);
#8084=(
LENGTH_UNIT()
NAMED_UNIT(*)
SI_UNIT($,.METRE.)
);
#8085=(
LENGTH_UNIT()
NAMED_UNIT(*)
SI_UNIT($,.METRE.)
);
#8086=(
LENGTH_UNIT()
NAMED_UNIT(*)
SI_UNIT($,.METRE.)
);
#8087=(
LENGTH_UNIT()
NAMED_UNIT(*)
SI_UNIT($,.METRE.)
);
#8088=(
LENGTH_UNIT()
NAMED_UNIT(*)
SI_UNIT($,.METRE.)
);
#8089=(
LENGTH_UNIT()
NAMED_UNIT(*)
SI_UNIT($,.METRE.)
);
#8090=(
LENGTH_UNIT()
NAMED_UNIT(*)
SI_UNIT($,.METRE.)
);
#8091=(
LENGTH_UNIT()
NAMED_UNIT(*)
SI_UNIT($,.METRE.)
);
#8092=(
LENGTH_UNIT()
NAMED_UNIT(*)
SI_UNIT($,.METRE.)
);
#8093=(
LENGTH_UNIT()
NAMED_UNIT(*)
SI_UNIT($,.METRE.)
);
#8094=(
LENGTH_UNIT()
NAMED_UNIT(*)
SI_UNIT($,.METRE.)
);
#8095=(
LENGTH_UNIT()
NAMED_UNIT(*)
SI_UNIT($,.METRE.)
);
#8096=(
LENGTH_UNIT()
NAMED_UNIT(*)
SI_UNIT($,.METRE.)
);
#8097=(
LENGTH_UNIT()
NAMED_UNIT(*)
SI_UNIT($,.METRE.)
);
#8098=(
LENGTH_UNIT()
NAMED_UNIT(*)
SI_UNIT($,.METRE.)
);
#8099=(
LENGTH_UNIT()
NAMED_UNIT(*)
SI_UNIT($,.METRE.)
);
#8100=(
LENGTH_UNIT()
NAMED_UNIT(*)
SI_UNIT($,.METRE.)
);
#8101=(
LENGTH_UNIT()
NAMED_UNIT(*)
SI_UNIT($,.METRE.)
);
#8102=(
LENGTH_UNIT()
NAMED_UNIT(*)
SI_UNIT($,.METRE.)
);
#8103=(
LENGTH_UNIT()
NAMED_UNIT(*)
SI_UNIT($,.METRE.)
);
#8104=(
LENGTH_UNIT()
NAMED_UNIT(*)
SI_UNIT($,.METRE.)
);
#8105=(
LENGTH_UNIT()
NAMED_UNIT(*)
SI_UNIT($,.METRE.)
);
#8106=(
LENGTH_UNIT()
NAMED_UNIT(*)
SI_UNIT($,.METRE.)
);
#8107=(
LENGTH_UNIT()
NAMED_UNIT(*)
SI_UNIT($,.METRE.)
);
#8108=(
LENGTH_UNIT()
NAMED_UNIT(*)
SI_UNIT($,.METRE.)
);
#8109=(
LENGTH_UNIT()
NAMED_UNIT(*)
SI_UNIT($,.METRE.)
);
#8110=(
LENGTH_UNIT()
NAMED_UNIT(*)
SI_UNIT($,.METRE.)
);
#8111=(
LENGTH_UNIT()
NAMED_UNIT(*)
SI_UNIT($,.METRE.)
);
#8112=(
LENGTH_UNIT()
NAMED_UNIT(*)
SI_UNIT($,.METRE.)
);
#8113=(
LENGTH_UNIT()
NAMED_UNIT(*)
SI_UNIT($,.METRE.)
);
#8114=(
LENGTH_UNIT()
NAMED_UNIT(*)
SI_UNIT($,.METRE.)
);
#8115=(
LENGTH_UNIT()
NAMED_UNIT(*)
SI_UNIT($,.METRE.)
);
#8116=(
LENGTH_UNIT()
NAMED_UNIT(*)
SI_UNIT($,.METRE.)
);
#8117=(
LENGTH_UNIT()
NAMED_UNIT(*)
SI_UNIT($,.METRE.)
);
#8118=(
LENGTH_UNIT()
NAMED_UNIT(*)
SI_UNIT($,.METRE.)
);
#8119=(
LENGTH_UNIT()
NAMED_UNIT(*)
SI_UNIT($,.METRE.)
);
#8120=(
LENGTH_UNIT()
NAMED_UNIT(*)
SI_UNIT($,.METRE.)
);
#8121=(
LENGTH_UNIT()
NAMED_UNIT(*)
SI_UNIT($,.METRE.)
);
#8122=(
LENGTH_UNIT()
NAMED_UNIT(*)
SI_UNIT($,.METRE.)
);
#8123=(
LENGTH_UNIT()
NAMED_UNIT(*)
SI_UNIT($,.METRE.)
);
#8124=(
LENGTH_UNIT()
NAMED_UNIT(*)
SI_UNIT($,.METRE.)
);
#8125=(
LENGTH_UNIT()
NAMED_UNIT(*)
SI_UNIT($,.METRE.)
);
#8126=(
LENGTH_UNIT()
NAMED_UNIT(*)
SI_UNIT($,.METRE.)
);
#8127=(
LENGTH_UNIT()
NAMED_UNIT(*)
SI_UNIT($,.METRE.)
);
#8128=(
LENGTH_UNIT()
NAMED_UNIT(*)
SI_UNIT($,.METRE.)
);
#8129=(
LENGTH_UNIT()
NAMED_UNIT(*)
SI_UNIT($,.METRE.)
);
#8130=(
LENGTH_UNIT()
NAMED_UNIT(*)
SI_UNIT($,.METRE.)
);
#8131=PRODUCT_DEFINITION_SHAPE('','',#8180);
#8132=PRODUCT_DEFINITION_SHAPE('','',#8181);
#8133=PRODUCT_DEFINITION_SHAPE('','',#8182);
#8134=PRODUCT_DEFINITION_SHAPE('','',#8183);
#8135=PRODUCT_DEFINITION_SHAPE('','',#8184);
#8136=PRODUCT_DEFINITION_SHAPE('','',#8185);
#8137=PRODUCT_DEFINITION_SHAPE('','',#8186);
#8138=PRODUCT_DEFINITION_SHAPE('','',#8187);
#8139=PRODUCT_DEFINITION_SHAPE('','',#8188);
#8140=PRODUCT_DEFINITION_SHAPE('','',#8189);
#8141=PRODUCT_DEFINITION_SHAPE('','',#8190);
#8142=PRODUCT_DEFINITION_SHAPE('','',#8191);
#8143=PRODUCT_DEFINITION_SHAPE('','',#8192);
#8144=PRODUCT_DEFINITION_SHAPE('','',#8193);
#8145=PRODUCT_DEFINITION_SHAPE('','',#8194);
#8146=PRODUCT_DEFINITION_SHAPE('','',#8195);
#8147=PRODUCT_DEFINITION_SHAPE('','',#8196);
#8148=PRODUCT_DEFINITION_SHAPE('','',#8197);
#8149=PRODUCT_DEFINITION_SHAPE('','',#8198);
#8150=PRODUCT_DEFINITION_SHAPE('','',#8199);
#8151=PRODUCT_DEFINITION_SHAPE('','',#8200);
#8152=PRODUCT_DEFINITION_SHAPE('','',#8201);
#8153=PRODUCT_DEFINITION_SHAPE('','',#8202);
#8154=PRODUCT_DEFINITION_SHAPE('','',#8203);
#8155=PRODUCT_DEFINITION_SHAPE('','',#8204);
#8156=PRODUCT_DEFINITION_SHAPE('','',#8205);
#8157=PRODUCT_DEFINITION_SHAPE('','',#8206);
#8158=PRODUCT_DEFINITION_SHAPE('','',#8207);
#8159=PRODUCT_DEFINITION_SHAPE('','',#8208);
#8160=PRODUCT_DEFINITION_SHAPE('','',#8209);
#8161=PRODUCT_DEFINITION_SHAPE('','',#8210);
#8162=PRODUCT_DEFINITION_SHAPE('','',#8211);
#8163=PRODUCT_DEFINITION_SHAPE('','',#8212);
#8164=PRODUCT_DEFINITION_SHAPE('','',#8213);
#8165=PRODUCT_DEFINITION_SHAPE('','',#8214);
#8166=PRODUCT_DEFINITION_SHAPE('','',#8215);
#8167=PRODUCT_DEFINITION_SHAPE('','',#8216);
#8168=PRODUCT_DEFINITION_SHAPE('','',#8217);
#8169=PRODUCT_DEFINITION_SHAPE('','',#8218);
#8170=PRODUCT_DEFINITION_SHAPE('','',#8219);
#8171=PRODUCT_DEFINITION_SHAPE('','',#8220);
#8172=PRODUCT_DEFINITION_SHAPE('','',#8221);
#8173=PRODUCT_DEFINITION_SHAPE('','',#8222);
#8174=PRODUCT_DEFINITION_SHAPE('','',#8223);
#8175=PRODUCT_DEFINITION_SHAPE('','',#8224);
#8176=PRODUCT_DEFINITION_SHAPE('','',#8225);
#8177=PRODUCT_DEFINITION_SHAPE('','',#8226);
#8178=PRODUCT_DEFINITION_SHAPE('','',#8227);
#8179=PRODUCT_DEFINITION_SHAPE('','',#8228);
#8180=PRODUCT_DEFINITION('','',#8278,#8229);
#8181=PRODUCT_DEFINITION('','',#8279,#8230);
#8182=PRODUCT_DEFINITION('','',#8280,#8231);
#8183=PRODUCT_DEFINITION('','',#8281,#8232);
#8184=PRODUCT_DEFINITION('','',#8282,#8233);
#8185=PRODUCT_DEFINITION('','',#8283,#8234);
#8186=PRODUCT_DEFINITION('','',#8284,#8235);
#8187=PRODUCT_DEFINITION('','',#8285,#8236);
#8188=PRODUCT_DEFINITION('','',#8286,#8237);
#8189=PRODUCT_DEFINITION('','',#8287,#8238);
#8190=PRODUCT_DEFINITION('','',#8288,#8239);
#8191=PRODUCT_DEFINITION('','',#8289,#8240);
#8192=PRODUCT_DEFINITION('','',#8290,#8241);
#8193=PRODUCT_DEFINITION('','',#8291,#8242);
#8194=PRODUCT_DEFINITION('','',#8292,#8243);
#8195=PRODUCT_DEFINITION('','',#8293,#8244);
#8196=PRODUCT_DEFINITION('','',#8294,#8245);
#8197=PRODUCT_DEFINITION('','',#8295,#8246);
#8198=PRODUCT_DEFINITION('','',#8296,#8247);
#8199=PRODUCT_DEFINITION('','',#8297,#8248);
#8200=PRODUCT_DEFINITION('','',#8298,#8249);
#8201=PRODUCT_DEFINITION('','',#8299,#8250);
#8202=PRODUCT_DEFINITION('','',#8300,#8251);
#8203=PRODUCT_DEFINITION('','',#8301,#8252);
#8204=PRODUCT_DEFINITION('','',#8302,#8253);
#8205=PRODUCT_DEFINITION('','',#8303,#8254);
#8206=PRODUCT_DEFINITION('','',#8304,#8255);
#8207=PRODUCT_DEFINITION('','',#8305,#8256);
#8208=PRODUCT_DEFINITION('','',#8306,#8257);
#8209=PRODUCT_DEFINITION('','',#8307,#8258);
#8210=PRODUCT_DEFINITION('','',#8308,#8259);
#8211=PRODUCT_DEFINITION('','',#8309,#8260);
#8212=PRODUCT_DEFINITION('','',#8310,#8261);
#8213=PRODUCT_DEFINITION('','',#8311,#8262);
#8214=PRODUCT_DEFINITION('','',#8312,#8263);
#8215=PRODUCT_DEFINITION('','',#8313,#8264);
#8216=PRODUCT_DEFINITION('','',#8314,#8265);
#8217=PRODUCT_DEFINITION('','',#8315,#8266);
#8218=PRODUCT_DEFINITION('','',#8316,#8267);
#8219=PRODUCT_DEFINITION('','',#8317,#8268);
#8220=PRODUCT_DEFINITION('','',#8318,#8269);
#8221=PRODUCT_DEFINITION('','',#8319,#8270);
#8222=PRODUCT_DEFINITION('','',#8320,#8271);
#8223=PRODUCT_DEFINITION('','',#8321,#8272);
#8224=PRODUCT_DEFINITION('','',#8322,#8273);
#8225=PRODUCT_DEFINITION('','',#8323,#8274);
#8226=PRODUCT_DEFINITION('','',#8324,#8275);
#8227=PRODUCT_DEFINITION('','',#8325,#8276);
#8228=PRODUCT_DEFINITION('','',#8326,#8277);
#8229=PRODUCT_DEFINITION_CONTEXT('',#8572,'design');
#8230=PRODUCT_DEFINITION_CONTEXT('',#8573,'design');
#8231=PRODUCT_DEFINITION_CONTEXT('',#8574,'design');
#8232=PRODUCT_DEFINITION_CONTEXT('',#8575,'design');
#8233=PRODUCT_DEFINITION_CONTEXT('',#8576,'design');
#8234=PRODUCT_DEFINITION_CONTEXT('',#8577,'design');
#8235=PRODUCT_DEFINITION_CONTEXT('',#8578,'design');
#8236=PRODUCT_DEFINITION_CONTEXT('',#8579,'design');
#8237=PRODUCT_DEFINITION_CONTEXT('',#8580,'design');
#8238=PRODUCT_DEFINITION_CONTEXT('',#8581,'design');
#8239=PRODUCT_DEFINITION_CONTEXT('',#8582,'design');
#8240=PRODUCT_DEFINITION_CONTEXT('',#8583,'design');
#8241=PRODUCT_DEFINITION_CONTEXT('',#8584,'design');
#8242=PRODUCT_DEFINITION_CONTEXT('',#8585,'design');
#8243=PRODUCT_DEFINITION_CONTEXT('',#8586,'design');
#8244=PRODUCT_DEFINITION_CONTEXT('',#8587,'design');
#8245=PRODUCT_DEFINITION_CONTEXT('',#8588,'design');
#8246=PRODUCT_DEFINITION_CONTEXT('',#8589,'design');
#8247=PRODUCT_DEFINITION_CONTEXT('',#8590,'design');
#8248=PRODUCT_DEFINITION_CONTEXT('',#8591,'design');
#8249=PRODUCT_DEFINITION_CONTEXT('',#8592,'design');
#8250=PRODUCT_DEFINITION_CONTEXT('',#8593,'design');
#8251=PRODUCT_DEFINITION_CONTEXT('',#8594,'design');
#8252=PRODUCT_DEFINITION_CONTEXT('',#8595,'design');
#8253=PRODUCT_DEFINITION_CONTEXT('',#8596,'design');
#8254=PRODUCT_DEFINITION_CONTEXT('',#8597,'design');
#8255=PRODUCT_DEFINITION_CONTEXT('',#8598,'design');
#8256=PRODUCT_DEFINITION_CONTEXT('',#8599,'design');
#8257=PRODUCT_DEFINITION_CONTEXT('',#8600,'design');
#8258=PRODUCT_DEFINITION_CONTEXT('',#8601,'design');
#8259=PRODUCT_DEFINITION_CONTEXT('',#8602,'design');
#8260=PRODUCT_DEFINITION_CONTEXT('',#8603,'design');
#8261=PRODUCT_DEFINITION_CONTEXT('',#8604,'design');
#8262=PRODUCT_DEFINITION_CONTEXT('',#8605,'design');
#8263=PRODUCT_DEFINITION_CONTEXT('',#8606,'design');
#8264=PRODUCT_DEFINITION_CONTEXT('',#8607,'design');
#8265=PRODUCT_DEFINITION_CONTEXT('',#8608,'design');
#8266=PRODUCT_DEFINITION_CONTEXT('',#8609,'design');
#8267=PRODUCT_DEFINITION_CONTEXT('',#8610,'design');
#8268=PRODUCT_DEFINITION_CONTEXT('',#8611,'design');
#8269=PRODUCT_DEFINITION_CONTEXT('',#8612,'design');
#8270=PRODUCT_DEFINITION_CONTEXT('',#8613,'design');
#8271=PRODUCT_DEFINITION_CONTEXT('',#8614,'design');
#8272=PRODUCT_DEFINITION_CONTEXT('',#8615,'design');
#8273=PRODUCT_DEFINITION_CONTEXT('',#8616,'design');
#8274=PRODUCT_DEFINITION_CONTEXT('',#8617,'design');
#8275=PRODUCT_DEFINITION_CONTEXT('',#8618,'design');
#8276=PRODUCT_DEFINITION_CONTEXT('',#8619,'design');
#8277=PRODUCT_DEFINITION_CONTEXT('',#8620,'design');
#8278=PRODUCT_DEFINITION_FORMATION_WITH_SPECIFIED_SOURCE('','',#8376,
 .NOT_KNOWN.);
#8279=PRODUCT_DEFINITION_FORMATION_WITH_SPECIFIED_SOURCE('','',#8377,
 .NOT_KNOWN.);
#8280=PRODUCT_DEFINITION_FORMATION_WITH_SPECIFIED_SOURCE('','',#8378,
 .NOT_KNOWN.);
#8281=PRODUCT_DEFINITION_FORMATION_WITH_SPECIFIED_SOURCE('','',#8379,
 .NOT_KNOWN.);
#8282=PRODUCT_DEFINITION_FORMATION_WITH_SPECIFIED_SOURCE('','',#8380,
 .NOT_KNOWN.);
#8283=PRODUCT_DEFINITION_FORMATION_WITH_SPECIFIED_SOURCE('','',#8381,
 .NOT_KNOWN.);
#8284=PRODUCT_DEFINITION_FORMATION_WITH_SPECIFIED_SOURCE('','',#8382,
 .NOT_KNOWN.);
#8285=PRODUCT_DEFINITION_FORMATION_WITH_SPECIFIED_SOURCE('','',#8383,
 .NOT_KNOWN.);
#8286=PRODUCT_DEFINITION_FORMATION_WITH_SPECIFIED_SOURCE('','',#8384,
 .NOT_KNOWN.);
#8287=PRODUCT_DEFINITION_FORMATION_WITH_SPECIFIED_SOURCE('','',#8385,
 .NOT_KNOWN.);
#8288=PRODUCT_DEFINITION_FORMATION_WITH_SPECIFIED_SOURCE('','',#8386,
 .NOT_KNOWN.);
#8289=PRODUCT_DEFINITION_FORMATION_WITH_SPECIFIED_SOURCE('','',#8387,
 .NOT_KNOWN.);
#8290=PRODUCT_DEFINITION_FORMATION_WITH_SPECIFIED_SOURCE('','',#8388,
 .NOT_KNOWN.);
#8291=PRODUCT_DEFINITION_FORMATION_WITH_SPECIFIED_SOURCE('','',#8389,
 .NOT_KNOWN.);
#8292=PRODUCT_DEFINITION_FORMATION_WITH_SPECIFIED_SOURCE('','',#8390,
 .NOT_KNOWN.);
#8293=PRODUCT_DEFINITION_FORMATION_WITH_SPECIFIED_SOURCE('','',#8391,
 .NOT_KNOWN.);
#8294=PRODUCT_DEFINITION_FORMATION_WITH_SPECIFIED_SOURCE('','',#8392,
 .NOT_KNOWN.);
#8295=PRODUCT_DEFINITION_FORMATION_WITH_SPECIFIED_SOURCE('','',#8393,
 .NOT_KNOWN.);
#8296=PRODUCT_DEFINITION_FORMATION_WITH_SPECIFIED_SOURCE('','',#8394,
 .NOT_KNOWN.);
#8297=PRODUCT_DEFINITION_FORMATION_WITH_SPECIFIED_SOURCE('','',#8395,
 .NOT_KNOWN.);
#8298=PRODUCT_DEFINITION_FORMATION_WITH_SPECIFIED_SOURCE('','',#8396,
 .NOT_KNOWN.);
#8299=PRODUCT_DEFINITION_FORMATION_WITH_SPECIFIED_SOURCE('','',#8397,
 .NOT_KNOWN.);
#8300=PRODUCT_DEFINITION_FORMATION_WITH_SPECIFIED_SOURCE('','',#8398,
 .NOT_KNOWN.);
#8301=PRODUCT_DEFINITION_FORMATION_WITH_SPECIFIED_SOURCE('','',#8399,
 .NOT_KNOWN.);
#8302=PRODUCT_DEFINITION_FORMATION_WITH_SPECIFIED_SOURCE('','',#8400,
 .NOT_KNOWN.);
#8303=PRODUCT_DEFINITION_FORMATION_WITH_SPECIFIED_SOURCE('','',#8401,
 .NOT_KNOWN.);
#8304=PRODUCT_DEFINITION_FORMATION_WITH_SPECIFIED_SOURCE('','',#8402,
 .NOT_KNOWN.);
#8305=PRODUCT_DEFINITION_FORMATION_WITH_SPECIFIED_SOURCE('','',#8403,
 .NOT_KNOWN.);
#8306=PRODUCT_DEFINITION_FORMATION_WITH_SPECIFIED_SOURCE('','',#8404,
 .NOT_KNOWN.);
#8307=PRODUCT_DEFINITION_FORMATION_WITH_SPECIFIED_SOURCE('','',#8405,
 .NOT_KNOWN.);
#8308=PRODUCT_DEFINITION_FORMATION_WITH_SPECIFIED_SOURCE('','',#8406,
 .NOT_KNOWN.);
#8309=PRODUCT_DEFINITION_FORMATION_WITH_SPECIFIED_SOURCE('','',#8407,
 .NOT_KNOWN.);
#8310=PRODUCT_DEFINITION_FORMATION_WITH_SPECIFIED_SOURCE('','',#8408,
 .NOT_KNOWN.);
#8311=PRODUCT_DEFINITION_FORMATION_WITH_SPECIFIED_SOURCE('','',#8409,
 .NOT_KNOWN.);
#8312=PRODUCT_DEFINITION_FORMATION_WITH_SPECIFIED_SOURCE('','',#8410,
 .NOT_KNOWN.);
#8313=PRODUCT_DEFINITION_FORMATION_WITH_SPECIFIED_SOURCE('','',#8411,
 .NOT_KNOWN.);
#8314=PRODUCT_DEFINITION_FORMATION_WITH_SPECIFIED_SOURCE('','',#8412,
 .NOT_KNOWN.);
#8315=PRODUCT_DEFINITION_FORMATION_WITH_SPECIFIED_SOURCE('','',#8413,
 .NOT_KNOWN.);
#8316=PRODUCT_DEFINITION_FORMATION_WITH_SPECIFIED_SOURCE('','',#8414,
 .NOT_KNOWN.);
#8317=PRODUCT_DEFINITION_FORMATION_WITH_SPECIFIED_SOURCE('','',#8415,
 .NOT_KNOWN.);
#8318=PRODUCT_DEFINITION_FORMATION_WITH_SPECIFIED_SOURCE('','',#8416,
 .NOT_KNOWN.);
#8319=PRODUCT_DEFINITION_FORMATION_WITH_SPECIFIED_SOURCE('','',#8417,
 .NOT_KNOWN.);
#8320=PRODUCT_DEFINITION_FORMATION_WITH_SPECIFIED_SOURCE('','',#8418,
 .NOT_KNOWN.);
#8321=PRODUCT_DEFINITION_FORMATION_WITH_SPECIFIED_SOURCE('','',#8419,
 .NOT_KNOWN.);
#8322=PRODUCT_DEFINITION_FORMATION_WITH_SPECIFIED_SOURCE('','',#8420,
 .NOT_KNOWN.);
#8323=PRODUCT_DEFINITION_FORMATION_WITH_SPECIFIED_SOURCE('','',#8421,
 .NOT_KNOWN.);
#8324=PRODUCT_DEFINITION_FORMATION_WITH_SPECIFIED_SOURCE('','',#8422,
 .NOT_KNOWN.);
#8325=PRODUCT_DEFINITION_FORMATION_WITH_SPECIFIED_SOURCE('','',#8423,
 .NOT_KNOWN.);
#8326=PRODUCT_DEFINITION_FORMATION_WITH_SPECIFIED_SOURCE('','',#8424,
 .NOT_KNOWN.);
#8327=PRODUCT_RELATED_PRODUCT_CATEGORY('','',(#8376));
#8328=PRODUCT_RELATED_PRODUCT_CATEGORY('','',(#8377));
#8329=PRODUCT_RELATED_PRODUCT_CATEGORY('','',(#8378));
#8330=PRODUCT_RELATED_PRODUCT_CATEGORY('','',(#8379));
#8331=PRODUCT_RELATED_PRODUCT_CATEGORY('','',(#8380));
#8332=PRODUCT_RELATED_PRODUCT_CATEGORY('','',(#8381));
#8333=PRODUCT_RELATED_PRODUCT_CATEGORY('','',(#8382));
#8334=PRODUCT_RELATED_PRODUCT_CATEGORY('','',(#8383));
#8335=PRODUCT_RELATED_PRODUCT_CATEGORY('','',(#8384));
#8336=PRODUCT_RELATED_PRODUCT_CATEGORY('','',(#8385));
#8337=PRODUCT_RELATED_PRODUCT_CATEGORY('','',(#8386));
#8338=PRODUCT_RELATED_PRODUCT_CATEGORY('','',(#8387));
#8339=PRODUCT_RELATED_PRODUCT_CATEGORY('','',(#8388));
#8340=PRODUCT_RELATED_PRODUCT_CATEGORY('','',(#8389));
#8341=PRODUCT_RELATED_PRODUCT_CATEGORY('','',(#8390));
#8342=PRODUCT_RELATED_PRODUCT_CATEGORY('','',(#8391));
#8343=PRODUCT_RELATED_PRODUCT_CATEGORY('','',(#8392));
#8344=PRODUCT_RELATED_PRODUCT_CATEGORY('','',(#8393));
#8345=PRODUCT_RELATED_PRODUCT_CATEGORY('','',(#8394));
#8346=PRODUCT_RELATED_PRODUCT_CATEGORY('','',(#8395));
#8347=PRODUCT_RELATED_PRODUCT_CATEGORY('','',(#8396));
#8348=PRODUCT_RELATED_PRODUCT_CATEGORY('','',(#8397));
#8349=PRODUCT_RELATED_PRODUCT_CATEGORY('','',(#8398));
#8350=PRODUCT_RELATED_PRODUCT_CATEGORY('','',(#8399));
#8351=PRODUCT_RELATED_PRODUCT_CATEGORY('','',(#8400));
#8352=PRODUCT_RELATED_PRODUCT_CATEGORY('','',(#8401));
#8353=PRODUCT_RELATED_PRODUCT_CATEGORY('','',(#8402));
#8354=PRODUCT_RELATED_PRODUCT_CATEGORY('','',(#8403));
#8355=PRODUCT_RELATED_PRODUCT_CATEGORY('','',(#8404));
#8356=PRODUCT_RELATED_PRODUCT_CATEGORY('','',(#8405));
#8357=PRODUCT_RELATED_PRODUCT_CATEGORY('','',(#8406));
#8358=PRODUCT_RELATED_PRODUCT_CATEGORY('','',(#8407));
#8359=PRODUCT_RELATED_PRODUCT_CATEGORY('','',(#8408));
#8360=PRODUCT_RELATED_PRODUCT_CATEGORY('','',(#8409));
#8361=PRODUCT_RELATED_PRODUCT_CATEGORY('','',(#8410));
#8362=PRODUCT_RELATED_PRODUCT_CATEGORY('','',(#8411));
#8363=PRODUCT_RELATED_PRODUCT_CATEGORY('','',(#8412));
#8364=PRODUCT_RELATED_PRODUCT_CATEGORY('','',(#8413));
#8365=PRODUCT_RELATED_PRODUCT_CATEGORY('','',(#8414));
#8366=PRODUCT_RELATED_PRODUCT_CATEGORY('','',(#8415));
#8367=PRODUCT_RELATED_PRODUCT_CATEGORY('','',(#8416));
#8368=PRODUCT_RELATED_PRODUCT_CATEGORY('','',(#8417));
#8369=PRODUCT_RELATED_PRODUCT_CATEGORY('','',(#8418));
#8370=PRODUCT_RELATED_PRODUCT_CATEGORY('','',(#8419));
#8371=PRODUCT_RELATED_PRODUCT_CATEGORY('','',(#8420));
#8372=PRODUCT_RELATED_PRODUCT_CATEGORY('','',(#8421));
#8373=PRODUCT_RELATED_PRODUCT_CATEGORY('','',(#8422));
#8374=PRODUCT_RELATED_PRODUCT_CATEGORY('','',(#8423));
#8375=PRODUCT_RELATED_PRODUCT_CATEGORY('','',(#8424));
#8376=PRODUCT('AC03_0_V2','AC03_0_V2','AC03_0_V2',(#8474));
#8377=PRODUCT('AC09_1_V2','AC09_1_V2','AC09_1_V2',(#8475));
#8378=PRODUCT('AC08_3_V2','AC08_3_V2','AC08_3_V2',(#8476));
#8379=PRODUCT('AC30_0_V2','AC30_0_V2','AC30_0_V2',(#8477));
#8380=PRODUCT('AC11_0_V2','AC11_0_V2','AC11_0_V2',(#8478));
#8381=PRODUCT('AC45_0_V2','AC45_0_V2','AC45_0_V2',(#8479));
#8382=PRODUCT('AC20_0_V2','AC20_0_V2','AC20_0_V2',(#8480));
#8383=PRODUCT('AC42_0_V2','AC42_0_V2','AC42_0_V2',(#8481));
#8384=PRODUCT('AC43_0_V2','AC43_0_V2','AC43_0_V2',(#8482));
#8385=PRODUCT('AC02_0_V2','AC02_0_V2','AC02_0_V2',(#8483));
#8386=PRODUCT('AC08_0_V2','AC08_0_V2','AC08_0_V2',(#8484));
#8387=PRODUCT('AC12_0_V2','AC12_0_V2','AC12_0_V2',(#8485));
#8388=PRODUCT('AC27_0_V2','AC27_0_V2','AC27_0_V2',(#8486));
#8389=PRODUCT('AC29_0_V2','AC29_0_V2','AC29_0_V2',(#8487));
#8390=PRODUCT('AC12_1_V2','AC12_1_V2','AC12_1_V2',(#8488));
#8391=PRODUCT('AC17_0_V2','AC17_0_V2','AC17_0_V2',(#8489));
#8392=PRODUCT('AC18_0_V2','AC18_0_V2','AC18_0_V2',(#8490));
#8393=PRODUCT('AC32_0_V2','AC32_0_V2','AC32_0_V2',(#8491));
#8394=PRODUCT('AC39_0_V2','AC39_0_V2','AC39_0_V2',(#8492));
#8395=PRODUCT('AC49_0_V2','AC49_0_V2','AC49_0_V2',(#8493));
#8396=PRODUCT('AC01_0_V2','AC01_0_V2','AC01_0_V2',(#8494));
#8397=PRODUCT('AC08_1_V2','AC08_1_V2','AC08_1_V2',(#8495));
#8398=PRODUCT('AC31_0_V2','AC31_0_V2','AC31_0_V2',(#8496));
#8399=PRODUCT('AC12_2_V2','AC12_2_V2','AC12_2_V2',(#8497));
#8400=PRODUCT('AC44_0_V2','AC44_0_V2','AC44_0_V2',(#8498));
#8401=PRODUCT('AC40_0_V2','AC40_0_V2','AC40_0_V2',(#8499));
#8402=PRODUCT('AC23_0_V2','AC23_0_V2','AC23_0_V2',(#8500));
#8403=PRODUCT('AC24_0_V2','AC24_0_V2','AC24_0_V2',(#8501));
#8404=PRODUCT('AC04_0_V2','AC04_0_V2','AC04_0_V2',(#8502));
#8405=PRODUCT('AC19_0_V2','AC19_0_V2','AC19_0_V2',(#8503));
#8406=PRODUCT('AC44_1_V2','AC44_1_V2','AC44_1_V2',(#8504));
#8407=PRODUCT('AC26_0_V2','AC26_0_V2','AC26_0_V2',(#8505));
#8408=PRODUCT('AC10_0_V2','AC10_0_V2','AC10_0_V2',(#8506));
#8409=PRODUCT('AC21_0_V2','AC21_0_V2','AC21_0_V2',(#8507));
#8410=PRODUCT('AC22_0_V2','AC22_0_V2','AC22_0_V2',(#8508));
#8411=PRODUCT('AC25_0_V2','AC25_0_V2','AC25_0_V2',(#8509));
#8412=PRODUCT('AC09_0_V2','AC09_0_V2','AC09_0_V2',(#8510));
#8413=PRODUCT('AC14_0_V2','AC14_0_V2','AC14_0_V2',(#8511));
#8414=PRODUCT('AC46_0_V2','AC46_0_V2','AC46_0_V2',(#8512));
#8415=PRODUCT('AC08_2_V2','AC08_2_V2','AC08_2_V2',(#8513));
#8416=PRODUCT('AC22_1_V2','AC22_1_V2','AC22_1_V2',(#8514));
#8417=PRODUCT('AC35_0_V2','AC35_0_V2','AC35_0_V2',(#8515));
#8418=PRODUCT('AC28_0_V2','AC28_0_V2','AC28_0_V2',(#8516));
#8419=PRODUCT('AC07_0_V2','AC07_0_V2','AC07_0_V2',(#8517));
#8420=PRODUCT('AC34_0_V2','AC34_0_V2','AC34_0_V2',(#8518));
#8421=PRODUCT('AC05_0_V2','AC05_0_V2','AC05_0_V2',(#8519));
#8422=PRODUCT('AC16_0_V2','AC16_0_V2','AC16_0_V2',(#8520));
#8423=PRODUCT('AC37_0_V2','AC37_0_V2','AC37_0_V2',(#8521));
#8424=PRODUCT('AC33_0_V2','AC33_0_V2','AC33_0_V2',(#8522));
#8425=PRODUCT_CATEGORY('','');
#8426=PRODUCT_CATEGORY('','');
#8427=PRODUCT_CATEGORY('','');
#8428=PRODUCT_CATEGORY('','');
#8429=PRODUCT_CATEGORY('','');
#8430=PRODUCT_CATEGORY('','');
#8431=PRODUCT_CATEGORY('','');
#8432=PRODUCT_CATEGORY('','');
#8433=PRODUCT_CATEGORY('','');
#8434=PRODUCT_CATEGORY('','');
#8435=PRODUCT_CATEGORY('','');
#8436=PRODUCT_CATEGORY('','');
#8437=PRODUCT_CATEGORY('','');
#8438=PRODUCT_CATEGORY('','');
#8439=PRODUCT_CATEGORY('','');
#8440=PRODUCT_CATEGORY('','');
#8441=PRODUCT_CATEGORY('','');
#8442=PRODUCT_CATEGORY('','');
#8443=PRODUCT_CATEGORY('','');
#8444=PRODUCT_CATEGORY('','');
#8445=PRODUCT_CATEGORY('','');
#8446=PRODUCT_CATEGORY('','');
#8447=PRODUCT_CATEGORY('','');
#8448=PRODUCT_CATEGORY('','');
#8449=PRODUCT_CATEGORY('','');
#8450=PRODUCT_CATEGORY('','');
#8451=PRODUCT_CATEGORY('','');
#8452=PRODUCT_CATEGORY('','');
#8453=PRODUCT_CATEGORY('','');
#8454=PRODUCT_CATEGORY('','');
#8455=PRODUCT_CATEGORY('','');
#8456=PRODUCT_CATEGORY('','');
#8457=PRODUCT_CATEGORY('','');
#8458=PRODUCT_CATEGORY('','');
#8459=PRODUCT_CATEGORY('','');
#8460=PRODUCT_CATEGORY('','');
#8461=PRODUCT_CATEGORY('','');
#8462=PRODUCT_CATEGORY('','');
#8463=PRODUCT_CATEGORY('','');
#8464=PRODUCT_CATEGORY('','');
#8465=PRODUCT_CATEGORY('','');
#8466=PRODUCT_CATEGORY('','');
#8467=PRODUCT_CATEGORY('','');
#8468=PRODUCT_CATEGORY('','');
#8469=PRODUCT_CATEGORY('','');
#8470=PRODUCT_CATEGORY('','');
#8471=PRODUCT_CATEGORY('','');
#8472=PRODUCT_CATEGORY('','');
#8473=PRODUCT_CATEGORY('','');
#8474=PRODUCT_CONTEXT('',#8572,'mechanical');
#8475=PRODUCT_CONTEXT('',#8573,'mechanical');
#8476=PRODUCT_CONTEXT('',#8574,'mechanical');
#8477=PRODUCT_CONTEXT('',#8575,'mechanical');
#8478=PRODUCT_CONTEXT('',#8576,'mechanical');
#8479=PRODUCT_CONTEXT('',#8577,'mechanical');
#8480=PRODUCT_CONTEXT('',#8578,'mechanical');
#8481=PRODUCT_CONTEXT('',#8579,'mechanical');
#8482=PRODUCT_CONTEXT('',#8580,'mechanical');
#8483=PRODUCT_CONTEXT('',#8581,'mechanical');
#8484=PRODUCT_CONTEXT('',#8582,'mechanical');
#8485=PRODUCT_CONTEXT('',#8583,'mechanical');
#8486=PRODUCT_CONTEXT('',#8584,'mechanical');
#8487=PRODUCT_CONTEXT('',#8585,'mechanical');
#8488=PRODUCT_CONTEXT('',#8586,'mechanical');
#8489=PRODUCT_CONTEXT('',#8587,'mechanical');
#8490=PRODUCT_CONTEXT('',#8588,'mechanical');
#8491=PRODUCT_CONTEXT('',#8589,'mechanical');
#8492=PRODUCT_CONTEXT('',#8590,'mechanical');
#8493=PRODUCT_CONTEXT('',#8591,'mechanical');
#8494=PRODUCT_CONTEXT('',#8592,'mechanical');
#8495=PRODUCT_CONTEXT('',#8593,'mechanical');
#8496=PRODUCT_CONTEXT('',#8594,'mechanical');
#8497=PRODUCT_CONTEXT('',#8595,'mechanical');
#8498=PRODUCT_CONTEXT('',#8596,'mechanical');
#8499=PRODUCT_CONTEXT('',#8597,'mechanical');
#8500=PRODUCT_CONTEXT('',#8598,'mechanical');
#8501=PRODUCT_CONTEXT('',#8599,'mechanical');
#8502=PRODUCT_CONTEXT('',#8600,'mechanical');
#8503=PRODUCT_CONTEXT('',#8601,'mechanical');
#8504=PRODUCT_CONTEXT('',#8602,'mechanical');
#8505=PRODUCT_CONTEXT('',#8603,'mechanical');
#8506=PRODUCT_CONTEXT('',#8604,'mechanical');
#8507=PRODUCT_CONTEXT('',#8605,'mechanical');
#8508=PRODUCT_CONTEXT('',#8606,'mechanical');
#8509=PRODUCT_CONTEXT('',#8607,'mechanical');
#8510=PRODUCT_CONTEXT('',#8608,'mechanical');
#8511=PRODUCT_CONTEXT('',#8609,'mechanical');
#8512=PRODUCT_CONTEXT('',#8610,'mechanical');
#8513=PRODUCT_CONTEXT('',#8611,'mechanical');
#8514=PRODUCT_CONTEXT('',#8612,'mechanical');
#8515=PRODUCT_CONTEXT('',#8613,'mechanical');
#8516=PRODUCT_CONTEXT('',#8614,'mechanical');
#8517=PRODUCT_CONTEXT('',#8615,'mechanical');
#8518=PRODUCT_CONTEXT('',#8616,'mechanical');
#8519=PRODUCT_CONTEXT('',#8617,'mechanical');
#8520=PRODUCT_CONTEXT('',#8618,'mechanical');
#8521=PRODUCT_CONTEXT('',#8619,'mechanical');
#8522=PRODUCT_CONTEXT('',#8620,'mechanical');
#8523=APPLICATION_PROTOCOL_DEFINITION('international standard',
'automotive_design',2010,#8572);
#8524=APPLICATION_PROTOCOL_DEFINITION('international standard',
'automotive_design',2010,#8573);
#8525=APPLICATION_PROTOCOL_DEFINITION('international standard',
'automotive_design',2010,#8574);
#8526=APPLICATION_PROTOCOL_DEFINITION('international standard',
'automotive_design',2010,#8575);
#8527=APPLICATION_PROTOCOL_DEFINITION('international standard',
'automotive_design',2010,#8576);
#8528=APPLICATION_PROTOCOL_DEFINITION('international standard',
'automotive_design',2010,#8577);
#8529=APPLICATION_PROTOCOL_DEFINITION('international standard',
'automotive_design',2010,#8578);
#8530=APPLICATION_PROTOCOL_DEFINITION('international standard',
'automotive_design',2010,#8579);
#8531=APPLICATION_PROTOCOL_DEFINITION('international standard',
'automotive_design',2010,#8580);
#8532=APPLICATION_PROTOCOL_DEFINITION('international standard',
'automotive_design',2010,#8581);
#8533=APPLICATION_PROTOCOL_DEFINITION('international standard',
'automotive_design',2010,#8582);
#8534=APPLICATION_PROTOCOL_DEFINITION('international standard',
'automotive_design',2010,#8583);
#8535=APPLICATION_PROTOCOL_DEFINITION('international standard',
'automotive_design',2010,#8584);
#8536=APPLICATION_PROTOCOL_DEFINITION('international standard',
'automotive_design',2010,#8585);
#8537=APPLICATION_PROTOCOL_DEFINITION('international standard',
'automotive_design',2010,#8586);
#8538=APPLICATION_PROTOCOL_DEFINITION('international standard',
'automotive_design',2010,#8587);
#8539=APPLICATION_PROTOCOL_DEFINITION('international standard',
'automotive_design',2010,#8588);
#8540=APPLICATION_PROTOCOL_DEFINITION('international standard',
'automotive_design',2010,#8589);
#8541=APPLICATION_PROTOCOL_DEFINITION('international standard',
'automotive_design',2010,#8590);
#8542=APPLICATION_PROTOCOL_DEFINITION('international standard',
'automotive_design',2010,#8591);
#8543=APPLICATION_PROTOCOL_DEFINITION('international standard',
'automotive_design',2010,#8592);
#8544=APPLICATION_PROTOCOL_DEFINITION('international standard',
'automotive_design',2010,#8593);
#8545=APPLICATION_PROTOCOL_DEFINITION('international standard',
'automotive_design',2010,#8594);
#8546=APPLICATION_PROTOCOL_DEFINITION('international standard',
'automotive_design',2010,#8595);
#8547=APPLICATION_PROTOCOL_DEFINITION('international standard',
'automotive_design',2010,#8596);
#8548=APPLICATION_PROTOCOL_DEFINITION('international standard',
'automotive_design',2010,#8597);
#8549=APPLICATION_PROTOCOL_DEFINITION('international standard',
'automotive_design',2010,#8598);
#8550=APPLICATION_PROTOCOL_DEFINITION('international standard',
'automotive_design',2010,#8599);
#8551=APPLICATION_PROTOCOL_DEFINITION('international standard',
'automotive_design',2010,#8600);
#8552=APPLICATION_PROTOCOL_DEFINITION('international standard',
'automotive_design',2010,#8601);
#8553=APPLICATION_PROTOCOL_DEFINITION('international standard',
'automotive_design',2010,#8602);
#8554=APPLICATION_PROTOCOL_DEFINITION('international standard',
'automotive_design',2010,#8603);
#8555=APPLICATION_PROTOCOL_DEFINITION('international standard',
'automotive_design',2010,#8604);
#8556=APPLICATION_PROTOCOL_DEFINITION('international standard',
'automotive_design',2010,#8605);
#8557=APPLICATION_PROTOCOL_DEFINITION('international standard',
'automotive_design',2010,#8606);
#8558=APPLICATION_PROTOCOL_DEFINITION('international standard',
'automotive_design',2010,#8607);
#8559=APPLICATION_PROTOCOL_DEFINITION('international standard',
'automotive_design',2010,#8608);
#8560=APPLICATION_PROTOCOL_DEFINITION('international standard',
'automotive_design',2010,#8609);
#8561=APPLICATION_PROTOCOL_DEFINITION('international standard',
'automotive_design',2010,#8610);
#8562=APPLICATION_PROTOCOL_DEFINITION('international standard',
'automotive_design',2010,#8611);
#8563=APPLICATION_PROTOCOL_DEFINITION('international standard',
'automotive_design',2010,#8612);
#8564=APPLICATION_PROTOCOL_DEFINITION('international standard',
'automotive_design',2010,#8613);
#8565=APPLICATION_PROTOCOL_DEFINITION('international standard',
'automotive_design',2010,#8614);
#8566=APPLICATION_PROTOCOL_DEFINITION('international standard',
'automotive_design',2010,#8615);
#8567=APPLICATION_PROTOCOL_DEFINITION('international standard',
'automotive_design',2010,#8616);
#8568=APPLICATION_PROTOCOL_DEFINITION('international standard',
'automotive_design',2010,#8617);
#8569=APPLICATION_PROTOCOL_DEFINITION('international standard',
'automotive_design',2010,#8618);
#8570=APPLICATION_PROTOCOL_DEFINITION('international standard',
'automotive_design',2010,#8619);
#8571=APPLICATION_PROTOCOL_DEFINITION('international standard',
'automotive_design',2010,#8620);
#8572=APPLICATION_CONTEXT(
'core data for automotive mechanical design processes');
#8573=APPLICATION_CONTEXT(
'core data for automotive mechanical design processes');
#8574=APPLICATION_CONTEXT(
'core data for automotive mechanical design processes');
#8575=APPLICATION_CONTEXT(
'core data for automotive mechanical design processes');
#8576=APPLICATION_CONTEXT(
'core data for automotive mechanical design processes');
#8577=APPLICATION_CONTEXT(
'core data for automotive mechanical design processes');
#8578=APPLICATION_CONTEXT(
'core data for automotive mechanical design processes');
#8579=APPLICATION_CONTEXT(
'core data for automotive mechanical design processes');
#8580=APPLICATION_CONTEXT(
'core data for automotive mechanical design processes');
#8581=APPLICATION_CONTEXT(
'core data for automotive mechanical design processes');
#8582=APPLICATION_CONTEXT(
'core data for automotive mechanical design processes');
#8583=APPLICATION_CONTEXT(
'core data for automotive mechanical design processes');
#8584=APPLICATION_CONTEXT(
'core data for automotive mechanical design processes');
#8585=APPLICATION_CONTEXT(
'core data for automotive mechanical design processes');
#8586=APPLICATION_CONTEXT(
'core data for automotive mechanical design processes');
#8587=APPLICATION_CONTEXT(
'core data for automotive mechanical design processes');
#8588=APPLICATION_CONTEXT(
'core data for automotive mechanical design processes');
#8589=APPLICATION_CONTEXT(
'core data for automotive mechanical design processes');
#8590=APPLICATION_CONTEXT(
'core data for automotive mechanical design processes');
#8591=APPLICATION_CONTEXT(
'core data for automotive mechanical design processes');
#8592=APPLICATION_CONTEXT(
'core data for automotive mechanical design processes');
#8593=APPLICATION_CONTEXT(
'core data for automotive mechanical design processes');
#8594=APPLICATION_CONTEXT(
'core data for automotive mechanical design processes');
#8595=APPLICATION_CONTEXT(
'core data for automotive mechanical design processes');
#8596=APPLICATION_CONTEXT(
'core data for automotive mechanical design processes');
#8597=APPLICATION_CONTEXT(
'core data for automotive mechanical design processes');
#8598=APPLICATION_CONTEXT(
'core data for automotive mechanical design processes');
#8599=APPLICATION_CONTEXT(
'core data for automotive mechanical design processes');
#8600=APPLICATION_CONTEXT(
'core data for automotive mechanical design processes');
#8601=APPLICATION_CONTEXT(
'core data for automotive mechanical design processes');
#8602=APPLICATION_CONTEXT(
'core data for automotive mechanical design processes');
#8603=APPLICATION_CONTEXT(
'core data for automotive mechanical design processes');
#8604=APPLICATION_CONTEXT(
'core data for automotive mechanical design processes');
#8605=APPLICATION_CONTEXT(
'core data for automotive mechanical design processes');
#8606=APPLICATION_CONTEXT(
'core data for automotive mechanical design processes');
#8607=APPLICATION_CONTEXT(
'core data for automotive mechanical design processes');
#8608=APPLICATION_CONTEXT(
'core data for automotive mechanical design processes');
#8609=APPLICATION_CONTEXT(
'core data for automotive mechanical design processes');
#8610=APPLICATION_CONTEXT(
'core data for automotive mechanical design processes');
#8611=APPLICATION_CONTEXT(
'core data for automotive mechanical design processes');
#8612=APPLICATION_CONTEXT(
'core data for automotive mechanical design processes');
#8613=APPLICATION_CONTEXT(
'core data for automotive mechanical design processes');
#8614=APPLICATION_CONTEXT(
'core data for automotive mechanical design processes');
#8615=APPLICATION_CONTEXT(
'core data for automotive mechanical design processes');
#8616=APPLICATION_CONTEXT(
'core data for automotive mechanical design processes');
#8617=APPLICATION_CONTEXT(
'core data for automotive mechanical design processes');
#8618=APPLICATION_CONTEXT(
'core data for automotive mechanical design processes');
#8619=APPLICATION_CONTEXT(
'core data for automotive mechanical design processes');
#8620=APPLICATION_CONTEXT(
'core data for automotive mechanical design processes');
ENDSEC;
END-ISO-10303-21;
