ISO-10303-21;
HEADER;
FILE_DESCRIPTION(('Open CASCADE Model'),'2;1');
FILE_NAME('Open CASCADE Shape Model','2026-10-03T01:23:32',('Author'),(
    'Open CASCADE'),'Open CASCADE STEP processor 7.8','Open CASCADE 7.8'
  ,'Unknown');
FILE_SCHEMA(('AUTOMOTIVE_DESIGN { 1 0 10303 214 1 1 1 1 }'));
ENDSEC;
DATA;
#1 = APPLICATION_PROTOCOL_DEFINITION('international standard',
  'automotive_design',2000,#2);
#2 = APPLICATION_CONTEXT(
  'core data for automotive mechanical design processes');
#3 = SHAPE_DEFINITION_REPRESENTATION(#4,#10);
#4 = PRODUCT_DEFINITION_SHAPE('','',#5);
#5 = PRODUCT_DEFINITION('design','',#6,#9);
#6 = PRODUCT_DEFINITION_FORMATION('','',#7);
#7 = PRODUCT('Open CASCADE STEP translator 7.8 1',
  'Open CASCADE STEP translator 7.8 1','',(#8));
#8 = PRODUCT_CONTEXT('',#2,'mechanical');
#9 = PRODUCT_DEFINITION_CONTEXT('part definition',#2,'design');
#10 = ADVANCED_BREP_SHAPE_REPRESENTATION('',(#11,#15),#1256);
#11 = AXIS2_PLACEMENT_3D('',#12,#13,#14);
#12 = CARTESIAN_POINT('',(0,0,0));
#13 = DIRECTION('',(0,0,1));
#14 = DIRECTION('',(1,0,-0));
#15 = MANIFOLD_SOLID_BREP('',#16);
#16 = CLOSED_SHELL('',(#17,#860,#1189,#1193,#1197,#1252));
#17 = ADVANCED_FACE('',(#18,#778),#172,.T.);
#18 = FACE_BOUND('',#19,.T.);
#19 = EDGE_LOOP('',(#20));
#20 = ORIENTED_EDGE('',*,*,#21,.F.);
#21 = EDGE_CURVE('',#22,#22,#24,.T.);
#22 = VERTEX_POINT('',#23);
#23 = CARTESIAN_POINT('',(1755.8514808364218,754.83906714276293,
    0.0037030404019464669));
#24 = SURFACE_CURVE('',#25,(#171,#335),.PCURVE_S1.);
#25 = ( BOUNDED_CURVE() B_SPLINE_CURVE(12,(#26,#27,#28,#29,#30,#31,#32,
    #33,#34,#35,#36,#37,#38,#39,#40,#41,#42,#43,#44,#45,#46,#47,#48,#49,
    #50,#51,#52,#53,#54,#55,#56,#57,#58,#59,#60,#61,#62,#63,#64,#65,#66,
    #67,#68,#69,#70,#71,#72,#73,#74,#75,#76,#77,#78,#79,#80,#81,#82,#83,
    #84,#85,#86,#87,#88,#89,#90,#91,#92,#93,#94,#95,#96,#97,#98,#99,#100
    ,#101,#102,#103,#104,#105,#106,#107,#108,#109,#110,#111,#112,#113,
    #114,#115,#116,#117,#118,#119,#120,#121,#122,#123,#124,#125,#126,
    #127,#128,#129,#130,#131,#132,#133,#134,#135,#136,#137,#138,#139,
    #140,#141,#142,#143,#144,#145,#146,#147,#148,#149,#150,#151,#152,
    #153,#154,#155,#156,#157,#158,#159,#160,#161,#162,#163,#164,#165,
    #166,#167,#168,#169,#170),.UNSPECIFIED.,.T.,.F.) 
B_SPLINE_CURVE_WITH_KNOTS((13,11,11,11,11,11,11,11,11,11,11,11,11,13),(
    -1.6254666878082539e-15,0.52685762437151507,1.0537152487430317,
    2.1074304974860651,3.3030205438983895,5.5146852741232131,
    7.0480141125085733,9.5471188978287049,12.816315583420652,
    17.026490557428883,18.306817896514708,19.833743357532068,
22.322411561402088,25.577955662937228),.UNSPECIFIED.) CURVE() 
GEOMETRIC_REPRESENTATION_ITEM() RATIONAL_B_SPLINE_CURVE((1,
    1.0000000000000842,0.99999999999962097,1.0000000000009712,
    0.99999999999826206,1.0000000000023359,0.99999999999754341,
    1.0000000000020515,0.99999999999864464,1.0000000000006921,
    0.99999999999974432,1.0000000000000546,0.99999999999995015,
    1.0000000000001616,0.99999999999970268,1.0000000000003511,
    0.99999999999974221,1.0000000000000917,1.0000000000000331,
    0.99999999999993072,1.0000000000000437,0.99999999999999256,
    0.99999999999998934,1.0000000000000526,0.99999999999970979,
    1.0000000000007809,0.99999999999854805,1.0000000000020182,
    0.99999999999781231,1.0000000000018878,0.99999999999870337,
    1.000000000000693,0.99999999999972966,1.0000000000000637,
    0.99999999999992595,1.0000000000003411,0.99999999999908018,
    1.0000000000017371,0.99999999999754374,1.0000000000026776,
    0.99999999999771094,1.0000000000015399,0.99999999999919553,
    1.0000000000003126,0.99999999999991973,1.0000000000001712,
    0.99999999999921196,1.0000000000020834,0.99999999999608913,
    1.0000000000055678,0.99999999999381184,1.0000000000054172,
    0.99999999999627565,1.0000000000019718,0.99999999999923705,
    1.0000000000001856,0.99999999999985478,1.0000000000006741,
    0.99999999999825073,1.0000000000031999,0.99999999999560774,
    1.0000000000046614,0.99999999999612876,1.0000000000024964,
    0.99999999999879763,1.0000000000003813,0.99999999999996825,
    0.99999999999993827,1.0000000000004838,0.99999999999866795,
    1.000000000002417,0.99999999999674183,1.0000000000034068,
    0.99999999999717804,1.0000000000018625,0.99999999999903189,
    1.0000000000003793,0.99999999999990097,1.0000000000001537,
    0.99999999999930578,1.0000000000017439,0.99999999999692069,
    1.0000000000041136,0.99999999999571321,1.0000000000035234,
    0.99999999999772327,1.0000000000011307,0.99999999999959532,
    1.0000000000000833,0.99999999999990341,1.0000000000003919,
    0.99999999999902589,1.0000000000017151,0.99999999999775302,
    1.0000000000022609,0.9999999999982262,1.0000000000010774,
    0.99999999999952116,1.000000000000121,1.000000000000018,
    0.99999999999994882,1.0000000000004339,0.99999999999869249,
    1.0000000000025993,0.99999999999615963,1.0000000000043687,
    0.99999999999615818,1.0000000000025786,0.99999999999873823,
    1.0000000000003824,0.999999999999994,0.999999999999866,
    1.0000000000009441,0.99999999999727629,1.0000000000052962,
    0.9999999999923459,1.0000000000085016,0.99999999999266009,
    1.0000000000049021,0.99999999999754563,1.000000000000832,
    0.99999999999988598,1.0000000000000344,1.0000000000001852,
    0.99999999999924127,1.0000000000016478,0.9999999999974809,
    1.0000000000029208,0.99999999999735301,1.0000000000018796,
    0.99999999999898115,1.0000000000003919,0.99999999999991562,
    1.0000000000000973,0.99999999999959843,1.0000000000010303,
    0.99999999999809208,1.0000000000027061,0.99999999999700073,
    1.0000000000026215,0.99999999999820233,1.0000000000009441,
0.99999999999964295,1.0000000000000802,1)) REPRESENTATION_ITEM('') );
#26 = CARTESIAN_POINT('',(1755.8514808364218,754.83906714276293,
    0.0037030404019464669));
#27 = CARTESIAN_POINT('',(1755.8538899067423,754.8379810541968,
    0.047881006333053616));
#28 = CARTESIAN_POINT('',(1755.8564389044568,754.83660507381603,
    0.089499519269495953));
#29 = CARTESIAN_POINT('',(1755.8597727767396,754.83464859116555,
    0.14038919547249984));
#30 = CARTESIAN_POINT('',(1755.8621586049928,754.83289290466075,
    0.16877644285720528));
#31 = CARTESIAN_POINT('',(1755.866940172546,754.82983045782566,
    0.23598669551763013));
#32 = CARTESIAN_POINT('',(1755.8692729948343,754.82764512798917,
    0.25318903809599053));
#33 = CARTESIAN_POINT('',(1755.8745211095663,754.82391834653868,
    0.31875987587989196));
#34 = CARTESIAN_POINT('',(1755.8781219239611,754.82070669274822,
    0.34904090196351523));
#35 = CARTESIAN_POINT('',(1755.8830281770149,754.8166784819615,
    0.39819295353955186));
#36 = CARTESIAN_POINT('',(1755.8878171649753,754.8124745207034,
    0.44014086413829667));
#37 = CARTESIAN_POINT('',(1755.8929725063435,754.80787608047899,
    0.48376960646140854));
#38 = CARTESIAN_POINT('',(1755.9038027866109,754.79798472174775,
    0.57051662772535794));
#39 = CARTESIAN_POINT('',(1755.9094895383005,754.79268722512154,
    0.61383912163868015));
#40 = CARTESIAN_POINT('',(1755.9154463998796,754.78703733987174,
    0.65710848195701255));
#41 = CARTESIAN_POINT('',(1755.9216718696814,754.78103449462617,
    0.70032259180044454));
#42 = CARTESIAN_POINT('',(1755.92816444604,754.77467811802967,
    0.74347933429656021));
#43 = CARTESIAN_POINT('',(1755.9349226272875,754.76796763870198,
    0.78657659256061485));
#44 = CARTESIAN_POINT('',(1755.9419449117595,754.7609024852926,
    0.82961224972420045));
#45 = CARTESIAN_POINT('',(1755.9492297977865,754.75348208642231,
    0.87258418890125999));
#46 = CARTESIAN_POINT('',(1755.9567757837049,754.74570587073458,
    0.91549029322133446));
#47 = CARTESIAN_POINT('',(1755.9645813678458,754.73757326685825,
    0.95832844580273546));
#48 = CARTESIAN_POINT('',(1755.9726450485441,754.72908370342986,
    1.0010965297702619));
#49 = CARTESIAN_POINT('',(1755.9976058753095,754.70254242038823,
    1.1291842251969153));
#50 = CARTESIAN_POINT('',(1756.0152706435915,754.6834155309366,
    1.2142868376823466));
#51 = CARTESIAN_POINT('',(1756.0339437407458,754.66285015597919,
    1.2990821529532388));
#52 = CARTESIAN_POINT('',(1756.0536082159626,754.64083910538704,
    1.3835520057453108));
#53 = CARTESIAN_POINT('',(1756.0742460558606,754.61737378362102,
    1.4676781782724897));
#54 = CARTESIAN_POINT('',(1756.0958381844762,754.5924441897871,
    1.5514424002410909));
#55 = CARTESIAN_POINT('',(1756.1183644632811,754.5660389175539,
    1.6348263488243167));
#56 = CARTESIAN_POINT('',(1756.1418036911593,754.53814515525255,
    1.7178116486995518));
#57 = CARTESIAN_POINT('',(1756.1661336044313,754.50874868577819,
    1.8003798720038626));
#58 = CARTESIAN_POINT('',(1756.1913308768333,754.47783388666903,
    1.8825125383772008));
#59 = CARTESIAN_POINT('',(1756.2173711195319,754.44538373005503,
    1.9641911149286342));
#60 = CARTESIAN_POINT('',(1756.2747028373926,754.37279746069248,
    2.137536678707785));
#61 = CARTESIAN_POINT('',(1756.3062262062576,754.33221416336653,
    2.2290568946205771));
#62 = CARTESIAN_POINT('',(1756.3387669200786,754.28960080691979,
    2.3199437933823583));
#63 = CARTESIAN_POINT('',(1756.3722914343618,754.24492254002882,
    2.4101803161677866));
#64 = CARTESIAN_POINT('',(1756.4067647277554,754.19813874383726,
    2.499746215948131));
#65 = CARTESIAN_POINT('',(1756.4421503020408,754.14920303195208,
    2.5886180574750126));
#66 = CARTESIAN_POINT('',(1756.4784101821467,754.09806325044656,
    2.6767692173049862));
#67 = CARTESIAN_POINT('',(1756.5155049161315,754.04466147785843,
    2.7641698837694118));
#68 = CARTESIAN_POINT('',(1756.553393575201,753.98893402519093,
    2.8507870570041924));
#69 = CARTESIAN_POINT('',(1756.5920337536938,753.93081143591166,
    2.9365845489263367));
#70 = CARTESIAN_POINT('',(1756.6313815690917,753.87021848595464,
    3.0215229832484716));
#71 = CARTESIAN_POINT('',(1756.7454044154917,753.69026656509311,
    3.2610154670821498));
#72 = CARTESIAN_POINT('',(1756.8216875556052,753.56470797774239,
    3.4133637182265759));
#73 = CARTESIAN_POINT('',(1756.8998473086533,753.42999078344644,
    3.5621910161259147));
#74 = CARTESIAN_POINT('',(1756.9795679004271,753.28548702765136,
    3.7071525407856085));
#75 = CARTESIAN_POINT('',(1757.060497148266,753.13043540710385,
    3.8478090700929184));
#76 = CARTESIAN_POINT('',(1757.1421586812351,752.96402620721676,
    3.9835064383037095));
#77 = CARTESIAN_POINT('',(1757.2238907884546,752.78548420899961,
    4.1132975678589219));
#78 = CARTESIAN_POINT('',(1757.3048118955544,752.59414956574176,
    4.2359070746716174));
#79 = CARTESIAN_POINT('',(1757.383812669261,752.38955664928437,
    4.3497384466539692));
#80 = CARTESIAN_POINT('',(1757.4595747501357,752.17151086598381,
    4.4529237957739234));
#81 = CARTESIAN_POINT('',(1757.5306161134258,751.94016344233228,
    4.5434161833512938));
#82 = CARTESIAN_POINT('',(1757.6402515784973,751.52686604949656,
    4.6716124807291823));
#83 = CARTESIAN_POINT('',(1757.6822054403337,751.35136885706493,
    4.7170991457161016));
#84 = CARTESIAN_POINT('',(1757.7204778081409,751.17024440274679,
    4.7545912121818201));
#85 = CARTESIAN_POINT('',(1757.7544172489097,750.98436988713547,
    4.7832746687505416));
#86 = CARTESIAN_POINT('',(1757.783478607259,750.79479905744256,
    4.8025205993221576));
#87 = CARTESIAN_POINT('',(1757.8072338806251,750.60271335333027,
    4.8118909877188507));
#88 = CARTESIAN_POINT('',(1757.8253830944695,750.40937305274008,
    4.8111445229852325));
#89 = CARTESIAN_POINT('',(1757.8377651774583,750.21606841775667,
    4.8002424038028852));
#90 = CARTESIAN_POINT('',(1757.844368836676,750.02407084039896,
    4.7793541439017044));
#91 = CARTESIAN_POINT('',(1757.8453434328053,749.83458398850917,
    4.7488633765367556));
#92 = CARTESIAN_POINT('',(1757.8410098553345,749.64869495154358,
    4.7093736596920301));
#93 = CARTESIAN_POINT('',(1757.8169770303321,749.17171916244183,
    4.5840363693237318));
#94 = CARTESIAN_POINT('',(1757.7891809299663,748.88811239658196,
    4.4844760355869742));
#95 = CARTESIAN_POINT('',(1757.7503621049236,748.6206480867944,
    4.3663737227025461));
#96 = CARTESIAN_POINT('',(1757.7028061553926,748.37058593308382,
    4.2330488965329938));
#97 = CARTESIAN_POINT('',(1757.6488037386825,748.13813039952595,
    4.0877557751774578));
#98 = CARTESIAN_POINT('',(1757.590335492356,747.9229226889247,
    3.9332626175826149));
#99 = CARTESIAN_POINT('',(1757.528925253283,747.72408363795194,
    3.7715342155623155));
#100 = CARTESIAN_POINT('',(1757.465678255785,747.54034033575681,
    3.6037570611146834));
#101 = CARTESIAN_POINT('',(1757.4014558370125,747.37041506451737,
    3.4307064847430913));
#102 = CARTESIAN_POINT('',(1757.3370730229499,747.21350095573109,
    3.2532148887153403));
#103 = CARTESIAN_POINT('',(1757.2733402133742,747.06929455134912,
    3.0722600230572756));
#104 = CARTESIAN_POINT('',(1757.1287689947546,746.76324971685062,
    2.6468501773176469));
#105 = CARTESIAN_POINT('',(1757.0487319806496,746.60975450701471,
    2.4001203440290673));
#106 = CARTESIAN_POINT('',(1756.9717460161878,746.47459292268434,
    2.1480683502079105));
#107 = CARTESIAN_POINT('',(1756.8990886471704,746.35694649789559,
    1.8924008554015357));
#108 = CARTESIAN_POINT('',(1756.8316089296782,746.25591446978547,
    1.6335166522045215));
#109 = CARTESIAN_POINT('',(1756.7699021268454,746.17065624884651,
    1.3709266519102568));
#110 = CARTESIAN_POINT('',(1756.7146203152108,746.10073685339057,
    1.1044965154131501));
#111 = CARTESIAN_POINT('',(1756.6665750119021,746.04620068684915,
    0.83510353827090555));
#112 = CARTESIAN_POINT('',(1756.6265368388883,746.00725045440208,
    0.56419710422939384));
#113 = CARTESIAN_POINT('',(1756.5948861452412,745.98375943301733,
    0.29264972662472122));
#114 = CARTESIAN_POINT('',(1756.5715174133691,745.97519672694386,
    0.020183402702457137));
#115 = CARTESIAN_POINT('',(1756.537501398235,745.99052481311924,
    -0.60354743595600624));
#116 = CARTESIAN_POINT('',(1756.5323196331601,746.02422574200614,
    -0.95505628662666431));
#117 = CARTESIAN_POINT('',(1756.5415240116874,746.08383764939913,
    -1.3075119528311585));
#118 = CARTESIAN_POINT('',(1756.5642847327454,746.16798296339402,
    -1.6542131101362052));
#119 = CARTESIAN_POINT('',(1756.5998360256337,746.27731689063353,
    -1.9965229956452708));
#120 = CARTESIAN_POINT('',(1756.6470425312766,746.41280141068432,
    -2.335829212829895));
#121 = CARTESIAN_POINT('',(1756.7042062503035,746.57467334185731,
    -2.6692633077019239));
#122 = CARTESIAN_POINT('',(1756.7694327936133,746.76345462290556,
    -2.9934615237507276));
#123 = CARTESIAN_POINT('',(1756.8409872581622,746.98144498856504,
    -3.3088957656100968));
#124 = CARTESIAN_POINT('',(1756.916962633632,747.23264187041741,
    -3.6166226001858379));
#125 = CARTESIAN_POINT('',(1756.9942572240502,747.5209496294525,
    -3.9096881026068018));
#126 = CARTESIAN_POINT('',(1757.090832474237,747.95119997198378,
    -4.2659683007421627));
#127 = CARTESIAN_POINT('',(1757.1130510897158,748.0553802643293,
    -4.3471863515803797));
#128 = CARTESIAN_POINT('',(1757.1348429756672,748.16352345643202,
    -4.4263513483158246));
#129 = CARTESIAN_POINT('',(1757.1560630283252,748.27573319511202,
    -4.5032340147880241));
#130 = CARTESIAN_POINT('',(1757.176547685661,748.39209917063499,
    -4.5775685233358914));
#131 = CARTESIAN_POINT('',(1757.1961165595512,748.51269197132092,
    -4.6490549061832294));
#132 = CARTESIAN_POINT('',(1757.2145740679364,748.63755793803352,
    -4.7173614666069703));
#133 = CARTESIAN_POINT('',(1757.231711066989,748.76671401881094,
    -4.7821271903820897));
#134 = CARTESIAN_POINT('',(1757.2473064832745,748.90014262336183,
    -4.8429641569327977));
#135 = CARTESIAN_POINT('',(1757.261128945916,749.03778647766387,
    -4.899459950744161));
#136 = CARTESIAN_POINT('',(1757.2729384187578,749.17954347850196,
    -4.951180072582174));
#137 = CARTESIAN_POINT('',(1757.2938765161728,749.49904572314222,
    -5.0531149136194493));
#138 = CARTESIAN_POINT('',(1757.3021042360572,749.67861439235094,
    -5.1012379375336696));
#139 = CARTESIAN_POINT('',(1757.3066461740852,749.86321258037447,
    -5.1409793128711971));
#140 = CARTESIAN_POINT('',(1757.3070887214351,750.05187667458188,
    -5.1714690748391643));
#141 = CARTESIAN_POINT('',(1757.3031316939598,750.24348434122703,
    -5.1920338961920187));
#142 = CARTESIAN_POINT('',(1757.2945905475863,750.43680444175993,
    -5.2022035798616546));
#143 = CARTESIAN_POINT('',(1757.2813985937169,750.63054694905827,
    -5.2017175516178575));
#144 = CARTESIAN_POINT('',(1757.2636092146286,750.82341286370354,
    -5.1905313526679127));
#145 = CARTESIAN_POINT('',(1757.2413980788717,751.01414413027408,
    -5.1688231323459419));
#146 = CARTESIAN_POINT('',(1757.2150653566734,751.20157355356366,
    -5.1370001407003478));
#147 = CARTESIAN_POINT('',(1757.1850379353325,751.38467471490014,
    -5.0957052211717428));
#148 = CARTESIAN_POINT('',(1757.0978153495466,751.85262380920597,
    -4.9645229736552423));
#149 = CARTESIAN_POINT('',(1757.0353032696564,752.12890343138167,
    -4.8602181745437143));
#150 = CARTESIAN_POINT('',(1756.9664979369657,752.3876356676567,
    -4.7364616774498529));
#151 = CARTESIAN_POINT('',(1756.8934996006644,752.62791666344458,
    -4.596803364840909));
#152 = CARTESIAN_POINT('',(1756.8182506178794,752.84988539979872,
    -4.4447198421471938));
#153 = CARTESIAN_POINT('',(1756.7423490995691,753.05419103524321,
    -4.2831673827626222));
#154 = CARTESIAN_POINT('',(1756.6669447956958,753.24192965423686,
    -4.1142512392041777));
#155 = CARTESIAN_POINT('',(1756.5927943224651,753.41452522868053,
    -3.9392557182500343));
#156 = CARTESIAN_POINT('',(1756.5204569433356,753.57337073667486,
    -3.7590307836818773));
#157 = CARTESIAN_POINT('',(1756.4505162241555,753.71938652130518,
    -3.574482314680564));
#158 = CARTESIAN_POINT('',(1756.3836169916519,753.85299411020856,
    -3.3866645136802283));
#159 = CARTESIAN_POINT('',(1756.2368053137616,754.13539762741402,
    -2.9459464637337551));
#160 = CARTESIAN_POINT('',(1756.1592555879863,754.27611018781602,
    -2.6909357931415809));
#161 = CARTESIAN_POINT('',(1756.088207179746,754.39925571564095,
    -2.4311032774908994));
#162 = CARTESIAN_POINT('',(1756.0245989609725,754.50584208010139,
    -2.1682927016558757));
#163 = CARTESIAN_POINT('',(1755.9690708369651,754.59690170234853,
    -1.9029509384809997));
#164 = CARTESIAN_POINT('',(1755.9221248566948,754.67336105858305,
    -1.6346109742044681));
#165 = CARTESIAN_POINT('',(1755.8843564621816,754.73573923177878,
    -1.3632209433574196));
#166 = CARTESIAN_POINT('',(1755.8564877279432,754.78410084300833,
    -1.0898169482940598));
#167 = CARTESIAN_POINT('',(1755.8391498786702,754.81836461754904,
    -0.81600195898592787));
#168 = CARTESIAN_POINT('',(1755.8325778101337,754.83874476432845,
    -0.54265760949909159));
#169 = CARTESIAN_POINT('',(1755.8365947755412,754.84577827127498,
    -0.26928022823143627));
#170 = CARTESIAN_POINT('',(1755.8514808364216,754.83906714276304,
    0.0037030404019606777));
#171 = PCURVE('',#172,#177);
#172 = CYLINDRICAL_SURFACE('',#173,8);
#173 = AXIS2_PLACEMENT_3D('',#174,#175,#176);
#174 = CARTESIAN_POINT('',(1748.9298811206061,750.16777662016682,
    -11.755144786979885));
#175 = DIRECTION('',(0.0544337418466352,-0.024540530893688576,
    0.99821577331358069));
#176 = DIRECTION('',(-0.99536101061530979,-0.080758499426743138,
    0.052292669822931959));
#177 = DEFINITIONAL_REPRESENTATION('',(#178),#334);
#178 = B_SPLINE_CURVE_WITH_KNOTS('',10,(#179,#180,#181,#182,#183,#184,
    #185,#186,#187,#188,#189,#190,#191,#192,#193,#194,#195,#196,#197,
    #198,#199,#200,#201,#202,#203,#204,#205,#206,#207,#208,#209,#210,
    #211,#212,#213,#214,#215,#216,#217,#218,#219,#220,#221,#222,#223,
    #224,#225,#226,#227,#228,#229,#230,#231,#232,#233,#234,#235,#236,
    #237,#238,#239,#240,#241,#242,#243,#244,#245,#246,#247,#248,#249,
    #250,#251,#252,#253,#254,#255,#256,#257,#258,#259,#260,#261,#262,
    #263,#264,#265,#266,#267,#268,#269,#270,#271,#272,#273,#274,#275,
    #276,#277,#278,#279,#280,#281,#282,#283,#284,#285,#286,#287,#288,
    #289,#290,#291,#292,#293,#294,#295,#296,#297,#298,#299,#300,#301,
    #302,#303,#304,#305,#306,#307,#308,#309,#310,#311,#312,#313,#314,
    #315,#316,#317,#318,#319,#320,#321,#322,#323,#324,#325,#326,#327,
    #328,#329,#330,#331,#332,#333),.UNSPECIFIED.,.F.,.F.,(11,9,9,9,9,9,9
    ,9,9,9,9,9,9,9,9,9,9,11),(-1.6254666878082539e-15,
    0.39965555723339258,0.79931111446678682,1.5986222289335752,
    3.1972444578671522,4.7958666868007294,5.5951778012675177,
    6.3944889157343061,7.9931111446678837,9.5917333736014605,
    12.788977831468614,15.986222289335767,17.584844518269342,
    18.384155632736132,19.183466747202921,20.7820889761365,
    22.380711205070074,25.577955662937228),.UNSPECIFIED.);
#179 = CARTESIAN_POINT('',(3.7306236238060637,11.999999999999844));
#180 = CARTESIAN_POINT('',(3.7306236238062107,12.040286090207138));
#181 = CARTESIAN_POINT('',(3.7305762071402557,12.078589610644901));
#182 = CARTESIAN_POINT('',(3.7304814041493315,12.122882197334215));
#183 = CARTESIAN_POINT('',(3.7303392445037655,12.155671474756405));
#184 = CARTESIAN_POINT('',(3.7301497575298002,12.203537422078444));
#185 = CARTESIAN_POINT('',(3.7299129724456619,12.237511280946112));
#186 = CARTESIAN_POINT('',(3.7296289186043587,12.280313442463646));
#187 = CARTESIAN_POINT('',(3.7292976256535901,12.319378688871916));
#188 = CARTESIAN_POINT('',(3.7289191236907246,12.359350370842643));
#189 = CARTESIAN_POINT('',(3.7280677630182542,12.439046855516025));
#190 = CARTESIAN_POINT('',(3.7275949061715576,12.478882506227665));
#191 = CARTESIAN_POINT('',(3.727074900252147,12.518697676393487));
#192 = CARTESIAN_POINT('',(3.7265077752599409,12.558488044404577));
#193 = CARTESIAN_POINT('',(3.7258935632582491,12.598251808975212));
#194 = CARTESIAN_POINT('',(3.7252322978761425,12.637988642129388));
#195 = CARTESIAN_POINT('',(3.724524013812839,12.6776986422317));
#196 = CARTESIAN_POINT('',(3.7237687463370239,12.71738128696007));
#197 = CARTESIAN_POINT('',(3.7229665307922963,12.757034386336924));
#198 = CARTESIAN_POINT('',(3.7204191447083512,12.875890334471798));
#199 = CARTESIAN_POINT('',(3.718533260581971,12.954998166003024));
#200 = CARTESIAN_POINT('',(3.7164600168385347,13.033961584038193));
#201 = CARTESIAN_POINT('',(3.7141996805976603,13.112765642289997));
#202 = CARTESIAN_POINT('',(3.7117525189798455,13.191395394503663));
#203 = CARTESIAN_POINT('',(3.7091187991042096,13.269835894376817));
#204 = CARTESIAN_POINT('',(3.7062987880915608,13.34807219566124));
#205 = CARTESIAN_POINT('',(3.703292753061052,13.426089352060124));
#206 = CARTESIAN_POINT('',(3.7001009611331233,13.503872417310804));
#207 = CARTESIAN_POINT('',(3.6899691160160746,13.736474500775701));
#208 = CARTESIAN_POINT('',(3.6824704909648713,13.890562049581696));
#209 = CARTESIAN_POINT('',(3.6742311984377536,14.043503771759772));
#210 = CARTESIAN_POINT('',(3.6652517565585061,14.195175090536635));
#211 = CARTESIAN_POINT('',(3.6555292076356958,14.345476986779161));
#212 = CARTESIAN_POINT('',(3.6450565184031656,14.494320813695769));
#213 = CARTESIAN_POINT('',(3.6338219802395755,14.641613111436122));
#214 = CARTESIAN_POINT('',(3.6218086094117696,14.787240421803284));
#215 = CARTESIAN_POINT('',(3.6089935472952375,14.931054102859953));
#216 = CARTESIAN_POINT('',(3.5817013739304842,15.214656184375976));
#217 = CARTESIAN_POINT('',(3.5672210420398649,15.354460131301567));
#218 = CARTESIAN_POINT('',(3.5518900533472224,15.492021991186647));
#219 = CARTESIAN_POINT('',(3.5356746231266203,15.627095549099058));
#220 = CARTESIAN_POINT('',(3.5185293323411746,15.759388911301464));
#221 = CARTESIAN_POINT('',(3.5004028664219589,15.88852004796218));
#222 = CARTESIAN_POINT('',(3.4812437541011465,16.01397233614));
#223 = CARTESIAN_POINT('',(3.4610061061895991,16.135050102476331));
#224 = CARTESIAN_POINT('',(3.4396553544001218,16.25083416614358));
#225 = CARTESIAN_POINT('',(3.4059333080112246,16.414788989343432));
#226 = CARTESIAN_POINT('',(3.394410064906106,16.467833547997241));
#227 = CARTESIAN_POINT('',(3.3826017116612026,16.519122293056107));
#228 = CARTESIAN_POINT('',(3.370506918688903,16.568499860575585));
#229 = CARTESIAN_POINT('',(3.3581255759864606,16.615804287140026));
#230 = CARTESIAN_POINT('',(3.3454587931222011,16.660867009928374));
#231 = CARTESIAN_POINT('',(3.3325088992537188,16.703512866635258));
#232 = CARTESIAN_POINT('',(3.3192794431088593,16.743560095544765));
#233 = CARTESIAN_POINT('',(3.3057751930014034,16.780820335477049));
#234 = CARTESIAN_POINT('',(3.2782290806406333,16.849376916157137));
#235 = CARTESIAN_POINT('',(3.2641919274240938,16.880659645839071));
#236 = CARTESIAN_POINT('',(3.2499174208691164,16.908692846513787));
#237 = CARTESIAN_POINT('',(3.2354339241885879,16.933256953796505));
#238 = CARTESIAN_POINT('',(3.2207714201064959,16.954166807172097));
#239 = CARTESIAN_POINT('',(3.2059615108642023,16.971271650151905));
#240 = CARTESIAN_POINT('',(3.1910374182128072,16.984455130071293));
#241 = CARTESIAN_POINT('',(3.1760339834206572,16.993635298297235));
#242 = CARTESIAN_POINT('',(3.160987667267297,16.998764610059119));
#243 = CARTESIAN_POINT('',(3.1158343156077009,17.001960553551271));
#244 = CARTESIAN_POINT('',(3.0857001672184881,16.987842449373264));
#245 = CARTESIAN_POINT('',(3.0558577610314499,16.957461107201706));
#246 = CARTESIAN_POINT('',(3.0264960454100573,16.911058338961102));
#247 = CARTESIAN_POINT('',(2.9979643246479823,16.850214063144112));
#248 = CARTESIAN_POINT('',(2.9705380265686778,16.776949258174838));
#249 = CARTESIAN_POINT('',(2.9442646837820892,16.692915834098258));
#250 = CARTESIAN_POINT('',(2.9190979110296187,16.599479095090938));
#251 = CARTESIAN_POINT('',(2.8951254337606955,16.498238383419999));
#252 = CARTESIAN_POINT('',(2.8494655577554386,16.282304443251583));
#253 = CARTESIAN_POINT('',(2.8277812372882245,16.167606403136631));
#254 = CARTESIAN_POINT('',(2.8072327522707838,16.04741327417522));
#255 = CARTESIAN_POINT('',(2.7877740346414197,15.922615014629342));
#256 = CARTESIAN_POINT('',(2.769347614825894,15.793884076907313));
#257 = CARTESIAN_POINT('',(2.7519008087777141,15.661764667763334));
#258 = CARTESIAN_POINT('',(2.7353932075846115,15.526722751543881));
#259 = CARTESIAN_POINT('',(2.7197954696559909,15.389156796584397));
#260 = CARTESIAN_POINT('',(2.7050794154754172,15.249369264655858));
#261 = CARTESIAN_POINT('',(2.6634394438439899,14.823758001303968));
#262 = CARTESIAN_POINT('',(2.6390339654075063,14.531687441934844));
#263 = CARTESIAN_POINT('',(2.6177379877740368,14.232248739337743));
#264 = CARTESIAN_POINT('',(2.5995217199838767,13.928785751468357));
#265 = CARTESIAN_POINT('',(2.5842285170819337,13.620217914613432));
#266 = CARTESIAN_POINT('',(2.5718009573119396,13.305590044216215));
#267 = CARTESIAN_POINT('',(2.5623836200940859,12.987260217677262));
#268 = CARTESIAN_POINT('',(2.5561019893411747,12.668300003666422));
#269 = CARTESIAN_POINT('',(2.552807772803984,12.347973991402082));
#270 = CARTESIAN_POINT('',(2.5523358151376159,11.706942533368741));
#271 = CARTESIAN_POINT('',(2.5551381637865189,11.38619564719871));
#272 = CARTESIAN_POINT('',(2.5610552112813907,11.06479112923796));
#273 = CARTESIAN_POINT('',(2.5699712221038951,10.747262008257632));
#274 = CARTESIAN_POINT('',(2.5818699272116374,10.433713193562955));
#275 = CARTESIAN_POINT('',(2.596765375007887,10.123179967425767));
#276 = CARTESIAN_POINT('',(2.6146294258930656,9.8170391674843192));
#277 = CARTESIAN_POINT('',(2.6354582866887015,9.5175367088690592));
#278 = CARTESIAN_POINT('',(2.6594055113076998,9.224252170037353));
#279 = CARTESIAN_POINT('',(2.7003381308492278,8.796491276932116));
#280 = CARTESIAN_POINT('',(2.714816363255983,8.6559440438476578));
#281 = CARTESIAN_POINT('',(2.7301629790362285,8.5175038123701281));
#282 = CARTESIAN_POINT('',(2.7464064543915438,8.3815449240163602));
#283 = CARTESIAN_POINT('',(2.7635840549885855,8.2484432368264411));
#284 = CARTESIAN_POINT('',(2.7817440720595665,8.1185512829682587));
#285 = CARTESIAN_POINT('',(2.8009399141026159,7.9923251741960373));
#286 = CARTESIAN_POINT('',(2.8212203441838053,7.870474289909037));
#287 = CARTESIAN_POINT('',(2.8426201531014703,7.7540047834209549));
#288 = CARTESIAN_POINT('',(2.8764232611162122,7.5890395202588303));
#289 = CARTESIAN_POINT('',(2.8879748020175091,7.5356690945221079));
#290 = CARTESIAN_POINT('',(2.8998131817780686,7.4840630501893877));
#291 = CARTESIAN_POINT('',(2.9119401166337986,7.4343753776055497));
#292 = CARTESIAN_POINT('',(2.9243560384368257,7.3867676714256962));
#293 = CARTESIAN_POINT('',(2.9370600946427308,7.3414091305373121));
#294 = CARTESIAN_POINT('',(2.9500501483224992,7.2984765581497379));
#295 = CARTESIAN_POINT('',(2.9633227781544345,7.2581543617130784));
#296 = CARTESIAN_POINT('',(2.9768732784278225,7.2206345529764677));
#297 = CARTESIAN_POINT('',(3.004518039656733,7.1515989429343598));
#298 = CARTESIAN_POINT('',(3.0186074503851001,7.1200946688627953));
#299 = CARTESIAN_POINT('',(3.0329368771825003,7.0918619298520262));
#300 = CARTESIAN_POINT('',(3.0474776528182277,7.0671237543793994));
#301 = CARTESIAN_POINT('',(3.0621994568944593,7.0460681953075586));
#302 = CARTESIAN_POINT('',(3.0770703158192334,7.0288483298593194));
#303 = CARTESIAN_POINT('',(3.0920566028364229,7.0155822596414668));
#304 = CARTESIAN_POINT('',(3.1071230379997576,7.0063531106284316));
#305 = CARTESIAN_POINT('',(3.1222326881903917,7.0012090331697765));
#306 = CARTESIAN_POINT('',(3.1675755249427882,6.9980715396267392));
#307 = CARTESIAN_POINT('',(3.1978353247907698,7.0123646953833436));
#308 = CARTESIAN_POINT('',(3.2277995492303235,7.0430595438354366));
#309 = CARTESIAN_POINT('',(3.2572757516818367,7.089901930262581));
#310 = CARTESIAN_POINT('',(3.2859099686747952,7.1512826813092083));
#311 = CARTESIAN_POINT('',(3.313425219854953,7.2251521988863594));
#312 = CARTESIAN_POINT('',(3.3397763483468368,7.3098405407475679));
#313 = CARTESIAN_POINT('',(3.3650118294354803,7.4039693792372248));
#314 = CARTESIAN_POINT('',(3.3890418511221707,7.5059217183374258));
#315 = CARTESIAN_POINT('',(3.4347994398897228,7.7233077562470589));
#316 = CARTESIAN_POINT('',(3.4565235510729746,7.8387458016561418));
#317 = CARTESIAN_POINT('',(3.4771038501682558,7.9596847303718423));
#318 = CARTESIAN_POINT('',(3.4965875166897771,8.0852325365736863));
#319 = CARTESIAN_POINT('',(3.5150328333051597,8.214716331446402));
#320 = CARTESIAN_POINT('',(3.5324928712540289,8.3475906017484522));
#321 = CARTESIAN_POINT('',(3.5490080665008255,8.4833867472526716));
#322 = CARTESIAN_POINT('',(3.5646076865510712,8.6217038971121536));
#323 = CARTESIAN_POINT('',(3.5793201879901013,8.7622410050696544));
#324 = CARTESIAN_POINT('',(3.6209370181356566,9.1901286606530821));
#325 = CARTESIAN_POINT('',(3.6453076594210145,9.4837538801403785));
#326 = CARTESIAN_POINT('',(3.6665438747272425,9.7846967734620183));
#327 = CARTESIAN_POINT('',(3.6846807572803302,10.089637924047615));
#328 = CARTESIAN_POINT('',(3.6998791711218542,10.39985362864422));
#329 = CARTESIAN_POINT('',(3.7121856801931647,10.716246073483836));
#330 = CARTESIAN_POINT('',(3.7214404089769646,11.036103464153848));
#331 = CARTESIAN_POINT('',(3.7275257545281653,11.356180177991098));
#332 = CARTESIAN_POINT('',(3.7306236238064407,11.677711278343075));
#333 = CARTESIAN_POINT('',(3.7306236238060757,11.999999999999833));
#334 = ( GEOMETRIC_REPRESENTATION_CONTEXT(2) 
PARAMETRIC_REPRESENTATION_CONTEXT() REPRESENTATION_CONTEXT('2D SPACE',''
  ) );
#335 = PCURVE('',#336,#772);
#336 = ( BOUNDED_SURFACE() B_SPLINE_SURFACE(2,12,(
    (#337,#338,#339,#340,#341,#342,#343,#344,#345,#346,#347,#348,#349
      ,#350,#351,#352,#353,#354,#355,#356,#357,#358,#359,#360,#361,#362
      ,#363,#364,#365,#366,#367,#368,#369,#370,#371,#372,#373,#374,#375
      ,#376,#377,#378,#379,#380,#381,#382,#383,#384,#385,#386,#387,#388
      ,#389,#390,#391,#392,#393,#394,#395,#396,#397,#398,#399,#400,#401
      ,#402,#403,#404,#405,#406,#407,#408,#409,#410,#411,#412,#413,#414
      ,#415,#416,#417,#418,#419,#420,#421,#422,#423,#424,#425,#426,#427
      ,#428,#429,#430,#431,#432,#433,#434,#435,#436,#437,#438,#439,#440
      ,#441,#442,#443,#444,#445,#446,#447,#448,#449,#450,#451,#452,#453
      ,#454,#455,#456,#457,#458,#459,#460,#461,#462,#463,#464,#465,#466
      ,#467,#468,#469,#470,#471,#472,#473,#474,#475,#476,#477,#478,#479
      ,#480,#481)
    ,(#482,#483,#484,#485,#486,#487,#488,#489,#490,#491,#492,#493,#494
      ,#495,#496,#497,#498,#499,#500,#501,#502,#503,#504,#505,#506,#507
      ,#508,#509,#510,#511,#512,#513,#514,#515,#516,#517,#518,#519,#520
      ,#521,#522,#523,#524,#525,#526,#527,#528,#529,#530,#531,#532,#533
      ,#534,#535,#536,#537,#538,#539,#540,#541,#542,#543,#544,#545,#546
      ,#547,#548,#549,#550,#551,#552,#553,#554,#555,#556,#557,#558,#559
      ,#560,#561,#562,#563,#564,#565,#566,#567,#568,#569,#570,#571,#572
      ,#573,#574,#575,#576,#577,#578,#579,#580,#581,#582,#583,#584,#585
      ,#586,#587,#588,#589,#590,#591,#592,#593,#594,#595,#596,#597,#598
      ,#599,#600,#601,#602,#603,#604,#605,#606,#607,#608,#609,#610,#611
      ,#612,#613,#614,#615,#616,#617,#618,#619,#620,#621,#622,#623,#624
      ,#625,#626)
    ,(#627,#628,#629,#630,#631,#632,#633,#634,#635,#636,#637,#638,#639
      ,#640,#641,#642,#643,#644,#645,#646,#647,#648,#649,#650,#651,#652
      ,#653,#654,#655,#656,#657,#658,#659,#660,#661,#662,#663,#664,#665
      ,#666,#667,#668,#669,#670,#671,#672,#673,#674,#675,#676,#677,#678
      ,#679,#680,#681,#682,#683,#684,#685,#686,#687,#688,#689,#690,#691
      ,#692,#693,#694,#695,#696,#697,#698,#699,#700,#701,#702,#703,#704
      ,#705,#706,#707,#708,#709,#710,#711,#712,#713,#714,#715,#716,#717
      ,#718,#719,#720,#721,#722,#723,#724,#725,#726,#727,#728,#729,#730
      ,#731,#732,#733,#734,#735,#736,#737,#738,#739,#740,#741,#742,#743
      ,#744,#745,#746,#747,#748,#749,#750,#751,#752,#753,#754,#755,#756
      ,#757,#758,#759,#760,#761,#762,#763,#764,#765,#766,#767,#768,#769
      ,#770,#771
)),.UNSPECIFIED.,.F.,.F.,.F.) B_SPLINE_SURFACE_WITH_KNOTS((3,3),(13,11,
    11,11,11,11,11,11,11,11,11,11,11,13),(0,25.577955662937228),(
    -1.6254666878082539e-15,0.52685762437151507,1.0537152487430317,
    2.1074304974860651,3.3030205438983895,5.5146852741232131,
    7.0480141125085733,9.5471188978287049,12.816315583420652,
    17.026490557428883,18.306817896514708,19.833743357532068,
    22.322411561402088,25.577955662937228),.UNSPECIFIED.) 
GEOMETRIC_REPRESENTATION_ITEM() RATIONAL_B_SPLINE_SURFACE((
    (1,1.0000000000000842,0.99999999999962097,1.0000000000009712
      ,0.99999999999826206,1.0000000000023359,0.99999999999754341
      ,1.0000000000020515,0.99999999999864464,1.0000000000006921
      ,0.99999999999974432,1.0000000000000546,0.99999999999995015
      ,1.0000000000001616,0.99999999999970268,1.0000000000003511
      ,0.99999999999974221,1.0000000000000917,1.0000000000000331
      ,0.99999999999993072,1.0000000000000437,0.99999999999999256
      ,0.99999999999998934,1.0000000000000526,0.99999999999970979
      ,1.0000000000007809,0.99999999999854805,1.0000000000020182
      ,0.99999999999781231,1.0000000000018878,0.99999999999870337
      ,1.000000000000693,0.99999999999972966,1.0000000000000637
      ,0.99999999999992595,1.0000000000003411,0.99999999999908018
      ,1.0000000000017371,0.99999999999754374,1.0000000000026776
      ,0.99999999999771094,1.0000000000015399,0.99999999999919553
      ,1.0000000000003126,0.99999999999991973,1.0000000000001712
      ,0.99999999999921196,1.0000000000020834,0.99999999999608913
      ,1.0000000000055678,0.99999999999381184,1.0000000000054172
      ,0.99999999999627565,1.0000000000019718,0.99999999999923705
      ,1.0000000000001856,0.99999999999985478,1.0000000000006741
      ,0.99999999999825073,1.0000000000031999,0.99999999999560774
      ,1.0000000000046614,0.99999999999612876,1.0000000000024964
      ,0.99999999999879763,1.0000000000003813,0.99999999999996825
      ,0.99999999999993827,1.0000000000004838,0.99999999999866795
      ,1.000000000002417,0.99999999999674183,1.0000000000034068
      ,0.99999999999717804,1.0000000000018625,0.99999999999903189
      ,1.0000000000003793,0.99999999999990097,1.0000000000001537
      ,0.99999999999930578,1.0000000000017439,0.99999999999692069
      ,1.0000000000041136,0.99999999999571321,1.0000000000035234
      ,0.99999999999772327,1.0000000000011307,0.99999999999959532
      ,1.0000000000000833,0.99999999999990341,1.0000000000003919
      ,0.99999999999902589,1.0000000000017151,0.99999999999775302
      ,1.0000000000022609,0.9999999999982262,1.0000000000010774
      ,0.99999999999952116,1.000000000000121,1.000000000000018
      ,0.99999999999994882,1.0000000000004339,0.99999999999869249
      ,1.0000000000025993,0.99999999999615963,1.0000000000043687
      ,0.99999999999615818,1.0000000000025786,0.99999999999873823
      ,1.0000000000003824,0.999999999999994,0.999999999999866
      ,1.0000000000009441,0.99999999999727629,1.0000000000052962
      ,0.9999999999923459,1.0000000000085016,0.99999999999266009
      ,1.0000000000049021,0.99999999999754563,1.000000000000832
      ,0.99999999999988598,1.0000000000000344,1.0000000000001852
      ,0.99999999999924127,1.0000000000016478,0.9999999999974809
      ,1.0000000000029208,0.99999999999735301,1.0000000000018796
      ,0.99999999999898115,1.0000000000003919,0.99999999999991562
      ,1.0000000000000973,0.99999999999959843,1.0000000000010303
      ,0.99999999999809208,1.0000000000027061,0.99999999999700073
      ,1.0000000000026215,0.99999999999820233,1.0000000000009441
      ,0.99999999999964295,1.0000000000000802,1)
    ,(0.88191710368819598,0.88191710368817833,0.88189048590927754
      ,0.88183726839506538,0.88175747058350751,0.88165111341212787
      ,0.88151821946030728,0.88135881306549302,0.88117292050927198
      ,0.88096057015410778,0.88072179264521377,0.88045662107580369
      ,0.87987356128210392,0.87955564905940209,0.87921140402200959
      ,0.87884087568356484,0.8784441135529194,0.87802116714598177
      ,0.87757208597015268,0.87709691954156299,0.87659571736860398
      ,0.87606852896554133,0.87551540384292148,0.87377836685369925
      ,0.87251690267484983,0.87115251601825416,0.86968579216213204
      ,0.86811738463629695,0.86644801519553416,0.86467847385790364
      ,0.86280961885921093,0.86084237669822639,0.85877774209898905
      ,0.8566167780371009,0.85180067820144778,0.849118721231092
      ,0.84631583819011269,0.84339340224032677,0.84035306629736861
      ,0.83719676308781721,0.83392670506558209,0.83054538451208992
      ,0.82705557343710978,0.82346032366008659,0.81976296675510851
      ,0.80894534812956198,0.80158548144931385,0.79392623571727272
      ,0.78599751084650327,0.77783743869672661,0.76950570406830476
      ,0.76109313331501971,0.75272755010962045,0.7445758989054474
      ,0.73684263556003415,0.72976438556376089,0.71932775497442725
      ,0.71547877196671539,0.71216829763110723,0.70949294230453819
      ,0.70753005620185516,0.70633623612720708,0.70594583206475015
      ,0.70636945391651096,0.70759247809246539,0.70957355422313773
      ,0.71224311178874256,0.72081316729597122,0.72771352362386343
      ,0.73584504916100968,0.74480106073161989,0.75420945778333748
      ,0.76377822145143437,0.77330567254659544,0.78266307304039373
      ,0.791762099971691,0.80052466639785114,0.80887750839608663
      ,0.82716125149309339,0.83678384596456257,0.84558526973335357
      ,0.85349329490279524,0.86047908813088181,0.86653360808983071
      ,0.8716371680899121,0.87575073288636684,0.87883511541049741
      ,0.88088183410665333,0.8819169882208161,0.88191725224654105
      ,0.88021665546123107,0.87676448312743827,0.87165996748432495
      ,0.86490156826158515,0.85650230833649343,0.84655086372810739
      ,0.83514913767982013,0.82234513780200258,0.80820501037821924
      ,0.79303006418270783,0.77267754739226235,0.76789204713614378
      ,0.76308370430561967,0.7582735885360089,0.75348703535907813
      ,0.74875350756414305,0.74410645643434836,0.7395831831495735
      ,0.73522470000576379,0.73107559180168491,0.72718387709996724
      ,0.71932775497443702,0.71547877196690235,0.71216829763035483
      ,0.70949294230617421,0.70753005619921705,0.70633623613037722
      ,0.7059458320618216,0.7063694539185833,0.70759247809138237
      ,0.70957355422352442,0.71224311178865263,0.72081316729548794
      ,0.72771352362312469,0.73584504915800253,0.74480106072762653
      ,0.75420945777949167,0.76377822144934371,0.77330567254219329
      ,0.78266307303630767,0.79176209996773417,0.80052466639686737
      ,0.80887750839570249,0.8271612514928276,0.83678396562215818
      ,0.84558523115759665,0.85349298571679988,0.86047906077098324
      ,0.86653452214326432,0.87163877756062735,0.87575161714492211
      ,0.87883395019555843,0.88087959847945496,0.8819171036882314
      ,0.88191710368819853)
    ,(1,1.0000000000000842,0.99999999999962097,1.0000000000009712
      ,0.99999999999826206,1.0000000000023359,0.99999999999754341
      ,1.0000000000020515,0.99999999999864464,1.0000000000006921
      ,0.99999999999974432,1.0000000000000546,0.99999999999995015
      ,1.0000000000001616,0.99999999999970268,1.0000000000003511
      ,0.99999999999974221,1.0000000000000917,1.0000000000000331
      ,0.99999999999993072,1.0000000000000437,0.99999999999999256
      ,0.99999999999998934,1.0000000000000526,0.99999999999970979
      ,1.0000000000007809,0.99999999999854805,1.0000000000020182
      ,0.99999999999781231,1.0000000000018878,0.99999999999870337
      ,1.000000000000693,0.99999999999972966,1.0000000000000637
      ,0.99999999999992595,1.0000000000003411,0.99999999999908018
      ,1.0000000000017371,0.99999999999754374,1.0000000000026776
      ,0.99999999999771094,1.0000000000015399,0.99999999999919553
      ,1.0000000000003126,0.99999999999991973,1.0000000000001712
      ,0.99999999999921196,1.0000000000020834,0.99999999999608913
      ,1.0000000000055678,0.99999999999381184,1.0000000000054172
      ,0.99999999999627565,1.0000000000019718,0.99999999999923705
      ,1.0000000000001856,0.99999999999985478,1.0000000000006741
      ,0.99999999999825073,1.0000000000031999,0.99999999999560774
      ,1.0000000000046614,0.99999999999612876,1.0000000000024964
      ,0.99999999999879763,1.0000000000003813,0.99999999999996825
      ,0.99999999999993827,1.0000000000004838,0.99999999999866795
      ,1.000000000002417,0.99999999999674183,1.0000000000034068
      ,0.99999999999717804,1.0000000000018625,0.99999999999903189
      ,1.0000000000003793,0.99999999999990097,1.0000000000001537
      ,0.99999999999930578,1.0000000000017439,0.99999999999692069
      ,1.0000000000041136,0.99999999999571321,1.0000000000035234
      ,0.99999999999772327,1.0000000000011307,0.99999999999959532
      ,1.0000000000000833,0.99999999999990341,1.0000000000003919
      ,0.99999999999902589,1.0000000000017151,0.99999999999775302
      ,1.0000000000022609,0.9999999999982262,1.0000000000010774
      ,0.99999999999952116,1.000000000000121,1.000000000000018
      ,0.99999999999994882,1.0000000000004339,0.99999999999869249
      ,1.0000000000025993,0.99999999999615963,1.0000000000043687
      ,0.99999999999615818,1.0000000000025786,0.99999999999873823
      ,1.0000000000003824,0.999999999999994,0.999999999999866
      ,1.0000000000009441,0.99999999999727629,1.0000000000052962
      ,0.9999999999923459,1.0000000000085016,0.99999999999266009
      ,1.0000000000049021,0.99999999999754563,1.000000000000832
      ,0.99999999999988598,1.0000000000000344,1.0000000000001852
      ,0.99999999999924127,1.0000000000016478,0.9999999999974809
      ,1.0000000000029208,0.99999999999735301,1.0000000000018796
      ,0.99999999999898115,1.0000000000003919,0.99999999999991562
      ,1.0000000000000973,0.99999999999959843,1.0000000000010303
      ,0.99999999999809208,1.0000000000027061,0.99999999999700073
      ,1.0000000000026215,0.99999999999820233,1.0000000000009441
,0.99999999999964295,1.0000000000000802,1
))) REPRESENTATION_ITEM('') SURFACE() );
#337 = CARTESIAN_POINT('',(1755.8514808364218,754.83906714276293,
    0.0037030404019464669));
#338 = CARTESIAN_POINT('',(1755.8538899067423,754.8379810541968,
    0.047881006333053616));
#339 = CARTESIAN_POINT('',(1755.8564389044568,754.83660507381603,
    0.089499519269495953));
#340 = CARTESIAN_POINT('',(1755.8597727767396,754.83464859116555,
    0.14038919547249984));
#341 = CARTESIAN_POINT('',(1755.8621586049928,754.83289290466075,
    0.16877644285720528));
#342 = CARTESIAN_POINT('',(1755.866940172546,754.82983045782566,
    0.23598669551763013));
#343 = CARTESIAN_POINT('',(1755.8692729948343,754.82764512798917,
    0.25318903809599053));
#344 = CARTESIAN_POINT('',(1755.8745211095663,754.82391834653868,
    0.31875987587989196));
#345 = CARTESIAN_POINT('',(1755.8781219239611,754.82070669274822,
    0.34904090196351523));
#346 = CARTESIAN_POINT('',(1755.8830281770149,754.8166784819615,
    0.39819295353955186));
#347 = CARTESIAN_POINT('',(1755.8878171649753,754.8124745207034,
    0.44014086413829667));
#348 = CARTESIAN_POINT('',(1755.8929725063435,754.80787608047899,
    0.48376960646140854));
#349 = CARTESIAN_POINT('',(1755.9038027866109,754.79798472174775,
    0.57051662772535794));
#350 = CARTESIAN_POINT('',(1755.9094895383005,754.79268722512154,
    0.61383912163868015));
#351 = CARTESIAN_POINT('',(1755.9154463998796,754.78703733987174,
    0.65710848195701255));
#352 = CARTESIAN_POINT('',(1755.9216718696814,754.78103449462617,
    0.70032259180044454));
#353 = CARTESIAN_POINT('',(1755.92816444604,754.77467811802967,
    0.74347933429656021));
#354 = CARTESIAN_POINT('',(1755.9349226272875,754.76796763870198,
    0.78657659256061485));
#355 = CARTESIAN_POINT('',(1755.9419449117595,754.7609024852926,
    0.82961224972420045));
#356 = CARTESIAN_POINT('',(1755.9492297977865,754.75348208642231,
    0.87258418890125999));
#357 = CARTESIAN_POINT('',(1755.9567757837049,754.74570587073458,
    0.91549029322133446));
#358 = CARTESIAN_POINT('',(1755.9645813678458,754.73757326685825,
    0.95832844580273546));
#359 = CARTESIAN_POINT('',(1755.9726450485441,754.72908370342986,
    1.0010965297702619));
#360 = CARTESIAN_POINT('',(1755.9976058753095,754.70254242038823,
    1.1291842251969153));
#361 = CARTESIAN_POINT('',(1756.0152706435915,754.6834155309366,
    1.2142868376823466));
#362 = CARTESIAN_POINT('',(1756.0339437407458,754.66285015597919,
    1.2990821529532388));
#363 = CARTESIAN_POINT('',(1756.0536082159626,754.64083910538704,
    1.3835520057453108));
#364 = CARTESIAN_POINT('',(1756.0742460558606,754.61737378362102,
    1.4676781782724897));
#365 = CARTESIAN_POINT('',(1756.0958381844762,754.5924441897871,
    1.5514424002410909));
#366 = CARTESIAN_POINT('',(1756.1183644632811,754.5660389175539,
    1.6348263488243167));
#367 = CARTESIAN_POINT('',(1756.1418036911593,754.53814515525255,
    1.7178116486995518));
#368 = CARTESIAN_POINT('',(1756.1661336044313,754.50874868577819,
    1.8003798720038626));
#369 = CARTESIAN_POINT('',(1756.1913308768333,754.47783388666903,
    1.8825125383772008));
#370 = CARTESIAN_POINT('',(1756.2173711195319,754.44538373005503,
    1.9641911149286342));
#371 = CARTESIAN_POINT('',(1756.2747028373926,754.37279746069248,
    2.137536678707785));
#372 = CARTESIAN_POINT('',(1756.3062262062576,754.33221416336653,
    2.2290568946205771));
#373 = CARTESIAN_POINT('',(1756.3387669200786,754.28960080691979,
    2.3199437933823583));
#374 = CARTESIAN_POINT('',(1756.3722914343618,754.24492254002882,
    2.4101803161677866));
#375 = CARTESIAN_POINT('',(1756.4067647277554,754.19813874383726,
    2.499746215948131));
#376 = CARTESIAN_POINT('',(1756.4421503020408,754.14920303195208,
    2.5886180574750126));
#377 = CARTESIAN_POINT('',(1756.4784101821467,754.09806325044656,
    2.6767692173049862));
#378 = CARTESIAN_POINT('',(1756.5155049161315,754.04466147785843,
    2.7641698837694118));
#379 = CARTESIAN_POINT('',(1756.553393575201,753.98893402519093,
    2.8507870570041924));
#380 = CARTESIAN_POINT('',(1756.5920337536938,753.93081143591166,
    2.9365845489263367));
#381 = CARTESIAN_POINT('',(1756.6313815690917,753.87021848595464,
    3.0215229832484716));
#382 = CARTESIAN_POINT('',(1756.7454044154917,753.69026656509311,
    3.2610154670821498));
#383 = CARTESIAN_POINT('',(1756.8216875556052,753.56470797774239,
    3.4133637182265759));
#384 = CARTESIAN_POINT('',(1756.8998473086533,753.42999078344644,
    3.5621910161259147));
#385 = CARTESIAN_POINT('',(1756.9795679004271,753.28548702765136,
    3.7071525407856085));
#386 = CARTESIAN_POINT('',(1757.060497148266,753.13043540710385,
    3.8478090700929184));
#387 = CARTESIAN_POINT('',(1757.1421586812351,752.96402620721676,
    3.9835064383037095));
#388 = CARTESIAN_POINT('',(1757.2238907884546,752.78548420899961,
    4.1132975678589219));
#389 = CARTESIAN_POINT('',(1757.3048118955544,752.59414956574176,
    4.2359070746716174));
#390 = CARTESIAN_POINT('',(1757.383812669261,752.38955664928437,
    4.3497384466539692));
#391 = CARTESIAN_POINT('',(1757.4595747501357,752.17151086598381,
    4.4529237957739234));
#392 = CARTESIAN_POINT('',(1757.5306161134258,751.94016344233228,
    4.5434161833512938));
#393 = CARTESIAN_POINT('',(1757.6402515784973,751.52686604949656,
    4.6716124807291823));
#394 = CARTESIAN_POINT('',(1757.6822054403337,751.35136885706493,
    4.7170991457161016));
#395 = CARTESIAN_POINT('',(1757.7204778081409,751.17024440274679,
    4.7545912121818201));
#396 = CARTESIAN_POINT('',(1757.7544172489097,750.98436988713547,
    4.7832746687505416));
#397 = CARTESIAN_POINT('',(1757.783478607259,750.79479905744256,
    4.8025205993221576));
#398 = CARTESIAN_POINT('',(1757.8072338806251,750.60271335333027,
    4.8118909877188507));
#399 = CARTESIAN_POINT('',(1757.8253830944695,750.40937305274008,
    4.8111445229852325));
#400 = CARTESIAN_POINT('',(1757.8377651774583,750.21606841775667,
    4.8002424038028852));
#401 = CARTESIAN_POINT('',(1757.844368836676,750.02407084039896,
    4.7793541439017044));
#402 = CARTESIAN_POINT('',(1757.8453434328053,749.83458398850917,
    4.7488633765367556));
#403 = CARTESIAN_POINT('',(1757.8410098553345,749.64869495154358,
    4.7093736596920301));
#404 = CARTESIAN_POINT('',(1757.8169770303321,749.17171916244183,
    4.5840363693237318));
#405 = CARTESIAN_POINT('',(1757.7891809299663,748.88811239658196,
    4.4844760355869742));
#406 = CARTESIAN_POINT('',(1757.7503621049236,748.6206480867944,
    4.3663737227025461));
#407 = CARTESIAN_POINT('',(1757.7028061553926,748.37058593308382,
    4.2330488965329938));
#408 = CARTESIAN_POINT('',(1757.6488037386825,748.13813039952595,
    4.0877557751774578));
#409 = CARTESIAN_POINT('',(1757.590335492356,747.9229226889247,
    3.9332626175826149));
#410 = CARTESIAN_POINT('',(1757.528925253283,747.72408363795194,
    3.7715342155623155));
#411 = CARTESIAN_POINT('',(1757.465678255785,747.54034033575681,
    3.6037570611146834));
#412 = CARTESIAN_POINT('',(1757.4014558370125,747.37041506451737,
    3.4307064847430913));
#413 = CARTESIAN_POINT('',(1757.3370730229499,747.21350095573109,
    3.2532148887153403));
#414 = CARTESIAN_POINT('',(1757.2733402133742,747.06929455134912,
    3.0722600230572756));
#415 = CARTESIAN_POINT('',(1757.1287689947546,746.76324971685062,
    2.6468501773176469));
#416 = CARTESIAN_POINT('',(1757.0487319806496,746.60975450701471,
    2.4001203440290673));
#417 = CARTESIAN_POINT('',(1756.9717460161878,746.47459292268434,
    2.1480683502079105));
#418 = CARTESIAN_POINT('',(1756.8990886471704,746.35694649789559,
    1.8924008554015357));
#419 = CARTESIAN_POINT('',(1756.8316089296782,746.25591446978547,
    1.6335166522045215));
#420 = CARTESIAN_POINT('',(1756.7699021268454,746.17065624884651,
    1.3709266519102568));
#421 = CARTESIAN_POINT('',(1756.7146203152108,746.10073685339057,
    1.1044965154131501));
#422 = CARTESIAN_POINT('',(1756.6665750119021,746.04620068684915,
    0.83510353827090555));
#423 = CARTESIAN_POINT('',(1756.6265368388883,746.00725045440208,
    0.56419710422939384));
#424 = CARTESIAN_POINT('',(1756.5948861452412,745.98375943301733,
    0.29264972662472122));
#425 = CARTESIAN_POINT('',(1756.5715174133691,745.97519672694386,
    0.020183402702457137));
#426 = CARTESIAN_POINT('',(1756.537501398235,745.99052481311924,
    -0.60354743595600624));
#427 = CARTESIAN_POINT('',(1756.5323196331601,746.02422574200614,
    -0.95505628662666431));
#428 = CARTESIAN_POINT('',(1756.5415240116874,746.08383764939913,
    -1.3075119528311585));
#429 = CARTESIAN_POINT('',(1756.5642847327454,746.16798296339402,
    -1.6542131101362052));
#430 = CARTESIAN_POINT('',(1756.5998360256337,746.27731689063353,
    -1.9965229956452708));
#431 = CARTESIAN_POINT('',(1756.6470425312766,746.41280141068432,
    -2.335829212829895));
#432 = CARTESIAN_POINT('',(1756.7042062503035,746.57467334185731,
    -2.6692633077019239));
#433 = CARTESIAN_POINT('',(1756.7694327936133,746.76345462290556,
    -2.9934615237507276));
#434 = CARTESIAN_POINT('',(1756.8409872581622,746.98144498856504,
    -3.3088957656100968));
#435 = CARTESIAN_POINT('',(1756.916962633632,747.23264187041741,
    -3.6166226001858379));
#436 = CARTESIAN_POINT('',(1756.9942572240502,747.5209496294525,
    -3.9096881026068018));
#437 = CARTESIAN_POINT('',(1757.090832474237,747.95119997198378,
    -4.2659683007421627));
#438 = CARTESIAN_POINT('',(1757.1130510897158,748.0553802643293,
    -4.3471863515803797));
#439 = CARTESIAN_POINT('',(1757.1348429756672,748.16352345643202,
    -4.4263513483158246));
#440 = CARTESIAN_POINT('',(1757.1560630283252,748.27573319511202,
    -4.5032340147880241));
#441 = CARTESIAN_POINT('',(1757.176547685661,748.39209917063499,
    -4.5775685233358914));
#442 = CARTESIAN_POINT('',(1757.1961165595512,748.51269197132092,
    -4.6490549061832294));
#443 = CARTESIAN_POINT('',(1757.2145740679364,748.63755793803352,
    -4.7173614666069703));
#444 = CARTESIAN_POINT('',(1757.231711066989,748.76671401881094,
    -4.7821271903820897));
#445 = CARTESIAN_POINT('',(1757.2473064832745,748.90014262336183,
    -4.8429641569327977));
#446 = CARTESIAN_POINT('',(1757.261128945916,749.03778647766387,
    -4.899459950744161));
#447 = CARTESIAN_POINT('',(1757.2729384187578,749.17954347850196,
    -4.951180072582174));
#448 = CARTESIAN_POINT('',(1757.2938765161728,749.49904572314222,
    -5.0531149136194493));
#449 = CARTESIAN_POINT('',(1757.3021042360572,749.67861439235094,
    -5.1012379375336696));
#450 = CARTESIAN_POINT('',(1757.3066461740852,749.86321258037447,
    -5.1409793128711971));
#451 = CARTESIAN_POINT('',(1757.3070887214351,750.05187667458188,
    -5.1714690748391643));
#452 = CARTESIAN_POINT('',(1757.3031316939598,750.24348434122703,
    -5.1920338961920187));
#453 = CARTESIAN_POINT('',(1757.2945905475863,750.43680444175993,
    -5.2022035798616546));
#454 = CARTESIAN_POINT('',(1757.2813985937169,750.63054694905827,
    -5.2017175516178575));
#455 = CARTESIAN_POINT('',(1757.2636092146286,750.82341286370354,
    -5.1905313526679127));
#456 = CARTESIAN_POINT('',(1757.2413980788717,751.01414413027408,
    -5.1688231323459419));
#457 = CARTESIAN_POINT('',(1757.2150653566734,751.20157355356366,
    -5.1370001407003478));
#458 = CARTESIAN_POINT('',(1757.1850379353325,751.38467471490014,
    -5.0957052211717428));
#459 = CARTESIAN_POINT('',(1757.0978153495466,751.85262380920597,
    -4.9645229736552423));
#460 = CARTESIAN_POINT('',(1757.0353032696564,752.12890343138167,
    -4.8602181745437143));
#461 = CARTESIAN_POINT('',(1756.9664979369657,752.3876356676567,
    -4.7364616774498529));
#462 = CARTESIAN_POINT('',(1756.8934996006644,752.62791666344458,
    -4.596803364840909));
#463 = CARTESIAN_POINT('',(1756.8182506178794,752.84988539979872,
    -4.4447198421471938));
#464 = CARTESIAN_POINT('',(1756.7423490995691,753.05419103524321,
    -4.2831673827626222));
#465 = CARTESIAN_POINT('',(1756.6669447956958,753.24192965423686,
    -4.1142512392041777));
#466 = CARTESIAN_POINT('',(1756.5927943224651,753.41452522868053,
    -3.9392557182500343));
#467 = CARTESIAN_POINT('',(1756.5204569433356,753.57337073667486,
    -3.7590307836818773));
#468 = CARTESIAN_POINT('',(1756.4505162241555,753.71938652130518,
    -3.574482314680564));
#469 = CARTESIAN_POINT('',(1756.3836169916519,753.85299411020856,
    -3.3866645136802283));
#470 = CARTESIAN_POINT('',(1756.2368053137616,754.13539762741402,
    -2.9459464637337551));
#471 = CARTESIAN_POINT('',(1756.1592555879863,754.27611018781602,
    -2.6909357931415809));
#472 = CARTESIAN_POINT('',(1756.088207179746,754.39925571564095,
    -2.4311032774908994));
#473 = CARTESIAN_POINT('',(1756.0245989609725,754.50584208010139,
    -2.1682927016558757));
#474 = CARTESIAN_POINT('',(1755.9690708369651,754.59690170234853,
    -1.9029509384809997));
#475 = CARTESIAN_POINT('',(1755.9221248566948,754.67336105858305,
    -1.6346109742044681));
#476 = CARTESIAN_POINT('',(1755.8843564621816,754.73573923177878,
    -1.3632209433574196));
#477 = CARTESIAN_POINT('',(1755.8564877279432,754.78410084300833,
    -1.0898169482940598));
#478 = CARTESIAN_POINT('',(1755.8391498786702,754.81836461754904,
    -0.81600195898592787));
#479 = CARTESIAN_POINT('',(1755.8325778101337,754.83874476432845,
    -0.54265760949909159));
#480 = CARTESIAN_POINT('',(1755.8365947755412,754.84577827127498,
    -0.26928022823143627));
#481 = CARTESIAN_POINT('',(1755.8514808364216,754.83906714276304,
    0.0037030404019606777));
#482 = CARTESIAN_POINT('',(1756.18231846651,754.42019047409735,
    -0.024635708327153449));
#483 = CARTESIAN_POINT('',(1756.1844052728404,754.41924967279522,
    0.013632522450204798));
#484 = CARTESIAN_POINT('',(1756.186628446967,754.41799022767214,
    0.0496833938161855));
#485 = CARTESIAN_POINT('',(1756.1895466145522,754.4161604200973,
    0.093763441507737633));
#486 = CARTESIAN_POINT('',(1756.1916583764728,754.41443719093274,
    0.1183445794998928));
#487 = CARTESIAN_POINT('',(1756.1958605323298,754.41151456091109,
    0.17655614768675354));
#488 = CARTESIAN_POINT('',(1756.1979552703776,754.40928496856532,
    0.19142770885576449));
#489 = CARTESIAN_POINT('',(1756.2025905160215,754.40565283771639,
    0.24820599230874801));
#490 = CARTESIAN_POINT('',(1756.2058116568021,754.40240083465869,
    0.27438533231531509));
#491 = CARTESIAN_POINT('',(1756.2101776765178,754.39837502022908,
    0.3169100152498302));
#492 = CARTESIAN_POINT('',(1756.214454707954,754.39413133601806,
    0.35317283277482348));
#493 = CARTESIAN_POINT('',(1756.2190615508566,754.38948058855237,
    0.39087595315927104));
#494 = CARTESIAN_POINT('',(1756.2287520651241,754.37944461669929,
    0.46582589704606414));
#495 = CARTESIAN_POINT('',(1756.23384760763,754.37405337841744,
    0.50325407283473522));
#496 = CARTESIAN_POINT('',(1756.2391895890887,754.36829100320369,
    0.54061946794192695));
#497 = CARTESIAN_POINT('',(1756.2447758076892,754.36215787963442,
    0.57791848527387335));
#498 = CARTESIAN_POINT('',(1756.2506041006457,754.35565433169984,
    0.61514750155062037));
#499 = CARTESIAN_POINT('',(1756.256672343512,754.34878061897621,
    0.65230286620466049));
#500 = CARTESIAN_POINT('',(1756.2629784494743,754.34153693676819,
    0.68938090027255772));
#501 = CARTESIAN_POINT('',(1756.2695203687119,754.33392341621402,
    0.72637789526638197));
#502 = CARTESIAN_POINT('',(1756.2762960877217,754.32594012438085,
    0.76329011204546715));
#503 = CARTESIAN_POINT('',(1756.2833036287054,754.31758706430662,
    0.80011377966033415));
#504 = CARTESIAN_POINT('',(1756.2905410489393,754.30886417503791,
    0.8368450941965504));
#505 = CARTESIAN_POINT('',(1756.3129669044683,754.28154949236068,
    0.94689612275419277));
#506 = CARTESIAN_POINT('',(1756.3288446962888,754.26183657467573,
    1.019954020870022));
#507 = CARTESIAN_POINT('',(1756.3456175015608,754.24063394304994,
    1.0926211365455867));
#508 = CARTESIAN_POINT('',(1756.3632616979405,754.21794279473897,
    1.1648654002115102));
#509 = CARTESIAN_POINT('',(1756.3817523040716,754.19376417828369,
    1.2366553899362605));
#510 = CARTESIAN_POINT('',(1756.4010629252741,754.16809901357942,
    1.3079602748090229));
#511 = CARTESIAN_POINT('',(1756.421165695542,754.14094811383143,
    1.3787497597295328));
#512 = CARTESIAN_POINT('',(1756.4420312158522,754.11231220912566,
    1.4489940317298788));
#513 = CARTESIAN_POINT('',(1756.4636284886255,754.08219197208564,
    1.518663707562542));
#514 = CARTESIAN_POINT('',(1756.4859248483351,754.05058804534428,
    1.5877297827496364));
#515 = CARTESIAN_POINT('',(1756.5088858881313,754.01750107120904,
    1.6561635818471478));
#516 = CARTESIAN_POINT('',(1756.5593923574545,753.94348610164957,
    1.8012697624553533));
#517 = CARTESIAN_POINT('',(1756.5871459109167,753.90208599774121,
    1.8777861417376012));
#518 = CARTESIAN_POINT('',(1756.6156862854962,753.85872616273161,
    1.9534487097528244));
#519 = CARTESIAN_POINT('',(1756.6449628075327,753.81339942762702,
    2.0282196720795311));
#520 = CARTESIAN_POINT('',(1756.6749237393669,753.76609676548344,
    2.102060401413655));
#521 = CARTESIAN_POINT('',(1756.705516124578,753.71680736077883,
    2.1749312612951606));
#522 = CARTESIAN_POINT('',(1756.736685626073,753.66551868708245,
    2.2467914304948255));
#523 = CARTESIAN_POINT('',(1756.7683763572327,753.61221659321757,
    2.3175987276055334));
#524 = CARTESIAN_POINT('',(1756.8005307060632,753.55688539930043,
    2.3873094365980476));
#525 = CARTESIAN_POINT('',(1756.8330891526448,753.49950800295255,
    2.4558781328070483));
#526 = CARTESIAN_POINT('',(1756.8659900799537,753.44006599711997,
    2.5232575102348229));
#527 = CARTESIAN_POINT('',(1756.9613675083947,753.26320345498198,
    2.7133848526497077));
#528 = CARTESIAN_POINT('',(1757.0246564225522,753.1402862192175,
    2.8332018375096868));
#529 = CARTESIAN_POINT('',(1757.0885698967923,753.00985297334012,
    2.9484468372268777));
#530 = CARTESIAN_POINT('',(1757.1526754658419,752.87168802178633,
    3.0587254466318328));
#531 = CARTESIAN_POINT('',(1757.2165228965735,752.72548934325164,
    3.1636014368074528));
#532 = CARTESIAN_POINT('',(1757.2796052648512,752.57101588547391,
    3.2625553681180173));
#533 = CARTESIAN_POINT('',(1757.3413360839118,752.40818382959571,
    3.3549580002999493));
#534 = CARTESIAN_POINT('',(1757.4010467283908,752.23710550687451,
    3.440065538594645));
#535 = CARTESIAN_POINT('',(1757.4580093515115,752.05806195451976,
    3.5170443457490284));
#536 = CARTESIAN_POINT('',(1757.5114911362887,751.87139740642601,
    3.5850329966272372));
#537 = CARTESIAN_POINT('',(1757.5608455815791,751.67732233250274,
    3.6432488597974118));
#538 = CARTESIAN_POINT('',(1757.6371547039953,751.33373951553801,
    3.7248311118952393));
#539 = CARTESIAN_POINT('',(1757.6662937030858,751.18843523039254,
    3.7532616115119168));
#540 = CARTESIAN_POINT('',(1757.692770186912,751.04034682511281,
    3.7761123548988667));
#541 = CARTESIAN_POINT('',(1757.7163372304342,750.89006482708908,
    3.7931155393684444));
#542 = CARTESIAN_POINT('',(1757.7367957047973,750.73814159816607,
    3.8040665075316835));
#543 = CARTESIAN_POINT('',(1757.7539963032721,750.58510673861826,
    3.8088293331886383));
#544 = CARTESIAN_POINT('',(1757.7678401095734,750.43147945877092,
    3.8073393315194042));
#545 = CARTESIAN_POINT('',(1757.778277231801,750.27777814937394,
    3.7996017758080916));
#546 = CARTESIAN_POINT('',(1757.7853031705388,750.12452746672852,
    3.7856863416029913));
#547 = CARTESIAN_POINT('',(1757.7889527645407,749.97226337103666,
    3.7657170898250265));
#548 = CARTESIAN_POINT('',(1757.7892917383213,749.82153669595493,
    3.7398580951248133));
#549 = CARTESIAN_POINT('',(1757.7817586705069,749.43356560141706,
    3.657463544415545));
#550 = CARTESIAN_POINT('',(1757.7687889033662,749.20112298872687,
    3.5921724251923126));
#551 = CARTESIAN_POINT('',(1757.7483001923167,748.97796529940274,
    3.5140149625453456));
#552 = CARTESIAN_POINT('',(1757.720949861719,748.76407148998851,
    3.4237481683489532));
#553 = CARTESIAN_POINT('',(1757.6876572065873,748.55983963693131,
    3.3225804447040757));
#554 = CARTESIAN_POINT('',(1757.6494905728057,748.3660823891837,
    3.2119874650678062));
#555 = CARTESIAN_POINT('',(1757.6074505625768,748.18326388031483,
    3.0932047109374836));
#556 = CARTESIAN_POINT('',(1757.5623720060664,748.01114682827881,
    2.9670185805374967));
#557 = CARTESIAN_POINT('',(1757.5149958767408,747.8491970656703,
    2.8340067008299163));
#558 = CARTESIAN_POINT('',(1757.4661181677666,747.69737128391932,
    2.694975975583811));
#559 = CARTESIAN_POINT('',(1757.4165997194791,747.55627175342852,
    2.5510010712393307));
#560 = CARTESIAN_POINT('',(1757.3033487790299,747.25721283050916,
    2.2117581858955186));
#561 = CARTESIAN_POINT('',(1757.2392781156136,747.10506683862559,
    2.0127194119276863));
#562 = CARTESIAN_POINT('',(1757.1762017735268,746.96880812425172,
    1.8062797386973601));
#563 = CARTESIAN_POINT('',(1757.1152478431568,746.84814442564164,
    1.5933986580822879));
#564 = CARTESIAN_POINT('',(1757.05745769906,746.74288357446221,
    1.3745454407553404));
#565 = CARTESIAN_POINT('',(1757.0038892181074,746.65309843855403,
    1.1501757237710954));
#566 = CARTESIAN_POINT('',(1756.9555841535409,746.57903990858676,
    0.92113255393820848));
#567 = CARTESIAN_POINT('',(1756.9134655280457,746.52095948022838,
    0.68864784464921169));
#568 = CARTESIAN_POINT('',(1756.8782317568125,746.47896784069428,
    0.45397440550669255));
#569 = CARTESIAN_POINT('',(1756.8503023936903,746.45300298269228,
    0.21796022627172434));
#570 = CARTESIAN_POINT('',(1756.8298533840587,746.44292772240522,
    -0.018900643221554797));
#571 = CARTESIAN_POINT('',(1756.8003712998532,746.45622140756268,
    -0.55957396197031573));
#572 = CARTESIAN_POINT('',(1756.7961787837069,746.49003327314585,
    -0.86517226348051335));
#573 = CARTESIAN_POINT('',(1756.8046735053638,746.55066041510474,
    -1.1703552546482441));
#574 = CARTESIAN_POINT('',(1756.825507964048,746.6378170510369,
    -1.4716795944499317));
#575 = CARTESIAN_POINT('',(1756.8576170581614,746.75136144477938,
    -1.7672763021948887));
#576 = CARTESIAN_POINT('',(1756.8993639584503,746.89107848931496,
    -2.0555939112092583));
#577 = CARTESIAN_POINT('',(1756.9487332043375,747.05653420390672,
    -2.3344081186017447));
#578 = CARTESIAN_POINT('',(1757.0034831284947,747.24733970554178,
    -2.6013424627719259));
#579 = CARTESIAN_POINT('',(1757.0612288512293,747.46359333807811,
    -2.8547263459550489));
#580 = CARTESIAN_POINT('',(1757.1194179228601,747.70595660637446,
    -3.0929635084389657));
#581 = CARTESIAN_POINT('',(1757.1751832419418,747.97504729465345,
    -3.3124726234272064));
#582 = CARTESIAN_POINT('',(1757.2409174571724,748.3637299496063,
    -3.5712493833316548));
#583 = CARTESIAN_POINT('',(1757.2560156269369,748.45888326766999,
    -3.6306807857592385));
#584 = CARTESIAN_POINT('',(1757.2704719288849,748.5567587998878,
    -3.6878498685181711));
#585 = CARTESIAN_POINT('',(1757.2841790625196,748.65734405435887,
    -3.7426070678129699));
#586 = CARTESIAN_POINT('',(1757.2970271252934,748.76059708557432,
    -3.79479329222033));
#587 = CARTESIAN_POINT('',(1757.308904697175,748.86645484310202,
    -3.8442420693700132));
#588 = CARTESIAN_POINT('',(1757.3197001353526,748.97484178323873,
    -3.8907821724623313));
#589 = CARTESIAN_POINT('',(1757.3293031058809,749.08567879046302,
    -3.9342407748644006));
#590 = CARTESIAN_POINT('',(1757.3376063754179,749.19889244048522,
    -3.9744471752147796));
#591 = CARTESIAN_POINT('',(1757.3445078802822,749.31442461271808,
    -4.0112371251763417));
#592 = CARTESIAN_POINT('',(1757.3499130814416,749.43224242775989,
    -4.044457775707663));
#593 = CARTESIAN_POINT('',(1757.3583485615432,749.69715192442607,
    -4.1095579744262629));
#594 = CARTESIAN_POINT('',(1757.360628253839,749.84500536143105,
    -4.1396390985267653));
#595 = CARTESIAN_POINT('',(1757.3604279787073,749.99522568383486,
    -4.1638702989469802));
#596 = CARTESIAN_POINT('',(1757.3576281984629,750.14719263134361,
    -4.1819645203615607));
#597 = CARTESIAN_POINT('',(1757.3521435775274,750.30033076211362,
    -4.1937021606711369));
#598 = CARTESIAN_POINT('',(1757.3439268658515,750.45409452827096,
    -4.1989369672567847));
#599 = CARTESIAN_POINT('',(1757.3329711843346,750.60795613578455,
    -4.1975986972366854));
#600 = CARTESIAN_POINT('',(1757.3193103562792,750.76139589018521,
    -4.1896917796638631));
#601 = CARTESIAN_POINT('',(1757.3030170601226,750.91389466686871,
    -4.1752894720016762));
#602 = CARTESIAN_POINT('',(1757.2841987399952,751.06492804973595,
    -4.1545233101773054));
#603 = CARTESIAN_POINT('',(1757.2629913797302,751.21396157071547,
    -4.1275679658793516));
#604 = CARTESIAN_POINT('',(1757.2018018281221,751.59635686352669,
    -4.0415629771443999));
#605 = CARTESIAN_POINT('',(1757.1584997161581,751.82423386385904,
    -3.9733155367862643));
#606 = CARTESIAN_POINT('',(1757.1106499623947,752.04184691978389,
    -3.8915678182274451));
#607 = CARTESIAN_POINT('',(1757.0588155340229,752.24931608300085,
    -3.7971409430007159));
#608 = CARTESIAN_POINT('',(1757.0038369101994,752.44638605615205,
    -3.6913357654413255));
#609 = CARTESIAN_POINT('',(1756.946739688482,752.63241408210524,
    -3.5757379671342213));
#610 = CARTESIAN_POINT('',(1756.8884519508654,752.80709251087376,
    -3.4516843557964072));
#611 = CARTESIAN_POINT('',(1756.8296730608993,752.97078310110783,
    -3.3200419305217528));
#612 = CARTESIAN_POINT('',(1756.7709842665183,753.12412729853031,
    -3.1814577830949324));
#613 = CARTESIAN_POINT('',(1756.7130758633011,753.26728900155331,
    -3.0368169014643884));
#614 = CARTESIAN_POINT('',(1756.6567777075993,753.39980311424222,
    -2.8872827752031283));
#615 = CARTESIAN_POINT('',(1756.532859592093,753.67961935349854,
    -2.5355798848786595));
#616 = CARTESIAN_POINT('',(1756.466236383392,753.82115982076652,
    -2.3296758759147265));
#617 = CARTESIAN_POINT('',(1756.4039086939949,753.94724808584829,
    -2.1166464116410513));
#618 = CARTESIAN_POINT('',(1756.3468457213692,754.05833535605166,
    -1.8975635118797582));
#619 = CARTESIAN_POINT('',(1756.2959893246202,754.15477673911755,
    -1.6730049886186211));
#620 = CARTESIAN_POINT('',(1756.2523366291719,754.23667347432104,
    -1.4435328985859788));
#621 = CARTESIAN_POINT('',(1756.2168613433507,754.30393815967079,
    -1.2100892284741263));
#622 = CARTESIAN_POINT('',(1756.1903861118262,754.35645251258302,
    -0.97399670100707647));
#623 = CARTESIAN_POINT('',(1756.1734868676633,754.39420475189422,
    -0.73659388410439564));
#624 = CARTESIAN_POINT('',(1756.1664699810995,754.41732888517515,
    -0.49879916906218519));
#625 = CARTESIAN_POINT('',(1756.1694237303868,754.42600384755758,
    -0.26110170449072767));
#626 = CARTESIAN_POINT('',(1756.1823184665097,754.42019047409735,
    -0.024635708327158751));
#627 = CARTESIAN_POINT('',(1756.7143613062065,754.46335770780092,
    -0.052587316086753433));
#628 = CARTESIAN_POINT('',(1756.7162866354247,754.46248970572026,
    -0.017280281714000006));
#629 = CARTESIAN_POINT('',(1756.718407661662,754.46135952342934,
    0.015975832036899479));
#630 = CARTESIAN_POINT('',(1756.721239763307,754.45973493026588,
    0.056635978021040589));
#631 = CARTESIAN_POINT('',(1756.723397908999,754.45824035348642,
    0.07930681027003833));
#632 = CARTESIAN_POINT('',(1756.7275543268879,754.4556709639412,
    0.13299947444394822));
#633 = CARTESIAN_POINT('',(1756.7298371823617,754.4537721023089,
    0.14672065998548844));
#634 = CARTESIAN_POINT('',(1756.7345332372233,754.45061083546216,
    0.19909258712076378));
#635 = CARTESIAN_POINT('',(1756.7379958964725,754.4478307403765,
    0.22325591574982995));
#636 = CARTESIAN_POINT('',(1756.7425847716449,754.44436749034151,
    0.26249594518115971));
#637 = CARTESIAN_POINT('',(1756.747162608418,754.44073315397384,
    0.29597361265311672));
#638 = CARTESIAN_POINT('',(1756.7521156535536,754.43675284968617,
    0.33078988710418944));
#639 = CARTESIAN_POINT('',(1756.7626012702517,754.42817564118252,
    0.40000529729272871));
#640 = CARTESIAN_POINT('',(1756.7681435158579,754.42357513488173,
    0.43456775341982667));
#641 = CARTESIAN_POINT('',(1756.7739835758362,754.41866214538038,
    0.46908332801173014));
#642 = CARTESIAN_POINT('',(1756.7801198273028,754.41343609152079,
    0.50355038850046085));
#643 = CARTESIAN_POINT('',(1756.7865506473695,754.40789639215416,
    0.5379673023173801));
#644 = CARTESIAN_POINT('',(1756.7932744131572,754.40204246612029,
    0.57233243689574664));
#645 = CARTESIAN_POINT('',(1756.8002895017737,754.39587373227187,
    0.60664415966516616));
#646 = CARTESIAN_POINT('',(1756.8075942903413,754.38938960944893,
    0.64090083806058529));
#647 = CARTESIAN_POINT('',(1756.8151871559692,754.38258951650209,
    0.67510083951082767));
#648 = CARTESIAN_POINT('',(1756.8230664757764,754.3754728722746,
    0.70924253145024541));
#649 = CARTESIAN_POINT('',(1756.8312306268758,754.36803909561399,
    0.74332428130931216));
#650 = CARTESIAN_POINT('',(1756.856572705399,754.34478462486868,
    0.8453848069429768));
#651 = CARTESIAN_POINT('',(1756.8745980835965,754.32800805079944,
    0.91317893076546097));
#652 = CARTESIAN_POINT('',(1756.8937362670756,754.30995261532723,
    0.98071118204966856));
#653 = CARTESIAN_POINT('',(1756.9139682417901,754.29061169095405,
    1.0479661567579566));
#654 = CARTESIAN_POINT('',(1756.9352738335549,754.26997729047139,
    1.1149286927474322));
#655 = CARTESIAN_POINT('',(1756.9576317080355,754.24804006704017,
    1.1815838697839609));
#656 = CARTESIAN_POINT('',(1756.9810193707619,754.22478931406943,
    1.2479170095169609));
#657 = CARTESIAN_POINT('',(1757.0054131671134,754.20021296536868,
    1.3139136755153986));
#658 = CARTESIAN_POINT('',(1757.0307882823322,754.1742975949893,
    1.3795596732262649));
#659 = CARTESIAN_POINT('',(1757.0571187415132,754.14702841736084,
    1.4448410500134665));
#660 = CARTESIAN_POINT('',(1757.0843774096106,754.11838928719521,
    1.5097440951283985));
#661 = CARTESIAN_POINT('',(1757.1444859135686,754.0542932587025,
    1.6474525360446581));
#662 = CARTESIAN_POINT('',(1757.1775935805683,754.01843408523928,
    1.7201423320996136));
#663 = CARTESIAN_POINT('',(1757.2118223534515,753.98075827604248,
    1.7923123439454047));
#664 = CARTESIAN_POINT('',(1757.2471337488516,753.94123389072115,
    1.8639477344243391));
#665 = CARTESIAN_POINT('',(1757.2834874390164,753.8998239515978,
    1.9350312131786973));
#666 = CARTESIAN_POINT('',(1757.3208412518113,753.85648644372009,
    2.0055430366320253));
#667 = CARTESIAN_POINT('',(1757.3591511707141,753.8111743148404,
    2.0754610080160281));
#668 = CARTESIAN_POINT('',(1757.3983713348205,753.7638354754431,
    2.1447604773389655));
#669 = CARTESIAN_POINT('',(1757.4384540388396,753.71441279871533,
    2.2134143414160112));
#670 = CARTESIAN_POINT('',(1757.479349733097,753.66284412057234,
    2.2813930438455929));
#671 = CARTESIAN_POINT('',(1757.5210070235332,753.60906223963991,
    2.348664575024102));
#672 = CARTESIAN_POINT('',(1757.6417428539523,753.44927866453202,
    2.5382649404783244));
#673 = CARTESIAN_POINT('',(1757.7225671089184,753.33766723269684,
    2.6588213218308394));
#674 = CARTESIAN_POINT('',(1757.8053709618951,753.21786926561515,
    2.7764964241234615));
#675 = CARTESIAN_POINT('',(1757.8897914179495,753.08930778735385,
    2.8910216048999318));
#676 = CARTESIAN_POINT('',(1757.9754346214568,752.95125087800261,
    3.0020714426393713));
#677 = CARTESIAN_POINT('',(1758.0617684258657,752.80292466561434,
    3.1091496903774951));
#678 = CARTESIAN_POINT('',(1758.1480498736846,752.64360863432285,
    3.2115165113981607));
#679 = CARTESIAN_POINT('',(1758.2332875867389,752.47271324854182,
    3.3081569973660847));
#680 = CARTESIAN_POINT('',(1758.3162390665993,752.28983989339179,
    3.3977909684132102));
#681 = CARTESIAN_POINT('',(1758.3954429053194,752.09482313117201,
    3.4789240557095238));
#682 = CARTESIAN_POINT('',(1758.4692859063343,751.88775527406528,
    3.5499400660391336));
#683 = CARTESIAN_POINT('',(1758.5824303200056,751.51732738951523,
    3.6503430579254168));
#684 = CARTESIAN_POINT('',(1758.6254559834092,751.3599723101396,
    3.6858769274160865));
#685 = CARTESIAN_POINT('',(1758.6643858218488,751.19747508416617,
    3.7150550879616349));
#686 = CARTESIAN_POINT('',(1758.6985285026674,751.03059858453616,
    3.7372359455957262));
#687 = CARTESIAN_POINT('',(1758.7273091136365,750.86027556349609,
    3.7519228683748311));
#688 = CARTESIAN_POINT('',(1758.7502806319424,750.6875627083175,
    3.7587695930553107));
#689 = CARTESIAN_POINT('',(1758.7671353933197,750.51359469702936,
    3.7575856318727032));
#690 = CARTESIAN_POINT('',(1758.7777165609873,750.33953825416017,
    3.7483416791818915));
#691 = CARTESIAN_POINT('',(1758.7820295948036,750.16654620643919,
    3.7311750182560797));
#692 = CARTESIAN_POINT('',(1758.780253720219,749.99571153856277,
    3.7063949279342761));
#693 = CARTESIAN_POINT('',(1758.7727533973846,749.82802144889047,
    3.6744880893885572));
#694 = CARTESIAN_POINT('',(1758.7394499374316,749.39748765326965,
    3.5735960503829935));
#695 = CARTESIAN_POINT('',(1758.704929580513,749.14109353718129,
    3.4937074358645646));
#696 = CARTESIAN_POINT('',(1758.6586720493012,748.89923138119605,
    3.3992780301946106));
#697 = CARTESIAN_POINT('',(1758.6031425165481,748.6728292164828,
    3.2928191166081806));
#698 = CARTESIAN_POINT('',(1758.5408412398681,748.46203224870408,
    3.1768812819045156));
#699 = CARTESIAN_POINT('',(1758.4739580448224,748.26666291447634,
    3.0537113415716055));
#700 = CARTESIAN_POINT('',(1758.4041698280091,748.0860529444318,
    2.9248868495466946));
#701 = CARTESIAN_POINT('',(1758.3326653619272,747.91903629009971,
    2.7912879304321296));
#702 = CARTESIAN_POINT('',(1758.2603641856501,747.76437721144691,
    2.6534573476597019));
#703 = CARTESIAN_POINT('',(1758.188178868354,747.62139326153147,
    2.5120908984729815));
#704 = CARTESIAN_POINT('',(1758.1170524349388,747.49001834423416,
    2.3680914021823378));
#705 = CARTESIAN_POINT('',(1757.9562503144434,747.21077436019812,
    2.0293000080800807));
#706 = CARTESIAN_POINT('',(1757.8676185244678,747.07041519436405,
    1.8325455346203938));
#707 = CARTESIAN_POINT('',(1757.783097121438,746.94703338873876,
    1.6322239420933202));
#708 = CARTESIAN_POINT('',(1757.7037201927997,746.83934884282507,
    1.4287231914051204));
#709 = CARTESIAN_POINT('',(1757.630344928187,746.7464612325582,
    1.2220228417297276));
#710 = CARTESIAN_POINT('',(1757.5638377860541,746.66794413676666,
    1.0122005034482346));
#711 = CARTESIAN_POINT('',(1757.5050927351901,746.60365440487817,
    0.79970959698780697));
#712 = CARTESIAN_POINT('',(1757.4549379729247,746.55350713781661,
    0.58529079142132434));
#713 = CARTESIAN_POINT('',(1757.4140017553423,746.5173616077077,
    0.36959674344967908));
#714 = CARTESIAN_POINT('',(1757.3826222081361,746.49505839682149,
    0.15282700351396028));
#715 = CARTESIAN_POINT('',(1757.3609002202836,746.48654298988799,
    -0.065112797259961941));
#716 = CARTESIAN_POINT('',(1757.3336945519854,746.49881267374747,
    -0.56405072500864173));
#717 = CARTESIAN_POINT('',(1757.3346146603649,746.52867139687214,
    -0.8451833959291033));
#718 = CARTESIAN_POINT('',(1757.3519311924392,746.58153508733449,
    -1.1257853552112309));
#719 = CARTESIAN_POINT('',(1757.3850154336569,746.65737587453179,
    -1.4044624586145844));
#720 = CARTESIAN_POINT('',(1757.4329329496425,746.75629432916287,
    -1.6801344557992308));
#721 = CARTESIAN_POINT('',(1757.4942713414589,746.87859490710127,
    -1.9518819499402169));
#722 = CARTESIAN_POINT('',(1757.567165518167,747.02481049882249,
    -2.218761352792872));
#723 = CARTESIAN_POINT('',(1757.6495861267338,747.195863212532,
    -2.4798396058996279));
#724 = CARTESIAN_POINT('',(1757.7395389044061,747.39346784523877,
    -2.7342257894402668));
#725 = CARTESIAN_POINT('',(1757.8347761966625,747.62061890138159,
    -2.9806959665571715));
#726 = CARTESIAN_POINT('',(1757.9319467149649,747.88155150530883,
    -3.2166207147072394));
#727 = CARTESIAN_POINT('',(1758.0543486307033,748.2706692910217,
    -3.5031205112711774));
#728 = CARTESIAN_POINT('',(1758.0825837002058,748.36486733087679,
    -3.5684289931998778));
#729 = CARTESIAN_POINT('',(1758.1103693436912,748.46264221101433,
    -3.6320882461118722));
#730 = CARTESIAN_POINT('',(1758.1375397219554,748.56408997061294,
    -3.693913430250265));
#731 = CARTESIAN_POINT('',(1758.1639069804658,748.66928477827503,
    -3.7536870401601079));
#732 = CARTESIAN_POINT('',(1758.1892634158853,748.7782779939497,
    -3.8111621042812049));
#733 = CARTESIAN_POINT('',(1758.2133836426262,748.89109723088109,
    -3.8660653845508905));
#734 = CARTESIAN_POINT('',(1758.2360267593629,749.00774541750468,
    -3.9181005759844014));
#735 = CARTESIAN_POINT('',(1758.2569385155907,749.12819985942178,
    -3.966951506289345));
#736 = CARTESIAN_POINT('',(1758.2758534781419,749.25241130128109,
    -4.0122853354409465));
#737 = CARTESIAN_POINT('',(1758.2924971977343,749.38030298874924,
    -4.0537557552924746));
#738 = CARTESIAN_POINT('',(1758.3233935919861,749.66855769314361,
    -4.1354312624776481));
#739 = CARTESIAN_POINT('',(1758.3366260251714,749.83047726662119,
    -4.1739207290211855));
#740 = CARTESIAN_POINT('',(1758.3456733982364,749.99686711804907,
    -4.2056194388496717));
#741 = CARTESIAN_POINT('',(1758.3500466124985,750.16686860033383,
    -4.2298237823944245));
#742 = CARTESIAN_POINT('',(1758.3493830549476,750.33947289521848,
    -4.2459878735385637));
#743 = CARTESIAN_POINT('',(1758.3434499057485,750.51356815648796,
    -4.2537297325396892));
#744 = CARTESIAN_POINT('',(1758.332147445795,750.68798665310317,
    -4.252837469213933));
#745 = CARTESIAN_POINT('',(1758.3155123641966,750.8615519123714,
    -4.2432754657594742));
#746 = CARTESIAN_POINT('',(1758.2937210658376,751.03312586313939,
    -4.2251905599934698));
#747 = CARTESIAN_POINT('',(1758.2670929788726,751.20165597890946,
    -4.1989182281941453));
#748 = CARTESIAN_POINT('',(1758.236093862268,751.36622242105591,
    -4.1649887682550784));
#749 = CARTESIAN_POINT('',(1758.1446938867743,751.78663841797265,
    -4.0575452614903167));
#750 = CARTESIAN_POINT('',(1758.0779091223758,752.0348131548559,
    -3.9723344420590059));
#751 = CARTESIAN_POINT('',(1758.0034544420002,752.26688133959578,
    -3.8715632531322601));
#752 = CARTESIAN_POINT('',(1757.923637153277,752.48230215573119,
    -3.7579937067586386));
#753 = CARTESIAN_POINT('',(1757.8406690546233,752.68131270970844,
    -3.6344239441485895));
#754 = CARTESIAN_POINT('',(1757.7564369912141,752.86442132510751,
    -3.5033149543135269));
#755 = CARTESIAN_POINT('',(1757.6723151556448,753.03254382100556,
    -3.3664045844589636));
#756 = CARTESIAN_POINT('',(1757.5891912286711,753.18701471871043,
    -3.2246820484690897));
#757 = CARTESIAN_POINT('',(1757.5077125571329,753.32919688737013,
    -3.0787724283194158));
#758 = CARTESIAN_POINT('',(1757.4285926678306,753.45990470704555,
    -2.9294569504291799));
#759 = CARTESIAN_POINT('',(1757.3526525177849,753.5793473942673,
    -2.7777311073940356));
#760 = CARTESIAN_POINT('',(1757.185202135583,753.83195864981417,
    -2.4216945132408321));
#761 = CARTESIAN_POINT('',(1757.0961302063129,753.95789695294457,
    -2.2156049115153484));
#762 = CARTESIAN_POINT('',(1757.0141865324053,754.06777893627111,
    -2.0065394971154964));
#763 = CARTESIAN_POINT('',(1756.9401517640495,754.16301658664565,
    -1.7949712975890266));
#764 = CARTESIAN_POINT('',(1756.8747241891906,754.24463527256853,
    -1.5809775147371372));
#765 = CARTESIAN_POINT('',(1756.8186699135204,754.31320325423633,
    -1.3647346293765463));
#766 = CARTESIAN_POINT('',(1756.7727939413162,754.36900655910824,
    -1.1467713016612109));
#767 = CARTESIAN_POINT('',(1756.7378250092654,754.41225090778732,
    -0.92788129328868951));
#768 = CARTESIAN_POINT('',(1756.7142948317608,754.44316348398252,
    -0.70877770717436284));
#769 = CARTESIAN_POINT('',(1756.7024802226765,754.46195845301406,
    -0.48974890958334533));
#770 = CARTESIAN_POINT('',(1756.7024643650027,754.46872124231527,
    -0.27075556909733978));
#771 = CARTESIAN_POINT('',(1756.7143613062062,754.46335770780092,
    -0.052587316086740554));
#772 = DEFINITIONAL_REPRESENTATION('',(#773),#777);
#773 = LINE('',#774,#775);
#774 = CARTESIAN_POINT('',(0,0));
#775 = VECTOR('',#776,1);
#776 = DIRECTION('',(0,1));
#777 = ( GEOMETRIC_REPRESENTATION_CONTEXT(2) 
PARAMETRIC_REPRESENTATION_CONTEXT() REPRESENTATION_CONTEXT('2D SPACE',''
  ) );
#778 = FACE_BOUND('',#779,.T.);
#779 = EDGE_LOOP('',(#780,#805,#832,#833));
#780 = ORIENTED_EDGE('',*,*,#781,.T.);
#781 = EDGE_CURVE('',#782,#784,#786,.T.);
#782 = VERTEX_POINT('',#783);
#783 = CARTESIAN_POINT('',(1740.9669930356836,749.52170862475282,
    -11.336803428396429));
#784 = VERTEX_POINT('',#785);
#785 = CARTESIAN_POINT('',(1742.2734028400027,748.9327358833043,
    12.620375131129506));
#786 = SEAM_CURVE('',#787,(#791,#798),.PCURVE_S1.);
#787 = LINE('',#788,#789);
#788 = CARTESIAN_POINT('',(1740.9669930356836,749.52170862475282,
    -11.336803428396429));
#789 = VECTOR('',#790,1);
#790 = DIRECTION('',(0.0544337418466352,-0.024540530893688576,
    0.99821577331358069));
#791 = PCURVE('',#172,#792);
#792 = DEFINITIONAL_REPRESENTATION('',(#793),#797);
#793 = LINE('',#794,#795);
#794 = CARTESIAN_POINT('',(6.2831853071795862,-0));
#795 = VECTOR('',#796,1);
#796 = DIRECTION('',(0,1));
#797 = ( GEOMETRIC_REPRESENTATION_CONTEXT(2) 
PARAMETRIC_REPRESENTATION_CONTEXT() REPRESENTATION_CONTEXT('2D SPACE',''
  ) );
#798 = PCURVE('',#172,#799);
#799 = DEFINITIONAL_REPRESENTATION('',(#800),#804);
#800 = LINE('',#801,#802);
#801 = CARTESIAN_POINT('',(0,-0));
#802 = VECTOR('',#803,1);
#803 = DIRECTION('',(0,1));
#804 = ( GEOMETRIC_REPRESENTATION_CONTEXT(2) 
PARAMETRIC_REPRESENTATION_CONTEXT() REPRESENTATION_CONTEXT('2D SPACE',''
  ) );
#805 = ORIENTED_EDGE('',*,*,#806,.F.);
#806 = EDGE_CURVE('',#784,#784,#807,.T.);
#807 = SURFACE_CURVE('',#808,(#813,#820),.PCURVE_S1.);
#808 = CIRCLE('',#809,8);
#809 = AXIS2_PLACEMENT_3D('',#810,#811,#812);
#810 = CARTESIAN_POINT('',(1750.2362909249252,749.5788038787183,
    12.20203377254605));
#811 = DIRECTION('',(0.054433741846635186,-0.024540530893688569,
    0.99821577331358058));
#812 = DIRECTION('',(-0.99536101061530968,-0.080758499426743138,
    0.052292669822931945));
#813 = PCURVE('',#172,#814);
#814 = DEFINITIONAL_REPRESENTATION('',(#815),#819);
#815 = LINE('',#816,#817);
#816 = CARTESIAN_POINT('',(0,24));
#817 = VECTOR('',#818,1);
#818 = DIRECTION('',(1,0));
#819 = ( GEOMETRIC_REPRESENTATION_CONTEXT(2) 
PARAMETRIC_REPRESENTATION_CONTEXT() REPRESENTATION_CONTEXT('2D SPACE',''
  ) );
#820 = PCURVE('',#821,#826);
#821 = PLANE('',#822);
#822 = AXIS2_PLACEMENT_3D('',#823,#824,#825);
#823 = CARTESIAN_POINT('',(1750.2362909249252,749.5788038787183,
    12.20203377254605));
#824 = DIRECTION('',(0.0544337418466352,-0.024540530893688576,
    0.99821577331358069));
#825 = DIRECTION('',(-0.99536101061530979,-0.080758499426743138,
    0.052292669822931959));
#826 = DEFINITIONAL_REPRESENTATION('',(#827),#831);
#827 = CIRCLE('',#828,8);
#828 = AXIS2_PLACEMENT_2D('',#829,#830);
#829 = CARTESIAN_POINT('',(0,0));
#830 = DIRECTION('',(1,0));
#831 = ( GEOMETRIC_REPRESENTATION_CONTEXT(2) 
PARAMETRIC_REPRESENTATION_CONTEXT() REPRESENTATION_CONTEXT('2D SPACE',''
  ) );
#832 = ORIENTED_EDGE('',*,*,#781,.F.);
#833 = ORIENTED_EDGE('',*,*,#834,.T.);
#834 = EDGE_CURVE('',#782,#782,#835,.T.);
#835 = SURFACE_CURVE('',#836,(#841,#848),.PCURVE_S1.);
#836 = CIRCLE('',#837,8);
#837 = AXIS2_PLACEMENT_3D('',#838,#839,#840);
#838 = CARTESIAN_POINT('',(1748.9298811206061,750.16777662016682,
    -11.755144786979885));
#839 = DIRECTION('',(0.054433741846635186,-0.024540530893688569,
    0.99821577331358058));
#840 = DIRECTION('',(-0.99536101061530968,-0.080758499426743138,
    0.052292669822931945));
#841 = PCURVE('',#172,#842);
#842 = DEFINITIONAL_REPRESENTATION('',(#843),#847);
#843 = LINE('',#844,#845);
#844 = CARTESIAN_POINT('',(0,0));
#845 = VECTOR('',#846,1);
#846 = DIRECTION('',(1,0));
#847 = ( GEOMETRIC_REPRESENTATION_CONTEXT(2) 
PARAMETRIC_REPRESENTATION_CONTEXT() REPRESENTATION_CONTEXT('2D SPACE',''
  ) );
#848 = PCURVE('',#849,#854);
#849 = PLANE('',#850);
#850 = AXIS2_PLACEMENT_3D('',#851,#852,#853);
#851 = CARTESIAN_POINT('',(1748.9298811206061,750.16777662016682,
    -11.755144786979885));
#852 = DIRECTION('',(0.0544337418466352,-0.024540530893688576,
    0.99821577331358069));
#853 = DIRECTION('',(-0.99536101061530979,-0.080758499426743138,
    0.052292669822931959));
#854 = DEFINITIONAL_REPRESENTATION('',(#855),#859);
#855 = CIRCLE('',#856,8);
#856 = AXIS2_PLACEMENT_2D('',#857,#858);
#857 = CARTESIAN_POINT('',(0,0));
#858 = DIRECTION('',(1,0));
#859 = ( GEOMETRIC_REPRESENTATION_CONTEXT(2) 
PARAMETRIC_REPRESENTATION_CONTEXT() REPRESENTATION_CONTEXT('2D SPACE',''
  ) );
#860 = ADVANCED_FACE('',(#861),#336,.F.);
#861 = FACE_BOUND('',#862,.F.);
#862 = EDGE_LOOP('',(#863,#884,#1187,#1188));
#863 = ORIENTED_EDGE('',*,*,#864,.T.);
#864 = EDGE_CURVE('',#22,#865,#867,.T.);
#865 = VERTEX_POINT('',#866);
#866 = CARTESIAN_POINT('',(1756.7143613062065,754.46335770780092,
    -0.052587316086753433));
#867 = SEAM_CURVE('',#868,(#872,#878),.PCURVE_S1.);
#868 = ( BOUNDED_CURVE() B_SPLINE_CURVE(2,(#869,#870,#871),
.UNSPECIFIED.,.F.,.F.) B_SPLINE_CURVE_WITH_KNOTS((3,3),(0,
25.577955662937228),.PIECEWISE_BEZIER_KNOTS.) CURVE() 
GEOMETRIC_REPRESENTATION_ITEM() RATIONAL_B_SPLINE_CURVE((1,
0.88191710368819598,1)) REPRESENTATION_ITEM('') );
#869 = CARTESIAN_POINT('',(1755.8514808364218,754.83906714276293,
    0.0037030404019464669));
#870 = CARTESIAN_POINT('',(1756.18231846651,754.42019047409747,
    -0.024635708327153449));
#871 = CARTESIAN_POINT('',(1756.7143613062065,754.46335770780092,
    -0.052587316086753433));
#872 = PCURVE('',#336,#873);
#873 = DEFINITIONAL_REPRESENTATION('',(#874),#877);
#874 = B_SPLINE_CURVE_WITH_KNOTS('',1,(#875,#876),.UNSPECIFIED.,.F.,.F.,
  (2,2),(0,25.577955662937228),.PIECEWISE_BEZIER_KNOTS.);
#875 = CARTESIAN_POINT('',(0,-1.6254666878082539e-15));
#876 = CARTESIAN_POINT('',(25.577955662937228,-1.6254666878082539e-15));
#877 = ( GEOMETRIC_REPRESENTATION_CONTEXT(2) 
PARAMETRIC_REPRESENTATION_CONTEXT() REPRESENTATION_CONTEXT('2D SPACE',''
  ) );
#878 = PCURVE('',#336,#879);
#879 = DEFINITIONAL_REPRESENTATION('',(#880),#883);
#880 = B_SPLINE_CURVE_WITH_KNOTS('',1,(#881,#882),.UNSPECIFIED.,.F.,.F.,
  (2,2),(0,25.577955662937228),.PIECEWISE_BEZIER_KNOTS.);
#881 = CARTESIAN_POINT('',(0,25.577955662937228));
#882 = CARTESIAN_POINT('',(25.577955662937228,25.577955662937228));
#883 = ( GEOMETRIC_REPRESENTATION_CONTEXT(2) 
PARAMETRIC_REPRESENTATION_CONTEXT() REPRESENTATION_CONTEXT('2D SPACE',''
  ) );
#884 = ORIENTED_EDGE('',*,*,#885,.T.);
#885 = EDGE_CURVE('',#865,#865,#886,.T.);
#886 = SURFACE_CURVE('',#887,(#1033,#1040),.PCURVE_S1.);
#887 = ( BOUNDED_CURVE() B_SPLINE_CURVE(12,(#888,#889,#890,#891,#892,
    #893,#894,#895,#896,#897,#898,#899,#900,#901,#902,#903,#904,#905,
    #906,#907,#908,#909,#910,#911,#912,#913,#914,#915,#916,#917,#918,
    #919,#920,#921,#922,#923,#924,#925,#926,#927,#928,#929,#930,#931,
    #932,#933,#934,#935,#936,#937,#938,#939,#940,#941,#942,#943,#944,
    #945,#946,#947,#948,#949,#950,#951,#952,#953,#954,#955,#956,#957,
    #958,#959,#960,#961,#962,#963,#964,#965,#966,#967,#968,#969,#970,
    #971,#972,#973,#974,#975,#976,#977,#978,#979,#980,#981,#982,#983,
    #984,#985,#986,#987,#988,#989,#990,#991,#992,#993,#994,#995,#996,
    #997,#998,#999,#1000,#1001,#1002,#1003,#1004,#1005,#1006,#1007,#1008
    ,#1009,#1010,#1011,#1012,#1013,#1014,#1015,#1016,#1017,#1018,#1019,
    #1020,#1021,#1022,#1023,#1024,#1025,#1026,#1027,#1028,#1029,#1030,
#1031,#1032),.UNSPECIFIED.,.T.,.F.) B_SPLINE_CURVE_WITH_KNOTS((13,11,11,
    11,11,11,11,11,11,11,11,11,11,13),(-1.6254666878082539e-15,
    0.52685762437151507,1.0537152487430317,2.1074304974860651,
    3.3030205438983895,5.5146852741232131,7.0480141125085733,
    9.5471188978287049,12.816315583420652,17.026490557428883,
    18.306817896514708,19.833743357532068,22.322411561402088,
25.577955662937228),.UNSPECIFIED.) CURVE() GEOMETRIC_REPRESENTATION_ITEM
() RATIONAL_B_SPLINE_CURVE((1,1.0000000000000842,0.99999999999962097,
    1.0000000000009712,0.99999999999826206,1.0000000000023359,
    0.99999999999754341,1.0000000000020515,0.99999999999864464,
    1.0000000000006921,0.99999999999974432,1.0000000000000546,
    0.99999999999995015,1.0000000000001616,0.99999999999970268,
    1.0000000000003511,0.99999999999974221,1.0000000000000917,
    1.0000000000000331,0.99999999999993072,1.0000000000000437,
    0.99999999999999256,0.99999999999998934,1.0000000000000526,
    0.99999999999970979,1.0000000000007809,0.99999999999854805,
    1.0000000000020182,0.99999999999781231,1.0000000000018878,
    0.99999999999870337,1.000000000000693,0.99999999999972966,
    1.0000000000000637,0.99999999999992595,1.0000000000003411,
    0.99999999999908018,1.0000000000017371,0.99999999999754374,
    1.0000000000026776,0.99999999999771094,1.0000000000015399,
    0.99999999999919553,1.0000000000003126,0.99999999999991973,
    1.0000000000001712,0.99999999999921196,1.0000000000020834,
    0.99999999999608913,1.0000000000055678,0.99999999999381184,
    1.0000000000054172,0.99999999999627565,1.0000000000019718,
    0.99999999999923705,1.0000000000001856,0.99999999999985478,
    1.0000000000006741,0.99999999999825073,1.0000000000031999,
    0.99999999999560774,1.0000000000046614,0.99999999999612876,
    1.0000000000024964,0.99999999999879763,1.0000000000003813,
    0.99999999999996825,0.99999999999993827,1.0000000000004838,
    0.99999999999866795,1.000000000002417,0.99999999999674183,
    1.0000000000034068,0.99999999999717804,1.0000000000018625,
    0.99999999999903189,1.0000000000003793,0.99999999999990097,
    1.0000000000001537,0.99999999999930578,1.0000000000017439,
    0.99999999999692069,1.0000000000041136,0.99999999999571321,
    1.0000000000035234,0.99999999999772327,1.0000000000011307,
    0.99999999999959532,1.0000000000000833,0.99999999999990341,
    1.0000000000003919,0.99999999999902589,1.0000000000017151,
    0.99999999999775302,1.0000000000022609,0.9999999999982262,
    1.0000000000010774,0.99999999999952116,1.000000000000121,
    1.000000000000018,0.99999999999994882,1.0000000000004339,
    0.99999999999869249,1.0000000000025993,0.99999999999615963,
    1.0000000000043687,0.99999999999615818,1.0000000000025786,
    0.99999999999873823,1.0000000000003824,0.999999999999994,
    0.999999999999866,1.0000000000009441,0.99999999999727629,
    1.0000000000052962,0.9999999999923459,1.0000000000085016,
    0.99999999999266009,1.0000000000049021,0.99999999999754563,
    1.000000000000832,0.99999999999988598,1.0000000000000344,
    1.0000000000001852,0.99999999999924127,1.0000000000016478,
    0.9999999999974809,1.0000000000029208,0.99999999999735301,
    1.0000000000018796,0.99999999999898115,1.0000000000003919,
    0.99999999999991562,1.0000000000000973,0.99999999999959843,
    1.0000000000010303,0.99999999999809208,1.0000000000027061,
    0.99999999999700073,1.0000000000026215,0.99999999999820233,
    1.0000000000009441,0.99999999999964295,1.0000000000000802,1)) 
REPRESENTATION_ITEM('') );
#888 = CARTESIAN_POINT('',(1756.7143613062065,754.46335770780092,
    -0.052587316086753433));
#889 = CARTESIAN_POINT('',(1756.7162866354247,754.46248970572026,
    -0.017280281714000006));
#890 = CARTESIAN_POINT('',(1756.718407661662,754.46135952342934,
    0.015975832036899479));
#891 = CARTESIAN_POINT('',(1756.721239763307,754.45973493026588,
    0.056635978021040589));
#892 = CARTESIAN_POINT('',(1756.723397908999,754.45824035348642,
    0.07930681027003833));
#893 = CARTESIAN_POINT('',(1756.7275543268879,754.4556709639412,
    0.13299947444394822));
#894 = CARTESIAN_POINT('',(1756.7298371823617,754.4537721023089,
    0.14672065998548844));
#895 = CARTESIAN_POINT('',(1756.7345332372233,754.45061083546216,
    0.19909258712076378));
#896 = CARTESIAN_POINT('',(1756.7379958964725,754.4478307403765,
    0.22325591574982995));
#897 = CARTESIAN_POINT('',(1756.7425847716449,754.44436749034151,
    0.26249594518115971));
#898 = CARTESIAN_POINT('',(1756.747162608418,754.44073315397384,
    0.29597361265311672));
#899 = CARTESIAN_POINT('',(1756.7521156535536,754.43675284968617,
    0.33078988710418944));
#900 = CARTESIAN_POINT('',(1756.7626012702517,754.42817564118252,
    0.40000529729272871));
#901 = CARTESIAN_POINT('',(1756.7681435158579,754.42357513488173,
    0.43456775341982667));
#902 = CARTESIAN_POINT('',(1756.7739835758362,754.41866214538038,
    0.46908332801173014));
#903 = CARTESIAN_POINT('',(1756.7801198273028,754.41343609152079,
    0.50355038850046085));
#904 = CARTESIAN_POINT('',(1756.7865506473695,754.40789639215416,
    0.5379673023173801));
#905 = CARTESIAN_POINT('',(1756.7932744131572,754.40204246612029,
    0.57233243689574664));
#906 = CARTESIAN_POINT('',(1756.8002895017737,754.39587373227187,
    0.60664415966516616));
#907 = CARTESIAN_POINT('',(1756.8075942903413,754.38938960944893,
    0.64090083806058529));
#908 = CARTESIAN_POINT('',(1756.8151871559692,754.38258951650209,
    0.67510083951082767));
#909 = CARTESIAN_POINT('',(1756.8230664757764,754.3754728722746,
    0.70924253145024541));
#910 = CARTESIAN_POINT('',(1756.8312306268758,754.36803909561399,
    0.74332428130931216));
#911 = CARTESIAN_POINT('',(1756.856572705399,754.34478462486868,
    0.8453848069429768));
#912 = CARTESIAN_POINT('',(1756.8745980835965,754.32800805079944,
    0.91317893076546097));
#913 = CARTESIAN_POINT('',(1756.8937362670756,754.30995261532723,
    0.98071118204966856));
#914 = CARTESIAN_POINT('',(1756.9139682417901,754.29061169095405,
    1.0479661567579566));
#915 = CARTESIAN_POINT('',(1756.9352738335549,754.26997729047139,
    1.1149286927474322));
#916 = CARTESIAN_POINT('',(1756.9576317080355,754.24804006704017,
    1.1815838697839609));
#917 = CARTESIAN_POINT('',(1756.9810193707619,754.22478931406943,
    1.2479170095169609));
#918 = CARTESIAN_POINT('',(1757.0054131671134,754.20021296536868,
    1.3139136755153986));
#919 = CARTESIAN_POINT('',(1757.0307882823322,754.1742975949893,
    1.3795596732262649));
#920 = CARTESIAN_POINT('',(1757.0571187415132,754.14702841736084,
    1.4448410500134665));
#921 = CARTESIAN_POINT('',(1757.0843774096106,754.11838928719521,
    1.5097440951283985));
#922 = CARTESIAN_POINT('',(1757.1444859135686,754.0542932587025,
    1.6474525360446581));
#923 = CARTESIAN_POINT('',(1757.1775935805683,754.01843408523928,
    1.7201423320996136));
#924 = CARTESIAN_POINT('',(1757.2118223534515,753.98075827604248,
    1.7923123439454047));
#925 = CARTESIAN_POINT('',(1757.2471337488516,753.94123389072115,
    1.8639477344243391));
#926 = CARTESIAN_POINT('',(1757.2834874390164,753.8998239515978,
    1.9350312131786973));
#927 = CARTESIAN_POINT('',(1757.3208412518113,753.85648644372009,
    2.0055430366320253));
#928 = CARTESIAN_POINT('',(1757.3591511707141,753.8111743148404,
    2.0754610080160281));
#929 = CARTESIAN_POINT('',(1757.3983713348205,753.7638354754431,
    2.1447604773389655));
#930 = CARTESIAN_POINT('',(1757.4384540388396,753.71441279871533,
    2.2134143414160112));
#931 = CARTESIAN_POINT('',(1757.479349733097,753.66284412057234,
    2.2813930438455929));
#932 = CARTESIAN_POINT('',(1757.5210070235332,753.60906223963991,
    2.348664575024102));
#933 = CARTESIAN_POINT('',(1757.6417428539523,753.44927866453202,
    2.5382649404783244));
#934 = CARTESIAN_POINT('',(1757.7225671089184,753.33766723269684,
    2.6588213218308394));
#935 = CARTESIAN_POINT('',(1757.8053709618951,753.21786926561515,
    2.7764964241234615));
#936 = CARTESIAN_POINT('',(1757.8897914179495,753.08930778735385,
    2.8910216048999318));
#937 = CARTESIAN_POINT('',(1757.9754346214568,752.95125087800261,
    3.0020714426393713));
#938 = CARTESIAN_POINT('',(1758.0617684258657,752.80292466561434,
    3.1091496903774951));
#939 = CARTESIAN_POINT('',(1758.1480498736846,752.64360863432285,
    3.2115165113981607));
#940 = CARTESIAN_POINT('',(1758.2332875867389,752.47271324854182,
    3.3081569973660847));
#941 = CARTESIAN_POINT('',(1758.3162390665993,752.28983989339179,
    3.3977909684132102));
#942 = CARTESIAN_POINT('',(1758.3954429053194,752.09482313117201,
    3.4789240557095238));
#943 = CARTESIAN_POINT('',(1758.4692859063343,751.88775527406528,
    3.5499400660391336));
#944 = CARTESIAN_POINT('',(1758.5824303200056,751.51732738951523,
    3.6503430579254168));
#945 = CARTESIAN_POINT('',(1758.6254559834092,751.3599723101396,
    3.6858769274160865));
#946 = CARTESIAN_POINT('',(1758.6643858218488,751.19747508416617,
    3.7150550879616349));
#947 = CARTESIAN_POINT('',(1758.6985285026674,751.03059858453616,
    3.7372359455957262));
#948 = CARTESIAN_POINT('',(1758.7273091136365,750.86027556349609,
    3.7519228683748311));
#949 = CARTESIAN_POINT('',(1758.7502806319424,750.6875627083175,
    3.7587695930553107));
#950 = CARTESIAN_POINT('',(1758.7671353933197,750.51359469702936,
    3.7575856318727032));
#951 = CARTESIAN_POINT('',(1758.7777165609873,750.33953825416017,
    3.7483416791818915));
#952 = CARTESIAN_POINT('',(1758.7820295948036,750.16654620643919,
    3.7311750182560797));
#953 = CARTESIAN_POINT('',(1758.780253720219,749.99571153856277,
    3.7063949279342761));
#954 = CARTESIAN_POINT('',(1758.7727533973846,749.82802144889047,
    3.6744880893885572));
#955 = CARTESIAN_POINT('',(1758.7394499374316,749.39748765326965,
    3.5735960503829935));
#956 = CARTESIAN_POINT('',(1758.704929580513,749.14109353718129,
    3.4937074358645646));
#957 = CARTESIAN_POINT('',(1758.6586720493012,748.89923138119605,
    3.3992780301946106));
#958 = CARTESIAN_POINT('',(1758.6031425165481,748.6728292164828,
    3.2928191166081806));
#959 = CARTESIAN_POINT('',(1758.5408412398681,748.46203224870408,
    3.1768812819045156));
#960 = CARTESIAN_POINT('',(1758.4739580448224,748.26666291447634,
    3.0537113415716055));
#961 = CARTESIAN_POINT('',(1758.4041698280091,748.0860529444318,
    2.9248868495466946));
#962 = CARTESIAN_POINT('',(1758.3326653619272,747.91903629009971,
    2.7912879304321296));
#963 = CARTESIAN_POINT('',(1758.2603641856501,747.76437721144691,
    2.6534573476597019));
#964 = CARTESIAN_POINT('',(1758.188178868354,747.62139326153147,
    2.5120908984729815));
#965 = CARTESIAN_POINT('',(1758.1170524349388,747.49001834423416,
    2.3680914021823378));
#966 = CARTESIAN_POINT('',(1757.9562503144434,747.21077436019812,
    2.0293000080800807));
#967 = CARTESIAN_POINT('',(1757.8676185244678,747.07041519436405,
    1.8325455346203938));
#968 = CARTESIAN_POINT('',(1757.783097121438,746.94703338873876,
    1.6322239420933202));
#969 = CARTESIAN_POINT('',(1757.7037201927997,746.83934884282507,
    1.4287231914051204));
#970 = CARTESIAN_POINT('',(1757.630344928187,746.7464612325582,
    1.2220228417297276));
#971 = CARTESIAN_POINT('',(1757.5638377860541,746.66794413676666,
    1.0122005034482346));
#972 = CARTESIAN_POINT('',(1757.5050927351901,746.60365440487817,
    0.79970959698780697));
#973 = CARTESIAN_POINT('',(1757.4549379729247,746.55350713781661,
    0.58529079142132434));
#974 = CARTESIAN_POINT('',(1757.4140017553423,746.5173616077077,
    0.36959674344967908));
#975 = CARTESIAN_POINT('',(1757.3826222081361,746.49505839682149,
    0.15282700351396028));
#976 = CARTESIAN_POINT('',(1757.3609002202836,746.48654298988799,
    -0.065112797259961941));
#977 = CARTESIAN_POINT('',(1757.3336945519854,746.49881267374747,
    -0.56405072500864173));
#978 = CARTESIAN_POINT('',(1757.3346146603649,746.52867139687214,
    -0.8451833959291033));
#979 = CARTESIAN_POINT('',(1757.3519311924392,746.58153508733449,
    -1.1257853552112309));
#980 = CARTESIAN_POINT('',(1757.3850154336569,746.65737587453179,
    -1.4044624586145844));
#981 = CARTESIAN_POINT('',(1757.4329329496425,746.75629432916287,
    -1.6801344557992308));
#982 = CARTESIAN_POINT('',(1757.4942713414589,746.87859490710127,
    -1.9518819499402169));
#983 = CARTESIAN_POINT('',(1757.567165518167,747.02481049882249,
    -2.218761352792872));
#984 = CARTESIAN_POINT('',(1757.6495861267338,747.195863212532,
    -2.4798396058996279));
#985 = CARTESIAN_POINT('',(1757.7395389044061,747.39346784523877,
    -2.7342257894402668));
#986 = CARTESIAN_POINT('',(1757.8347761966625,747.62061890138159,
    -2.9806959665571715));
#987 = CARTESIAN_POINT('',(1757.9319467149649,747.88155150530883,
    -3.2166207147072394));
#988 = CARTESIAN_POINT('',(1758.0543486307033,748.2706692910217,
    -3.5031205112711774));
#989 = CARTESIAN_POINT('',(1758.0825837002058,748.36486733087679,
    -3.5684289931998778));
#990 = CARTESIAN_POINT('',(1758.1103693436912,748.46264221101433,
    -3.6320882461118722));
#991 = CARTESIAN_POINT('',(1758.1375397219554,748.56408997061294,
    -3.693913430250265));
#992 = CARTESIAN_POINT('',(1758.1639069804658,748.66928477827503,
    -3.7536870401601079));
#993 = CARTESIAN_POINT('',(1758.1892634158853,748.7782779939497,
    -3.8111621042812049));
#994 = CARTESIAN_POINT('',(1758.2133836426262,748.89109723088109,
    -3.8660653845508905));
#995 = CARTESIAN_POINT('',(1758.2360267593629,749.00774541750468,
    -3.9181005759844014));
#996 = CARTESIAN_POINT('',(1758.2569385155907,749.12819985942178,
    -3.966951506289345));
#997 = CARTESIAN_POINT('',(1758.2758534781419,749.25241130128109,
    -4.0122853354409465));
#998 = CARTESIAN_POINT('',(1758.2924971977343,749.38030298874924,
    -4.0537557552924746));
#999 = CARTESIAN_POINT('',(1758.3233935919861,749.66855769314361,
    -4.1354312624776481));
#1000 = CARTESIAN_POINT('',(1758.3366260251714,749.83047726662119,
    -4.1739207290211855));
#1001 = CARTESIAN_POINT('',(1758.3456733982364,749.99686711804907,
    -4.2056194388496717));
#1002 = CARTESIAN_POINT('',(1758.3500466124985,750.16686860033383,
    -4.2298237823944245));
#1003 = CARTESIAN_POINT('',(1758.3493830549476,750.33947289521848,
    -4.2459878735385637));
#1004 = CARTESIAN_POINT('',(1758.3434499057485,750.51356815648796,
    -4.2537297325396892));
#1005 = CARTESIAN_POINT('',(1758.332147445795,750.68798665310317,
    -4.252837469213933));
#1006 = CARTESIAN_POINT('',(1758.3155123641966,750.8615519123714,
    -4.2432754657594742));
#1007 = CARTESIAN_POINT('',(1758.2937210658376,751.03312586313939,
    -4.2251905599934698));
#1008 = CARTESIAN_POINT('',(1758.2670929788726,751.20165597890946,
    -4.1989182281941453));
#1009 = CARTESIAN_POINT('',(1758.236093862268,751.36622242105591,
    -4.1649887682550784));
#1010 = CARTESIAN_POINT('',(1758.1446938867743,751.78663841797265,
    -4.0575452614903167));
#1011 = CARTESIAN_POINT('',(1758.0779091223758,752.0348131548559,
    -3.9723344420590059));
#1012 = CARTESIAN_POINT('',(1758.0034544420002,752.26688133959578,
    -3.8715632531322601));
#1013 = CARTESIAN_POINT('',(1757.923637153277,752.48230215573119,
    -3.7579937067586386));
#1014 = CARTESIAN_POINT('',(1757.8406690546233,752.68131270970844,
    -3.6344239441485895));
#1015 = CARTESIAN_POINT('',(1757.7564369912141,752.86442132510751,
    -3.5033149543135269));
#1016 = CARTESIAN_POINT('',(1757.6723151556448,753.03254382100556,
    -3.3664045844589636));
#1017 = CARTESIAN_POINT('',(1757.5891912286711,753.18701471871043,
    -3.2246820484690897));
#1018 = CARTESIAN_POINT('',(1757.5077125571329,753.32919688737013,
    -3.0787724283194158));
#1019 = CARTESIAN_POINT('',(1757.4285926678306,753.45990470704555,
    -2.9294569504291799));
#1020 = CARTESIAN_POINT('',(1757.3526525177849,753.5793473942673,
    -2.7777311073940356));
#1021 = CARTESIAN_POINT('',(1757.185202135583,753.83195864981417,
    -2.4216945132408321));
#1022 = CARTESIAN_POINT('',(1757.0961302063129,753.95789695294457,
    -2.2156049115153484));
#1023 = CARTESIAN_POINT('',(1757.0141865324053,754.06777893627111,
    -2.0065394971154964));
#1024 = CARTESIAN_POINT('',(1756.9401517640495,754.16301658664565,
    -1.7949712975890266));
#1025 = CARTESIAN_POINT('',(1756.8747241891906,754.24463527256853,
    -1.5809775147371372));
#1026 = CARTESIAN_POINT('',(1756.8186699135204,754.31320325423633,
    -1.3647346293765463));
#1027 = CARTESIAN_POINT('',(1756.7727939413162,754.36900655910824,
    -1.1467713016612109));
#1028 = CARTESIAN_POINT('',(1756.7378250092654,754.41225090778732,
    -0.92788129328868951));
#1029 = CARTESIAN_POINT('',(1756.7142948317608,754.44316348398252,
    -0.70877770717436284));
#1030 = CARTESIAN_POINT('',(1756.7024802226765,754.46195845301406,
    -0.48974890958334533));
#1031 = CARTESIAN_POINT('',(1756.7024643650027,754.46872124231527,
    -0.27075556909733978));
#1032 = CARTESIAN_POINT('',(1756.7143613062062,754.46335770780092,
    -0.052587316086740554));
#1033 = PCURVE('',#336,#1034);
#1034 = DEFINITIONAL_REPRESENTATION('',(#1035),#1039);
#1035 = LINE('',#1036,#1037);
#1036 = CARTESIAN_POINT('',(25.577955662937228,0));
#1037 = VECTOR('',#1038,1);
#1038 = DIRECTION('',(0,1));
#1039 = ( GEOMETRIC_REPRESENTATION_CONTEXT(2) 
PARAMETRIC_REPRESENTATION_CONTEXT() REPRESENTATION_CONTEXT('2D SPACE',''
  ) );
#1040 = PCURVE('',#1041,#1046);
#1041 = CYLINDRICAL_SURFACE('',#1042,4);
#1042 = AXIS2_PLACEMENT_3D('',#1043,#1044,#1045);
#1043 = CARTESIAN_POINT('',(1749.5830860227657,749.87329024944256,
    0.22344449278308254));
#1044 = DIRECTION('',(0.99536101061530968,0.080758499426743124,
    -0.052292669822931986));
#1045 = DIRECTION('',(-0.079331118077607649,0.99643154662716138,
    0.028822674941095024));
#1046 = DEFINITIONAL_REPRESENTATION('',(#1047),#1186);
#1047 = B_SPLINE_CURVE_WITH_KNOTS('',9,(#1048,#1049,#1050,#1051,#1052,
    #1053,#1054,#1055,#1056,#1057,#1058,#1059,#1060,#1061,#1062,#1063,
    #1064,#1065,#1066,#1067,#1068,#1069,#1070,#1071,#1072,#1073,#1074,
    #1075,#1076,#1077,#1078,#1079,#1080,#1081,#1082,#1083,#1084,#1085,
    #1086,#1087,#1088,#1089,#1090,#1091,#1092,#1093,#1094,#1095,#1096,
    #1097,#1098,#1099,#1100,#1101,#1102,#1103,#1104,#1105,#1106,#1107,
    #1108,#1109,#1110,#1111,#1112,#1113,#1114,#1115,#1116,#1117,#1118,
    #1119,#1120,#1121,#1122,#1123,#1124,#1125,#1126,#1127,#1128,#1129,
    #1130,#1131,#1132,#1133,#1134,#1135,#1136,#1137,#1138,#1139,#1140,
    #1141,#1142,#1143,#1144,#1145,#1146,#1147,#1148,#1149,#1150,#1151,
    #1152,#1153,#1154,#1155,#1156,#1157,#1158,#1159,#1160,#1161,#1162,
    #1163,#1164,#1165,#1166,#1167,#1168,#1169,#1170,#1171,#1172,#1173,
    #1174,#1175,#1176,#1177,#1178,#1179,#1180,#1181,#1182,#1183,#1184,
    #1185),.UNSPECIFIED.,.F.,.F.,(10,8,8,8,8,8,8,8,8,8,8,8,8,8,8,8,8,10)
  ,(-1.6254666878082539e-15,0.39965555723339258,0.79931111446678682,
    1.5986222289335752,3.1972444578671522,4.7958666868007294,
    5.5951778012675177,6.3944889157343061,7.9931111446678837,
    9.5917333736014605,12.788977831468614,15.986222289335767,
    17.584844518269342,18.384155632736132,19.183466747202921,
    20.7820889761365,22.380711205070074,25.577955662937228),
  .UNSPECIFIED.);
#1048 = CARTESIAN_POINT('',(3.805289416902724e-14,7.4833147735479537));
#1049 = CARTESIAN_POINT('',(0.0089435130393689041,7.4833147735482122));
#1050 = CARTESIAN_POINT('',(0.017475907631932183,7.4836110674504885));
#1051 = CARTESIAN_POINT('',(0.027153093721987723,7.4842034362804792));
#1052 = CARTESIAN_POINT('',(0.034821666566970076,7.4850915299805409));
#1053 = CARTESIAN_POINT('',(0.044878942069641325,7.486274868672977));
#1054 = CARTESIAN_POINT('',(0.052973985349574162,7.4877528428576454));
#1055 = CARTESIAN_POINT('',(0.062155391461435963,7.4895247130179126));
#1056 = CARTESIAN_POINT('',(0.070969684904159516,7.4915896084051523));
#1057 = CARTESIAN_POINT('',(0.088719056604879901,7.4963034428924207));
#1058 = CARTESIAN_POINT('',(0.097597040483242289,7.4989522638411987));
#1059 = CARTESIAN_POINT('',(0.10647837023020432,7.5018922534098165));
#1060 = CARTESIAN_POINT('',(0.1153632405383859,7.5051224235226188));
#1061 = CARTESIAN_POINT('',(0.12425199295235012,7.5086415330997793));
#1062 = CARTESIAN_POINT('',(0.13314511586868796,7.5124480880748923));
#1063 = CARTESIAN_POINT('',(0.14204324453596501,7.5165403413782927));
#1064 = CARTESIAN_POINT('',(0.15094716105472702,7.5209162929487956));
#1065 = CARTESIAN_POINT('',(0.17767906102312603,7.534888483285739));
#1066 = CARTESIAN_POINT('',(0.19552623020787102,7.545331213616481));
#1067 = CARTESIAN_POINT('',(0.21340356545995467,7.5568878094735696));
#1068 = CARTESIAN_POINT('',(0.2313154140495412,7.5695418500670346));
#1069 = CARTESIAN_POINT('',(0.24926620698941396,7.5832745650845448));
#1070 = CARTESIAN_POINT('',(0.26726045903406437,7.5980648346600148));
#1071 = CARTESIAN_POINT('',(0.28530276868065285,7.6138891894088596));
#1072 = CARTESIAN_POINT('',(0.30339781816824712,7.6307218103978283));
#1073 = CARTESIAN_POINT('',(0.35785548409829981,7.6841599666972016));
#1074 = CARTESIAN_POINT('',(0.39439281033020174,7.7237056594166411));
#1075 = CARTESIAN_POINT('',(0.43120251134058896,7.7669586215037345));
#1076 = CARTESIAN_POINT('',(0.46833638370833414,7.8136856232450578));
#1077 = CARTESIAN_POINT('',(0.50585786142376732,7.8636331910051291));
#1078 = CARTESIAN_POINT('',(0.54384201588976333,7.9165276072664543));
#1079 = CARTESIAN_POINT('',(0.58237555592061352,7.9720749105849027));
#1080 = CARTESIAN_POINT('',(0.62155682774294485,8.0299608956286388));
#1081 = CARTESIAN_POINT('',(0.70143480224728849,8.1497413306742796));
#1082 = CARTESIAN_POINT('',(0.74214520618674384,8.2116462225663529));
#1083 = CARTESIAN_POINT('',(0.78370377666834989,8.2751608690539182));
#1084 = CARTESIAN_POINT('',(0.82623839522262743,8.3398908008084653));
#1085 = CARTESIAN_POINT('',(0.8699068511577196,8.405392943052048));
#1086 = CARTESIAN_POINT('',(0.91487561766654535,8.4711165597566183));
#1087 = CARTESIAN_POINT('',(0.96129862792740739,8.5363441977270593));
#1088 = CARTESIAN_POINT('',(1.0092960512110218,8.6001326307966934));
#1089 = CARTESIAN_POINT('',(1.0837515778684927,8.6918143905085845));
#1090 = CARTESIAN_POINT('',(1.1089828066325575,8.7217117241192739));
#1091 = CARTESIAN_POINT('',(1.1346326282296477,8.750802012450082));
#1092 = CARTESIAN_POINT('',(1.160708799399458,8.7789254312695011));
#1093 = CARTESIAN_POINT('',(1.1872194455561911,8.8059097418307957));
#1094 = CARTESIAN_POINT('',(1.2141715456699405,8.8315739082073073));
#1095 = CARTESIAN_POINT('',(1.2415694171587777,8.8557317147043833));
#1096 = CARTESIAN_POINT('',(1.2694132007699395,8.8781953831969762));
#1097 = CARTESIAN_POINT('',(1.3259814901695153,8.9193629978500102));
#1098 = CARTESIAN_POINT('',(1.3546931961592947,8.9380521279502823));
#1099 = CARTESIAN_POINT('',(1.3837812098098765,8.9545990351513414));
#1100 = CARTESIAN_POINT('',(1.4131913408210577,8.968794818928826));
#1101 = CARTESIAN_POINT('',(1.4428664622224476,8.9804692239167103));
#1102 = CARTESIAN_POINT('',(1.4727465103726205,8.9894906398938321));
#1103 = CARTESIAN_POINT('',(1.5027684849597049,8.995766101798397));
#1104 = CARTESIAN_POINT('',(1.5328664490011308,8.9992412897156946));
#1105 = CARTESIAN_POINT('',(1.6231816885287453,9.0012190072271281));
#1106 = CARTESIAN_POINT('',(1.6834460313482653,8.9912959676172193));
#1107 = CARTESIAN_POINT('',(1.7431406730384826,8.9700358262336319));
#1108 = CARTESIAN_POINT('',(1.8020345027582454,8.9378730558884989));
#1109 = CARTESIAN_POINT('',(1.8593071093844238,8.8967912119957688));
#1110 = CARTESIAN_POINT('',(1.9146182949723061,8.8486994600271185));
#1111 = CARTESIAN_POINT('',(1.9682367642167558,8.7949277599458213));
#1112 = CARTESIAN_POINT('',(2.0200625653997033,8.7371349617038607));
#1113 = CARTESIAN_POINT('',(2.1203471245657037,8.6157793676328467));
#1114 = CARTESIAN_POINT('',(2.1688143109424947,8.5522128470311287));
#1115 = CARTESIAN_POINT('',(2.215650808877097,8.4870342249082249));
#1116 = CARTESIAN_POINT('',(2.2610297817427241,8.4211544633367019));
#1117 = CARTESIAN_POINT('',(2.305138102650679,8.3552869786592883));
#1118 = CARTESIAN_POINT('',(2.348116735874977,8.2900486095941996));
#1119 = CARTESIAN_POINT('',(2.390056548590866,8.2259934392788807));
#1120 = CARTESIAN_POINT('',(2.4310495529084855,8.1635794711682195));
#1121 = CARTESIAN_POINT('',(2.5517876288339219,7.9820455342498038));
#1122 = CARTESIAN_POINT('',(2.6292411751286502,7.8687077393099267));
#1123 = CARTESIAN_POINT('',(2.7041561207603464,7.7664644232619784));
#1124 = CARTESIAN_POINT('',(2.7777277930851065,7.6769295431902611));
#1125 = CARTESIAN_POINT('',(2.8504811856769665,7.6021196794496229));
#1126 = CARTESIAN_POINT('',(2.9224105473988993,7.544330309141408));
#1127 = CARTESIAN_POINT('',(2.9936743697229158,7.5050999564893592));
#1128 = CARTESIAN_POINT('',(3.064895823915645,7.4846721387067952));
#1129 = CARTESIAN_POINT('',(3.2073415756630772,7.4820579136384415));
#1130 = CARTESIAN_POINT('',(3.2785478136449138,7.4998124907040165));
#1131 = CARTESIAN_POINT('',(3.3499805190626093,7.5367792634864763));
#1132 = CARTESIAN_POINT('',(3.4218406896497204,7.5921864542584681));
#1133 = CARTESIAN_POINT('',(3.4943604213223147,7.6646552147756655));
#1134 = CARTESIAN_POINT('',(3.5678666423842249,7.7524118632006722));
#1135 = CARTESIAN_POINT('',(3.6428353761470533,7.8533971445536528));
#1136 = CARTESIAN_POINT('',(3.7199365319779458,7.9652725147589436));
#1137 = CARTESIAN_POINT('',(3.8401355711590641,8.1453489149708744));
#1138 = CARTESIAN_POINT('',(3.8809667672230175,8.2074175018605597));
#1139 = CARTESIAN_POINT('',(3.9226609287289209,8.271151809090588));
#1140 = CARTESIAN_POINT('',(3.9653490124573065,8.3361573997724587));
#1141 = CARTESIAN_POINT('',(4.0091808764053445,8.4019743885496929));
#1142 = CARTESIAN_POINT('',(4.0543113400170592,8.4680290302031018));
#1143 = CARTESIAN_POINT('',(4.1008862443844869,8.5335853082602853));
#1144 = CARTESIAN_POINT('',(4.1490285124787709,8.5976965236010603));
#1145 = CARTESIAN_POINT('',(4.2237220577952375,8.6898870627974514));
#1146 = CARTESIAN_POINT('',(4.2490341812833918,8.7199538176946714));
#1147 = CARTESIAN_POINT('',(4.2747652971556818,8.7492111974657512));
#1148 = CARTESIAN_POINT('',(4.3009237224369388,8.7774989394932117));
#1149 = CARTESIAN_POINT('',(4.3275191562089086,8.804645171740475));
#1150 = CARTESIAN_POINT('',(4.3545604620139056,8.8304691157213657));
#1151 = CARTESIAN_POINT('',(4.3820534502130473,8.8547837893899004));
#1152 = CARTESIAN_POINT('',(4.4099986603888013,8.8773987101098868));
#1153 = CARTESIAN_POINT('',(4.4667796270374609,8.9188464850131002));
#1154 = CARTESIAN_POINT('',(4.495602475480446,8.9376659121213304));
#1155 = CARTESIAN_POINT('',(4.5248059186957219,8.9543294251310765));
#1156 = CARTESIAN_POINT('',(4.5543351787861797,8.9686248517315121));
#1157 = CARTESIAN_POINT('',(4.5841324702859776,8.9803793010133948));
#1158 = CARTESIAN_POINT('',(4.6141370001856261,8.9894591635297338));
#1159 = CARTESIAN_POINT('',(4.6442849679050333,8.9957701112294703));
#1160 = CARTESIAN_POINT('',(4.6745095653161233,8.9992570975139135));
#1161 = CARTESIAN_POINT('',(4.7652037995518928,9.0011988765709265));
#1162 = CARTESIAN_POINT('',(4.825720007804895,8.9911577925212676));
#1163 = CARTESIAN_POINT('',(4.8856577983960099,8.9696820406948223));
#1164 = CARTESIAN_POINT('',(4.9447852555191698,8.937224215963921));
#1165 = CARTESIAN_POINT('',(5.0022660407065853,8.8957985969210078));
#1166 = CARTESIAN_POINT('',(5.0577626415137509,8.8473382694436058));
#1167 = CARTESIAN_POINT('',(5.111558895518999,8.7931878600457036));
#1168 = CARTESIAN_POINT('',(5.163544587741236,8.7350226105252524));
#1169 = CARTESIAN_POINT('',(5.2641274135668974,8.6129508806992714));
#1170 = CARTESIAN_POINT('',(5.3127316051576914,8.549041545464128));
#1171 = CARTESIAN_POINT('',(5.3596971143958996,8.4835422910037668));
#1172 = CARTESIAN_POINT('',(5.4051996360316146,8.417368935478736));
#1173 = CARTESIAN_POINT('',(5.4494273853154374,8.3512387837332263));
#1174 = CARTESIAN_POINT('',(5.4925220421299681,8.2857720310092269));
#1175 = CARTESIAN_POINT('',(5.5345752744825676,8.2215253506539501));
#1176 = CARTESIAN_POINT('',(5.5756808414090893,8.158957665928364));
#1177 = CARTESIAN_POINT('',(5.6967651429327111,7.9770689856203632));
#1178 = CARTESIAN_POINT('',(5.7744385438612289,7.8636602958706234));
#1179 = CARTESIAN_POINT('',(5.8496000714985712,7.7615187092694482));
#1180 = CARTESIAN_POINT('',(5.923418672608654,7.6722596064940234));
#1181 = CARTESIAN_POINT('',(5.9964210819660231,7.5979397810389848));
#1182 = CARTESIAN_POINT('',(6.0686181730976774,7.5408899823966049));
#1183 = CARTESIAN_POINT('',(6.1401586122787561,7.5026244729286518));
#1184 = CARTESIAN_POINT('',(6.211637202865238,7.4833147735483321));
#1185 = CARTESIAN_POINT('',(6.2831853071796218,7.4833147735477743));
#1186 = ( GEOMETRIC_REPRESENTATION_CONTEXT(2) 
PARAMETRIC_REPRESENTATION_CONTEXT() REPRESENTATION_CONTEXT('2D SPACE',''
  ) );
#1187 = ORIENTED_EDGE('',*,*,#864,.F.);
#1188 = ORIENTED_EDGE('',*,*,#21,.F.);
#1189 = ADVANCED_FACE('',(#1190),#849,.F.);
#1190 = FACE_BOUND('',#1191,.T.);
#1191 = EDGE_LOOP('',(#1192));
#1192 = ORIENTED_EDGE('',*,*,#834,.F.);
#1193 = ADVANCED_FACE('',(#1194),#821,.T.);
#1194 = FACE_BOUND('',#1195,.T.);
#1195 = EDGE_LOOP('',(#1196));
#1196 = ORIENTED_EDGE('',*,*,#806,.T.);
#1197 = ADVANCED_FACE('',(#1198),#1041,.T.);
#1198 = FACE_BOUND('',#1199,.T.);
#1199 = EDGE_LOOP('',(#1200,#1223,#1250,#1251));
#1200 = ORIENTED_EDGE('',*,*,#1201,.T.);
#1201 = EDGE_CURVE('',#865,#1202,#1204,.T.);
#1202 = VERTEX_POINT('',#1203);
#1203 = CARTESIAN_POINT('',(1765.1915377203002,755.15115242677905,
    -0.49794752461945008));
#1204 = SEAM_CURVE('',#1205,(#1209,#1216),.PCURVE_S1.);
#1205 = LINE('',#1206,#1207);
#1206 = CARTESIAN_POINT('',(1749.2657615504552,753.85901643595116,
    0.33873519254746171));
#1207 = VECTOR('',#1208,1);
#1208 = DIRECTION('',(0.99536101061530968,0.080758499426743124,
    -0.052292669822931986));
#1209 = PCURVE('',#1041,#1210);
#1210 = DEFINITIONAL_REPRESENTATION('',(#1211),#1215);
#1211 = LINE('',#1212,#1213);
#1212 = CARTESIAN_POINT('',(6.2831853071795862,-0));
#1213 = VECTOR('',#1214,1);
#1214 = DIRECTION('',(0,1));
#1215 = ( GEOMETRIC_REPRESENTATION_CONTEXT(2) 
PARAMETRIC_REPRESENTATION_CONTEXT() REPRESENTATION_CONTEXT('2D SPACE',''
  ) );
#1216 = PCURVE('',#1041,#1217);
#1217 = DEFINITIONAL_REPRESENTATION('',(#1218),#1222);
#1218 = LINE('',#1219,#1220);
#1219 = CARTESIAN_POINT('',(0,-0));
#1220 = VECTOR('',#1221,1);
#1221 = DIRECTION('',(0,1));
#1222 = ( GEOMETRIC_REPRESENTATION_CONTEXT(2) 
PARAMETRIC_REPRESENTATION_CONTEXT() REPRESENTATION_CONTEXT('2D SPACE',''
  ) );
#1223 = ORIENTED_EDGE('',*,*,#1224,.F.);
#1224 = EDGE_CURVE('',#1202,#1202,#1225,.T.);
#1225 = SURFACE_CURVE('',#1226,(#1231,#1238),.PCURVE_S1.);
#1226 = CIRCLE('',#1227,4);
#1227 = AXIS2_PLACEMENT_3D('',#1228,#1229,#1230);
#1228 = CARTESIAN_POINT('',(1765.5088621926106,751.16542624027045,
    -0.61323822438382924));
#1229 = DIRECTION('',(0.99536101061530968,0.080758499426743138,
    -0.052292669822931986));
#1230 = DIRECTION('',(-0.079331118077607649,0.99643154662716138,
    0.028822674941095028));
#1231 = PCURVE('',#1041,#1232);
#1232 = DEFINITIONAL_REPRESENTATION('',(#1233),#1237);
#1233 = LINE('',#1234,#1235);
#1234 = CARTESIAN_POINT('',(0,16));
#1235 = VECTOR('',#1236,1);
#1236 = DIRECTION('',(1,0));
#1237 = ( GEOMETRIC_REPRESENTATION_CONTEXT(2) 
PARAMETRIC_REPRESENTATION_CONTEXT() REPRESENTATION_CONTEXT('2D SPACE',''
  ) );
#1238 = PCURVE('',#1239,#1244);
#1239 = PLANE('',#1240);
#1240 = AXIS2_PLACEMENT_3D('',#1241,#1242,#1243);
#1241 = CARTESIAN_POINT('',(1765.5088621926106,751.16542624027045,
    -0.61323822438382924));
#1242 = DIRECTION('',(0.99536101061530968,0.080758499426743124,
    -0.052292669822931986));
#1243 = DIRECTION('',(-0.079331118077607649,0.99643154662716138,
    0.028822674941095024));
#1244 = DEFINITIONAL_REPRESENTATION('',(#1245),#1249);
#1245 = CIRCLE('',#1246,4);
#1246 = AXIS2_PLACEMENT_2D('',#1247,#1248);
#1247 = CARTESIAN_POINT('',(0,0));
#1248 = DIRECTION('',(1,0));
#1249 = ( GEOMETRIC_REPRESENTATION_CONTEXT(2) 
PARAMETRIC_REPRESENTATION_CONTEXT() REPRESENTATION_CONTEXT('2D SPACE',''
  ) );
#1250 = ORIENTED_EDGE('',*,*,#1201,.F.);
#1251 = ORIENTED_EDGE('',*,*,#885,.T.);
#1252 = ADVANCED_FACE('',(#1253),#1239,.T.);
#1253 = FACE_BOUND('',#1254,.T.);
#1254 = EDGE_LOOP('',(#1255));
#1255 = ORIENTED_EDGE('',*,*,#1224,.T.);
#1256 = ( GEOMETRIC_REPRESENTATION_CONTEXT(3) 
GLOBAL_UNCERTAINTY_ASSIGNED_CONTEXT((#1260)) 
GLOBAL_UNIT_ASSIGNED_CONTEXT((#1257,#1258,#1259)) REPRESENTATION_CONTEXT
('Context #1','3D Context with UNIT and UNCERTAINTY') );
#1257 = ( LENGTH_UNIT() NAMED_UNIT(*) SI_UNIT(.MILLI.,.METRE.) );
#1258 = ( NAMED_UNIT(*) PLANE_ANGLE_UNIT() SI_UNIT($,.RADIAN.) );
#1259 = ( NAMED_UNIT(*) SI_UNIT($,.STERADIAN.) SOLID_ANGLE_UNIT() );
#1260 = UNCERTAINTY_MEASURE_WITH_UNIT(LENGTH_MEASURE(
    5.0000000000000002e-05),#1257,'distance_accuracy_value',
  'confusion accuracy');
#1261 = PRODUCT_RELATED_PRODUCT_CATEGORY('part',$,(#7));
ENDSEC;
END-ISO-10303-21;
