ISO-10303-21;
HEADER;
/* Generated by software containing ST-Developer
 * from STEP Tools, Inc. (www.steptools.com) 
 */
/* OPTION: using custom renumber hook */

FILE_DESCRIPTION(
/* description */ ('STEP AP214',
'CAx-IF Rec.Pracs.---User Defined Attributes---1.5---2016-08-15'),
/* implementation_level */ '2;1');

FILE_NAME(
/* name */ '6ac211020e7ce41d8afa4c00',
/* time_stamp */ '2026-10-04T08:40:35Z',
/* author */ (''),
/* organization */ (''),
/* preprocessor_version */ 'ST-DEVELOPER v20',
/* originating_system */ 'ONSHAPE BY PTC INC, 1.221',
/* authorisation */ '  ');

FILE_SCHEMA (('AUTOMOTIVE_DESIGN {1 0 10303 214 3 1 1}'));
ENDSEC;

DATA;
#10=PROPERTY_DEFINITION_REPRESENTATION(#14,#12);
#11=PROPERTY_DEFINITION_REPRESENTATION(#15,#13);
#12=REPRESENTATION('',(#16),#4963);
#13=REPRESENTATION('',(#17),#4963);
#14=PROPERTY_DEFINITION('pmi validation property','',#5003);
#15=PROPERTY_DEFINITION('pmi validation property','',#5003);
#16=VALUE_REPRESENTATION_ITEM('number of annotations',COUNT_MEASURE(0.));
#17=VALUE_REPRESENTATION_ITEM('number of views',COUNT_MEASURE(0.));
#18=CONICAL_SURFACE('',#2876,0.006,0.785398163397448);
#19=CYLINDRICAL_SURFACE('',#2838,0.002);
#20=CYLINDRICAL_SURFACE('',#2840,0.00200000000000033);
#21=CYLINDRICAL_SURFACE('',#2845,0.00400000000000012);
#22=CYLINDRICAL_SURFACE('',#2859,0.002);
#23=CYLINDRICAL_SURFACE('',#2874,0.002);
#24=CYLINDRICAL_SURFACE('',#2878,0.00199999999999976);
#25=CYLINDRICAL_SURFACE('',#2883,0.00399999999999952);
#26=CYLINDRICAL_SURFACE('',#2889,0.0101249999999999);
#27=CYLINDRICAL_SURFACE('',#2893,0.0135000000000008);
#28=CYLINDRICAL_SURFACE('',#2897,0.010125);
#29=CYLINDRICAL_SURFACE('',#2901,0.0134999999999996);
#30=CYLINDRICAL_SURFACE('',#2905,0.0101250000000008);
#31=CYLINDRICAL_SURFACE('',#2909,0.0135);
#32=CYLINDRICAL_SURFACE('',#2913,0.010125);
#33=CYLINDRICAL_SURFACE('',#2917,0.0134999999999985);
#34=CYLINDRICAL_SURFACE('',#2921,0.010125);
#35=CYLINDRICAL_SURFACE('',#2925,0.0135000000000007);
#36=CYLINDRICAL_SURFACE('',#2929,0.010125);
#37=CYLINDRICAL_SURFACE('',#2933,0.0135000000000006);
#38=CYLINDRICAL_SURFACE('',#2937,0.0101250000000001);
#39=CYLINDRICAL_SURFACE('',#2941,0.013500000000002);
#40=CYLINDRICAL_SURFACE('',#2945,0.010125);
#41=CYLINDRICAL_SURFACE('',#2949,0.0134999999999987);
#42=CYLINDRICAL_SURFACE('',#2953,0.0101250000000002);
#43=CYLINDRICAL_SURFACE('',#2957,0.0135000000000009);
#44=CYLINDRICAL_SURFACE('',#2961,0.010125);
#45=CYLINDRICAL_SURFACE('',#2965,0.0134999999999985);
#46=CYLINDRICAL_SURFACE('',#2969,0.010125);
#47=CYLINDRICAL_SURFACE('',#2973,0.0134999999999951);
#48=CYLINDRICAL_SURFACE('',#2977,0.010125);
#49=CYLINDRICAL_SURFACE('',#2981,0.0135000000000008);
#50=CYLINDRICAL_SURFACE('',#2985,0.0101249999999999);
#51=CYLINDRICAL_SURFACE('',#2989,0.0135000000000009);
#52=CYLINDRICAL_SURFACE('',#2993,0.0101249999999999);
#53=CYLINDRICAL_SURFACE('',#2997,0.0135000000000007);
#54=CYLINDRICAL_SURFACE('',#3001,0.010125);
#55=CYLINDRICAL_SURFACE('',#3005,0.0135000000000014);
#56=CYLINDRICAL_SURFACE('',#3009,0.0101250000000007);
#57=CYLINDRICAL_SURFACE('',#3013,0.0135000000000005);
#58=CYLINDRICAL_SURFACE('',#3021,0.006);
#59=CYLINDRICAL_SURFACE('',#3025,0.0025);
#60=CIRCLE('',#2832,0.002);
#61=CIRCLE('',#2835,0.002);
#62=CIRCLE('',#2841,0.00200000000000033);
#63=CIRCLE('',#2842,0.00200000000000033);
#64=CIRCLE('',#2844,0.00400000000000012);
#65=CIRCLE('',#2846,0.00400000000000012);
#66=CIRCLE('',#2856,0.002);
#67=CIRCLE('',#2858,0.002);
#68=CIRCLE('',#2871,0.004);
#69=CIRCLE('',#2873,0.002);
#70=CIRCLE('',#2875,0.002);
#71=CIRCLE('',#2879,0.00199999999999976);
#72=CIRCLE('',#2880,0.00199999999999976);
#73=CIRCLE('',#2882,0.00399999999999952);
#74=CIRCLE('',#2884,0.00399999999999952);
#75=CIRCLE('',#2890,0.0101249999999999);
#76=CIRCLE('',#2891,0.0101249999999999);
#77=CIRCLE('',#2894,0.0135000000000008);
#78=CIRCLE('',#2895,0.0135000000000008);
#79=CIRCLE('',#2898,0.010125);
#80=CIRCLE('',#2899,0.010125);
#81=CIRCLE('',#2902,0.0134999999999996);
#82=CIRCLE('',#2903,0.0134999999999996);
#83=CIRCLE('',#2906,0.0101250000000008);
#84=CIRCLE('',#2907,0.0101250000000008);
#85=CIRCLE('',#2910,0.0135);
#86=CIRCLE('',#2911,0.0135);
#87=CIRCLE('',#2914,0.010125);
#88=CIRCLE('',#2915,0.010125);
#89=CIRCLE('',#2918,0.0134999999999985);
#90=CIRCLE('',#2919,0.0134999999999985);
#91=CIRCLE('',#2922,0.010125);
#92=CIRCLE('',#2923,0.010125);
#93=CIRCLE('',#2926,0.0135000000000007);
#94=CIRCLE('',#2927,0.0135000000000007);
#95=CIRCLE('',#2930,0.010125);
#96=CIRCLE('',#2931,0.010125);
#97=CIRCLE('',#2934,0.0135000000000006);
#98=CIRCLE('',#2935,0.0135000000000006);
#99=CIRCLE('',#2938,0.0101250000000001);
#100=CIRCLE('',#2939,0.0101250000000001);
#101=CIRCLE('',#2942,0.013500000000002);
#102=CIRCLE('',#2943,0.013500000000002);
#103=CIRCLE('',#2946,0.010125);
#104=CIRCLE('',#2947,0.010125);
#105=CIRCLE('',#2950,0.0134999999999987);
#106=CIRCLE('',#2951,0.0134999999999987);
#107=CIRCLE('',#2954,0.0101250000000002);
#108=CIRCLE('',#2955,0.0101250000000002);
#109=CIRCLE('',#2958,0.0135000000000009);
#110=CIRCLE('',#2959,0.0135000000000009);
#111=CIRCLE('',#2962,0.010125);
#112=CIRCLE('',#2963,0.010125);
#113=CIRCLE('',#2966,0.0134999999999985);
#114=CIRCLE('',#2967,0.0134999999999985);
#115=CIRCLE('',#2970,0.010125);
#116=CIRCLE('',#2971,0.010125);
#117=CIRCLE('',#2974,0.0134999999999951);
#118=CIRCLE('',#2975,0.0134999999999951);
#119=CIRCLE('',#2978,0.010125);
#120=CIRCLE('',#2979,0.010125);
#121=CIRCLE('',#2982,0.0135000000000008);
#122=CIRCLE('',#2983,0.0135000000000008);
#123=CIRCLE('',#2986,0.0101249999999999);
#124=CIRCLE('',#2987,0.0101249999999999);
#125=CIRCLE('',#2990,0.0135000000000009);
#126=CIRCLE('',#2991,0.0135000000000009);
#127=CIRCLE('',#2994,0.0101249999999999);
#128=CIRCLE('',#2995,0.0101249999999999);
#129=CIRCLE('',#2998,0.0135000000000007);
#130=CIRCLE('',#2999,0.0135000000000007);
#131=CIRCLE('',#3002,0.010125);
#132=CIRCLE('',#3003,0.010125);
#133=CIRCLE('',#3006,0.0135000000000014);
#134=CIRCLE('',#3007,0.0135000000000014);
#135=CIRCLE('',#3010,0.0101250000000007);
#136=CIRCLE('',#3011,0.0101250000000007);
#137=CIRCLE('',#3014,0.0135000000000005);
#138=CIRCLE('',#3015,0.0135000000000005);
#139=CIRCLE('',#3018,0.006);
#140=CIRCLE('',#3020,0.0025);
#141=CIRCLE('',#3022,0.006);
#142=CIRCLE('',#3024,0.0025);
#143=SHAPE_REPRESENTATION_RELATIONSHIP('','',#2811,#151);
#144=SHAPE_REPRESENTATION_RELATIONSHIP('','',#2812,#152);
#145=SHAPE_REPRESENTATION_RELATIONSHIP('','',#2813,#153);
#146=SHAPE_REPRESENTATION_RELATIONSHIP('','',#2814,#154);
#147=SHAPE_REPRESENTATION_RELATIONSHIP('','',#2815,#155);
#148=SHAPE_REPRESENTATION_RELATIONSHIP('','',#2816,#156);
#149=SHAPE_REPRESENTATION_RELATIONSHIP('','',#2817,#157);
#150=SHAPE_REPRESENTATION_RELATIONSHIP('','',#2818,#158);
#151=ADVANCED_BREP_SHAPE_REPRESENTATION('',(#2795),#4956);
#152=ADVANCED_BREP_SHAPE_REPRESENTATION('',(#2796),#4957);
#153=ADVANCED_BREP_SHAPE_REPRESENTATION('',(#2797),#4958);
#154=ADVANCED_BREP_SHAPE_REPRESENTATION('',(#2798),#4959);
#155=ADVANCED_BREP_SHAPE_REPRESENTATION('',(#2799),#4960);
#156=ADVANCED_BREP_SHAPE_REPRESENTATION('',(#2800),#4961);
#157=ADVANCED_BREP_SHAPE_REPRESENTATION('',(#2801),#4962);
#158=ADVANCED_BREP_SHAPE_REPRESENTATION('',(#2802),#4963);
#159=PLANE('',#2820);
#160=PLANE('',#2821);
#161=PLANE('',#2822);
#162=PLANE('',#2824);
#163=PLANE('',#2825);
#164=PLANE('',#2826);
#165=PLANE('',#2827);
#166=PLANE('',#2828);
#167=PLANE('',#2830);
#168=PLANE('',#2831);
#169=PLANE('',#2833);
#170=PLANE('',#2834);
#171=PLANE('',#2836);
#172=PLANE('',#2837);
#173=PLANE('',#2843);
#174=PLANE('',#2847);
#175=PLANE('',#2848);
#176=PLANE('',#2849);
#177=PLANE('',#2851);
#178=PLANE('',#2852);
#179=PLANE('',#2853);
#180=PLANE('',#2854);
#181=PLANE('',#2855);
#182=PLANE('',#2857);
#183=PLANE('',#2860);
#184=PLANE('',#2861);
#185=PLANE('',#2862);
#186=PLANE('',#2863);
#187=PLANE('',#2864);
#188=PLANE('',#2866);
#189=PLANE('',#2867);
#190=PLANE('',#2868);
#191=PLANE('',#2869);
#192=PLANE('',#2870);
#193=PLANE('',#2872);
#194=PLANE('',#2881);
#195=PLANE('',#2885);
#196=PLANE('',#2886);
#197=PLANE('',#2887);
#198=PLANE('',#2892);
#199=PLANE('',#2896);
#200=PLANE('',#2900);
#201=PLANE('',#2904);
#202=PLANE('',#2908);
#203=PLANE('',#2912);
#204=PLANE('',#2916);
#205=PLANE('',#2920);
#206=PLANE('',#2924);
#207=PLANE('',#2928);
#208=PLANE('',#2932);
#209=PLANE('',#2936);
#210=PLANE('',#2940);
#211=PLANE('',#2944);
#212=PLANE('',#2948);
#213=PLANE('',#2952);
#214=PLANE('',#2956);
#215=PLANE('',#2960);
#216=PLANE('',#2964);
#217=PLANE('',#2968);
#218=PLANE('',#2972);
#219=PLANE('',#2976);
#220=PLANE('',#2980);
#221=PLANE('',#2984);
#222=PLANE('',#2988);
#223=PLANE('',#2992);
#224=PLANE('',#2996);
#225=PLANE('',#3000);
#226=PLANE('',#3004);
#227=PLANE('',#3008);
#228=PLANE('',#3012);
#229=PLANE('',#3016);
#230=PLANE('',#3017);
#231=PLANE('',#3019);
#232=PLANE('',#3023);
#233=LINE('',#3694,#471);
#234=LINE('',#3702,#472);
#235=LINE('',#3704,#473);
#236=LINE('',#3705,#474);
#237=LINE('',#3710,#475);
#238=LINE('',#3713,#476);
#239=LINE('',#3715,#477);
#240=LINE('',#3717,#478);
#241=LINE('',#3719,#479);
#242=LINE('',#3721,#480);
#243=LINE('',#3723,#481);
#244=LINE('',#3749,#482);
#245=LINE('',#3760,#483);
#246=LINE('',#3761,#484);
#247=LINE('',#3766,#485);
#248=LINE('',#3769,#486);
#249=LINE('',#3771,#487);
#250=LINE('',#3773,#488);
#251=LINE('',#3777,#489);
#252=LINE('',#3779,#490);
#253=LINE('',#3781,#491);
#254=LINE('',#3783,#492);
#255=LINE('',#3785,#493);
#256=LINE('',#3787,#494);
#257=LINE('',#3791,#495);
#258=LINE('',#3792,#496);
#259=LINE('',#3801,#497);
#260=LINE('',#3805,#498);
#261=LINE('',#3810,#499);
#262=LINE('',#3811,#500);
#263=LINE('',#3816,#501);
#264=LINE('',#3817,#502);
#265=LINE('',#3819,#503);
#266=LINE('',#3820,#504);
#267=LINE('',#3825,#505);
#268=LINE('',#3828,#506);
#269=LINE('',#3830,#507);
#270=LINE('',#3832,#508);
#271=LINE('',#3834,#509);
#272=LINE('',#3836,#510);
#273=LINE('',#3838,#511);
#274=LINE('',#3840,#512);
#275=LINE('',#3842,#513);
#276=LINE('',#3844,#514);
#277=LINE('',#3846,#515);
#278=LINE('',#3847,#516);
#279=LINE('',#3849,#517);
#280=LINE('',#3852,#518);
#281=LINE('',#3854,#519);
#282=LINE('',#3856,#520);
#283=LINE('',#3864,#521);
#284=LINE('',#3866,#522);
#285=LINE('',#3868,#523);
#286=LINE('',#3870,#524);
#287=LINE('',#3872,#525);
#288=LINE('',#3874,#526);
#289=LINE('',#3876,#527);
#290=LINE('',#3878,#528);
#291=LINE('',#3882,#529);
#292=LINE('',#3885,#530);
#293=LINE('',#3887,#531);
#294=LINE('',#3889,#532);
#295=LINE('',#3891,#533);
#296=LINE('',#3893,#534);
#297=LINE('',#3895,#535);
#298=LINE('',#3897,#536);
#299=LINE('',#3899,#537);
#300=LINE('',#3901,#538);
#301=LINE('',#3903,#539);
#302=LINE('',#3904,#540);
#303=LINE('',#3920,#541);
#304=LINE('',#3924,#542);
#305=LINE('',#3929,#543);
#306=LINE('',#3930,#544);
#307=LINE('',#3935,#545);
#308=LINE('',#3936,#546);
#309=LINE('',#3938,#547);
#310=LINE('',#3939,#548);
#311=LINE('',#3947,#549);
#312=LINE('',#3951,#550);
#313=LINE('',#3953,#551);
#314=LINE('',#3955,#552);
#315=LINE('',#3957,#553);
#316=LINE('',#3971,#554);
#317=LINE('',#3980,#555);
#318=LINE('',#3996,#556);
#319=LINE('',#4003,#557);
#320=LINE('',#4005,#558);
#321=LINE('',#4007,#559);
#322=LINE('',#4011,#560);
#323=LINE('',#4015,#561);
#324=LINE('',#4017,#562);
#325=LINE('',#4019,#563);
#326=LINE('',#4033,#564);
#327=LINE('',#4042,#565);
#328=LINE('',#4058,#566);
#329=LINE('',#4065,#567);
#330=LINE('',#4067,#568);
#331=LINE('',#4069,#569);
#332=LINE('',#4073,#570);
#333=LINE('',#4077,#571);
#334=LINE('',#4079,#572);
#335=LINE('',#4081,#573);
#336=LINE('',#4095,#574);
#337=LINE('',#4104,#575);
#338=LINE('',#4120,#576);
#339=LINE('',#4127,#577);
#340=LINE('',#4129,#578);
#341=LINE('',#4131,#579);
#342=LINE('',#4135,#580);
#343=LINE('',#4139,#581);
#344=LINE('',#4141,#582);
#345=LINE('',#4143,#583);
#346=LINE('',#4157,#584);
#347=LINE('',#4166,#585);
#348=LINE('',#4182,#586);
#349=LINE('',#4189,#587);
#350=LINE('',#4191,#588);
#351=LINE('',#4193,#589);
#352=LINE('',#4197,#590);
#353=LINE('',#4201,#591);
#354=LINE('',#4203,#592);
#355=LINE('',#4205,#593);
#356=LINE('',#4219,#594);
#357=LINE('',#4228,#595);
#358=LINE('',#4244,#596);
#359=LINE('',#4251,#597);
#360=LINE('',#4253,#598);
#361=LINE('',#4255,#599);
#362=LINE('',#4259,#600);
#363=LINE('',#4263,#601);
#364=LINE('',#4265,#602);
#365=LINE('',#4267,#603);
#366=LINE('',#4281,#604);
#367=LINE('',#4290,#605);
#368=LINE('',#4306,#606);
#369=LINE('',#4313,#607);
#370=LINE('',#4315,#608);
#371=LINE('',#4317,#609);
#372=LINE('',#4321,#610);
#373=LINE('',#4325,#611);
#374=LINE('',#4327,#612);
#375=LINE('',#4329,#613);
#376=LINE('',#4343,#614);
#377=LINE('',#4352,#615);
#378=LINE('',#4368,#616);
#379=LINE('',#4375,#617);
#380=LINE('',#4377,#618);
#381=LINE('',#4379,#619);
#382=LINE('',#4383,#620);
#383=LINE('',#4387,#621);
#384=LINE('',#4389,#622);
#385=LINE('',#4391,#623);
#386=LINE('',#4405,#624);
#387=LINE('',#4414,#625);
#388=LINE('',#4430,#626);
#389=LINE('',#4437,#627);
#390=LINE('',#4439,#628);
#391=LINE('',#4441,#629);
#392=LINE('',#4445,#630);
#393=LINE('',#4449,#631);
#394=LINE('',#4451,#632);
#395=LINE('',#4453,#633);
#396=LINE('',#4467,#634);
#397=LINE('',#4476,#635);
#398=LINE('',#4492,#636);
#399=LINE('',#4499,#637);
#400=LINE('',#4501,#638);
#401=LINE('',#4503,#639);
#402=LINE('',#4507,#640);
#403=LINE('',#4511,#641);
#404=LINE('',#4513,#642);
#405=LINE('',#4515,#643);
#406=LINE('',#4529,#644);
#407=LINE('',#4538,#645);
#408=LINE('',#4554,#646);
#409=LINE('',#4561,#647);
#410=LINE('',#4563,#648);
#411=LINE('',#4565,#649);
#412=LINE('',#4569,#650);
#413=LINE('',#4573,#651);
#414=LINE('',#4575,#652);
#415=LINE('',#4577,#653);
#416=LINE('',#4591,#654);
#417=LINE('',#4600,#655);
#418=LINE('',#4616,#656);
#419=LINE('',#4623,#657);
#420=LINE('',#4625,#658);
#421=LINE('',#4627,#659);
#422=LINE('',#4631,#660);
#423=LINE('',#4635,#661);
#424=LINE('',#4637,#662);
#425=LINE('',#4639,#663);
#426=LINE('',#4653,#664);
#427=LINE('',#4662,#665);
#428=LINE('',#4678,#666);
#429=LINE('',#4685,#667);
#430=LINE('',#4687,#668);
#431=LINE('',#4689,#669);
#432=LINE('',#4693,#670);
#433=LINE('',#4697,#671);
#434=LINE('',#4699,#672);
#435=LINE('',#4701,#673);
#436=LINE('',#4715,#674);
#437=LINE('',#4724,#675);
#438=LINE('',#4740,#676);
#439=LINE('',#4747,#677);
#440=LINE('',#4749,#678);
#441=LINE('',#4751,#679);
#442=LINE('',#4755,#680);
#443=LINE('',#4759,#681);
#444=LINE('',#4761,#682);
#445=LINE('',#4763,#683);
#446=LINE('',#4777,#684);
#447=LINE('',#4786,#685);
#448=LINE('',#4802,#686);
#449=LINE('',#4809,#687);
#450=LINE('',#4811,#688);
#451=LINE('',#4813,#689);
#452=LINE('',#4817,#690);
#453=LINE('',#4821,#691);
#454=LINE('',#4823,#692);
#455=LINE('',#4825,#693);
#456=LINE('',#4839,#694);
#457=LINE('',#4848,#695);
#458=LINE('',#4864,#696);
#459=LINE('',#4871,#697);
#460=LINE('',#4873,#698);
#461=LINE('',#4875,#699);
#462=LINE('',#4879,#700);
#463=LINE('',#4883,#701);
#464=LINE('',#4885,#702);
#465=LINE('',#4887,#703);
#466=LINE('',#4901,#704);
#467=LINE('',#4910,#705);
#468=LINE('',#4926,#706);
#469=LINE('',#4933,#707);
#470=LINE('',#4934,#708);
#471=VECTOR('',#3028,1.);
#472=VECTOR('',#3029,1.);
#473=VECTOR('',#3032,1.);
#474=VECTOR('',#3033,1.);
#475=VECTOR('',#3042,1.);
#476=VECTOR('',#3043,1.);
#477=VECTOR('',#3044,1.);
#478=VECTOR('',#3045,1.);
#479=VECTOR('',#3048,1.);
#480=VECTOR('',#3049,1.);
#481=VECTOR('',#3050,1.);
#482=VECTOR('',#3051,1.);
#483=VECTOR('',#3054,1.);
#484=VECTOR('',#3055,1.);
#485=VECTOR('',#3064,1.);
#486=VECTOR('',#3065,1.);
#487=VECTOR('',#3066,1.);
#488=VECTOR('',#3067,1.);
#489=VECTOR('',#3072,1.);
#490=VECTOR('',#3073,1.);
#491=VECTOR('',#3074,1.);
#492=VECTOR('',#3077,1.);
#493=VECTOR('',#3078,1.);
#494=VECTOR('',#3079,1.);
#495=VECTOR('',#3084,1.);
#496=VECTOR('',#3085,1.);
#497=VECTOR('',#3098,1.);
#498=VECTOR('',#3101,1.);
#499=VECTOR('',#3106,1.);
#500=VECTOR('',#3107,1.);
#501=VECTOR('',#3112,1.);
#502=VECTOR('',#3113,1.);
#503=VECTOR('',#3116,1.);
#504=VECTOR('',#3117,1.);
#505=VECTOR('',#3126,1.);
#506=VECTOR('',#3127,1.);
#507=VECTOR('',#3128,1.);
#508=VECTOR('',#3129,1.);
#509=VECTOR('',#3132,1.);
#510=VECTOR('',#3133,1.);
#511=VECTOR('',#3134,1.);
#512=VECTOR('',#3137,1.);
#513=VECTOR('',#3138,1.);
#514=VECTOR('',#3139,1.);
#515=VECTOR('',#3142,1.);
#516=VECTOR('',#3143,1.);
#517=VECTOR('',#3146,1.);
#518=VECTOR('',#3147,1.);
#519=VECTOR('',#3148,1.);
#520=VECTOR('',#3149,1.);
#521=VECTOR('',#3160,1.);
#522=VECTOR('',#3161,1.);
#523=VECTOR('',#3162,1.);
#524=VECTOR('',#3165,1.);
#525=VECTOR('',#3166,1.);
#526=VECTOR('',#3169,1.);
#527=VECTOR('',#3170,1.);
#528=VECTOR('',#3173,1.);
#529=VECTOR('',#3180,1.);
#530=VECTOR('',#3181,1.);
#531=VECTOR('',#3182,1.);
#532=VECTOR('',#3183,1.);
#533=VECTOR('',#3186,1.);
#534=VECTOR('',#3187,1.);
#535=VECTOR('',#3188,1.);
#536=VECTOR('',#3191,1.);
#537=VECTOR('',#3192,1.);
#538=VECTOR('',#3193,1.);
#539=VECTOR('',#3196,1.);
#540=VECTOR('',#3197,1.);
#541=VECTOR('',#3218,1.);
#542=VECTOR('',#3221,1.);
#543=VECTOR('',#3226,1.);
#544=VECTOR('',#3227,1.);
#545=VECTOR('',#3232,1.);
#546=VECTOR('',#3233,1.);
#547=VECTOR('',#3236,1.);
#548=VECTOR('',#3237,1.);
#549=VECTOR('',#3248,1.);
#550=VECTOR('',#3251,1.);
#551=VECTOR('',#3254,1.);
#552=VECTOR('',#3255,1.);
#553=VECTOR('',#3256,1.);
#554=VECTOR('',#3257,1.);
#555=VECTOR('',#3262,1.);
#556=VECTOR('',#3265,1.);
#557=VECTOR('',#3268,1.);
#558=VECTOR('',#3269,1.);
#559=VECTOR('',#3270,1.);
#560=VECTOR('',#3275,1.);
#561=VECTOR('',#3280,1.);
#562=VECTOR('',#3281,1.);
#563=VECTOR('',#3282,1.);
#564=VECTOR('',#3283,1.);
#565=VECTOR('',#3288,1.);
#566=VECTOR('',#3291,1.);
#567=VECTOR('',#3294,1.);
#568=VECTOR('',#3295,1.);
#569=VECTOR('',#3296,1.);
#570=VECTOR('',#3301,1.);
#571=VECTOR('',#3306,1.);
#572=VECTOR('',#3307,1.);
#573=VECTOR('',#3308,1.);
#574=VECTOR('',#3309,1.);
#575=VECTOR('',#3314,1.);
#576=VECTOR('',#3317,1.);
#577=VECTOR('',#3320,1.);
#578=VECTOR('',#3321,1.);
#579=VECTOR('',#3322,1.);
#580=VECTOR('',#3327,1.);
#581=VECTOR('',#3332,1.);
#582=VECTOR('',#3333,1.);
#583=VECTOR('',#3334,1.);
#584=VECTOR('',#3335,1.);
#585=VECTOR('',#3340,1.);
#586=VECTOR('',#3343,1.);
#587=VECTOR('',#3346,1.);
#588=VECTOR('',#3347,1.);
#589=VECTOR('',#3348,1.);
#590=VECTOR('',#3353,1.);
#591=VECTOR('',#3358,1.);
#592=VECTOR('',#3359,1.);
#593=VECTOR('',#3360,1.);
#594=VECTOR('',#3361,1.);
#595=VECTOR('',#3366,1.);
#596=VECTOR('',#3369,1.);
#597=VECTOR('',#3372,1.);
#598=VECTOR('',#3373,1.);
#599=VECTOR('',#3374,1.);
#600=VECTOR('',#3379,1.);
#601=VECTOR('',#3384,1.);
#602=VECTOR('',#3385,1.);
#603=VECTOR('',#3386,1.);
#604=VECTOR('',#3387,1.);
#605=VECTOR('',#3392,1.);
#606=VECTOR('',#3395,1.);
#607=VECTOR('',#3398,1.);
#608=VECTOR('',#3399,1.);
#609=VECTOR('',#3400,1.);
#610=VECTOR('',#3405,1.);
#611=VECTOR('',#3410,1.);
#612=VECTOR('',#3411,1.);
#613=VECTOR('',#3412,1.);
#614=VECTOR('',#3413,1.);
#615=VECTOR('',#3418,1.);
#616=VECTOR('',#3421,1.);
#617=VECTOR('',#3424,1.);
#618=VECTOR('',#3425,1.);
#619=VECTOR('',#3426,1.);
#620=VECTOR('',#3431,1.);
#621=VECTOR('',#3436,1.);
#622=VECTOR('',#3437,1.);
#623=VECTOR('',#3438,1.);
#624=VECTOR('',#3439,1.);
#625=VECTOR('',#3444,1.);
#626=VECTOR('',#3447,1.);
#627=VECTOR('',#3450,1.);
#628=VECTOR('',#3451,1.);
#629=VECTOR('',#3452,1.);
#630=VECTOR('',#3457,1.);
#631=VECTOR('',#3462,1.);
#632=VECTOR('',#3463,1.);
#633=VECTOR('',#3464,1.);
#634=VECTOR('',#3465,1.);
#635=VECTOR('',#3470,1.);
#636=VECTOR('',#3473,1.);
#637=VECTOR('',#3476,1.);
#638=VECTOR('',#3477,1.);
#639=VECTOR('',#3478,1.);
#640=VECTOR('',#3483,1.);
#641=VECTOR('',#3488,1.);
#642=VECTOR('',#3489,1.);
#643=VECTOR('',#3490,1.);
#644=VECTOR('',#3491,1.);
#645=VECTOR('',#3496,1.);
#646=VECTOR('',#3499,1.);
#647=VECTOR('',#3502,1.);
#648=VECTOR('',#3503,1.);
#649=VECTOR('',#3504,1.);
#650=VECTOR('',#3509,1.);
#651=VECTOR('',#3514,1.);
#652=VECTOR('',#3515,1.);
#653=VECTOR('',#3516,1.);
#654=VECTOR('',#3517,1.);
#655=VECTOR('',#3522,1.);
#656=VECTOR('',#3525,1.);
#657=VECTOR('',#3528,1.);
#658=VECTOR('',#3529,1.);
#659=VECTOR('',#3530,1.);
#660=VECTOR('',#3535,1.);
#661=VECTOR('',#3540,1.);
#662=VECTOR('',#3541,1.);
#663=VECTOR('',#3542,1.);
#664=VECTOR('',#3543,1.);
#665=VECTOR('',#3548,1.);
#666=VECTOR('',#3551,1.);
#667=VECTOR('',#3554,1.);
#668=VECTOR('',#3555,1.);
#669=VECTOR('',#3556,1.);
#670=VECTOR('',#3561,1.);
#671=VECTOR('',#3566,1.);
#672=VECTOR('',#3567,1.);
#673=VECTOR('',#3568,1.);
#674=VECTOR('',#3569,1.);
#675=VECTOR('',#3574,1.);
#676=VECTOR('',#3577,1.);
#677=VECTOR('',#3580,1.);
#678=VECTOR('',#3581,1.);
#679=VECTOR('',#3582,1.);
#680=VECTOR('',#3587,1.);
#681=VECTOR('',#3592,1.);
#682=VECTOR('',#3593,1.);
#683=VECTOR('',#3594,1.);
#684=VECTOR('',#3595,1.);
#685=VECTOR('',#3600,1.);
#686=VECTOR('',#3603,1.);
#687=VECTOR('',#3606,1.);
#688=VECTOR('',#3607,1.);
#689=VECTOR('',#3608,1.);
#690=VECTOR('',#3613,1.);
#691=VECTOR('',#3618,1.);
#692=VECTOR('',#3619,1.);
#693=VECTOR('',#3620,1.);
#694=VECTOR('',#3621,1.);
#695=VECTOR('',#3626,1.);
#696=VECTOR('',#3629,1.);
#697=VECTOR('',#3632,1.);
#698=VECTOR('',#3633,1.);
#699=VECTOR('',#3634,1.);
#700=VECTOR('',#3639,1.);
#701=VECTOR('',#3644,1.);
#702=VECTOR('',#3645,1.);
#703=VECTOR('',#3646,1.);
#704=VECTOR('',#3647,1.);
#705=VECTOR('',#3652,1.);
#706=VECTOR('',#3655,1.);
#707=VECTOR('',#3658,1.);
#708=VECTOR('',#3659,1.);
#709=ORIENTED_EDGE('',*,*,#1487,.F.);
#710=ORIENTED_EDGE('',*,*,#1488,.F.);
#711=ORIENTED_EDGE('',*,*,#1489,.T.);
#712=ORIENTED_EDGE('',*,*,#1490,.T.);
#713=ORIENTED_EDGE('',*,*,#1491,.F.);
#714=ORIENTED_EDGE('',*,*,#1490,.F.);
#715=ORIENTED_EDGE('',*,*,#1492,.T.);
#716=ORIENTED_EDGE('',*,*,#1488,.T.);
#717=ORIENTED_EDGE('',*,*,#1489,.F.);
#718=ORIENTED_EDGE('',*,*,#1492,.F.);
#719=ORIENTED_EDGE('',*,*,#1487,.T.);
#720=ORIENTED_EDGE('',*,*,#1491,.T.);
#721=ORIENTED_EDGE('',*,*,#1493,.T.);
#722=ORIENTED_EDGE('',*,*,#1494,.F.);
#723=ORIENTED_EDGE('',*,*,#1495,.F.);
#724=ORIENTED_EDGE('',*,*,#1496,.T.);
#725=ORIENTED_EDGE('',*,*,#1497,.T.);
#726=ORIENTED_EDGE('',*,*,#1498,.F.);
#727=ORIENTED_EDGE('',*,*,#1499,.F.);
#728=ORIENTED_EDGE('',*,*,#1494,.T.);
#729=ORIENTED_EDGE('',*,*,#1500,.T.);
#730=ORIENTED_EDGE('',*,*,#1501,.F.);
#731=ORIENTED_EDGE('',*,*,#1502,.F.);
#732=ORIENTED_EDGE('',*,*,#1498,.T.);
#733=ORIENTED_EDGE('',*,*,#1503,.T.);
#734=ORIENTED_EDGE('',*,*,#1496,.F.);
#735=ORIENTED_EDGE('',*,*,#1504,.F.);
#736=ORIENTED_EDGE('',*,*,#1501,.T.);
#737=ORIENTED_EDGE('',*,*,#1495,.T.);
#738=ORIENTED_EDGE('',*,*,#1499,.T.);
#739=ORIENTED_EDGE('',*,*,#1502,.T.);
#740=ORIENTED_EDGE('',*,*,#1504,.T.);
#741=ORIENTED_EDGE('',*,*,#1493,.F.);
#742=ORIENTED_EDGE('',*,*,#1503,.F.);
#743=ORIENTED_EDGE('',*,*,#1500,.F.);
#744=ORIENTED_EDGE('',*,*,#1497,.F.);
#745=ORIENTED_EDGE('',*,*,#1505,.F.);
#746=ORIENTED_EDGE('',*,*,#1506,.F.);
#747=ORIENTED_EDGE('',*,*,#1507,.T.);
#748=ORIENTED_EDGE('',*,*,#1508,.T.);
#749=ORIENTED_EDGE('',*,*,#1509,.T.);
#750=ORIENTED_EDGE('',*,*,#1510,.F.);
#751=ORIENTED_EDGE('',*,*,#1508,.F.);
#752=ORIENTED_EDGE('',*,*,#1511,.T.);
#753=ORIENTED_EDGE('',*,*,#1512,.T.);
#754=ORIENTED_EDGE('',*,*,#1513,.F.);
#755=ORIENTED_EDGE('',*,*,#1512,.F.);
#756=ORIENTED_EDGE('',*,*,#1514,.T.);
#757=ORIENTED_EDGE('',*,*,#1515,.T.);
#758=ORIENTED_EDGE('',*,*,#1516,.F.);
#759=ORIENTED_EDGE('',*,*,#1517,.F.);
#760=ORIENTED_EDGE('',*,*,#1515,.F.);
#761=ORIENTED_EDGE('',*,*,#1518,.T.);
#762=ORIENTED_EDGE('',*,*,#1506,.T.);
#763=ORIENTED_EDGE('',*,*,#1507,.F.);
#764=ORIENTED_EDGE('',*,*,#1518,.F.);
#765=ORIENTED_EDGE('',*,*,#1514,.F.);
#766=ORIENTED_EDGE('',*,*,#1511,.F.);
#767=ORIENTED_EDGE('',*,*,#1505,.T.);
#768=ORIENTED_EDGE('',*,*,#1510,.T.);
#769=ORIENTED_EDGE('',*,*,#1513,.T.);
#770=ORIENTED_EDGE('',*,*,#1517,.T.);
#771=ORIENTED_EDGE('',*,*,#1516,.T.);
#772=ORIENTED_EDGE('',*,*,#1509,.F.);
#773=ORIENTED_EDGE('',*,*,#1519,.T.);
#774=ORIENTED_EDGE('',*,*,#1520,.F.);
#775=ORIENTED_EDGE('',*,*,#1521,.F.);
#776=ORIENTED_EDGE('',*,*,#1522,.T.);
#777=ORIENTED_EDGE('',*,*,#1523,.T.);
#778=ORIENTED_EDGE('',*,*,#1524,.F.);
#779=ORIENTED_EDGE('',*,*,#1519,.F.);
#780=ORIENTED_EDGE('',*,*,#1525,.T.);
#781=ORIENTED_EDGE('',*,*,#1526,.T.);
#782=ORIENTED_EDGE('',*,*,#1527,.F.);
#783=ORIENTED_EDGE('',*,*,#1523,.F.);
#784=ORIENTED_EDGE('',*,*,#1528,.T.);
#785=ORIENTED_EDGE('',*,*,#1529,.T.);
#786=ORIENTED_EDGE('',*,*,#1521,.T.);
#787=ORIENTED_EDGE('',*,*,#1530,.F.);
#788=ORIENTED_EDGE('',*,*,#1526,.F.);
#789=ORIENTED_EDGE('',*,*,#1522,.F.);
#790=ORIENTED_EDGE('',*,*,#1529,.F.);
#791=ORIENTED_EDGE('',*,*,#1528,.F.);
#792=ORIENTED_EDGE('',*,*,#1525,.F.);
#793=ORIENTED_EDGE('',*,*,#1520,.T.);
#794=ORIENTED_EDGE('',*,*,#1524,.T.);
#795=ORIENTED_EDGE('',*,*,#1527,.T.);
#796=ORIENTED_EDGE('',*,*,#1530,.T.);
#797=ORIENTED_EDGE('',*,*,#1531,.F.);
#798=ORIENTED_EDGE('',*,*,#1532,.F.);
#799=ORIENTED_EDGE('',*,*,#1533,.T.);
#800=ORIENTED_EDGE('',*,*,#1534,.T.);
#801=ORIENTED_EDGE('',*,*,#1535,.T.);
#802=ORIENTED_EDGE('',*,*,#1536,.F.);
#803=ORIENTED_EDGE('',*,*,#1537,.F.);
#804=ORIENTED_EDGE('',*,*,#1532,.T.);
#805=ORIENTED_EDGE('',*,*,#1538,.T.);
#806=ORIENTED_EDGE('',*,*,#1539,.F.);
#807=ORIENTED_EDGE('',*,*,#1540,.F.);
#808=ORIENTED_EDGE('',*,*,#1536,.T.);
#809=ORIENTED_EDGE('',*,*,#1541,.F.);
#810=ORIENTED_EDGE('',*,*,#1534,.F.);
#811=ORIENTED_EDGE('',*,*,#1542,.T.);
#812=ORIENTED_EDGE('',*,*,#1539,.T.);
#813=ORIENTED_EDGE('',*,*,#1543,.F.);
#814=ORIENTED_EDGE('',*,*,#1544,.F.);
#815=ORIENTED_EDGE('',*,*,#1545,.T.);
#816=ORIENTED_EDGE('',*,*,#1546,.T.);
#817=ORIENTED_EDGE('',*,*,#1547,.T.);
#818=ORIENTED_EDGE('',*,*,#1533,.F.);
#819=ORIENTED_EDGE('',*,*,#1537,.T.);
#820=ORIENTED_EDGE('',*,*,#1540,.T.);
#821=ORIENTED_EDGE('',*,*,#1542,.F.);
#822=ORIENTED_EDGE('',*,*,#1548,.F.);
#823=ORIENTED_EDGE('',*,*,#1531,.T.);
#824=ORIENTED_EDGE('',*,*,#1541,.T.);
#825=ORIENTED_EDGE('',*,*,#1538,.F.);
#826=ORIENTED_EDGE('',*,*,#1535,.F.);
#827=ORIENTED_EDGE('',*,*,#1547,.F.);
#828=ORIENTED_EDGE('',*,*,#1548,.T.);
#829=ORIENTED_EDGE('',*,*,#1543,.T.);
#830=ORIENTED_EDGE('',*,*,#1549,.T.);
#831=ORIENTED_EDGE('',*,*,#1550,.T.);
#832=ORIENTED_EDGE('',*,*,#1551,.F.);
#833=ORIENTED_EDGE('',*,*,#1552,.T.);
#834=ORIENTED_EDGE('',*,*,#1553,.F.);
#835=ORIENTED_EDGE('',*,*,#1549,.F.);
#836=ORIENTED_EDGE('',*,*,#1546,.F.);
#837=ORIENTED_EDGE('',*,*,#1554,.T.);
#838=ORIENTED_EDGE('',*,*,#1555,.F.);
#839=ORIENTED_EDGE('',*,*,#1552,.F.);
#840=ORIENTED_EDGE('',*,*,#1545,.F.);
#841=ORIENTED_EDGE('',*,*,#1544,.T.);
#842=ORIENTED_EDGE('',*,*,#1551,.T.);
#843=ORIENTED_EDGE('',*,*,#1556,.T.);
#844=ORIENTED_EDGE('',*,*,#1554,.F.);
#845=ORIENTED_EDGE('',*,*,#1550,.F.);
#846=ORIENTED_EDGE('',*,*,#1553,.T.);
#847=ORIENTED_EDGE('',*,*,#1555,.T.);
#848=ORIENTED_EDGE('',*,*,#1556,.F.);
#849=ORIENTED_EDGE('',*,*,#1557,.F.);
#850=ORIENTED_EDGE('',*,*,#1558,.F.);
#851=ORIENTED_EDGE('',*,*,#1559,.T.);
#852=ORIENTED_EDGE('',*,*,#1560,.T.);
#853=ORIENTED_EDGE('',*,*,#1561,.T.);
#854=ORIENTED_EDGE('',*,*,#1562,.F.);
#855=ORIENTED_EDGE('',*,*,#1563,.F.);
#856=ORIENTED_EDGE('',*,*,#1558,.T.);
#857=ORIENTED_EDGE('',*,*,#1564,.T.);
#858=ORIENTED_EDGE('',*,*,#1565,.F.);
#859=ORIENTED_EDGE('',*,*,#1566,.F.);
#860=ORIENTED_EDGE('',*,*,#1562,.T.);
#861=ORIENTED_EDGE('',*,*,#1567,.F.);
#862=ORIENTED_EDGE('',*,*,#1560,.F.);
#863=ORIENTED_EDGE('',*,*,#1568,.T.);
#864=ORIENTED_EDGE('',*,*,#1565,.T.);
#865=ORIENTED_EDGE('',*,*,#1569,.T.);
#866=ORIENTED_EDGE('',*,*,#1559,.F.);
#867=ORIENTED_EDGE('',*,*,#1563,.T.);
#868=ORIENTED_EDGE('',*,*,#1566,.T.);
#869=ORIENTED_EDGE('',*,*,#1568,.F.);
#870=ORIENTED_EDGE('',*,*,#1570,.F.);
#871=ORIENTED_EDGE('',*,*,#1557,.T.);
#872=ORIENTED_EDGE('',*,*,#1567,.T.);
#873=ORIENTED_EDGE('',*,*,#1564,.F.);
#874=ORIENTED_EDGE('',*,*,#1561,.F.);
#875=ORIENTED_EDGE('',*,*,#1571,.T.);
#876=ORIENTED_EDGE('',*,*,#1570,.T.);
#877=ORIENTED_EDGE('',*,*,#1569,.F.);
#878=ORIENTED_EDGE('',*,*,#1571,.F.);
#879=ORIENTED_EDGE('',*,*,#1572,.T.);
#880=ORIENTED_EDGE('',*,*,#1573,.F.);
#881=ORIENTED_EDGE('',*,*,#1574,.F.);
#882=ORIENTED_EDGE('',*,*,#1575,.T.);
#883=ORIENTED_EDGE('',*,*,#1576,.T.);
#884=ORIENTED_EDGE('',*,*,#1577,.F.);
#885=ORIENTED_EDGE('',*,*,#1572,.F.);
#886=ORIENTED_EDGE('',*,*,#1578,.T.);
#887=ORIENTED_EDGE('',*,*,#1579,.T.);
#888=ORIENTED_EDGE('',*,*,#1580,.F.);
#889=ORIENTED_EDGE('',*,*,#1576,.F.);
#890=ORIENTED_EDGE('',*,*,#1581,.T.);
#891=ORIENTED_EDGE('',*,*,#1582,.T.);
#892=ORIENTED_EDGE('',*,*,#1574,.T.);
#893=ORIENTED_EDGE('',*,*,#1583,.F.);
#894=ORIENTED_EDGE('',*,*,#1579,.F.);
#895=ORIENTED_EDGE('',*,*,#1575,.F.);
#896=ORIENTED_EDGE('',*,*,#1582,.F.);
#897=ORIENTED_EDGE('',*,*,#1581,.F.);
#898=ORIENTED_EDGE('',*,*,#1578,.F.);
#899=ORIENTED_EDGE('',*,*,#1573,.T.);
#900=ORIENTED_EDGE('',*,*,#1577,.T.);
#901=ORIENTED_EDGE('',*,*,#1580,.T.);
#902=ORIENTED_EDGE('',*,*,#1583,.T.);
#903=ORIENTED_EDGE('',*,*,#1584,.T.);
#904=ORIENTED_EDGE('',*,*,#1585,.F.);
#905=ORIENTED_EDGE('',*,*,#1586,.F.);
#906=ORIENTED_EDGE('',*,*,#1587,.T.);
#907=ORIENTED_EDGE('',*,*,#1588,.T.);
#908=ORIENTED_EDGE('',*,*,#1589,.F.);
#909=ORIENTED_EDGE('',*,*,#1590,.F.);
#910=ORIENTED_EDGE('',*,*,#1585,.T.);
#911=ORIENTED_EDGE('',*,*,#1591,.T.);
#912=ORIENTED_EDGE('',*,*,#1592,.F.);
#913=ORIENTED_EDGE('',*,*,#1593,.F.);
#914=ORIENTED_EDGE('',*,*,#1589,.T.);
#915=ORIENTED_EDGE('',*,*,#1594,.T.);
#916=ORIENTED_EDGE('',*,*,#1595,.F.);
#917=ORIENTED_EDGE('',*,*,#1596,.F.);
#918=ORIENTED_EDGE('',*,*,#1592,.T.);
#919=ORIENTED_EDGE('',*,*,#1597,.F.);
#920=ORIENTED_EDGE('',*,*,#1598,.F.);
#921=ORIENTED_EDGE('',*,*,#1599,.T.);
#922=ORIENTED_EDGE('',*,*,#1595,.T.);
#923=ORIENTED_EDGE('',*,*,#1600,.T.);
#924=ORIENTED_EDGE('',*,*,#1601,.F.);
#925=ORIENTED_EDGE('',*,*,#1602,.F.);
#926=ORIENTED_EDGE('',*,*,#1598,.T.);
#927=ORIENTED_EDGE('',*,*,#1603,.T.);
#928=ORIENTED_EDGE('',*,*,#1604,.F.);
#929=ORIENTED_EDGE('',*,*,#1605,.F.);
#930=ORIENTED_EDGE('',*,*,#1601,.T.);
#931=ORIENTED_EDGE('',*,*,#1606,.T.);
#932=ORIENTED_EDGE('',*,*,#1607,.F.);
#933=ORIENTED_EDGE('',*,*,#1608,.F.);
#934=ORIENTED_EDGE('',*,*,#1604,.T.);
#935=ORIENTED_EDGE('',*,*,#1609,.T.);
#936=ORIENTED_EDGE('',*,*,#1610,.F.);
#937=ORIENTED_EDGE('',*,*,#1611,.F.);
#938=ORIENTED_EDGE('',*,*,#1607,.T.);
#939=ORIENTED_EDGE('',*,*,#1612,.T.);
#940=ORIENTED_EDGE('',*,*,#1613,.F.);
#941=ORIENTED_EDGE('',*,*,#1614,.F.);
#942=ORIENTED_EDGE('',*,*,#1610,.T.);
#943=ORIENTED_EDGE('',*,*,#1615,.F.);
#944=ORIENTED_EDGE('',*,*,#1616,.F.);
#945=ORIENTED_EDGE('',*,*,#1617,.T.);
#946=ORIENTED_EDGE('',*,*,#1613,.T.);
#947=ORIENTED_EDGE('',*,*,#1618,.T.);
#948=ORIENTED_EDGE('',*,*,#1619,.F.);
#949=ORIENTED_EDGE('',*,*,#1620,.F.);
#950=ORIENTED_EDGE('',*,*,#1616,.T.);
#951=ORIENTED_EDGE('',*,*,#1621,.T.);
#952=ORIENTED_EDGE('',*,*,#1622,.F.);
#953=ORIENTED_EDGE('',*,*,#1623,.F.);
#954=ORIENTED_EDGE('',*,*,#1619,.T.);
#955=ORIENTED_EDGE('',*,*,#1624,.T.);
#956=ORIENTED_EDGE('',*,*,#1625,.F.);
#957=ORIENTED_EDGE('',*,*,#1626,.F.);
#958=ORIENTED_EDGE('',*,*,#1622,.T.);
#959=ORIENTED_EDGE('',*,*,#1627,.T.);
#960=ORIENTED_EDGE('',*,*,#1628,.F.);
#961=ORIENTED_EDGE('',*,*,#1629,.F.);
#962=ORIENTED_EDGE('',*,*,#1625,.T.);
#963=ORIENTED_EDGE('',*,*,#1630,.T.);
#964=ORIENTED_EDGE('',*,*,#1631,.F.);
#965=ORIENTED_EDGE('',*,*,#1632,.F.);
#966=ORIENTED_EDGE('',*,*,#1628,.T.);
#967=ORIENTED_EDGE('',*,*,#1633,.F.);
#968=ORIENTED_EDGE('',*,*,#1634,.F.);
#969=ORIENTED_EDGE('',*,*,#1635,.T.);
#970=ORIENTED_EDGE('',*,*,#1631,.T.);
#971=ORIENTED_EDGE('',*,*,#1636,.T.);
#972=ORIENTED_EDGE('',*,*,#1637,.F.);
#973=ORIENTED_EDGE('',*,*,#1638,.F.);
#974=ORIENTED_EDGE('',*,*,#1634,.T.);
#975=ORIENTED_EDGE('',*,*,#1639,.T.);
#976=ORIENTED_EDGE('',*,*,#1640,.F.);
#977=ORIENTED_EDGE('',*,*,#1641,.F.);
#978=ORIENTED_EDGE('',*,*,#1637,.T.);
#979=ORIENTED_EDGE('',*,*,#1642,.T.);
#980=ORIENTED_EDGE('',*,*,#1643,.F.);
#981=ORIENTED_EDGE('',*,*,#1644,.F.);
#982=ORIENTED_EDGE('',*,*,#1640,.T.);
#983=ORIENTED_EDGE('',*,*,#1645,.T.);
#984=ORIENTED_EDGE('',*,*,#1646,.F.);
#985=ORIENTED_EDGE('',*,*,#1647,.F.);
#986=ORIENTED_EDGE('',*,*,#1643,.T.);
#987=ORIENTED_EDGE('',*,*,#1648,.T.);
#988=ORIENTED_EDGE('',*,*,#1649,.F.);
#989=ORIENTED_EDGE('',*,*,#1650,.F.);
#990=ORIENTED_EDGE('',*,*,#1646,.T.);
#991=ORIENTED_EDGE('',*,*,#1651,.F.);
#992=ORIENTED_EDGE('',*,*,#1652,.F.);
#993=ORIENTED_EDGE('',*,*,#1653,.T.);
#994=ORIENTED_EDGE('',*,*,#1649,.T.);
#995=ORIENTED_EDGE('',*,*,#1654,.T.);
#996=ORIENTED_EDGE('',*,*,#1655,.F.);
#997=ORIENTED_EDGE('',*,*,#1656,.F.);
#998=ORIENTED_EDGE('',*,*,#1652,.T.);
#999=ORIENTED_EDGE('',*,*,#1657,.T.);
#1000=ORIENTED_EDGE('',*,*,#1658,.F.);
#1001=ORIENTED_EDGE('',*,*,#1659,.F.);
#1002=ORIENTED_EDGE('',*,*,#1655,.T.);
#1003=ORIENTED_EDGE('',*,*,#1660,.T.);
#1004=ORIENTED_EDGE('',*,*,#1661,.F.);
#1005=ORIENTED_EDGE('',*,*,#1662,.F.);
#1006=ORIENTED_EDGE('',*,*,#1658,.T.);
#1007=ORIENTED_EDGE('',*,*,#1663,.T.);
#1008=ORIENTED_EDGE('',*,*,#1664,.F.);
#1009=ORIENTED_EDGE('',*,*,#1665,.F.);
#1010=ORIENTED_EDGE('',*,*,#1661,.T.);
#1011=ORIENTED_EDGE('',*,*,#1666,.T.);
#1012=ORIENTED_EDGE('',*,*,#1667,.F.);
#1013=ORIENTED_EDGE('',*,*,#1668,.F.);
#1014=ORIENTED_EDGE('',*,*,#1664,.T.);
#1015=ORIENTED_EDGE('',*,*,#1669,.F.);
#1016=ORIENTED_EDGE('',*,*,#1670,.F.);
#1017=ORIENTED_EDGE('',*,*,#1671,.T.);
#1018=ORIENTED_EDGE('',*,*,#1667,.T.);
#1019=ORIENTED_EDGE('',*,*,#1672,.T.);
#1020=ORIENTED_EDGE('',*,*,#1673,.F.);
#1021=ORIENTED_EDGE('',*,*,#1674,.F.);
#1022=ORIENTED_EDGE('',*,*,#1670,.T.);
#1023=ORIENTED_EDGE('',*,*,#1675,.T.);
#1024=ORIENTED_EDGE('',*,*,#1676,.F.);
#1025=ORIENTED_EDGE('',*,*,#1677,.F.);
#1026=ORIENTED_EDGE('',*,*,#1673,.T.);
#1027=ORIENTED_EDGE('',*,*,#1678,.T.);
#1028=ORIENTED_EDGE('',*,*,#1679,.F.);
#1029=ORIENTED_EDGE('',*,*,#1680,.F.);
#1030=ORIENTED_EDGE('',*,*,#1676,.T.);
#1031=ORIENTED_EDGE('',*,*,#1681,.T.);
#1032=ORIENTED_EDGE('',*,*,#1682,.F.);
#1033=ORIENTED_EDGE('',*,*,#1683,.F.);
#1034=ORIENTED_EDGE('',*,*,#1679,.T.);
#1035=ORIENTED_EDGE('',*,*,#1684,.T.);
#1036=ORIENTED_EDGE('',*,*,#1685,.F.);
#1037=ORIENTED_EDGE('',*,*,#1686,.F.);
#1038=ORIENTED_EDGE('',*,*,#1682,.T.);
#1039=ORIENTED_EDGE('',*,*,#1687,.F.);
#1040=ORIENTED_EDGE('',*,*,#1688,.F.);
#1041=ORIENTED_EDGE('',*,*,#1689,.T.);
#1042=ORIENTED_EDGE('',*,*,#1685,.T.);
#1043=ORIENTED_EDGE('',*,*,#1690,.T.);
#1044=ORIENTED_EDGE('',*,*,#1691,.F.);
#1045=ORIENTED_EDGE('',*,*,#1692,.F.);
#1046=ORIENTED_EDGE('',*,*,#1688,.T.);
#1047=ORIENTED_EDGE('',*,*,#1693,.T.);
#1048=ORIENTED_EDGE('',*,*,#1694,.F.);
#1049=ORIENTED_EDGE('',*,*,#1695,.F.);
#1050=ORIENTED_EDGE('',*,*,#1691,.T.);
#1051=ORIENTED_EDGE('',*,*,#1696,.T.);
#1052=ORIENTED_EDGE('',*,*,#1697,.F.);
#1053=ORIENTED_EDGE('',*,*,#1698,.F.);
#1054=ORIENTED_EDGE('',*,*,#1694,.T.);
#1055=ORIENTED_EDGE('',*,*,#1699,.T.);
#1056=ORIENTED_EDGE('',*,*,#1700,.F.);
#1057=ORIENTED_EDGE('',*,*,#1701,.F.);
#1058=ORIENTED_EDGE('',*,*,#1697,.T.);
#1059=ORIENTED_EDGE('',*,*,#1702,.T.);
#1060=ORIENTED_EDGE('',*,*,#1703,.F.);
#1061=ORIENTED_EDGE('',*,*,#1704,.F.);
#1062=ORIENTED_EDGE('',*,*,#1700,.T.);
#1063=ORIENTED_EDGE('',*,*,#1705,.F.);
#1064=ORIENTED_EDGE('',*,*,#1706,.F.);
#1065=ORIENTED_EDGE('',*,*,#1707,.T.);
#1066=ORIENTED_EDGE('',*,*,#1703,.T.);
#1067=ORIENTED_EDGE('',*,*,#1708,.T.);
#1068=ORIENTED_EDGE('',*,*,#1709,.F.);
#1069=ORIENTED_EDGE('',*,*,#1710,.F.);
#1070=ORIENTED_EDGE('',*,*,#1706,.T.);
#1071=ORIENTED_EDGE('',*,*,#1711,.T.);
#1072=ORIENTED_EDGE('',*,*,#1712,.F.);
#1073=ORIENTED_EDGE('',*,*,#1713,.F.);
#1074=ORIENTED_EDGE('',*,*,#1709,.T.);
#1075=ORIENTED_EDGE('',*,*,#1714,.T.);
#1076=ORIENTED_EDGE('',*,*,#1715,.F.);
#1077=ORIENTED_EDGE('',*,*,#1716,.F.);
#1078=ORIENTED_EDGE('',*,*,#1712,.T.);
#1079=ORIENTED_EDGE('',*,*,#1717,.T.);
#1080=ORIENTED_EDGE('',*,*,#1718,.F.);
#1081=ORIENTED_EDGE('',*,*,#1719,.F.);
#1082=ORIENTED_EDGE('',*,*,#1715,.T.);
#1083=ORIENTED_EDGE('',*,*,#1720,.T.);
#1084=ORIENTED_EDGE('',*,*,#1721,.F.);
#1085=ORIENTED_EDGE('',*,*,#1722,.F.);
#1086=ORIENTED_EDGE('',*,*,#1718,.T.);
#1087=ORIENTED_EDGE('',*,*,#1723,.F.);
#1088=ORIENTED_EDGE('',*,*,#1724,.F.);
#1089=ORIENTED_EDGE('',*,*,#1725,.T.);
#1090=ORIENTED_EDGE('',*,*,#1721,.T.);
#1091=ORIENTED_EDGE('',*,*,#1726,.T.);
#1092=ORIENTED_EDGE('',*,*,#1727,.F.);
#1093=ORIENTED_EDGE('',*,*,#1728,.F.);
#1094=ORIENTED_EDGE('',*,*,#1724,.T.);
#1095=ORIENTED_EDGE('',*,*,#1729,.T.);
#1096=ORIENTED_EDGE('',*,*,#1730,.F.);
#1097=ORIENTED_EDGE('',*,*,#1731,.F.);
#1098=ORIENTED_EDGE('',*,*,#1727,.T.);
#1099=ORIENTED_EDGE('',*,*,#1732,.T.);
#1100=ORIENTED_EDGE('',*,*,#1733,.F.);
#1101=ORIENTED_EDGE('',*,*,#1734,.F.);
#1102=ORIENTED_EDGE('',*,*,#1730,.T.);
#1103=ORIENTED_EDGE('',*,*,#1735,.T.);
#1104=ORIENTED_EDGE('',*,*,#1736,.F.);
#1105=ORIENTED_EDGE('',*,*,#1737,.F.);
#1106=ORIENTED_EDGE('',*,*,#1733,.T.);
#1107=ORIENTED_EDGE('',*,*,#1738,.T.);
#1108=ORIENTED_EDGE('',*,*,#1739,.F.);
#1109=ORIENTED_EDGE('',*,*,#1740,.F.);
#1110=ORIENTED_EDGE('',*,*,#1736,.T.);
#1111=ORIENTED_EDGE('',*,*,#1741,.F.);
#1112=ORIENTED_EDGE('',*,*,#1742,.F.);
#1113=ORIENTED_EDGE('',*,*,#1743,.T.);
#1114=ORIENTED_EDGE('',*,*,#1739,.T.);
#1115=ORIENTED_EDGE('',*,*,#1744,.T.);
#1116=ORIENTED_EDGE('',*,*,#1745,.F.);
#1117=ORIENTED_EDGE('',*,*,#1746,.F.);
#1118=ORIENTED_EDGE('',*,*,#1742,.T.);
#1119=ORIENTED_EDGE('',*,*,#1747,.T.);
#1120=ORIENTED_EDGE('',*,*,#1748,.F.);
#1121=ORIENTED_EDGE('',*,*,#1749,.F.);
#1122=ORIENTED_EDGE('',*,*,#1745,.T.);
#1123=ORIENTED_EDGE('',*,*,#1750,.T.);
#1124=ORIENTED_EDGE('',*,*,#1751,.F.);
#1125=ORIENTED_EDGE('',*,*,#1752,.F.);
#1126=ORIENTED_EDGE('',*,*,#1748,.T.);
#1127=ORIENTED_EDGE('',*,*,#1753,.T.);
#1128=ORIENTED_EDGE('',*,*,#1754,.F.);
#1129=ORIENTED_EDGE('',*,*,#1755,.F.);
#1130=ORIENTED_EDGE('',*,*,#1751,.T.);
#1131=ORIENTED_EDGE('',*,*,#1756,.T.);
#1132=ORIENTED_EDGE('',*,*,#1757,.F.);
#1133=ORIENTED_EDGE('',*,*,#1758,.F.);
#1134=ORIENTED_EDGE('',*,*,#1754,.T.);
#1135=ORIENTED_EDGE('',*,*,#1759,.F.);
#1136=ORIENTED_EDGE('',*,*,#1760,.F.);
#1137=ORIENTED_EDGE('',*,*,#1761,.T.);
#1138=ORIENTED_EDGE('',*,*,#1757,.T.);
#1139=ORIENTED_EDGE('',*,*,#1762,.T.);
#1140=ORIENTED_EDGE('',*,*,#1763,.F.);
#1141=ORIENTED_EDGE('',*,*,#1764,.F.);
#1142=ORIENTED_EDGE('',*,*,#1760,.T.);
#1143=ORIENTED_EDGE('',*,*,#1765,.T.);
#1144=ORIENTED_EDGE('',*,*,#1766,.F.);
#1145=ORIENTED_EDGE('',*,*,#1767,.F.);
#1146=ORIENTED_EDGE('',*,*,#1763,.T.);
#1147=ORIENTED_EDGE('',*,*,#1768,.T.);
#1148=ORIENTED_EDGE('',*,*,#1769,.F.);
#1149=ORIENTED_EDGE('',*,*,#1770,.F.);
#1150=ORIENTED_EDGE('',*,*,#1766,.T.);
#1151=ORIENTED_EDGE('',*,*,#1771,.T.);
#1152=ORIENTED_EDGE('',*,*,#1772,.F.);
#1153=ORIENTED_EDGE('',*,*,#1773,.F.);
#1154=ORIENTED_EDGE('',*,*,#1769,.T.);
#1155=ORIENTED_EDGE('',*,*,#1774,.T.);
#1156=ORIENTED_EDGE('',*,*,#1775,.F.);
#1157=ORIENTED_EDGE('',*,*,#1776,.F.);
#1158=ORIENTED_EDGE('',*,*,#1772,.T.);
#1159=ORIENTED_EDGE('',*,*,#1777,.F.);
#1160=ORIENTED_EDGE('',*,*,#1778,.F.);
#1161=ORIENTED_EDGE('',*,*,#1779,.T.);
#1162=ORIENTED_EDGE('',*,*,#1775,.T.);
#1163=ORIENTED_EDGE('',*,*,#1780,.T.);
#1164=ORIENTED_EDGE('',*,*,#1781,.F.);
#1165=ORIENTED_EDGE('',*,*,#1782,.F.);
#1166=ORIENTED_EDGE('',*,*,#1778,.T.);
#1167=ORIENTED_EDGE('',*,*,#1783,.T.);
#1168=ORIENTED_EDGE('',*,*,#1784,.F.);
#1169=ORIENTED_EDGE('',*,*,#1785,.F.);
#1170=ORIENTED_EDGE('',*,*,#1781,.T.);
#1171=ORIENTED_EDGE('',*,*,#1786,.T.);
#1172=ORIENTED_EDGE('',*,*,#1787,.F.);
#1173=ORIENTED_EDGE('',*,*,#1788,.F.);
#1174=ORIENTED_EDGE('',*,*,#1784,.T.);
#1175=ORIENTED_EDGE('',*,*,#1789,.T.);
#1176=ORIENTED_EDGE('',*,*,#1790,.F.);
#1177=ORIENTED_EDGE('',*,*,#1791,.F.);
#1178=ORIENTED_EDGE('',*,*,#1787,.T.);
#1179=ORIENTED_EDGE('',*,*,#1792,.T.);
#1180=ORIENTED_EDGE('',*,*,#1793,.F.);
#1181=ORIENTED_EDGE('',*,*,#1794,.F.);
#1182=ORIENTED_EDGE('',*,*,#1790,.T.);
#1183=ORIENTED_EDGE('',*,*,#1795,.F.);
#1184=ORIENTED_EDGE('',*,*,#1796,.F.);
#1185=ORIENTED_EDGE('',*,*,#1797,.T.);
#1186=ORIENTED_EDGE('',*,*,#1793,.T.);
#1187=ORIENTED_EDGE('',*,*,#1798,.T.);
#1188=ORIENTED_EDGE('',*,*,#1799,.F.);
#1189=ORIENTED_EDGE('',*,*,#1800,.F.);
#1190=ORIENTED_EDGE('',*,*,#1796,.T.);
#1191=ORIENTED_EDGE('',*,*,#1801,.T.);
#1192=ORIENTED_EDGE('',*,*,#1802,.F.);
#1193=ORIENTED_EDGE('',*,*,#1803,.F.);
#1194=ORIENTED_EDGE('',*,*,#1799,.T.);
#1195=ORIENTED_EDGE('',*,*,#1804,.T.);
#1196=ORIENTED_EDGE('',*,*,#1805,.F.);
#1197=ORIENTED_EDGE('',*,*,#1806,.F.);
#1198=ORIENTED_EDGE('',*,*,#1802,.T.);
#1199=ORIENTED_EDGE('',*,*,#1807,.T.);
#1200=ORIENTED_EDGE('',*,*,#1808,.F.);
#1201=ORIENTED_EDGE('',*,*,#1809,.F.);
#1202=ORIENTED_EDGE('',*,*,#1805,.T.);
#1203=ORIENTED_EDGE('',*,*,#1810,.T.);
#1204=ORIENTED_EDGE('',*,*,#1811,.F.);
#1205=ORIENTED_EDGE('',*,*,#1812,.F.);
#1206=ORIENTED_EDGE('',*,*,#1808,.T.);
#1207=ORIENTED_EDGE('',*,*,#1813,.F.);
#1208=ORIENTED_EDGE('',*,*,#1814,.F.);
#1209=ORIENTED_EDGE('',*,*,#1815,.T.);
#1210=ORIENTED_EDGE('',*,*,#1811,.T.);
#1211=ORIENTED_EDGE('',*,*,#1816,.T.);
#1212=ORIENTED_EDGE('',*,*,#1817,.F.);
#1213=ORIENTED_EDGE('',*,*,#1818,.F.);
#1214=ORIENTED_EDGE('',*,*,#1814,.T.);
#1215=ORIENTED_EDGE('',*,*,#1819,.T.);
#1216=ORIENTED_EDGE('',*,*,#1820,.F.);
#1217=ORIENTED_EDGE('',*,*,#1821,.F.);
#1218=ORIENTED_EDGE('',*,*,#1817,.T.);
#1219=ORIENTED_EDGE('',*,*,#1822,.T.);
#1220=ORIENTED_EDGE('',*,*,#1823,.F.);
#1221=ORIENTED_EDGE('',*,*,#1824,.F.);
#1222=ORIENTED_EDGE('',*,*,#1820,.T.);
#1223=ORIENTED_EDGE('',*,*,#1825,.T.);
#1224=ORIENTED_EDGE('',*,*,#1826,.F.);
#1225=ORIENTED_EDGE('',*,*,#1827,.F.);
#1226=ORIENTED_EDGE('',*,*,#1823,.T.);
#1227=ORIENTED_EDGE('',*,*,#1828,.T.);
#1228=ORIENTED_EDGE('',*,*,#1829,.F.);
#1229=ORIENTED_EDGE('',*,*,#1830,.F.);
#1230=ORIENTED_EDGE('',*,*,#1826,.T.);
#1231=ORIENTED_EDGE('',*,*,#1831,.F.);
#1232=ORIENTED_EDGE('',*,*,#1832,.F.);
#1233=ORIENTED_EDGE('',*,*,#1833,.T.);
#1234=ORIENTED_EDGE('',*,*,#1829,.T.);
#1235=ORIENTED_EDGE('',*,*,#1834,.T.);
#1236=ORIENTED_EDGE('',*,*,#1835,.F.);
#1237=ORIENTED_EDGE('',*,*,#1836,.F.);
#1238=ORIENTED_EDGE('',*,*,#1832,.T.);
#1239=ORIENTED_EDGE('',*,*,#1837,.T.);
#1240=ORIENTED_EDGE('',*,*,#1838,.F.);
#1241=ORIENTED_EDGE('',*,*,#1839,.F.);
#1242=ORIENTED_EDGE('',*,*,#1835,.T.);
#1243=ORIENTED_EDGE('',*,*,#1840,.T.);
#1244=ORIENTED_EDGE('',*,*,#1841,.F.);
#1245=ORIENTED_EDGE('',*,*,#1842,.F.);
#1246=ORIENTED_EDGE('',*,*,#1838,.T.);
#1247=ORIENTED_EDGE('',*,*,#1843,.T.);
#1248=ORIENTED_EDGE('',*,*,#1844,.F.);
#1249=ORIENTED_EDGE('',*,*,#1845,.F.);
#1250=ORIENTED_EDGE('',*,*,#1841,.T.);
#1251=ORIENTED_EDGE('',*,*,#1846,.T.);
#1252=ORIENTED_EDGE('',*,*,#1847,.F.);
#1253=ORIENTED_EDGE('',*,*,#1848,.F.);
#1254=ORIENTED_EDGE('',*,*,#1844,.T.);
#1255=ORIENTED_EDGE('',*,*,#1849,.F.);
#1256=ORIENTED_EDGE('',*,*,#1850,.F.);
#1257=ORIENTED_EDGE('',*,*,#1851,.T.);
#1258=ORIENTED_EDGE('',*,*,#1847,.T.);
#1259=ORIENTED_EDGE('',*,*,#1852,.T.);
#1260=ORIENTED_EDGE('',*,*,#1853,.F.);
#1261=ORIENTED_EDGE('',*,*,#1854,.F.);
#1262=ORIENTED_EDGE('',*,*,#1850,.T.);
#1263=ORIENTED_EDGE('',*,*,#1855,.T.);
#1264=ORIENTED_EDGE('',*,*,#1856,.F.);
#1265=ORIENTED_EDGE('',*,*,#1857,.F.);
#1266=ORIENTED_EDGE('',*,*,#1853,.T.);
#1267=ORIENTED_EDGE('',*,*,#1858,.T.);
#1268=ORIENTED_EDGE('',*,*,#1859,.F.);
#1269=ORIENTED_EDGE('',*,*,#1860,.F.);
#1270=ORIENTED_EDGE('',*,*,#1856,.T.);
#1271=ORIENTED_EDGE('',*,*,#1861,.T.);
#1272=ORIENTED_EDGE('',*,*,#1862,.F.);
#1273=ORIENTED_EDGE('',*,*,#1863,.F.);
#1274=ORIENTED_EDGE('',*,*,#1859,.T.);
#1275=ORIENTED_EDGE('',*,*,#1864,.T.);
#1276=ORIENTED_EDGE('',*,*,#1865,.F.);
#1277=ORIENTED_EDGE('',*,*,#1866,.F.);
#1278=ORIENTED_EDGE('',*,*,#1862,.T.);
#1279=ORIENTED_EDGE('',*,*,#1867,.F.);
#1280=ORIENTED_EDGE('',*,*,#1868,.F.);
#1281=ORIENTED_EDGE('',*,*,#1869,.T.);
#1282=ORIENTED_EDGE('',*,*,#1865,.T.);
#1283=ORIENTED_EDGE('',*,*,#1870,.T.);
#1284=ORIENTED_EDGE('',*,*,#1587,.F.);
#1285=ORIENTED_EDGE('',*,*,#1871,.F.);
#1286=ORIENTED_EDGE('',*,*,#1868,.T.);
#1287=ORIENTED_EDGE('',*,*,#1872,.F.);
#1288=ORIENTED_EDGE('',*,*,#1586,.T.);
#1289=ORIENTED_EDGE('',*,*,#1590,.T.);
#1290=ORIENTED_EDGE('',*,*,#1593,.T.);
#1291=ORIENTED_EDGE('',*,*,#1596,.T.);
#1292=ORIENTED_EDGE('',*,*,#1599,.F.);
#1293=ORIENTED_EDGE('',*,*,#1602,.T.);
#1294=ORIENTED_EDGE('',*,*,#1605,.T.);
#1295=ORIENTED_EDGE('',*,*,#1608,.T.);
#1296=ORIENTED_EDGE('',*,*,#1611,.T.);
#1297=ORIENTED_EDGE('',*,*,#1614,.T.);
#1298=ORIENTED_EDGE('',*,*,#1617,.F.);
#1299=ORIENTED_EDGE('',*,*,#1620,.T.);
#1300=ORIENTED_EDGE('',*,*,#1623,.T.);
#1301=ORIENTED_EDGE('',*,*,#1626,.T.);
#1302=ORIENTED_EDGE('',*,*,#1629,.T.);
#1303=ORIENTED_EDGE('',*,*,#1632,.T.);
#1304=ORIENTED_EDGE('',*,*,#1635,.F.);
#1305=ORIENTED_EDGE('',*,*,#1638,.T.);
#1306=ORIENTED_EDGE('',*,*,#1641,.T.);
#1307=ORIENTED_EDGE('',*,*,#1644,.T.);
#1308=ORIENTED_EDGE('',*,*,#1647,.T.);
#1309=ORIENTED_EDGE('',*,*,#1650,.T.);
#1310=ORIENTED_EDGE('',*,*,#1653,.F.);
#1311=ORIENTED_EDGE('',*,*,#1656,.T.);
#1312=ORIENTED_EDGE('',*,*,#1659,.T.);
#1313=ORIENTED_EDGE('',*,*,#1662,.T.);
#1314=ORIENTED_EDGE('',*,*,#1665,.T.);
#1315=ORIENTED_EDGE('',*,*,#1668,.T.);
#1316=ORIENTED_EDGE('',*,*,#1671,.F.);
#1317=ORIENTED_EDGE('',*,*,#1674,.T.);
#1318=ORIENTED_EDGE('',*,*,#1677,.T.);
#1319=ORIENTED_EDGE('',*,*,#1680,.T.);
#1320=ORIENTED_EDGE('',*,*,#1683,.T.);
#1321=ORIENTED_EDGE('',*,*,#1686,.T.);
#1322=ORIENTED_EDGE('',*,*,#1689,.F.);
#1323=ORIENTED_EDGE('',*,*,#1692,.T.);
#1324=ORIENTED_EDGE('',*,*,#1695,.T.);
#1325=ORIENTED_EDGE('',*,*,#1698,.T.);
#1326=ORIENTED_EDGE('',*,*,#1701,.T.);
#1327=ORIENTED_EDGE('',*,*,#1704,.T.);
#1328=ORIENTED_EDGE('',*,*,#1707,.F.);
#1329=ORIENTED_EDGE('',*,*,#1710,.T.);
#1330=ORIENTED_EDGE('',*,*,#1713,.T.);
#1331=ORIENTED_EDGE('',*,*,#1716,.T.);
#1332=ORIENTED_EDGE('',*,*,#1719,.T.);
#1333=ORIENTED_EDGE('',*,*,#1722,.T.);
#1334=ORIENTED_EDGE('',*,*,#1725,.F.);
#1335=ORIENTED_EDGE('',*,*,#1728,.T.);
#1336=ORIENTED_EDGE('',*,*,#1731,.T.);
#1337=ORIENTED_EDGE('',*,*,#1734,.T.);
#1338=ORIENTED_EDGE('',*,*,#1737,.T.);
#1339=ORIENTED_EDGE('',*,*,#1740,.T.);
#1340=ORIENTED_EDGE('',*,*,#1743,.F.);
#1341=ORIENTED_EDGE('',*,*,#1746,.T.);
#1342=ORIENTED_EDGE('',*,*,#1749,.T.);
#1343=ORIENTED_EDGE('',*,*,#1752,.T.);
#1344=ORIENTED_EDGE('',*,*,#1755,.T.);
#1345=ORIENTED_EDGE('',*,*,#1758,.T.);
#1346=ORIENTED_EDGE('',*,*,#1761,.F.);
#1347=ORIENTED_EDGE('',*,*,#1764,.T.);
#1348=ORIENTED_EDGE('',*,*,#1767,.T.);
#1349=ORIENTED_EDGE('',*,*,#1770,.T.);
#1350=ORIENTED_EDGE('',*,*,#1773,.T.);
#1351=ORIENTED_EDGE('',*,*,#1776,.T.);
#1352=ORIENTED_EDGE('',*,*,#1779,.F.);
#1353=ORIENTED_EDGE('',*,*,#1782,.T.);
#1354=ORIENTED_EDGE('',*,*,#1785,.T.);
#1355=ORIENTED_EDGE('',*,*,#1788,.T.);
#1356=ORIENTED_EDGE('',*,*,#1791,.T.);
#1357=ORIENTED_EDGE('',*,*,#1794,.T.);
#1358=ORIENTED_EDGE('',*,*,#1797,.F.);
#1359=ORIENTED_EDGE('',*,*,#1800,.T.);
#1360=ORIENTED_EDGE('',*,*,#1803,.T.);
#1361=ORIENTED_EDGE('',*,*,#1806,.T.);
#1362=ORIENTED_EDGE('',*,*,#1809,.T.);
#1363=ORIENTED_EDGE('',*,*,#1812,.T.);
#1364=ORIENTED_EDGE('',*,*,#1815,.F.);
#1365=ORIENTED_EDGE('',*,*,#1818,.T.);
#1366=ORIENTED_EDGE('',*,*,#1821,.T.);
#1367=ORIENTED_EDGE('',*,*,#1824,.T.);
#1368=ORIENTED_EDGE('',*,*,#1827,.T.);
#1369=ORIENTED_EDGE('',*,*,#1830,.T.);
#1370=ORIENTED_EDGE('',*,*,#1833,.F.);
#1371=ORIENTED_EDGE('',*,*,#1836,.T.);
#1372=ORIENTED_EDGE('',*,*,#1839,.T.);
#1373=ORIENTED_EDGE('',*,*,#1842,.T.);
#1374=ORIENTED_EDGE('',*,*,#1845,.T.);
#1375=ORIENTED_EDGE('',*,*,#1848,.T.);
#1376=ORIENTED_EDGE('',*,*,#1851,.F.);
#1377=ORIENTED_EDGE('',*,*,#1854,.T.);
#1378=ORIENTED_EDGE('',*,*,#1857,.T.);
#1379=ORIENTED_EDGE('',*,*,#1860,.T.);
#1380=ORIENTED_EDGE('',*,*,#1863,.T.);
#1381=ORIENTED_EDGE('',*,*,#1866,.T.);
#1382=ORIENTED_EDGE('',*,*,#1869,.F.);
#1383=ORIENTED_EDGE('',*,*,#1871,.T.);
#1384=ORIENTED_EDGE('',*,*,#1873,.F.);
#1385=ORIENTED_EDGE('',*,*,#1584,.F.);
#1386=ORIENTED_EDGE('',*,*,#1870,.F.);
#1387=ORIENTED_EDGE('',*,*,#1867,.T.);
#1388=ORIENTED_EDGE('',*,*,#1864,.F.);
#1389=ORIENTED_EDGE('',*,*,#1861,.F.);
#1390=ORIENTED_EDGE('',*,*,#1858,.F.);
#1391=ORIENTED_EDGE('',*,*,#1855,.F.);
#1392=ORIENTED_EDGE('',*,*,#1852,.F.);
#1393=ORIENTED_EDGE('',*,*,#1849,.T.);
#1394=ORIENTED_EDGE('',*,*,#1846,.F.);
#1395=ORIENTED_EDGE('',*,*,#1843,.F.);
#1396=ORIENTED_EDGE('',*,*,#1840,.F.);
#1397=ORIENTED_EDGE('',*,*,#1837,.F.);
#1398=ORIENTED_EDGE('',*,*,#1834,.F.);
#1399=ORIENTED_EDGE('',*,*,#1831,.T.);
#1400=ORIENTED_EDGE('',*,*,#1828,.F.);
#1401=ORIENTED_EDGE('',*,*,#1825,.F.);
#1402=ORIENTED_EDGE('',*,*,#1822,.F.);
#1403=ORIENTED_EDGE('',*,*,#1819,.F.);
#1404=ORIENTED_EDGE('',*,*,#1816,.F.);
#1405=ORIENTED_EDGE('',*,*,#1813,.T.);
#1406=ORIENTED_EDGE('',*,*,#1810,.F.);
#1407=ORIENTED_EDGE('',*,*,#1807,.F.);
#1408=ORIENTED_EDGE('',*,*,#1804,.F.);
#1409=ORIENTED_EDGE('',*,*,#1801,.F.);
#1410=ORIENTED_EDGE('',*,*,#1798,.F.);
#1411=ORIENTED_EDGE('',*,*,#1795,.T.);
#1412=ORIENTED_EDGE('',*,*,#1792,.F.);
#1413=ORIENTED_EDGE('',*,*,#1789,.F.);
#1414=ORIENTED_EDGE('',*,*,#1786,.F.);
#1415=ORIENTED_EDGE('',*,*,#1783,.F.);
#1416=ORIENTED_EDGE('',*,*,#1780,.F.);
#1417=ORIENTED_EDGE('',*,*,#1777,.T.);
#1418=ORIENTED_EDGE('',*,*,#1774,.F.);
#1419=ORIENTED_EDGE('',*,*,#1771,.F.);
#1420=ORIENTED_EDGE('',*,*,#1768,.F.);
#1421=ORIENTED_EDGE('',*,*,#1765,.F.);
#1422=ORIENTED_EDGE('',*,*,#1762,.F.);
#1423=ORIENTED_EDGE('',*,*,#1759,.T.);
#1424=ORIENTED_EDGE('',*,*,#1756,.F.);
#1425=ORIENTED_EDGE('',*,*,#1753,.F.);
#1426=ORIENTED_EDGE('',*,*,#1750,.F.);
#1427=ORIENTED_EDGE('',*,*,#1747,.F.);
#1428=ORIENTED_EDGE('',*,*,#1744,.F.);
#1429=ORIENTED_EDGE('',*,*,#1741,.T.);
#1430=ORIENTED_EDGE('',*,*,#1738,.F.);
#1431=ORIENTED_EDGE('',*,*,#1735,.F.);
#1432=ORIENTED_EDGE('',*,*,#1732,.F.);
#1433=ORIENTED_EDGE('',*,*,#1729,.F.);
#1434=ORIENTED_EDGE('',*,*,#1726,.F.);
#1435=ORIENTED_EDGE('',*,*,#1723,.T.);
#1436=ORIENTED_EDGE('',*,*,#1720,.F.);
#1437=ORIENTED_EDGE('',*,*,#1717,.F.);
#1438=ORIENTED_EDGE('',*,*,#1714,.F.);
#1439=ORIENTED_EDGE('',*,*,#1711,.F.);
#1440=ORIENTED_EDGE('',*,*,#1708,.F.);
#1441=ORIENTED_EDGE('',*,*,#1705,.T.);
#1442=ORIENTED_EDGE('',*,*,#1702,.F.);
#1443=ORIENTED_EDGE('',*,*,#1699,.F.);
#1444=ORIENTED_EDGE('',*,*,#1696,.F.);
#1445=ORIENTED_EDGE('',*,*,#1693,.F.);
#1446=ORIENTED_EDGE('',*,*,#1690,.F.);
#1447=ORIENTED_EDGE('',*,*,#1687,.T.);
#1448=ORIENTED_EDGE('',*,*,#1684,.F.);
#1449=ORIENTED_EDGE('',*,*,#1681,.F.);
#1450=ORIENTED_EDGE('',*,*,#1678,.F.);
#1451=ORIENTED_EDGE('',*,*,#1675,.F.);
#1452=ORIENTED_EDGE('',*,*,#1672,.F.);
#1453=ORIENTED_EDGE('',*,*,#1669,.T.);
#1454=ORIENTED_EDGE('',*,*,#1666,.F.);
#1455=ORIENTED_EDGE('',*,*,#1663,.F.);
#1456=ORIENTED_EDGE('',*,*,#1660,.F.);
#1457=ORIENTED_EDGE('',*,*,#1657,.F.);
#1458=ORIENTED_EDGE('',*,*,#1654,.F.);
#1459=ORIENTED_EDGE('',*,*,#1651,.T.);
#1460=ORIENTED_EDGE('',*,*,#1648,.F.);
#1461=ORIENTED_EDGE('',*,*,#1645,.F.);
#1462=ORIENTED_EDGE('',*,*,#1642,.F.);
#1463=ORIENTED_EDGE('',*,*,#1639,.F.);
#1464=ORIENTED_EDGE('',*,*,#1636,.F.);
#1465=ORIENTED_EDGE('',*,*,#1633,.T.);
#1466=ORIENTED_EDGE('',*,*,#1630,.F.);
#1467=ORIENTED_EDGE('',*,*,#1627,.F.);
#1468=ORIENTED_EDGE('',*,*,#1624,.F.);
#1469=ORIENTED_EDGE('',*,*,#1621,.F.);
#1470=ORIENTED_EDGE('',*,*,#1618,.F.);
#1471=ORIENTED_EDGE('',*,*,#1615,.T.);
#1472=ORIENTED_EDGE('',*,*,#1612,.F.);
#1473=ORIENTED_EDGE('',*,*,#1609,.F.);
#1474=ORIENTED_EDGE('',*,*,#1606,.F.);
#1475=ORIENTED_EDGE('',*,*,#1603,.F.);
#1476=ORIENTED_EDGE('',*,*,#1600,.F.);
#1477=ORIENTED_EDGE('',*,*,#1597,.T.);
#1478=ORIENTED_EDGE('',*,*,#1594,.F.);
#1479=ORIENTED_EDGE('',*,*,#1591,.F.);
#1480=ORIENTED_EDGE('',*,*,#1588,.F.);
#1481=ORIENTED_EDGE('',*,*,#1874,.F.);
#1482=ORIENTED_EDGE('',*,*,#1872,.T.);
#1483=ORIENTED_EDGE('',*,*,#1875,.T.);
#1484=ORIENTED_EDGE('',*,*,#1874,.T.);
#1485=ORIENTED_EDGE('',*,*,#1875,.F.);
#1486=ORIENTED_EDGE('',*,*,#1873,.T.);
#1487=EDGE_CURVE('',#1876,#1877,#2139,.T.);
#1488=EDGE_CURVE('',#1878,#1876,#233,.T.);
#1489=EDGE_CURVE('',#1878,#1879,#2140,.T.);
#1490=EDGE_CURVE('',#1879,#1877,#234,.T.);
#1491=EDGE_CURVE('',#1877,#1876,#235,.T.);
#1492=EDGE_CURVE('',#1879,#1878,#236,.T.);
#1493=EDGE_CURVE('',#1880,#1881,#237,.T.);
#1494=EDGE_CURVE('',#1882,#1881,#238,.T.);
#1495=EDGE_CURVE('',#1883,#1882,#239,.T.);
#1496=EDGE_CURVE('',#1883,#1880,#240,.T.);
#1497=EDGE_CURVE('',#1881,#1884,#241,.T.);
#1498=EDGE_CURVE('',#1885,#1884,#242,.T.);
#1499=EDGE_CURVE('',#1882,#1885,#243,.T.);
#1500=EDGE_CURVE('',#1884,#1886,#2141,.T.);
#1501=EDGE_CURVE('',#1887,#1886,#244,.T.);
#1502=EDGE_CURVE('',#1885,#1887,#2142,.T.);
#1503=EDGE_CURVE('',#1886,#1880,#245,.T.);
#1504=EDGE_CURVE('',#1887,#1883,#246,.T.);
#1505=EDGE_CURVE('',#1888,#1889,#247,.T.);
#1506=EDGE_CURVE('',#1890,#1888,#248,.T.);
#1507=EDGE_CURVE('',#1890,#1891,#249,.T.);
#1508=EDGE_CURVE('',#1891,#1889,#250,.T.);
#1509=EDGE_CURVE('',#1892,#1892,#60,.T.);
#1510=EDGE_CURVE('',#1889,#1893,#251,.T.);
#1511=EDGE_CURVE('',#1891,#1894,#252,.T.);
#1512=EDGE_CURVE('',#1894,#1893,#253,.T.);
#1513=EDGE_CURVE('',#1893,#1895,#254,.T.);
#1514=EDGE_CURVE('',#1894,#1896,#255,.T.);
#1515=EDGE_CURVE('',#1896,#1895,#256,.T.);
#1516=EDGE_CURVE('',#1897,#1897,#61,.T.);
#1517=EDGE_CURVE('',#1895,#1888,#257,.T.);
#1518=EDGE_CURVE('',#1896,#1890,#258,.T.);
#1519=EDGE_CURVE('',#1898,#1899,#62,.T.);
#1520=EDGE_CURVE('',#1900,#1899,#259,.T.);
#1521=EDGE_CURVE('',#1901,#1900,#63,.T.);
#1522=EDGE_CURVE('',#1901,#1898,#260,.T.);
#1523=EDGE_CURVE('',#1902,#1903,#64,.T.);
#1524=EDGE_CURVE('',#1899,#1903,#261,.T.);
#1525=EDGE_CURVE('',#1898,#1902,#262,.T.);
#1526=EDGE_CURVE('',#1904,#1905,#65,.T.);
#1527=EDGE_CURVE('',#1903,#1905,#263,.T.);
#1528=EDGE_CURVE('',#1902,#1904,#264,.T.);
#1529=EDGE_CURVE('',#1904,#1901,#265,.T.);
#1530=EDGE_CURVE('',#1905,#1900,#266,.T.);
#1531=EDGE_CURVE('',#1906,#1907,#267,.T.);
#1532=EDGE_CURVE('',#1908,#1906,#268,.T.);
#1533=EDGE_CURVE('',#1908,#1909,#269,.T.);
#1534=EDGE_CURVE('',#1909,#1907,#270,.T.);
#1535=EDGE_CURVE('',#1906,#1910,#271,.T.);
#1536=EDGE_CURVE('',#1911,#1910,#272,.T.);
#1537=EDGE_CURVE('',#1908,#1911,#273,.T.);
#1538=EDGE_CURVE('',#1910,#1912,#274,.T.);
#1539=EDGE_CURVE('',#1913,#1912,#275,.T.);
#1540=EDGE_CURVE('',#1911,#1913,#276,.T.);
#1541=EDGE_CURVE('',#1907,#1912,#277,.T.);
#1542=EDGE_CURVE('',#1909,#1913,#278,.T.);
#1543=EDGE_CURVE('',#1914,#1915,#279,.T.);
#1544=EDGE_CURVE('',#1916,#1914,#280,.T.);
#1545=EDGE_CURVE('',#1916,#1917,#281,.T.);
#1546=EDGE_CURVE('',#1917,#1915,#282,.T.);
#1547=EDGE_CURVE('',#1918,#1918,#66,.F.);
#1548=EDGE_CURVE('',#1919,#1919,#67,.F.);
#1549=EDGE_CURVE('',#1915,#1920,#283,.T.);
#1550=EDGE_CURVE('',#1920,#1921,#284,.T.);
#1551=EDGE_CURVE('',#1914,#1921,#285,.T.);
#1552=EDGE_CURVE('',#1917,#1922,#286,.T.);
#1553=EDGE_CURVE('',#1920,#1922,#287,.T.);
#1554=EDGE_CURVE('',#1916,#1923,#288,.T.);
#1555=EDGE_CURVE('',#1922,#1923,#289,.T.);
#1556=EDGE_CURVE('',#1921,#1923,#290,.T.);
#1557=EDGE_CURVE('',#1924,#1925,#291,.T.);
#1558=EDGE_CURVE('',#1926,#1924,#292,.T.);
#1559=EDGE_CURVE('',#1926,#1927,#293,.T.);
#1560=EDGE_CURVE('',#1927,#1925,#294,.T.);
#1561=EDGE_CURVE('',#1924,#1928,#295,.T.);
#1562=EDGE_CURVE('',#1929,#1928,#296,.T.);
#1563=EDGE_CURVE('',#1926,#1929,#297,.T.);
#1564=EDGE_CURVE('',#1928,#1930,#298,.T.);
#1565=EDGE_CURVE('',#1931,#1930,#299,.T.);
#1566=EDGE_CURVE('',#1929,#1931,#300,.T.);
#1567=EDGE_CURVE('',#1925,#1930,#301,.T.);
#1568=EDGE_CURVE('',#1927,#1931,#302,.T.);
#1569=EDGE_CURVE('',#1932,#1932,#68,.F.);
#1570=EDGE_CURVE('',#1933,#1933,#69,.F.);
#1571=EDGE_CURVE('',#1934,#1934,#70,.T.);
#1572=EDGE_CURVE('',#1935,#1936,#71,.T.);
#1573=EDGE_CURVE('',#1937,#1936,#303,.T.);
#1574=EDGE_CURVE('',#1938,#1937,#72,.T.);
#1575=EDGE_CURVE('',#1938,#1935,#304,.T.);
#1576=EDGE_CURVE('',#1939,#1940,#73,.T.);
#1577=EDGE_CURVE('',#1936,#1940,#305,.T.);
#1578=EDGE_CURVE('',#1935,#1939,#306,.T.);
#1579=EDGE_CURVE('',#1941,#1942,#74,.T.);
#1580=EDGE_CURVE('',#1940,#1942,#307,.T.);
#1581=EDGE_CURVE('',#1939,#1941,#308,.T.);
#1582=EDGE_CURVE('',#1941,#1938,#309,.T.);
#1583=EDGE_CURVE('',#1942,#1937,#310,.T.);
#1584=EDGE_CURVE('',#1943,#1944,#75,.T.);
#1585=EDGE_CURVE('',#1945,#1944,#311,.T.);
#1586=EDGE_CURVE('',#1946,#1945,#76,.T.);
#1587=EDGE_CURVE('',#1946,#1943,#312,.T.);
#1588=EDGE_CURVE('',#1944,#1947,#313,.T.);
#1589=EDGE_CURVE('',#1948,#1947,#314,.T.);
#1590=EDGE_CURVE('',#1945,#1948,#315,.T.);
#1591=EDGE_CURVE('',#1947,#1949,#2143,.T.);
#1592=EDGE_CURVE('',#1950,#1949,#316,.T.);
#1593=EDGE_CURVE('',#1948,#1950,#2144,.T.);
#1594=EDGE_CURVE('',#1949,#1951,#77,.T.);
#1595=EDGE_CURVE('',#1952,#1951,#317,.T.);
#1596=EDGE_CURVE('',#1950,#1952,#78,.T.);
#1597=EDGE_CURVE('',#1953,#1951,#2145,.T.);
#1598=EDGE_CURVE('',#1954,#1953,#318,.T.);
#1599=EDGE_CURVE('',#1954,#1952,#2146,.T.);
#1600=EDGE_CURVE('',#1953,#1955,#319,.T.);
#1601=EDGE_CURVE('',#1956,#1955,#320,.T.);
#1602=EDGE_CURVE('',#1954,#1956,#321,.T.);
#1603=EDGE_CURVE('',#1955,#1957,#79,.T.);
#1604=EDGE_CURVE('',#1958,#1957,#322,.T.);
#1605=EDGE_CURVE('',#1956,#1958,#80,.T.);
#1606=EDGE_CURVE('',#1957,#1959,#323,.T.);
#1607=EDGE_CURVE('',#1960,#1959,#324,.T.);
#1608=EDGE_CURVE('',#1958,#1960,#325,.T.);
#1609=EDGE_CURVE('',#1959,#1961,#2147,.T.);
#1610=EDGE_CURVE('',#1962,#1961,#326,.T.);
#1611=EDGE_CURVE('',#1960,#1962,#2148,.T.);
#1612=EDGE_CURVE('',#1961,#1963,#81,.T.);
#1613=EDGE_CURVE('',#1964,#1963,#327,.T.);
#1614=EDGE_CURVE('',#1962,#1964,#82,.T.);
#1615=EDGE_CURVE('',#1965,#1963,#2149,.T.);
#1616=EDGE_CURVE('',#1966,#1965,#328,.T.);
#1617=EDGE_CURVE('',#1966,#1964,#2150,.T.);
#1618=EDGE_CURVE('',#1965,#1967,#329,.T.);
#1619=EDGE_CURVE('',#1968,#1967,#330,.T.);
#1620=EDGE_CURVE('',#1966,#1968,#331,.T.);
#1621=EDGE_CURVE('',#1967,#1969,#83,.T.);
#1622=EDGE_CURVE('',#1970,#1969,#332,.T.);
#1623=EDGE_CURVE('',#1968,#1970,#84,.T.);
#1624=EDGE_CURVE('',#1969,#1971,#333,.T.);
#1625=EDGE_CURVE('',#1972,#1971,#334,.T.);
#1626=EDGE_CURVE('',#1970,#1972,#335,.T.);
#1627=EDGE_CURVE('',#1971,#1973,#2151,.T.);
#1628=EDGE_CURVE('',#1974,#1973,#336,.T.);
#1629=EDGE_CURVE('',#1972,#1974,#2152,.T.);
#1630=EDGE_CURVE('',#1973,#1975,#85,.T.);
#1631=EDGE_CURVE('',#1976,#1975,#337,.T.);
#1632=EDGE_CURVE('',#1974,#1976,#86,.T.);
#1633=EDGE_CURVE('',#1977,#1975,#2153,.T.);
#1634=EDGE_CURVE('',#1978,#1977,#338,.T.);
#1635=EDGE_CURVE('',#1978,#1976,#2154,.T.);
#1636=EDGE_CURVE('',#1977,#1979,#339,.T.);
#1637=EDGE_CURVE('',#1980,#1979,#340,.T.);
#1638=EDGE_CURVE('',#1978,#1980,#341,.T.);
#1639=EDGE_CURVE('',#1979,#1981,#87,.T.);
#1640=EDGE_CURVE('',#1982,#1981,#342,.T.);
#1641=EDGE_CURVE('',#1980,#1982,#88,.T.);
#1642=EDGE_CURVE('',#1981,#1983,#343,.T.);
#1643=EDGE_CURVE('',#1984,#1983,#344,.T.);
#1644=EDGE_CURVE('',#1982,#1984,#345,.T.);
#1645=EDGE_CURVE('',#1983,#1985,#2155,.T.);
#1646=EDGE_CURVE('',#1986,#1985,#346,.T.);
#1647=EDGE_CURVE('',#1984,#1986,#2156,.T.);
#1648=EDGE_CURVE('',#1985,#1987,#89,.T.);
#1649=EDGE_CURVE('',#1988,#1987,#347,.T.);
#1650=EDGE_CURVE('',#1986,#1988,#90,.T.);
#1651=EDGE_CURVE('',#1989,#1987,#2157,.T.);
#1652=EDGE_CURVE('',#1990,#1989,#348,.T.);
#1653=EDGE_CURVE('',#1990,#1988,#2158,.T.);
#1654=EDGE_CURVE('',#1989,#1991,#349,.T.);
#1655=EDGE_CURVE('',#1992,#1991,#350,.T.);
#1656=EDGE_CURVE('',#1990,#1992,#351,.T.);
#1657=EDGE_CURVE('',#1991,#1993,#91,.T.);
#1658=EDGE_CURVE('',#1994,#1993,#352,.T.);
#1659=EDGE_CURVE('',#1992,#1994,#92,.T.);
#1660=EDGE_CURVE('',#1993,#1995,#353,.T.);
#1661=EDGE_CURVE('',#1996,#1995,#354,.T.);
#1662=EDGE_CURVE('',#1994,#1996,#355,.T.);
#1663=EDGE_CURVE('',#1995,#1997,#2159,.T.);
#1664=EDGE_CURVE('',#1998,#1997,#356,.T.);
#1665=EDGE_CURVE('',#1996,#1998,#2160,.T.);
#1666=EDGE_CURVE('',#1997,#1999,#93,.T.);
#1667=EDGE_CURVE('',#2000,#1999,#357,.T.);
#1668=EDGE_CURVE('',#1998,#2000,#94,.T.);
#1669=EDGE_CURVE('',#2001,#1999,#2161,.T.);
#1670=EDGE_CURVE('',#2002,#2001,#358,.T.);
#1671=EDGE_CURVE('',#2002,#2000,#2162,.T.);
#1672=EDGE_CURVE('',#2001,#2003,#359,.T.);
#1673=EDGE_CURVE('',#2004,#2003,#360,.T.);
#1674=EDGE_CURVE('',#2002,#2004,#361,.T.);
#1675=EDGE_CURVE('',#2003,#2005,#95,.T.);
#1676=EDGE_CURVE('',#2006,#2005,#362,.T.);
#1677=EDGE_CURVE('',#2004,#2006,#96,.T.);
#1678=EDGE_CURVE('',#2005,#2007,#363,.T.);
#1679=EDGE_CURVE('',#2008,#2007,#364,.T.);
#1680=EDGE_CURVE('',#2006,#2008,#365,.T.);
#1681=EDGE_CURVE('',#2007,#2009,#2163,.T.);
#1682=EDGE_CURVE('',#2010,#2009,#366,.T.);
#1683=EDGE_CURVE('',#2008,#2010,#2164,.T.);
#1684=EDGE_CURVE('',#2009,#2011,#97,.T.);
#1685=EDGE_CURVE('',#2012,#2011,#367,.T.);
#1686=EDGE_CURVE('',#2010,#2012,#98,.T.);
#1687=EDGE_CURVE('',#2013,#2011,#2165,.T.);
#1688=EDGE_CURVE('',#2014,#2013,#368,.T.);
#1689=EDGE_CURVE('',#2014,#2012,#2166,.T.);
#1690=EDGE_CURVE('',#2013,#2015,#369,.T.);
#1691=EDGE_CURVE('',#2016,#2015,#370,.T.);
#1692=EDGE_CURVE('',#2014,#2016,#371,.T.);
#1693=EDGE_CURVE('',#2015,#2017,#99,.T.);
#1694=EDGE_CURVE('',#2018,#2017,#372,.T.);
#1695=EDGE_CURVE('',#2016,#2018,#100,.T.);
#1696=EDGE_CURVE('',#2017,#2019,#373,.T.);
#1697=EDGE_CURVE('',#2020,#2019,#374,.T.);
#1698=EDGE_CURVE('',#2018,#2020,#375,.T.);
#1699=EDGE_CURVE('',#2019,#2021,#2167,.T.);
#1700=EDGE_CURVE('',#2022,#2021,#376,.T.);
#1701=EDGE_CURVE('',#2020,#2022,#2168,.T.);
#1702=EDGE_CURVE('',#2021,#2023,#101,.T.);
#1703=EDGE_CURVE('',#2024,#2023,#377,.T.);
#1704=EDGE_CURVE('',#2022,#2024,#102,.T.);
#1705=EDGE_CURVE('',#2025,#2023,#2169,.T.);
#1706=EDGE_CURVE('',#2026,#2025,#378,.T.);
#1707=EDGE_CURVE('',#2026,#2024,#2170,.T.);
#1708=EDGE_CURVE('',#2025,#2027,#379,.T.);
#1709=EDGE_CURVE('',#2028,#2027,#380,.T.);
#1710=EDGE_CURVE('',#2026,#2028,#381,.T.);
#1711=EDGE_CURVE('',#2027,#2029,#103,.T.);
#1712=EDGE_CURVE('',#2030,#2029,#382,.T.);
#1713=EDGE_CURVE('',#2028,#2030,#104,.T.);
#1714=EDGE_CURVE('',#2029,#2031,#383,.T.);
#1715=EDGE_CURVE('',#2032,#2031,#384,.T.);
#1716=EDGE_CURVE('',#2030,#2032,#385,.T.);
#1717=EDGE_CURVE('',#2031,#2033,#2171,.T.);
#1718=EDGE_CURVE('',#2034,#2033,#386,.T.);
#1719=EDGE_CURVE('',#2032,#2034,#2172,.T.);
#1720=EDGE_CURVE('',#2033,#2035,#105,.T.);
#1721=EDGE_CURVE('',#2036,#2035,#387,.T.);
#1722=EDGE_CURVE('',#2034,#2036,#106,.T.);
#1723=EDGE_CURVE('',#2037,#2035,#2173,.T.);
#1724=EDGE_CURVE('',#2038,#2037,#388,.T.);
#1725=EDGE_CURVE('',#2038,#2036,#2174,.T.);
#1726=EDGE_CURVE('',#2037,#2039,#389,.T.);
#1727=EDGE_CURVE('',#2040,#2039,#390,.T.);
#1728=EDGE_CURVE('',#2038,#2040,#391,.T.);
#1729=EDGE_CURVE('',#2039,#2041,#107,.T.);
#1730=EDGE_CURVE('',#2042,#2041,#392,.T.);
#1731=EDGE_CURVE('',#2040,#2042,#108,.T.);
#1732=EDGE_CURVE('',#2041,#2043,#393,.T.);
#1733=EDGE_CURVE('',#2044,#2043,#394,.T.);
#1734=EDGE_CURVE('',#2042,#2044,#395,.T.);
#1735=EDGE_CURVE('',#2043,#2045,#2175,.T.);
#1736=EDGE_CURVE('',#2046,#2045,#396,.T.);
#1737=EDGE_CURVE('',#2044,#2046,#2176,.T.);
#1738=EDGE_CURVE('',#2045,#2047,#109,.T.);
#1739=EDGE_CURVE('',#2048,#2047,#397,.T.);
#1740=EDGE_CURVE('',#2046,#2048,#110,.T.);
#1741=EDGE_CURVE('',#2049,#2047,#2177,.T.);
#1742=EDGE_CURVE('',#2050,#2049,#398,.T.);
#1743=EDGE_CURVE('',#2050,#2048,#2178,.T.);
#1744=EDGE_CURVE('',#2049,#2051,#399,.T.);
#1745=EDGE_CURVE('',#2052,#2051,#400,.T.);
#1746=EDGE_CURVE('',#2050,#2052,#401,.T.);
#1747=EDGE_CURVE('',#2051,#2053,#111,.T.);
#1748=EDGE_CURVE('',#2054,#2053,#402,.T.);
#1749=EDGE_CURVE('',#2052,#2054,#112,.T.);
#1750=EDGE_CURVE('',#2053,#2055,#403,.T.);
#1751=EDGE_CURVE('',#2056,#2055,#404,.T.);
#1752=EDGE_CURVE('',#2054,#2056,#405,.T.);
#1753=EDGE_CURVE('',#2055,#2057,#2179,.T.);
#1754=EDGE_CURVE('',#2058,#2057,#406,.T.);
#1755=EDGE_CURVE('',#2056,#2058,#2180,.T.);
#1756=EDGE_CURVE('',#2057,#2059,#113,.T.);
#1757=EDGE_CURVE('',#2060,#2059,#407,.T.);
#1758=EDGE_CURVE('',#2058,#2060,#114,.T.);
#1759=EDGE_CURVE('',#2061,#2059,#2181,.T.);
#1760=EDGE_CURVE('',#2062,#2061,#408,.T.);
#1761=EDGE_CURVE('',#2062,#2060,#2182,.T.);
#1762=EDGE_CURVE('',#2061,#2063,#409,.T.);
#1763=EDGE_CURVE('',#2064,#2063,#410,.T.);
#1764=EDGE_CURVE('',#2062,#2064,#411,.T.);
#1765=EDGE_CURVE('',#2063,#2065,#115,.T.);
#1766=EDGE_CURVE('',#2066,#2065,#412,.T.);
#1767=EDGE_CURVE('',#2064,#2066,#116,.T.);
#1768=EDGE_CURVE('',#2065,#2067,#413,.T.);
#1769=EDGE_CURVE('',#2068,#2067,#414,.T.);
#1770=EDGE_CURVE('',#2066,#2068,#415,.T.);
#1771=EDGE_CURVE('',#2067,#2069,#2183,.T.);
#1772=EDGE_CURVE('',#2070,#2069,#416,.T.);
#1773=EDGE_CURVE('',#2068,#2070,#2184,.T.);
#1774=EDGE_CURVE('',#2069,#2071,#117,.T.);
#1775=EDGE_CURVE('',#2072,#2071,#417,.T.);
#1776=EDGE_CURVE('',#2070,#2072,#118,.T.);
#1777=EDGE_CURVE('',#2073,#2071,#2185,.T.);
#1778=EDGE_CURVE('',#2074,#2073,#418,.T.);
#1779=EDGE_CURVE('',#2074,#2072,#2186,.T.);
#1780=EDGE_CURVE('',#2073,#2075,#419,.T.);
#1781=EDGE_CURVE('',#2076,#2075,#420,.T.);
#1782=EDGE_CURVE('',#2074,#2076,#421,.T.);
#1783=EDGE_CURVE('',#2075,#2077,#119,.T.);
#1784=EDGE_CURVE('',#2078,#2077,#422,.T.);
#1785=EDGE_CURVE('',#2076,#2078,#120,.T.);
#1786=EDGE_CURVE('',#2077,#2079,#423,.T.);
#1787=EDGE_CURVE('',#2080,#2079,#424,.T.);
#1788=EDGE_CURVE('',#2078,#2080,#425,.T.);
#1789=EDGE_CURVE('',#2079,#2081,#2187,.T.);
#1790=EDGE_CURVE('',#2082,#2081,#426,.T.);
#1791=EDGE_CURVE('',#2080,#2082,#2188,.T.);
#1792=EDGE_CURVE('',#2081,#2083,#121,.T.);
#1793=EDGE_CURVE('',#2084,#2083,#427,.T.);
#1794=EDGE_CURVE('',#2082,#2084,#122,.T.);
#1795=EDGE_CURVE('',#2085,#2083,#2189,.T.);
#1796=EDGE_CURVE('',#2086,#2085,#428,.T.);
#1797=EDGE_CURVE('',#2086,#2084,#2190,.T.);
#1798=EDGE_CURVE('',#2085,#2087,#429,.T.);
#1799=EDGE_CURVE('',#2088,#2087,#430,.T.);
#1800=EDGE_CURVE('',#2086,#2088,#431,.T.);
#1801=EDGE_CURVE('',#2087,#2089,#123,.T.);
#1802=EDGE_CURVE('',#2090,#2089,#432,.T.);
#1803=EDGE_CURVE('',#2088,#2090,#124,.T.);
#1804=EDGE_CURVE('',#2089,#2091,#433,.T.);
#1805=EDGE_CURVE('',#2092,#2091,#434,.T.);
#1806=EDGE_CURVE('',#2090,#2092,#435,.T.);
#1807=EDGE_CURVE('',#2091,#2093,#2191,.T.);
#1808=EDGE_CURVE('',#2094,#2093,#436,.T.);
#1809=EDGE_CURVE('',#2092,#2094,#2192,.T.);
#1810=EDGE_CURVE('',#2093,#2095,#125,.T.);
#1811=EDGE_CURVE('',#2096,#2095,#437,.T.);
#1812=EDGE_CURVE('',#2094,#2096,#126,.T.);
#1813=EDGE_CURVE('',#2097,#2095,#2193,.T.);
#1814=EDGE_CURVE('',#2098,#2097,#438,.T.);
#1815=EDGE_CURVE('',#2098,#2096,#2194,.T.);
#1816=EDGE_CURVE('',#2097,#2099,#439,.T.);
#1817=EDGE_CURVE('',#2100,#2099,#440,.T.);
#1818=EDGE_CURVE('',#2098,#2100,#441,.T.);
#1819=EDGE_CURVE('',#2099,#2101,#127,.T.);
#1820=EDGE_CURVE('',#2102,#2101,#442,.T.);
#1821=EDGE_CURVE('',#2100,#2102,#128,.T.);
#1822=EDGE_CURVE('',#2101,#2103,#443,.T.);
#1823=EDGE_CURVE('',#2104,#2103,#444,.T.);
#1824=EDGE_CURVE('',#2102,#2104,#445,.T.);
#1825=EDGE_CURVE('',#2103,#2105,#2195,.T.);
#1826=EDGE_CURVE('',#2106,#2105,#446,.T.);
#1827=EDGE_CURVE('',#2104,#2106,#2196,.T.);
#1828=EDGE_CURVE('',#2105,#2107,#129,.T.);
#1829=EDGE_CURVE('',#2108,#2107,#447,.T.);
#1830=EDGE_CURVE('',#2106,#2108,#130,.T.);
#1831=EDGE_CURVE('',#2109,#2107,#2197,.T.);
#1832=EDGE_CURVE('',#2110,#2109,#448,.T.);
#1833=EDGE_CURVE('',#2110,#2108,#2198,.T.);
#1834=EDGE_CURVE('',#2109,#2111,#449,.T.);
#1835=EDGE_CURVE('',#2112,#2111,#450,.T.);
#1836=EDGE_CURVE('',#2110,#2112,#451,.T.);
#1837=EDGE_CURVE('',#2111,#2113,#131,.T.);
#1838=EDGE_CURVE('',#2114,#2113,#452,.T.);
#1839=EDGE_CURVE('',#2112,#2114,#132,.T.);
#1840=EDGE_CURVE('',#2113,#2115,#453,.T.);
#1841=EDGE_CURVE('',#2116,#2115,#454,.T.);
#1842=EDGE_CURVE('',#2114,#2116,#455,.T.);
#1843=EDGE_CURVE('',#2115,#2117,#2199,.T.);
#1844=EDGE_CURVE('',#2118,#2117,#456,.T.);
#1845=EDGE_CURVE('',#2116,#2118,#2200,.T.);
#1846=EDGE_CURVE('',#2117,#2119,#133,.T.);
#1847=EDGE_CURVE('',#2120,#2119,#457,.T.);
#1848=EDGE_CURVE('',#2118,#2120,#134,.T.);
#1849=EDGE_CURVE('',#2121,#2119,#2201,.T.);
#1850=EDGE_CURVE('',#2122,#2121,#458,.T.);
#1851=EDGE_CURVE('',#2122,#2120,#2202,.T.);
#1852=EDGE_CURVE('',#2121,#2123,#459,.T.);
#1853=EDGE_CURVE('',#2124,#2123,#460,.T.);
#1854=EDGE_CURVE('',#2122,#2124,#461,.T.);
#1855=EDGE_CURVE('',#2123,#2125,#135,.T.);
#1856=EDGE_CURVE('',#2126,#2125,#462,.T.);
#1857=EDGE_CURVE('',#2124,#2126,#136,.T.);
#1858=EDGE_CURVE('',#2125,#2127,#463,.T.);
#1859=EDGE_CURVE('',#2128,#2127,#464,.T.);
#1860=EDGE_CURVE('',#2126,#2128,#465,.T.);
#1861=EDGE_CURVE('',#2127,#2129,#2203,.T.);
#1862=EDGE_CURVE('',#2130,#2129,#466,.T.);
#1863=EDGE_CURVE('',#2128,#2130,#2204,.T.);
#1864=EDGE_CURVE('',#2129,#2131,#137,.T.);
#1865=EDGE_CURVE('',#2132,#2131,#467,.T.);
#1866=EDGE_CURVE('',#2130,#2132,#138,.T.);
#1867=EDGE_CURVE('',#2133,#2131,#2205,.T.);
#1868=EDGE_CURVE('',#2134,#2133,#468,.T.);
#1869=EDGE_CURVE('',#2134,#2132,#2206,.T.);
#1870=EDGE_CURVE('',#2133,#1943,#469,.T.);
#1871=EDGE_CURVE('',#2134,#1946,#470,.T.);
#1872=EDGE_CURVE('',#2135,#2135,#139,.T.);
#1873=EDGE_CURVE('',#2136,#2136,#140,.F.);
#1874=EDGE_CURVE('',#2137,#2137,#141,.T.);
#1875=EDGE_CURVE('',#2138,#2138,#142,.F.);
#1876=VERTEX_POINT('',#3692);
#1877=VERTEX_POINT('',#3693);
#1878=VERTEX_POINT('',#3695);
#1879=VERTEX_POINT('',#3701);
#1880=VERTEX_POINT('',#3711);
#1881=VERTEX_POINT('',#3712);
#1882=VERTEX_POINT('',#3714);
#1883=VERTEX_POINT('',#3716);
#1884=VERTEX_POINT('',#3720);
#1885=VERTEX_POINT('',#3722);
#1886=VERTEX_POINT('',#3748);
#1887=VERTEX_POINT('',#3750);
#1888=VERTEX_POINT('',#3767);
#1889=VERTEX_POINT('',#3768);
#1890=VERTEX_POINT('',#3770);
#1891=VERTEX_POINT('',#3772);
#1892=VERTEX_POINT('',#3776);
#1893=VERTEX_POINT('',#3778);
#1894=VERTEX_POINT('',#3780);
#1895=VERTEX_POINT('',#3784);
#1896=VERTEX_POINT('',#3786);
#1897=VERTEX_POINT('',#3790);
#1898=VERTEX_POINT('',#3799);
#1899=VERTEX_POINT('',#3800);
#1900=VERTEX_POINT('',#3802);
#1901=VERTEX_POINT('',#3804);
#1902=VERTEX_POINT('',#3808);
#1903=VERTEX_POINT('',#3809);
#1904=VERTEX_POINT('',#3814);
#1905=VERTEX_POINT('',#3815);
#1906=VERTEX_POINT('',#3826);
#1907=VERTEX_POINT('',#3827);
#1908=VERTEX_POINT('',#3829);
#1909=VERTEX_POINT('',#3831);
#1910=VERTEX_POINT('',#3835);
#1911=VERTEX_POINT('',#3837);
#1912=VERTEX_POINT('',#3841);
#1913=VERTEX_POINT('',#3843);
#1914=VERTEX_POINT('',#3850);
#1915=VERTEX_POINT('',#3851);
#1916=VERTEX_POINT('',#3853);
#1917=VERTEX_POINT('',#3855);
#1918=VERTEX_POINT('',#3858);
#1919=VERTEX_POINT('',#3861);
#1920=VERTEX_POINT('',#3865);
#1921=VERTEX_POINT('',#3867);
#1922=VERTEX_POINT('',#3871);
#1923=VERTEX_POINT('',#3875);
#1924=VERTEX_POINT('',#3883);
#1925=VERTEX_POINT('',#3884);
#1926=VERTEX_POINT('',#3886);
#1927=VERTEX_POINT('',#3888);
#1928=VERTEX_POINT('',#3892);
#1929=VERTEX_POINT('',#3894);
#1930=VERTEX_POINT('',#3898);
#1931=VERTEX_POINT('',#3900);
#1932=VERTEX_POINT('',#3907);
#1933=VERTEX_POINT('',#3910);
#1934=VERTEX_POINT('',#3913);
#1935=VERTEX_POINT('',#3918);
#1936=VERTEX_POINT('',#3919);
#1937=VERTEX_POINT('',#3921);
#1938=VERTEX_POINT('',#3923);
#1939=VERTEX_POINT('',#3927);
#1940=VERTEX_POINT('',#3928);
#1941=VERTEX_POINT('',#3933);
#1942=VERTEX_POINT('',#3934);
#1943=VERTEX_POINT('',#3945);
#1944=VERTEX_POINT('',#3946);
#1945=VERTEX_POINT('',#3948);
#1946=VERTEX_POINT('',#3950);
#1947=VERTEX_POINT('',#3954);
#1948=VERTEX_POINT('',#3956);
#1949=VERTEX_POINT('',#3970);
#1950=VERTEX_POINT('',#3972);
#1951=VERTEX_POINT('',#3979);
#1952=VERTEX_POINT('',#3981);
#1953=VERTEX_POINT('',#3995);
#1954=VERTEX_POINT('',#3997);
#1955=VERTEX_POINT('',#4004);
#1956=VERTEX_POINT('',#4006);
#1957=VERTEX_POINT('',#4010);
#1958=VERTEX_POINT('',#4012);
#1959=VERTEX_POINT('',#4016);
#1960=VERTEX_POINT('',#4018);
#1961=VERTEX_POINT('',#4032);
#1962=VERTEX_POINT('',#4034);
#1963=VERTEX_POINT('',#4041);
#1964=VERTEX_POINT('',#4043);
#1965=VERTEX_POINT('',#4057);
#1966=VERTEX_POINT('',#4059);
#1967=VERTEX_POINT('',#4066);
#1968=VERTEX_POINT('',#4068);
#1969=VERTEX_POINT('',#4072);
#1970=VERTEX_POINT('',#4074);
#1971=VERTEX_POINT('',#4078);
#1972=VERTEX_POINT('',#4080);
#1973=VERTEX_POINT('',#4094);
#1974=VERTEX_POINT('',#4096);
#1975=VERTEX_POINT('',#4103);
#1976=VERTEX_POINT('',#4105);
#1977=VERTEX_POINT('',#4119);
#1978=VERTEX_POINT('',#4121);
#1979=VERTEX_POINT('',#4128);
#1980=VERTEX_POINT('',#4130);
#1981=VERTEX_POINT('',#4134);
#1982=VERTEX_POINT('',#4136);
#1983=VERTEX_POINT('',#4140);
#1984=VERTEX_POINT('',#4142);
#1985=VERTEX_POINT('',#4156);
#1986=VERTEX_POINT('',#4158);
#1987=VERTEX_POINT('',#4165);
#1988=VERTEX_POINT('',#4167);
#1989=VERTEX_POINT('',#4181);
#1990=VERTEX_POINT('',#4183);
#1991=VERTEX_POINT('',#4190);
#1992=VERTEX_POINT('',#4192);
#1993=VERTEX_POINT('',#4196);
#1994=VERTEX_POINT('',#4198);
#1995=VERTEX_POINT('',#4202);
#1996=VERTEX_POINT('',#4204);
#1997=VERTEX_POINT('',#4218);
#1998=VERTEX_POINT('',#4220);
#1999=VERTEX_POINT('',#4227);
#2000=VERTEX_POINT('',#4229);
#2001=VERTEX_POINT('',#4243);
#2002=VERTEX_POINT('',#4245);
#2003=VERTEX_POINT('',#4252);
#2004=VERTEX_POINT('',#4254);
#2005=VERTEX_POINT('',#4258);
#2006=VERTEX_POINT('',#4260);
#2007=VERTEX_POINT('',#4264);
#2008=VERTEX_POINT('',#4266);
#2009=VERTEX_POINT('',#4280);
#2010=VERTEX_POINT('',#4282);
#2011=VERTEX_POINT('',#4289);
#2012=VERTEX_POINT('',#4291);
#2013=VERTEX_POINT('',#4305);
#2014=VERTEX_POINT('',#4307);
#2015=VERTEX_POINT('',#4314);
#2016=VERTEX_POINT('',#4316);
#2017=VERTEX_POINT('',#4320);
#2018=VERTEX_POINT('',#4322);
#2019=VERTEX_POINT('',#4326);
#2020=VERTEX_POINT('',#4328);
#2021=VERTEX_POINT('',#4342);
#2022=VERTEX_POINT('',#4344);
#2023=VERTEX_POINT('',#4351);
#2024=VERTEX_POINT('',#4353);
#2025=VERTEX_POINT('',#4367);
#2026=VERTEX_POINT('',#4369);
#2027=VERTEX_POINT('',#4376);
#2028=VERTEX_POINT('',#4378);
#2029=VERTEX_POINT('',#4382);
#2030=VERTEX_POINT('',#4384);
#2031=VERTEX_POINT('',#4388);
#2032=VERTEX_POINT('',#4390);
#2033=VERTEX_POINT('',#4404);
#2034=VERTEX_POINT('',#4406);
#2035=VERTEX_POINT('',#4413);
#2036=VERTEX_POINT('',#4415);
#2037=VERTEX_POINT('',#4429);
#2038=VERTEX_POINT('',#4431);
#2039=VERTEX_POINT('',#4438);
#2040=VERTEX_POINT('',#4440);
#2041=VERTEX_POINT('',#4444);
#2042=VERTEX_POINT('',#4446);
#2043=VERTEX_POINT('',#4450);
#2044=VERTEX_POINT('',#4452);
#2045=VERTEX_POINT('',#4466);
#2046=VERTEX_POINT('',#4468);
#2047=VERTEX_POINT('',#4475);
#2048=VERTEX_POINT('',#4477);
#2049=VERTEX_POINT('',#4491);
#2050=VERTEX_POINT('',#4493);
#2051=VERTEX_POINT('',#4500);
#2052=VERTEX_POINT('',#4502);
#2053=VERTEX_POINT('',#4506);
#2054=VERTEX_POINT('',#4508);
#2055=VERTEX_POINT('',#4512);
#2056=VERTEX_POINT('',#4514);
#2057=VERTEX_POINT('',#4528);
#2058=VERTEX_POINT('',#4530);
#2059=VERTEX_POINT('',#4537);
#2060=VERTEX_POINT('',#4539);
#2061=VERTEX_POINT('',#4553);
#2062=VERTEX_POINT('',#4555);
#2063=VERTEX_POINT('',#4562);
#2064=VERTEX_POINT('',#4564);
#2065=VERTEX_POINT('',#4568);
#2066=VERTEX_POINT('',#4570);
#2067=VERTEX_POINT('',#4574);
#2068=VERTEX_POINT('',#4576);
#2069=VERTEX_POINT('',#4590);
#2070=VERTEX_POINT('',#4592);
#2071=VERTEX_POINT('',#4599);
#2072=VERTEX_POINT('',#4601);
#2073=VERTEX_POINT('',#4615);
#2074=VERTEX_POINT('',#4617);
#2075=VERTEX_POINT('',#4624);
#2076=VERTEX_POINT('',#4626);
#2077=VERTEX_POINT('',#4630);
#2078=VERTEX_POINT('',#4632);
#2079=VERTEX_POINT('',#4636);
#2080=VERTEX_POINT('',#4638);
#2081=VERTEX_POINT('',#4652);
#2082=VERTEX_POINT('',#4654);
#2083=VERTEX_POINT('',#4661);
#2084=VERTEX_POINT('',#4663);
#2085=VERTEX_POINT('',#4677);
#2086=VERTEX_POINT('',#4679);
#2087=VERTEX_POINT('',#4686);
#2088=VERTEX_POINT('',#4688);
#2089=VERTEX_POINT('',#4692);
#2090=VERTEX_POINT('',#4694);
#2091=VERTEX_POINT('',#4698);
#2092=VERTEX_POINT('',#4700);
#2093=VERTEX_POINT('',#4714);
#2094=VERTEX_POINT('',#4716);
#2095=VERTEX_POINT('',#4723);
#2096=VERTEX_POINT('',#4725);
#2097=VERTEX_POINT('',#4739);
#2098=VERTEX_POINT('',#4741);
#2099=VERTEX_POINT('',#4748);
#2100=VERTEX_POINT('',#4750);
#2101=VERTEX_POINT('',#4754);
#2102=VERTEX_POINT('',#4756);
#2103=VERTEX_POINT('',#4760);
#2104=VERTEX_POINT('',#4762);
#2105=VERTEX_POINT('',#4776);
#2106=VERTEX_POINT('',#4778);
#2107=VERTEX_POINT('',#4785);
#2108=VERTEX_POINT('',#4787);
#2109=VERTEX_POINT('',#4801);
#2110=VERTEX_POINT('',#4803);
#2111=VERTEX_POINT('',#4810);
#2112=VERTEX_POINT('',#4812);
#2113=VERTEX_POINT('',#4816);
#2114=VERTEX_POINT('',#4818);
#2115=VERTEX_POINT('',#4822);
#2116=VERTEX_POINT('',#4824);
#2117=VERTEX_POINT('',#4838);
#2118=VERTEX_POINT('',#4840);
#2119=VERTEX_POINT('',#4847);
#2120=VERTEX_POINT('',#4849);
#2121=VERTEX_POINT('',#4863);
#2122=VERTEX_POINT('',#4865);
#2123=VERTEX_POINT('',#4872);
#2124=VERTEX_POINT('',#4874);
#2125=VERTEX_POINT('',#4878);
#2126=VERTEX_POINT('',#4880);
#2127=VERTEX_POINT('',#4884);
#2128=VERTEX_POINT('',#4886);
#2129=VERTEX_POINT('',#4900);
#2130=VERTEX_POINT('',#4902);
#2131=VERTEX_POINT('',#4909);
#2132=VERTEX_POINT('',#4911);
#2133=VERTEX_POINT('',#4925);
#2134=VERTEX_POINT('',#4927);
#2135=VERTEX_POINT('',#4937);
#2136=VERTEX_POINT('',#4940);
#2137=VERTEX_POINT('',#4943);
#2138=VERTEX_POINT('',#4946);
#2139=B_SPLINE_CURVE_WITH_KNOTS('',4,(#3687,#3688,#3689,#3690,#3691),
 .UNSPECIFIED.,.F.,.F.,(5,5),(0.,1.),.PIECEWISE_BEZIER_KNOTS.);
#2140=B_SPLINE_CURVE_WITH_KNOTS('',4,(#3696,#3697,#3698,#3699,#3700),
 .UNSPECIFIED.,.F.,.F.,(5,5),(0.,1.),.PIECEWISE_BEZIER_KNOTS.);
#2141=B_SPLINE_CURVE_WITH_KNOTS('',3,(#3740,#3741,#3742,#3743,#3744,#3745,
#3746,#3747),.UNSPECIFIED.,.F.,.F.,(4,1,1,1,1,4),(0.,0.201010965864291,
0.396928911056457,0.608164109615667,0.804082054807834,1.),.UNSPECIFIED.);
#2142=B_SPLINE_CURVE_WITH_KNOTS('',3,(#3751,#3752,#3753,#3754,#3755,#3756,
#3757,#3758),.UNSPECIFIED.,.F.,.F.,(4,1,1,1,1,4),(0.,0.201010965864291,
0.396928911056457,0.608164109615667,0.804082054807834,1.),.UNSPECIFIED.);
#2143=B_SPLINE_CURVE_WITH_KNOTS('',3,(#3966,#3967,#3968,#3969),
 .UNSPECIFIED.,.F.,.F.,(4,4),(0.,1.),.PIECEWISE_BEZIER_KNOTS.);
#2144=B_SPLINE_CURVE_WITH_KNOTS('',3,(#3973,#3974,#3975,#3976),
 .UNSPECIFIED.,.F.,.F.,(4,4),(0.,1.),.PIECEWISE_BEZIER_KNOTS.);
#2145=B_SPLINE_CURVE_WITH_KNOTS('',3,(#3991,#3992,#3993,#3994),
 .UNSPECIFIED.,.F.,.F.,(4,4),(0.,1.),.PIECEWISE_BEZIER_KNOTS.);
#2146=B_SPLINE_CURVE_WITH_KNOTS('',3,(#3998,#3999,#4000,#4001),
 .UNSPECIFIED.,.F.,.F.,(4,4),(0.,1.),.PIECEWISE_BEZIER_KNOTS.);
#2147=B_SPLINE_CURVE_WITH_KNOTS('',3,(#4028,#4029,#4030,#4031),
 .UNSPECIFIED.,.F.,.F.,(4,4),(0.,1.),.PIECEWISE_BEZIER_KNOTS.);
#2148=B_SPLINE_CURVE_WITH_KNOTS('',3,(#4035,#4036,#4037,#4038),
 .UNSPECIFIED.,.F.,.F.,(4,4),(0.,1.),.PIECEWISE_BEZIER_KNOTS.);
#2149=B_SPLINE_CURVE_WITH_KNOTS('',3,(#4053,#4054,#4055,#4056),
 .UNSPECIFIED.,.F.,.F.,(4,4),(0.,1.),.PIECEWISE_BEZIER_KNOTS.);
#2150=B_SPLINE_CURVE_WITH_KNOTS('',3,(#4060,#4061,#4062,#4063),
 .UNSPECIFIED.,.F.,.F.,(4,4),(0.,1.),.PIECEWISE_BEZIER_KNOTS.);
#2151=B_SPLINE_CURVE_WITH_KNOTS('',3,(#4090,#4091,#4092,#4093),
 .UNSPECIFIED.,.F.,.F.,(4,4),(0.,1.),.PIECEWISE_BEZIER_KNOTS.);
#2152=B_SPLINE_CURVE_WITH_KNOTS('',3,(#4097,#4098,#4099,#4100),
 .UNSPECIFIED.,.F.,.F.,(4,4),(0.,1.),.PIECEWISE_BEZIER_KNOTS.);
#2153=B_SPLINE_CURVE_WITH_KNOTS('',3,(#4115,#4116,#4117,#4118),
 .UNSPECIFIED.,.F.,.F.,(4,4),(0.,1.),.PIECEWISE_BEZIER_KNOTS.);
#2154=B_SPLINE_CURVE_WITH_KNOTS('',3,(#4122,#4123,#4124,#4125),
 .UNSPECIFIED.,.F.,.F.,(4,4),(0.,1.),.PIECEWISE_BEZIER_KNOTS.);
#2155=B_SPLINE_CURVE_WITH_KNOTS('',3,(#4152,#4153,#4154,#4155),
 .UNSPECIFIED.,.F.,.F.,(4,4),(0.,1.),.PIECEWISE_BEZIER_KNOTS.);
#2156=B_SPLINE_CURVE_WITH_KNOTS('',3,(#4159,#4160,#4161,#4162),
 .UNSPECIFIED.,.F.,.F.,(4,4),(0.,1.),.PIECEWISE_BEZIER_KNOTS.);
#2157=B_SPLINE_CURVE_WITH_KNOTS('',3,(#4177,#4178,#4179,#4180),
 .UNSPECIFIED.,.F.,.F.,(4,4),(0.,1.),.PIECEWISE_BEZIER_KNOTS.);
#2158=B_SPLINE_CURVE_WITH_KNOTS('',3,(#4184,#4185,#4186,#4187),
 .UNSPECIFIED.,.F.,.F.,(4,4),(0.,1.),.PIECEWISE_BEZIER_KNOTS.);
#2159=B_SPLINE_CURVE_WITH_KNOTS('',3,(#4214,#4215,#4216,#4217),
 .UNSPECIFIED.,.F.,.F.,(4,4),(0.,1.),.PIECEWISE_BEZIER_KNOTS.);
#2160=B_SPLINE_CURVE_WITH_KNOTS('',3,(#4221,#4222,#4223,#4224),
 .UNSPECIFIED.,.F.,.F.,(4,4),(0.,1.),.PIECEWISE_BEZIER_KNOTS.);
#2161=B_SPLINE_CURVE_WITH_KNOTS('',3,(#4239,#4240,#4241,#4242),
 .UNSPECIFIED.,.F.,.F.,(4,4),(0.,1.),.PIECEWISE_BEZIER_KNOTS.);
#2162=B_SPLINE_CURVE_WITH_KNOTS('',3,(#4246,#4247,#4248,#4249),
 .UNSPECIFIED.,.F.,.F.,(4,4),(0.,1.),.PIECEWISE_BEZIER_KNOTS.);
#2163=B_SPLINE_CURVE_WITH_KNOTS('',3,(#4276,#4277,#4278,#4279),
 .UNSPECIFIED.,.F.,.F.,(4,4),(0.,1.),.PIECEWISE_BEZIER_KNOTS.);
#2164=B_SPLINE_CURVE_WITH_KNOTS('',3,(#4283,#4284,#4285,#4286),
 .UNSPECIFIED.,.F.,.F.,(4,4),(0.,1.),.PIECEWISE_BEZIER_KNOTS.);
#2165=B_SPLINE_CURVE_WITH_KNOTS('',3,(#4301,#4302,#4303,#4304),
 .UNSPECIFIED.,.F.,.F.,(4,4),(0.,1.),.PIECEWISE_BEZIER_KNOTS.);
#2166=B_SPLINE_CURVE_WITH_KNOTS('',3,(#4308,#4309,#4310,#4311),
 .UNSPECIFIED.,.F.,.F.,(4,4),(0.,1.),.PIECEWISE_BEZIER_KNOTS.);
#2167=B_SPLINE_CURVE_WITH_KNOTS('',3,(#4338,#4339,#4340,#4341),
 .UNSPECIFIED.,.F.,.F.,(4,4),(0.,1.),.PIECEWISE_BEZIER_KNOTS.);
#2168=B_SPLINE_CURVE_WITH_KNOTS('',3,(#4345,#4346,#4347,#4348),
 .UNSPECIFIED.,.F.,.F.,(4,4),(0.,1.),.PIECEWISE_BEZIER_KNOTS.);
#2169=B_SPLINE_CURVE_WITH_KNOTS('',3,(#4363,#4364,#4365,#4366),
 .UNSPECIFIED.,.F.,.F.,(4,4),(0.,1.),.PIECEWISE_BEZIER_KNOTS.);
#2170=B_SPLINE_CURVE_WITH_KNOTS('',3,(#4370,#4371,#4372,#4373),
 .UNSPECIFIED.,.F.,.F.,(4,4),(0.,1.),.PIECEWISE_BEZIER_KNOTS.);
#2171=B_SPLINE_CURVE_WITH_KNOTS('',3,(#4400,#4401,#4402,#4403),
 .UNSPECIFIED.,.F.,.F.,(4,4),(0.,1.),.PIECEWISE_BEZIER_KNOTS.);
#2172=B_SPLINE_CURVE_WITH_KNOTS('',3,(#4407,#4408,#4409,#4410),
 .UNSPECIFIED.,.F.,.F.,(4,4),(0.,1.),.PIECEWISE_BEZIER_KNOTS.);
#2173=B_SPLINE_CURVE_WITH_KNOTS('',3,(#4425,#4426,#4427,#4428),
 .UNSPECIFIED.,.F.,.F.,(4,4),(0.,1.),.PIECEWISE_BEZIER_KNOTS.);
#2174=B_SPLINE_CURVE_WITH_KNOTS('',3,(#4432,#4433,#4434,#4435),
 .UNSPECIFIED.,.F.,.F.,(4,4),(0.,1.),.PIECEWISE_BEZIER_KNOTS.);
#2175=B_SPLINE_CURVE_WITH_KNOTS('',3,(#4462,#4463,#4464,#4465),
 .UNSPECIFIED.,.F.,.F.,(4,4),(0.,1.),.PIECEWISE_BEZIER_KNOTS.);
#2176=B_SPLINE_CURVE_WITH_KNOTS('',3,(#4469,#4470,#4471,#4472),
 .UNSPECIFIED.,.F.,.F.,(4,4),(0.,1.),.PIECEWISE_BEZIER_KNOTS.);
#2177=B_SPLINE_CURVE_WITH_KNOTS('',3,(#4487,#4488,#4489,#4490),
 .UNSPECIFIED.,.F.,.F.,(4,4),(0.,1.),.PIECEWISE_BEZIER_KNOTS.);
#2178=B_SPLINE_CURVE_WITH_KNOTS('',3,(#4494,#4495,#4496,#4497),
 .UNSPECIFIED.,.F.,.F.,(4,4),(0.,1.),.PIECEWISE_BEZIER_KNOTS.);
#2179=B_SPLINE_CURVE_WITH_KNOTS('',3,(#4524,#4525,#4526,#4527),
 .UNSPECIFIED.,.F.,.F.,(4,4),(0.,1.),.PIECEWISE_BEZIER_KNOTS.);
#2180=B_SPLINE_CURVE_WITH_KNOTS('',3,(#4531,#4532,#4533,#4534),
 .UNSPECIFIED.,.F.,.F.,(4,4),(0.,1.),.PIECEWISE_BEZIER_KNOTS.);
#2181=B_SPLINE_CURVE_WITH_KNOTS('',3,(#4549,#4550,#4551,#4552),
 .UNSPECIFIED.,.F.,.F.,(4,4),(0.,1.),.PIECEWISE_BEZIER_KNOTS.);
#2182=B_SPLINE_CURVE_WITH_KNOTS('',3,(#4556,#4557,#4558,#4559),
 .UNSPECIFIED.,.F.,.F.,(4,4),(0.,1.),.PIECEWISE_BEZIER_KNOTS.);
#2183=B_SPLINE_CURVE_WITH_KNOTS('',3,(#4586,#4587,#4588,#4589),
 .UNSPECIFIED.,.F.,.F.,(4,4),(0.,1.),.PIECEWISE_BEZIER_KNOTS.);
#2184=B_SPLINE_CURVE_WITH_KNOTS('',3,(#4593,#4594,#4595,#4596),
 .UNSPECIFIED.,.F.,.F.,(4,4),(0.,1.),.PIECEWISE_BEZIER_KNOTS.);
#2185=B_SPLINE_CURVE_WITH_KNOTS('',3,(#4611,#4612,#4613,#4614),
 .UNSPECIFIED.,.F.,.F.,(4,4),(0.,1.),.PIECEWISE_BEZIER_KNOTS.);
#2186=B_SPLINE_CURVE_WITH_KNOTS('',3,(#4618,#4619,#4620,#4621),
 .UNSPECIFIED.,.F.,.F.,(4,4),(0.,1.),.PIECEWISE_BEZIER_KNOTS.);
#2187=B_SPLINE_CURVE_WITH_KNOTS('',3,(#4648,#4649,#4650,#4651),
 .UNSPECIFIED.,.F.,.F.,(4,4),(0.,1.),.PIECEWISE_BEZIER_KNOTS.);
#2188=B_SPLINE_CURVE_WITH_KNOTS('',3,(#4655,#4656,#4657,#4658),
 .UNSPECIFIED.,.F.,.F.,(4,4),(0.,1.),.PIECEWISE_BEZIER_KNOTS.);
#2189=B_SPLINE_CURVE_WITH_KNOTS('',3,(#4673,#4674,#4675,#4676),
 .UNSPECIFIED.,.F.,.F.,(4,4),(0.,1.),.PIECEWISE_BEZIER_KNOTS.);
#2190=B_SPLINE_CURVE_WITH_KNOTS('',3,(#4680,#4681,#4682,#4683),
 .UNSPECIFIED.,.F.,.F.,(4,4),(0.,1.),.PIECEWISE_BEZIER_KNOTS.);
#2191=B_SPLINE_CURVE_WITH_KNOTS('',3,(#4710,#4711,#4712,#4713),
 .UNSPECIFIED.,.F.,.F.,(4,4),(0.,1.),.PIECEWISE_BEZIER_KNOTS.);
#2192=B_SPLINE_CURVE_WITH_KNOTS('',3,(#4717,#4718,#4719,#4720),
 .UNSPECIFIED.,.F.,.F.,(4,4),(0.,1.),.PIECEWISE_BEZIER_KNOTS.);
#2193=B_SPLINE_CURVE_WITH_KNOTS('',3,(#4735,#4736,#4737,#4738),
 .UNSPECIFIED.,.F.,.F.,(4,4),(0.,1.),.PIECEWISE_BEZIER_KNOTS.);
#2194=B_SPLINE_CURVE_WITH_KNOTS('',3,(#4742,#4743,#4744,#4745),
 .UNSPECIFIED.,.F.,.F.,(4,4),(0.,1.),.PIECEWISE_BEZIER_KNOTS.);
#2195=B_SPLINE_CURVE_WITH_KNOTS('',3,(#4772,#4773,#4774,#4775),
 .UNSPECIFIED.,.F.,.F.,(4,4),(0.,1.),.PIECEWISE_BEZIER_KNOTS.);
#2196=B_SPLINE_CURVE_WITH_KNOTS('',3,(#4779,#4780,#4781,#4782),
 .UNSPECIFIED.,.F.,.F.,(4,4),(0.,1.),.PIECEWISE_BEZIER_KNOTS.);
#2197=B_SPLINE_CURVE_WITH_KNOTS('',3,(#4797,#4798,#4799,#4800),
 .UNSPECIFIED.,.F.,.F.,(4,4),(0.,1.),.PIECEWISE_BEZIER_KNOTS.);
#2198=B_SPLINE_CURVE_WITH_KNOTS('',3,(#4804,#4805,#4806,#4807),
 .UNSPECIFIED.,.F.,.F.,(4,4),(0.,1.),.PIECEWISE_BEZIER_KNOTS.);
#2199=B_SPLINE_CURVE_WITH_KNOTS('',3,(#4834,#4835,#4836,#4837),
 .UNSPECIFIED.,.F.,.F.,(4,4),(0.,1.),.PIECEWISE_BEZIER_KNOTS.);
#2200=B_SPLINE_CURVE_WITH_KNOTS('',3,(#4841,#4842,#4843,#4844),
 .UNSPECIFIED.,.F.,.F.,(4,4),(0.,1.),.PIECEWISE_BEZIER_KNOTS.);
#2201=B_SPLINE_CURVE_WITH_KNOTS('',3,(#4859,#4860,#4861,#4862),
 .UNSPECIFIED.,.F.,.F.,(4,4),(0.,1.),.PIECEWISE_BEZIER_KNOTS.);
#2202=B_SPLINE_CURVE_WITH_KNOTS('',3,(#4866,#4867,#4868,#4869),
 .UNSPECIFIED.,.F.,.F.,(4,4),(0.,1.),.PIECEWISE_BEZIER_KNOTS.);
#2203=B_SPLINE_CURVE_WITH_KNOTS('',3,(#4896,#4897,#4898,#4899),
 .UNSPECIFIED.,.F.,.F.,(4,4),(0.,1.),.PIECEWISE_BEZIER_KNOTS.);
#2204=B_SPLINE_CURVE_WITH_KNOTS('',3,(#4903,#4904,#4905,#4906),
 .UNSPECIFIED.,.F.,.F.,(4,4),(0.,1.),.PIECEWISE_BEZIER_KNOTS.);
#2205=B_SPLINE_CURVE_WITH_KNOTS('',3,(#4921,#4922,#4923,#4924),
 .UNSPECIFIED.,.F.,.F.,(4,4),(0.,1.),.PIECEWISE_BEZIER_KNOTS.);
#2206=B_SPLINE_CURVE_WITH_KNOTS('',3,(#4928,#4929,#4930,#4931),
 .UNSPECIFIED.,.F.,.F.,(4,4),(0.,1.),.PIECEWISE_BEZIER_KNOTS.);
#2207=EDGE_LOOP('',(#709,#710,#711,#712));
#2208=EDGE_LOOP('',(#713,#714,#715,#716));
#2209=EDGE_LOOP('',(#717,#718));
#2210=EDGE_LOOP('',(#719,#720));
#2211=EDGE_LOOP('',(#721,#722,#723,#724));
#2212=EDGE_LOOP('',(#725,#726,#727,#728));
#2213=EDGE_LOOP('',(#729,#730,#731,#732));
#2214=EDGE_LOOP('',(#733,#734,#735,#736));
#2215=EDGE_LOOP('',(#737,#738,#739,#740));
#2216=EDGE_LOOP('',(#741,#742,#743,#744));
#2217=EDGE_LOOP('',(#745,#746,#747,#748));
#2218=EDGE_LOOP('',(#749));
#2219=EDGE_LOOP('',(#750,#751,#752,#753));
#2220=EDGE_LOOP('',(#754,#755,#756,#757));
#2221=EDGE_LOOP('',(#758));
#2222=EDGE_LOOP('',(#759,#760,#761,#762));
#2223=EDGE_LOOP('',(#763,#764,#765,#766));
#2224=EDGE_LOOP('',(#767,#768,#769,#770));
#2225=EDGE_LOOP('',(#771));
#2226=EDGE_LOOP('',(#772));
#2227=EDGE_LOOP('',(#773,#774,#775,#776));
#2228=EDGE_LOOP('',(#777,#778,#779,#780));
#2229=EDGE_LOOP('',(#781,#782,#783,#784));
#2230=EDGE_LOOP('',(#785,#786,#787,#788));
#2231=EDGE_LOOP('',(#789,#790,#791,#792));
#2232=EDGE_LOOP('',(#793,#794,#795,#796));
#2233=EDGE_LOOP('',(#797,#798,#799,#800));
#2234=EDGE_LOOP('',(#801,#802,#803,#804));
#2235=EDGE_LOOP('',(#805,#806,#807,#808));
#2236=EDGE_LOOP('',(#809,#810,#811,#812));
#2237=EDGE_LOOP('',(#813,#814,#815,#816));
#2238=EDGE_LOOP('',(#817));
#2239=EDGE_LOOP('',(#818,#819,#820,#821));
#2240=EDGE_LOOP('',(#822));
#2241=EDGE_LOOP('',(#823,#824,#825,#826));
#2242=EDGE_LOOP('',(#827));
#2243=EDGE_LOOP('',(#828));
#2244=EDGE_LOOP('',(#829,#830,#831,#832));
#2245=EDGE_LOOP('',(#833,#834,#835,#836));
#2246=EDGE_LOOP('',(#837,#838,#839,#840));
#2247=EDGE_LOOP('',(#841,#842,#843,#844));
#2248=EDGE_LOOP('',(#845,#846,#847,#848));
#2249=EDGE_LOOP('',(#849,#850,#851,#852));
#2250=EDGE_LOOP('',(#853,#854,#855,#856));
#2251=EDGE_LOOP('',(#857,#858,#859,#860));
#2252=EDGE_LOOP('',(#861,#862,#863,#864));
#2253=EDGE_LOOP('',(#865));
#2254=EDGE_LOOP('',(#866,#867,#868,#869));
#2255=EDGE_LOOP('',(#870));
#2256=EDGE_LOOP('',(#871,#872,#873,#874));
#2257=EDGE_LOOP('',(#875));
#2258=EDGE_LOOP('',(#876));
#2259=EDGE_LOOP('',(#877));
#2260=EDGE_LOOP('',(#878));
#2261=EDGE_LOOP('',(#879,#880,#881,#882));
#2262=EDGE_LOOP('',(#883,#884,#885,#886));
#2263=EDGE_LOOP('',(#887,#888,#889,#890));
#2264=EDGE_LOOP('',(#891,#892,#893,#894));
#2265=EDGE_LOOP('',(#895,#896,#897,#898));
#2266=EDGE_LOOP('',(#899,#900,#901,#902));
#2267=EDGE_LOOP('',(#903,#904,#905,#906));
#2268=EDGE_LOOP('',(#907,#908,#909,#910));
#2269=EDGE_LOOP('',(#911,#912,#913,#914));
#2270=EDGE_LOOP('',(#915,#916,#917,#918));
#2271=EDGE_LOOP('',(#919,#920,#921,#922));
#2272=EDGE_LOOP('',(#923,#924,#925,#926));
#2273=EDGE_LOOP('',(#927,#928,#929,#930));
#2274=EDGE_LOOP('',(#931,#932,#933,#934));
#2275=EDGE_LOOP('',(#935,#936,#937,#938));
#2276=EDGE_LOOP('',(#939,#940,#941,#942));
#2277=EDGE_LOOP('',(#943,#944,#945,#946));
#2278=EDGE_LOOP('',(#947,#948,#949,#950));
#2279=EDGE_LOOP('',(#951,#952,#953,#954));
#2280=EDGE_LOOP('',(#955,#956,#957,#958));
#2281=EDGE_LOOP('',(#959,#960,#961,#962));
#2282=EDGE_LOOP('',(#963,#964,#965,#966));
#2283=EDGE_LOOP('',(#967,#968,#969,#970));
#2284=EDGE_LOOP('',(#971,#972,#973,#974));
#2285=EDGE_LOOP('',(#975,#976,#977,#978));
#2286=EDGE_LOOP('',(#979,#980,#981,#982));
#2287=EDGE_LOOP('',(#983,#984,#985,#986));
#2288=EDGE_LOOP('',(#987,#988,#989,#990));
#2289=EDGE_LOOP('',(#991,#992,#993,#994));
#2290=EDGE_LOOP('',(#995,#996,#997,#998));
#2291=EDGE_LOOP('',(#999,#1000,#1001,#1002));
#2292=EDGE_LOOP('',(#1003,#1004,#1005,#1006));
#2293=EDGE_LOOP('',(#1007,#1008,#1009,#1010));
#2294=EDGE_LOOP('',(#1011,#1012,#1013,#1014));
#2295=EDGE_LOOP('',(#1015,#1016,#1017,#1018));
#2296=EDGE_LOOP('',(#1019,#1020,#1021,#1022));
#2297=EDGE_LOOP('',(#1023,#1024,#1025,#1026));
#2298=EDGE_LOOP('',(#1027,#1028,#1029,#1030));
#2299=EDGE_LOOP('',(#1031,#1032,#1033,#1034));
#2300=EDGE_LOOP('',(#1035,#1036,#1037,#1038));
#2301=EDGE_LOOP('',(#1039,#1040,#1041,#1042));
#2302=EDGE_LOOP('',(#1043,#1044,#1045,#1046));
#2303=EDGE_LOOP('',(#1047,#1048,#1049,#1050));
#2304=EDGE_LOOP('',(#1051,#1052,#1053,#1054));
#2305=EDGE_LOOP('',(#1055,#1056,#1057,#1058));
#2306=EDGE_LOOP('',(#1059,#1060,#1061,#1062));
#2307=EDGE_LOOP('',(#1063,#1064,#1065,#1066));
#2308=EDGE_LOOP('',(#1067,#1068,#1069,#1070));
#2309=EDGE_LOOP('',(#1071,#1072,#1073,#1074));
#2310=EDGE_LOOP('',(#1075,#1076,#1077,#1078));
#2311=EDGE_LOOP('',(#1079,#1080,#1081,#1082));
#2312=EDGE_LOOP('',(#1083,#1084,#1085,#1086));
#2313=EDGE_LOOP('',(#1087,#1088,#1089,#1090));
#2314=EDGE_LOOP('',(#1091,#1092,#1093,#1094));
#2315=EDGE_LOOP('',(#1095,#1096,#1097,#1098));
#2316=EDGE_LOOP('',(#1099,#1100,#1101,#1102));
#2317=EDGE_LOOP('',(#1103,#1104,#1105,#1106));
#2318=EDGE_LOOP('',(#1107,#1108,#1109,#1110));
#2319=EDGE_LOOP('',(#1111,#1112,#1113,#1114));
#2320=EDGE_LOOP('',(#1115,#1116,#1117,#1118));
#2321=EDGE_LOOP('',(#1119,#1120,#1121,#1122));
#2322=EDGE_LOOP('',(#1123,#1124,#1125,#1126));
#2323=EDGE_LOOP('',(#1127,#1128,#1129,#1130));
#2324=EDGE_LOOP('',(#1131,#1132,#1133,#1134));
#2325=EDGE_LOOP('',(#1135,#1136,#1137,#1138));
#2326=EDGE_LOOP('',(#1139,#1140,#1141,#1142));
#2327=EDGE_LOOP('',(#1143,#1144,#1145,#1146));
#2328=EDGE_LOOP('',(#1147,#1148,#1149,#1150));
#2329=EDGE_LOOP('',(#1151,#1152,#1153,#1154));
#2330=EDGE_LOOP('',(#1155,#1156,#1157,#1158));
#2331=EDGE_LOOP('',(#1159,#1160,#1161,#1162));
#2332=EDGE_LOOP('',(#1163,#1164,#1165,#1166));
#2333=EDGE_LOOP('',(#1167,#1168,#1169,#1170));
#2334=EDGE_LOOP('',(#1171,#1172,#1173,#1174));
#2335=EDGE_LOOP('',(#1175,#1176,#1177,#1178));
#2336=EDGE_LOOP('',(#1179,#1180,#1181,#1182));
#2337=EDGE_LOOP('',(#1183,#1184,#1185,#1186));
#2338=EDGE_LOOP('',(#1187,#1188,#1189,#1190));
#2339=EDGE_LOOP('',(#1191,#1192,#1193,#1194));
#2340=EDGE_LOOP('',(#1195,#1196,#1197,#1198));
#2341=EDGE_LOOP('',(#1199,#1200,#1201,#1202));
#2342=EDGE_LOOP('',(#1203,#1204,#1205,#1206));
#2343=EDGE_LOOP('',(#1207,#1208,#1209,#1210));
#2344=EDGE_LOOP('',(#1211,#1212,#1213,#1214));
#2345=EDGE_LOOP('',(#1215,#1216,#1217,#1218));
#2346=EDGE_LOOP('',(#1219,#1220,#1221,#1222));
#2347=EDGE_LOOP('',(#1223,#1224,#1225,#1226));
#2348=EDGE_LOOP('',(#1227,#1228,#1229,#1230));
#2349=EDGE_LOOP('',(#1231,#1232,#1233,#1234));
#2350=EDGE_LOOP('',(#1235,#1236,#1237,#1238));
#2351=EDGE_LOOP('',(#1239,#1240,#1241,#1242));
#2352=EDGE_LOOP('',(#1243,#1244,#1245,#1246));
#2353=EDGE_LOOP('',(#1247,#1248,#1249,#1250));
#2354=EDGE_LOOP('',(#1251,#1252,#1253,#1254));
#2355=EDGE_LOOP('',(#1255,#1256,#1257,#1258));
#2356=EDGE_LOOP('',(#1259,#1260,#1261,#1262));
#2357=EDGE_LOOP('',(#1263,#1264,#1265,#1266));
#2358=EDGE_LOOP('',(#1267,#1268,#1269,#1270));
#2359=EDGE_LOOP('',(#1271,#1272,#1273,#1274));
#2360=EDGE_LOOP('',(#1275,#1276,#1277,#1278));
#2361=EDGE_LOOP('',(#1279,#1280,#1281,#1282));
#2362=EDGE_LOOP('',(#1283,#1284,#1285,#1286));
#2363=EDGE_LOOP('',(#1287));
#2364=EDGE_LOOP('',(#1288,#1289,#1290,#1291,#1292,#1293,#1294,#1295,#1296,
#1297,#1298,#1299,#1300,#1301,#1302,#1303,#1304,#1305,#1306,#1307,#1308,
#1309,#1310,#1311,#1312,#1313,#1314,#1315,#1316,#1317,#1318,#1319,#1320,
#1321,#1322,#1323,#1324,#1325,#1326,#1327,#1328,#1329,#1330,#1331,#1332,
#1333,#1334,#1335,#1336,#1337,#1338,#1339,#1340,#1341,#1342,#1343,#1344,
#1345,#1346,#1347,#1348,#1349,#1350,#1351,#1352,#1353,#1354,#1355,#1356,
#1357,#1358,#1359,#1360,#1361,#1362,#1363,#1364,#1365,#1366,#1367,#1368,
#1369,#1370,#1371,#1372,#1373,#1374,#1375,#1376,#1377,#1378,#1379,#1380,
#1381,#1382,#1383));
#2365=EDGE_LOOP('',(#1384));
#2366=EDGE_LOOP('',(#1385,#1386,#1387,#1388,#1389,#1390,#1391,#1392,#1393,
#1394,#1395,#1396,#1397,#1398,#1399,#1400,#1401,#1402,#1403,#1404,#1405,
#1406,#1407,#1408,#1409,#1410,#1411,#1412,#1413,#1414,#1415,#1416,#1417,
#1418,#1419,#1420,#1421,#1422,#1423,#1424,#1425,#1426,#1427,#1428,#1429,
#1430,#1431,#1432,#1433,#1434,#1435,#1436,#1437,#1438,#1439,#1440,#1441,
#1442,#1443,#1444,#1445,#1446,#1447,#1448,#1449,#1450,#1451,#1452,#1453,
#1454,#1455,#1456,#1457,#1458,#1459,#1460,#1461,#1462,#1463,#1464,#1465,
#1466,#1467,#1468,#1469,#1470,#1471,#1472,#1473,#1474,#1475,#1476,#1477,
#1478,#1479,#1480));
#2367=EDGE_LOOP('',(#1481));
#2368=EDGE_LOOP('',(#1482));
#2369=EDGE_LOOP('',(#1483));
#2370=EDGE_LOOP('',(#1484));
#2371=EDGE_LOOP('',(#1485));
#2372=EDGE_LOOP('',(#1486));
#2373=FACE_BOUND('',#2207,.T.);
#2374=FACE_BOUND('',#2208,.T.);
#2375=FACE_BOUND('',#2209,.T.);
#2376=FACE_BOUND('',#2210,.T.);
#2377=FACE_BOUND('',#2211,.T.);
#2378=FACE_BOUND('',#2212,.T.);
#2379=FACE_BOUND('',#2213,.T.);
#2380=FACE_BOUND('',#2214,.T.);
#2381=FACE_BOUND('',#2215,.T.);
#2382=FACE_BOUND('',#2216,.T.);
#2383=FACE_BOUND('',#2217,.T.);
#2384=FACE_BOUND('',#2218,.T.);
#2385=FACE_BOUND('',#2219,.T.);
#2386=FACE_BOUND('',#2220,.T.);
#2387=FACE_BOUND('',#2221,.T.);
#2388=FACE_BOUND('',#2222,.T.);
#2389=FACE_BOUND('',#2223,.T.);
#2390=FACE_BOUND('',#2224,.T.);
#2391=FACE_BOUND('',#2225,.T.);
#2392=FACE_BOUND('',#2226,.T.);
#2393=FACE_BOUND('',#2227,.T.);
#2394=FACE_BOUND('',#2228,.T.);
#2395=FACE_BOUND('',#2229,.T.);
#2396=FACE_BOUND('',#2230,.T.);
#2397=FACE_BOUND('',#2231,.T.);
#2398=FACE_BOUND('',#2232,.T.);
#2399=FACE_BOUND('',#2233,.T.);
#2400=FACE_BOUND('',#2234,.T.);
#2401=FACE_BOUND('',#2235,.T.);
#2402=FACE_BOUND('',#2236,.T.);
#2403=FACE_BOUND('',#2237,.T.);
#2404=FACE_BOUND('',#2238,.T.);
#2405=FACE_BOUND('',#2239,.T.);
#2406=FACE_BOUND('',#2240,.T.);
#2407=FACE_BOUND('',#2241,.T.);
#2408=FACE_BOUND('',#2242,.T.);
#2409=FACE_BOUND('',#2243,.T.);
#2410=FACE_BOUND('',#2244,.T.);
#2411=FACE_BOUND('',#2245,.T.);
#2412=FACE_BOUND('',#2246,.T.);
#2413=FACE_BOUND('',#2247,.T.);
#2414=FACE_BOUND('',#2248,.T.);
#2415=FACE_BOUND('',#2249,.T.);
#2416=FACE_BOUND('',#2250,.T.);
#2417=FACE_BOUND('',#2251,.T.);
#2418=FACE_BOUND('',#2252,.T.);
#2419=FACE_BOUND('',#2253,.T.);
#2420=FACE_BOUND('',#2254,.T.);
#2421=FACE_BOUND('',#2255,.T.);
#2422=FACE_BOUND('',#2256,.T.);
#2423=FACE_BOUND('',#2257,.T.);
#2424=FACE_BOUND('',#2258,.T.);
#2425=FACE_BOUND('',#2259,.T.);
#2426=FACE_BOUND('',#2260,.T.);
#2427=FACE_BOUND('',#2261,.T.);
#2428=FACE_BOUND('',#2262,.T.);
#2429=FACE_BOUND('',#2263,.T.);
#2430=FACE_BOUND('',#2264,.T.);
#2431=FACE_BOUND('',#2265,.T.);
#2432=FACE_BOUND('',#2266,.T.);
#2433=FACE_BOUND('',#2267,.T.);
#2434=FACE_BOUND('',#2268,.T.);
#2435=FACE_BOUND('',#2269,.T.);
#2436=FACE_BOUND('',#2270,.T.);
#2437=FACE_BOUND('',#2271,.T.);
#2438=FACE_BOUND('',#2272,.T.);
#2439=FACE_BOUND('',#2273,.T.);
#2440=FACE_BOUND('',#2274,.T.);
#2441=FACE_BOUND('',#2275,.T.);
#2442=FACE_BOUND('',#2276,.T.);
#2443=FACE_BOUND('',#2277,.T.);
#2444=FACE_BOUND('',#2278,.T.);
#2445=FACE_BOUND('',#2279,.T.);
#2446=FACE_BOUND('',#2280,.T.);
#2447=FACE_BOUND('',#2281,.T.);
#2448=FACE_BOUND('',#2282,.T.);
#2449=FACE_BOUND('',#2283,.T.);
#2450=FACE_BOUND('',#2284,.T.);
#2451=FACE_BOUND('',#2285,.T.);
#2452=FACE_BOUND('',#2286,.T.);
#2453=FACE_BOUND('',#2287,.T.);
#2454=FACE_BOUND('',#2288,.T.);
#2455=FACE_BOUND('',#2289,.T.);
#2456=FACE_BOUND('',#2290,.T.);
#2457=FACE_BOUND('',#2291,.T.);
#2458=FACE_BOUND('',#2292,.T.);
#2459=FACE_BOUND('',#2293,.T.);
#2460=FACE_BOUND('',#2294,.T.);
#2461=FACE_BOUND('',#2295,.T.);
#2462=FACE_BOUND('',#2296,.T.);
#2463=FACE_BOUND('',#2297,.T.);
#2464=FACE_BOUND('',#2298,.T.);
#2465=FACE_BOUND('',#2299,.T.);
#2466=FACE_BOUND('',#2300,.T.);
#2467=FACE_BOUND('',#2301,.T.);
#2468=FACE_BOUND('',#2302,.T.);
#2469=FACE_BOUND('',#2303,.T.);
#2470=FACE_BOUND('',#2304,.T.);
#2471=FACE_BOUND('',#2305,.T.);
#2472=FACE_BOUND('',#2306,.T.);
#2473=FACE_BOUND('',#2307,.T.);
#2474=FACE_BOUND('',#2308,.T.);
#2475=FACE_BOUND('',#2309,.T.);
#2476=FACE_BOUND('',#2310,.T.);
#2477=FACE_BOUND('',#2311,.T.);
#2478=FACE_BOUND('',#2312,.T.);
#2479=FACE_BOUND('',#2313,.T.);
#2480=FACE_BOUND('',#2314,.T.);
#2481=FACE_BOUND('',#2315,.T.);
#2482=FACE_BOUND('',#2316,.T.);
#2483=FACE_BOUND('',#2317,.T.);
#2484=FACE_BOUND('',#2318,.T.);
#2485=FACE_BOUND('',#2319,.T.);
#2486=FACE_BOUND('',#2320,.T.);
#2487=FACE_BOUND('',#2321,.T.);
#2488=FACE_BOUND('',#2322,.T.);
#2489=FACE_BOUND('',#2323,.T.);
#2490=FACE_BOUND('',#2324,.T.);
#2491=FACE_BOUND('',#2325,.T.);
#2492=FACE_BOUND('',#2326,.T.);
#2493=FACE_BOUND('',#2327,.T.);
#2494=FACE_BOUND('',#2328,.T.);
#2495=FACE_BOUND('',#2329,.T.);
#2496=FACE_BOUND('',#2330,.T.);
#2497=FACE_BOUND('',#2331,.T.);
#2498=FACE_BOUND('',#2332,.T.);
#2499=FACE_BOUND('',#2333,.T.);
#2500=FACE_BOUND('',#2334,.T.);
#2501=FACE_BOUND('',#2335,.T.);
#2502=FACE_BOUND('',#2336,.T.);
#2503=FACE_BOUND('',#2337,.T.);
#2504=FACE_BOUND('',#2338,.T.);
#2505=FACE_BOUND('',#2339,.T.);
#2506=FACE_BOUND('',#2340,.T.);
#2507=FACE_BOUND('',#2341,.T.);
#2508=FACE_BOUND('',#2342,.T.);
#2509=FACE_BOUND('',#2343,.T.);
#2510=FACE_BOUND('',#2344,.T.);
#2511=FACE_BOUND('',#2345,.T.);
#2512=FACE_BOUND('',#2346,.T.);
#2513=FACE_BOUND('',#2347,.T.);
#2514=FACE_BOUND('',#2348,.T.);
#2515=FACE_BOUND('',#2349,.T.);
#2516=FACE_BOUND('',#2350,.T.);
#2517=FACE_BOUND('',#2351,.T.);
#2518=FACE_BOUND('',#2352,.T.);
#2519=FACE_BOUND('',#2353,.T.);
#2520=FACE_BOUND('',#2354,.T.);
#2521=FACE_BOUND('',#2355,.T.);
#2522=FACE_BOUND('',#2356,.T.);
#2523=FACE_BOUND('',#2357,.T.);
#2524=FACE_BOUND('',#2358,.T.);
#2525=FACE_BOUND('',#2359,.T.);
#2526=FACE_BOUND('',#2360,.T.);
#2527=FACE_BOUND('',#2361,.T.);
#2528=FACE_BOUND('',#2362,.T.);
#2529=FACE_BOUND('',#2363,.T.);
#2530=FACE_BOUND('',#2364,.T.);
#2531=FACE_BOUND('',#2365,.T.);
#2532=FACE_BOUND('',#2366,.T.);
#2533=FACE_BOUND('',#2367,.T.);
#2534=FACE_BOUND('',#2368,.T.);
#2535=FACE_BOUND('',#2369,.T.);
#2536=FACE_BOUND('',#2370,.T.);
#2537=FACE_BOUND('',#2371,.T.);
#2538=FACE_BOUND('',#2372,.T.);
#2539=B_SPLINE_SURFACE_WITH_KNOTS('',3,1,((#3679,#3680),(#3681,#3682),(#3683,
#3684),(#3685,#3686)),.SURF_OF_LINEAR_EXTRUSION.,.F.,.F.,.F.,(4,4),(2,2),
(0.,1.),(0.,1.),.PIECEWISE_BEZIER_KNOTS.);
#2540=B_SPLINE_SURFACE_WITH_KNOTS('',3,1,((#3724,#3725),(#3726,#3727),(#3728,
#3729),(#3730,#3731),(#3732,#3733),(#3734,#3735),(#3736,#3737),(#3738,#3739)),
 .SURF_OF_LINEAR_EXTRUSION.,.F.,.F.,.F.,(4,1,1,1,1,4),(2,2),(0.,0.201010965864291,
0.396928911056457,0.608164109615667,0.804082054807834,1.),(0.,1.),
 .UNSPECIFIED.);
#2541=B_SPLINE_SURFACE_WITH_KNOTS('',3,1,((#3958,#3959),(#3960,#3961),(#3962,
#3963),(#3964,#3965)),.SURF_OF_LINEAR_EXTRUSION.,.F.,.F.,.F.,(4,4),(2,2),
(0.,1.),(0.,1.),.PIECEWISE_BEZIER_KNOTS.);
#2542=B_SPLINE_SURFACE_WITH_KNOTS('',3,1,((#3983,#3984),(#3985,#3986),(#3987,
#3988),(#3989,#3990)),.SURF_OF_LINEAR_EXTRUSION.,.F.,.F.,.F.,(4,4),(2,2),
(0.,1.),(0.,1.),.PIECEWISE_BEZIER_KNOTS.);
#2543=B_SPLINE_SURFACE_WITH_KNOTS('',3,1,((#4020,#4021),(#4022,#4023),(#4024,
#4025),(#4026,#4027)),.SURF_OF_LINEAR_EXTRUSION.,.F.,.F.,.F.,(4,4),(2,2),
(0.,1.),(0.,1.),.PIECEWISE_BEZIER_KNOTS.);
#2544=B_SPLINE_SURFACE_WITH_KNOTS('',3,1,((#4045,#4046),(#4047,#4048),(#4049,
#4050),(#4051,#4052)),.SURF_OF_LINEAR_EXTRUSION.,.F.,.F.,.F.,(4,4),(2,2),
(0.,1.),(0.,1.),.PIECEWISE_BEZIER_KNOTS.);
#2545=B_SPLINE_SURFACE_WITH_KNOTS('',3,1,((#4082,#4083),(#4084,#4085),(#4086,
#4087),(#4088,#4089)),.SURF_OF_LINEAR_EXTRUSION.,.F.,.F.,.F.,(4,4),(2,2),
(0.,1.),(0.,1.),.PIECEWISE_BEZIER_KNOTS.);
#2546=B_SPLINE_SURFACE_WITH_KNOTS('',3,1,((#4107,#4108),(#4109,#4110),(#4111,
#4112),(#4113,#4114)),.SURF_OF_LINEAR_EXTRUSION.,.F.,.F.,.F.,(4,4),(2,2),
(0.,1.),(0.,1.),.PIECEWISE_BEZIER_KNOTS.);
#2547=B_SPLINE_SURFACE_WITH_KNOTS('',3,1,((#4144,#4145),(#4146,#4147),(#4148,
#4149),(#4150,#4151)),.SURF_OF_LINEAR_EXTRUSION.,.F.,.F.,.F.,(4,4),(2,2),
(0.,1.),(0.,1.),.PIECEWISE_BEZIER_KNOTS.);
#2548=B_SPLINE_SURFACE_WITH_KNOTS('',3,1,((#4169,#4170),(#4171,#4172),(#4173,
#4174),(#4175,#4176)),.SURF_OF_LINEAR_EXTRUSION.,.F.,.F.,.F.,(4,4),(2,2),
(0.,1.),(0.,1.),.PIECEWISE_BEZIER_KNOTS.);
#2549=B_SPLINE_SURFACE_WITH_KNOTS('',3,1,((#4206,#4207),(#4208,#4209),(#4210,
#4211),(#4212,#4213)),.SURF_OF_LINEAR_EXTRUSION.,.F.,.F.,.F.,(4,4),(2,2),
(0.,1.),(0.,1.),.PIECEWISE_BEZIER_KNOTS.);
#2550=B_SPLINE_SURFACE_WITH_KNOTS('',3,1,((#4231,#4232),(#4233,#4234),(#4235,
#4236),(#4237,#4238)),.SURF_OF_LINEAR_EXTRUSION.,.F.,.F.,.F.,(4,4),(2,2),
(0.,1.),(0.,1.),.PIECEWISE_BEZIER_KNOTS.);
#2551=B_SPLINE_SURFACE_WITH_KNOTS('',3,1,((#4268,#4269),(#4270,#4271),(#4272,
#4273),(#4274,#4275)),.SURF_OF_LINEAR_EXTRUSION.,.F.,.F.,.F.,(4,4),(2,2),
(0.,1.),(0.,1.),.PIECEWISE_BEZIER_KNOTS.);
#2552=B_SPLINE_SURFACE_WITH_KNOTS('',3,1,((#4293,#4294),(#4295,#4296),(#4297,
#4298),(#4299,#4300)),.SURF_OF_LINEAR_EXTRUSION.,.F.,.F.,.F.,(4,4),(2,2),
(0.,1.),(0.,1.),.PIECEWISE_BEZIER_KNOTS.);
#2553=B_SPLINE_SURFACE_WITH_KNOTS('',3,1,((#4330,#4331),(#4332,#4333),(#4334,
#4335),(#4336,#4337)),.SURF_OF_LINEAR_EXTRUSION.,.F.,.F.,.F.,(4,4),(2,2),
(0.,1.),(0.,1.),.PIECEWISE_BEZIER_KNOTS.);
#2554=B_SPLINE_SURFACE_WITH_KNOTS('',3,1,((#4355,#4356),(#4357,#4358),(#4359,
#4360),(#4361,#4362)),.SURF_OF_LINEAR_EXTRUSION.,.F.,.F.,.F.,(4,4),(2,2),
(0.,1.),(0.,1.),.PIECEWISE_BEZIER_KNOTS.);
#2555=B_SPLINE_SURFACE_WITH_KNOTS('',3,1,((#4392,#4393),(#4394,#4395),(#4396,
#4397),(#4398,#4399)),.SURF_OF_LINEAR_EXTRUSION.,.F.,.F.,.F.,(4,4),(2,2),
(0.,1.),(0.,1.),.PIECEWISE_BEZIER_KNOTS.);
#2556=B_SPLINE_SURFACE_WITH_KNOTS('',3,1,((#4417,#4418),(#4419,#4420),(#4421,
#4422),(#4423,#4424)),.SURF_OF_LINEAR_EXTRUSION.,.F.,.F.,.F.,(4,4),(2,2),
(0.,1.),(0.,1.),.PIECEWISE_BEZIER_KNOTS.);
#2557=B_SPLINE_SURFACE_WITH_KNOTS('',3,1,((#4454,#4455),(#4456,#4457),(#4458,
#4459),(#4460,#4461)),.SURF_OF_LINEAR_EXTRUSION.,.F.,.F.,.F.,(4,4),(2,2),
(0.,1.),(0.,1.),.PIECEWISE_BEZIER_KNOTS.);
#2558=B_SPLINE_SURFACE_WITH_KNOTS('',3,1,((#4479,#4480),(#4481,#4482),(#4483,
#4484),(#4485,#4486)),.SURF_OF_LINEAR_EXTRUSION.,.F.,.F.,.F.,(4,4),(2,2),
(0.,1.),(0.,1.),.PIECEWISE_BEZIER_KNOTS.);
#2559=B_SPLINE_SURFACE_WITH_KNOTS('',3,1,((#4516,#4517),(#4518,#4519),(#4520,
#4521),(#4522,#4523)),.SURF_OF_LINEAR_EXTRUSION.,.F.,.F.,.F.,(4,4),(2,2),
(0.,1.),(0.,1.),.PIECEWISE_BEZIER_KNOTS.);
#2560=B_SPLINE_SURFACE_WITH_KNOTS('',3,1,((#4541,#4542),(#4543,#4544),(#4545,
#4546),(#4547,#4548)),.SURF_OF_LINEAR_EXTRUSION.,.F.,.F.,.F.,(4,4),(2,2),
(0.,1.),(0.,1.),.PIECEWISE_BEZIER_KNOTS.);
#2561=B_SPLINE_SURFACE_WITH_KNOTS('',3,1,((#4578,#4579),(#4580,#4581),(#4582,
#4583),(#4584,#4585)),.SURF_OF_LINEAR_EXTRUSION.,.F.,.F.,.F.,(4,4),(2,2),
(0.,1.),(0.,1.),.PIECEWISE_BEZIER_KNOTS.);
#2562=B_SPLINE_SURFACE_WITH_KNOTS('',3,1,((#4603,#4604),(#4605,#4606),(#4607,
#4608),(#4609,#4610)),.SURF_OF_LINEAR_EXTRUSION.,.F.,.F.,.F.,(4,4),(2,2),
(0.,1.),(0.,1.),.PIECEWISE_BEZIER_KNOTS.);
#2563=B_SPLINE_SURFACE_WITH_KNOTS('',3,1,((#4640,#4641),(#4642,#4643),(#4644,
#4645),(#4646,#4647)),.SURF_OF_LINEAR_EXTRUSION.,.F.,.F.,.F.,(4,4),(2,2),
(0.,1.),(0.,1.),.PIECEWISE_BEZIER_KNOTS.);
#2564=B_SPLINE_SURFACE_WITH_KNOTS('',3,1,((#4665,#4666),(#4667,#4668),(#4669,
#4670),(#4671,#4672)),.SURF_OF_LINEAR_EXTRUSION.,.F.,.F.,.F.,(4,4),(2,2),
(0.,1.),(0.,1.),.PIECEWISE_BEZIER_KNOTS.);
#2565=B_SPLINE_SURFACE_WITH_KNOTS('',3,1,((#4702,#4703),(#4704,#4705),(#4706,
#4707),(#4708,#4709)),.SURF_OF_LINEAR_EXTRUSION.,.F.,.F.,.F.,(4,4),(2,2),
(0.,1.),(0.,1.),.PIECEWISE_BEZIER_KNOTS.);
#2566=B_SPLINE_SURFACE_WITH_KNOTS('',3,1,((#4727,#4728),(#4729,#4730),(#4731,
#4732),(#4733,#4734)),.SURF_OF_LINEAR_EXTRUSION.,.F.,.F.,.F.,(4,4),(2,2),
(0.,1.),(0.,1.),.PIECEWISE_BEZIER_KNOTS.);
#2567=B_SPLINE_SURFACE_WITH_KNOTS('',3,1,((#4764,#4765),(#4766,#4767),(#4768,
#4769),(#4770,#4771)),.SURF_OF_LINEAR_EXTRUSION.,.F.,.F.,.F.,(4,4),(2,2),
(0.,1.),(0.,1.),.PIECEWISE_BEZIER_KNOTS.);
#2568=B_SPLINE_SURFACE_WITH_KNOTS('',3,1,((#4789,#4790),(#4791,#4792),(#4793,
#4794),(#4795,#4796)),.SURF_OF_LINEAR_EXTRUSION.,.F.,.F.,.F.,(4,4),(2,2),
(0.,1.),(0.,1.),.PIECEWISE_BEZIER_KNOTS.);
#2569=B_SPLINE_SURFACE_WITH_KNOTS('',3,1,((#4826,#4827),(#4828,#4829),(#4830,
#4831),(#4832,#4833)),.SURF_OF_LINEAR_EXTRUSION.,.F.,.F.,.F.,(4,4),(2,2),
(0.,1.),(0.,1.),.PIECEWISE_BEZIER_KNOTS.);
#2570=B_SPLINE_SURFACE_WITH_KNOTS('',3,1,((#4851,#4852),(#4853,#4854),(#4855,
#4856),(#4857,#4858)),.SURF_OF_LINEAR_EXTRUSION.,.F.,.F.,.F.,(4,4),(2,2),
(0.,1.),(0.,1.),.PIECEWISE_BEZIER_KNOTS.);
#2571=B_SPLINE_SURFACE_WITH_KNOTS('',3,1,((#4888,#4889),(#4890,#4891),(#4892,
#4893),(#4894,#4895)),.SURF_OF_LINEAR_EXTRUSION.,.F.,.F.,.F.,(4,4),(2,2),
(0.,1.),(0.,1.),.PIECEWISE_BEZIER_KNOTS.);
#2572=B_SPLINE_SURFACE_WITH_KNOTS('',3,1,((#4913,#4914),(#4915,#4916),(#4917,
#4918),(#4919,#4920)),.SURF_OF_LINEAR_EXTRUSION.,.F.,.F.,.F.,(4,4),(2,2),
(0.,1.),(0.,1.),.PIECEWISE_BEZIER_KNOTS.);
#2573=ADVANCED_FACE('',(#2373),#2539,.T.);
#2574=ADVANCED_FACE('',(#2374),#159,.T.);
#2575=ADVANCED_FACE('',(#2375),#160,.T.);
#2576=ADVANCED_FACE('',(#2376),#161,.F.);
#2577=ADVANCED_FACE('',(#2377),#162,.F.);
#2578=ADVANCED_FACE('',(#2378),#163,.F.);
#2579=ADVANCED_FACE('',(#2379),#2540,.F.);
#2580=ADVANCED_FACE('',(#2380),#164,.F.);
#2581=ADVANCED_FACE('',(#2381),#165,.T.);
#2582=ADVANCED_FACE('',(#2382),#166,.F.);
#2583=ADVANCED_FACE('',(#2383),#167,.T.);
#2584=ADVANCED_FACE('',(#2384,#2385),#168,.T.);
#2585=ADVANCED_FACE('',(#2386),#169,.T.);
#2586=ADVANCED_FACE('',(#2387,#2388),#170,.T.);
#2587=ADVANCED_FACE('',(#2389),#171,.F.);
#2588=ADVANCED_FACE('',(#2390),#172,.T.);
#2589=ADVANCED_FACE('',(#2391,#2392),#19,.F.);
#2590=ADVANCED_FACE('',(#2393),#20,.F.);
#2591=ADVANCED_FACE('',(#2394),#173,.T.);
#2592=ADVANCED_FACE('',(#2395),#21,.T.);
#2593=ADVANCED_FACE('',(#2396),#174,.T.);
#2594=ADVANCED_FACE('',(#2397),#175,.F.);
#2595=ADVANCED_FACE('',(#2398),#176,.T.);
#2596=ADVANCED_FACE('',(#2399),#177,.T.);
#2597=ADVANCED_FACE('',(#2400),#178,.F.);
#2598=ADVANCED_FACE('',(#2401),#179,.F.);
#2599=ADVANCED_FACE('',(#2402),#180,.T.);
#2600=ADVANCED_FACE('',(#2403,#2404,#2405),#181,.T.);
#2601=ADVANCED_FACE('',(#2406,#2407),#182,.F.);
#2602=ADVANCED_FACE('',(#2408,#2409),#22,.F.);
#2603=ADVANCED_FACE('',(#2410),#183,.F.);
#2604=ADVANCED_FACE('',(#2411),#184,.T.);
#2605=ADVANCED_FACE('',(#2412),#185,.T.);
#2606=ADVANCED_FACE('',(#2413),#186,.F.);
#2607=ADVANCED_FACE('',(#2414),#187,.T.);
#2608=ADVANCED_FACE('',(#2415),#188,.T.);
#2609=ADVANCED_FACE('',(#2416),#189,.F.);
#2610=ADVANCED_FACE('',(#2417),#190,.F.);
#2611=ADVANCED_FACE('',(#2418),#191,.T.);
#2612=ADVANCED_FACE('',(#2419,#2420),#192,.T.);
#2613=ADVANCED_FACE('',(#2421,#2422),#193,.F.);
#2614=ADVANCED_FACE('',(#2423,#2424),#23,.F.);
#2615=ADVANCED_FACE('',(#2425,#2426),#18,.F.);
#2616=ADVANCED_FACE('',(#2427),#24,.F.);
#2617=ADVANCED_FACE('',(#2428),#194,.T.);
#2618=ADVANCED_FACE('',(#2429),#25,.T.);
#2619=ADVANCED_FACE('',(#2430),#195,.T.);
#2620=ADVANCED_FACE('',(#2431),#196,.F.);
#2621=ADVANCED_FACE('',(#2432),#197,.T.);
#2622=ADVANCED_FACE('',(#2433),#26,.T.);
#2623=ADVANCED_FACE('',(#2434),#198,.F.);
#2624=ADVANCED_FACE('',(#2435),#2541,.F.);
#2625=ADVANCED_FACE('',(#2436),#27,.T.);
#2626=ADVANCED_FACE('',(#2437),#2542,.T.);
#2627=ADVANCED_FACE('',(#2438),#199,.F.);
#2628=ADVANCED_FACE('',(#2439),#28,.T.);
#2629=ADVANCED_FACE('',(#2440),#200,.F.);
#2630=ADVANCED_FACE('',(#2441),#2543,.F.);
#2631=ADVANCED_FACE('',(#2442),#29,.T.);
#2632=ADVANCED_FACE('',(#2443),#2544,.T.);
#2633=ADVANCED_FACE('',(#2444),#201,.F.);
#2634=ADVANCED_FACE('',(#2445),#30,.T.);
#2635=ADVANCED_FACE('',(#2446),#202,.F.);
#2636=ADVANCED_FACE('',(#2447),#2545,.F.);
#2637=ADVANCED_FACE('',(#2448),#31,.T.);
#2638=ADVANCED_FACE('',(#2449),#2546,.T.);
#2639=ADVANCED_FACE('',(#2450),#203,.F.);
#2640=ADVANCED_FACE('',(#2451),#32,.T.);
#2641=ADVANCED_FACE('',(#2452),#204,.F.);
#2642=ADVANCED_FACE('',(#2453),#2547,.F.);
#2643=ADVANCED_FACE('',(#2454),#33,.T.);
#2644=ADVANCED_FACE('',(#2455),#2548,.T.);
#2645=ADVANCED_FACE('',(#2456),#205,.F.);
#2646=ADVANCED_FACE('',(#2457),#34,.T.);
#2647=ADVANCED_FACE('',(#2458),#206,.F.);
#2648=ADVANCED_FACE('',(#2459),#2549,.F.);
#2649=ADVANCED_FACE('',(#2460),#35,.T.);
#2650=ADVANCED_FACE('',(#2461),#2550,.T.);
#2651=ADVANCED_FACE('',(#2462),#207,.F.);
#2652=ADVANCED_FACE('',(#2463),#36,.T.);
#2653=ADVANCED_FACE('',(#2464),#208,.F.);
#2654=ADVANCED_FACE('',(#2465),#2551,.F.);
#2655=ADVANCED_FACE('',(#2466),#37,.T.);
#2656=ADVANCED_FACE('',(#2467),#2552,.T.);
#2657=ADVANCED_FACE('',(#2468),#209,.F.);
#2658=ADVANCED_FACE('',(#2469),#38,.T.);
#2659=ADVANCED_FACE('',(#2470),#210,.F.);
#2660=ADVANCED_FACE('',(#2471),#2553,.F.);
#2661=ADVANCED_FACE('',(#2472),#39,.T.);
#2662=ADVANCED_FACE('',(#2473),#2554,.T.);
#2663=ADVANCED_FACE('',(#2474),#211,.F.);
#2664=ADVANCED_FACE('',(#2475),#40,.T.);
#2665=ADVANCED_FACE('',(#2476),#212,.F.);
#2666=ADVANCED_FACE('',(#2477),#2555,.F.);
#2667=ADVANCED_FACE('',(#2478),#41,.T.);
#2668=ADVANCED_FACE('',(#2479),#2556,.T.);
#2669=ADVANCED_FACE('',(#2480),#213,.F.);
#2670=ADVANCED_FACE('',(#2481),#42,.T.);
#2671=ADVANCED_FACE('',(#2482),#214,.F.);
#2672=ADVANCED_FACE('',(#2483),#2557,.F.);
#2673=ADVANCED_FACE('',(#2484),#43,.T.);
#2674=ADVANCED_FACE('',(#2485),#2558,.T.);
#2675=ADVANCED_FACE('',(#2486),#215,.F.);
#2676=ADVANCED_FACE('',(#2487),#44,.T.);
#2677=ADVANCED_FACE('',(#2488),#216,.F.);
#2678=ADVANCED_FACE('',(#2489),#2559,.F.);
#2679=ADVANCED_FACE('',(#2490),#45,.T.);
#2680=ADVANCED_FACE('',(#2491),#2560,.T.);
#2681=ADVANCED_FACE('',(#2492),#217,.F.);
#2682=ADVANCED_FACE('',(#2493),#46,.T.);
#2683=ADVANCED_FACE('',(#2494),#218,.F.);
#2684=ADVANCED_FACE('',(#2495),#2561,.F.);
#2685=ADVANCED_FACE('',(#2496),#47,.T.);
#2686=ADVANCED_FACE('',(#2497),#2562,.T.);
#2687=ADVANCED_FACE('',(#2498),#219,.F.);
#2688=ADVANCED_FACE('',(#2499),#48,.T.);
#2689=ADVANCED_FACE('',(#2500),#220,.F.);
#2690=ADVANCED_FACE('',(#2501),#2563,.F.);
#2691=ADVANCED_FACE('',(#2502),#49,.T.);
#2692=ADVANCED_FACE('',(#2503),#2564,.T.);
#2693=ADVANCED_FACE('',(#2504),#221,.F.);
#2694=ADVANCED_FACE('',(#2505),#50,.T.);
#2695=ADVANCED_FACE('',(#2506),#222,.F.);
#2696=ADVANCED_FACE('',(#2507),#2565,.F.);
#2697=ADVANCED_FACE('',(#2508),#51,.T.);
#2698=ADVANCED_FACE('',(#2509),#2566,.T.);
#2699=ADVANCED_FACE('',(#2510),#223,.F.);
#2700=ADVANCED_FACE('',(#2511),#52,.T.);
#2701=ADVANCED_FACE('',(#2512),#224,.F.);
#2702=ADVANCED_FACE('',(#2513),#2567,.F.);
#2703=ADVANCED_FACE('',(#2514),#53,.T.);
#2704=ADVANCED_FACE('',(#2515),#2568,.T.);
#2705=ADVANCED_FACE('',(#2516),#225,.F.);
#2706=ADVANCED_FACE('',(#2517),#54,.T.);
#2707=ADVANCED_FACE('',(#2518),#226,.F.);
#2708=ADVANCED_FACE('',(#2519),#2569,.F.);
#2709=ADVANCED_FACE('',(#2520),#55,.T.);
#2710=ADVANCED_FACE('',(#2521),#2570,.T.);
#2711=ADVANCED_FACE('',(#2522),#227,.F.);
#2712=ADVANCED_FACE('',(#2523),#56,.T.);
#2713=ADVANCED_FACE('',(#2524),#228,.F.);
#2714=ADVANCED_FACE('',(#2525),#2571,.F.);
#2715=ADVANCED_FACE('',(#2526),#57,.T.);
#2716=ADVANCED_FACE('',(#2527),#2572,.T.);
#2717=ADVANCED_FACE('',(#2528),#229,.F.);
#2718=ADVANCED_FACE('',(#2529,#2530),#230,.T.);
#2719=ADVANCED_FACE('',(#2531,#2532),#231,.F.);
#2720=ADVANCED_FACE('',(#2533,#2534),#58,.T.);
#2721=ADVANCED_FACE('',(#2535,#2536),#232,.T.);
#2722=ADVANCED_FACE('',(#2537,#2538),#59,.F.);
#2723=CLOSED_SHELL('',(#2573,#2574,#2575,#2576));
#2724=CLOSED_SHELL('',(#2577,#2578,#2579,#2580,#2581,#2582));
#2725=CLOSED_SHELL('',(#2583,#2584,#2585,#2586,#2587,#2588,#2589));
#2726=CLOSED_SHELL('',(#2590,#2591,#2592,#2593,#2594,#2595));
#2727=CLOSED_SHELL('',(#2596,#2597,#2598,#2599,#2600,#2601,#2602,#2603,
#2604,#2605,#2606,#2607));
#2728=CLOSED_SHELL('',(#2608,#2609,#2610,#2611,#2612,#2613,#2614,#2615));
#2729=CLOSED_SHELL('',(#2616,#2617,#2618,#2619,#2620,#2621));
#2730=CLOSED_SHELL('',(#2622,#2623,#2624,#2625,#2626,#2627,#2628,#2629,
#2630,#2631,#2632,#2633,#2634,#2635,#2636,#2637,#2638,#2639,#2640,#2641,
#2642,#2643,#2644,#2645,#2646,#2647,#2648,#2649,#2650,#2651,#2652,#2653,
#2654,#2655,#2656,#2657,#2658,#2659,#2660,#2661,#2662,#2663,#2664,#2665,
#2666,#2667,#2668,#2669,#2670,#2671,#2672,#2673,#2674,#2675,#2676,#2677,
#2678,#2679,#2680,#2681,#2682,#2683,#2684,#2685,#2686,#2687,#2688,#2689,
#2690,#2691,#2692,#2693,#2694,#2695,#2696,#2697,#2698,#2699,#2700,#2701,
#2702,#2703,#2704,#2705,#2706,#2707,#2708,#2709,#2710,#2711,#2712,#2713,
#2714,#2715,#2716,#2717,#2718,#2719,#2720,#2721,#2722));
#2731=STYLED_ITEM('',(#2739),#2795);
#2732=STYLED_ITEM('',(#2740),#2796);
#2733=STYLED_ITEM('',(#2741),#2797);
#2734=STYLED_ITEM('',(#2742),#2798);
#2735=STYLED_ITEM('',(#2743),#2799);
#2736=STYLED_ITEM('',(#2744),#2800);
#2737=STYLED_ITEM('',(#2745),#2801);
#2738=STYLED_ITEM('',(#2746),#2802);
#2739=PRESENTATION_STYLE_ASSIGNMENT((#2747));
#2740=PRESENTATION_STYLE_ASSIGNMENT((#2748));
#2741=PRESENTATION_STYLE_ASSIGNMENT((#2749));
#2742=PRESENTATION_STYLE_ASSIGNMENT((#2750));
#2743=PRESENTATION_STYLE_ASSIGNMENT((#2751));
#2744=PRESENTATION_STYLE_ASSIGNMENT((#2752));
#2745=PRESENTATION_STYLE_ASSIGNMENT((#2753));
#2746=PRESENTATION_STYLE_ASSIGNMENT((#2754));
#2747=SURFACE_STYLE_USAGE(.BOTH.,#2755);
#2748=SURFACE_STYLE_USAGE(.BOTH.,#2756);
#2749=SURFACE_STYLE_USAGE(.BOTH.,#2757);
#2750=SURFACE_STYLE_USAGE(.BOTH.,#2758);
#2751=SURFACE_STYLE_USAGE(.BOTH.,#2759);
#2752=SURFACE_STYLE_USAGE(.BOTH.,#2760);
#2753=SURFACE_STYLE_USAGE(.BOTH.,#2761);
#2754=SURFACE_STYLE_USAGE(.BOTH.,#2762);
#2755=SURFACE_SIDE_STYLE('',(#2763));
#2756=SURFACE_SIDE_STYLE('',(#2764));
#2757=SURFACE_SIDE_STYLE('',(#2765));
#2758=SURFACE_SIDE_STYLE('',(#2766));
#2759=SURFACE_SIDE_STYLE('',(#2767));
#2760=SURFACE_SIDE_STYLE('',(#2768));
#2761=SURFACE_SIDE_STYLE('',(#2769));
#2762=SURFACE_SIDE_STYLE('',(#2770));
#2763=SURFACE_STYLE_FILL_AREA(#2771);
#2764=SURFACE_STYLE_FILL_AREA(#2772);
#2765=SURFACE_STYLE_FILL_AREA(#2773);
#2766=SURFACE_STYLE_FILL_AREA(#2774);
#2767=SURFACE_STYLE_FILL_AREA(#2775);
#2768=SURFACE_STYLE_FILL_AREA(#2776);
#2769=SURFACE_STYLE_FILL_AREA(#2777);
#2770=SURFACE_STYLE_FILL_AREA(#2778);
#2771=FILL_AREA_STYLE('',(#2779));
#2772=FILL_AREA_STYLE('',(#2780));
#2773=FILL_AREA_STYLE('',(#2781));
#2774=FILL_AREA_STYLE('',(#2782));
#2775=FILL_AREA_STYLE('',(#2783));
#2776=FILL_AREA_STYLE('',(#2784));
#2777=FILL_AREA_STYLE('',(#2785));
#2778=FILL_AREA_STYLE('',(#2786));
#2779=FILL_AREA_STYLE_COLOUR('',#2787);
#2780=FILL_AREA_STYLE_COLOUR('',#2788);
#2781=FILL_AREA_STYLE_COLOUR('',#2789);
#2782=FILL_AREA_STYLE_COLOUR('',#2790);
#2783=FILL_AREA_STYLE_COLOUR('',#2791);
#2784=FILL_AREA_STYLE_COLOUR('',#2792);
#2785=FILL_AREA_STYLE_COLOUR('',#2793);
#2786=FILL_AREA_STYLE_COLOUR('',#2794);
#2787=COLOUR_RGB('',0.917647058823529,0.917647058823529,0.917647058823529);
#2788=COLOUR_RGB('',0.231372549019608,0.380392156862745,0.705882352941177);
#2789=COLOUR_RGB('',0.980392156862745,0.713725490196078,0.00392156862745098);
#2790=COLOUR_RGB('',0.498039215686275,0.498039215686275,0.498039215686275);
#2791=COLOUR_RGB('',0.615686274509804,0.811764705882353,0.929411764705882);
#2792=COLOUR_RGB('',0.647058823529412,0.647058823529412,0.647058823529412);
#2793=COLOUR_RGB('',0.972549019607843,0.529411764705882,0.00392156862745098);
#2794=COLOUR_RGB('',0.768627450980392,0.886274509803922,0.952941176470588);
#2795=MANIFOLD_SOLID_BREP('AC100_0_V5',#2723);
#2796=MANIFOLD_SOLID_BREP('AC101_0_V5',#2724);
#2797=MANIFOLD_SOLID_BREP('AC131_0_V5',#2725);
#2798=MANIFOLD_SOLID_BREP('AC127_0_V5',#2726);
#2799=MANIFOLD_SOLID_BREP('AC66_0_V5',#2727);
#2800=MANIFOLD_SOLID_BREP('AC74_0_V5',#2728);
#2801=MANIFOLD_SOLID_BREP('AC126_0_V5',#2729);
#2802=MANIFOLD_SOLID_BREP('AC102_0_V5',#2730);
#2803=SHAPE_DEFINITION_REPRESENTATION(#4996,#2811);
#2804=SHAPE_DEFINITION_REPRESENTATION(#4997,#2812);
#2805=SHAPE_DEFINITION_REPRESENTATION(#4998,#2813);
#2806=SHAPE_DEFINITION_REPRESENTATION(#4999,#2814);
#2807=SHAPE_DEFINITION_REPRESENTATION(#5000,#2815);
#2808=SHAPE_DEFINITION_REPRESENTATION(#5001,#2816);
#2809=SHAPE_DEFINITION_REPRESENTATION(#5002,#2817);
#2810=SHAPE_DEFINITION_REPRESENTATION(#5003,#2818);
#2811=SHAPE_REPRESENTATION('AC100_0_V5',(#2819),#4956);
#2812=SHAPE_REPRESENTATION('AC101_0_V5',(#2823),#4957);
#2813=SHAPE_REPRESENTATION('AC131_0_V5',(#2829),#4958);
#2814=SHAPE_REPRESENTATION('AC127_0_V5',(#2839),#4959);
#2815=SHAPE_REPRESENTATION('AC66_0_V5',(#2850),#4960);
#2816=SHAPE_REPRESENTATION('AC74_0_V5',(#2865),#4961);
#2817=SHAPE_REPRESENTATION('AC126_0_V5',(#2877),#4962);
#2818=SHAPE_REPRESENTATION('AC102_0_V5',(#2888),#4963);
#2819=AXIS2_PLACEMENT_3D('',#3678,#3026,#3027);
#2820=AXIS2_PLACEMENT_3D('',#3703,#3030,#3031);
#2821=AXIS2_PLACEMENT_3D('',#3706,#3034,#3035);
#2822=AXIS2_PLACEMENT_3D('',#3707,#3036,#3037);
#2823=AXIS2_PLACEMENT_3D('',#3708,#3038,#3039);
#2824=AXIS2_PLACEMENT_3D('',#3709,#3040,#3041);
#2825=AXIS2_PLACEMENT_3D('',#3718,#3046,#3047);
#2826=AXIS2_PLACEMENT_3D('',#3759,#3052,#3053);
#2827=AXIS2_PLACEMENT_3D('',#3762,#3056,#3057);
#2828=AXIS2_PLACEMENT_3D('',#3763,#3058,#3059);
#2829=AXIS2_PLACEMENT_3D('',#3764,#3060,#3061);
#2830=AXIS2_PLACEMENT_3D('',#3765,#3062,#3063);
#2831=AXIS2_PLACEMENT_3D('',#3774,#3068,#3069);
#2832=AXIS2_PLACEMENT_3D('',#3775,#3070,#3071);
#2833=AXIS2_PLACEMENT_3D('',#3782,#3075,#3076);
#2834=AXIS2_PLACEMENT_3D('',#3788,#3080,#3081);
#2835=AXIS2_PLACEMENT_3D('',#3789,#3082,#3083);
#2836=AXIS2_PLACEMENT_3D('',#3793,#3086,#3087);
#2837=AXIS2_PLACEMENT_3D('',#3794,#3088,#3089);
#2838=AXIS2_PLACEMENT_3D('',#3795,#3090,#3091);
#2839=AXIS2_PLACEMENT_3D('',#3796,#3092,#3093);
#2840=AXIS2_PLACEMENT_3D('',#3797,#3094,#3095);
#2841=AXIS2_PLACEMENT_3D('',#3798,#3096,#3097);
#2842=AXIS2_PLACEMENT_3D('',#3803,#3099,#3100);
#2843=AXIS2_PLACEMENT_3D('',#3806,#3102,#3103);
#2844=AXIS2_PLACEMENT_3D('',#3807,#3104,#3105);
#2845=AXIS2_PLACEMENT_3D('',#3812,#3108,#3109);
#2846=AXIS2_PLACEMENT_3D('',#3813,#3110,#3111);
#2847=AXIS2_PLACEMENT_3D('',#3818,#3114,#3115);
#2848=AXIS2_PLACEMENT_3D('',#3821,#3118,#3119);
#2849=AXIS2_PLACEMENT_3D('',#3822,#3120,#3121);
#2850=AXIS2_PLACEMENT_3D('',#3823,#3122,#3123);
#2851=AXIS2_PLACEMENT_3D('',#3824,#3124,#3125);
#2852=AXIS2_PLACEMENT_3D('',#3833,#3130,#3131);
#2853=AXIS2_PLACEMENT_3D('',#3839,#3135,#3136);
#2854=AXIS2_PLACEMENT_3D('',#3845,#3140,#3141);
#2855=AXIS2_PLACEMENT_3D('',#3848,#3144,#3145);
#2856=AXIS2_PLACEMENT_3D('',#3857,#3150,#3151);
#2857=AXIS2_PLACEMENT_3D('',#3859,#3152,#3153);
#2858=AXIS2_PLACEMENT_3D('',#3860,#3154,#3155);
#2859=AXIS2_PLACEMENT_3D('',#3862,#3156,#3157);
#2860=AXIS2_PLACEMENT_3D('',#3863,#3158,#3159);
#2861=AXIS2_PLACEMENT_3D('',#3869,#3163,#3164);
#2862=AXIS2_PLACEMENT_3D('',#3873,#3167,#3168);
#2863=AXIS2_PLACEMENT_3D('',#3877,#3171,#3172);
#2864=AXIS2_PLACEMENT_3D('',#3879,#3174,#3175);
#2865=AXIS2_PLACEMENT_3D('',#3880,#3176,#3177);
#2866=AXIS2_PLACEMENT_3D('',#3881,#3178,#3179);
#2867=AXIS2_PLACEMENT_3D('',#3890,#3184,#3185);
#2868=AXIS2_PLACEMENT_3D('',#3896,#3189,#3190);
#2869=AXIS2_PLACEMENT_3D('',#3902,#3194,#3195);
#2870=AXIS2_PLACEMENT_3D('',#3905,#3198,#3199);
#2871=AXIS2_PLACEMENT_3D('',#3906,#3200,#3201);
#2872=AXIS2_PLACEMENT_3D('',#3908,#3202,#3203);
#2873=AXIS2_PLACEMENT_3D('',#3909,#3204,#3205);
#2874=AXIS2_PLACEMENT_3D('',#3911,#3206,#3207);
#2875=AXIS2_PLACEMENT_3D('',#3912,#3208,#3209);
#2876=AXIS2_PLACEMENT_3D('',#3914,#3210,#3211);
#2877=AXIS2_PLACEMENT_3D('',#3915,#3212,#3213);
#2878=AXIS2_PLACEMENT_3D('',#3916,#3214,#3215);
#2879=AXIS2_PLACEMENT_3D('',#3917,#3216,#3217);
#2880=AXIS2_PLACEMENT_3D('',#3922,#3219,#3220);
#2881=AXIS2_PLACEMENT_3D('',#3925,#3222,#3223);
#2882=AXIS2_PLACEMENT_3D('',#3926,#3224,#3225);
#2883=AXIS2_PLACEMENT_3D('',#3931,#3228,#3229);
#2884=AXIS2_PLACEMENT_3D('',#3932,#3230,#3231);
#2885=AXIS2_PLACEMENT_3D('',#3937,#3234,#3235);
#2886=AXIS2_PLACEMENT_3D('',#3940,#3238,#3239);
#2887=AXIS2_PLACEMENT_3D('',#3941,#3240,#3241);
#2888=AXIS2_PLACEMENT_3D('',#3942,#3242,#3243);
#2889=AXIS2_PLACEMENT_3D('',#3943,#3244,#3245);
#2890=AXIS2_PLACEMENT_3D('',#3944,#3246,#3247);
#2891=AXIS2_PLACEMENT_3D('',#3949,#3249,#3250);
#2892=AXIS2_PLACEMENT_3D('',#3952,#3252,#3253);
#2893=AXIS2_PLACEMENT_3D('',#3977,#3258,#3259);
#2894=AXIS2_PLACEMENT_3D('',#3978,#3260,#3261);
#2895=AXIS2_PLACEMENT_3D('',#3982,#3263,#3264);
#2896=AXIS2_PLACEMENT_3D('',#4002,#3266,#3267);
#2897=AXIS2_PLACEMENT_3D('',#4008,#3271,#3272);
#2898=AXIS2_PLACEMENT_3D('',#4009,#3273,#3274);
#2899=AXIS2_PLACEMENT_3D('',#4013,#3276,#3277);
#2900=AXIS2_PLACEMENT_3D('',#4014,#3278,#3279);
#2901=AXIS2_PLACEMENT_3D('',#4039,#3284,#3285);
#2902=AXIS2_PLACEMENT_3D('',#4040,#3286,#3287);
#2903=AXIS2_PLACEMENT_3D('',#4044,#3289,#3290);
#2904=AXIS2_PLACEMENT_3D('',#4064,#3292,#3293);
#2905=AXIS2_PLACEMENT_3D('',#4070,#3297,#3298);
#2906=AXIS2_PLACEMENT_3D('',#4071,#3299,#3300);
#2907=AXIS2_PLACEMENT_3D('',#4075,#3302,#3303);
#2908=AXIS2_PLACEMENT_3D('',#4076,#3304,#3305);
#2909=AXIS2_PLACEMENT_3D('',#4101,#3310,#3311);
#2910=AXIS2_PLACEMENT_3D('',#4102,#3312,#3313);
#2911=AXIS2_PLACEMENT_3D('',#4106,#3315,#3316);
#2912=AXIS2_PLACEMENT_3D('',#4126,#3318,#3319);
#2913=AXIS2_PLACEMENT_3D('',#4132,#3323,#3324);
#2914=AXIS2_PLACEMENT_3D('',#4133,#3325,#3326);
#2915=AXIS2_PLACEMENT_3D('',#4137,#3328,#3329);
#2916=AXIS2_PLACEMENT_3D('',#4138,#3330,#3331);
#2917=AXIS2_PLACEMENT_3D('',#4163,#3336,#3337);
#2918=AXIS2_PLACEMENT_3D('',#4164,#3338,#3339);
#2919=AXIS2_PLACEMENT_3D('',#4168,#3341,#3342);
#2920=AXIS2_PLACEMENT_3D('',#4188,#3344,#3345);
#2921=AXIS2_PLACEMENT_3D('',#4194,#3349,#3350);
#2922=AXIS2_PLACEMENT_3D('',#4195,#3351,#3352);
#2923=AXIS2_PLACEMENT_3D('',#4199,#3354,#3355);
#2924=AXIS2_PLACEMENT_3D('',#4200,#3356,#3357);
#2925=AXIS2_PLACEMENT_3D('',#4225,#3362,#3363);
#2926=AXIS2_PLACEMENT_3D('',#4226,#3364,#3365);
#2927=AXIS2_PLACEMENT_3D('',#4230,#3367,#3368);
#2928=AXIS2_PLACEMENT_3D('',#4250,#3370,#3371);
#2929=AXIS2_PLACEMENT_3D('',#4256,#3375,#3376);
#2930=AXIS2_PLACEMENT_3D('',#4257,#3377,#3378);
#2931=AXIS2_PLACEMENT_3D('',#4261,#3380,#3381);
#2932=AXIS2_PLACEMENT_3D('',#4262,#3382,#3383);
#2933=AXIS2_PLACEMENT_3D('',#4287,#3388,#3389);
#2934=AXIS2_PLACEMENT_3D('',#4288,#3390,#3391);
#2935=AXIS2_PLACEMENT_3D('',#4292,#3393,#3394);
#2936=AXIS2_PLACEMENT_3D('',#4312,#3396,#3397);
#2937=AXIS2_PLACEMENT_3D('',#4318,#3401,#3402);
#2938=AXIS2_PLACEMENT_3D('',#4319,#3403,#3404);
#2939=AXIS2_PLACEMENT_3D('',#4323,#3406,#3407);
#2940=AXIS2_PLACEMENT_3D('',#4324,#3408,#3409);
#2941=AXIS2_PLACEMENT_3D('',#4349,#3414,#3415);
#2942=AXIS2_PLACEMENT_3D('',#4350,#3416,#3417);
#2943=AXIS2_PLACEMENT_3D('',#4354,#3419,#3420);
#2944=AXIS2_PLACEMENT_3D('',#4374,#3422,#3423);
#2945=AXIS2_PLACEMENT_3D('',#4380,#3427,#3428);
#2946=AXIS2_PLACEMENT_3D('',#4381,#3429,#3430);
#2947=AXIS2_PLACEMENT_3D('',#4385,#3432,#3433);
#2948=AXIS2_PLACEMENT_3D('',#4386,#3434,#3435);
#2949=AXIS2_PLACEMENT_3D('',#4411,#3440,#3441);
#2950=AXIS2_PLACEMENT_3D('',#4412,#3442,#3443);
#2951=AXIS2_PLACEMENT_3D('',#4416,#3445,#3446);
#2952=AXIS2_PLACEMENT_3D('',#4436,#3448,#3449);
#2953=AXIS2_PLACEMENT_3D('',#4442,#3453,#3454);
#2954=AXIS2_PLACEMENT_3D('',#4443,#3455,#3456);
#2955=AXIS2_PLACEMENT_3D('',#4447,#3458,#3459);
#2956=AXIS2_PLACEMENT_3D('',#4448,#3460,#3461);
#2957=AXIS2_PLACEMENT_3D('',#4473,#3466,#3467);
#2958=AXIS2_PLACEMENT_3D('',#4474,#3468,#3469);
#2959=AXIS2_PLACEMENT_3D('',#4478,#3471,#3472);
#2960=AXIS2_PLACEMENT_3D('',#4498,#3474,#3475);
#2961=AXIS2_PLACEMENT_3D('',#4504,#3479,#3480);
#2962=AXIS2_PLACEMENT_3D('',#4505,#3481,#3482);
#2963=AXIS2_PLACEMENT_3D('',#4509,#3484,#3485);
#2964=AXIS2_PLACEMENT_3D('',#4510,#3486,#3487);
#2965=AXIS2_PLACEMENT_3D('',#4535,#3492,#3493);
#2966=AXIS2_PLACEMENT_3D('',#4536,#3494,#3495);
#2967=AXIS2_PLACEMENT_3D('',#4540,#3497,#3498);
#2968=AXIS2_PLACEMENT_3D('',#4560,#3500,#3501);
#2969=AXIS2_PLACEMENT_3D('',#4566,#3505,#3506);
#2970=AXIS2_PLACEMENT_3D('',#4567,#3507,#3508);
#2971=AXIS2_PLACEMENT_3D('',#4571,#3510,#3511);
#2972=AXIS2_PLACEMENT_3D('',#4572,#3512,#3513);
#2973=AXIS2_PLACEMENT_3D('',#4597,#3518,#3519);
#2974=AXIS2_PLACEMENT_3D('',#4598,#3520,#3521);
#2975=AXIS2_PLACEMENT_3D('',#4602,#3523,#3524);
#2976=AXIS2_PLACEMENT_3D('',#4622,#3526,#3527);
#2977=AXIS2_PLACEMENT_3D('',#4628,#3531,#3532);
#2978=AXIS2_PLACEMENT_3D('',#4629,#3533,#3534);
#2979=AXIS2_PLACEMENT_3D('',#4633,#3536,#3537);
#2980=AXIS2_PLACEMENT_3D('',#4634,#3538,#3539);
#2981=AXIS2_PLACEMENT_3D('',#4659,#3544,#3545);
#2982=AXIS2_PLACEMENT_3D('',#4660,#3546,#3547);
#2983=AXIS2_PLACEMENT_3D('',#4664,#3549,#3550);
#2984=AXIS2_PLACEMENT_3D('',#4684,#3552,#3553);
#2985=AXIS2_PLACEMENT_3D('',#4690,#3557,#3558);
#2986=AXIS2_PLACEMENT_3D('',#4691,#3559,#3560);
#2987=AXIS2_PLACEMENT_3D('',#4695,#3562,#3563);
#2988=AXIS2_PLACEMENT_3D('',#4696,#3564,#3565);
#2989=AXIS2_PLACEMENT_3D('',#4721,#3570,#3571);
#2990=AXIS2_PLACEMENT_3D('',#4722,#3572,#3573);
#2991=AXIS2_PLACEMENT_3D('',#4726,#3575,#3576);
#2992=AXIS2_PLACEMENT_3D('',#4746,#3578,#3579);
#2993=AXIS2_PLACEMENT_3D('',#4752,#3583,#3584);
#2994=AXIS2_PLACEMENT_3D('',#4753,#3585,#3586);
#2995=AXIS2_PLACEMENT_3D('',#4757,#3588,#3589);
#2996=AXIS2_PLACEMENT_3D('',#4758,#3590,#3591);
#2997=AXIS2_PLACEMENT_3D('',#4783,#3596,#3597);
#2998=AXIS2_PLACEMENT_3D('',#4784,#3598,#3599);
#2999=AXIS2_PLACEMENT_3D('',#4788,#3601,#3602);
#3000=AXIS2_PLACEMENT_3D('',#4808,#3604,#3605);
#3001=AXIS2_PLACEMENT_3D('',#4814,#3609,#3610);
#3002=AXIS2_PLACEMENT_3D('',#4815,#3611,#3612);
#3003=AXIS2_PLACEMENT_3D('',#4819,#3614,#3615);
#3004=AXIS2_PLACEMENT_3D('',#4820,#3616,#3617);
#3005=AXIS2_PLACEMENT_3D('',#4845,#3622,#3623);
#3006=AXIS2_PLACEMENT_3D('',#4846,#3624,#3625);
#3007=AXIS2_PLACEMENT_3D('',#4850,#3627,#3628);
#3008=AXIS2_PLACEMENT_3D('',#4870,#3630,#3631);
#3009=AXIS2_PLACEMENT_3D('',#4876,#3635,#3636);
#3010=AXIS2_PLACEMENT_3D('',#4877,#3637,#3638);
#3011=AXIS2_PLACEMENT_3D('',#4881,#3640,#3641);
#3012=AXIS2_PLACEMENT_3D('',#4882,#3642,#3643);
#3013=AXIS2_PLACEMENT_3D('',#4907,#3648,#3649);
#3014=AXIS2_PLACEMENT_3D('',#4908,#3650,#3651);
#3015=AXIS2_PLACEMENT_3D('',#4912,#3653,#3654);
#3016=AXIS2_PLACEMENT_3D('',#4932,#3656,#3657);
#3017=AXIS2_PLACEMENT_3D('',#4935,#3660,#3661);
#3018=AXIS2_PLACEMENT_3D('',#4936,#3662,#3663);
#3019=AXIS2_PLACEMENT_3D('',#4938,#3664,#3665);
#3020=AXIS2_PLACEMENT_3D('',#4939,#3666,#3667);
#3021=AXIS2_PLACEMENT_3D('',#4941,#3668,#3669);
#3022=AXIS2_PLACEMENT_3D('',#4942,#3670,#3671);
#3023=AXIS2_PLACEMENT_3D('',#4944,#3672,#3673);
#3024=AXIS2_PLACEMENT_3D('',#4945,#3674,#3675);
#3025=AXIS2_PLACEMENT_3D('',#4947,#3676,#3677);
#3026=DIRECTION('',(0.,0.,1.));
#3027=DIRECTION('',(1.,0.,0.));
#3028=DIRECTION('',(0.,0.,-1.));
#3029=DIRECTION('',(0.,0.,-1.));
#3030=DIRECTION('',(0.,-1.,0.));
#3031=DIRECTION('',(0.,0.,-1.));
#3032=DIRECTION('',(-1.,0.,0.));
#3033=DIRECTION('',(-1.,0.,0.));
#3034=DIRECTION('',(0.,0.,1.));
#3035=DIRECTION('',(1.,0.,0.));
#3036=DIRECTION('',(0.,0.,1.));
#3037=DIRECTION('',(1.,0.,0.));
#3038=DIRECTION('',(0.,0.,1.));
#3039=DIRECTION('',(1.,0.,0.));
#3040=DIRECTION('',(1.,0.,0.));
#3041=DIRECTION('',(0.,0.,-1.));
#3042=DIRECTION('',(0.,-1.,0.));
#3043=DIRECTION('',(0.,0.,-1.));
#3044=DIRECTION('',(0.,-1.,0.));
#3045=DIRECTION('',(0.,0.,-1.));
#3046=DIRECTION('',(0.,1.,0.));
#3047=DIRECTION('',(0.,0.,1.));
#3048=DIRECTION('',(1.,0.,0.));
#3049=DIRECTION('',(0.,0.,-1.));
#3050=DIRECTION('',(1.,0.,0.));
#3051=DIRECTION('',(0.,0.,-1.));
#3052=DIRECTION('',(0.,-1.,0.));
#3053=DIRECTION('',(0.,0.,-1.));
#3054=DIRECTION('',(-1.,0.,0.));
#3055=DIRECTION('',(-1.,0.,0.));
#3056=DIRECTION('',(0.,0.,1.));
#3057=DIRECTION('',(1.,0.,0.));
#3058=DIRECTION('',(0.,0.,1.));
#3059=DIRECTION('',(1.,0.,0.));
#3060=DIRECTION('',(0.,0.,1.));
#3061=DIRECTION('',(1.,0.,0.));
#3062=DIRECTION('',(-1.,0.,0.));
#3063=DIRECTION('',(0.,0.,1.));
#3064=DIRECTION('',(0.,0.,-1.));
#3065=DIRECTION('',(0.,-1.,0.));
#3066=DIRECTION('',(0.,0.,-1.));
#3067=DIRECTION('',(0.,-1.,0.));
#3068=DIRECTION('',(0.,0.,-1.));
#3069=DIRECTION('',(-1.,0.,0.));
#3070=DIRECTION('',(0.,0.,1.));
#3071=DIRECTION('',(1.,0.,0.));
#3072=DIRECTION('',(1.,0.,0.));
#3073=DIRECTION('',(1.,0.,0.));
#3074=DIRECTION('',(0.,-1.,0.));
#3075=DIRECTION('',(0.992277876713668,0.,0.124034734589208));
#3076=DIRECTION('',(-0.124034734589208,0.,0.992277876713668));
#3077=DIRECTION('',(-0.124034734589208,0.,0.992277876713668));
#3078=DIRECTION('',(-0.124034734589208,0.,0.992277876713668));
#3079=DIRECTION('',(0.,-1.,0.));
#3080=DIRECTION('',(0.,0.,1.));
#3081=DIRECTION('',(1.,0.,0.));
#3082=DIRECTION('',(0.,0.,1.));
#3083=DIRECTION('',(1.,0.,0.));
#3084=DIRECTION('',(-1.,0.,0.));
#3085=DIRECTION('',(-1.,0.,0.));
#3086=DIRECTION('',(0.,-1.,0.));
#3087=DIRECTION('',(1.,0.,0.));
#3088=DIRECTION('',(0.,-1.,0.));
#3089=DIRECTION('',(1.,0.,0.));
#3090=DIRECTION('',(0.,0.,-1.));
#3091=DIRECTION('',(-1.,0.,0.));
#3092=DIRECTION('',(0.,0.,1.));
#3093=DIRECTION('',(1.,0.,0.));
#3094=DIRECTION('',(0.,0.,-1.));
#3095=DIRECTION('',(-1.,0.,0.));
#3096=DIRECTION('',(0.,0.,-1.));
#3097=DIRECTION('',(-1.,0.,0.));
#3098=DIRECTION('',(0.,0.,-1.));
#3099=DIRECTION('',(0.,0.,-1.));
#3100=DIRECTION('',(-1.,0.,0.));
#3101=DIRECTION('',(0.,0.,-1.));
#3102=DIRECTION('',(0.,0.,-1.));
#3103=DIRECTION('',(-1.,0.,0.));
#3104=DIRECTION('',(0.,0.,-1.));
#3105=DIRECTION('',(-1.,0.,0.));
#3106=DIRECTION('',(1.,0.,0.));
#3107=DIRECTION('',(0.5,0.866025403784439,0.));
#3108=DIRECTION('',(0.,0.,-1.));
#3109=DIRECTION('',(-1.,0.,0.));
#3110=DIRECTION('',(0.,0.,-1.));
#3111=DIRECTION('',(-1.,0.,0.));
#3112=DIRECTION('',(0.,0.,1.));
#3113=DIRECTION('',(0.,0.,1.));
#3114=DIRECTION('',(0.,0.,1.));
#3115=DIRECTION('',(1.,0.,0.));
#3116=DIRECTION('',(-0.5,-0.866025403784439,0.));
#3117=DIRECTION('',(-1.,0.,0.));
#3118=DIRECTION('',(0.866025403784439,-0.5,0.));
#3119=DIRECTION('',(0.5,0.866025403784439,0.));
#3120=DIRECTION('',(0.,-1.,0.));
#3121=DIRECTION('',(1.,0.,0.));
#3122=DIRECTION('',(0.,0.,1.));
#3123=DIRECTION('',(1.,0.,0.));
#3124=DIRECTION('',(-1.,0.,0.));
#3125=DIRECTION('',(0.,0.,1.));
#3126=DIRECTION('',(0.,1.,0.));
#3127=DIRECTION('',(0.,0.,-1.));
#3128=DIRECTION('',(0.,1.,0.));
#3129=DIRECTION('',(0.,0.,-1.));
#3130=DIRECTION('',(0.,1.,0.));
#3131=DIRECTION('',(0.,0.,1.));
#3132=DIRECTION('',(1.,0.,0.));
#3133=DIRECTION('',(0.,0.,-1.));
#3134=DIRECTION('',(1.,0.,0.));
#3135=DIRECTION('',(-1.,0.,0.));
#3136=DIRECTION('',(0.,0.,1.));
#3137=DIRECTION('',(0.,1.,0.));
#3138=DIRECTION('',(0.,0.,-1.));
#3139=DIRECTION('',(0.,1.,0.));
#3140=DIRECTION('',(0.,1.,0.));
#3141=DIRECTION('',(0.,0.,1.));
#3142=DIRECTION('',(1.,0.,0.));
#3143=DIRECTION('',(1.,0.,0.));
#3144=DIRECTION('',(0.,0.,1.));
#3145=DIRECTION('',(1.,0.,0.));
#3146=DIRECTION('',(0.,-1.,0.));
#3147=DIRECTION('',(-1.,0.,0.));
#3148=DIRECTION('',(0.,-1.,0.));
#3149=DIRECTION('',(-1.,0.,0.));
#3150=DIRECTION('',(0.,0.,1.));
#3151=DIRECTION('',(1.,0.,0.));
#3152=DIRECTION('',(0.,0.,1.));
#3153=DIRECTION('',(1.,0.,0.));
#3154=DIRECTION('',(0.,0.,1.));
#3155=DIRECTION('',(1.,0.,0.));
#3156=DIRECTION('',(0.,0.,-1.));
#3157=DIRECTION('',(-1.,0.,0.));
#3158=DIRECTION('',(-1.,0.,0.));
#3159=DIRECTION('',(0.,0.,1.));
#3160=DIRECTION('',(0.,0.,-1.));
#3161=DIRECTION('',(0.,1.,0.));
#3162=DIRECTION('',(0.,0.,-1.));
#3163=DIRECTION('',(0.,1.,0.));
#3164=DIRECTION('',(0.,0.,1.));
#3165=DIRECTION('',(0.,0.,-1.));
#3166=DIRECTION('',(1.,0.,0.));
#3167=DIRECTION('',(-1.,0.,0.));
#3168=DIRECTION('',(0.,0.,1.));
#3169=DIRECTION('',(0.,0.,-1.));
#3170=DIRECTION('',(0.,1.,0.));
#3171=DIRECTION('',(0.,1.,0.));
#3172=DIRECTION('',(0.,0.,1.));
#3173=DIRECTION('',(1.,0.,0.));
#3174=DIRECTION('',(0.,0.,1.));
#3175=DIRECTION('',(1.,0.,0.));
#3176=DIRECTION('',(0.,0.,1.));
#3177=DIRECTION('',(1.,0.,0.));
#3178=DIRECTION('',(-1.,0.,0.));
#3179=DIRECTION('',(0.,0.,1.));
#3180=DIRECTION('',(0.,1.,0.));
#3181=DIRECTION('',(0.,0.,-1.));
#3182=DIRECTION('',(0.,1.,0.));
#3183=DIRECTION('',(0.,0.,-1.));
#3184=DIRECTION('',(0.,1.,0.));
#3185=DIRECTION('',(0.,0.,1.));
#3186=DIRECTION('',(1.,0.,0.));
#3187=DIRECTION('',(0.,0.,-1.));
#3188=DIRECTION('',(1.,0.,0.));
#3189=DIRECTION('',(-1.,0.,0.));
#3190=DIRECTION('',(0.,0.,1.));
#3191=DIRECTION('',(0.,1.,0.));
#3192=DIRECTION('',(0.,0.,-1.));
#3193=DIRECTION('',(0.,1.,0.));
#3194=DIRECTION('',(0.,1.,0.));
#3195=DIRECTION('',(0.,0.,1.));
#3196=DIRECTION('',(1.,0.,0.));
#3197=DIRECTION('',(1.,0.,0.));
#3198=DIRECTION('',(0.,0.,1.));
#3199=DIRECTION('',(1.,0.,0.));
#3200=DIRECTION('',(0.,0.,1.));
#3201=DIRECTION('',(1.,0.,0.));
#3202=DIRECTION('',(0.,0.,1.));
#3203=DIRECTION('',(1.,0.,0.));
#3204=DIRECTION('',(0.,0.,1.));
#3205=DIRECTION('',(1.,0.,0.));
#3206=DIRECTION('',(0.,0.,-1.));
#3207=DIRECTION('',(-1.,0.,0.));
#3208=DIRECTION('',(0.,0.,1.));
#3209=DIRECTION('',(1.,0.,0.));
#3210=DIRECTION('',(0.,0.,1.));
#3211=DIRECTION('',(1.,0.,0.));
#3212=DIRECTION('',(0.,0.,1.));
#3213=DIRECTION('',(1.,0.,0.));
#3214=DIRECTION('',(0.,0.,-1.));
#3215=DIRECTION('',(-1.,0.,0.));
#3216=DIRECTION('',(0.,0.,-1.));
#3217=DIRECTION('',(-1.,0.,0.));
#3218=DIRECTION('',(0.,0.,-1.));
#3219=DIRECTION('',(0.,0.,-1.));
#3220=DIRECTION('',(-1.,0.,0.));
#3221=DIRECTION('',(0.,0.,-1.));
#3222=DIRECTION('',(0.,0.,-1.));
#3223=DIRECTION('',(-1.,0.,0.));
#3224=DIRECTION('',(0.,0.,-1.));
#3225=DIRECTION('',(-1.,0.,0.));
#3226=DIRECTION('',(1.,0.,0.));
#3227=DIRECTION('',(-0.707106781186548,0.707106781186548,0.));
#3228=DIRECTION('',(0.,0.,-1.));
#3229=DIRECTION('',(-1.,0.,0.));
#3230=DIRECTION('',(0.,0.,-1.));
#3231=DIRECTION('',(-1.,0.,0.));
#3232=DIRECTION('',(0.,0.,1.));
#3233=DIRECTION('',(0.,0.,1.));
#3234=DIRECTION('',(0.,0.,1.));
#3235=DIRECTION('',(1.,0.,0.));
#3236=DIRECTION('',(0.707106781186548,-0.707106781186548,0.));
#3237=DIRECTION('',(-1.,0.,0.));
#3238=DIRECTION('',(0.707106781186548,0.707106781186548,0.));
#3239=DIRECTION('',(-0.707106781186548,0.707106781186548,0.));
#3240=DIRECTION('',(0.,-1.,0.));
#3241=DIRECTION('',(1.,0.,0.));
#3242=DIRECTION('',(0.,0.,1.));
#3243=DIRECTION('',(1.,0.,0.));
#3244=DIRECTION('',(0.,0.,-1.));
#3245=DIRECTION('',(-1.,0.,0.));
#3246=DIRECTION('',(0.,0.,1.));
#3247=DIRECTION('',(1.,0.,0.));
#3248=DIRECTION('',(0.,0.,-1.));
#3249=DIRECTION('',(0.,0.,1.));
#3250=DIRECTION('',(1.,0.,0.));
#3251=DIRECTION('',(0.,0.,-1.));
#3252=DIRECTION('',(0.112838319771894,0.99361336222449,0.));
#3253=DIRECTION('',(-0.99361336222449,0.112838319771894,0.));
#3254=DIRECTION('',(0.99361336222449,-0.112838319771894,0.));
#3255=DIRECTION('',(0.,0.,-1.));
#3256=DIRECTION('',(0.99361336222449,-0.112838319771894,0.));
#3257=DIRECTION('',(0.,0.,-1.));
#3258=DIRECTION('',(0.,0.,-1.));
#3259=DIRECTION('',(-1.,0.,0.));
#3260=DIRECTION('',(0.,0.,1.));
#3261=DIRECTION('',(1.,0.,0.));
#3262=DIRECTION('',(0.,0.,-1.));
#3263=DIRECTION('',(0.,0.,1.));
#3264=DIRECTION('',(1.,0.,0.));
#3265=DIRECTION('',(0.,0.,-1.));
#3266=DIRECTION('',(0.112838319771894,-0.99361336222449,0.));
#3267=DIRECTION('',(0.99361336222449,0.112838319771894,0.));
#3268=DIRECTION('',(-0.99361336222449,-0.112838319771894,0.));
#3269=DIRECTION('',(0.,0.,-1.));
#3270=DIRECTION('',(-0.99361336222449,-0.112838319771894,0.));
#3271=DIRECTION('',(0.,0.,-1.));
#3272=DIRECTION('',(-1.,0.,0.));
#3273=DIRECTION('',(0.,0.,1.));
#3274=DIRECTION('',(1.,0.,0.));
#3275=DIRECTION('',(0.,0.,-1.));
#3276=DIRECTION('',(0.,0.,1.));
#3277=DIRECTION('',(1.,0.,0.));
#3278=DIRECTION('',(-0.275990357779669,0.961160404101548,0.));
#3279=DIRECTION('',(-0.961160404101548,-0.275990357779669,0.));
#3280=DIRECTION('',(0.961160404101548,0.275990357779669,0.));
#3281=DIRECTION('',(0.,0.,-1.));
#3282=DIRECTION('',(0.961160404101548,0.275990357779669,0.));
#3283=DIRECTION('',(0.,0.,-1.));
#3284=DIRECTION('',(0.,0.,-1.));
#3285=DIRECTION('',(-1.,0.,0.));
#3286=DIRECTION('',(0.,0.,1.));
#3287=DIRECTION('',(1.,0.,0.));
#3288=DIRECTION('',(0.,0.,-1.));
#3289=DIRECTION('',(0.,0.,1.));
#3290=DIRECTION('',(1.,0.,0.));
#3291=DIRECTION('',(0.,0.,-1.));
#3292=DIRECTION('',(0.484488386020102,-0.874797693076312,0.));
#3293=DIRECTION('',(0.874797693076312,0.484488386020102,0.));
#3294=DIRECTION('',(-0.874797693076312,-0.484488386020102,0.));
#3295=DIRECTION('',(0.,0.,-1.));
#3296=DIRECTION('',(-0.874797693076312,-0.484488386020102,0.));
#3297=DIRECTION('',(0.,0.,-1.));
#3298=DIRECTION('',(-1.,0.,0.));
#3299=DIRECTION('',(0.,0.,1.));
#3300=DIRECTION('',(1.,0.,0.));
#3301=DIRECTION('',(0.,0.,-1.));
#3302=DIRECTION('',(0.,0.,1.));
#3303=DIRECTION('',(1.,0.,0.));
#3304=DIRECTION('',(-0.622802005218101,0.782379487394904,0.));
#3305=DIRECTION('',(-0.782379487394904,-0.622802005218101,0.));
#3306=DIRECTION('',(0.782379487394904,0.622802005218101,0.));
#3307=DIRECTION('',(0.,0.,-1.));
#3308=DIRECTION('',(0.782379487394904,0.622802005218101,0.));
#3309=DIRECTION('',(0.,0.,-1.));
#3310=DIRECTION('',(0.,0.,-1.));
#3311=DIRECTION('',(-1.,0.,0.));
#3312=DIRECTION('',(0.,0.,1.));
#3313=DIRECTION('',(1.,0.,0.));
#3314=DIRECTION('',(0.,0.,-1.));
#3315=DIRECTION('',(0.,0.,1.));
#3316=DIRECTION('',(1.,0.,0.));
#3317=DIRECTION('',(0.,0.,-1.));
#3318=DIRECTION('',(0.782379487394904,-0.622802005218101,0.));
#3319=DIRECTION('',(0.622802005218101,0.782379487394904,0.));
#3320=DIRECTION('',(-0.622802005218101,-0.782379487394904,0.));
#3321=DIRECTION('',(0.,0.,-1.));
#3322=DIRECTION('',(-0.622802005218101,-0.782379487394904,0.));
#3323=DIRECTION('',(0.,0.,-1.));
#3324=DIRECTION('',(-1.,0.,0.));
#3325=DIRECTION('',(0.,0.,1.));
#3326=DIRECTION('',(1.,0.,0.));
#3327=DIRECTION('',(0.,0.,-1.));
#3328=DIRECTION('',(0.,0.,1.));
#3329=DIRECTION('',(1.,0.,0.));
#3330=DIRECTION('',(-0.874797693076312,0.484488386020102,0.));
#3331=DIRECTION('',(-0.484488386020102,-0.874797693076312,0.));
#3332=DIRECTION('',(0.484488386020102,0.874797693076312,0.));
#3333=DIRECTION('',(0.,0.,-1.));
#3334=DIRECTION('',(0.484488386020102,0.874797693076312,0.));
#3335=DIRECTION('',(0.,0.,-1.));
#3336=DIRECTION('',(0.,0.,-1.));
#3337=DIRECTION('',(-1.,0.,0.));
#3338=DIRECTION('',(0.,0.,1.));
#3339=DIRECTION('',(1.,0.,0.));
#3340=DIRECTION('',(0.,0.,-1.));
#3341=DIRECTION('',(0.,0.,1.));
#3342=DIRECTION('',(1.,0.,0.));
#3343=DIRECTION('',(0.,0.,-1.));
#3344=DIRECTION('',(0.961160404101548,-0.275990357779669,0.));
#3345=DIRECTION('',(0.275990357779669,0.961160404101548,0.));
#3346=DIRECTION('',(-0.275990357779669,-0.961160404101548,0.));
#3347=DIRECTION('',(0.,0.,-1.));
#3348=DIRECTION('',(-0.275990357779669,-0.961160404101548,0.));
#3349=DIRECTION('',(0.,0.,-1.));
#3350=DIRECTION('',(-1.,0.,0.));
#3351=DIRECTION('',(0.,0.,1.));
#3352=DIRECTION('',(1.,0.,0.));
#3353=DIRECTION('',(0.,0.,-1.));
#3354=DIRECTION('',(0.,0.,1.));
#3355=DIRECTION('',(1.,0.,0.));
#3356=DIRECTION('',(-0.99361336222449,0.112838319771894,0.));
#3357=DIRECTION('',(-0.112838319771894,-0.99361336222449,0.));
#3358=DIRECTION('',(0.112838319771894,0.99361336222449,0.));
#3359=DIRECTION('',(0.,0.,-1.));
#3360=DIRECTION('',(0.112838319771894,0.99361336222449,0.));
#3361=DIRECTION('',(0.,0.,-1.));
#3362=DIRECTION('',(0.,0.,-1.));
#3363=DIRECTION('',(-1.,0.,0.));
#3364=DIRECTION('',(0.,0.,1.));
#3365=DIRECTION('',(1.,0.,0.));
#3366=DIRECTION('',(0.,0.,-1.));
#3367=DIRECTION('',(0.,0.,1.));
#3368=DIRECTION('',(1.,0.,0.));
#3369=DIRECTION('',(0.,0.,-1.));
#3370=DIRECTION('',(0.99361336222449,0.112838319771894,0.));
#3371=DIRECTION('',(-0.112838319771894,0.99361336222449,0.));
#3372=DIRECTION('',(0.112838319771894,-0.99361336222449,0.));
#3373=DIRECTION('',(0.,0.,-1.));
#3374=DIRECTION('',(0.112838319771894,-0.99361336222449,0.));
#3375=DIRECTION('',(0.,0.,-1.));
#3376=DIRECTION('',(-1.,0.,0.));
#3377=DIRECTION('',(0.,0.,1.));
#3378=DIRECTION('',(1.,0.,0.));
#3379=DIRECTION('',(0.,0.,-1.));
#3380=DIRECTION('',(0.,0.,1.));
#3381=DIRECTION('',(1.,0.,0.));
#3382=DIRECTION('',(-0.961160404101548,-0.275990357779669,0.));
#3383=DIRECTION('',(0.275990357779669,-0.961160404101548,0.));
#3384=DIRECTION('',(-0.275990357779669,0.961160404101548,0.));
#3385=DIRECTION('',(0.,0.,-1.));
#3386=DIRECTION('',(-0.275990357779669,0.961160404101548,0.));
#3387=DIRECTION('',(0.,0.,-1.));
#3388=DIRECTION('',(0.,0.,-1.));
#3389=DIRECTION('',(-1.,0.,0.));
#3390=DIRECTION('',(0.,0.,1.));
#3391=DIRECTION('',(1.,0.,0.));
#3392=DIRECTION('',(0.,0.,-1.));
#3393=DIRECTION('',(0.,0.,1.));
#3394=DIRECTION('',(1.,0.,0.));
#3395=DIRECTION('',(0.,0.,-1.));
#3396=DIRECTION('',(0.874797693076312,0.484488386020101,0.));
#3397=DIRECTION('',(-0.484488386020101,0.874797693076312,0.));
#3398=DIRECTION('',(0.484488386020101,-0.874797693076312,0.));
#3399=DIRECTION('',(0.,0.,-1.));
#3400=DIRECTION('',(0.484488386020101,-0.874797693076312,0.));
#3401=DIRECTION('',(0.,0.,-1.));
#3402=DIRECTION('',(-1.,0.,0.));
#3403=DIRECTION('',(0.,0.,1.));
#3404=DIRECTION('',(1.,0.,0.));
#3405=DIRECTION('',(0.,0.,-1.));
#3406=DIRECTION('',(0.,0.,1.));
#3407=DIRECTION('',(1.,0.,0.));
#3408=DIRECTION('',(-0.782379487394904,-0.622802005218101,0.));
#3409=DIRECTION('',(0.622802005218101,-0.782379487394904,0.));
#3410=DIRECTION('',(-0.622802005218101,0.782379487394904,0.));
#3411=DIRECTION('',(0.,0.,-1.));
#3412=DIRECTION('',(-0.622802005218101,0.782379487394904,0.));
#3413=DIRECTION('',(0.,0.,-1.));
#3414=DIRECTION('',(0.,0.,-1.));
#3415=DIRECTION('',(-1.,0.,0.));
#3416=DIRECTION('',(0.,0.,1.));
#3417=DIRECTION('',(1.,0.,0.));
#3418=DIRECTION('',(0.,0.,-1.));
#3419=DIRECTION('',(0.,0.,1.));
#3420=DIRECTION('',(1.,0.,0.));
#3421=DIRECTION('',(0.,0.,-1.));
#3422=DIRECTION('',(0.622802005218101,0.782379487394904,0.));
#3423=DIRECTION('',(-0.782379487394904,0.622802005218101,0.));
#3424=DIRECTION('',(0.782379487394904,-0.622802005218101,0.));
#3425=DIRECTION('',(0.,0.,-1.));
#3426=DIRECTION('',(0.782379487394904,-0.622802005218101,0.));
#3427=DIRECTION('',(0.,0.,-1.));
#3428=DIRECTION('',(-1.,0.,0.));
#3429=DIRECTION('',(0.,0.,1.));
#3430=DIRECTION('',(1.,0.,0.));
#3431=DIRECTION('',(0.,0.,-1.));
#3432=DIRECTION('',(0.,0.,1.));
#3433=DIRECTION('',(1.,0.,0.));
#3434=DIRECTION('',(-0.484488386020102,-0.874797693076311,0.));
#3435=DIRECTION('',(0.874797693076312,-0.484488386020102,0.));
#3436=DIRECTION('',(-0.874797693076312,0.484488386020102,0.));
#3437=DIRECTION('',(0.,0.,-1.));
#3438=DIRECTION('',(-0.874797693076312,0.484488386020102,0.));
#3439=DIRECTION('',(0.,0.,-1.));
#3440=DIRECTION('',(0.,0.,-1.));
#3441=DIRECTION('',(-1.,0.,0.));
#3442=DIRECTION('',(0.,0.,1.));
#3443=DIRECTION('',(1.,0.,0.));
#3444=DIRECTION('',(0.,0.,-1.));
#3445=DIRECTION('',(0.,0.,1.));
#3446=DIRECTION('',(1.,0.,0.));
#3447=DIRECTION('',(0.,0.,-1.));
#3448=DIRECTION('',(0.275990357779669,0.961160404101548,0.));
#3449=DIRECTION('',(-0.961160404101548,0.275990357779669,0.));
#3450=DIRECTION('',(0.961160404101548,-0.275990357779669,0.));
#3451=DIRECTION('',(0.,0.,-1.));
#3452=DIRECTION('',(0.961160404101548,-0.275990357779669,0.));
#3453=DIRECTION('',(0.,0.,-1.));
#3454=DIRECTION('',(-1.,0.,0.));
#3455=DIRECTION('',(0.,0.,1.));
#3456=DIRECTION('',(1.,0.,0.));
#3457=DIRECTION('',(0.,0.,-1.));
#3458=DIRECTION('',(0.,0.,1.));
#3459=DIRECTION('',(1.,0.,0.));
#3460=DIRECTION('',(-0.112838319771894,-0.99361336222449,0.));
#3461=DIRECTION('',(0.99361336222449,-0.112838319771894,0.));
#3462=DIRECTION('',(-0.99361336222449,0.112838319771894,0.));
#3463=DIRECTION('',(0.,0.,-1.));
#3464=DIRECTION('',(-0.99361336222449,0.112838319771894,0.));
#3465=DIRECTION('',(0.,0.,-1.));
#3466=DIRECTION('',(0.,0.,-1.));
#3467=DIRECTION('',(-1.,0.,0.));
#3468=DIRECTION('',(0.,0.,1.));
#3469=DIRECTION('',(1.,0.,0.));
#3470=DIRECTION('',(0.,0.,-1.));
#3471=DIRECTION('',(0.,0.,1.));
#3472=DIRECTION('',(1.,0.,0.));
#3473=DIRECTION('',(0.,0.,-1.));
#3474=DIRECTION('',(-0.112838319771893,0.99361336222449,0.));
#3475=DIRECTION('',(-0.99361336222449,-0.112838319771893,0.));
#3476=DIRECTION('',(0.99361336222449,0.112838319771893,0.));
#3477=DIRECTION('',(0.,0.,-1.));
#3478=DIRECTION('',(0.99361336222449,0.112838319771893,0.));
#3479=DIRECTION('',(0.,0.,-1.));
#3480=DIRECTION('',(-1.,0.,0.));
#3481=DIRECTION('',(0.,0.,1.));
#3482=DIRECTION('',(1.,0.,0.));
#3483=DIRECTION('',(0.,0.,-1.));
#3484=DIRECTION('',(0.,0.,1.));
#3485=DIRECTION('',(1.,0.,0.));
#3486=DIRECTION('',(0.275990357779669,-0.961160404101548,0.));
#3487=DIRECTION('',(0.961160404101548,0.275990357779669,0.));
#3488=DIRECTION('',(-0.961160404101548,-0.275990357779669,0.));
#3489=DIRECTION('',(0.,0.,-1.));
#3490=DIRECTION('',(-0.961160404101548,-0.275990357779669,0.));
#3491=DIRECTION('',(0.,0.,-1.));
#3492=DIRECTION('',(0.,0.,-1.));
#3493=DIRECTION('',(-1.,0.,0.));
#3494=DIRECTION('',(0.,0.,1.));
#3495=DIRECTION('',(1.,0.,0.));
#3496=DIRECTION('',(0.,0.,-1.));
#3497=DIRECTION('',(0.,0.,1.));
#3498=DIRECTION('',(1.,0.,0.));
#3499=DIRECTION('',(0.,0.,-1.));
#3500=DIRECTION('',(-0.484488386020101,0.874797693076312,0.));
#3501=DIRECTION('',(-0.874797693076312,-0.484488386020101,0.));
#3502=DIRECTION('',(0.874797693076312,0.484488386020101,0.));
#3503=DIRECTION('',(0.,0.,-1.));
#3504=DIRECTION('',(0.874797693076312,0.484488386020101,0.));
#3505=DIRECTION('',(0.,0.,-1.));
#3506=DIRECTION('',(-1.,0.,0.));
#3507=DIRECTION('',(0.,0.,1.));
#3508=DIRECTION('',(1.,0.,0.));
#3509=DIRECTION('',(0.,0.,-1.));
#3510=DIRECTION('',(0.,0.,1.));
#3511=DIRECTION('',(1.,0.,0.));
#3512=DIRECTION('',(0.622802005218101,-0.782379487394904,0.));
#3513=DIRECTION('',(0.782379487394904,0.622802005218101,0.));
#3514=DIRECTION('',(-0.782379487394904,-0.622802005218101,0.));
#3515=DIRECTION('',(0.,0.,-1.));
#3516=DIRECTION('',(-0.782379487394904,-0.622802005218101,0.));
#3517=DIRECTION('',(0.,0.,-1.));
#3518=DIRECTION('',(0.,0.,-1.));
#3519=DIRECTION('',(-1.,0.,0.));
#3520=DIRECTION('',(0.,0.,1.));
#3521=DIRECTION('',(1.,0.,0.));
#3522=DIRECTION('',(0.,0.,-1.));
#3523=DIRECTION('',(0.,0.,1.));
#3524=DIRECTION('',(1.,0.,0.));
#3525=DIRECTION('',(0.,0.,-1.));
#3526=DIRECTION('',(-0.782379487394904,0.622802005218101,0.));
#3527=DIRECTION('',(-0.622802005218101,-0.782379487394904,0.));
#3528=DIRECTION('',(0.622802005218101,0.782379487394904,0.));
#3529=DIRECTION('',(0.,0.,-1.));
#3530=DIRECTION('',(0.622802005218101,0.782379487394904,0.));
#3531=DIRECTION('',(0.,0.,-1.));
#3532=DIRECTION('',(-1.,0.,0.));
#3533=DIRECTION('',(0.,0.,1.));
#3534=DIRECTION('',(1.,0.,0.));
#3535=DIRECTION('',(0.,0.,-1.));
#3536=DIRECTION('',(0.,0.,1.));
#3537=DIRECTION('',(1.,0.,0.));
#3538=DIRECTION('',(0.874797693076311,-0.484488386020102,0.));
#3539=DIRECTION('',(0.484488386020102,0.874797693076312,0.));
#3540=DIRECTION('',(-0.484488386020102,-0.874797693076312,0.));
#3541=DIRECTION('',(0.,0.,-1.));
#3542=DIRECTION('',(-0.484488386020102,-0.874797693076312,0.));
#3543=DIRECTION('',(0.,0.,-1.));
#3544=DIRECTION('',(0.,0.,-1.));
#3545=DIRECTION('',(-1.,0.,0.));
#3546=DIRECTION('',(0.,0.,1.));
#3547=DIRECTION('',(1.,0.,0.));
#3548=DIRECTION('',(0.,0.,-1.));
#3549=DIRECTION('',(0.,0.,1.));
#3550=DIRECTION('',(1.,0.,0.));
#3551=DIRECTION('',(0.,0.,-1.));
#3552=DIRECTION('',(-0.961160404101547,0.27599035777967,0.));
#3553=DIRECTION('',(-0.27599035777967,-0.961160404101547,0.));
#3554=DIRECTION('',(0.27599035777967,0.961160404101547,0.));
#3555=DIRECTION('',(0.,0.,-1.));
#3556=DIRECTION('',(0.27599035777967,0.961160404101547,0.));
#3557=DIRECTION('',(0.,0.,-1.));
#3558=DIRECTION('',(-1.,0.,0.));
#3559=DIRECTION('',(0.,0.,1.));
#3560=DIRECTION('',(1.,0.,0.));
#3561=DIRECTION('',(0.,0.,-1.));
#3562=DIRECTION('',(0.,0.,1.));
#3563=DIRECTION('',(1.,0.,0.));
#3564=DIRECTION('',(0.99361336222449,-0.112838319771894,0.));
#3565=DIRECTION('',(0.112838319771894,0.99361336222449,0.));
#3566=DIRECTION('',(-0.112838319771894,-0.99361336222449,0.));
#3567=DIRECTION('',(0.,0.,-1.));
#3568=DIRECTION('',(-0.112838319771894,-0.99361336222449,0.));
#3569=DIRECTION('',(0.,0.,-1.));
#3570=DIRECTION('',(0.,0.,-1.));
#3571=DIRECTION('',(-1.,0.,0.));
#3572=DIRECTION('',(0.,0.,1.));
#3573=DIRECTION('',(1.,0.,0.));
#3574=DIRECTION('',(0.,0.,-1.));
#3575=DIRECTION('',(0.,0.,1.));
#3576=DIRECTION('',(1.,0.,0.));
#3577=DIRECTION('',(0.,0.,-1.));
#3578=DIRECTION('',(-0.99361336222449,-0.112838319771893,0.));
#3579=DIRECTION('',(0.112838319771893,-0.99361336222449,0.));
#3580=DIRECTION('',(-0.112838319771893,0.99361336222449,0.));
#3581=DIRECTION('',(0.,0.,-1.));
#3582=DIRECTION('',(-0.112838319771893,0.99361336222449,0.));
#3583=DIRECTION('',(0.,0.,-1.));
#3584=DIRECTION('',(-1.,0.,0.));
#3585=DIRECTION('',(0.,0.,1.));
#3586=DIRECTION('',(1.,0.,0.));
#3587=DIRECTION('',(0.,0.,-1.));
#3588=DIRECTION('',(0.,0.,1.));
#3589=DIRECTION('',(1.,0.,0.));
#3590=DIRECTION('',(0.961160404101548,0.275990357779669,0.));
#3591=DIRECTION('',(-0.275990357779669,0.961160404101548,0.));
#3592=DIRECTION('',(0.275990357779669,-0.961160404101548,0.));
#3593=DIRECTION('',(0.,0.,-1.));
#3594=DIRECTION('',(0.275990357779669,-0.961160404101548,0.));
#3595=DIRECTION('',(0.,0.,-1.));
#3596=DIRECTION('',(0.,0.,-1.));
#3597=DIRECTION('',(-1.,0.,0.));
#3598=DIRECTION('',(0.,0.,1.));
#3599=DIRECTION('',(1.,0.,0.));
#3600=DIRECTION('',(0.,0.,-1.));
#3601=DIRECTION('',(0.,0.,1.));
#3602=DIRECTION('',(1.,0.,0.));
#3603=DIRECTION('',(0.,0.,-1.));
#3604=DIRECTION('',(-0.874797693076312,-0.484488386020102,0.));
#3605=DIRECTION('',(0.484488386020102,-0.874797693076312,0.));
#3606=DIRECTION('',(-0.484488386020102,0.874797693076312,0.));
#3607=DIRECTION('',(0.,0.,-1.));
#3608=DIRECTION('',(-0.484488386020102,0.874797693076312,0.));
#3609=DIRECTION('',(0.,0.,-1.));
#3610=DIRECTION('',(-1.,0.,0.));
#3611=DIRECTION('',(0.,0.,1.));
#3612=DIRECTION('',(1.,0.,0.));
#3613=DIRECTION('',(0.,0.,-1.));
#3614=DIRECTION('',(0.,0.,1.));
#3615=DIRECTION('',(1.,0.,0.));
#3616=DIRECTION('',(0.782379487394904,0.622802005218101,0.));
#3617=DIRECTION('',(-0.622802005218101,0.782379487394904,0.));
#3618=DIRECTION('',(0.622802005218101,-0.782379487394904,0.));
#3619=DIRECTION('',(0.,0.,-1.));
#3620=DIRECTION('',(0.622802005218101,-0.782379487394904,0.));
#3621=DIRECTION('',(0.,0.,-1.));
#3622=DIRECTION('',(0.,0.,-1.));
#3623=DIRECTION('',(-1.,0.,0.));
#3624=DIRECTION('',(0.,0.,1.));
#3625=DIRECTION('',(1.,0.,0.));
#3626=DIRECTION('',(0.,0.,-1.));
#3627=DIRECTION('',(0.,0.,1.));
#3628=DIRECTION('',(1.,0.,0.));
#3629=DIRECTION('',(0.,0.,-1.));
#3630=DIRECTION('',(-0.622802005218101,-0.782379487394904,0.));
#3631=DIRECTION('',(0.782379487394904,-0.622802005218101,0.));
#3632=DIRECTION('',(-0.782379487394904,0.622802005218101,0.));
#3633=DIRECTION('',(0.,0.,-1.));
#3634=DIRECTION('',(-0.782379487394904,0.622802005218101,0.));
#3635=DIRECTION('',(0.,0.,-1.));
#3636=DIRECTION('',(-1.,0.,0.));
#3637=DIRECTION('',(0.,0.,1.));
#3638=DIRECTION('',(1.,0.,0.));
#3639=DIRECTION('',(0.,0.,-1.));
#3640=DIRECTION('',(0.,0.,1.));
#3641=DIRECTION('',(1.,0.,0.));
#3642=DIRECTION('',(0.484488386020103,0.874797693076311,0.));
#3643=DIRECTION('',(-0.874797693076311,0.484488386020103,0.));
#3644=DIRECTION('',(0.874797693076311,-0.484488386020103,0.));
#3645=DIRECTION('',(0.,0.,-1.));
#3646=DIRECTION('',(0.874797693076311,-0.484488386020103,0.));
#3647=DIRECTION('',(0.,0.,-1.));
#3648=DIRECTION('',(0.,0.,-1.));
#3649=DIRECTION('',(-1.,0.,0.));
#3650=DIRECTION('',(0.,0.,1.));
#3651=DIRECTION('',(1.,0.,0.));
#3652=DIRECTION('',(0.,0.,-1.));
#3653=DIRECTION('',(0.,0.,1.));
#3654=DIRECTION('',(1.,0.,0.));
#3655=DIRECTION('',(0.,0.,-1.));
#3656=DIRECTION('',(-0.27599035777967,-0.961160404101547,0.));
#3657=DIRECTION('',(0.961160404101547,-0.27599035777967,0.));
#3658=DIRECTION('',(-0.961160404101547,0.27599035777967,0.));
#3659=DIRECTION('',(-0.961160404101547,0.27599035777967,0.));
#3660=DIRECTION('',(0.,0.,1.));
#3661=DIRECTION('',(1.,0.,0.));
#3662=DIRECTION('',(0.,0.,1.));
#3663=DIRECTION('',(1.,0.,0.));
#3664=DIRECTION('',(0.,0.,1.));
#3665=DIRECTION('',(1.,0.,0.));
#3666=DIRECTION('',(0.,0.,1.));
#3667=DIRECTION('',(1.,0.,0.));
#3668=DIRECTION('',(0.,0.,-1.));
#3669=DIRECTION('',(-1.,0.,0.));
#3670=DIRECTION('',(0.,0.,1.));
#3671=DIRECTION('',(1.,0.,0.));
#3672=DIRECTION('',(0.,0.,1.));
#3673=DIRECTION('',(1.,0.,0.));
#3674=DIRECTION('',(0.,0.,1.));
#3675=DIRECTION('',(1.,0.,0.));
#3676=DIRECTION('',(0.,0.,-1.));
#3677=DIRECTION('',(-1.,0.,0.));
#3678=CARTESIAN_POINT('',(0.,0.,0.));
#3679=CARTESIAN_POINT('',(0.,3.5,0.004));
#3680=CARTESIAN_POINT('',(0.,3.5,0.));
#3681=CARTESIAN_POINT('',(0.008,3.506,0.004));
#3682=CARTESIAN_POINT('',(0.008,3.506,0.));
#3683=CARTESIAN_POINT('',(0.018,3.506,0.004));
#3684=CARTESIAN_POINT('',(0.018,3.506,0.));
#3685=CARTESIAN_POINT('',(0.026,3.5,0.004));
#3686=CARTESIAN_POINT('',(0.026,3.5,0.));
#3687=CARTESIAN_POINT('',(0.,3.5,0.));
#3688=CARTESIAN_POINT('',(0.006,3.5045,0.));
#3689=CARTESIAN_POINT('',(0.013,3.506,0.));
#3690=CARTESIAN_POINT('',(0.02,3.5045,0.));
#3691=CARTESIAN_POINT('',(0.026,3.5,0.));
#3692=CARTESIAN_POINT('',(0.,3.5,0.));
#3693=CARTESIAN_POINT('',(0.026,3.5,0.));
#3694=CARTESIAN_POINT('',(0.,3.5,0.004));
#3695=CARTESIAN_POINT('',(0.,3.5,0.004));
#3696=CARTESIAN_POINT('',(0.,3.5,0.004));
#3697=CARTESIAN_POINT('',(0.006,3.5045,0.004));
#3698=CARTESIAN_POINT('',(0.013,3.506,0.004));
#3699=CARTESIAN_POINT('',(0.02,3.5045,0.004));
#3700=CARTESIAN_POINT('',(0.026,3.5,0.004));
#3701=CARTESIAN_POINT('',(0.026,3.5,0.004));
#3702=CARTESIAN_POINT('',(0.026,3.5,0.004));
#3703=CARTESIAN_POINT('',(0.013,3.5,0.004));
#3704=CARTESIAN_POINT('',(0.013,3.5,0.));
#3705=CARTESIAN_POINT('',(0.013,3.5,0.004));
#3706=CARTESIAN_POINT('',(0.013,3.503,0.004));
#3707=CARTESIAN_POINT('',(0.013,3.503,0.));
#3708=CARTESIAN_POINT('',(0.,0.,0.));
#3709=CARTESIAN_POINT('',(0.25,3.514,0.005));
#3710=CARTESIAN_POINT('',(0.25,3.514,0.));
#3711=CARTESIAN_POINT('',(0.25,3.528,0.));
#3712=CARTESIAN_POINT('',(0.25,3.5,0.));
#3713=CARTESIAN_POINT('',(0.25,3.5,0.005));
#3714=CARTESIAN_POINT('',(0.25,3.5,0.005));
#3715=CARTESIAN_POINT('',(0.25,3.514,0.005));
#3716=CARTESIAN_POINT('',(0.25,3.528,0.005));
#3717=CARTESIAN_POINT('',(0.25,3.528,0.005));
#3718=CARTESIAN_POINT('',(0.265,3.5,0.005));
#3719=CARTESIAN_POINT('',(0.265,3.5,0.));
#3720=CARTESIAN_POINT('',(0.28,3.5,0.));
#3721=CARTESIAN_POINT('',(0.28,3.5,0.005));
#3722=CARTESIAN_POINT('',(0.28,3.5,0.005));
#3723=CARTESIAN_POINT('',(0.265,3.5,0.005));
#3724=CARTESIAN_POINT('',(0.28,3.5,0.005));
#3725=CARTESIAN_POINT('',(0.28,3.5,8.67361737988404E-19));
#3726=CARTESIAN_POINT('',(0.281662013801424,3.50152074951637,0.005));
#3727=CARTESIAN_POINT('',(0.281662013801424,3.50152074951637,8.67361737988404E-19));
#3728=CARTESIAN_POINT('',(0.284943930912381,3.50452371727449,0.005));
#3729=CARTESIAN_POINT('',(0.284943930912381,3.50452371727449,8.67361737988404E-19));
#3730=CARTESIAN_POINT('',(0.284081396581448,3.51174008663319,0.005));
#3731=CARTESIAN_POINT('',(0.284081396581448,3.51174008663319,8.67361737988404E-19));
#3732=CARTESIAN_POINT('',(0.276169399530407,3.51532434307883,0.005));
#3733=CARTESIAN_POINT('',(0.276169399530407,3.51532434307883,8.67361737988404E-19));
#3734=CARTESIAN_POINT('',(0.279436902492588,3.52212572755991,0.005));
#3735=CARTESIAN_POINT('',(0.279436902492588,3.52212572755991,8.67361737988404E-19));
#3736=CARTESIAN_POINT('',(0.279812300830863,3.52604190918664,0.005));
#3737=CARTESIAN_POINT('',(0.279812300830863,3.52604190918664,8.67361737988404E-19));
#3738=CARTESIAN_POINT('',(0.28,3.528,0.005));
#3739=CARTESIAN_POINT('',(0.28,3.528,8.67361737988404E-19));
#3740=CARTESIAN_POINT('',(0.28,3.5,0.));
#3741=CARTESIAN_POINT('',(0.281662013801424,3.50152074951637,0.));
#3742=CARTESIAN_POINT('',(0.284943930912381,3.50452371727449,0.));
#3743=CARTESIAN_POINT('',(0.284081396581448,3.51174008663319,0.));
#3744=CARTESIAN_POINT('',(0.276169399530407,3.51532434307883,0.));
#3745=CARTESIAN_POINT('',(0.279436902492588,3.52212572755991,0.));
#3746=CARTESIAN_POINT('',(0.279812300830863,3.52604190918664,0.));
#3747=CARTESIAN_POINT('',(0.28,3.528,0.));
#3748=CARTESIAN_POINT('',(0.28,3.528,0.));
#3749=CARTESIAN_POINT('',(0.28,3.528,0.005));
#3750=CARTESIAN_POINT('',(0.28,3.528,0.005));
#3751=CARTESIAN_POINT('',(0.28,3.5,0.005));
#3752=CARTESIAN_POINT('',(0.281662013801424,3.50152074951637,0.005));
#3753=CARTESIAN_POINT('',(0.284943930912381,3.50452371727449,0.005));
#3754=CARTESIAN_POINT('',(0.284081396581448,3.51174008663319,0.005));
#3755=CARTESIAN_POINT('',(0.276169399530407,3.51532434307883,0.005));
#3756=CARTESIAN_POINT('',(0.279436902492588,3.52212572755991,0.005));
#3757=CARTESIAN_POINT('',(0.279812300830863,3.52604190918664,0.005));
#3758=CARTESIAN_POINT('',(0.28,3.528,0.005));
#3759=CARTESIAN_POINT('',(0.265,3.528,0.005));
#3760=CARTESIAN_POINT('',(0.265,3.528,0.));
#3761=CARTESIAN_POINT('',(0.265,3.528,0.005));
#3762=CARTESIAN_POINT('',(0.267212334171328,3.514,0.005));
#3763=CARTESIAN_POINT('',(0.267212334171328,3.514,0.));
#3764=CARTESIAN_POINT('',(0.,0.,0.));
#3765=CARTESIAN_POINT('',(1.25,4.26,0.004));
#3766=CARTESIAN_POINT('',(1.25,4.25,0.004));
#3767=CARTESIAN_POINT('',(1.25,4.25,0.008));
#3768=CARTESIAN_POINT('',(1.25,4.25,0.));
#3769=CARTESIAN_POINT('',(1.25,4.26,0.008));
#3770=CARTESIAN_POINT('',(1.25,4.26,0.008));
#3771=CARTESIAN_POINT('',(1.25,4.26,0.004));
#3772=CARTESIAN_POINT('',(1.25,4.26,0.));
#3773=CARTESIAN_POINT('',(1.25,4.26,0.));
#3774=CARTESIAN_POINT('',(1.26,4.26,0.));
#3775=CARTESIAN_POINT('',(1.255,4.255,0.));
#3776=CARTESIAN_POINT('',(1.257,4.255,0.));
#3777=CARTESIAN_POINT('',(1.26,4.25,0.));
#3778=CARTESIAN_POINT('',(1.27,4.25,0.));
#3779=CARTESIAN_POINT('',(1.26,4.26,0.));
#3780=CARTESIAN_POINT('',(1.27,4.26,0.));
#3781=CARTESIAN_POINT('',(1.27,4.26,0.));
#3782=CARTESIAN_POINT('',(1.27,4.25,0.));
#3783=CARTESIAN_POINT('',(1.26935384615385,4.25,0.00516923076923075));
#3784=CARTESIAN_POINT('',(1.269,4.25,0.008));
#3785=CARTESIAN_POINT('',(1.26935384615385,4.26,0.00516923076923075));
#3786=CARTESIAN_POINT('',(1.269,4.26,0.008));
#3787=CARTESIAN_POINT('',(1.269,4.25,0.008));
#3788=CARTESIAN_POINT('',(1.259,4.26,0.008));
#3789=CARTESIAN_POINT('',(1.255,4.255,0.008));
#3790=CARTESIAN_POINT('',(1.257,4.255,0.008));
#3791=CARTESIAN_POINT('',(1.259,4.25,0.008));
#3792=CARTESIAN_POINT('',(1.259,4.26,0.008));
#3793=CARTESIAN_POINT('',(1.26,4.26,0.004));
#3794=CARTESIAN_POINT('',(1.26,4.25,0.004));
#3795=CARTESIAN_POINT('',(1.255,4.255,0.008));
#3796=CARTESIAN_POINT('',(0.,0.,0.));
#3797=CARTESIAN_POINT('',(0.25,4.25,0.));
#3798=CARTESIAN_POINT('',(0.25,4.25,0.));
#3799=CARTESIAN_POINT('',(0.251,4.25173205080757,0.));
#3800=CARTESIAN_POINT('',(0.252,4.25,0.));
#3801=CARTESIAN_POINT('',(0.252,4.25,0.0015));
#3802=CARTESIAN_POINT('',(0.252,4.25,0.003));
#3803=CARTESIAN_POINT('',(0.25,4.25,0.003));
#3804=CARTESIAN_POINT('',(0.251,4.25173205080757,0.003));
#3805=CARTESIAN_POINT('',(0.251,4.25173205080757,0.0015));
#3806=CARTESIAN_POINT('',(0.2515,4.25259807621136,0.));
#3807=CARTESIAN_POINT('',(0.25,4.25,0.));
#3808=CARTESIAN_POINT('',(0.252,4.25346410161514,0.));
#3809=CARTESIAN_POINT('',(0.254,4.25,0.));
#3810=CARTESIAN_POINT('',(0.253,4.25,0.));
#3811=CARTESIAN_POINT('',(0.2515,4.25259807621136,0.));
#3812=CARTESIAN_POINT('',(0.25,4.25,0.));
#3813=CARTESIAN_POINT('',(0.25,4.25,0.003));
#3814=CARTESIAN_POINT('',(0.252,4.25346410161514,0.003));
#3815=CARTESIAN_POINT('',(0.254,4.25,0.003));
#3816=CARTESIAN_POINT('',(0.254,4.25,0.0015));
#3817=CARTESIAN_POINT('',(0.252,4.25346410161514,0.0015));
#3818=CARTESIAN_POINT('',(0.2515,4.25259807621136,0.003));
#3819=CARTESIAN_POINT('',(0.2515,4.25259807621136,0.003));
#3820=CARTESIAN_POINT('',(0.253,4.25,0.003));
#3821=CARTESIAN_POINT('',(0.2515,4.25259807621136,0.0015));
#3822=CARTESIAN_POINT('',(0.253,4.25,0.0015));
#3823=CARTESIAN_POINT('',(0.,0.,0.));
#3824=CARTESIAN_POINT('',(0.,3.759,0.01));
#3825=CARTESIAN_POINT('',(0.,3.759,0.));
#3826=CARTESIAN_POINT('',(0.,3.75,0.));
#3827=CARTESIAN_POINT('',(0.,3.768,0.));
#3828=CARTESIAN_POINT('',(0.,3.75,0.01));
#3829=CARTESIAN_POINT('',(0.,3.75,0.01));
#3830=CARTESIAN_POINT('',(0.,3.759,0.01));
#3831=CARTESIAN_POINT('',(0.,3.768,0.01));
#3832=CARTESIAN_POINT('',(0.,3.768,0.01));
#3833=CARTESIAN_POINT('',(0.016,3.75,0.01));
#3834=CARTESIAN_POINT('',(0.016,3.75,0.));
#3835=CARTESIAN_POINT('',(0.032,3.75,0.));
#3836=CARTESIAN_POINT('',(0.032,3.75,0.01));
#3837=CARTESIAN_POINT('',(0.032,3.75,0.01));
#3838=CARTESIAN_POINT('',(0.016,3.75,0.01));
#3839=CARTESIAN_POINT('',(0.032,3.759,0.01));
#3840=CARTESIAN_POINT('',(0.032,3.759,0.));
#3841=CARTESIAN_POINT('',(0.032,3.768,0.));
#3842=CARTESIAN_POINT('',(0.032,3.768,0.01));
#3843=CARTESIAN_POINT('',(0.032,3.768,0.01));
#3844=CARTESIAN_POINT('',(0.032,3.759,0.01));
#3845=CARTESIAN_POINT('',(0.016,3.768,0.01));
#3846=CARTESIAN_POINT('',(0.016,3.768,0.));
#3847=CARTESIAN_POINT('',(0.016,3.768,0.01));
#3848=CARTESIAN_POINT('',(0.016,3.759,0.01));
#3849=CARTESIAN_POINT('',(0.02,3.759,0.01));
#3850=CARTESIAN_POINT('',(0.02,3.764,0.01));
#3851=CARTESIAN_POINT('',(0.02,3.754,0.01));
#3852=CARTESIAN_POINT('',(0.016,3.764,0.01));
#3853=CARTESIAN_POINT('',(0.028,3.764,0.01));
#3854=CARTESIAN_POINT('',(0.028,3.759,0.01));
#3855=CARTESIAN_POINT('',(0.028,3.754,0.01));
#3856=CARTESIAN_POINT('',(0.016,3.754,0.01));
#3857=CARTESIAN_POINT('',(0.008,3.759,0.01));
#3858=CARTESIAN_POINT('',(0.01,3.759,0.01));
#3859=CARTESIAN_POINT('',(0.016,3.759,0.));
#3860=CARTESIAN_POINT('',(0.008,3.759,0.));
#3861=CARTESIAN_POINT('',(0.01,3.759,0.));
#3862=CARTESIAN_POINT('',(0.008,3.759,0.011));
#3863=CARTESIAN_POINT('',(0.02,3.759,0.012));
#3864=CARTESIAN_POINT('',(0.02,3.754,0.012));
#3865=CARTESIAN_POINT('',(0.02,3.754,0.006));
#3866=CARTESIAN_POINT('',(0.02,3.759,0.006));
#3867=CARTESIAN_POINT('',(0.02,3.764,0.006));
#3868=CARTESIAN_POINT('',(0.02,3.764,0.012));
#3869=CARTESIAN_POINT('',(0.024,3.754,0.012));
#3870=CARTESIAN_POINT('',(0.028,3.754,0.012));
#3871=CARTESIAN_POINT('',(0.028,3.754,0.006));
#3872=CARTESIAN_POINT('',(0.024,3.754,0.006));
#3873=CARTESIAN_POINT('',(0.028,3.759,0.012));
#3874=CARTESIAN_POINT('',(0.028,3.764,0.012));
#3875=CARTESIAN_POINT('',(0.028,3.764,0.006));
#3876=CARTESIAN_POINT('',(0.028,3.759,0.006));
#3877=CARTESIAN_POINT('',(0.024,3.764,0.012));
#3878=CARTESIAN_POINT('',(0.024,3.764,0.006));
#3879=CARTESIAN_POINT('',(0.024,3.759,0.006));
#3880=CARTESIAN_POINT('',(0.,0.,0.));
#3881=CARTESIAN_POINT('',(0.25,3.762,0.008));
#3882=CARTESIAN_POINT('',(0.25,3.762,0.));
#3883=CARTESIAN_POINT('',(0.25,3.75,0.));
#3884=CARTESIAN_POINT('',(0.25,3.774,0.));
#3885=CARTESIAN_POINT('',(0.25,3.75,0.008));
#3886=CARTESIAN_POINT('',(0.25,3.75,0.008));
#3887=CARTESIAN_POINT('',(0.25,3.762,0.008));
#3888=CARTESIAN_POINT('',(0.25,3.774,0.008));
#3889=CARTESIAN_POINT('',(0.25,3.774,0.008));
#3890=CARTESIAN_POINT('',(0.266,3.75,0.008));
#3891=CARTESIAN_POINT('',(0.266,3.75,0.));
#3892=CARTESIAN_POINT('',(0.282,3.75,0.));
#3893=CARTESIAN_POINT('',(0.282,3.75,0.008));
#3894=CARTESIAN_POINT('',(0.282,3.75,0.008));
#3895=CARTESIAN_POINT('',(0.266,3.75,0.008));
#3896=CARTESIAN_POINT('',(0.282,3.762,0.008));
#3897=CARTESIAN_POINT('',(0.282,3.762,0.));
#3898=CARTESIAN_POINT('',(0.282,3.774,0.));
#3899=CARTESIAN_POINT('',(0.282,3.774,0.008));
#3900=CARTESIAN_POINT('',(0.282,3.774,0.008));
#3901=CARTESIAN_POINT('',(0.282,3.762,0.008));
#3902=CARTESIAN_POINT('',(0.266,3.774,0.008));
#3903=CARTESIAN_POINT('',(0.266,3.774,0.));
#3904=CARTESIAN_POINT('',(0.266,3.774,0.008));
#3905=CARTESIAN_POINT('',(0.266,3.762,0.008));
#3906=CARTESIAN_POINT('',(0.266,3.762,0.008));
#3907=CARTESIAN_POINT('',(0.27,3.762,0.008));
#3908=CARTESIAN_POINT('',(0.266,3.762,0.));
#3909=CARTESIAN_POINT('',(0.266,3.762,0.));
#3910=CARTESIAN_POINT('',(0.268,3.762,0.));
#3911=CARTESIAN_POINT('',(0.266,3.762,0.01));
#3912=CARTESIAN_POINT('',(0.266,3.762,0.006));
#3913=CARTESIAN_POINT('',(0.268,3.762,0.006));
#3914=CARTESIAN_POINT('',(0.266,3.762,0.01));
#3915=CARTESIAN_POINT('',(0.,0.,0.));
#3916=CARTESIAN_POINT('',(0.,4.25,0.));
#3917=CARTESIAN_POINT('',(0.,4.25,0.));
#3918=CARTESIAN_POINT('',(-0.00141421356237315,4.25141421356238,0.));
#3919=CARTESIAN_POINT('',(0.002,4.25,0.));
#3920=CARTESIAN_POINT('',(0.002,4.25,0.0015));
#3921=CARTESIAN_POINT('',(0.002,4.25,0.003));
#3922=CARTESIAN_POINT('',(0.,4.25,0.003));
#3923=CARTESIAN_POINT('',(-0.00141421356237315,4.25141421356238,0.003));
#3924=CARTESIAN_POINT('',(-0.00141421356237315,4.25141421356238,0.0015));
#3925=CARTESIAN_POINT('',(-0.00212132034355949,4.25212132034356,0.));
#3926=CARTESIAN_POINT('',(0.,4.25,0.));
#3927=CARTESIAN_POINT('',(-0.00282842712474629,4.25282842712475,0.));
#3928=CARTESIAN_POINT('',(0.004,4.25,0.));
#3929=CARTESIAN_POINT('',(0.003,4.25,0.));
#3930=CARTESIAN_POINT('',(-0.00212132034355949,4.25212132034356,0.));
#3931=CARTESIAN_POINT('',(0.,4.25,0.));
#3932=CARTESIAN_POINT('',(0.,4.25,0.003));
#3933=CARTESIAN_POINT('',(-0.00282842712474629,4.25282842712475,0.003));
#3934=CARTESIAN_POINT('',(0.004,4.25,0.003));
#3935=CARTESIAN_POINT('',(0.004,4.25,0.0015));
#3936=CARTESIAN_POINT('',(-0.00282842712474629,4.25282842712475,0.0015));
#3937=CARTESIAN_POINT('',(-0.00212132034355949,4.25212132034356,0.003));
#3938=CARTESIAN_POINT('',(-0.00212132034355949,4.25212132034356,0.003));
#3939=CARTESIAN_POINT('',(0.003,4.25,0.003));
#3940=CARTESIAN_POINT('',(-0.00212132034355949,4.25212132034356,0.0015));
#3941=CARTESIAN_POINT('',(0.003,4.25,0.0015));
#3942=CARTESIAN_POINT('',(0.,0.,0.));
#3943=CARTESIAN_POINT('',(0.5,3.5,0.006));
#3944=CARTESIAN_POINT('',(0.5,3.5,0.));
#3945=CARTESIAN_POINT('',(0.509731749091528,3.49720559762748,0.));
#3946=CARTESIAN_POINT('',(0.510060335292523,3.49885751201231,0.));
#3947=CARTESIAN_POINT('',(0.510060335292523,3.49885751201231,0.006));
#3948=CARTESIAN_POINT('',(0.510060335292523,3.49885751201231,0.006));
#3949=CARTESIAN_POINT('',(0.5,3.5,0.006));
#3950=CARTESIAN_POINT('',(0.509731749091528,3.49720559762748,0.006));
#3951=CARTESIAN_POINT('',(0.509731749091528,3.49720559762748,0.006));
#3952=CARTESIAN_POINT('',(0.510632314512641,3.49879255598757,0.006));
#3953=CARTESIAN_POINT('',(0.510632314512641,3.49879255598757,0.));
#3954=CARTESIAN_POINT('',(0.51120429373276,3.49872759996282,0.));
#3955=CARTESIAN_POINT('',(0.51120429373276,3.49872759996282,0.006));
#3956=CARTESIAN_POINT('',(0.51120429373276,3.49872759996282,0.006));
#3957=CARTESIAN_POINT('',(0.510632314512641,3.49879255598757,0.006));
#3958=CARTESIAN_POINT('',(0.51120429373276,3.49872759996282,0.006));
#3959=CARTESIAN_POINT('',(0.51120429373276,3.49872759996282,0.));
#3960=CARTESIAN_POINT('',(0.511354185450374,3.49871057771835,0.006));
#3961=CARTESIAN_POINT('',(0.511354185450374,3.49871057771835,8.67361737988404E-19));
#3962=CARTESIAN_POINT('',(0.512200895349914,3.49871856240614,0.006));
#3963=CARTESIAN_POINT('',(0.512200895349914,3.49871856240614,8.67361737988404E-19));
#3964=CARTESIAN_POINT('',(0.513490768601916,3.49950083817298,0.006));
#3965=CARTESIAN_POINT('',(0.513490768601916,3.49950083817298,0.));
#3966=CARTESIAN_POINT('',(0.51120429373276,3.49872759996282,0.));
#3967=CARTESIAN_POINT('',(0.511354185450374,3.49871057771835,0.));
#3968=CARTESIAN_POINT('',(0.512200895349914,3.49871856240614,0.));
#3969=CARTESIAN_POINT('',(0.513490768601916,3.49950083817298,0.));
#3970=CARTESIAN_POINT('',(0.513490768601916,3.49950083817298,0.));
#3971=CARTESIAN_POINT('',(0.513490768601916,3.49950083817298,0.006));
#3972=CARTESIAN_POINT('',(0.513490768601916,3.49950083817298,0.006));
#3973=CARTESIAN_POINT('',(0.51120429373276,3.49872759996282,0.006));
#3974=CARTESIAN_POINT('',(0.511354185450374,3.49871057771835,0.006));
#3975=CARTESIAN_POINT('',(0.512200895349914,3.49871856240614,0.006));
#3976=CARTESIAN_POINT('',(0.513490768601916,3.49950083817298,0.006));
#3977=CARTESIAN_POINT('',(0.5,3.5,0.006));
#3978=CARTESIAN_POINT('',(0.5,3.5,0.));
#3979=CARTESIAN_POINT('',(0.513490768601916,3.50049916182702,0.));
#3980=CARTESIAN_POINT('',(0.513490768601916,3.50049916182702,0.006));
#3981=CARTESIAN_POINT('',(0.513490768601916,3.50049916182702,0.006));
#3982=CARTESIAN_POINT('',(0.5,3.5,0.006));
#3983=CARTESIAN_POINT('',(0.51120429373276,3.50127240003718,0.006));
#3984=CARTESIAN_POINT('',(0.51120429373276,3.50127240003718,0.));
#3985=CARTESIAN_POINT('',(0.511354185450374,3.50128942228165,0.006));
#3986=CARTESIAN_POINT('',(0.511354185450374,3.50128942228165,8.67361737988404E-19));
#3987=CARTESIAN_POINT('',(0.512200895349914,3.50128143759386,0.006));
#3988=CARTESIAN_POINT('',(0.512200895349914,3.50128143759386,8.67361737988404E-19));
#3989=CARTESIAN_POINT('',(0.513490768601916,3.50049916182702,0.006));
#3990=CARTESIAN_POINT('',(0.513490768601916,3.50049916182702,0.));
#3991=CARTESIAN_POINT('',(0.51120429373276,3.50127240003718,0.));
#3992=CARTESIAN_POINT('',(0.511354185450374,3.50128942228165,0.));
#3993=CARTESIAN_POINT('',(0.512200895349914,3.50128143759386,0.));
#3994=CARTESIAN_POINT('',(0.513490768601916,3.50049916182702,0.));
#3995=CARTESIAN_POINT('',(0.51120429373276,3.50127240003718,0.));
#3996=CARTESIAN_POINT('',(0.51120429373276,3.50127240003718,0.006));
#3997=CARTESIAN_POINT('',(0.51120429373276,3.50127240003718,0.006));
#3998=CARTESIAN_POINT('',(0.51120429373276,3.50127240003718,0.006));
#3999=CARTESIAN_POINT('',(0.511354185450374,3.50128942228165,0.006));
#4000=CARTESIAN_POINT('',(0.512200895349914,3.50128143759386,0.006));
#4001=CARTESIAN_POINT('',(0.513490768601916,3.50049916182702,0.006));
#4002=CARTESIAN_POINT('',(0.510632314512641,3.50120744401243,0.006));
#4003=CARTESIAN_POINT('',(0.510632314512641,3.50120744401243,0.));
#4004=CARTESIAN_POINT('',(0.510060335292523,3.50114248798769,0.));
#4005=CARTESIAN_POINT('',(0.510060335292523,3.50114248798769,0.006));
#4006=CARTESIAN_POINT('',(0.510060335292523,3.50114248798769,0.006));
#4007=CARTESIAN_POINT('',(0.510632314512641,3.50120744401243,0.006));
#4008=CARTESIAN_POINT('',(0.5,3.5,0.006));
#4009=CARTESIAN_POINT('',(0.5,3.5,0.));
#4010=CARTESIAN_POINT('',(0.509731749091528,3.50279440237252,0.));
#4011=CARTESIAN_POINT('',(0.509731749091528,3.50279440237252,0.006));
#4012=CARTESIAN_POINT('',(0.509731749091528,3.50279440237252,0.006));
#4013=CARTESIAN_POINT('',(0.5,3.5,0.006));
#4014=CARTESIAN_POINT('',(0.510285046580519,3.50295327780194,0.006));
#4015=CARTESIAN_POINT('',(0.510285046580519,3.50295327780194,0.));
#4016=CARTESIAN_POINT('',(0.51083834406951,3.50311215323137,0.));
#4017=CARTESIAN_POINT('',(0.51083834406951,3.50311215323137,0.006));
#4018=CARTESIAN_POINT('',(0.51083834406951,3.50311215323137,0.006));
#4019=CARTESIAN_POINT('',(0.510285046580519,3.50295327780194,0.006));
#4020=CARTESIAN_POINT('',(0.51083834406951,3.50311215323137,0.006));
#4021=CARTESIAN_POINT('',(0.51083834406951,3.50311215323137,0.));
#4022=CARTESIAN_POINT('',(0.510983340090448,3.50315378780508,0.006));
#4023=CARTESIAN_POINT('',(0.510983340090448,3.50315378780508,8.67361737988404E-19));
#4024=CARTESIAN_POINT('',(0.511762542428878,3.50348518654528,0.006));
#4025=CARTESIAN_POINT('',(0.511762542428878,3.50348518654528,8.67361737988404E-19));
#4026=CARTESIAN_POINT('',(0.512654865950425,3.50470152823843,0.006));
#4027=CARTESIAN_POINT('',(0.512654865950425,3.50470152823843,0.));
#4028=CARTESIAN_POINT('',(0.51083834406951,3.50311215323137,0.));
#4029=CARTESIAN_POINT('',(0.510983340090448,3.50315378780508,0.));
#4030=CARTESIAN_POINT('',(0.511762542428878,3.50348518654528,0.));
#4031=CARTESIAN_POINT('',(0.512654865950425,3.50470152823843,0.));
#4032=CARTESIAN_POINT('',(0.512654865950425,3.50470152823843,0.));
#4033=CARTESIAN_POINT('',(0.512654865950425,3.50470152823843,0.006));
#4034=CARTESIAN_POINT('',(0.512654865950425,3.50470152823843,0.006));
#4035=CARTESIAN_POINT('',(0.51083834406951,3.50311215323137,0.006));
#4036=CARTESIAN_POINT('',(0.510983340090448,3.50315378780508,0.006));
#4037=CARTESIAN_POINT('',(0.511762542428878,3.50348518654528,0.006));
#4038=CARTESIAN_POINT('',(0.512654865950425,3.50470152823843,0.006));
#4039=CARTESIAN_POINT('',(0.5,3.5,0.006));
#4040=CARTESIAN_POINT('',(0.5,3.5,0.));
#4041=CARTESIAN_POINT('',(0.512272824027887,3.50562385902922,0.));
#4042=CARTESIAN_POINT('',(0.512272824027887,3.50562385902922,0.006));
#4043=CARTESIAN_POINT('',(0.512272824027887,3.50562385902922,0.006));
#4044=CARTESIAN_POINT('',(0.5,3.5,0.006));
#4045=CARTESIAN_POINT('',(0.509864491242372,3.50546324193439,0.006));
#4046=CARTESIAN_POINT('',(0.509864491242372,3.50546324193439,0.));
#4047=CARTESIAN_POINT('',(0.509996459001427,3.50553632951464,0.006));
#4048=CARTESIAN_POINT('',(0.509996459001427,3.50553632951464,8.67361737988404E-19));
#4049=CARTESIAN_POINT('',(0.510781772555318,3.50585297447559,0.006));
#4050=CARTESIAN_POINT('',(0.510781772555318,3.50585297447559,8.67361737988404E-19));
#4051=CARTESIAN_POINT('',(0.512272824027887,3.50562385902922,0.006));
#4052=CARTESIAN_POINT('',(0.512272824027887,3.50562385902922,0.));
#4053=CARTESIAN_POINT('',(0.509864491242372,3.50546324193439,0.));
#4054=CARTESIAN_POINT('',(0.509996459001427,3.50553632951464,0.));
#4055=CARTESIAN_POINT('',(0.510781772555318,3.50585297447559,0.));
#4056=CARTESIAN_POINT('',(0.512272824027887,3.50562385902922,0.));
#4057=CARTESIAN_POINT('',(0.509864491242372,3.50546324193439,0.));
#4058=CARTESIAN_POINT('',(0.509864491242372,3.50546324193439,0.006));
#4059=CARTESIAN_POINT('',(0.509864491242372,3.50546324193439,0.006));
#4060=CARTESIAN_POINT('',(0.509864491242372,3.50546324193439,0.006));
#4061=CARTESIAN_POINT('',(0.509996459001427,3.50553632951464,0.006));
#4062=CARTESIAN_POINT('',(0.510781772555318,3.50585297447559,0.006));
#4063=CARTESIAN_POINT('',(0.512272824027887,3.50562385902922,0.006));
#4064=CARTESIAN_POINT('',(0.509360908942385,3.50518434342142,0.006));
#4065=CARTESIAN_POINT('',(0.509360908942385,3.50518434342142,0.));
#4066=CARTESIAN_POINT('',(0.508857326642398,3.50490544490845,0.));
#4067=CARTESIAN_POINT('',(0.508857326642398,3.50490544490845,0.006));
#4068=CARTESIAN_POINT('',(0.508857326642398,3.50490544490845,0.006));
#4069=CARTESIAN_POINT('',(0.509360908942385,3.50518434342142,0.006));
#4070=CARTESIAN_POINT('',(0.5,3.5,0.006));
#4071=CARTESIAN_POINT('',(0.5,3.5,0.));
#4072=CARTESIAN_POINT('',(0.507921592309873,3.50630587030283,0.));
#4073=CARTESIAN_POINT('',(0.507921592309873,3.50630587030283,0.006));
#4074=CARTESIAN_POINT('',(0.507921592309873,3.50630587030283,0.006));
#4075=CARTESIAN_POINT('',(0.5,3.5,0.006));
#4076=CARTESIAN_POINT('',(0.508371973540692,3.5066643898425,0.006));
#4077=CARTESIAN_POINT('',(0.508371973540692,3.5066643898425,0.));
#4078=CARTESIAN_POINT('',(0.508822354771511,3.50702290938217,0.));
#4079=CARTESIAN_POINT('',(0.508822354771511,3.50702290938217,0.006));
#4080=CARTESIAN_POINT('',(0.508822354771511,3.50702290938217,0.006));
#4081=CARTESIAN_POINT('',(0.508371973540692,3.5066643898425,0.006));
#4082=CARTESIAN_POINT('',(0.508822354771511,3.50702290938217,0.006));
#4083=CARTESIAN_POINT('',(0.508822354771511,3.50702290938217,0.));
#4084=CARTESIAN_POINT('',(0.508940380765977,3.50711686228764,0.006));
#4085=CARTESIAN_POINT('',(0.508940380765977,3.50711686228764,8.67361737988404E-19));
#4086=CARTESIAN_POINT('',(0.509533449050757,3.50772122262619,0.006));
#4087=CARTESIAN_POINT('',(0.509533449050757,3.50772122262619,8.67361737988404E-19));
#4088=CARTESIAN_POINT('',(0.509892374674628,3.50918645324904,0.006));
#4089=CARTESIAN_POINT('',(0.509892374674628,3.50918645324904,0.));
#4090=CARTESIAN_POINT('',(0.508822354771511,3.50702290938217,0.));
#4091=CARTESIAN_POINT('',(0.508940380765977,3.50711686228764,0.));
#4092=CARTESIAN_POINT('',(0.509533449050757,3.50772122262619,0.));
#4093=CARTESIAN_POINT('',(0.509892374674628,3.50918645324904,0.));
#4094=CARTESIAN_POINT('',(0.509892374674628,3.50918645324904,0.));
#4095=CARTESIAN_POINT('',(0.509892374674628,3.50918645324904,0.006));
#4096=CARTESIAN_POINT('',(0.509892374674628,3.50918645324904,0.006));
#4097=CARTESIAN_POINT('',(0.508822354771511,3.50702290938217,0.006));
#4098=CARTESIAN_POINT('',(0.508940380765977,3.50711686228764,0.006));
#4099=CARTESIAN_POINT('',(0.509533449050757,3.50772122262619,0.006));
#4100=CARTESIAN_POINT('',(0.509892374674628,3.50918645324904,0.006));
#4101=CARTESIAN_POINT('',(0.5,3.5,0.006));
#4102=CARTESIAN_POINT('',(0.5,3.5,0.));
#4103=CARTESIAN_POINT('',(0.509186453249039,3.50989237467463,0.));
#4104=CARTESIAN_POINT('',(0.509186453249039,3.50989237467463,0.006));
#4105=CARTESIAN_POINT('',(0.509186453249039,3.50989237467463,0.006));
#4106=CARTESIAN_POINT('',(0.5,3.5,0.006));
#4107=CARTESIAN_POINT('',(0.507022909382169,3.50882235477151,0.006));
#4108=CARTESIAN_POINT('',(0.507022909382169,3.50882235477151,0.));
#4109=CARTESIAN_POINT('',(0.50711686228764,3.50894038076598,0.006));
#4110=CARTESIAN_POINT('',(0.50711686228764,3.50894038076598,8.67361737988404E-19));
#4111=CARTESIAN_POINT('',(0.507721222626187,3.50953344905076,0.006));
#4112=CARTESIAN_POINT('',(0.507721222626187,3.50953344905076,8.67361737988404E-19));
#4113=CARTESIAN_POINT('',(0.509186453249039,3.50989237467463,0.006));
#4114=CARTESIAN_POINT('',(0.509186453249039,3.50989237467463,0.));
#4115=CARTESIAN_POINT('',(0.507022909382169,3.50882235477151,0.));
#4116=CARTESIAN_POINT('',(0.50711686228764,3.50894038076598,0.));
#4117=CARTESIAN_POINT('',(0.507721222626187,3.50953344905076,0.));
#4118=CARTESIAN_POINT('',(0.509186453249039,3.50989237467463,0.));
#4119=CARTESIAN_POINT('',(0.507022909382169,3.50882235477151,0.));
#4120=CARTESIAN_POINT('',(0.507022909382169,3.50882235477151,0.006));
#4121=CARTESIAN_POINT('',(0.507022909382169,3.50882235477151,0.006));
#4122=CARTESIAN_POINT('',(0.507022909382169,3.50882235477151,0.006));
#4123=CARTESIAN_POINT('',(0.50711686228764,3.50894038076598,0.006));
#4124=CARTESIAN_POINT('',(0.507721222626187,3.50953344905076,0.006));
#4125=CARTESIAN_POINT('',(0.509186453249039,3.50989237467463,0.006));
#4126=CARTESIAN_POINT('',(0.506664389842501,3.50837197354069,0.006));
#4127=CARTESIAN_POINT('',(0.506664389842501,3.50837197354069,0.));
#4128=CARTESIAN_POINT('',(0.506305870302833,3.50792159230987,0.));
#4129=CARTESIAN_POINT('',(0.506305870302833,3.50792159230987,0.006));
#4130=CARTESIAN_POINT('',(0.506305870302833,3.50792159230987,0.006));
#4131=CARTESIAN_POINT('',(0.506664389842501,3.50837197354069,0.006));
#4132=CARTESIAN_POINT('',(0.5,3.5,0.006));
#4133=CARTESIAN_POINT('',(0.5,3.5,0.));
#4134=CARTESIAN_POINT('',(0.504905444908454,3.5088573266424,0.));
#4135=CARTESIAN_POINT('',(0.504905444908454,3.5088573266424,0.006));
#4136=CARTESIAN_POINT('',(0.504905444908454,3.5088573266424,0.006));
#4137=CARTESIAN_POINT('',(0.5,3.5,0.006));
#4138=CARTESIAN_POINT('',(0.505184343421424,3.50936090894238,0.006));
#4139=CARTESIAN_POINT('',(0.505184343421424,3.50936090894238,0.));
#4140=CARTESIAN_POINT('',(0.505463241934395,3.50986449124237,0.));
#4141=CARTESIAN_POINT('',(0.505463241934395,3.50986449124237,0.006));
#4142=CARTESIAN_POINT('',(0.505463241934395,3.50986449124237,0.006));
#4143=CARTESIAN_POINT('',(0.505184343421424,3.50936090894238,0.006));
#4144=CARTESIAN_POINT('',(0.505463241934395,3.50986449124237,0.006));
#4145=CARTESIAN_POINT('',(0.505463241934395,3.50986449124237,0.));
#4146=CARTESIAN_POINT('',(0.50553632951464,3.50999645900142,0.006));
#4147=CARTESIAN_POINT('',(0.50553632951464,3.50999645900142,8.67361737988404E-19));
#4148=CARTESIAN_POINT('',(0.50585297447559,3.51078177255532,0.006));
#4149=CARTESIAN_POINT('',(0.50585297447559,3.51078177255532,8.67361737988404E-19));
#4150=CARTESIAN_POINT('',(0.505623859029218,3.51227282402789,0.006));
#4151=CARTESIAN_POINT('',(0.505623859029218,3.51227282402789,0.));
#4152=CARTESIAN_POINT('',(0.505463241934395,3.50986449124237,0.));
#4153=CARTESIAN_POINT('',(0.50553632951464,3.50999645900142,0.));
#4154=CARTESIAN_POINT('',(0.50585297447559,3.51078177255532,0.));
#4155=CARTESIAN_POINT('',(0.505623859029218,3.51227282402789,0.));
#4156=CARTESIAN_POINT('',(0.505623859029218,3.51227282402789,0.));
#4157=CARTESIAN_POINT('',(0.505623859029218,3.51227282402789,0.006));
#4158=CARTESIAN_POINT('',(0.505623859029218,3.51227282402789,0.006));
#4159=CARTESIAN_POINT('',(0.505463241934395,3.50986449124237,0.006));
#4160=CARTESIAN_POINT('',(0.50553632951464,3.50999645900142,0.006));
#4161=CARTESIAN_POINT('',(0.50585297447559,3.51078177255532,0.006));
#4162=CARTESIAN_POINT('',(0.505623859029218,3.51227282402789,0.006));
#4163=CARTESIAN_POINT('',(0.5,3.5,0.006));
#4164=CARTESIAN_POINT('',(0.5,3.5,0.));
#4165=CARTESIAN_POINT('',(0.504701528238431,3.51265486595043,0.));
#4166=CARTESIAN_POINT('',(0.504701528238431,3.51265486595043,0.006));
#4167=CARTESIAN_POINT('',(0.504701528238431,3.51265486595043,0.006));
#4168=CARTESIAN_POINT('',(0.5,3.5,0.006));
#4169=CARTESIAN_POINT('',(0.503112153231363,3.51083834406951,0.006));
#4170=CARTESIAN_POINT('',(0.503112153231363,3.51083834406951,0.));
#4171=CARTESIAN_POINT('',(0.503153787805077,3.51098334009045,0.006));
#4172=CARTESIAN_POINT('',(0.503153787805077,3.51098334009045,8.67361737988404E-19));
#4173=CARTESIAN_POINT('',(0.503485186545276,3.51176254242888,0.006));
#4174=CARTESIAN_POINT('',(0.503485186545276,3.51176254242888,8.67361737988404E-19));
#4175=CARTESIAN_POINT('',(0.504701528238431,3.51265486595043,0.006));
#4176=CARTESIAN_POINT('',(0.504701528238431,3.51265486595043,0.));
#4177=CARTESIAN_POINT('',(0.503112153231363,3.51083834406951,0.));
#4178=CARTESIAN_POINT('',(0.503153787805077,3.51098334009045,0.));
#4179=CARTESIAN_POINT('',(0.503485186545276,3.51176254242888,0.));
#4180=CARTESIAN_POINT('',(0.504701528238431,3.51265486595043,0.));
#4181=CARTESIAN_POINT('',(0.503112153231363,3.51083834406951,0.));
#4182=CARTESIAN_POINT('',(0.503112153231363,3.51083834406951,0.006));
#4183=CARTESIAN_POINT('',(0.503112153231363,3.51083834406951,0.006));
#4184=CARTESIAN_POINT('',(0.503112153231363,3.51083834406951,0.006));
#4185=CARTESIAN_POINT('',(0.503153787805077,3.51098334009045,0.006));
#4186=CARTESIAN_POINT('',(0.503485186545276,3.51176254242888,0.006));
#4187=CARTESIAN_POINT('',(0.504701528238431,3.51265486595043,0.006));
#4188=CARTESIAN_POINT('',(0.502953277801941,3.51028504658052,0.006));
#4189=CARTESIAN_POINT('',(0.502953277801941,3.51028504658052,0.));
#4190=CARTESIAN_POINT('',(0.502794402372519,3.50973174909153,0.));
#4191=CARTESIAN_POINT('',(0.502794402372519,3.50973174909153,0.006));
#4192=CARTESIAN_POINT('',(0.502794402372519,3.50973174909153,0.006));
#4193=CARTESIAN_POINT('',(0.502953277801941,3.51028504658052,0.006));
#4194=CARTESIAN_POINT('',(0.5,3.5,0.006));
#4195=CARTESIAN_POINT('',(0.5,3.5,0.));
#4196=CARTESIAN_POINT('',(0.501142487987691,3.51006033529253,0.));
#4197=CARTESIAN_POINT('',(0.501142487987691,3.51006033529253,0.006));
#4198=CARTESIAN_POINT('',(0.501142487987691,3.51006033529253,0.006));
#4199=CARTESIAN_POINT('',(0.5,3.5,0.006));
#4200=CARTESIAN_POINT('',(0.501207444012434,3.51063231451264,0.006));
#4201=CARTESIAN_POINT('',(0.501207444012434,3.51063231451264,0.));
#4202=CARTESIAN_POINT('',(0.501272400037178,3.51120429373276,0.));
#4203=CARTESIAN_POINT('',(0.501272400037178,3.51120429373276,0.006));
#4204=CARTESIAN_POINT('',(0.501272400037178,3.51120429373276,0.006));
#4205=CARTESIAN_POINT('',(0.501207444012434,3.51063231451264,0.006));
#4206=CARTESIAN_POINT('',(0.501272400037178,3.51120429373276,0.006));
#4207=CARTESIAN_POINT('',(0.501272400037178,3.51120429373276,0.));
#4208=CARTESIAN_POINT('',(0.501289422281651,3.51135418545037,0.006));
#4209=CARTESIAN_POINT('',(0.501289422281651,3.51135418545037,8.67361737988404E-19));
#4210=CARTESIAN_POINT('',(0.501281437593859,3.51220089534992,0.006));
#4211=CARTESIAN_POINT('',(0.501281437593859,3.51220089534992,8.67361737988404E-19));
#4212=CARTESIAN_POINT('',(0.500499161827019,3.51349076860192,0.006));
#4213=CARTESIAN_POINT('',(0.500499161827019,3.51349076860192,0.));
#4214=CARTESIAN_POINT('',(0.501272400037178,3.51120429373276,0.));
#4215=CARTESIAN_POINT('',(0.501289422281651,3.51135418545037,0.));
#4216=CARTESIAN_POINT('',(0.501281437593859,3.51220089534992,0.));
#4217=CARTESIAN_POINT('',(0.500499161827019,3.51349076860192,0.));
#4218=CARTESIAN_POINT('',(0.500499161827019,3.51349076860192,0.));
#4219=CARTESIAN_POINT('',(0.500499161827019,3.51349076860192,0.006));
#4220=CARTESIAN_POINT('',(0.500499161827019,3.51349076860192,0.006));
#4221=CARTESIAN_POINT('',(0.501272400037178,3.51120429373276,0.006));
#4222=CARTESIAN_POINT('',(0.501289422281651,3.51135418545037,0.006));
#4223=CARTESIAN_POINT('',(0.501281437593859,3.51220089534992,0.006));
#4224=CARTESIAN_POINT('',(0.500499161827019,3.51349076860192,0.006));
#4225=CARTESIAN_POINT('',(0.5,3.5,0.006));
#4226=CARTESIAN_POINT('',(0.5,3.5,0.));
#4227=CARTESIAN_POINT('',(0.499500838172982,3.51349076860192,0.));
#4228=CARTESIAN_POINT('',(0.499500838172982,3.51349076860192,0.006));
#4229=CARTESIAN_POINT('',(0.499500838172982,3.51349076860192,0.006));
#4230=CARTESIAN_POINT('',(0.5,3.5,0.006));
#4231=CARTESIAN_POINT('',(0.498727599962822,3.51120429373276,0.006));
#4232=CARTESIAN_POINT('',(0.498727599962822,3.51120429373276,0.));
#4233=CARTESIAN_POINT('',(0.498710577718349,3.51135418545037,0.006));
#4234=CARTESIAN_POINT('',(0.498710577718349,3.51135418545037,8.67361737988404E-19));
#4235=CARTESIAN_POINT('',(0.498718562406141,3.51220089534992,0.006));
#4236=CARTESIAN_POINT('',(0.498718562406141,3.51220089534992,8.67361737988404E-19));
#4237=CARTESIAN_POINT('',(0.499500838172982,3.51349076860192,0.006));
#4238=CARTESIAN_POINT('',(0.499500838172982,3.51349076860192,0.));
#4239=CARTESIAN_POINT('',(0.498727599962822,3.51120429373276,0.));
#4240=CARTESIAN_POINT('',(0.498710577718349,3.51135418545037,0.));
#4241=CARTESIAN_POINT('',(0.498718562406141,3.51220089534992,0.));
#4242=CARTESIAN_POINT('',(0.499500838172982,3.51349076860192,0.));
#4243=CARTESIAN_POINT('',(0.498727599962822,3.51120429373276,0.));
#4244=CARTESIAN_POINT('',(0.498727599962822,3.51120429373276,0.006));
#4245=CARTESIAN_POINT('',(0.498727599962822,3.51120429373276,0.006));
#4246=CARTESIAN_POINT('',(0.498727599962822,3.51120429373276,0.006));
#4247=CARTESIAN_POINT('',(0.498710577718349,3.51135418545037,0.006));
#4248=CARTESIAN_POINT('',(0.498718562406141,3.51220089534992,0.006));
#4249=CARTESIAN_POINT('',(0.499500838172982,3.51349076860192,0.006));
#4250=CARTESIAN_POINT('',(0.498792555987566,3.51063231451264,0.006));
#4251=CARTESIAN_POINT('',(0.498792555987566,3.51063231451264,0.));
#4252=CARTESIAN_POINT('',(0.49885751201231,3.51006033529253,0.));
#4253=CARTESIAN_POINT('',(0.49885751201231,3.51006033529253,0.006));
#4254=CARTESIAN_POINT('',(0.49885751201231,3.51006033529253,0.006));
#4255=CARTESIAN_POINT('',(0.498792555987566,3.51063231451264,0.006));
#4256=CARTESIAN_POINT('',(0.5,3.5,0.006));
#4257=CARTESIAN_POINT('',(0.5,3.5,0.));
#4258=CARTESIAN_POINT('',(0.497205597627481,3.50973174909153,0.));
#4259=CARTESIAN_POINT('',(0.497205597627481,3.50973174909153,0.006));
#4260=CARTESIAN_POINT('',(0.497205597627481,3.50973174909153,0.006));
#4261=CARTESIAN_POINT('',(0.5,3.5,0.006));
#4262=CARTESIAN_POINT('',(0.497046722198059,3.51028504658052,0.006));
#4263=CARTESIAN_POINT('',(0.497046722198059,3.51028504658052,0.));
#4264=CARTESIAN_POINT('',(0.496887846768637,3.51083834406951,0.));
#4265=CARTESIAN_POINT('',(0.496887846768637,3.51083834406951,0.006));
#4266=CARTESIAN_POINT('',(0.496887846768637,3.51083834406951,0.006));
#4267=CARTESIAN_POINT('',(0.497046722198059,3.51028504658052,0.006));
#4268=CARTESIAN_POINT('',(0.496887846768637,3.51083834406951,0.006));
#4269=CARTESIAN_POINT('',(0.496887846768637,3.51083834406951,0.));
#4270=CARTESIAN_POINT('',(0.496846212194923,3.51098334009045,0.006));
#4271=CARTESIAN_POINT('',(0.496846212194923,3.51098334009045,8.67361737988404E-19));
#4272=CARTESIAN_POINT('',(0.496514813454725,3.51176254242888,0.006));
#4273=CARTESIAN_POINT('',(0.496514813454725,3.51176254242888,8.67361737988404E-19));
#4274=CARTESIAN_POINT('',(0.495298471761569,3.51265486595043,0.006));
#4275=CARTESIAN_POINT('',(0.495298471761569,3.51265486595043,0.));
#4276=CARTESIAN_POINT('',(0.496887846768637,3.51083834406951,0.));
#4277=CARTESIAN_POINT('',(0.496846212194923,3.51098334009045,0.));
#4278=CARTESIAN_POINT('',(0.496514813454725,3.51176254242888,0.));
#4279=CARTESIAN_POINT('',(0.495298471761569,3.51265486595043,0.));
#4280=CARTESIAN_POINT('',(0.495298471761569,3.51265486595043,0.));
#4281=CARTESIAN_POINT('',(0.495298471761569,3.51265486595043,0.006));
#4282=CARTESIAN_POINT('',(0.495298471761569,3.51265486595043,0.006));
#4283=CARTESIAN_POINT('',(0.496887846768637,3.51083834406951,0.006));
#4284=CARTESIAN_POINT('',(0.496846212194923,3.51098334009045,0.006));
#4285=CARTESIAN_POINT('',(0.496514813454725,3.51176254242888,0.006));
#4286=CARTESIAN_POINT('',(0.495298471761569,3.51265486595043,0.006));
#4287=CARTESIAN_POINT('',(0.5,3.5,0.006));
#4288=CARTESIAN_POINT('',(0.5,3.5,0.));
#4289=CARTESIAN_POINT('',(0.494376140970782,3.51227282402789,0.));
#4290=CARTESIAN_POINT('',(0.494376140970782,3.51227282402789,0.006));
#4291=CARTESIAN_POINT('',(0.494376140970782,3.51227282402789,0.006));
#4292=CARTESIAN_POINT('',(0.5,3.5,0.006));
#4293=CARTESIAN_POINT('',(0.494536758065605,3.50986449124237,0.006));
#4294=CARTESIAN_POINT('',(0.494536758065605,3.50986449124237,0.));
#4295=CARTESIAN_POINT('',(0.49446367048536,3.50999645900142,0.006));
#4296=CARTESIAN_POINT('',(0.49446367048536,3.50999645900142,8.67361737988404E-19));
#4297=CARTESIAN_POINT('',(0.494147025524411,3.51078177255532,0.006));
#4298=CARTESIAN_POINT('',(0.494147025524411,3.51078177255532,8.67361737988404E-19));
#4299=CARTESIAN_POINT('',(0.494376140970782,3.51227282402789,0.006));
#4300=CARTESIAN_POINT('',(0.494376140970782,3.51227282402789,0.));
#4301=CARTESIAN_POINT('',(0.494536758065605,3.50986449124237,0.));
#4302=CARTESIAN_POINT('',(0.49446367048536,3.50999645900142,0.));
#4303=CARTESIAN_POINT('',(0.494147025524411,3.51078177255532,0.));
#4304=CARTESIAN_POINT('',(0.494376140970782,3.51227282402789,0.));
#4305=CARTESIAN_POINT('',(0.494536758065605,3.50986449124237,0.));
#4306=CARTESIAN_POINT('',(0.494536758065605,3.50986449124237,0.006));
#4307=CARTESIAN_POINT('',(0.494536758065605,3.50986449124237,0.006));
#4308=CARTESIAN_POINT('',(0.494536758065605,3.50986449124237,0.006));
#4309=CARTESIAN_POINT('',(0.49446367048536,3.50999645900142,0.006));
#4310=CARTESIAN_POINT('',(0.494147025524411,3.51078177255532,0.006));
#4311=CARTESIAN_POINT('',(0.494376140970782,3.51227282402789,0.006));
#4312=CARTESIAN_POINT('',(0.494815656578576,3.50936090894238,0.006));
#4313=CARTESIAN_POINT('',(0.494815656578576,3.50936090894238,0.));
#4314=CARTESIAN_POINT('',(0.495094555091547,3.5088573266424,0.));
#4315=CARTESIAN_POINT('',(0.495094555091547,3.5088573266424,0.006));
#4316=CARTESIAN_POINT('',(0.495094555091547,3.5088573266424,0.006));
#4317=CARTESIAN_POINT('',(0.494815656578576,3.50936090894238,0.006));
#4318=CARTESIAN_POINT('',(0.5,3.5,0.006));
#4319=CARTESIAN_POINT('',(0.5,3.5,0.));
#4320=CARTESIAN_POINT('',(0.493694129697167,3.50792159230987,0.));
#4321=CARTESIAN_POINT('',(0.493694129697167,3.50792159230987,0.006));
#4322=CARTESIAN_POINT('',(0.493694129697167,3.50792159230987,0.006));
#4323=CARTESIAN_POINT('',(0.5,3.5,0.006));
#4324=CARTESIAN_POINT('',(0.493335610157499,3.50837197354069,0.006));
#4325=CARTESIAN_POINT('',(0.493335610157499,3.50837197354069,0.));
#4326=CARTESIAN_POINT('',(0.492977090617831,3.50882235477151,0.));
#4327=CARTESIAN_POINT('',(0.492977090617831,3.50882235477151,0.006));
#4328=CARTESIAN_POINT('',(0.492977090617831,3.50882235477151,0.006));
#4329=CARTESIAN_POINT('',(0.493335610157499,3.50837197354069,0.006));
#4330=CARTESIAN_POINT('',(0.492977090617831,3.50882235477151,0.006));
#4331=CARTESIAN_POINT('',(0.492977090617831,3.50882235477151,0.));
#4332=CARTESIAN_POINT('',(0.49288313771236,3.50894038076598,0.006));
#4333=CARTESIAN_POINT('',(0.49288313771236,3.50894038076598,8.67361737988404E-19));
#4334=CARTESIAN_POINT('',(0.492278777373813,3.50953344905076,0.006));
#4335=CARTESIAN_POINT('',(0.492278777373813,3.50953344905076,8.67361737988404E-19));
#4336=CARTESIAN_POINT('',(0.490813546750961,3.50989237467463,0.006));
#4337=CARTESIAN_POINT('',(0.490813546750961,3.50989237467463,0.));
#4338=CARTESIAN_POINT('',(0.492977090617831,3.50882235477151,0.));
#4339=CARTESIAN_POINT('',(0.49288313771236,3.50894038076598,0.));
#4340=CARTESIAN_POINT('',(0.492278777373813,3.50953344905076,0.));
#4341=CARTESIAN_POINT('',(0.490813546750961,3.50989237467463,0.));
#4342=CARTESIAN_POINT('',(0.490813546750961,3.50989237467463,0.));
#4343=CARTESIAN_POINT('',(0.490813546750961,3.50989237467463,0.006));
#4344=CARTESIAN_POINT('',(0.490813546750961,3.50989237467463,0.006));
#4345=CARTESIAN_POINT('',(0.492977090617831,3.50882235477151,0.006));
#4346=CARTESIAN_POINT('',(0.49288313771236,3.50894038076598,0.006));
#4347=CARTESIAN_POINT('',(0.492278777373813,3.50953344905076,0.006));
#4348=CARTESIAN_POINT('',(0.490813546750961,3.50989237467463,0.006));
#4349=CARTESIAN_POINT('',(0.5,3.5,0.006));
#4350=CARTESIAN_POINT('',(0.5,3.5,0.));
#4351=CARTESIAN_POINT('',(0.490107625325372,3.50918645324904,0.));
#4352=CARTESIAN_POINT('',(0.490107625325372,3.50918645324904,0.006));
#4353=CARTESIAN_POINT('',(0.490107625325372,3.50918645324904,0.006));
#4354=CARTESIAN_POINT('',(0.5,3.5,0.006));
#4355=CARTESIAN_POINT('',(0.491177645228489,3.50702290938217,0.006));
#4356=CARTESIAN_POINT('',(0.491177645228489,3.50702290938217,0.));
#4357=CARTESIAN_POINT('',(0.491059619234023,3.50711686228764,0.006));
#4358=CARTESIAN_POINT('',(0.491059619234023,3.50711686228764,8.67361737988404E-19));
#4359=CARTESIAN_POINT('',(0.490466550949243,3.50772122262619,0.006));
#4360=CARTESIAN_POINT('',(0.490466550949243,3.50772122262619,8.67361737988404E-19));
#4361=CARTESIAN_POINT('',(0.490107625325372,3.50918645324904,0.006));
#4362=CARTESIAN_POINT('',(0.490107625325372,3.50918645324904,0.));
#4363=CARTESIAN_POINT('',(0.491177645228489,3.50702290938217,0.));
#4364=CARTESIAN_POINT('',(0.491059619234023,3.50711686228764,0.));
#4365=CARTESIAN_POINT('',(0.490466550949243,3.50772122262619,0.));
#4366=CARTESIAN_POINT('',(0.490107625325372,3.50918645324904,0.));
#4367=CARTESIAN_POINT('',(0.491177645228489,3.50702290938217,0.));
#4368=CARTESIAN_POINT('',(0.491177645228489,3.50702290938217,0.006));
#4369=CARTESIAN_POINT('',(0.491177645228489,3.50702290938217,0.006));
#4370=CARTESIAN_POINT('',(0.491177645228489,3.50702290938217,0.006));
#4371=CARTESIAN_POINT('',(0.491059619234023,3.50711686228764,0.006));
#4372=CARTESIAN_POINT('',(0.490466550949243,3.50772122262619,0.006));
#4373=CARTESIAN_POINT('',(0.490107625325372,3.50918645324904,0.006));
#4374=CARTESIAN_POINT('',(0.491628026459308,3.5066643898425,0.006));
#4375=CARTESIAN_POINT('',(0.491628026459308,3.5066643898425,0.));
#4376=CARTESIAN_POINT('',(0.492078407690127,3.50630587030283,0.));
#4377=CARTESIAN_POINT('',(0.492078407690127,3.50630587030283,0.006));
#4378=CARTESIAN_POINT('',(0.492078407690127,3.50630587030283,0.006));
#4379=CARTESIAN_POINT('',(0.491628026459308,3.5066643898425,0.006));
#4380=CARTESIAN_POINT('',(0.5,3.5,0.006));
#4381=CARTESIAN_POINT('',(0.5,3.5,0.));
#4382=CARTESIAN_POINT('',(0.491142673357602,3.50490544490845,0.));
#4383=CARTESIAN_POINT('',(0.491142673357602,3.50490544490845,0.006));
#4384=CARTESIAN_POINT('',(0.491142673357602,3.50490544490845,0.006));
#4385=CARTESIAN_POINT('',(0.5,3.5,0.006));
#4386=CARTESIAN_POINT('',(0.490639091057615,3.50518434342142,0.006));
#4387=CARTESIAN_POINT('',(0.490639091057615,3.50518434342142,0.));
#4388=CARTESIAN_POINT('',(0.490135508757628,3.50546324193439,0.));
#4389=CARTESIAN_POINT('',(0.490135508757628,3.50546324193439,0.006));
#4390=CARTESIAN_POINT('',(0.490135508757628,3.50546324193439,0.006));
#4391=CARTESIAN_POINT('',(0.490639091057615,3.50518434342142,0.006));
#4392=CARTESIAN_POINT('',(0.490135508757628,3.50546324193439,0.006));
#4393=CARTESIAN_POINT('',(0.490135508757628,3.50546324193439,0.));
#4394=CARTESIAN_POINT('',(0.490003540998573,3.50553632951464,0.006));
#4395=CARTESIAN_POINT('',(0.490003540998573,3.50553632951464,8.67361737988404E-19));
#4396=CARTESIAN_POINT('',(0.489218227444682,3.50585297447559,0.006));
#4397=CARTESIAN_POINT('',(0.489218227444682,3.50585297447559,8.67361737988404E-19));
#4398=CARTESIAN_POINT('',(0.487727175972113,3.50562385902922,0.006));
#4399=CARTESIAN_POINT('',(0.487727175972113,3.50562385902922,0.));
#4400=CARTESIAN_POINT('',(0.490135508757628,3.50546324193439,0.));
#4401=CARTESIAN_POINT('',(0.490003540998573,3.50553632951464,0.));
#4402=CARTESIAN_POINT('',(0.489218227444682,3.50585297447559,0.));
#4403=CARTESIAN_POINT('',(0.487727175972113,3.50562385902922,0.));
#4404=CARTESIAN_POINT('',(0.487727175972113,3.50562385902922,0.));
#4405=CARTESIAN_POINT('',(0.487727175972113,3.50562385902922,0.006));
#4406=CARTESIAN_POINT('',(0.487727175972113,3.50562385902922,0.006));
#4407=CARTESIAN_POINT('',(0.490135508757628,3.50546324193439,0.006));
#4408=CARTESIAN_POINT('',(0.490003540998573,3.50553632951464,0.006));
#4409=CARTESIAN_POINT('',(0.489218227444682,3.50585297447559,0.006));
#4410=CARTESIAN_POINT('',(0.487727175972113,3.50562385902922,0.006));
#4411=CARTESIAN_POINT('',(0.5,3.5,0.006));
#4412=CARTESIAN_POINT('',(0.5,3.5,0.));
#4413=CARTESIAN_POINT('',(0.487345134049575,3.50470152823843,0.));
#4414=CARTESIAN_POINT('',(0.487345134049575,3.50470152823843,0.006));
#4415=CARTESIAN_POINT('',(0.487345134049575,3.50470152823843,0.006));
#4416=CARTESIAN_POINT('',(0.5,3.5,0.006));
#4417=CARTESIAN_POINT('',(0.48916165593049,3.50311215323137,0.006));
#4418=CARTESIAN_POINT('',(0.48916165593049,3.50311215323137,0.));
#4419=CARTESIAN_POINT('',(0.489016659909552,3.50315378780508,0.006));
#4420=CARTESIAN_POINT('',(0.489016659909552,3.50315378780508,8.67361737988404E-19));
#4421=CARTESIAN_POINT('',(0.488237457571122,3.50348518654528,0.006));
#4422=CARTESIAN_POINT('',(0.488237457571122,3.50348518654528,8.67361737988404E-19));
#4423=CARTESIAN_POINT('',(0.487345134049575,3.50470152823843,0.006));
#4424=CARTESIAN_POINT('',(0.487345134049575,3.50470152823843,0.));
#4425=CARTESIAN_POINT('',(0.48916165593049,3.50311215323137,0.));
#4426=CARTESIAN_POINT('',(0.489016659909552,3.50315378780508,0.));
#4427=CARTESIAN_POINT('',(0.488237457571122,3.50348518654528,0.));
#4428=CARTESIAN_POINT('',(0.487345134049575,3.50470152823843,0.));
#4429=CARTESIAN_POINT('',(0.48916165593049,3.50311215323137,0.));
#4430=CARTESIAN_POINT('',(0.48916165593049,3.50311215323137,0.006));
#4431=CARTESIAN_POINT('',(0.48916165593049,3.50311215323137,0.006));
#4432=CARTESIAN_POINT('',(0.48916165593049,3.50311215323137,0.006));
#4433=CARTESIAN_POINT('',(0.489016659909552,3.50315378780508,0.006));
#4434=CARTESIAN_POINT('',(0.488237457571122,3.50348518654528,0.006));
#4435=CARTESIAN_POINT('',(0.487345134049575,3.50470152823843,0.006));
#4436=CARTESIAN_POINT('',(0.489714953419481,3.50295327780194,0.006));
#4437=CARTESIAN_POINT('',(0.489714953419481,3.50295327780194,0.));
#4438=CARTESIAN_POINT('',(0.490268250908472,3.50279440237252,0.));
#4439=CARTESIAN_POINT('',(0.490268250908472,3.50279440237252,0.006));
#4440=CARTESIAN_POINT('',(0.490268250908472,3.50279440237252,0.006));
#4441=CARTESIAN_POINT('',(0.489714953419481,3.50295327780194,0.006));
#4442=CARTESIAN_POINT('',(0.5,3.5,0.006));
#4443=CARTESIAN_POINT('',(0.5,3.5,0.));
#4444=CARTESIAN_POINT('',(0.489939664707477,3.50114248798769,0.));
#4445=CARTESIAN_POINT('',(0.489939664707477,3.50114248798769,0.006));
#4446=CARTESIAN_POINT('',(0.489939664707477,3.50114248798769,0.006));
#4447=CARTESIAN_POINT('',(0.5,3.5,0.006));
#4448=CARTESIAN_POINT('',(0.489367685487359,3.50120744401243,0.006));
#4449=CARTESIAN_POINT('',(0.489367685487359,3.50120744401243,0.));
#4450=CARTESIAN_POINT('',(0.48879570626724,3.50127240003718,0.));
#4451=CARTESIAN_POINT('',(0.48879570626724,3.50127240003718,0.006));
#4452=CARTESIAN_POINT('',(0.48879570626724,3.50127240003718,0.006));
#4453=CARTESIAN_POINT('',(0.489367685487359,3.50120744401243,0.006));
#4454=CARTESIAN_POINT('',(0.48879570626724,3.50127240003718,0.006));
#4455=CARTESIAN_POINT('',(0.48879570626724,3.50127240003718,0.));
#4456=CARTESIAN_POINT('',(0.488645814549627,3.50128942228165,0.006));
#4457=CARTESIAN_POINT('',(0.488645814549627,3.50128942228165,8.67361737988404E-19));
#4458=CARTESIAN_POINT('',(0.487799104650086,3.50128143759386,0.006));
#4459=CARTESIAN_POINT('',(0.487799104650086,3.50128143759386,8.67361737988404E-19));
#4460=CARTESIAN_POINT('',(0.486509231398084,3.50049916182702,0.006));
#4461=CARTESIAN_POINT('',(0.486509231398084,3.50049916182702,0.));
#4462=CARTESIAN_POINT('',(0.48879570626724,3.50127240003718,0.));
#4463=CARTESIAN_POINT('',(0.488645814549627,3.50128942228165,0.));
#4464=CARTESIAN_POINT('',(0.487799104650086,3.50128143759386,0.));
#4465=CARTESIAN_POINT('',(0.486509231398084,3.50049916182702,0.));
#4466=CARTESIAN_POINT('',(0.486509231398084,3.50049916182702,0.));
#4467=CARTESIAN_POINT('',(0.486509231398084,3.50049916182702,0.006));
#4468=CARTESIAN_POINT('',(0.486509231398084,3.50049916182702,0.006));
#4469=CARTESIAN_POINT('',(0.48879570626724,3.50127240003718,0.006));
#4470=CARTESIAN_POINT('',(0.488645814549627,3.50128942228165,0.006));
#4471=CARTESIAN_POINT('',(0.487799104650086,3.50128143759386,0.006));
#4472=CARTESIAN_POINT('',(0.486509231398084,3.50049916182702,0.006));
#4473=CARTESIAN_POINT('',(0.5,3.5,0.006));
#4474=CARTESIAN_POINT('',(0.5,3.5,0.));
#4475=CARTESIAN_POINT('',(0.486509231398084,3.49950083817298,0.));
#4476=CARTESIAN_POINT('',(0.486509231398084,3.49950083817298,0.006));
#4477=CARTESIAN_POINT('',(0.486509231398084,3.49950083817298,0.006));
#4478=CARTESIAN_POINT('',(0.5,3.5,0.006));
#4479=CARTESIAN_POINT('',(0.48879570626724,3.49872759996282,0.006));
#4480=CARTESIAN_POINT('',(0.48879570626724,3.49872759996282,0.));
#4481=CARTESIAN_POINT('',(0.488645814549627,3.49871057771835,0.006));
#4482=CARTESIAN_POINT('',(0.488645814549627,3.49871057771835,8.67361737988404E-19));
#4483=CARTESIAN_POINT('',(0.487799104650086,3.49871856240614,0.006));
#4484=CARTESIAN_POINT('',(0.487799104650086,3.49871856240614,8.67361737988404E-19));
#4485=CARTESIAN_POINT('',(0.486509231398084,3.49950083817298,0.006));
#4486=CARTESIAN_POINT('',(0.486509231398084,3.49950083817298,0.));
#4487=CARTESIAN_POINT('',(0.48879570626724,3.49872759996282,0.));
#4488=CARTESIAN_POINT('',(0.488645814549627,3.49871057771835,0.));
#4489=CARTESIAN_POINT('',(0.487799104650086,3.49871856240614,0.));
#4490=CARTESIAN_POINT('',(0.486509231398084,3.49950083817298,0.));
#4491=CARTESIAN_POINT('',(0.48879570626724,3.49872759996282,0.));
#4492=CARTESIAN_POINT('',(0.48879570626724,3.49872759996282,0.006));
#4493=CARTESIAN_POINT('',(0.48879570626724,3.49872759996282,0.006));
#4494=CARTESIAN_POINT('',(0.48879570626724,3.49872759996282,0.006));
#4495=CARTESIAN_POINT('',(0.488645814549627,3.49871057771835,0.006));
#4496=CARTESIAN_POINT('',(0.487799104650086,3.49871856240614,0.006));
#4497=CARTESIAN_POINT('',(0.486509231398084,3.49950083817298,0.006));
#4498=CARTESIAN_POINT('',(0.489367685487359,3.49879255598757,0.006));
#4499=CARTESIAN_POINT('',(0.489367685487359,3.49879255598757,0.));
#4500=CARTESIAN_POINT('',(0.489939664707477,3.49885751201231,0.));
#4501=CARTESIAN_POINT('',(0.489939664707477,3.49885751201231,0.006));
#4502=CARTESIAN_POINT('',(0.489939664707477,3.49885751201231,0.006));
#4503=CARTESIAN_POINT('',(0.489367685487359,3.49879255598757,0.006));
#4504=CARTESIAN_POINT('',(0.5,3.5,0.006));
#4505=CARTESIAN_POINT('',(0.5,3.5,0.));
#4506=CARTESIAN_POINT('',(0.490268250908472,3.49720559762748,0.));
#4507=CARTESIAN_POINT('',(0.490268250908472,3.49720559762748,0.006));
#4508=CARTESIAN_POINT('',(0.490268250908472,3.49720559762748,0.006));
#4509=CARTESIAN_POINT('',(0.5,3.5,0.006));
#4510=CARTESIAN_POINT('',(0.489714953419481,3.49704672219806,0.006));
#4511=CARTESIAN_POINT('',(0.489714953419481,3.49704672219806,0.));
#4512=CARTESIAN_POINT('',(0.48916165593049,3.49688784676863,0.));
#4513=CARTESIAN_POINT('',(0.48916165593049,3.49688784676863,0.006));
#4514=CARTESIAN_POINT('',(0.48916165593049,3.49688784676863,0.006));
#4515=CARTESIAN_POINT('',(0.489714953419481,3.49704672219806,0.006));
#4516=CARTESIAN_POINT('',(0.48916165593049,3.49688784676863,0.006));
#4517=CARTESIAN_POINT('',(0.48916165593049,3.49688784676863,0.));
#4518=CARTESIAN_POINT('',(0.489016659909552,3.49684621219493,0.006));
#4519=CARTESIAN_POINT('',(0.489016659909552,3.49684621219493,8.67361737988404E-19));
#4520=CARTESIAN_POINT('',(0.488237457571122,3.49651481345472,0.006));
#4521=CARTESIAN_POINT('',(0.488237457571122,3.49651481345472,8.67361737988404E-19));
#4522=CARTESIAN_POINT('',(0.487345134049575,3.49529847176157,0.006));
#4523=CARTESIAN_POINT('',(0.487345134049575,3.49529847176157,0.));
#4524=CARTESIAN_POINT('',(0.48916165593049,3.49688784676863,0.));
#4525=CARTESIAN_POINT('',(0.489016659909552,3.49684621219493,0.));
#4526=CARTESIAN_POINT('',(0.488237457571122,3.49651481345472,0.));
#4527=CARTESIAN_POINT('',(0.487345134049575,3.49529847176157,0.));
#4528=CARTESIAN_POINT('',(0.487345134049575,3.49529847176157,0.));
#4529=CARTESIAN_POINT('',(0.487345134049575,3.49529847176157,0.006));
#4530=CARTESIAN_POINT('',(0.487345134049575,3.49529847176157,0.006));
#4531=CARTESIAN_POINT('',(0.48916165593049,3.49688784676863,0.006));
#4532=CARTESIAN_POINT('',(0.489016659909552,3.49684621219493,0.006));
#4533=CARTESIAN_POINT('',(0.488237457571122,3.49651481345472,0.006));
#4534=CARTESIAN_POINT('',(0.487345134049575,3.49529847176157,0.006));
#4535=CARTESIAN_POINT('',(0.5,3.5,0.006));
#4536=CARTESIAN_POINT('',(0.5,3.5,0.));
#4537=CARTESIAN_POINT('',(0.487727175972113,3.49437614097078,0.));
#4538=CARTESIAN_POINT('',(0.487727175972113,3.49437614097078,0.006));
#4539=CARTESIAN_POINT('',(0.487727175972113,3.49437614097078,0.006));
#4540=CARTESIAN_POINT('',(0.5,3.5,0.006));
#4541=CARTESIAN_POINT('',(0.490135508757628,3.49453675806561,0.006));
#4542=CARTESIAN_POINT('',(0.490135508757628,3.49453675806561,0.));
#4543=CARTESIAN_POINT('',(0.490003540998573,3.49446367048536,0.006));
#4544=CARTESIAN_POINT('',(0.490003540998573,3.49446367048536,8.67361737988404E-19));
#4545=CARTESIAN_POINT('',(0.489218227444682,3.49414702552441,0.006));
#4546=CARTESIAN_POINT('',(0.489218227444682,3.49414702552441,8.67361737988404E-19));
#4547=CARTESIAN_POINT('',(0.487727175972113,3.49437614097078,0.006));
#4548=CARTESIAN_POINT('',(0.487727175972113,3.49437614097078,0.));
#4549=CARTESIAN_POINT('',(0.490135508757628,3.49453675806561,0.));
#4550=CARTESIAN_POINT('',(0.490003540998573,3.49446367048536,0.));
#4551=CARTESIAN_POINT('',(0.489218227444682,3.49414702552441,0.));
#4552=CARTESIAN_POINT('',(0.487727175972113,3.49437614097078,0.));
#4553=CARTESIAN_POINT('',(0.490135508757628,3.49453675806561,0.));
#4554=CARTESIAN_POINT('',(0.490135508757628,3.49453675806561,0.006));
#4555=CARTESIAN_POINT('',(0.490135508757628,3.49453675806561,0.006));
#4556=CARTESIAN_POINT('',(0.490135508757628,3.49453675806561,0.006));
#4557=CARTESIAN_POINT('',(0.490003540998573,3.49446367048536,0.006));
#4558=CARTESIAN_POINT('',(0.489218227444682,3.49414702552441,0.006));
#4559=CARTESIAN_POINT('',(0.487727175972113,3.49437614097078,0.006));
#4560=CARTESIAN_POINT('',(0.490639091057615,3.49481565657858,0.006));
#4561=CARTESIAN_POINT('',(0.490639091057615,3.49481565657858,0.));
#4562=CARTESIAN_POINT('',(0.491142673357602,3.49509455509155,0.));
#4563=CARTESIAN_POINT('',(0.491142673357602,3.49509455509155,0.006));
#4564=CARTESIAN_POINT('',(0.491142673357602,3.49509455509155,0.006));
#4565=CARTESIAN_POINT('',(0.490639091057615,3.49481565657858,0.006));
#4566=CARTESIAN_POINT('',(0.5,3.5,0.006));
#4567=CARTESIAN_POINT('',(0.5,3.5,0.));
#4568=CARTESIAN_POINT('',(0.492078407690127,3.49369412969716,0.));
#4569=CARTESIAN_POINT('',(0.492078407690127,3.49369412969716,0.006));
#4570=CARTESIAN_POINT('',(0.492078407690127,3.49369412969716,0.006));
#4571=CARTESIAN_POINT('',(0.5,3.5,0.006));
#4572=CARTESIAN_POINT('',(0.491628026459308,3.4933356101575,0.006));
#4573=CARTESIAN_POINT('',(0.491628026459308,3.4933356101575,0.));
#4574=CARTESIAN_POINT('',(0.491177645228489,3.49297709061783,0.));
#4575=CARTESIAN_POINT('',(0.491177645228489,3.49297709061783,0.006));
#4576=CARTESIAN_POINT('',(0.491177645228489,3.49297709061783,0.006));
#4577=CARTESIAN_POINT('',(0.491628026459308,3.4933356101575,0.006));
#4578=CARTESIAN_POINT('',(0.491177645228489,3.49297709061783,0.006));
#4579=CARTESIAN_POINT('',(0.491177645228489,3.49297709061783,0.));
#4580=CARTESIAN_POINT('',(0.491059619234023,3.49288313771236,0.006));
#4581=CARTESIAN_POINT('',(0.491059619234023,3.49288313771236,8.67361737988404E-19));
#4582=CARTESIAN_POINT('',(0.490466550949243,3.49227877737381,0.006));
#4583=CARTESIAN_POINT('',(0.490466550949243,3.49227877737381,8.67361737988404E-19));
#4584=CARTESIAN_POINT('',(0.490107625325372,3.49081354675096,0.006));
#4585=CARTESIAN_POINT('',(0.490107625325372,3.49081354675096,0.));
#4586=CARTESIAN_POINT('',(0.491177645228489,3.49297709061783,0.));
#4587=CARTESIAN_POINT('',(0.491059619234023,3.49288313771236,0.));
#4588=CARTESIAN_POINT('',(0.490466550949243,3.49227877737381,0.));
#4589=CARTESIAN_POINT('',(0.490107625325372,3.49081354675096,0.));
#4590=CARTESIAN_POINT('',(0.490107625325372,3.49081354675096,0.));
#4591=CARTESIAN_POINT('',(0.490107625325372,3.49081354675096,0.006));
#4592=CARTESIAN_POINT('',(0.490107625325372,3.49081354675096,0.006));
#4593=CARTESIAN_POINT('',(0.491177645228489,3.49297709061783,0.006));
#4594=CARTESIAN_POINT('',(0.491059619234023,3.49288313771236,0.006));
#4595=CARTESIAN_POINT('',(0.490466550949243,3.49227877737381,0.006));
#4596=CARTESIAN_POINT('',(0.490107625325372,3.49081354675096,0.006));
#4597=CARTESIAN_POINT('',(0.5,3.5,0.006));
#4598=CARTESIAN_POINT('',(0.5,3.5,0.));
#4599=CARTESIAN_POINT('',(0.490813546750961,3.49010762532537,0.));
#4600=CARTESIAN_POINT('',(0.490813546750961,3.49010762532537,0.006));
#4601=CARTESIAN_POINT('',(0.490813546750961,3.49010762532537,0.006));
#4602=CARTESIAN_POINT('',(0.5,3.5,0.006));
#4603=CARTESIAN_POINT('',(0.492977090617831,3.49117764522849,0.006));
#4604=CARTESIAN_POINT('',(0.492977090617831,3.49117764522849,0.));
#4605=CARTESIAN_POINT('',(0.49288313771236,3.49105961923403,0.006));
#4606=CARTESIAN_POINT('',(0.49288313771236,3.49105961923403,8.67361737988404E-19));
#4607=CARTESIAN_POINT('',(0.492278777373813,3.49046655094924,0.006));
#4608=CARTESIAN_POINT('',(0.492278777373813,3.49046655094924,8.67361737988404E-19));
#4609=CARTESIAN_POINT('',(0.490813546750961,3.49010762532537,0.006));
#4610=CARTESIAN_POINT('',(0.490813546750961,3.49010762532537,0.));
#4611=CARTESIAN_POINT('',(0.492977090617831,3.49117764522849,0.));
#4612=CARTESIAN_POINT('',(0.49288313771236,3.49105961923403,0.));
#4613=CARTESIAN_POINT('',(0.492278777373813,3.49046655094924,0.));
#4614=CARTESIAN_POINT('',(0.490813546750961,3.49010762532537,0.));
#4615=CARTESIAN_POINT('',(0.492977090617831,3.49117764522849,0.));
#4616=CARTESIAN_POINT('',(0.492977090617831,3.49117764522849,0.006));
#4617=CARTESIAN_POINT('',(0.492977090617831,3.49117764522849,0.006));
#4618=CARTESIAN_POINT('',(0.492977090617831,3.49117764522849,0.006));
#4619=CARTESIAN_POINT('',(0.49288313771236,3.49105961923403,0.006));
#4620=CARTESIAN_POINT('',(0.492278777373813,3.49046655094924,0.006));
#4621=CARTESIAN_POINT('',(0.490813546750961,3.49010762532537,0.006));
#4622=CARTESIAN_POINT('',(0.493335610157499,3.49162802645931,0.006));
#4623=CARTESIAN_POINT('',(0.493335610157499,3.49162802645931,0.));
#4624=CARTESIAN_POINT('',(0.493694129697167,3.49207840769013,0.));
#4625=CARTESIAN_POINT('',(0.493694129697167,3.49207840769013,0.006));
#4626=CARTESIAN_POINT('',(0.493694129697167,3.49207840769013,0.006));
#4627=CARTESIAN_POINT('',(0.493335610157499,3.49162802645931,0.006));
#4628=CARTESIAN_POINT('',(0.5,3.5,0.006));
#4629=CARTESIAN_POINT('',(0.5,3.5,0.));
#4630=CARTESIAN_POINT('',(0.495094555091547,3.4911426733576,0.));
#4631=CARTESIAN_POINT('',(0.495094555091547,3.4911426733576,0.006));
#4632=CARTESIAN_POINT('',(0.495094555091547,3.4911426733576,0.006));
#4633=CARTESIAN_POINT('',(0.5,3.5,0.006));
#4634=CARTESIAN_POINT('',(0.494815656578576,3.49063909105762,0.006));
#4635=CARTESIAN_POINT('',(0.494815656578576,3.49063909105762,0.));
#4636=CARTESIAN_POINT('',(0.494536758065605,3.49013550875763,0.));
#4637=CARTESIAN_POINT('',(0.494536758065605,3.49013550875763,0.006));
#4638=CARTESIAN_POINT('',(0.494536758065605,3.49013550875763,0.006));
#4639=CARTESIAN_POINT('',(0.494815656578576,3.49063909105762,0.006));
#4640=CARTESIAN_POINT('',(0.494536758065605,3.49013550875763,0.006));
#4641=CARTESIAN_POINT('',(0.494536758065605,3.49013550875763,0.));
#4642=CARTESIAN_POINT('',(0.49446367048536,3.49000354099858,0.006));
#4643=CARTESIAN_POINT('',(0.49446367048536,3.49000354099858,8.67361737988404E-19));
#4644=CARTESIAN_POINT('',(0.494147025524411,3.48921822744468,0.006));
#4645=CARTESIAN_POINT('',(0.494147025524411,3.48921822744468,8.67361737988404E-19));
#4646=CARTESIAN_POINT('',(0.494376140970782,3.48772717597211,0.006));
#4647=CARTESIAN_POINT('',(0.494376140970782,3.48772717597211,0.));
#4648=CARTESIAN_POINT('',(0.494536758065605,3.49013550875763,0.));
#4649=CARTESIAN_POINT('',(0.49446367048536,3.49000354099858,0.));
#4650=CARTESIAN_POINT('',(0.494147025524411,3.48921822744468,0.));
#4651=CARTESIAN_POINT('',(0.494376140970782,3.48772717597211,0.));
#4652=CARTESIAN_POINT('',(0.494376140970782,3.48772717597211,0.));
#4653=CARTESIAN_POINT('',(0.494376140970782,3.48772717597211,0.006));
#4654=CARTESIAN_POINT('',(0.494376140970782,3.48772717597211,0.006));
#4655=CARTESIAN_POINT('',(0.494536758065605,3.49013550875763,0.006));
#4656=CARTESIAN_POINT('',(0.49446367048536,3.49000354099858,0.006));
#4657=CARTESIAN_POINT('',(0.494147025524411,3.48921822744468,0.006));
#4658=CARTESIAN_POINT('',(0.494376140970782,3.48772717597211,0.006));
#4659=CARTESIAN_POINT('',(0.5,3.5,0.006));
#4660=CARTESIAN_POINT('',(0.5,3.5,0.));
#4661=CARTESIAN_POINT('',(0.495298471761569,3.48734513404957,0.));
#4662=CARTESIAN_POINT('',(0.495298471761569,3.48734513404957,0.006));
#4663=CARTESIAN_POINT('',(0.495298471761569,3.48734513404957,0.006));
#4664=CARTESIAN_POINT('',(0.5,3.5,0.006));
#4665=CARTESIAN_POINT('',(0.496887846768637,3.48916165593049,0.006));
#4666=CARTESIAN_POINT('',(0.496887846768637,3.48916165593049,0.));
#4667=CARTESIAN_POINT('',(0.496846212194923,3.48901665990955,0.006));
#4668=CARTESIAN_POINT('',(0.496846212194923,3.48901665990955,8.67361737988404E-19));
#4669=CARTESIAN_POINT('',(0.496514813454724,3.48823745757112,0.006));
#4670=CARTESIAN_POINT('',(0.496514813454724,3.48823745757112,8.67361737988404E-19));
#4671=CARTESIAN_POINT('',(0.495298471761569,3.48734513404957,0.006));
#4672=CARTESIAN_POINT('',(0.495298471761569,3.48734513404957,0.));
#4673=CARTESIAN_POINT('',(0.496887846768637,3.48916165593049,0.));
#4674=CARTESIAN_POINT('',(0.496846212194923,3.48901665990955,0.));
#4675=CARTESIAN_POINT('',(0.496514813454724,3.48823745757112,0.));
#4676=CARTESIAN_POINT('',(0.495298471761569,3.48734513404957,0.));
#4677=CARTESIAN_POINT('',(0.496887846768637,3.48916165593049,0.));
#4678=CARTESIAN_POINT('',(0.496887846768637,3.48916165593049,0.006));
#4679=CARTESIAN_POINT('',(0.496887846768637,3.48916165593049,0.006));
#4680=CARTESIAN_POINT('',(0.496887846768637,3.48916165593049,0.006));
#4681=CARTESIAN_POINT('',(0.496846212194923,3.48901665990955,0.006));
#4682=CARTESIAN_POINT('',(0.496514813454724,3.48823745757112,0.006));
#4683=CARTESIAN_POINT('',(0.495298471761569,3.48734513404957,0.006));
#4684=CARTESIAN_POINT('',(0.497046722198059,3.48971495341948,0.006));
#4685=CARTESIAN_POINT('',(0.497046722198059,3.48971495341948,0.));
#4686=CARTESIAN_POINT('',(0.497205597627481,3.49026825090847,0.));
#4687=CARTESIAN_POINT('',(0.497205597627481,3.49026825090847,0.006));
#4688=CARTESIAN_POINT('',(0.497205597627481,3.49026825090847,0.006));
#4689=CARTESIAN_POINT('',(0.497046722198059,3.48971495341948,0.006));
#4690=CARTESIAN_POINT('',(0.5,3.5,0.006));
#4691=CARTESIAN_POINT('',(0.5,3.5,0.));
#4692=CARTESIAN_POINT('',(0.49885751201231,3.48993966470747,0.));
#4693=CARTESIAN_POINT('',(0.49885751201231,3.48993966470747,0.006));
#4694=CARTESIAN_POINT('',(0.49885751201231,3.48993966470747,0.006));
#4695=CARTESIAN_POINT('',(0.5,3.5,0.006));
#4696=CARTESIAN_POINT('',(0.498792555987566,3.48936768548736,0.006));
#4697=CARTESIAN_POINT('',(0.498792555987566,3.48936768548736,0.));
#4698=CARTESIAN_POINT('',(0.498727599962822,3.48879570626724,0.));
#4699=CARTESIAN_POINT('',(0.498727599962822,3.48879570626724,0.006));
#4700=CARTESIAN_POINT('',(0.498727599962822,3.48879570626724,0.006));
#4701=CARTESIAN_POINT('',(0.498792555987566,3.48936768548736,0.006));
#4702=CARTESIAN_POINT('',(0.498727599962822,3.48879570626724,0.006));
#4703=CARTESIAN_POINT('',(0.498727599962822,3.48879570626724,0.));
#4704=CARTESIAN_POINT('',(0.498710577718349,3.48864581454963,0.006));
#4705=CARTESIAN_POINT('',(0.498710577718349,3.48864581454963,8.67361737988404E-19));
#4706=CARTESIAN_POINT('',(0.498718562406141,3.48779910465009,0.006));
#4707=CARTESIAN_POINT('',(0.498718562406141,3.48779910465009,8.67361737988404E-19));
#4708=CARTESIAN_POINT('',(0.499500838172982,3.48650923139808,0.006));
#4709=CARTESIAN_POINT('',(0.499500838172982,3.48650923139808,0.));
#4710=CARTESIAN_POINT('',(0.498727599962822,3.48879570626724,0.));
#4711=CARTESIAN_POINT('',(0.498710577718349,3.48864581454963,0.));
#4712=CARTESIAN_POINT('',(0.498718562406141,3.48779910465009,0.));
#4713=CARTESIAN_POINT('',(0.499500838172982,3.48650923139808,0.));
#4714=CARTESIAN_POINT('',(0.499500838172982,3.48650923139808,0.));
#4715=CARTESIAN_POINT('',(0.499500838172982,3.48650923139808,0.006));
#4716=CARTESIAN_POINT('',(0.499500838172982,3.48650923139808,0.006));
#4717=CARTESIAN_POINT('',(0.498727599962822,3.48879570626724,0.006));
#4718=CARTESIAN_POINT('',(0.498710577718349,3.48864581454963,0.006));
#4719=CARTESIAN_POINT('',(0.498718562406141,3.48779910465009,0.006));
#4720=CARTESIAN_POINT('',(0.499500838172982,3.48650923139808,0.006));
#4721=CARTESIAN_POINT('',(0.5,3.5,0.006));
#4722=CARTESIAN_POINT('',(0.5,3.5,0.));
#4723=CARTESIAN_POINT('',(0.500499161827019,3.48650923139808,0.));
#4724=CARTESIAN_POINT('',(0.500499161827019,3.48650923139808,0.006));
#4725=CARTESIAN_POINT('',(0.500499161827019,3.48650923139808,0.006));
#4726=CARTESIAN_POINT('',(0.5,3.5,0.006));
#4727=CARTESIAN_POINT('',(0.501272400037178,3.48879570626724,0.006));
#4728=CARTESIAN_POINT('',(0.501272400037178,3.48879570626724,0.));
#4729=CARTESIAN_POINT('',(0.501289422281651,3.48864581454963,0.006));
#4730=CARTESIAN_POINT('',(0.501289422281651,3.48864581454963,8.67361737988404E-19));
#4731=CARTESIAN_POINT('',(0.501281437593859,3.48779910465009,0.006));
#4732=CARTESIAN_POINT('',(0.501281437593859,3.48779910465009,8.67361737988404E-19));
#4733=CARTESIAN_POINT('',(0.500499161827019,3.48650923139808,0.006));
#4734=CARTESIAN_POINT('',(0.500499161827019,3.48650923139808,0.));
#4735=CARTESIAN_POINT('',(0.501272400037178,3.48879570626724,0.));
#4736=CARTESIAN_POINT('',(0.501289422281651,3.48864581454963,0.));
#4737=CARTESIAN_POINT('',(0.501281437593859,3.48779910465009,0.));
#4738=CARTESIAN_POINT('',(0.500499161827019,3.48650923139808,0.));
#4739=CARTESIAN_POINT('',(0.501272400037178,3.48879570626724,0.));
#4740=CARTESIAN_POINT('',(0.501272400037178,3.48879570626724,0.006));
#4741=CARTESIAN_POINT('',(0.501272400037178,3.48879570626724,0.006));
#4742=CARTESIAN_POINT('',(0.501272400037178,3.48879570626724,0.006));
#4743=CARTESIAN_POINT('',(0.501289422281651,3.48864581454963,0.006));
#4744=CARTESIAN_POINT('',(0.501281437593859,3.48779910465009,0.006));
#4745=CARTESIAN_POINT('',(0.500499161827019,3.48650923139808,0.006));
#4746=CARTESIAN_POINT('',(0.501207444012434,3.48936768548736,0.006));
#4747=CARTESIAN_POINT('',(0.501207444012434,3.48936768548736,0.));
#4748=CARTESIAN_POINT('',(0.501142487987691,3.48993966470747,0.));
#4749=CARTESIAN_POINT('',(0.501142487987691,3.48993966470747,0.006));
#4750=CARTESIAN_POINT('',(0.501142487987691,3.48993966470747,0.006));
#4751=CARTESIAN_POINT('',(0.501207444012434,3.48936768548736,0.006));
#4752=CARTESIAN_POINT('',(0.5,3.5,0.006));
#4753=CARTESIAN_POINT('',(0.5,3.5,0.));
#4754=CARTESIAN_POINT('',(0.502794402372519,3.49026825090847,0.));
#4755=CARTESIAN_POINT('',(0.502794402372519,3.49026825090847,0.006));
#4756=CARTESIAN_POINT('',(0.502794402372519,3.49026825090847,0.006));
#4757=CARTESIAN_POINT('',(0.5,3.5,0.006));
#4758=CARTESIAN_POINT('',(0.502953277801941,3.48971495341948,0.006));
#4759=CARTESIAN_POINT('',(0.502953277801941,3.48971495341948,0.));
#4760=CARTESIAN_POINT('',(0.503112153231363,3.48916165593049,0.));
#4761=CARTESIAN_POINT('',(0.503112153231363,3.48916165593049,0.006));
#4762=CARTESIAN_POINT('',(0.503112153231363,3.48916165593049,0.006));
#4763=CARTESIAN_POINT('',(0.502953277801941,3.48971495341948,0.006));
#4764=CARTESIAN_POINT('',(0.503112153231363,3.48916165593049,0.006));
#4765=CARTESIAN_POINT('',(0.503112153231363,3.48916165593049,0.));
#4766=CARTESIAN_POINT('',(0.503153787805077,3.48901665990955,0.006));
#4767=CARTESIAN_POINT('',(0.503153787805077,3.48901665990955,8.67361737988404E-19));
#4768=CARTESIAN_POINT('',(0.503485186545276,3.48823745757112,0.006));
#4769=CARTESIAN_POINT('',(0.503485186545276,3.48823745757112,8.67361737988404E-19));
#4770=CARTESIAN_POINT('',(0.504701528238431,3.48734513404957,0.006));
#4771=CARTESIAN_POINT('',(0.504701528238431,3.48734513404957,0.));
#4772=CARTESIAN_POINT('',(0.503112153231363,3.48916165593049,0.));
#4773=CARTESIAN_POINT('',(0.503153787805077,3.48901665990955,0.));
#4774=CARTESIAN_POINT('',(0.503485186545276,3.48823745757112,0.));
#4775=CARTESIAN_POINT('',(0.504701528238431,3.48734513404957,0.));
#4776=CARTESIAN_POINT('',(0.504701528238431,3.48734513404957,0.));
#4777=CARTESIAN_POINT('',(0.504701528238431,3.48734513404957,0.006));
#4778=CARTESIAN_POINT('',(0.504701528238431,3.48734513404957,0.006));
#4779=CARTESIAN_POINT('',(0.503112153231363,3.48916165593049,0.006));
#4780=CARTESIAN_POINT('',(0.503153787805077,3.48901665990955,0.006));
#4781=CARTESIAN_POINT('',(0.503485186545276,3.48823745757112,0.006));
#4782=CARTESIAN_POINT('',(0.504701528238431,3.48734513404957,0.006));
#4783=CARTESIAN_POINT('',(0.5,3.5,0.006));
#4784=CARTESIAN_POINT('',(0.5,3.5,0.));
#4785=CARTESIAN_POINT('',(0.505623859029218,3.48772717597211,0.));
#4786=CARTESIAN_POINT('',(0.505623859029218,3.48772717597211,0.006));
#4787=CARTESIAN_POINT('',(0.505623859029218,3.48772717597211,0.006));
#4788=CARTESIAN_POINT('',(0.5,3.5,0.006));
#4789=CARTESIAN_POINT('',(0.505463241934395,3.49013550875763,0.006));
#4790=CARTESIAN_POINT('',(0.505463241934395,3.49013550875763,0.));
#4791=CARTESIAN_POINT('',(0.50553632951464,3.49000354099858,0.006));
#4792=CARTESIAN_POINT('',(0.50553632951464,3.49000354099858,8.67361737988404E-19));
#4793=CARTESIAN_POINT('',(0.50585297447559,3.48921822744468,0.006));
#4794=CARTESIAN_POINT('',(0.50585297447559,3.48921822744468,8.67361737988404E-19));
#4795=CARTESIAN_POINT('',(0.505623859029218,3.48772717597211,0.006));
#4796=CARTESIAN_POINT('',(0.505623859029218,3.48772717597211,0.));
#4797=CARTESIAN_POINT('',(0.505463241934395,3.49013550875763,0.));
#4798=CARTESIAN_POINT('',(0.50553632951464,3.49000354099858,0.));
#4799=CARTESIAN_POINT('',(0.50585297447559,3.48921822744468,0.));
#4800=CARTESIAN_POINT('',(0.505623859029218,3.48772717597211,0.));
#4801=CARTESIAN_POINT('',(0.505463241934395,3.49013550875763,0.));
#4802=CARTESIAN_POINT('',(0.505463241934395,3.49013550875763,0.006));
#4803=CARTESIAN_POINT('',(0.505463241934395,3.49013550875763,0.006));
#4804=CARTESIAN_POINT('',(0.505463241934395,3.49013550875763,0.006));
#4805=CARTESIAN_POINT('',(0.50553632951464,3.49000354099858,0.006));
#4806=CARTESIAN_POINT('',(0.50585297447559,3.48921822744468,0.006));
#4807=CARTESIAN_POINT('',(0.505623859029218,3.48772717597211,0.006));
#4808=CARTESIAN_POINT('',(0.505184343421424,3.49063909105762,0.006));
#4809=CARTESIAN_POINT('',(0.505184343421424,3.49063909105762,0.));
#4810=CARTESIAN_POINT('',(0.504905444908454,3.4911426733576,0.));
#4811=CARTESIAN_POINT('',(0.504905444908454,3.4911426733576,0.006));
#4812=CARTESIAN_POINT('',(0.504905444908454,3.4911426733576,0.006));
#4813=CARTESIAN_POINT('',(0.505184343421424,3.49063909105762,0.006));
#4814=CARTESIAN_POINT('',(0.5,3.5,0.006));
#4815=CARTESIAN_POINT('',(0.5,3.5,0.));
#4816=CARTESIAN_POINT('',(0.506305870302833,3.49207840769013,0.));
#4817=CARTESIAN_POINT('',(0.506305870302833,3.49207840769013,0.006));
#4818=CARTESIAN_POINT('',(0.506305870302833,3.49207840769013,0.006));
#4819=CARTESIAN_POINT('',(0.5,3.5,0.006));
#4820=CARTESIAN_POINT('',(0.506664389842501,3.49162802645931,0.006));
#4821=CARTESIAN_POINT('',(0.506664389842501,3.49162802645931,0.));
#4822=CARTESIAN_POINT('',(0.507022909382169,3.49117764522849,0.));
#4823=CARTESIAN_POINT('',(0.507022909382169,3.49117764522849,0.006));
#4824=CARTESIAN_POINT('',(0.507022909382169,3.49117764522849,0.006));
#4825=CARTESIAN_POINT('',(0.506664389842501,3.49162802645931,0.006));
#4826=CARTESIAN_POINT('',(0.507022909382169,3.49117764522849,0.006));
#4827=CARTESIAN_POINT('',(0.507022909382169,3.49117764522849,0.));
#4828=CARTESIAN_POINT('',(0.50711686228764,3.49105961923403,0.006));
#4829=CARTESIAN_POINT('',(0.50711686228764,3.49105961923403,8.67361737988404E-19));
#4830=CARTESIAN_POINT('',(0.507721222626187,3.49046655094924,0.006));
#4831=CARTESIAN_POINT('',(0.507721222626187,3.49046655094924,8.67361737988404E-19));
#4832=CARTESIAN_POINT('',(0.509186453249039,3.49010762532537,0.006));
#4833=CARTESIAN_POINT('',(0.509186453249039,3.49010762532537,0.));
#4834=CARTESIAN_POINT('',(0.507022909382169,3.49117764522849,0.));
#4835=CARTESIAN_POINT('',(0.50711686228764,3.49105961923403,0.));
#4836=CARTESIAN_POINT('',(0.507721222626187,3.49046655094924,0.));
#4837=CARTESIAN_POINT('',(0.509186453249039,3.49010762532537,0.));
#4838=CARTESIAN_POINT('',(0.509186453249039,3.49010762532537,0.));
#4839=CARTESIAN_POINT('',(0.509186453249039,3.49010762532537,0.006));
#4840=CARTESIAN_POINT('',(0.509186453249039,3.49010762532537,0.006));
#4841=CARTESIAN_POINT('',(0.507022909382169,3.49117764522849,0.006));
#4842=CARTESIAN_POINT('',(0.50711686228764,3.49105961923403,0.006));
#4843=CARTESIAN_POINT('',(0.507721222626187,3.49046655094924,0.006));
#4844=CARTESIAN_POINT('',(0.509186453249039,3.49010762532537,0.006));
#4845=CARTESIAN_POINT('',(0.5,3.5,0.006));
#4846=CARTESIAN_POINT('',(0.5,3.5,0.));
#4847=CARTESIAN_POINT('',(0.509892374674628,3.49081354675096,0.));
#4848=CARTESIAN_POINT('',(0.509892374674628,3.49081354675096,0.006));
#4849=CARTESIAN_POINT('',(0.509892374674628,3.49081354675096,0.006));
#4850=CARTESIAN_POINT('',(0.5,3.5,0.006));
#4851=CARTESIAN_POINT('',(0.508822354771511,3.49297709061783,0.006));
#4852=CARTESIAN_POINT('',(0.508822354771511,3.49297709061783,0.));
#4853=CARTESIAN_POINT('',(0.508940380765977,3.49288313771236,0.006));
#4854=CARTESIAN_POINT('',(0.508940380765977,3.49288313771236,8.67361737988404E-19));
#4855=CARTESIAN_POINT('',(0.509533449050757,3.49227877737381,0.006));
#4856=CARTESIAN_POINT('',(0.509533449050757,3.49227877737381,8.67361737988404E-19));
#4857=CARTESIAN_POINT('',(0.509892374674628,3.49081354675096,0.006));
#4858=CARTESIAN_POINT('',(0.509892374674628,3.49081354675096,0.));
#4859=CARTESIAN_POINT('',(0.508822354771511,3.49297709061783,0.));
#4860=CARTESIAN_POINT('',(0.508940380765977,3.49288313771236,0.));
#4861=CARTESIAN_POINT('',(0.509533449050757,3.49227877737381,0.));
#4862=CARTESIAN_POINT('',(0.509892374674628,3.49081354675096,0.));
#4863=CARTESIAN_POINT('',(0.508822354771511,3.49297709061783,0.));
#4864=CARTESIAN_POINT('',(0.508822354771511,3.49297709061783,0.006));
#4865=CARTESIAN_POINT('',(0.508822354771511,3.49297709061783,0.006));
#4866=CARTESIAN_POINT('',(0.508822354771511,3.49297709061783,0.006));
#4867=CARTESIAN_POINT('',(0.508940380765977,3.49288313771236,0.006));
#4868=CARTESIAN_POINT('',(0.509533449050757,3.49227877737381,0.006));
#4869=CARTESIAN_POINT('',(0.509892374674628,3.49081354675096,0.006));
#4870=CARTESIAN_POINT('',(0.508371973540692,3.4933356101575,0.006));
#4871=CARTESIAN_POINT('',(0.508371973540692,3.4933356101575,0.));
#4872=CARTESIAN_POINT('',(0.507921592309873,3.49369412969716,0.));
#4873=CARTESIAN_POINT('',(0.507921592309873,3.49369412969716,0.006));
#4874=CARTESIAN_POINT('',(0.507921592309873,3.49369412969716,0.006));
#4875=CARTESIAN_POINT('',(0.508371973540692,3.4933356101575,0.006));
#4876=CARTESIAN_POINT('',(0.5,3.5,0.006));
#4877=CARTESIAN_POINT('',(0.5,3.5,0.));
#4878=CARTESIAN_POINT('',(0.508857326642398,3.49509455509155,0.));
#4879=CARTESIAN_POINT('',(0.508857326642398,3.49509455509155,0.006));
#4880=CARTESIAN_POINT('',(0.508857326642398,3.49509455509155,0.006));
#4881=CARTESIAN_POINT('',(0.5,3.5,0.006));
#4882=CARTESIAN_POINT('',(0.509360908942385,3.49481565657858,0.006));
#4883=CARTESIAN_POINT('',(0.509360908942385,3.49481565657858,0.));
#4884=CARTESIAN_POINT('',(0.509864491242372,3.49453675806561,0.));
#4885=CARTESIAN_POINT('',(0.509864491242372,3.49453675806561,0.006));
#4886=CARTESIAN_POINT('',(0.509864491242372,3.49453675806561,0.006));
#4887=CARTESIAN_POINT('',(0.509360908942385,3.49481565657858,0.006));
#4888=CARTESIAN_POINT('',(0.509864491242372,3.49453675806561,0.006));
#4889=CARTESIAN_POINT('',(0.509864491242372,3.49453675806561,0.));
#4890=CARTESIAN_POINT('',(0.509996459001427,3.49446367048536,0.006));
#4891=CARTESIAN_POINT('',(0.509996459001427,3.49446367048536,8.67361737988404E-19));
#4892=CARTESIAN_POINT('',(0.510781772555318,3.49414702552441,0.006));
#4893=CARTESIAN_POINT('',(0.510781772555318,3.49414702552441,8.67361737988404E-19));
#4894=CARTESIAN_POINT('',(0.512272824027887,3.49437614097078,0.006));
#4895=CARTESIAN_POINT('',(0.512272824027887,3.49437614097078,0.));
#4896=CARTESIAN_POINT('',(0.509864491242372,3.49453675806561,0.));
#4897=CARTESIAN_POINT('',(0.509996459001427,3.49446367048536,0.));
#4898=CARTESIAN_POINT('',(0.510781772555318,3.49414702552441,0.));
#4899=CARTESIAN_POINT('',(0.512272824027887,3.49437614097078,0.));
#4900=CARTESIAN_POINT('',(0.512272824027887,3.49437614097078,0.));
#4901=CARTESIAN_POINT('',(0.512272824027887,3.49437614097078,0.006));
#4902=CARTESIAN_POINT('',(0.512272824027887,3.49437614097078,0.006));
#4903=CARTESIAN_POINT('',(0.509864491242372,3.49453675806561,0.006));
#4904=CARTESIAN_POINT('',(0.509996459001427,3.49446367048536,0.006));
#4905=CARTESIAN_POINT('',(0.510781772555318,3.49414702552441,0.006));
#4906=CARTESIAN_POINT('',(0.512272824027887,3.49437614097078,0.006));
#4907=CARTESIAN_POINT('',(0.5,3.5,0.006));
#4908=CARTESIAN_POINT('',(0.5,3.5,0.));
#4909=CARTESIAN_POINT('',(0.512654865950425,3.49529847176157,0.));
#4910=CARTESIAN_POINT('',(0.512654865950425,3.49529847176157,0.006));
#4911=CARTESIAN_POINT('',(0.512654865950425,3.49529847176157,0.006));
#4912=CARTESIAN_POINT('',(0.5,3.5,0.006));
#4913=CARTESIAN_POINT('',(0.51083834406951,3.49688784676863,0.006));
#4914=CARTESIAN_POINT('',(0.51083834406951,3.49688784676863,0.));
#4915=CARTESIAN_POINT('',(0.510983340090448,3.49684621219493,0.006));
#4916=CARTESIAN_POINT('',(0.510983340090448,3.49684621219493,8.67361737988404E-19));
#4917=CARTESIAN_POINT('',(0.511762542428878,3.49651481345472,0.006));
#4918=CARTESIAN_POINT('',(0.511762542428878,3.49651481345472,8.67361737988404E-19));
#4919=CARTESIAN_POINT('',(0.512654865950425,3.49529847176157,0.006));
#4920=CARTESIAN_POINT('',(0.512654865950425,3.49529847176157,0.));
#4921=CARTESIAN_POINT('',(0.51083834406951,3.49688784676863,0.));
#4922=CARTESIAN_POINT('',(0.510983340090448,3.49684621219493,0.));
#4923=CARTESIAN_POINT('',(0.511762542428878,3.49651481345472,0.));
#4924=CARTESIAN_POINT('',(0.512654865950425,3.49529847176157,0.));
#4925=CARTESIAN_POINT('',(0.51083834406951,3.49688784676863,0.));
#4926=CARTESIAN_POINT('',(0.51083834406951,3.49688784676863,0.006));
#4927=CARTESIAN_POINT('',(0.51083834406951,3.49688784676863,0.006));
#4928=CARTESIAN_POINT('',(0.51083834406951,3.49688784676863,0.006));
#4929=CARTESIAN_POINT('',(0.510983340090448,3.49684621219493,0.006));
#4930=CARTESIAN_POINT('',(0.511762542428878,3.49651481345472,0.006));
#4931=CARTESIAN_POINT('',(0.512654865950425,3.49529847176157,0.006));
#4932=CARTESIAN_POINT('',(0.510285046580519,3.49704672219806,0.006));
#4933=CARTESIAN_POINT('',(0.510285046580519,3.49704672219806,0.));
#4934=CARTESIAN_POINT('',(0.510285046580519,3.49704672219806,0.006));
#4935=CARTESIAN_POINT('',(0.5,3.5,0.006));
#4936=CARTESIAN_POINT('',(0.5,3.5,0.006));
#4937=CARTESIAN_POINT('',(0.506,3.5,0.006));
#4938=CARTESIAN_POINT('',(0.5,3.5,0.));
#4939=CARTESIAN_POINT('',(0.5,3.5,0.));
#4940=CARTESIAN_POINT('',(0.5025,3.5,0.));
#4941=CARTESIAN_POINT('',(0.5,3.5,0.012));
#4942=CARTESIAN_POINT('',(0.5,3.5,0.012));
#4943=CARTESIAN_POINT('',(0.506,3.5,0.012));
#4944=CARTESIAN_POINT('',(0.5,3.5,0.012));
#4945=CARTESIAN_POINT('',(0.5,3.5,0.012));
#4946=CARTESIAN_POINT('',(0.5025,3.5,0.012));
#4947=CARTESIAN_POINT('',(0.5,3.5,0.013));
#4948=MECHANICAL_DESIGN_GEOMETRIC_PRESENTATION_REPRESENTATION('',(#2731),
#4956);
#4949=MECHANICAL_DESIGN_GEOMETRIC_PRESENTATION_REPRESENTATION('',(#2732),
#4957);
#4950=MECHANICAL_DESIGN_GEOMETRIC_PRESENTATION_REPRESENTATION('',(#2733),
#4958);
#4951=MECHANICAL_DESIGN_GEOMETRIC_PRESENTATION_REPRESENTATION('',(#2734),
#4959);
#4952=MECHANICAL_DESIGN_GEOMETRIC_PRESENTATION_REPRESENTATION('',(#2735),
#4960);
#4953=MECHANICAL_DESIGN_GEOMETRIC_PRESENTATION_REPRESENTATION('',(#2736),
#4961);
#4954=MECHANICAL_DESIGN_GEOMETRIC_PRESENTATION_REPRESENTATION('',(#2737),
#4962);
#4955=MECHANICAL_DESIGN_GEOMETRIC_PRESENTATION_REPRESENTATION('',(#2738),
#4963);
#4956=(
GEOMETRIC_REPRESENTATION_CONTEXT(3)
GLOBAL_UNCERTAINTY_ASSIGNED_CONTEXT((#4964))
GLOBAL_UNIT_ASSIGNED_CONTEXT((#4988,#4980,#4972))
REPRESENTATION_CONTEXT('AC100_0_V5','TOP_LEVEL_ASSEMBLY_PART')
);
#4957=(
GEOMETRIC_REPRESENTATION_CONTEXT(3)
GLOBAL_UNCERTAINTY_ASSIGNED_CONTEXT((#4965))
GLOBAL_UNIT_ASSIGNED_CONTEXT((#4989,#4981,#4973))
REPRESENTATION_CONTEXT('AC101_0_V5','TOP_LEVEL_ASSEMBLY_PART')
);
#4958=(
GEOMETRIC_REPRESENTATION_CONTEXT(3)
GLOBAL_UNCERTAINTY_ASSIGNED_CONTEXT((#4966))
GLOBAL_UNIT_ASSIGNED_CONTEXT((#4990,#4982,#4974))
REPRESENTATION_CONTEXT('AC131_0_V5','TOP_LEVEL_ASSEMBLY_PART')
);
#4959=(
GEOMETRIC_REPRESENTATION_CONTEXT(3)
GLOBAL_UNCERTAINTY_ASSIGNED_CONTEXT((#4967))
GLOBAL_UNIT_ASSIGNED_CONTEXT((#4991,#4983,#4975))
REPRESENTATION_CONTEXT('AC127_0_V5','TOP_LEVEL_ASSEMBLY_PART')
);
#4960=(
GEOMETRIC_REPRESENTATION_CONTEXT(3)
GLOBAL_UNCERTAINTY_ASSIGNED_CONTEXT((#4968))
GLOBAL_UNIT_ASSIGNED_CONTEXT((#4992,#4984,#4976))
REPRESENTATION_CONTEXT('AC66_0_V5','TOP_LEVEL_ASSEMBLY_PART')
);
#4961=(
GEOMETRIC_REPRESENTATION_CONTEXT(3)
GLOBAL_UNCERTAINTY_ASSIGNED_CONTEXT((#4969))
GLOBAL_UNIT_ASSIGNED_CONTEXT((#4993,#4985,#4977))
REPRESENTATION_CONTEXT('AC74_0_V5','TOP_LEVEL_ASSEMBLY_PART')
);
#4962=(
GEOMETRIC_REPRESENTATION_CONTEXT(3)
GLOBAL_UNCERTAINTY_ASSIGNED_CONTEXT((#4970))
GLOBAL_UNIT_ASSIGNED_CONTEXT((#4994,#4986,#4978))
REPRESENTATION_CONTEXT('AC126_0_V5','TOP_LEVEL_ASSEMBLY_PART')
);
#4963=(
GEOMETRIC_REPRESENTATION_CONTEXT(3)
GLOBAL_UNCERTAINTY_ASSIGNED_CONTEXT((#4971))
GLOBAL_UNIT_ASSIGNED_CONTEXT((#4995,#4987,#4979))
REPRESENTATION_CONTEXT('AC102_0_V5','TOP_LEVEL_ASSEMBLY_PART')
);
#4964=UNCERTAINTY_MEASURE_WITH_UNIT(LENGTH_MEASURE(2.E-5),#4988,
'DISTANCE_ACCURACY_VALUE','Maximum Tolerance applied to model');
#4965=UNCERTAINTY_MEASURE_WITH_UNIT(LENGTH_MEASURE(2.E-5),#4989,
'DISTANCE_ACCURACY_VALUE','Maximum Tolerance applied to model');
#4966=UNCERTAINTY_MEASURE_WITH_UNIT(LENGTH_MEASURE(1.E-8),#4990,
'DISTANCE_ACCURACY_VALUE','Maximum Tolerance applied to model');
#4967=UNCERTAINTY_MEASURE_WITH_UNIT(LENGTH_MEASURE(1.E-8),#4991,
'DISTANCE_ACCURACY_VALUE','Maximum Tolerance applied to model');
#4968=UNCERTAINTY_MEASURE_WITH_UNIT(LENGTH_MEASURE(1.E-8),#4992,
'DISTANCE_ACCURACY_VALUE','Maximum Tolerance applied to model');
#4969=UNCERTAINTY_MEASURE_WITH_UNIT(LENGTH_MEASURE(1.E-8),#4993,
'DISTANCE_ACCURACY_VALUE','Maximum Tolerance applied to model');
#4970=UNCERTAINTY_MEASURE_WITH_UNIT(LENGTH_MEASURE(1.E-8),#4994,
'DISTANCE_ACCURACY_VALUE','Maximum Tolerance applied to model');
#4971=UNCERTAINTY_MEASURE_WITH_UNIT(LENGTH_MEASURE(2.E-5),#4995,
'DISTANCE_ACCURACY_VALUE','Maximum Tolerance applied to model');
#4972=(
NAMED_UNIT(*)
SI_UNIT($,.STERADIAN.)
SOLID_ANGLE_UNIT()
);
#4973=(
NAMED_UNIT(*)
SI_UNIT($,.STERADIAN.)
SOLID_ANGLE_UNIT()
);
#4974=(
NAMED_UNIT(*)
SI_UNIT($,.STERADIAN.)
SOLID_ANGLE_UNIT()
);
#4975=(
NAMED_UNIT(*)
SI_UNIT($,.STERADIAN.)
SOLID_ANGLE_UNIT()
);
#4976=(
NAMED_UNIT(*)
SI_UNIT($,.STERADIAN.)
SOLID_ANGLE_UNIT()
);
#4977=(
NAMED_UNIT(*)
SI_UNIT($,.STERADIAN.)
SOLID_ANGLE_UNIT()
);
#4978=(
NAMED_UNIT(*)
SI_UNIT($,.STERADIAN.)
SOLID_ANGLE_UNIT()
);
#4979=(
NAMED_UNIT(*)
SI_UNIT($,.STERADIAN.)
SOLID_ANGLE_UNIT()
);
#4980=(
NAMED_UNIT(*)
PLANE_ANGLE_UNIT()
SI_UNIT($,.RADIAN.)
);
#4981=(
NAMED_UNIT(*)
PLANE_ANGLE_UNIT()
SI_UNIT($,.RADIAN.)
);
#4982=(
NAMED_UNIT(*)
PLANE_ANGLE_UNIT()
SI_UNIT($,.RADIAN.)
);
#4983=(
NAMED_UNIT(*)
PLANE_ANGLE_UNIT()
SI_UNIT($,.RADIAN.)
);
#4984=(
NAMED_UNIT(*)
PLANE_ANGLE_UNIT()
SI_UNIT($,.RADIAN.)
);
#4985=(
NAMED_UNIT(*)
PLANE_ANGLE_UNIT()
SI_UNIT($,.RADIAN.)
);
#4986=(
NAMED_UNIT(*)
PLANE_ANGLE_UNIT()
SI_UNIT($,.RADIAN.)
);
#4987=(
NAMED_UNIT(*)
PLANE_ANGLE_UNIT()
SI_UNIT($,.RADIAN.)
);
#4988=(
LENGTH_UNIT()
NAMED_UNIT(*)
SI_UNIT($,.METRE.)
);
#4989=(
LENGTH_UNIT()
NAMED_UNIT(*)
SI_UNIT($,.METRE.)
);
#4990=(
LENGTH_UNIT()
NAMED_UNIT(*)
SI_UNIT($,.METRE.)
);
#4991=(
LENGTH_UNIT()
NAMED_UNIT(*)
SI_UNIT($,.METRE.)
);
#4992=(
LENGTH_UNIT()
NAMED_UNIT(*)
SI_UNIT($,.METRE.)
);
#4993=(
LENGTH_UNIT()
NAMED_UNIT(*)
SI_UNIT($,.METRE.)
);
#4994=(
LENGTH_UNIT()
NAMED_UNIT(*)
SI_UNIT($,.METRE.)
);
#4995=(
LENGTH_UNIT()
NAMED_UNIT(*)
SI_UNIT($,.METRE.)
);
#4996=PRODUCT_DEFINITION_SHAPE('','',#5004);
#4997=PRODUCT_DEFINITION_SHAPE('','',#5005);
#4998=PRODUCT_DEFINITION_SHAPE('','',#5006);
#4999=PRODUCT_DEFINITION_SHAPE('','',#5007);
#5000=PRODUCT_DEFINITION_SHAPE('','',#5008);
#5001=PRODUCT_DEFINITION_SHAPE('','',#5009);
#5002=PRODUCT_DEFINITION_SHAPE('','',#5010);
#5003=PRODUCT_DEFINITION_SHAPE('','',#5011);
#5004=PRODUCT_DEFINITION('','',#5020,#5012);
#5005=PRODUCT_DEFINITION('','',#5021,#5013);
#5006=PRODUCT_DEFINITION('','',#5022,#5014);
#5007=PRODUCT_DEFINITION('','',#5023,#5015);
#5008=PRODUCT_DEFINITION('','',#5024,#5016);
#5009=PRODUCT_DEFINITION('','',#5025,#5017);
#5010=PRODUCT_DEFINITION('','',#5026,#5018);
#5011=PRODUCT_DEFINITION('','',#5027,#5019);
#5012=PRODUCT_DEFINITION_CONTEXT('',#5068,'design');
#5013=PRODUCT_DEFINITION_CONTEXT('',#5069,'design');
#5014=PRODUCT_DEFINITION_CONTEXT('',#5070,'design');
#5015=PRODUCT_DEFINITION_CONTEXT('',#5071,'design');
#5016=PRODUCT_DEFINITION_CONTEXT('',#5072,'design');
#5017=PRODUCT_DEFINITION_CONTEXT('',#5073,'design');
#5018=PRODUCT_DEFINITION_CONTEXT('',#5074,'design');
#5019=PRODUCT_DEFINITION_CONTEXT('',#5075,'design');
#5020=PRODUCT_DEFINITION_FORMATION_WITH_SPECIFIED_SOURCE('','',#5036,
 .NOT_KNOWN.);
#5021=PRODUCT_DEFINITION_FORMATION_WITH_SPECIFIED_SOURCE('','',#5037,
 .NOT_KNOWN.);
#5022=PRODUCT_DEFINITION_FORMATION_WITH_SPECIFIED_SOURCE('','',#5038,
 .NOT_KNOWN.);
#5023=PRODUCT_DEFINITION_FORMATION_WITH_SPECIFIED_SOURCE('','',#5039,
 .NOT_KNOWN.);
#5024=PRODUCT_DEFINITION_FORMATION_WITH_SPECIFIED_SOURCE('','',#5040,
 .NOT_KNOWN.);
#5025=PRODUCT_DEFINITION_FORMATION_WITH_SPECIFIED_SOURCE('','',#5041,
 .NOT_KNOWN.);
#5026=PRODUCT_DEFINITION_FORMATION_WITH_SPECIFIED_SOURCE('','',#5042,
 .NOT_KNOWN.);
#5027=PRODUCT_DEFINITION_FORMATION_WITH_SPECIFIED_SOURCE('','',#5043,
 .NOT_KNOWN.);
#5028=PRODUCT_RELATED_PRODUCT_CATEGORY('','',(#5036));
#5029=PRODUCT_RELATED_PRODUCT_CATEGORY('','',(#5037));
#5030=PRODUCT_RELATED_PRODUCT_CATEGORY('','',(#5038));
#5031=PRODUCT_RELATED_PRODUCT_CATEGORY('','',(#5039));
#5032=PRODUCT_RELATED_PRODUCT_CATEGORY('','',(#5040));
#5033=PRODUCT_RELATED_PRODUCT_CATEGORY('','',(#5041));
#5034=PRODUCT_RELATED_PRODUCT_CATEGORY('','',(#5042));
#5035=PRODUCT_RELATED_PRODUCT_CATEGORY('','',(#5043));
#5036=PRODUCT('AC100_0_V5','AC100_0_V5','AC100_0_V5',(#5052));
#5037=PRODUCT('AC101_0_V5','AC101_0_V5','AC101_0_V5',(#5053));
#5038=PRODUCT('AC131_0_V5','AC131_0_V5','AC131_0_V5',(#5054));
#5039=PRODUCT('AC127_0_V5','AC127_0_V5','AC127_0_V5',(#5055));
#5040=PRODUCT('AC66_0_V5','AC66_0_V5','AC66_0_V5',(#5056));
#5041=PRODUCT('AC74_0_V5','AC74_0_V5','AC74_0_V5',(#5057));
#5042=PRODUCT('AC126_0_V5','AC126_0_V5','AC126_0_V5',(#5058));
#5043=PRODUCT('AC102_0_V5','AC102_0_V5','AC102_0_V5',(#5059));
#5044=PRODUCT_CATEGORY('','');
#5045=PRODUCT_CATEGORY('','');
#5046=PRODUCT_CATEGORY('','');
#5047=PRODUCT_CATEGORY('','');
#5048=PRODUCT_CATEGORY('','');
#5049=PRODUCT_CATEGORY('','');
#5050=PRODUCT_CATEGORY('','');
#5051=PRODUCT_CATEGORY('','');
#5052=PRODUCT_CONTEXT('',#5068,'mechanical');
#5053=PRODUCT_CONTEXT('',#5069,'mechanical');
#5054=PRODUCT_CONTEXT('',#5070,'mechanical');
#5055=PRODUCT_CONTEXT('',#5071,'mechanical');
#5056=PRODUCT_CONTEXT('',#5072,'mechanical');
#5057=PRODUCT_CONTEXT('',#5073,'mechanical');
#5058=PRODUCT_CONTEXT('',#5074,'mechanical');
#5059=PRODUCT_CONTEXT('',#5075,'mechanical');
#5060=APPLICATION_PROTOCOL_DEFINITION('international standard',
'automotive_design',2010,#5068);
#5061=APPLICATION_PROTOCOL_DEFINITION('international standard',
'automotive_design',2010,#5069);
#5062=APPLICATION_PROTOCOL_DEFINITION('international standard',
'automotive_design',2010,#5070);
#5063=APPLICATION_PROTOCOL_DEFINITION('international standard',
'automotive_design',2010,#5071);
#5064=APPLICATION_PROTOCOL_DEFINITION('international standard',
'automotive_design',2010,#5072);
#5065=APPLICATION_PROTOCOL_DEFINITION('international standard',
'automotive_design',2010,#5073);
#5066=APPLICATION_PROTOCOL_DEFINITION('international standard',
'automotive_design',2010,#5074);
#5067=APPLICATION_PROTOCOL_DEFINITION('international standard',
'automotive_design',2010,#5075);
#5068=APPLICATION_CONTEXT(
'core data for automotive mechanical design processes');
#5069=APPLICATION_CONTEXT(
'core data for automotive mechanical design processes');
#5070=APPLICATION_CONTEXT(
'core data for automotive mechanical design processes');
#5071=APPLICATION_CONTEXT(
'core data for automotive mechanical design processes');
#5072=APPLICATION_CONTEXT(
'core data for automotive mechanical design processes');
#5073=APPLICATION_CONTEXT(
'core data for automotive mechanical design processes');
#5074=APPLICATION_CONTEXT(
'core data for automotive mechanical design processes');
#5075=APPLICATION_CONTEXT(
'core data for automotive mechanical design processes');
ENDSEC;
END-ISO-10303-21;
