solid 
 facet normal  1.116390e-01  7.618943e-02 -9.908238e-01
   outer loop
     vertex  1.424572e+00  1.799652e-01 -5.825651e+00
     vertex  1.335126e+00 -3.270115e-16 -5.849567e+00
     vertex  3.673940e-16 -8.998559e-32 -6.000000e+00
   endloop
 endfacet
 facet normal  3.300318e-01 -3.868775e-02 -9.431767e-01
   outer loop
     vertex  1.424572e+00  1.799652e-01 -5.825651e+00
     vertex  2.603302e+00 -6.376252e-16 -5.405813e+00
     vertex  1.335126e+00 -3.270115e-16 -5.849567e+00
   endloop
 endfacet
 facet normal  1.176641e-01  3.021100e-02 -9.925938e-01
   outer loop
     vertex  1.335060e+00  5.285878e-01 -5.825651e+00
     vertex  1.424572e+00  1.799652e-01 -5.825651e+00
     vertex  3.673940e-16 -8.998559e-32 -6.000000e+00
   endloop
 endfacet
 facet normal  3.462182e-01  8.889372e-02 -9.339330e-01
   outer loop
     vertex  1.335060e+00  5.285878e-01 -5.825651e+00
     vertex  2.603302e+00 -6.376252e-16 -5.405813e+00
     vertex  1.424572e+00  1.799652e-01 -5.825651e+00
   endloop
 endfacet
 facet normal  1.064543e-01  5.852373e-02 -9.925938e-01
   outer loop
     vertex  1.161663e+00  8.439973e-01 -5.825651e+00
     vertex  1.335060e+00  5.285878e-01 -5.825651e+00
     vertex  3.673940e-16 -8.998559e-32 -6.000000e+00
   endloop
 endfacet
 facet normal  8.855556e-02  8.315921e-02 -9.925938e-01
   outer loop
     vertex  9.152733e-01  1.106375e+00 -5.825651e+00
     vertex  1.161663e+00  8.439973e-01 -5.825651e+00
     vertex  3.673940e-16 -8.998559e-32 -6.000000e+00
   endloop
 endfacet
 facet normal  5.316301e-01  3.886647e-02 -8.460844e-01
   outer loop
     vertex  2.700738e+00  6.934317e-01 -5.312736e+00
     vertex  3.740939e+00 -9.162657e-16 -4.690989e+00
     vertex  2.603302e+00 -6.376252e-16 -5.405813e+00
   endloop
 endfacet
 facet normal  3.423147e-01  7.758725e-02 -9.363765e-01
   outer loop
     vertex  2.700738e+00  6.934317e-01 -5.312736e+00
     vertex  2.603302e+00 -6.376252e-16 -5.405813e+00
     vertex  1.335060e+00  5.285878e-01 -5.825651e+00
   endloop
 endfacet
 facet normal  6.509257e-02  1.025695e-01 -9.925938e-01
   outer loop
     vertex  6.113739e-01  1.299236e+00 -5.825651e+00
     vertex  9.152733e-01  1.106375e+00 -5.825651e+00
     vertex  3.673940e-16 -8.998559e-32 -6.000000e+00
   endloop
 endfacet
 facet normal  3.344519e-01  1.324189e-01 -9.330633e-01
   outer loop
     vertex  2.443440e+00  1.343293e+00 -5.312736e+00
     vertex  2.700738e+00  6.934317e-01 -5.312736e+00
     vertex  1.335060e+00  5.285878e-01 -5.825651e+00
   endloop
 endfacet
 facet normal  3.084836e-01  1.695903e-01 -9.359898e-01
   outer loop
     vertex  2.443440e+00  1.343293e+00 -5.312736e+00
     vertex  1.335060e+00  5.285878e-01 -5.825651e+00
     vertex  1.161663e+00  8.439973e-01 -5.825651e+00
   endloop
 endfacet
 facet normal  3.753958e-02  1.155349e-01 -9.925938e-01
   outer loop
     vertex  2.690597e-01  1.410460e+00 -5.825651e+00
     vertex  6.113739e-01  1.299236e+00 -5.825651e+00
     vertex  3.673940e-16 -8.998559e-32 -6.000000e+00
   endloop
 endfacet
 facet normal  2.566166e-01  2.409791e-01 -9.359898e-01
   outer loop
     vertex  2.032612e+00  1.908749e+00 -5.312736e+00
     vertex  1.161663e+00  8.439973e-01 -5.825651e+00
     vertex  9.152733e-01  1.106375e+00 -5.825651e+00
   endloop
 endfacet
 facet normal  2.910132e-01  2.114335e-01 -9.330633e-01
   outer loop
     vertex  2.032612e+00  1.908749e+00 -5.312736e+00
     vertex  2.443440e+00  1.343293e+00 -5.312736e+00
     vertex  1.161663e+00  8.439973e-01 -5.825651e+00
   endloop
 endfacet
 facet normal  7.627831e-03  1.212409e-01 -9.925938e-01
   outer loop
     vertex -9.016053e-02  1.433061e+00 -5.825651e+00
     vertex  2.690597e-01  1.410460e+00 -5.825651e+00
     vertex  3.673940e-16 -8.998559e-32 -6.000000e+00
   endloop
 endfacet
 facet normal  2.292891e-01  2.771630e-01 -9.330633e-01
   outer loop
     vertex  1.494067e+00  2.354273e+00 -5.312736e+00
     vertex  2.032612e+00  1.908749e+00 -5.312736e+00
     vertex  9.152733e-01  1.106375e+00 -5.825651e+00
   endloop
 endfacet
 facet normal  1.886255e-01  2.972262e-01 -9.359898e-01
   outer loop
     vertex  1.494067e+00  2.354273e+00 -5.312736e+00
     vertex  9.152733e-01  1.106375e+00 -5.825651e+00
     vertex  6.113739e-01  1.299236e+00 -5.825651e+00
   endloop
 endfacet
 facet normal  7.023482e-01  1.158191e-01 -7.023482e-01
   outer loop
     vertex  3.699335e+00  1.464670e+00 -4.491064e+00
     vertex  4.690989e+00 -1.148961e-15 -3.740939e+00
     vertex  3.740939e+00 -9.162657e-16 -4.690989e+00
   endloop
 endfacet
 facet normal  5.216285e-01  2.065273e-01 -8.277984e-01
   outer loop
     vertex  3.699335e+00  1.464670e+00 -4.491064e+00
     vertex  2.700738e+00  6.934317e-01 -5.312736e+00
     vertex  2.443440e+00  1.343293e+00 -5.312736e+00
   endloop
 endfacet
 facet normal  5.699109e-01  1.270016e-01 -8.118326e-01
   outer loop
     vertex  3.699335e+00  1.464670e+00 -4.491064e+00
     vertex  3.740939e+00 -9.162657e-16 -4.690989e+00
     vertex  2.700738e+00  6.934317e-01 -5.312736e+00
   endloop
 endfacet
 facet normal -2.276320e-02  1.193289e-01 -9.925938e-01
   outer loop
     vertex -4.437156e-01  1.365616e+00 -5.825651e+00
     vertex -9.016053e-02  1.433061e+00 -5.825651e+00
     vertex  3.673940e-16 -8.998559e-32 -6.000000e+00
   endloop
 endfacet
 facet normal  1.087823e-01  3.347976e-01 -9.359898e-01
   outer loop
     vertex  8.616441e-01  2.651868e+00 -5.312736e+00
     vertex  6.113739e-01  1.299236e+00 -5.825651e+00
     vertex  2.690597e-01  1.410460e+00 -5.825651e+00
   endloop
 endfacet
 facet normal  1.531580e-01  3.254773e-01 -9.330633e-01
   outer loop
     vertex  8.616441e-01  2.651868e+00 -5.312736e+00
     vertex  1.494067e+00  2.354273e+00 -5.312736e+00
     vertex  6.113739e-01  1.299236e+00 -5.825651e+00
   endloop
 endfacet
 facet normal  5.068066e-01  2.786193e-01 -8.157931e-01
   outer loop
     vertex  3.218865e+00  2.338642e+00 -4.491064e+00
     vertex  3.699335e+00  1.464670e+00 -4.491064e+00
     vertex  2.443440e+00  1.343293e+00 -5.312736e+00
   endloop
 endfacet
 facet normal  4.538793e-01  3.297626e-01 -8.277984e-01
   outer loop
     vertex  3.218865e+00  2.338642e+00 -4.491064e+00
     vertex  2.443440e+00  1.343293e+00 -5.312736e+00
     vertex  2.032612e+00  1.908749e+00 -5.312736e+00
   endloop
 endfacet
 facet normal -5.172393e-02  1.099190e-01 -9.925938e-01
   outer loop
     vertex -7.693905e-01  1.212365e+00 -5.825651e+00
     vertex -4.437156e-01  1.365616e+00 -5.825651e+00
     vertex  3.673940e-16 -8.998559e-32 -6.000000e+00
   endloop
 endfacet
 facet normal  2.210396e-02  3.513324e-01 -9.359898e-01
   outer loop
     vertex  1.750813e-01  2.782837e+00 -5.312736e+00
     vertex  2.690597e-01  1.410460e+00 -5.825651e+00
     vertex -9.016053e-02  1.433061e+00 -5.825651e+00
   endloop
 endfacet
 facet normal  6.740333e-02  3.533406e-01 -9.330633e-01
   outer loop
     vertex  1.750813e-01  2.782837e+00 -5.312736e+00
     vertex  8.616441e-01  2.651868e+00 -5.312736e+00
     vertex  2.690597e-01  1.410460e+00 -5.825651e+00
   endloop
 endfacet
 facet normal  4.215945e-01  3.959036e-01 -8.157931e-01
   outer loop
     vertex  2.536142e+00  3.065669e+00 -4.491064e+00
     vertex  3.218865e+00  2.338642e+00 -4.491064e+00
     vertex  2.032612e+00  1.908749e+00 -5.312736e+00
   endloop
 endfacet
 facet normal  3.576112e-01  4.322777e-01 -8.277984e-01
   outer loop
     vertex  2.536142e+00  3.065669e+00 -4.491064e+00
     vertex  2.032612e+00  1.908749e+00 -5.312736e+00
     vertex  1.494067e+00  2.354273e+00 -5.312736e+00
   endloop
 endfacet
 facet normal -7.743466e-02  9.360243e-02 -9.925938e-01
   outer loop
     vertex -1.046722e+00  9.829371e-01 -5.825651e+00
     vertex -7.693905e-01  1.212365e+00 -5.825651e+00
     vertex  3.673940e-16 -8.998559e-32 -6.000000e+00
   endloop
 endfacet
 facet normal  8.439742e-01  8.053053e-02 -5.303041e-01
   outer loop
     vertex  4.782770e+00  1.228007e+00 -3.408388e+00
     vertex  5.405813e+00 -1.324042e-15 -2.603302e+00
     vertex  4.690989e+00 -1.148961e-15 -3.740939e+00
   endloop
 endfacet
 facet normal  7.149585e-01  1.324724e-01 -6.865023e-01
   outer loop
     vertex  4.782770e+00  1.228007e+00 -3.408388e+00
     vertex  4.690989e+00 -1.148961e-15 -3.740939e+00
     vertex  3.699335e+00  1.464670e+00 -4.491064e+00
   endloop
 endfacet
 facet normal -2.258651e-02  3.590023e-01 -9.330633e-01
   outer loop
     vertex -5.224826e-01  2.738950e+00 -5.312736e+00
     vertex  1.750813e-01  2.782837e+00 -5.312736e+00
     vertex -9.016053e-02  1.433061e+00 -5.825651e+00
   endloop
 endfacet
 facet normal -6.596328e-02  3.457916e-01 -9.359898e-01
   outer loop
     vertex -5.224826e-01  2.738950e+00 -5.312736e+00
     vertex -9.016053e-02  1.433061e+00 -5.825651e+00
     vertex -4.437156e-01  1.365616e+00 -5.825651e+00
   endloop
 endfacet
 facet normal  3.098921e-01  4.883119e-01 -8.157931e-01
   outer loop
     vertex  1.694063e+00  3.600068e+00 -4.491064e+00
     vertex  2.536142e+00  3.065669e+00 -4.491064e+00
     vertex  1.494067e+00  2.354273e+00 -5.312736e+00
   endloop
 endfacet
 facet normal  2.388731e-01  5.076312e-01 -8.277984e-01
   outer loop
     vertex  1.694063e+00  3.600068e+00 -4.491064e+00
     vertex  1.494067e+00  2.354273e+00 -5.312736e+00
     vertex  8.616441e-01  2.651868e+00 -5.312736e+00
   endloop
 endfacet
 facet normal -9.827989e-02  7.140452e-02 -9.925938e-01
   outer loop
     vertex -1.258283e+00  6.917472e-01 -5.825651e+00
     vertex -1.046722e+00  9.829371e-01 -5.825651e+00
     vertex  3.673940e-16 -8.998559e-32 -6.000000e+00
   endloop
 endfacet
 facet normal  7.084475e-01  2.804942e-01 -6.476304e-01
   outer loop
     vertex  4.327118e+00  2.378853e+00 -3.408388e+00
     vertex  4.782770e+00  1.228007e+00 -3.408388e+00
     vertex  3.699335e+00  1.464670e+00 -4.491064e+00
   endloop
 endfacet
 facet normal  6.465416e-01  3.554393e-01 -6.750162e-01
   outer loop
     vertex  4.327118e+00  2.378853e+00 -3.408388e+00
     vertex  3.699335e+00  1.464670e+00 -4.491064e+00
     vertex  3.218865e+00  2.338642e+00 -4.491064e+00
   endloop
 endfacet
 facet normal -1.498858e-01  3.185236e-01 -9.359898e-01
   outer loop
     vertex -1.187217e+00  2.522965e+00 -5.312736e+00
     vertex -4.437156e-01  1.365616e+00 -5.825651e+00
     vertex -7.693905e-01  1.212365e+00 -5.825651e+00
   endloop
 endfacet
 facet normal -1.111572e-01  3.421066e-01 -9.330633e-01
   outer loop
     vertex -1.187217e+00  2.522965e+00 -5.312736e+00
     vertex -5.224826e-01  2.738950e+00 -5.312736e+00
     vertex -4.437156e-01  1.365616e+00 -5.825651e+00
   endloop
 endfacet
 facet normal  1.051257e-01  5.510884e-01 -8.277984e-01
   outer loop
     vertex  7.455408e-01  3.908262e+00 -4.491064e+00
     vertex  8.616441e-01  2.651868e+00 -5.312736e+00
     vertex  1.750813e-01  2.782837e+00 -5.312736e+00
   endloop
 endfacet
 facet normal  1.787181e-01  5.500377e-01 -8.157931e-01
   outer loop
     vertex  7.455408e-01  3.908262e+00 -4.491064e+00
     vertex  1.694063e+00  3.600068e+00 -4.491064e+00
     vertex  8.616441e-01  2.651868e+00 -5.312736e+00
   endloop
 endfacet
 facet normal -1.129498e-01  4.472000e-02 -9.925938e-01
   outer loop
     vertex -1.390783e+00  3.570923e-01 -5.825651e+00
     vertex -1.258283e+00  6.917472e-01 -5.825651e+00
     vertex  3.673940e-16 -8.998559e-32 -6.000000e+00
   endloop
 endfacet
 facet normal  6.164343e-01  4.478657e-01 -6.476304e-01
   outer loop
     vertex  3.599577e+00  3.380227e+00 -3.408388e+00
     vertex  4.327118e+00  2.378853e+00 -3.408388e+00
     vertex  3.218865e+00  2.338642e+00 -4.491064e+00
   endloop
 endfacet
 facet normal  5.378352e-01  5.050608e-01 -6.750162e-01
   outer loop
     vertex  3.599577e+00  3.380227e+00 -3.408388e+00
     vertex  3.218865e+00  2.338642e+00 -4.491064e+00
     vertex  2.536142e+00  3.065669e+00 -4.491064e+00
   endloop
 endfacet
 facet normal -1.927434e-01  3.037150e-01 -9.330633e-01
   outer loop
     vertex -1.777354e+00  2.148452e+00 -5.312736e+00
     vertex -1.187217e+00  2.522965e+00 -5.312736e+00
     vertex -7.693905e-01  1.212365e+00 -5.825651e+00
   endloop
 endfacet
 facet normal -2.243905e-01  2.712415e-01 -9.359898e-01
   outer loop
     vertex -1.777354e+00  2.148452e+00 -5.312736e+00
     vertex -7.693905e-01  1.212365e+00 -5.825651e+00
     vertex -1.046722e+00  9.829371e-01 -5.825651e+00
   endloop
 endfacet
 facet normal  9.438485e-01  8.588710e-03 -3.302669e-01
   outer loop
     vertex  5.565860e+00  7.031317e-01 -2.127629e+00
     vertex  5.849567e+00 -1.432731e-15 -1.335126e+00
     vertex  5.405813e+00 -1.324042e-15 -2.603302e+00
   endloop
 endfacet
 facet normal  3.631451e-02  5.772026e-01 -8.157931e-01
   outer loop
     vertex -2.498269e-01  3.970885e+00 -4.491064e+00
     vertex  7.455408e-01  3.908262e+00 -4.491064e+00
     vertex  1.750813e-01  2.782837e+00 -5.312736e+00
   endloop
 endfacet
 facet normal -3.522710e-02  5.599186e-01 -8.277984e-01
   outer loop
     vertex -2.498269e-01  3.970885e+00 -4.491064e+00
     vertex  1.750813e-01  2.782837e+00 -5.312736e+00
     vertex -5.224826e-01  2.738950e+00 -5.312736e+00
   endloop
 endfacet
 facet normal -2.970571e-16  1.000000e+00  1.393023e-15
   outer loop
     vertex -1.435894e+00  8.135113e-16 -5.825651e+00
     vertex  3.673940e-16 -8.998559e-32 -6.000000e+00
     vertex  3.673940e-16 -8.998559e-32 -6.000000e+00
   endloop
 endfacet
 facet normal -1.205227e-01  1.522556e-02 -9.925938e-01
   outer loop
     vertex -1.435894e+00  8.135113e-16 -5.825651e+00
     vertex -1.390783e+00  3.570923e-01 -5.825651e+00
     vertex  3.673940e-16 -8.998559e-32 -6.000000e+00
   endloop
 endfacet
 facet normal  3.953346e-01  6.229476e-01 -6.750162e-01
   outer loop
     vertex  2.645861e+00  4.169210e+00 -3.408388e+00
     vertex  2.536142e+00  3.065669e+00 -4.491064e+00
     vertex  1.694063e+00  3.600068e+00 -4.491064e+00
   endloop
 endfacet
 facet normal  4.856882e-01  5.870962e-01 -6.476304e-01
   outer loop
     vertex  2.645861e+00  4.169210e+00 -3.408388e+00
     vertex  3.599577e+00  3.380227e+00 -3.408388e+00
     vertex  2.536142e+00  3.065669e+00 -4.491064e+00
   endloop
 endfacet
 facet normal -2.847958e-01  2.069163e-01 -9.359898e-01
   outer loop
     vertex -2.255814e+00  1.638945e+00 -5.312736e+00
     vertex -1.046722e+00  9.829371e-01 -5.825651e+00
     vertex -1.258283e+00  6.917472e-01 -5.825651e+00
   endloop
 endfacet
 facet normal -2.622189e-01  2.462399e-01 -9.330633e-01
   outer loop
     vertex -2.255814e+00  1.638945e+00 -5.312736e+00
     vertex -1.777354e+00  2.148452e+00 -5.312736e+00
     vertex -1.046722e+00  9.829371e-01 -5.825651e+00
   endloop
 endfacet
 facet normal  8.128791e-01  3.218416e-01 -4.854333e-01
   outer loop
     vertex  5.216137e+00  2.065215e+00 -2.127629e+00
     vertex  4.782770e+00  1.228007e+00 -3.408388e+00
     vertex  4.327118e+00  2.378853e+00 -3.408388e+00
   endloop
 endfacet
 facet normal  7.959162e-01  2.043565e-01 -5.698735e-01
   outer loop
     vertex  5.216137e+00  2.065215e+00 -2.127629e+00
     vertex  5.565860e+00  7.031317e-01 -2.127629e+00
     vertex  5.405813e+00 -1.324042e-15 -2.603302e+00
   endloop
 endfacet
 facet normal  9.609733e-01  2.467360e-01 -1.251064e-01
   outer loop
     vertex  5.216137e+00  2.065215e+00 -2.127629e+00
     vertex  5.849567e+00 -1.432731e-15 -1.335126e+00
     vertex  5.565860e+00  7.031317e-01 -2.127629e+00
   endloop
 endfacet
 facet normal  8.908966e-01  1.780643e-01 -4.178474e-01
   outer loop
     vertex  5.216137e+00  2.065215e+00 -2.127629e+00
     vertex  5.405813e+00 -1.324042e-15 -2.603302e+00
     vertex  4.782770e+00  1.228007e+00 -3.408388e+00
   endloop
 endfacet
 facet normal -1.083708e-01  5.680998e-01 -8.157931e-01
   outer loop
     vertex -1.229497e+00  3.784003e+00 -4.491064e+00
     vertex -2.498269e-01  3.970885e+00 -4.491064e+00
     vertex -5.224826e-01  2.738950e+00 -5.312736e+00
   endloop
 endfacet
 facet normal -1.733665e-01  5.335672e-01 -8.277984e-01
   outer loop
     vertex -1.229497e+00  3.784003e+00 -4.491064e+00
     vertex -5.224826e-01  2.738950e+00 -5.312736e+00
     vertex -1.187217e+00  2.522965e+00 -5.312736e+00
   endloop
 endfacet
 facet normal -1.205227e-01 -1.522556e-02 -9.925938e-01
   outer loop
     vertex -1.390783e+00 -3.570923e-01 -5.825651e+00
     vertex -1.435894e+00  8.135113e-16 -5.825651e+00
     vertex  3.673940e-16 -8.998559e-32 -6.000000e+00
   endloop
 endfacet
 facet normal  3.244245e-01  6.894372e-01 -6.476304e-01
   outer loop
     vertex  1.525896e+00  4.696225e+00 -3.408388e+00
     vertex  2.645861e+00  4.169210e+00 -3.408388e+00
     vertex  1.694063e+00  3.600068e+00 -4.491064e+00
   endloop
 endfacet
 facet normal  2.279936e-01  7.016923e-01 -6.750162e-01
   outer loop
     vertex  1.525896e+00  4.696225e+00 -3.408388e+00
     vertex  1.694063e+00  3.600068e+00 -4.491064e+00
     vertex  7.455408e-01  3.908262e+00 -4.491064e+00
   endloop
 endfacet
 facet normal -3.152181e-01  1.732926e-01 -9.330633e-01
   outer loop
     vertex -2.592532e+00  1.026456e+00 -5.312736e+00
     vertex -2.255814e+00  1.638945e+00 -5.312736e+00
     vertex -1.258283e+00  6.917472e-01 -5.825651e+00
   endloop
 endfacet
 facet normal -3.273064e-01  1.295898e-01 -9.359898e-01
   outer loop
     vertex -2.592532e+00  1.026456e+00 -5.312736e+00
     vertex -1.258283e+00  6.917472e-01 -5.825651e+00
     vertex -1.390783e+00  3.570923e-01 -5.825651e+00
   endloop
 endfacet
 facet normal  7.868214e-01  4.325587e-01 -4.402329e-01
   outer loop
     vertex  4.538664e+00  3.297533e+00 -2.127629e+00
     vertex  5.216137e+00  2.065215e+00 -2.127629e+00
     vertex  4.327118e+00  2.378853e+00 -3.408388e+00
   endloop
 endfacet
 facet normal  7.073023e-01  5.138852e-01 -4.854333e-01
   outer loop
     vertex  4.538664e+00  3.297533e+00 -2.127629e+00
     vertex  4.327118e+00  2.378853e+00 -3.408388e+00
     vertex  3.599577e+00  3.380227e+00 -3.408388e+00
   endloop
 endfacet
 facet normal -2.462468e-01  5.233012e-01 -8.157931e-01
   outer loop
     vertex -2.131913e+00  3.359358e+00 -4.491064e+00
     vertex -1.229497e+00  3.784003e+00 -4.491064e+00
     vertex -1.187217e+00  2.522965e+00 -5.312736e+00
   endloop
 endfacet
 facet normal -3.006126e-01  4.736897e-01 -8.277984e-01
   outer loop
     vertex -2.131913e+00  3.359358e+00 -4.491064e+00
     vertex -1.187217e+00  2.522965e+00 -5.312736e+00
     vertex -1.777354e+00  2.148452e+00 -5.312736e+00
   endloop
 endfacet
 facet normal -1.129498e-01 -4.472000e-02 -9.925938e-01
   outer loop
     vertex -1.258283e+00 -6.917472e-01 -5.825651e+00
     vertex -1.390783e+00 -3.570923e-01 -5.825651e+00
     vertex  3.673940e-16 -8.998559e-32 -6.000000e+00
   endloop
 endfacet
 facet normal  1.427761e-01  7.484584e-01 -6.476304e-01
   outer loop
     vertex  3.100535e-01  4.928159e+00 -3.408388e+00
     vertex  1.525896e+00  4.696225e+00 -3.408388e+00
     vertex  7.455408e-01  3.908262e+00 -4.491064e+00
   endloop
 endfacet
 facet normal  4.632703e-02  7.363470e-01 -6.750162e-01
   outer loop
     vertex  3.100535e-01  4.928159e+00 -3.408388e+00
     vertex  7.455408e-01  3.908262e+00 -4.491064e+00
     vertex -2.498269e-01  3.970885e+00 -4.491064e+00
   endloop
 endfacet
 facet normal -3.492512e-01  4.412068e-02 -9.359898e-01
   outer loop
     vertex -2.766352e+00  3.494715e-01 -5.312736e+00
     vertex -1.390783e+00  3.570923e-01 -5.825651e+00
     vertex -1.435894e+00  8.135113e-16 -5.825651e+00
   endloop
 endfacet
 facet normal -3.484111e-01  8.945677e-02 -9.330633e-01
   outer loop
     vertex -2.766352e+00  3.494715e-01 -5.312736e+00
     vertex -2.592532e+00  1.026456e+00 -5.312736e+00
     vertex -1.390783e+00  3.570923e-01 -5.825651e+00
   endloop
 endfacet
 facet normal  5.572830e-01  6.736394e-01 -4.854333e-01
   outer loop
     vertex  3.576011e+00  4.322654e+00 -2.127629e+00
     vertex  3.599577e+00  3.380227e+00 -3.408388e+00
     vertex  2.645861e+00  4.169210e+00 -3.408388e+00
   endloop
 endfacet
 facet normal  6.545290e-01  6.146436e-01 -4.402329e-01
   outer loop
     vertex  3.576011e+00  4.322654e+00 -2.127629e+00
     vertex  4.538664e+00  3.297533e+00 -2.127629e+00
     vertex  3.599577e+00  3.380227e+00 -3.408388e+00
   endloop
 endfacet
 facet normal -3.686503e-01  4.456216e-01 -8.157931e-01
   outer loop
     vertex -2.900374e+00  2.723632e+00 -4.491064e+00
     vertex -2.131913e+00  3.359358e+00 -4.491064e+00
     vertex -1.777354e+00  2.148452e+00 -5.312736e+00
   endloop
 endfacet
 facet normal -4.089701e-01  3.840485e-01 -8.277984e-01
   outer loop
     vertex -2.900374e+00  2.723632e+00 -4.491064e+00
     vertex -1.777354e+00  2.148452e+00 -5.312736e+00
     vertex -2.255814e+00  1.638945e+00 -5.312736e+00
   endloop
 endfacet
 facet normal  9.887594e-01  9.971705e-02 -1.114064e-01
   outer loop
     vertex  5.769127e+00  1.481260e+00 -7.232201e-01
     vertex  6.000000e+00 -9.797174e-16 -1.867896e-15
     vertex  5.849567e+00 -1.432731e-15 -1.335126e+00
   endloop
 endfacet
 facet normal  9.388024e-01  1.738286e-01 -2.973779e-01
   outer loop
     vertex  5.769127e+00  1.481260e+00 -7.232201e-01
     vertex  5.849567e+00 -1.432731e-15 -1.335126e+00
     vertex  5.216137e+00  2.065215e+00 -2.127629e+00
   endloop
 endfacet
 facet normal -9.827989e-02 -7.140452e-02 -9.925938e-01
   outer loop
     vertex -1.046722e+00 -9.829371e-01 -5.825651e+00
     vertex -1.258283e+00 -6.917472e-01 -5.825651e+00
     vertex  3.673940e-16 -8.998559e-32 -6.000000e+00
   endloop
 endfacet
 facet normal -1.382505e-01  7.247344e-01 -6.750162e-01
   outer loop
     vertex -9.252708e-01  4.850439e+00 -3.408388e+00
     vertex -2.498269e-01  3.970885e+00 -4.491064e+00
     vertex -1.229497e+00  3.784003e+00 -4.491064e+00
   endloop
 endfacet
 facet normal -4.784353e-02  7.604511e-01 -6.476304e-01
   outer loop
     vertex -9.252708e-01  4.850439e+00 -3.408388e+00
     vertex  3.100535e-01  4.928159e+00 -3.408388e+00
     vertex -2.498269e-01  3.970885e+00 -4.491064e+00
   endloop
 endfacet
 facet normal -3.492512e-01 -4.412068e-02 -9.359898e-01
   outer loop
     vertex -2.766352e+00 -3.494715e-01 -5.312736e+00
     vertex -1.435894e+00  8.135113e-16 -5.825651e+00
     vertex -1.390783e+00 -3.570923e-01 -5.825651e+00
   endloop
 endfacet
 facet normal -3.597121e-01  2.285512e-16 -9.330633e-01
   outer loop
     vertex -2.766352e+00 -3.494715e-01 -5.312736e+00
     vertex -2.766352e+00  3.494715e-01 -5.312736e+00
     vertex -1.435894e+00  8.135113e-16 -5.825651e+00
   endloop
 endfacet
 facet normal  3.722476e-01  7.910665e-01 -4.854333e-01
   outer loop
     vertex  2.388663e+00  5.076168e+00 -2.127629e+00
     vertex  2.645861e+00  4.169210e+00 -3.408388e+00
     vertex  1.525896e+00  4.696225e+00 -3.408388e+00
   endloop
 endfacet
 facet normal  4.811101e-01  7.581082e-01 -4.402329e-01
   outer loop
     vertex  2.388663e+00  5.076168e+00 -2.127629e+00
     vertex  3.576011e+00  4.322654e+00 -2.127629e+00
     vertex  2.645861e+00  4.169210e+00 -3.408388e+00
   endloop
 endfacet
 facet normal -4.916306e-01  2.702762e-01 -8.277984e-01
   outer loop
     vertex -3.486593e+00  1.916771e+00 -4.491064e+00
     vertex -2.255814e+00  1.638945e+00 -5.312736e+00
     vertex -2.592532e+00  1.026456e+00 -5.312736e+00
   endloop
 endfacet
 facet normal -4.678900e-01  3.399420e-01 -8.157931e-01
   outer loop
     vertex -3.486593e+00  1.916771e+00 -4.491064e+00
     vertex -2.900374e+00  2.723632e+00 -4.491064e+00
     vertex -2.255814e+00  1.638945e+00 -5.312736e+00
   endloop
 endfacet
 facet normal  8.442938e-01  4.641545e-01 -2.678218e-01
   outer loop
     vertex  5.219505e+00  2.869447e+00 -7.232201e-01
     vertex  5.216137e+00  2.065215e+00 -2.127629e+00
     vertex  4.538664e+00  3.297533e+00 -2.127629e+00
   endloop
 endfacet
 facet normal  9.093700e-01  3.600450e-01 -2.083598e-01
   outer loop
     vertex  5.219505e+00  2.869447e+00 -7.232201e-01
     vertex  5.769127e+00  1.481260e+00 -7.232201e-01
     vertex  5.216137e+00  2.065215e+00 -2.127629e+00
   endloop
 endfacet
 facet normal -7.743466e-02 -9.360243e-02 -9.925938e-01
   outer loop
     vertex -7.693905e-01 -1.212365e+00 -5.825651e+00
     vertex -1.046722e+00 -9.829371e-01 -5.825651e+00
     vertex  3.673940e-16 -8.998559e-32 -6.000000e+00
   endloop
 endfacet
 facet normal -3.141412e-01  6.675840e-01 -6.750162e-01
   outer loop
     vertex -2.102457e+00  4.467948e+00 -3.408388e+00
     vertex -1.229497e+00  3.784003e+00 -4.491064e+00
     vertex -2.131913e+00  3.359358e+00 -4.491064e+00
   endloop
 endfacet
 facet normal -2.354569e-01  7.246620e-01 -6.476304e-01
   outer loop
     vertex -2.102457e+00  4.467948e+00 -3.408388e+00
     vertex -9.252708e-01  4.850439e+00 -3.408388e+00
     vertex -1.229497e+00  3.784003e+00 -4.491064e+00
   endloop
 endfacet
 facet normal -3.484111e-01 -8.945677e-02 -9.330633e-01
   outer loop
     vertex -2.592532e+00 -1.026456e+00 -5.312736e+00
     vertex -2.766352e+00 -3.494715e-01 -5.312736e+00
     vertex -1.390783e+00 -3.570923e-01 -5.825651e+00
   endloop
 endfacet
 facet normal -3.273064e-01 -1.295898e-01 -9.359898e-01
   outer loop
     vertex -2.592532e+00 -1.026456e+00 -5.312736e+00
     vertex -1.390783e+00 -3.570923e-01 -5.825651e+00
     vertex -1.258283e+00 -6.917472e-01 -5.825651e+00
   endloop
 endfacet
 facet normal  2.774613e-01  8.539381e-01 -4.402329e-01
   outer loop
     vertex  1.051227e+00  5.510727e+00 -2.127629e+00
     vertex  2.388663e+00  5.076168e+00 -2.127629e+00
     vertex  1.525896e+00  4.696225e+00 -3.408388e+00
   endloop
 endfacet
 facet normal  1.638226e-01  8.587879e-01 -4.854333e-01
   outer loop
     vertex  1.051227e+00  5.510727e+00 -2.127629e+00
     vertex  1.525896e+00  4.696225e+00 -3.408388e+00
     vertex  3.100535e-01  4.928159e+00 -3.408388e+00
   endloop
 endfacet
 facet normal -5.377305e-01  2.129026e-01 -8.157931e-01
   outer loop
     vertex -3.853737e+00  9.894714e-01 -4.491064e+00
     vertex -3.486593e+00  1.916771e+00 -4.491064e+00
     vertex -2.592532e+00  1.026456e+00 -5.312736e+00
   endloop
 endfacet
 facet normal -5.434000e-01  1.395214e-01 -8.277984e-01
   outer loop
     vertex -3.853737e+00  9.894714e-01 -4.491064e+00
     vertex -2.592532e+00  1.026456e+00 -5.312736e+00
     vertex -2.766352e+00  3.494715e-01 -5.312736e+00
   endloop
 endfacet
 facet normal  7.912609e-01  5.748847e-01 -2.083598e-01
   outer loop
     vertex  4.341922e+00  4.077336e+00 -7.232201e-01
     vertex  5.219505e+00  2.869447e+00 -7.232201e-01
     vertex  4.538664e+00  3.297533e+00 -2.127629e+00
   endloop
 endfacet
 facet normal  7.023383e-01  6.595395e-01 -2.678218e-01
   outer loop
     vertex  4.341922e+00  4.077336e+00 -7.232201e-01
     vertex  4.538664e+00  3.297533e+00 -2.127629e+00
     vertex  3.576011e+00  4.322654e+00 -2.127629e+00
   endloop
 endfacet
 facet normal -5.172393e-02 -1.099190e-01 -9.925938e-01
   outer loop
     vertex -4.437156e-01 -1.365616e+00 -5.825651e+00
     vertex -7.693905e-01 -1.212365e+00 -5.825651e+00
     vertex  3.673940e-16 -8.998559e-32 -6.000000e+00
   endloop
 endfacet
 facet normal -4.702933e-01  5.684869e-01 -6.750162e-01
   outer loop
     vertex -3.147538e+00  3.804720e+00 -3.408388e+00
     vertex -2.131913e+00  3.359358e+00 -4.491064e+00
     vertex -2.900374e+00  2.723632e+00 -4.491064e+00
   endloop
 endfacet
 facet normal -4.082757e-01  6.433396e-01 -6.476304e-01
   outer loop
     vertex -3.147538e+00  3.804720e+00 -3.408388e+00
     vertex -2.102457e+00  4.467948e+00 -3.408388e+00
     vertex -2.131913e+00  3.359358e+00 -4.491064e+00
   endloop
 endfacet
 facet normal  9.936373e-01  1.228044e-02  1.119560e-01
   outer loop
     vertex  5.909286e+00  7.465165e-01  7.232201e-01
     vertex  5.849567e+00 -1.432731e-15  1.335126e+00
     vertex  6.000000e+00 -9.797174e-16 -1.867896e-15
   endloop
 endfacet
 facet normal -3.152181e-01 -1.732926e-01 -9.330633e-01
   outer loop
     vertex -2.255814e+00 -1.638945e+00 -5.312736e+00
     vertex -2.592532e+00 -1.026456e+00 -5.312736e+00
     vertex -1.258283e+00 -6.917472e-01 -5.825651e+00
   endloop
 endfacet
 facet normal -2.847958e-01 -2.069163e-01 -9.359898e-01
   outer loop
     vertex -2.255814e+00 -1.638945e+00 -5.312736e+00
     vertex -1.258283e+00 -6.917472e-01 -5.825651e+00
     vertex -1.046722e+00 -9.829371e-01 -5.825651e+00
   endloop
 endfacet
 facet normal -5.489610e-02  8.725485e-01 -4.854333e-01
   outer loop
     vertex -3.522609e-01  5.599027e+00 -2.127629e+00
     vertex  3.100535e-01  4.928159e+00 -3.408388e+00
     vertex -9.252708e-01  4.850439e+00 -3.408388e+00
   endloop
 endfacet
 facet normal  5.637858e-02  8.961119e-01 -4.402329e-01
   outer loop
     vertex -3.522609e-01  5.599027e+00 -2.127629e+00
     vertex  1.051227e+00  5.510727e+00 -2.127629e+00
     vertex  3.100535e-01  4.928159e+00 -3.408388e+00
   endloop
 endfacet
 facet normal -5.610257e-01  4.043216e-16 -8.277984e-01
   outer loop
     vertex -3.978736e+00  2.254168e-15 -4.491064e+00
     vertex -2.766352e+00  3.494715e-01 -5.312736e+00
     vertex -2.766352e+00 -3.494715e-01 -5.312736e+00
   endloop
 endfacet
 facet normal -5.737835e-01  7.248571e-02 -8.157931e-01
   outer loop
     vertex -3.978736e+00  2.254168e-15 -4.491064e+00
     vertex -3.853737e+00  9.894714e-01 -4.491064e+00
     vertex -2.766352e+00  3.494715e-01 -5.312736e+00
   endloop
 endfacet
 facet normal  5.162522e-01  8.134833e-01 -2.678218e-01
   outer loop
     vertex  3.191520e+00  5.029031e+00 -7.232201e-01
     vertex  3.576011e+00  4.322654e+00 -2.127629e+00
     vertex  2.388663e+00  5.076168e+00 -2.127629e+00
   endloop
 endfacet
 facet normal  6.234340e-01  7.536022e-01 -2.083598e-01
   outer loop
     vertex  3.191520e+00  5.029031e+00 -7.232201e-01
     vertex  4.341922e+00  4.077336e+00 -7.232201e-01
     vertex  3.576011e+00  4.322654e+00 -2.127629e+00
   endloop
 endfacet
 facet normal -2.276320e-02 -1.193289e-01 -9.925938e-01
   outer loop
     vertex -9.016053e-02 -1.433061e+00 -5.825651e+00
     vertex -4.437156e-01 -1.365616e+00 -5.825651e+00
     vertex  3.673940e-16 -8.998559e-32 -6.000000e+00
   endloop
 endfacet
 facet normal -5.554410e-01  5.215939e-01 -6.476304e-01
   outer loop
     vertex -3.994848e+00  2.902427e+00 -3.408388e+00
     vertex -3.147538e+00  3.804720e+00 -3.408388e+00
     vertex -2.900374e+00  2.723632e+00 -4.491064e+00
   endloop
 endfacet
 facet normal -5.968951e-01  4.336697e-01 -6.750162e-01
   outer loop
     vertex -3.994848e+00  2.902427e+00 -3.408388e+00
     vertex -2.900374e+00  2.723632e+00 -4.491064e+00
     vertex -3.486593e+00  1.916771e+00 -4.491064e+00
   endloop
 endfacet
 facet normal  8.999487e-01  2.310676e-01  3.697298e-01
   outer loop
     vertex  5.537984e+00  2.192643e+00  7.232201e-01
     vertex  5.849567e+00 -1.432731e-15  1.335126e+00
     vertex  5.909286e+00  7.465165e-01  7.232201e-01
   endloop
 endfacet
 facet normal  9.598489e-01  2.464473e-01 -1.339919e-01
   outer loop
     vertex  5.537984e+00  2.192643e+00  7.232201e-01
     vertex  5.909286e+00  7.465165e-01  7.232201e-01
     vertex  6.000000e+00 -9.797174e-16 -1.867896e-15
   endloop
 endfacet
 facet normal  9.805504e-01  1.849294e-01  6.574146e-02
   outer loop
     vertex  5.537984e+00  2.192643e+00  7.232201e-01
     vertex  6.000000e+00 -9.797174e-16 -1.867896e-15
     vertex  5.769127e+00  1.481260e+00 -7.232201e-01
   endloop
 endfacet
 facet normal  9.292867e-01  3.679306e-01 -3.245353e-02
   outer loop
     vertex  5.537984e+00  2.192643e+00  7.232201e-01
     vertex  5.769127e+00  1.481260e+00 -7.232201e-01
     vertex  5.219505e+00  2.869447e+00 -7.232201e-01
   endloop
 endfacet
 facet normal -2.622189e-01 -2.462399e-01 -9.330633e-01
   outer loop
     vertex -1.777354e+00 -2.148452e+00 -5.312736e+00
     vertex -2.255814e+00 -1.638945e+00 -5.312736e+00
     vertex -1.046722e+00 -9.829371e-01 -5.825651e+00
   endloop
 endfacet
 facet normal -2.243905e-01 -2.712415e-01 -9.359898e-01
   outer loop
     vertex -1.777354e+00 -2.148452e+00 -5.312736e+00
     vertex -1.046722e+00 -9.829371e-01 -5.825651e+00
     vertex -7.693905e-01 -1.212365e+00 -5.825651e+00
   endloop
 endfacet
 facet normal -2.701654e-01  8.314837e-01 -4.854333e-01
   outer loop
     vertex -1.733615e+00  5.335520e+00 -2.127629e+00
     vertex -9.252708e-01  4.850439e+00 -3.408388e+00
     vertex -2.102457e+00  4.467948e+00 -3.408388e+00
   endloop
 endfacet
 facet normal -1.682466e-01  8.819796e-01 -4.402329e-01
   outer loop
     vertex -1.733615e+00  5.335520e+00 -2.127629e+00
     vertex -3.522609e-01  5.599027e+00 -2.127629e+00
     vertex -9.252708e-01  4.850439e+00 -3.408388e+00
   endloop
 endfacet
 facet normal -5.737835e-01 -7.248571e-02 -8.157931e-01
   outer loop
     vertex -3.853737e+00 -9.894714e-01 -4.491064e+00
     vertex -3.978736e+00  2.254168e-15 -4.491064e+00
     vertex -2.766352e+00 -3.494715e-01 -5.312736e+00
   endloop
 endfacet
 facet normal -5.434000e-01 -1.395214e-01 -8.277984e-01
   outer loop
     vertex -3.853737e+00 -9.894714e-01 -4.491064e+00
     vertex -2.766352e+00 -3.494715e-01 -5.312736e+00
     vertex -2.592532e+00 -1.026456e+00 -5.312736e+00
   endloop
 endfacet
 facet normal  2.977281e-01  9.163130e-01 -2.678218e-01
   outer loop
     vertex  1.840583e+00  5.664733e+00 -7.232201e-01
     vertex  2.388663e+00  5.076168e+00 -2.127629e+00
     vertex  1.051227e+00  5.510727e+00 -2.127629e+00
   endloop
 endfacet
 facet normal  4.164344e-01  8.849681e-01 -2.083598e-01
   outer loop
     vertex  1.840583e+00  5.664733e+00 -7.232201e-01
     vertex  3.191520e+00  5.029031e+00 -7.232201e-01
     vertex  2.388663e+00  5.076168e+00 -2.127629e+00
   endloop
 endfacet
 facet normal  7.627831e-03 -1.212409e-01 -9.925938e-01
   outer loop
     vertex  2.690597e-01 -1.410460e+00 -5.825651e+00
     vertex -9.016053e-02 -1.433061e+00 -5.825651e+00
     vertex  3.673940e-16 -8.998559e-32 -6.000000e+00
   endloop
 endfacet
 facet normal -6.859918e-01  2.716034e-01 -6.750162e-01
   outer loop
     vertex -4.591146e+00  1.817763e+00 -3.408388e+00
     vertex -3.486593e+00  1.916771e+00 -4.491064e+00
     vertex -3.853737e+00  9.894714e-01 -4.491064e+00
   endloop
 endfacet
 facet normal -6.677060e-01  3.670745e-01 -6.476304e-01
   outer loop
     vertex -4.591146e+00  1.817763e+00 -3.408388e+00
     vertex -3.994848e+00  2.902427e+00 -3.408388e+00
     vertex -3.486593e+00  1.916771e+00 -4.491064e+00
   endloop
 endfacet
 facet normal  8.758451e-01  4.814999e-01  3.245353e-02
   outer loop
     vertex  4.818710e+00  3.500998e+00  7.232201e-01
     vertex  5.537984e+00  2.192643e+00  7.232201e-01
     vertex  5.219505e+00  2.869447e+00 -7.232201e-01
   endloop
 endfacet
 facet normal  8.085908e-01  5.874756e-01 -3.245353e-02
   outer loop
     vertex  4.818710e+00  3.500998e+00  7.232201e-01
     vertex  5.219505e+00  2.869447e+00 -7.232201e-01
     vertex  4.341922e+00  4.077336e+00 -7.232201e-01
   endloop
 endfacet
 facet normal -1.498858e-01 -3.185236e-01 -9.359898e-01
   outer loop
     vertex -1.187217e+00 -2.522965e+00 -5.312736e+00
     vertex -7.693905e-01 -1.212365e+00 -5.825651e+00
     vertex -4.437156e-01 -1.365616e+00 -5.825651e+00
   endloop
 endfacet
 facet normal -1.927434e-01 -3.037150e-01 -9.330633e-01
   outer loop
     vertex -1.187217e+00 -2.522965e+00 -5.312736e+00
     vertex -1.777354e+00 -2.148452e+00 -5.312736e+00
     vertex -7.693905e-01 -1.212365e+00 -5.825651e+00
   endloop
 endfacet
 facet normal -3.823003e-01  8.124294e-01 -4.402329e-01
   outer loop
     vertex -3.006041e+00  4.736762e+00 -2.127629e+00
     vertex -1.733615e+00  5.335520e+00 -2.127629e+00
     vertex -2.102457e+00  4.467948e+00 -3.408388e+00
   endloop
 endfacet
 facet normal -4.684593e-01  7.381737e-01 -4.854333e-01
   outer loop
     vertex -3.006041e+00  4.736762e+00 -2.127629e+00
     vertex -2.102457e+00  4.467948e+00 -3.408388e+00
     vertex -3.147538e+00  3.804720e+00 -3.408388e+00
   endloop
 endfacet
 facet normal -4.916306e-01 -2.702762e-01 -8.277984e-01
   outer loop
     vertex -3.486593e+00 -1.916771e+00 -4.491064e+00
     vertex -2.592532e+00 -1.026456e+00 -5.312736e+00
     vertex -2.255814e+00 -1.638945e+00 -5.312736e+00
   endloop
 endfacet
 facet normal -5.377305e-01 -2.129026e-01 -8.157931e-01
   outer loop
     vertex -3.486593e+00 -1.916771e+00 -4.491064e+00
     vertex -3.853737e+00 -9.894714e-01 -4.491064e+00
     vertex -2.592532e+00 -1.026456e+00 -5.312736e+00
   endloop
 endfacet
 facet normal  6.049669e-02  9.615673e-01 -2.678218e-01
   outer loop
     vertex  3.739962e-01  5.944500e+00 -7.232201e-01
     vertex  1.051227e+00  5.510727e+00 -2.127629e+00
     vertex -3.522609e-01  5.599027e+00 -2.127629e+00
   endloop
 endfacet
 facet normal  1.832687e-01  9.607283e-01 -2.083598e-01
   outer loop
     vertex  3.739962e-01  5.944500e+00 -7.232201e-01
     vertex  1.840583e+00  5.664733e+00 -7.232201e-01
     vertex  1.051227e+00  5.510727e+00 -2.127629e+00
   endloop
 endfacet
 facet normal  3.753958e-02 -1.155349e-01 -9.925938e-01
   outer loop
     vertex  6.113739e-01 -1.299236e+00 -5.825651e+00
     vertex  2.690597e-01 -1.410460e+00 -5.825651e+00
     vertex  3.673940e-16 -8.998559e-32 -6.000000e+00
   endloop
 endfacet
 facet normal -7.380165e-01  1.894904e-01 -6.476304e-01
   outer loop
     vertex -4.898966e+00  6.188834e-01 -3.408388e+00
     vertex -4.591146e+00  1.817763e+00 -3.408388e+00
     vertex -3.853737e+00  9.894714e-01 -4.491064e+00
   endloop
 endfacet
 facet normal -7.319851e-01  9.247122e-02 -6.750162e-01
   outer loop
     vertex -4.898966e+00  6.188834e-01 -3.408388e+00
     vertex -3.853737e+00  9.894714e-01 -4.491064e+00
     vertex -3.978736e+00  2.254168e-15 -4.491064e+00
   endloop
 endfacet
 facet normal  6.370882e-01  7.701074e-01 -3.245353e-02
   outer loop
     vertex  3.796659e+00  4.589372e+00  7.232201e-01
     vertex  4.341922e+00  4.077336e+00 -7.232201e-01
     vertex  3.191520e+00  5.029031e+00 -7.232201e-01
   endloop
 endfacet
 facet normal  7.285846e-01  6.841865e-01  3.245353e-02
   outer loop
     vertex  3.796659e+00  4.589372e+00  7.232201e-01
     vertex  4.818710e+00  3.500998e+00  7.232201e-01
     vertex  4.341922e+00  4.077336e+00 -7.232201e-01
   endloop
 endfacet
 facet normal -6.596328e-02 -3.457916e-01 -9.359898e-01
   outer loop
     vertex -5.224826e-01 -2.738950e+00 -5.312736e+00
     vertex -4.437156e-01 -1.365616e+00 -5.825651e+00
     vertex -9.016053e-02 -1.433061e+00 -5.825651e+00
   endloop
 endfacet
 facet normal -1.111572e-01 -3.421066e-01 -9.330633e-01
   outer loop
     vertex -5.224826e-01 -2.738950e+00 -5.312736e+00
     vertex -1.187217e+00 -2.522965e+00 -5.312736e+00
     vertex -4.437156e-01 -1.365616e+00 -5.825651e+00
   endloop
 endfacet
 facet normal -6.373181e-01  5.984815e-01 -4.854333e-01
   outer loop
     vertex -4.089585e+00  3.840376e+00 -2.127629e+00
     vertex -3.147538e+00  3.804720e+00 -3.408388e+00
     vertex -3.994848e+00  2.902427e+00 -3.408388e+00
   endloop
 endfacet
 facet normal -5.723326e-01  6.918312e-01 -4.402329e-01
   outer loop
     vertex -4.089585e+00  3.840376e+00 -2.127629e+00
     vertex -3.006041e+00  4.736762e+00 -2.127629e+00
     vertex -3.147538e+00  3.804720e+00 -3.408388e+00
   endloop
 endfacet
 facet normal  9.397721e-01  9.323293e-02  3.288405e-01
   outer loop
     vertex  5.433846e+00  1.395175e+00  2.127629e+00
     vertex  5.405813e+00 -1.324042e-15  2.603302e+00
     vertex  5.849567e+00 -1.432731e-15  1.335126e+00
   endloop
 endfacet
 facet normal  9.661587e-01  1.869065e-01  1.777731e-01
   outer loop
     vertex  5.433846e+00  1.395175e+00  2.127629e+00
     vertex  5.849567e+00 -1.432731e-15  1.335126e+00
     vertex  5.537984e+00  2.192643e+00  7.232201e-01
   endloop
 endfacet
 facet normal -4.089701e-01 -3.840485e-01 -8.277984e-01
   outer loop
     vertex -2.900374e+00 -2.723632e+00 -4.491064e+00
     vertex -2.255814e+00 -1.638945e+00 -5.312736e+00
     vertex -1.777354e+00 -2.148452e+00 -5.312736e+00
   endloop
 endfacet
 facet normal -4.678900e-01 -3.399420e-01 -8.157931e-01
   outer loop
     vertex -2.900374e+00 -2.723632e+00 -4.491064e+00
     vertex -3.486593e+00 -1.916771e+00 -4.491064e+00
     vertex -2.255814e+00 -1.638945e+00 -5.312736e+00
   endloop
 endfacet
 facet normal -6.141241e-02  9.761223e-01 -2.083598e-01
   outer loop
     vertex -1.116091e+00  5.850752e+00 -7.232201e-01
     vertex  3.739962e-01  5.944500e+00 -7.232201e-01
     vertex -3.522609e-01  5.599027e+00 -2.127629e+00
   endloop
 endfacet
 facet normal -1.805360e-01  9.464028e-01 -2.678218e-01
   outer loop
     vertex -1.116091e+00  5.850752e+00 -7.232201e-01
     vertex -3.522609e-01  5.599027e+00 -2.127629e+00
     vertex -1.733615e+00  5.335520e+00 -2.127629e+00
   endloop
 endfacet
 facet normal  6.509257e-02 -1.025695e-01 -9.925938e-01
   outer loop
     vertex  9.152733e-01 -1.106375e+00 -5.825651e+00
     vertex  6.113739e-01 -1.299236e+00 -5.825651e+00
     vertex  3.673940e-16 -8.998559e-32 -6.000000e+00
   endloop
 endfacet
 facet normal -7.319851e-01 -9.247122e-02 -6.750162e-01
   outer loop
     vertex -4.898966e+00 -6.188834e-01 -3.408388e+00
     vertex -3.978736e+00  2.254168e-15 -4.491064e+00
     vertex -3.853737e+00 -9.894714e-01 -4.491064e+00
   endloop
 endfacet
 facet normal -7.619547e-01  1.093504e-15 -6.476304e-01
   outer loop
     vertex -4.898966e+00 -6.188834e-01 -3.408388e+00
     vertex -4.898966e+00  6.188834e-01 -3.408388e+00
     vertex -3.978736e+00  2.254168e-15 -4.491064e+00
   endloop
 endfacet
 facet normal  5.355445e-01  8.438832e-01  3.245353e-02
   outer loop
     vertex  2.536049e+00  5.389379e+00  7.232201e-01
     vertex  3.796659e+00  4.589372e+00  7.232201e-01
     vertex  3.191520e+00  5.029031e+00 -7.232201e-01
   endloop
 endfacet
 facet normal  4.255550e-01  9.043504e-01 -3.245353e-02
   outer loop
     vertex  2.536049e+00  5.389379e+00  7.232201e-01
     vertex  3.191520e+00  5.029031e+00 -7.232201e-01
     vertex  1.840583e+00  5.664733e+00 -7.232201e-01
   endloop
 endfacet
 facet normal -2.258651e-02 -3.590023e-01 -9.330633e-01
   outer loop
     vertex  1.750813e-01 -2.782837e+00 -5.312736e+00
     vertex -5.224826e-01 -2.738950e+00 -5.312736e+00
     vertex -9.016053e-02 -1.433061e+00 -5.825651e+00
   endloop
 endfacet
 facet normal  2.210396e-02 -3.513324e-01 -9.359898e-01
   outer loop
     vertex  1.750813e-01 -2.782837e+00 -5.312736e+00
     vertex -9.016053e-02 -1.433061e+00 -5.825651e+00
     vertex  2.690597e-01 -1.410460e+00 -5.825651e+00
   endloop
 endfacet
 facet normal -7.264031e-01  5.277628e-01 -4.402329e-01
   outer loop
     vertex -4.916166e+00  2.702685e+00 -2.127629e+00
     vertex -4.089585e+00  3.840376e+00 -2.127629e+00
     vertex -3.994848e+00  2.902427e+00 -3.408388e+00
   endloop
 endfacet
 facet normal -7.661319e-01  4.211846e-01 -4.854333e-01
   outer loop
     vertex -4.916166e+00  2.702685e+00 -2.127629e+00
     vertex -3.994848e+00  2.902427e+00 -3.408388e+00
     vertex -4.591146e+00  1.817763e+00 -3.408388e+00
   endloop
 endfacet
 facet normal  8.958103e-01  3.546764e-01  2.678218e-01
   outer loop
     vertex  4.916166e+00  2.702685e+00  2.127629e+00
     vertex  5.433846e+00  1.395175e+00  2.127629e+00
     vertex  5.537984e+00  2.192643e+00  7.232201e-01
   endloop
 endfacet
 facet normal  8.570737e-01  4.711803e-01  2.083598e-01
   outer loop
     vertex  4.916166e+00  2.702685e+00  2.127629e+00
     vertex  5.537984e+00  2.192643e+00  7.232201e-01
     vertex  4.818710e+00  3.500998e+00  7.232201e-01
   endloop
 endfacet
 facet normal -3.686503e-01 -4.456216e-01 -8.157931e-01
   outer loop
     vertex -2.131913e+00 -3.359358e+00 -4.491064e+00
     vertex -2.900374e+00 -2.723632e+00 -4.491064e+00
     vertex -1.777354e+00 -2.148452e+00 -5.312736e+00
   endloop
 endfacet
 facet normal -3.006126e-01 -4.736897e-01 -8.277984e-01
   outer loop
     vertex -2.131913e+00 -3.359358e+00 -4.491064e+00
     vertex -1.777354e+00 -2.148452e+00 -5.312736e+00
     vertex -1.187217e+00 -2.522965e+00 -5.312736e+00
   endloop
 endfacet
 facet normal -3.022348e-01  9.301830e-01 -2.083598e-01
   outer loop
     vertex -2.536049e+00  5.389379e+00 -7.232201e-01
     vertex -1.116091e+00  5.850752e+00 -7.232201e-01
     vertex -1.733615e+00  5.335520e+00 -2.127629e+00
   endloop
 endfacet
 facet normal -4.102249e-01  8.717723e-01 -2.678218e-01
   outer loop
     vertex -2.536049e+00  5.389379e+00 -7.232201e-01
     vertex -1.733615e+00  5.335520e+00 -2.127629e+00
     vertex -3.006041e+00  4.736762e+00 -2.127629e+00
   endloop
 endfacet
 facet normal  8.855556e-02 -8.315921e-02 -9.925938e-01
   outer loop
     vertex  1.161663e+00 -8.439973e-01 -5.825651e+00
     vertex  9.152733e-01 -1.106375e+00 -5.825651e+00
     vertex  3.673940e-16 -8.998559e-32 -6.000000e+00
   endloop
 endfacet
 facet normal -7.380165e-01 -1.894904e-01 -6.476304e-01
   outer loop
     vertex -4.591146e+00 -1.817763e+00 -3.408388e+00
     vertex -4.898966e+00 -6.188834e-01 -3.408388e+00
     vertex -3.853737e+00 -9.894714e-01 -4.491064e+00
   endloop
 endfacet
 facet normal -6.859918e-01 -2.716034e-01 -6.750162e-01
   outer loop
     vertex -4.591146e+00 -1.817763e+00 -3.408388e+00
     vertex -3.853737e+00 -9.894714e-01 -4.491064e+00
     vertex -3.486593e+00 -1.916771e+00 -4.491064e+00
   endloop
 endfacet
 facet normal  3.088542e-01  9.505555e-01  3.245353e-02
   outer loop
     vertex  1.116091e+00  5.850752e+00  7.232201e-01
     vertex  2.536049e+00  5.389379e+00  7.232201e-01
     vertex  1.840583e+00  5.664733e+00 -7.232201e-01
   endloop
 endfacet
 facet normal  1.872826e-01  9.817698e-01 -3.245353e-02
   outer loop
     vertex  1.116091e+00  5.850752e+00  7.232201e-01
     vertex  1.840583e+00  5.664733e+00 -7.232201e-01
     vertex  3.739962e-01  5.944500e+00 -7.232201e-01
   endloop
 endfacet
 facet normal  6.740333e-02 -3.533406e-01 -9.330633e-01
   outer loop
     vertex  8.616441e-01 -2.651868e+00 -5.312736e+00
     vertex  1.750813e-01 -2.782837e+00 -5.312736e+00
     vertex  2.690597e-01 -1.410460e+00 -5.825651e+00
   endloop
 endfacet
 facet normal  1.087823e-01 -3.347976e-01 -9.359898e-01
   outer loop
     vertex  8.616441e-01 -2.651868e+00 -5.312736e+00
     vertex  2.690597e-01 -1.410460e+00 -5.825651e+00
     vertex  6.113739e-01 -1.299236e+00 -5.825651e+00
   endloop
 endfacet
 facet normal -8.348311e-01  3.305330e-01 -4.402329e-01
   outer loop
     vertex -5.433846e+00  1.395175e+00 -2.127629e+00
     vertex -4.916166e+00  2.702685e+00 -2.127629e+00
     vertex -4.591146e+00  1.817763e+00 -3.408388e+00
   endloop
 endfacet
 facet normal -8.468068e-01  2.174230e-01 -4.854333e-01
   outer loop
     vertex -5.433846e+00  1.395175e+00 -2.127629e+00
     vertex -4.591146e+00  1.817763e+00 -3.408388e+00
     vertex -4.898966e+00  6.188834e-01 -3.408388e+00
   endloop
 endfacet
 facet normal  7.129694e-01  6.695228e-01  2.083598e-01
   outer loop
     vertex  4.089585e+00  3.840376e+00  2.127629e+00
     vertex  4.818710e+00  3.500998e+00  7.232201e-01
     vertex  3.796659e+00  4.589372e+00  7.232201e-01
   endloop
 endfacet
 facet normal  7.794624e-01  5.663126e-01  2.678218e-01
   outer loop
     vertex  4.089585e+00  3.840376e+00  2.127629e+00
     vertex  4.916166e+00  2.702685e+00  2.127629e+00
     vertex  4.818710e+00  3.500998e+00  7.232201e-01
   endloop
 endfacet
 facet normal -1.733665e-01 -5.335672e-01 -8.277984e-01
   outer loop
     vertex -1.229497e+00 -3.784003e+00 -4.491064e+00
     vertex -1.187217e+00 -2.522965e+00 -5.312736e+00
     vertex -5.224826e-01 -2.738950e+00 -5.312736e+00
   endloop
 endfacet
 facet normal -2.462468e-01 -5.233012e-01 -8.157931e-01
   outer loop
     vertex -1.229497e+00 -3.784003e+00 -4.491064e+00
     vertex -2.131913e+00 -3.359358e+00 -4.491064e+00
     vertex -1.187217e+00 -2.522965e+00 -5.312736e+00
   endloop
 endfacet
 facet normal -6.141379e-01  7.423652e-01 -2.678218e-01
   outer loop
     vertex -3.796659e+00  4.589372e+00 -7.232201e-01
     vertex -3.006041e+00  4.736762e+00 -2.127629e+00
     vertex -4.089585e+00  3.840376e+00 -2.127629e+00
   endloop
 endfacet
 facet normal -5.240666e-01  8.257968e-01 -2.083598e-01
   outer loop
     vertex -3.796659e+00  4.589372e+00 -7.232201e-01
     vertex -2.536049e+00  5.389379e+00 -7.232201e-01
     vertex -3.006041e+00  4.736762e+00 -2.127629e+00
   endloop
 endfacet
 facet normal  1.064543e-01 -5.852373e-02 -9.925938e-01
   outer loop
     vertex  1.335060e+00 -5.285878e-01 -5.825651e+00
     vertex  1.161663e+00 -8.439973e-01 -5.825651e+00
     vertex  3.673940e-16 -8.998559e-32 -6.000000e+00
   endloop
 endfacet
 facet normal  8.467234e-01  1.337724e-03  5.320316e-01
   outer loop
     vertex  4.898966e+00  6.188834e-01  3.408388e+00
     vertex  4.690989e+00 -1.148961e-15  3.740939e+00
     vertex  5.405813e+00 -1.324042e-15  2.603302e+00
   endloop
 endfacet
 facet normal -6.677060e-01 -3.670745e-01 -6.476304e-01
   outer loop
     vertex -3.994848e+00 -2.902427e+00 -3.408388e+00
     vertex -4.591146e+00 -1.817763e+00 -3.408388e+00
     vertex -3.486593e+00 -1.916771e+00 -4.491064e+00
   endloop
 endfacet
 facet normal -5.968951e-01 -4.336697e-01 -6.750162e-01
   outer loop
     vertex -3.994848e+00 -2.902427e+00 -3.408388e+00
     vertex -3.486593e+00 -1.916771e+00 -4.491064e+00
     vertex -2.900374e+00 -2.723632e+00 -4.491064e+00
   endloop
 endfacet
 facet normal -6.275744e-02  9.975010e-01 -3.245353e-02
   outer loop
     vertex -3.739962e-01  5.944500e+00  7.232201e-01
     vertex  3.739962e-01  5.944500e+00 -7.232201e-01
     vertex -1.116091e+00  5.850752e+00 -7.232201e-01
   endloop
 endfacet
 facet normal  6.275744e-02  9.975010e-01  3.245353e-02
   outer loop
     vertex -3.739962e-01  5.944500e+00  7.232201e-01
     vertex  1.116091e+00  5.850752e+00  7.232201e-01
     vertex  3.739962e-01  5.944500e+00 -7.232201e-01
   endloop
 endfacet
 facet normal  1.886255e-01 -2.972262e-01 -9.359898e-01
   outer loop
     vertex  1.494067e+00 -2.354273e+00 -5.312736e+00
     vertex  6.113739e-01 -1.299236e+00 -5.825651e+00
     vertex  9.152733e-01 -1.106375e+00 -5.825651e+00
   endloop
 endfacet
 facet normal  1.531580e-01 -3.254773e-01 -9.330633e-01
   outer loop
     vertex  1.494067e+00 -2.354273e+00 -5.312736e+00
     vertex  8.616441e-01 -2.651868e+00 -5.312736e+00
     vertex  6.113739e-01 -1.299236e+00 -5.825651e+00
   endloop
 endfacet
 facet normal -8.742737e-01  1.259012e-15 -4.854333e-01
   outer loop
     vertex -5.610097e+00  3.178423e-15 -2.127629e+00
     vertex -4.898966e+00  6.188834e-01 -3.408388e+00
     vertex -4.898966e+00 -6.188834e-01 -3.408388e+00
   endloop
 endfacet
 facet normal -8.908036e-01  1.125347e-01 -4.402329e-01
   outer loop
     vertex -5.610097e+00  3.178423e-15 -2.127629e+00
     vertex -5.433846e+00  1.395175e+00 -2.127629e+00
     vertex -4.898966e+00  6.188834e-01 -3.408388e+00
   endloop
 endfacet
 facet normal  5.240666e-01  8.257968e-01  2.083598e-01
   outer loop
     vertex  3.006041e+00  4.736762e+00  2.127629e+00
     vertex  3.796659e+00  4.589372e+00  7.232201e-01
     vertex  2.536049e+00  5.389379e+00  7.232201e-01
   endloop
 endfacet
 facet normal  6.141379e-01  7.423652e-01  2.678218e-01
   outer loop
     vertex  3.006041e+00  4.736762e+00  2.127629e+00
     vertex  4.089585e+00  3.840376e+00  2.127629e+00
     vertex  3.796659e+00  4.589372e+00  7.232201e-01
   endloop
 endfacet
 facet normal -1.083708e-01 -5.680998e-01 -8.157931e-01
   outer loop
     vertex -2.498269e-01 -3.970885e+00 -4.491064e+00
     vertex -1.229497e+00 -3.784003e+00 -4.491064e+00
     vertex -5.224826e-01 -2.738950e+00 -5.312736e+00
   endloop
 endfacet
 facet normal -3.522710e-02 -5.599186e-01 -8.277984e-01
   outer loop
     vertex -2.498269e-01 -3.970885e+00 -4.491064e+00
     vertex -5.224826e-01 -2.738950e+00 -5.312736e+00
     vertex  1.750813e-01 -2.782837e+00 -5.312736e+00
   endloop
 endfacet
 facet normal -7.129694e-01  6.695228e-01 -2.083598e-01
   outer loop
     vertex -4.818710e+00  3.500998e+00 -7.232201e-01
     vertex -3.796659e+00  4.589372e+00 -7.232201e-01
     vertex -4.089585e+00  3.840376e+00 -2.127629e+00
   endloop
 endfacet
 facet normal -7.794624e-01  5.663126e-01 -2.678218e-01
   outer loop
     vertex -4.818710e+00  3.500998e+00 -7.232201e-01
     vertex -4.089585e+00  3.840376e+00 -2.127629e+00
     vertex -4.916166e+00  2.702685e+00 -2.127629e+00
   endloop
 endfacet
 facet normal  1.116390e-01 -7.618943e-02 -9.908238e-01
   outer loop
     vertex  1.424572e+00 -1.799652e-01 -5.825651e+00
     vertex  3.673940e-16 -8.998559e-32 -6.000000e+00
     vertex  1.335126e+00 -3.270115e-16 -5.849567e+00
   endloop
 endfacet
 facet normal  3.300318e-01  3.868775e-02 -9.431767e-01
   outer loop
     vertex  1.424572e+00 -1.799652e-01 -5.825651e+00
     vertex  1.335126e+00 -3.270115e-16 -5.849567e+00
     vertex  2.603302e+00 -6.376252e-16 -5.405813e+00
   endloop
 endfacet
 facet normal  1.176641e-01 -3.021100e-02 -9.925938e-01
   outer loop
     vertex  1.424572e+00 -1.799652e-01 -5.825651e+00
     vertex  1.335060e+00 -5.285878e-01 -5.825651e+00
     vertex  3.673940e-16 -8.998559e-32 -6.000000e+00
   endloop
 endfacet
 facet normal  3.462182e-01 -8.889372e-02 -9.339330e-01
   outer loop
     vertex  1.424572e+00 -1.799652e-01 -5.825651e+00
     vertex  2.603302e+00 -6.376252e-16 -5.405813e+00
     vertex  1.335060e+00 -5.285878e-01 -5.825651e+00
   endloop
 endfacet
 facet normal  8.934606e-01  2.294017e-01  3.861386e-01
   outer loop
     vertex  4.591146e+00  1.817763e+00  3.408388e+00
     vertex  4.898966e+00  6.188834e-01  3.408388e+00
     vertex  5.405813e+00 -1.324042e-15  2.603302e+00
   endloop
 endfacet
 facet normal  8.348311e-01  3.305330e-01  4.402329e-01
   outer loop
     vertex  4.591146e+00  1.817763e+00  3.408388e+00
     vertex  5.433846e+00  1.395175e+00  2.127629e+00
     vertex  4.916166e+00  2.702685e+00  2.127629e+00
   endloop
 endfacet
 facet normal  8.480109e-01  1.556814e-01  5.065974e-01
   outer loop
     vertex  4.591146e+00  1.817763e+00  3.408388e+00
     vertex  5.405813e+00 -1.324042e-15  2.603302e+00
     vertex  5.433846e+00  1.395175e+00  2.127629e+00
   endloop
 endfacet
 facet normal  6.618249e-01  1.699277e-01  7.301455e-01
   outer loop
     vertex  4.591146e+00  1.817763e+00  3.408388e+00
     vertex  4.690989e+00 -1.148961e-15  3.740939e+00
     vertex  4.898966e+00  6.188834e-01  3.408388e+00
   endloop
 endfacet
 facet normal -5.554410e-01 -5.215939e-01 -6.476304e-01
   outer loop
     vertex -3.147538e+00 -3.804720e+00 -3.408388e+00
     vertex -3.994848e+00 -2.902427e+00 -3.408388e+00
     vertex -2.900374e+00 -2.723632e+00 -4.491064e+00
   endloop
 endfacet
 facet normal -4.702933e-01 -5.684869e-01 -6.750162e-01
   outer loop
     vertex -3.147538e+00 -3.804720e+00 -3.408388e+00
     vertex -2.900374e+00 -2.723632e+00 -4.491064e+00
     vertex -2.131913e+00 -3.359358e+00 -4.491064e+00
   endloop
 endfacet
 facet normal -1.872826e-01  9.817698e-01  3.245353e-02
   outer loop
     vertex -1.840583e+00  5.664733e+00  7.232201e-01
     vertex -3.739962e-01  5.944500e+00  7.232201e-01
     vertex -1.116091e+00  5.850752e+00 -7.232201e-01
   endloop
 endfacet
 facet normal -3.088542e-01  9.505555e-01 -3.245353e-02
   outer loop
     vertex -1.840583e+00  5.664733e+00  7.232201e-01
     vertex -1.116091e+00  5.850752e+00 -7.232201e-01
     vertex -2.536049e+00  5.389379e+00 -7.232201e-01
   endloop
 endfacet
 facet normal  2.566166e-01 -2.409791e-01 -9.359898e-01
   outer loop
     vertex  2.032612e+00 -1.908749e+00 -5.312736e+00
     vertex  9.152733e-01 -1.106375e+00 -5.825651e+00
     vertex  1.161663e+00 -8.439973e-01 -5.825651e+00
   endloop
 endfacet
 facet normal  2.292891e-01 -2.771630e-01 -9.330633e-01
   outer loop
     vertex  2.032612e+00 -1.908749e+00 -5.312736e+00
     vertex  1.494067e+00 -2.354273e+00 -5.312736e+00
     vertex  9.152733e-01 -1.106375e+00 -5.825651e+00
   endloop
 endfacet
 facet normal -8.468068e-01 -2.174230e-01 -4.854333e-01
   outer loop
     vertex -5.433846e+00 -1.395175e+00 -2.127629e+00
     vertex -4.898966e+00 -6.188834e-01 -3.408388e+00
     vertex -4.591146e+00 -1.817763e+00 -3.408388e+00
   endloop
 endfacet
 facet normal -8.908036e-01 -1.125347e-01 -4.402329e-01
   outer loop
     vertex -5.433846e+00 -1.395175e+00 -2.127629e+00
     vertex -5.610097e+00  3.178423e-15 -2.127629e+00
     vertex -4.898966e+00 -6.188834e-01 -3.408388e+00
   endloop
 endfacet
 facet normal  3.022348e-01  9.301830e-01  2.083598e-01
   outer loop
     vertex  1.733615e+00  5.335520e+00  2.127629e+00
     vertex  2.536049e+00  5.389379e+00  7.232201e-01
     vertex  1.116091e+00  5.850752e+00  7.232201e-01
   endloop
 endfacet
 facet normal  4.102249e-01  8.717723e-01  2.678218e-01
   outer loop
     vertex  1.733615e+00  5.335520e+00  2.127629e+00
     vertex  3.006041e+00  4.736762e+00  2.127629e+00
     vertex  2.536049e+00  5.389379e+00  7.232201e-01
   endloop
 endfacet
 facet normal  1.051257e-01 -5.510884e-01 -8.277984e-01
   outer loop
     vertex  7.455408e-01 -3.908262e+00 -4.491064e+00
     vertex  1.750813e-01 -2.782837e+00 -5.312736e+00
     vertex  8.616441e-01 -2.651868e+00 -5.312736e+00
   endloop
 endfacet
 facet normal  3.631451e-02 -5.772026e-01 -8.157931e-01
   outer loop
     vertex  7.455408e-01 -3.908262e+00 -4.491064e+00
     vertex -2.498269e-01 -3.970885e+00 -4.491064e+00
     vertex  1.750813e-01 -2.782837e+00 -5.312736e+00
   endloop
 endfacet
 facet normal -8.958103e-01  3.546764e-01 -2.678218e-01
   outer loop
     vertex -5.537984e+00  2.192643e+00 -7.232201e-01
     vertex -4.916166e+00  2.702685e+00 -2.127629e+00
     vertex -5.433846e+00  1.395175e+00 -2.127629e+00
   endloop
 endfacet
 facet normal -8.570737e-01  4.711803e-01 -2.083598e-01
   outer loop
     vertex -5.537984e+00  2.192643e+00 -7.232201e-01
     vertex -4.818710e+00  3.500998e+00 -7.232201e-01
     vertex -4.916166e+00  2.702685e+00 -2.127629e+00
   endloop
 endfacet
 facet normal  7.264031e-01  5.277628e-01  4.402329e-01
   outer loop
     vertex  3.994848e+00  2.902427e+00  3.408388e+00
     vertex  4.916166e+00  2.702685e+00  2.127629e+00
     vertex  4.089585e+00  3.840376e+00  2.127629e+00
   endloop
 endfacet
 facet normal  7.661319e-01  4.211846e-01  4.854333e-01
   outer loop
     vertex  3.994848e+00  2.902427e+00  3.408388e+00
     vertex  4.591146e+00  1.817763e+00  3.408388e+00
     vertex  4.916166e+00  2.702685e+00  2.127629e+00
   endloop
 endfacet
 facet normal -3.141412e-01 -6.675840e-01 -6.750162e-01
   outer loop
     vertex -2.102457e+00 -4.467948e+00 -3.408388e+00
     vertex -2.131913e+00 -3.359358e+00 -4.491064e+00
     vertex -1.229497e+00 -3.784003e+00 -4.491064e+00
   endloop
 endfacet
 facet normal -4.082757e-01 -6.433396e-01 -6.476304e-01
   outer loop
     vertex -2.102457e+00 -4.467948e+00 -3.408388e+00
     vertex -3.147538e+00 -3.804720e+00 -3.408388e+00
     vertex -2.131913e+00 -3.359358e+00 -4.491064e+00
   endloop
 endfacet
 facet normal -4.255550e-01  9.043504e-01  3.245353e-02
   outer loop
     vertex -3.191520e+00  5.029031e+00  7.232201e-01
     vertex -1.840583e+00  5.664733e+00  7.232201e-01
     vertex -2.536049e+00  5.389379e+00 -7.232201e-01
   endloop
 endfacet
 facet normal -5.355445e-01  8.438832e-01 -3.245353e-02
   outer loop
     vertex -3.191520e+00  5.029031e+00  7.232201e-01
     vertex -2.536049e+00  5.389379e+00 -7.232201e-01
     vertex -3.796659e+00  4.589372e+00 -7.232201e-01
   endloop
 endfacet
 facet normal  2.910132e-01 -2.114335e-01 -9.330633e-01
   outer loop
     vertex  2.443440e+00 -1.343293e+00 -5.312736e+00
     vertex  2.032612e+00 -1.908749e+00 -5.312736e+00
     vertex  1.161663e+00 -8.439973e-01 -5.825651e+00
   endloop
 endfacet
 facet normal  3.084836e-01 -1.695903e-01 -9.359898e-01
   outer loop
     vertex  2.443440e+00 -1.343293e+00 -5.312736e+00
     vertex  1.161663e+00 -8.439973e-01 -5.825651e+00
     vertex  1.335060e+00 -5.285878e-01 -5.825651e+00
   endloop
 endfacet
 facet normal -8.348311e-01 -3.305330e-01 -4.402329e-01
   outer loop
     vertex -4.916166e+00 -2.702685e+00 -2.127629e+00
     vertex -5.433846e+00 -1.395175e+00 -2.127629e+00
     vertex -4.591146e+00 -1.817763e+00 -3.408388e+00
   endloop
 endfacet
 facet normal -7.661319e-01 -4.211846e-01 -4.854333e-01
   outer loop
     vertex -4.916166e+00 -2.702685e+00 -2.127629e+00
     vertex -4.591146e+00 -1.817763e+00 -3.408388e+00
     vertex -3.994848e+00 -2.902427e+00 -3.408388e+00
   endloop
 endfacet
 facet normal  6.141241e-02  9.761223e-01  2.083598e-01
   outer loop
     vertex  3.522609e-01  5.599027e+00  2.127629e+00
     vertex  1.116091e+00  5.850752e+00  7.232201e-01
     vertex -3.739962e-01  5.944500e+00  7.232201e-01
   endloop
 endfacet
 facet normal  1.805360e-01  9.464028e-01  2.678218e-01
   outer loop
     vertex  3.522609e-01  5.599027e+00  2.127629e+00
     vertex  1.733615e+00  5.335520e+00  2.127629e+00
     vertex  1.116091e+00  5.850752e+00  7.232201e-01
   endloop
 endfacet
 facet normal  1.787181e-01 -5.500377e-01 -8.157931e-01
   outer loop
     vertex  1.694063e+00 -3.600068e+00 -4.491064e+00
     vertex  7.455408e-01 -3.908262e+00 -4.491064e+00
     vertex  8.616441e-01 -2.651868e+00 -5.312736e+00
   endloop
 endfacet
 facet normal  2.388731e-01 -5.076312e-01 -8.277984e-01
   outer loop
     vertex  1.694063e+00 -3.600068e+00 -4.491064e+00
     vertex  8.616441e-01 -2.651868e+00 -5.312736e+00
     vertex  1.494067e+00 -2.354273e+00 -5.312736e+00
   endloop
 endfacet
 facet normal -9.473249e-01  2.432317e-01 -2.083598e-01
   outer loop
     vertex -5.909286e+00  7.465165e-01 -7.232201e-01
     vertex -5.537984e+00  2.192643e+00 -7.232201e-01
     vertex -5.433846e+00  1.395175e+00 -2.127629e+00
   endloop
 endfacet
 facet normal -9.558712e-01  1.207546e-01 -2.678218e-01
   outer loop
     vertex -5.909286e+00  7.465165e-01 -7.232201e-01
     vertex -5.433846e+00  1.395175e+00 -2.127629e+00
     vertex -5.610097e+00  3.178423e-15 -2.127629e+00
   endloop
 endfacet
 facet normal  6.373181e-01  5.984815e-01  4.854333e-01
   outer loop
     vertex  3.147538e+00  3.804720e+00  3.408388e+00
     vertex  3.994848e+00  2.902427e+00  3.408388e+00
     vertex  4.089585e+00  3.840376e+00  2.127629e+00
   endloop
 endfacet
 facet normal  5.723326e-01  6.918312e-01  4.402329e-01
   outer loop
     vertex  3.147538e+00  3.804720e+00  3.408388e+00
     vertex  4.089585e+00  3.840376e+00  2.127629e+00
     vertex  3.006041e+00  4.736762e+00  2.127629e+00
   endloop
 endfacet
 facet normal -2.354569e-01 -7.246620e-01 -6.476304e-01
   outer loop
     vertex -9.252708e-01 -4.850439e+00 -3.408388e+00
     vertex -2.102457e+00 -4.467948e+00 -3.408388e+00
     vertex -1.229497e+00 -3.784003e+00 -4.491064e+00
   endloop
 endfacet
 facet normal -1.382505e-01 -7.247344e-01 -6.750162e-01
   outer loop
     vertex -9.252708e-01 -4.850439e+00 -3.408388e+00
     vertex -1.229497e+00 -3.784003e+00 -4.491064e+00
     vertex -2.498269e-01 -3.970885e+00 -4.491064e+00
   endloop
 endfacet
 facet normal -6.370882e-01  7.701074e-01  3.245353e-02
   outer loop
     vertex -4.341922e+00  4.077336e+00  7.232201e-01
     vertex -3.191520e+00  5.029031e+00  7.232201e-01
     vertex -3.796659e+00  4.589372e+00 -7.232201e-01
   endloop
 endfacet
 facet normal -7.285846e-01  6.841865e-01 -3.245353e-02
   outer loop
     vertex -4.341922e+00  4.077336e+00  7.232201e-01
     vertex -3.796659e+00  4.589372e+00 -7.232201e-01
     vertex -4.818710e+00  3.500998e+00 -7.232201e-01
   endloop
 endfacet
 facet normal  5.316301e-01 -3.886647e-02 -8.460844e-01
   outer loop
     vertex  2.700738e+00 -6.934317e-01 -5.312736e+00
     vertex  2.603302e+00 -6.376252e-16 -5.405813e+00
     vertex  3.740939e+00 -9.162657e-16 -4.690989e+00
   endloop
 endfacet
 facet normal  3.344519e-01 -1.324189e-01 -9.330633e-01
   outer loop
     vertex  2.700738e+00 -6.934317e-01 -5.312736e+00
     vertex  2.443440e+00 -1.343293e+00 -5.312736e+00
     vertex  1.335060e+00 -5.285878e-01 -5.825651e+00
   endloop
 endfacet
 facet normal  3.423147e-01 -7.758725e-02 -9.363765e-01
   outer loop
     vertex  2.700738e+00 -6.934317e-01 -5.312736e+00
     vertex  1.335060e+00 -5.285878e-01 -5.825651e+00
     vertex  2.603302e+00 -6.376252e-16 -5.405813e+00
   endloop
 endfacet
 facet normal  7.057401e-01  6.214300e-02  7.057401e-01
   outer loop
     vertex  3.853737e+00  9.894714e-01  4.491064e+00
     vertex  3.740939e+00 -9.162657e-16  4.690989e+00
     vertex  4.690989e+00 -1.148961e-15  3.740939e+00
   endloop
 endfacet
 facet normal  7.558174e-01  1.577737e-01  6.354899e-01
   outer loop
     vertex  3.853737e+00  9.894714e-01  4.491064e+00
     vertex  4.690989e+00 -1.148961e-15  3.740939e+00
     vertex  4.591146e+00  1.817763e+00  3.408388e+00
   endloop
 endfacet
 facet normal -6.373181e-01 -5.984815e-01 -4.854333e-01
   outer loop
     vertex -4.089585e+00 -3.840376e+00 -2.127629e+00
     vertex -3.994848e+00 -2.902427e+00 -3.408388e+00
     vertex -3.147538e+00 -3.804720e+00 -3.408388e+00
   endloop
 endfacet
 facet normal -7.264031e-01 -5.277628e-01 -4.402329e-01
   outer loop
     vertex -4.089585e+00 -3.840376e+00 -2.127629e+00
     vertex -4.916166e+00 -2.702685e+00 -2.127629e+00
     vertex -3.994848e+00 -2.902427e+00 -3.408388e+00
   endloop
 endfacet
 facet normal -1.832687e-01  9.607283e-01  2.083598e-01
   outer loop
     vertex -1.051227e+00  5.510727e+00  2.127629e+00
     vertex -3.739962e-01  5.944500e+00  7.232201e-01
     vertex -1.840583e+00  5.664733e+00  7.232201e-01
   endloop
 endfacet
 facet normal -6.049669e-02  9.615673e-01  2.678218e-01
   outer loop
     vertex -1.051227e+00  5.510727e+00  2.127629e+00
     vertex  3.522609e-01  5.599027e+00  2.127629e+00
     vertex -3.739962e-01  5.944500e+00  7.232201e-01
   endloop
 endfacet
 facet normal  3.576112e-01 -4.322777e-01 -8.277984e-01
   outer loop
     vertex  2.536142e+00 -3.065669e+00 -4.491064e+00
     vertex  1.494067e+00 -2.354273e+00 -5.312736e+00
     vertex  2.032612e+00 -1.908749e+00 -5.312736e+00
   endloop
 endfacet
 facet normal  3.098921e-01 -4.883119e-01 -8.157931e-01
   outer loop
     vertex  2.536142e+00 -3.065669e+00 -4.491064e+00
     vertex  1.694063e+00 -3.600068e+00 -4.491064e+00
     vertex  1.494067e+00 -2.354273e+00 -5.312736e+00
   endloop
 endfacet
 facet normal -9.558712e-01 -1.207546e-01 -2.678218e-01
   outer loop
     vertex -5.909286e+00 -7.465165e-01 -7.232201e-01
     vertex -5.610097e+00  3.178423e-15 -2.127629e+00
     vertex -5.433846e+00 -1.395175e+00 -2.127629e+00
   endloop
 endfacet
 facet normal -9.780522e-01  1.163651e-15 -2.083598e-01
   outer loop
     vertex -5.909286e+00 -7.465165e-01 -7.232201e-01
     vertex -5.909286e+00  7.465165e-01 -7.232201e-01
     vertex -5.610097e+00  3.178423e-15 -2.127629e+00
   endloop
 endfacet
 facet normal  3.823003e-01  8.124294e-01  4.402329e-01
   outer loop
     vertex  2.102457e+00  4.467948e+00  3.408388e+00
     vertex  3.006041e+00  4.736762e+00  2.127629e+00
     vertex  1.733615e+00  5.335520e+00  2.127629e+00
   endloop
 endfacet
 facet normal  4.684593e-01  7.381737e-01  4.854333e-01
   outer loop
     vertex  2.102457e+00  4.467948e+00  3.408388e+00
     vertex  3.147538e+00  3.804720e+00  3.408388e+00
     vertex  3.006041e+00  4.736762e+00  2.127629e+00
   endloop
 endfacet
 facet normal  4.632703e-02 -7.363470e-01 -6.750162e-01
   outer loop
     vertex  3.100535e-01 -4.928159e+00 -3.408388e+00
     vertex -2.498269e-01 -3.970885e+00 -4.491064e+00
     vertex  7.455408e-01 -3.908262e+00 -4.491064e+00
   endloop
 endfacet
 facet normal -4.784353e-02 -7.604511e-01 -6.476304e-01
   outer loop
     vertex  3.100535e-01 -4.928159e+00 -3.408388e+00
     vertex -9.252708e-01 -4.850439e+00 -3.408388e+00
     vertex -2.498269e-01 -3.970885e+00 -4.491064e+00
   endloop
 endfacet
 facet normal -8.758451e-01  4.814999e-01 -3.245353e-02
   outer loop
     vertex -5.219505e+00  2.869447e+00  7.232201e-01
     vertex -4.818710e+00  3.500998e+00 -7.232201e-01
     vertex -5.537984e+00  2.192643e+00 -7.232201e-01
   endloop
 endfacet
 facet normal -8.085908e-01  5.874756e-01  3.245353e-02
   outer loop
     vertex -5.219505e+00  2.869447e+00  7.232201e-01
     vertex -4.341922e+00  4.077336e+00  7.232201e-01
     vertex -4.818710e+00  3.500998e+00 -7.232201e-01
   endloop
 endfacet
 facet normal  6.677060e-01  3.670745e-01  6.476304e-01
   outer loop
     vertex  3.486593e+00  1.916771e+00  4.491064e+00
     vertex  4.591146e+00  1.817763e+00  3.408388e+00
     vertex  3.994848e+00  2.902427e+00  3.408388e+00
   endloop
 endfacet
 facet normal  6.859918e-01  2.716034e-01  6.750162e-01
   outer loop
     vertex  3.486593e+00  1.916771e+00  4.491064e+00
     vertex  3.853737e+00  9.894714e-01  4.491064e+00
     vertex  4.591146e+00  1.817763e+00  3.408388e+00
   endloop
 endfacet
 facet normal -4.684593e-01 -7.381737e-01 -4.854333e-01
   outer loop
     vertex -3.006041e+00 -4.736762e+00 -2.127629e+00
     vertex -3.147538e+00 -3.804720e+00 -3.408388e+00
     vertex -2.102457e+00 -4.467948e+00 -3.408388e+00
   endloop
 endfacet
 facet normal -5.723326e-01 -6.918312e-01 -4.402329e-01
   outer loop
     vertex -3.006041e+00 -4.736762e+00 -2.127629e+00
     vertex -4.089585e+00 -3.840376e+00 -2.127629e+00
     vertex -3.147538e+00 -3.804720e+00 -3.408388e+00
   endloop
 endfacet
 facet normal -2.977281e-01  9.163130e-01  2.678218e-01
   outer loop
     vertex -2.388663e+00  5.076168e+00  2.127629e+00
     vertex -1.051227e+00  5.510727e+00  2.127629e+00
     vertex -1.840583e+00  5.664733e+00  7.232201e-01
   endloop
 endfacet
 facet normal -4.164344e-01  8.849681e-01  2.083598e-01
   outer loop
     vertex -2.388663e+00  5.076168e+00  2.127629e+00
     vertex -1.840583e+00  5.664733e+00  7.232201e-01
     vertex -3.191520e+00  5.029031e+00  7.232201e-01
   endloop
 endfacet
 facet normal  4.215945e-01 -3.959036e-01 -8.157931e-01
   outer loop
     vertex  3.218865e+00 -2.338642e+00 -4.491064e+00
     vertex  2.536142e+00 -3.065669e+00 -4.491064e+00
     vertex  2.032612e+00 -1.908749e+00 -5.312736e+00
   endloop
 endfacet
 facet normal  4.538793e-01 -3.297626e-01 -8.277984e-01
   outer loop
     vertex  3.218865e+00 -2.338642e+00 -4.491064e+00
     vertex  2.032612e+00 -1.908749e+00 -5.312736e+00
     vertex  2.443440e+00 -1.343293e+00 -5.312736e+00
   endloop
 endfacet
 facet normal -8.958103e-01 -3.546764e-01 -2.678218e-01
   outer loop
     vertex -5.537984e+00 -2.192643e+00 -7.232201e-01
     vertex -5.433846e+00 -1.395175e+00 -2.127629e+00
     vertex -4.916166e+00 -2.702685e+00 -2.127629e+00
   endloop
 endfacet
 facet normal -9.473249e-01 -2.432317e-01 -2.083598e-01
   outer loop
     vertex -5.537984e+00 -2.192643e+00 -7.232201e-01
     vertex -5.909286e+00 -7.465165e-01 -7.232201e-01
     vertex -5.433846e+00 -1.395175e+00 -2.127629e+00
   endloop
 endfacet
 facet normal  1.682466e-01  8.819796e-01  4.402329e-01
   outer loop
     vertex  9.252708e-01  4.850439e+00  3.408388e+00
     vertex  1.733615e+00  5.335520e+00  2.127629e+00
     vertex  3.522609e-01  5.599027e+00  2.127629e+00
   endloop
 endfacet
 facet normal  2.701654e-01  8.314837e-01  4.854333e-01
   outer loop
     vertex  9.252708e-01  4.850439e+00  3.408388e+00
     vertex  2.102457e+00  4.467948e+00  3.408388e+00
     vertex  1.733615e+00  5.335520e+00  2.127629e+00
   endloop
 endfacet
 facet normal  1.427761e-01 -7.484584e-01 -6.476304e-01
   outer loop
     vertex  1.525896e+00 -4.696225e+00 -3.408388e+00
     vertex  3.100535e-01 -4.928159e+00 -3.408388e+00
     vertex  7.455408e-01 -3.908262e+00 -4.491064e+00
   endloop
 endfacet
 facet normal  2.279936e-01 -7.016923e-01 -6.750162e-01
   outer loop
     vertex  1.525896e+00 -4.696225e+00 -3.408388e+00
     vertex  7.455408e-01 -3.908262e+00 -4.491064e+00
     vertex  1.694063e+00 -3.600068e+00 -4.491064e+00
   endloop
 endfacet
 facet normal -9.292867e-01  3.679306e-01  3.245353e-02
   outer loop
     vertex -5.769127e+00  1.481260e+00  7.232201e-01
     vertex -5.219505e+00  2.869447e+00  7.232201e-01
     vertex -5.537984e+00  2.192643e+00 -7.232201e-01
   endloop
 endfacet
 facet normal -9.680730e-01  2.485589e-01 -3.245353e-02
   outer loop
     vertex -5.769127e+00  1.481260e+00  7.232201e-01
     vertex -5.537984e+00  2.192643e+00 -7.232201e-01
     vertex -5.909286e+00  7.465165e-01 -7.232201e-01
   endloop
 endfacet
 facet normal  5.968951e-01  4.336697e-01  6.750162e-01
   outer loop
     vertex  2.900374e+00  2.723632e+00  4.491064e+00
     vertex  3.486593e+00  1.916771e+00  4.491064e+00
     vertex  3.994848e+00  2.902427e+00  3.408388e+00
   endloop
 endfacet
 facet normal  5.554410e-01  5.215939e-01  6.476304e-01
   outer loop
     vertex  2.900374e+00  2.723632e+00  4.491064e+00
     vertex  3.994848e+00  2.902427e+00  3.408388e+00
     vertex  3.147538e+00  3.804720e+00  3.408388e+00
   endloop
 endfacet
 facet normal -2.701654e-01 -8.314837e-01 -4.854333e-01
   outer loop
     vertex -1.733615e+00 -5.335520e+00 -2.127629e+00
     vertex -2.102457e+00 -4.467948e+00 -3.408388e+00
     vertex -9.252708e-01 -4.850439e+00 -3.408388e+00
   endloop
 endfacet
 facet normal -3.823003e-01 -8.124294e-01 -4.402329e-01
   outer loop
     vertex -1.733615e+00 -5.335520e+00 -2.127629e+00
     vertex -3.006041e+00 -4.736762e+00 -2.127629e+00
     vertex -2.102457e+00 -4.467948e+00 -3.408388e+00
   endloop
 endfacet
 facet normal -6.234340e-01  7.536022e-01  2.083598e-01
   outer loop
     vertex -3.576011e+00  4.322654e+00  2.127629e+00
     vertex -3.191520e+00  5.029031e+00  7.232201e-01
     vertex -4.341922e+00  4.077336e+00  7.232201e-01
   endloop
 endfacet
 facet normal -5.162522e-01  8.134833e-01  2.678218e-01
   outer loop
     vertex -3.576011e+00  4.322654e+00  2.127629e+00
     vertex -2.388663e+00  5.076168e+00  2.127629e+00
     vertex -3.191520e+00  5.029031e+00  7.232201e-01
   endloop
 endfacet
 facet normal  5.699109e-01 -1.270016e-01 -8.118326e-01
   outer loop
     vertex  3.699335e+00 -1.464670e+00 -4.491064e+00
     vertex  2.700738e+00 -6.934317e-01 -5.312736e+00
     vertex  3.740939e+00 -9.162657e-16 -4.690989e+00
   endloop
 endfacet
 facet normal  5.216285e-01 -2.065273e-01 -8.277984e-01
   outer loop
     vertex  3.699335e+00 -1.464670e+00 -4.491064e+00
     vertex  2.443440e+00 -1.343293e+00 -5.312736e+00
     vertex  2.700738e+00 -6.934317e-01 -5.312736e+00
   endloop
 endfacet
 facet normal  5.068066e-01 -2.786193e-01 -8.157931e-01
   outer loop
     vertex  3.699335e+00 -1.464670e+00 -4.491064e+00
     vertex  3.218865e+00 -2.338642e+00 -4.491064e+00
     vertex  2.443440e+00 -1.343293e+00 -5.312736e+00
   endloop
 endfacet
 facet normal  5.318949e-01 -2.270582e-02  8.465059e-01
   outer loop
     vertex  2.766352e+00  3.494715e-01  5.312736e+00
     vertex  2.603302e+00 -6.376252e-16  5.405813e+00
     vertex  3.740939e+00 -9.162657e-16  4.690989e+00
   endloop
 endfacet
 facet normal -8.570737e-01 -4.711803e-01 -2.083598e-01
   outer loop
     vertex -4.818710e+00 -3.500998e+00 -7.232201e-01
     vertex -5.537984e+00 -2.192643e+00 -7.232201e-01
     vertex -4.916166e+00 -2.702685e+00 -2.127629e+00
   endloop
 endfacet
 facet normal -7.794624e-01 -5.663126e-01 -2.678218e-01
   outer loop
     vertex -4.818710e+00 -3.500998e+00 -7.232201e-01
     vertex -4.916166e+00 -2.702685e+00 -2.127629e+00
     vertex -4.089585e+00 -3.840376e+00 -2.127629e+00
   endloop
 endfacet
 facet normal -5.637858e-02  8.961119e-01  4.402329e-01
   outer loop
     vertex -3.100535e-01  4.928159e+00  3.408388e+00
     vertex  3.522609e-01  5.599027e+00  2.127629e+00
     vertex -1.051227e+00  5.510727e+00  2.127629e+00
   endloop
 endfacet
 facet normal  5.489610e-02  8.725485e-01  4.854333e-01
   outer loop
     vertex -3.100535e-01  4.928159e+00  3.408388e+00
     vertex  9.252708e-01  4.850439e+00  3.408388e+00
     vertex  3.522609e-01  5.599027e+00  2.127629e+00
   endloop
 endfacet
 facet normal  3.953346e-01 -6.229476e-01 -6.750162e-01
   outer loop
     vertex  2.645861e+00 -4.169210e+00 -3.408388e+00
     vertex  1.694063e+00 -3.600068e+00 -4.491064e+00
     vertex  2.536142e+00 -3.065669e+00 -4.491064e+00
   endloop
 endfacet
 facet normal  3.244245e-01 -6.894372e-01 -6.476304e-01
   outer loop
     vertex  2.645861e+00 -4.169210e+00 -3.408388e+00
     vertex  1.525896e+00 -4.696225e+00 -3.408388e+00
     vertex  1.694063e+00 -3.600068e+00 -4.491064e+00
   endloop
 endfacet
 facet normal -9.915921e-01  1.252672e-01  3.245353e-02
   outer loop
     vertex -5.956253e+00  3.374538e-15  7.232201e-01
     vertex -5.769127e+00  1.481260e+00  7.232201e-01
     vertex -5.909286e+00  7.465165e-01 -7.232201e-01
   endloop
 endfacet
 facet normal -9.994732e-01  1.191482e-15 -3.245353e-02
   outer loop
     vertex -5.956253e+00  3.374538e-15  7.232201e-01
     vertex -5.909286e+00  7.465165e-01 -7.232201e-01
     vertex -5.909286e+00 -7.465165e-01 -7.232201e-01
   endloop
 endfacet
 facet normal  4.702933e-01  5.684869e-01  6.750162e-01
   outer loop
     vertex  2.131913e+00  3.359358e+00  4.491064e+00
     vertex  2.900374e+00  2.723632e+00  4.491064e+00
     vertex  3.147538e+00  3.804720e+00  3.408388e+00
   endloop
 endfacet
 facet normal  4.082757e-01  6.433396e-01  6.476304e-01
   outer loop
     vertex  2.131913e+00  3.359358e+00  4.491064e+00
     vertex  3.147538e+00  3.804720e+00  3.408388e+00
     vertex  2.102457e+00  4.467948e+00  3.408388e+00
   endloop
 endfacet
 facet normal -5.489610e-02 -8.725485e-01 -4.854333e-01
   outer loop
     vertex -3.522609e-01 -5.599027e+00 -2.127629e+00
     vertex -9.252708e-01 -4.850439e+00 -3.408388e+00
     vertex  3.100535e-01 -4.928159e+00 -3.408388e+00
   endloop
 endfacet
 facet normal -1.682466e-01 -8.819796e-01 -4.402329e-01
   outer loop
     vertex -3.522609e-01 -5.599027e+00 -2.127629e+00
     vertex -1.733615e+00 -5.335520e+00 -2.127629e+00
     vertex -9.252708e-01 -4.850439e+00 -3.408388e+00
   endloop
 endfacet
 facet normal -7.912609e-01  5.748847e-01  2.083598e-01
   outer loop
     vertex -4.538664e+00  3.297533e+00  2.127629e+00
     vertex -4.341922e+00  4.077336e+00  7.232201e-01
     vertex -5.219505e+00  2.869447e+00  7.232201e-01
   endloop
 endfacet
 facet normal -7.023383e-01  6.595395e-01  2.678218e-01
   outer loop
     vertex -4.538664e+00  3.297533e+00  2.127629e+00
     vertex -3.576011e+00  4.322654e+00  2.127629e+00
     vertex -4.341922e+00  4.077336e+00  7.232201e-01
   endloop
 endfacet
 facet normal  7.070768e-01  9.215435e-03 -7.070768e-01
   outer loop
     vertex  3.947362e+00 -4.986678e-01 -4.491064e+00
     vertex  3.740939e+00 -9.162657e-16 -4.690989e+00
     vertex  4.690989e+00 -1.148961e-15 -3.740939e+00
   endloop
 endfacet
 facet normal  5.086821e-01 -1.306074e-01 -8.509901e-01
   outer loop
     vertex  3.947362e+00 -4.986678e-01 -4.491064e+00
     vertex  3.699335e+00 -1.464670e+00 -4.491064e+00
     vertex  3.740939e+00 -9.162657e-16 -4.690989e+00
   endloop
 endfacet
 facet normal  7.582311e-01 -1.946806e-01 -6.222420e-01
   outer loop
     vertex  3.947362e+00 -4.986678e-01 -4.491064e+00
     vertex  4.690989e+00 -1.148961e-15 -3.740939e+00
     vertex  3.699335e+00 -1.464670e+00 -4.491064e+00
   endloop
 endfacet
 facet normal  5.449779e-01  1.059265e-01  8.317324e-01
   outer loop
     vertex  2.592532e+00  1.026456e+00  5.312736e+00
     vertex  3.740939e+00 -9.162657e-16  4.690989e+00
     vertex  3.853737e+00  9.894714e-01  4.491064e+00
   endloop
 endfacet
 facet normal  5.687548e-01  1.460314e-01  8.094398e-01
   outer loop
     vertex  2.592532e+00  1.026456e+00  5.312736e+00
     vertex  2.766352e+00  3.494715e-01  5.312736e+00
     vertex  3.740939e+00 -9.162657e-16  4.690989e+00
   endloop
 endfacet
 facet normal  5.377305e-01  2.129026e-01  8.157931e-01
   outer loop
     vertex  2.592532e+00  1.026456e+00  5.312736e+00
     vertex  3.853737e+00  9.894714e-01  4.491064e+00
     vertex  3.486593e+00  1.916771e+00  4.491064e+00
   endloop
 endfacet
 facet normal  3.441836e-01  8.837134e-02  9.347343e-01
   outer loop
     vertex  2.592532e+00  1.026456e+00  5.312736e+00
     vertex  2.603302e+00 -6.376252e-16  5.405813e+00
     vertex  2.766352e+00  3.494715e-01  5.312736e+00
   endloop
 endfacet
 facet normal -7.129694e-01 -6.695228e-01 -2.083598e-01
   outer loop
     vertex -3.796659e+00 -4.589372e+00 -7.232201e-01
     vertex -4.818710e+00 -3.500998e+00 -7.232201e-01
     vertex -4.089585e+00 -3.840376e+00 -2.127629e+00
   endloop
 endfacet
 facet normal -6.141379e-01 -7.423652e-01 -2.678218e-01
   outer loop
     vertex -3.796659e+00 -4.589372e+00 -7.232201e-01
     vertex -4.089585e+00 -3.840376e+00 -2.127629e+00
     vertex -3.006041e+00 -4.736762e+00 -2.127629e+00
   endloop
 endfacet
 facet normal -2.774613e-01  8.539381e-01  4.402329e-01
   outer loop
     vertex -1.525896e+00  4.696225e+00  3.408388e+00
     vertex -1.051227e+00  5.510727e+00  2.127629e+00
     vertex -2.388663e+00  5.076168e+00  2.127629e+00
   endloop
 endfacet
 facet normal -1.638226e-01  8.587879e-01  4.854333e-01
   outer loop
     vertex -1.525896e+00  4.696225e+00  3.408388e+00
     vertex -3.100535e-01  4.928159e+00  3.408388e+00
     vertex -1.051227e+00  5.510727e+00  2.127629e+00
   endloop
 endfacet
 facet normal  4.856882e-01 -5.870962e-01 -6.476304e-01
   outer loop
     vertex  3.599577e+00 -3.380227e+00 -3.408388e+00
     vertex  2.645861e+00 -4.169210e+00 -3.408388e+00
     vertex  2.536142e+00 -3.065669e+00 -4.491064e+00
   endloop
 endfacet
 facet normal  5.378352e-01 -5.050608e-01 -6.750162e-01
   outer loop
     vertex  3.599577e+00 -3.380227e+00 -3.408388e+00
     vertex  2.536142e+00 -3.065669e+00 -4.491064e+00
     vertex  3.218865e+00 -2.338642e+00 -4.491064e+00
   endloop
 endfacet
 facet normal -9.915921e-01 -1.252672e-01  3.245353e-02
   outer loop
     vertex -5.769127e+00 -1.481260e+00  7.232201e-01
     vertex -5.956253e+00  3.374538e-15  7.232201e-01
     vertex -5.909286e+00 -7.465165e-01 -7.232201e-01
   endloop
 endfacet
 facet normal -9.680730e-01 -2.485589e-01 -3.245353e-02
   outer loop
     vertex -5.769127e+00 -1.481260e+00  7.232201e-01
     vertex -5.909286e+00 -7.465165e-01 -7.232201e-01
     vertex -5.537984e+00 -2.192643e+00 -7.232201e-01
   endloop
 endfacet
 facet normal  3.141412e-01  6.675840e-01  6.750162e-01
   outer loop
     vertex  1.229497e+00  3.784003e+00  4.491064e+00
     vertex  2.131913e+00  3.359358e+00  4.491064e+00
     vertex  2.102457e+00  4.467948e+00  3.408388e+00
   endloop
 endfacet
 facet normal  2.354569e-01  7.246620e-01  6.476304e-01
   outer loop
     vertex  1.229497e+00  3.784003e+00  4.491064e+00
     vertex  2.102457e+00  4.467948e+00  3.408388e+00
     vertex  9.252708e-01  4.850439e+00  3.408388e+00
   endloop
 endfacet
 facet normal  5.637858e-02 -8.961119e-01 -4.402329e-01
   outer loop
     vertex  1.051227e+00 -5.510727e+00 -2.127629e+00
     vertex -3.522609e-01 -5.599027e+00 -2.127629e+00
     vertex  3.100535e-01 -4.928159e+00 -3.408388e+00
   endloop
 endfacet
 facet normal  1.638226e-01 -8.587879e-01 -4.854333e-01
   outer loop
     vertex  1.051227e+00 -5.510727e+00 -2.127629e+00
     vertex  3.100535e-01 -4.928159e+00 -3.408388e+00
     vertex  1.525896e+00 -4.696225e+00 -3.408388e+00
   endloop
 endfacet
 facet normal -8.442938e-01  4.641545e-01  2.678218e-01
   outer loop
     vertex -5.216137e+00  2.065215e+00  2.127629e+00
     vertex -4.538664e+00  3.297533e+00  2.127629e+00
     vertex -5.219505e+00  2.869447e+00  7.232201e-01
   endloop
 endfacet
 facet normal -9.093700e-01  3.600450e-01  2.083598e-01
   outer loop
     vertex -5.216137e+00  2.065215e+00  2.127629e+00
     vertex -5.219505e+00  2.869447e+00  7.232201e-01
     vertex -5.769127e+00  1.481260e+00  7.232201e-01
   endloop
 endfacet
 facet normal  4.916306e-01  2.702762e-01  8.277984e-01
   outer loop
     vertex  2.255814e+00  1.638945e+00  5.312736e+00
     vertex  2.592532e+00  1.026456e+00  5.312736e+00
     vertex  3.486593e+00  1.916771e+00  4.491064e+00
   endloop
 endfacet
 facet normal  4.678900e-01  3.399420e-01  8.157931e-01
   outer loop
     vertex  2.255814e+00  1.638945e+00  5.312736e+00
     vertex  3.486593e+00  1.916771e+00  4.491064e+00
     vertex  2.900374e+00  2.723632e+00  4.491064e+00
   endloop
 endfacet
 facet normal -4.102249e-01 -8.717723e-01 -2.678218e-01
   outer loop
     vertex -2.536049e+00 -5.389379e+00 -7.232201e-01
     vertex -3.006041e+00 -4.736762e+00 -2.127629e+00
     vertex -1.733615e+00 -5.335520e+00 -2.127629e+00
   endloop
 endfacet
 facet normal -5.240666e-01 -8.257968e-01 -2.083598e-01
   outer loop
     vertex -2.536049e+00 -5.389379e+00 -7.232201e-01
     vertex -3.796659e+00 -4.589372e+00 -7.232201e-01
     vertex -3.006041e+00 -4.736762e+00 -2.127629e+00
   endloop
 endfacet
 facet normal -4.811101e-01  7.581082e-01  4.402329e-01
   outer loop
     vertex -2.645861e+00  4.169210e+00  3.408388e+00
     vertex -2.388663e+00  5.076168e+00  2.127629e+00
     vertex -3.576011e+00  4.322654e+00  2.127629e+00
   endloop
 endfacet
 facet normal -3.722476e-01  7.910665e-01  4.854333e-01
   outer loop
     vertex -2.645861e+00  4.169210e+00  3.408388e+00
     vertex -1.525896e+00  4.696225e+00  3.408388e+00
     vertex -2.388663e+00  5.076168e+00  2.127629e+00
   endloop
 endfacet
 facet normal  6.465416e-01 -3.554393e-01 -6.750162e-01
   outer loop
     vertex  4.327118e+00 -2.378853e+00 -3.408388e+00
     vertex  3.218865e+00 -2.338642e+00 -4.491064e+00
     vertex  3.699335e+00 -1.464670e+00 -4.491064e+00
   endloop
 endfacet
 facet normal  6.164343e-01 -4.478657e-01 -6.476304e-01
   outer loop
     vertex  4.327118e+00 -2.378853e+00 -3.408388e+00
     vertex  3.599577e+00 -3.380227e+00 -3.408388e+00
     vertex  3.218865e+00 -2.338642e+00 -4.491064e+00
   endloop
 endfacet
 facet normal -9.292867e-01 -3.679306e-01  3.245353e-02
   outer loop
     vertex -5.219505e+00 -2.869447e+00  7.232201e-01
     vertex -5.769127e+00 -1.481260e+00  7.232201e-01
     vertex -5.537984e+00 -2.192643e+00 -7.232201e-01
   endloop
 endfacet
 facet normal -8.758451e-01 -4.814999e-01 -3.245353e-02
   outer loop
     vertex -5.219505e+00 -2.869447e+00  7.232201e-01
     vertex -5.537984e+00 -2.192643e+00 -7.232201e-01
     vertex -4.818710e+00 -3.500998e+00 -7.232201e-01
   endloop
 endfacet
 facet normal  1.382505e-01  7.247344e-01  6.750162e-01
   outer loop
     vertex  2.498269e-01  3.970885e+00  4.491064e+00
     vertex  1.229497e+00  3.784003e+00  4.491064e+00
     vertex  9.252708e-01  4.850439e+00  3.408388e+00
   endloop
 endfacet
 facet normal  4.784353e-02  7.604511e-01  6.476304e-01
   outer loop
     vertex  2.498269e-01  3.970885e+00  4.491064e+00
     vertex  9.252708e-01  4.850439e+00  3.408388e+00
     vertex -3.100535e-01  4.928159e+00  3.408388e+00
   endloop
 endfacet
 facet normal  2.774613e-01 -8.539381e-01 -4.402329e-01
   outer loop
     vertex  2.388663e+00 -5.076168e+00 -2.127629e+00
     vertex  1.051227e+00 -5.510727e+00 -2.127629e+00
     vertex  1.525896e+00 -4.696225e+00 -3.408388e+00
   endloop
 endfacet
 facet normal  3.722476e-01 -7.910665e-01 -4.854333e-01
   outer loop
     vertex  2.388663e+00 -5.076168e+00 -2.127629e+00
     vertex  1.525896e+00 -4.696225e+00 -3.408388e+00
     vertex  2.645861e+00 -4.169210e+00 -3.408388e+00
   endloop
 endfacet
 facet normal -9.331993e-01  2.396049e-01  2.678218e-01
   outer loop
     vertex -5.565860e+00  7.031317e-01  2.127629e+00
     vertex -5.216137e+00  2.065215e+00  2.127629e+00
     vertex -5.769127e+00  1.481260e+00  7.232201e-01
   endloop
 endfacet
 facet normal -9.703400e-01  1.225825e-01  2.083598e-01
   outer loop
     vertex -5.565860e+00  7.031317e-01  2.127629e+00
     vertex -5.769127e+00  1.481260e+00  7.232201e-01
     vertex -5.956253e+00  3.374538e-15  7.232201e-01
   endloop
 endfacet
 facet normal  4.089701e-01  3.840485e-01  8.277984e-01
   outer loop
     vertex  1.777354e+00  2.148452e+00  5.312736e+00
     vertex  2.255814e+00  1.638945e+00  5.312736e+00
     vertex  2.900374e+00  2.723632e+00  4.491064e+00
   endloop
 endfacet
 facet normal  3.686503e-01  4.456216e-01  8.157931e-01
   outer loop
     vertex  1.777354e+00  2.148452e+00  5.312736e+00
     vertex  2.900374e+00  2.723632e+00  4.491064e+00
     vertex  2.131913e+00  3.359358e+00  4.491064e+00
   endloop
 endfacet
 facet normal -1.805360e-01 -9.464028e-01 -2.678218e-01
   outer loop
     vertex -1.116091e+00 -5.850752e+00 -7.232201e-01
     vertex -1.733615e+00 -5.335520e+00 -2.127629e+00
     vertex -3.522609e-01 -5.599027e+00 -2.127629e+00
   endloop
 endfacet
 facet normal -3.022348e-01 -9.301830e-01 -2.083598e-01
   outer loop
     vertex -1.116091e+00 -5.850752e+00 -7.232201e-01
     vertex -2.536049e+00 -5.389379e+00 -7.232201e-01
     vertex -1.733615e+00 -5.335520e+00 -2.127629e+00
   endloop
 endfacet
 facet normal -6.545290e-01  6.146436e-01  4.402329e-01
   outer loop
     vertex -3.599577e+00  3.380227e+00  3.408388e+00
     vertex -3.576011e+00  4.322654e+00  2.127629e+00
     vertex -4.538664e+00  3.297533e+00  2.127629e+00
   endloop
 endfacet
 facet normal -5.572830e-01  6.736394e-01  4.854333e-01
   outer loop
     vertex -3.599577e+00  3.380227e+00  3.408388e+00
     vertex -2.645861e+00  4.169210e+00  3.408388e+00
     vertex -3.576011e+00  4.322654e+00  2.127629e+00
   endloop
 endfacet
 facet normal  8.439742e-01 -8.053053e-02 -5.303041e-01
   outer loop
     vertex  4.782770e+00 -1.228007e+00 -3.408388e+00
     vertex  4.690989e+00 -1.148961e-15 -3.740939e+00
     vertex  5.405813e+00 -1.324042e-15 -2.603302e+00
   endloop
 endfacet
 facet normal  7.084475e-01 -2.804942e-01 -6.476304e-01
   outer loop
     vertex  4.782770e+00 -1.228007e+00 -3.408388e+00
     vertex  4.327118e+00 -2.378853e+00 -3.408388e+00
     vertex  3.699335e+00 -1.464670e+00 -4.491064e+00
   endloop
 endfacet
 facet normal  7.149585e-01 -1.324724e-01 -6.865023e-01
   outer loop
     vertex  4.782770e+00 -1.228007e+00 -3.408388e+00
     vertex  3.699335e+00 -1.464670e+00 -4.491064e+00
     vertex  4.690989e+00 -1.148961e-15 -3.740939e+00
   endloop
 endfacet
 facet normal  3.302563e-01  1.173863e-02  9.438183e-01
   outer loop
     vertex  1.390783e+00  3.570923e-01  5.825651e+00
     vertex  1.335126e+00 -3.270115e-16  5.849567e+00
     vertex  2.603302e+00 -6.376252e-16  5.405813e+00
   endloop
 endfacet
 facet normal  1.118297e-01  4.904464e-02  9.925164e-01
   outer loop
     vertex  1.390783e+00  3.570923e-01  5.825651e+00
     vertex  3.673940e-16 -8.998559e-32  6.000000e+00
     vertex  1.335126e+00 -3.270115e-16  5.849567e+00
   endloop
 endfacet
 facet normal  3.490279e-01  8.826008e-02  9.329468e-01
   outer loop
     vertex  1.390783e+00  3.570923e-01  5.825651e+00
     vertex  2.603302e+00 -6.376252e-16  5.405813e+00
     vertex  2.592532e+00  1.026456e+00  5.312736e+00
   endloop
 endfacet
 facet normal -8.085908e-01 -5.874756e-01  3.245353e-02
   outer loop
     vertex -4.341922e+00 -4.077336e+00  7.232201e-01
     vertex -5.219505e+00 -2.869447e+00  7.232201e-01
     vertex -4.818710e+00 -3.500998e+00 -7.232201e-01
   endloop
 endfacet
 facet normal -7.285846e-01 -6.841865e-01 -3.245353e-02
   outer loop
     vertex -4.341922e+00 -4.077336e+00  7.232201e-01
     vertex -4.818710e+00 -3.500998e+00 -7.232201e-01
     vertex -3.796659e+00 -4.589372e+00 -7.232201e-01
   endloop
 endfacet
 facet normal -4.632703e-02  7.363470e-01  6.750162e-01
   outer loop
     vertex -7.455408e-01  3.908262e+00  4.491064e+00
     vertex  2.498269e-01  3.970885e+00  4.491064e+00
     vertex -3.100535e-01  4.928159e+00  3.408388e+00
   endloop
 endfacet
 facet normal -1.427761e-01  7.484584e-01  6.476304e-01
   outer loop
     vertex -7.455408e-01  3.908262e+00  4.491064e+00
     vertex -3.100535e-01  4.928159e+00  3.408388e+00
     vertex -1.525896e+00  4.696225e+00  3.408388e+00
   endloop
 endfacet
 facet normal  5.572830e-01 -6.736394e-01 -4.854333e-01
   outer loop
     vertex  3.576011e+00 -4.322654e+00 -2.127629e+00
     vertex  2.645861e+00 -4.169210e+00 -3.408388e+00
     vertex  3.599577e+00 -3.380227e+00 -3.408388e+00
   endloop
 endfacet
 facet normal  4.811101e-01 -7.581082e-01 -4.402329e-01
   outer loop
     vertex  3.576011e+00 -4.322654e+00 -2.127629e+00
     vertex  2.388663e+00 -5.076168e+00 -2.127629e+00
     vertex  2.645861e+00 -4.169210e+00 -3.408388e+00
   endloop
 endfacet
 facet normal -9.634685e-01  1.217029e-15  2.678218e-01
   outer loop
     vertex -5.565860e+00 -7.031317e-01  2.127629e+00
     vertex -5.565860e+00  7.031317e-01  2.127629e+00
     vertex -5.956253e+00  3.374538e-15  7.232201e-01
   endloop
 endfacet
 facet normal -9.703400e-01 -1.225825e-01  2.083598e-01
   outer loop
     vertex -5.565860e+00 -7.031317e-01  2.127629e+00
     vertex -5.956253e+00  3.374538e-15  7.232201e-01
     vertex -5.769127e+00 -1.481260e+00  7.232201e-01
   endloop
 endfacet
 facet normal  2.462468e-01  5.233012e-01  8.157931e-01
   outer loop
     vertex  1.187217e+00  2.522965e+00  5.312736e+00
     vertex  2.131913e+00  3.359358e+00  4.491064e+00
     vertex  1.229497e+00  3.784003e+00  4.491064e+00
   endloop
 endfacet
 facet normal  3.006126e-01  4.736897e-01  8.277984e-01
   outer loop
     vertex  1.187217e+00  2.522965e+00  5.312736e+00
     vertex  1.777354e+00  2.148452e+00  5.312736e+00
     vertex  2.131913e+00  3.359358e+00  4.491064e+00
   endloop
 endfacet
 facet normal -6.141241e-02 -9.761223e-01 -2.083598e-01
   outer loop
     vertex  3.739962e-01 -5.944500e+00 -7.232201e-01
     vertex -1.116091e+00 -5.850752e+00 -7.232201e-01
     vertex -3.522609e-01 -5.599027e+00 -2.127629e+00
   endloop
 endfacet
 facet normal  6.049669e-02 -9.615673e-01 -2.678218e-01
   outer loop
     vertex  3.739962e-01 -5.944500e+00 -7.232201e-01
     vertex -3.522609e-01 -5.599027e+00 -2.127629e+00
     vertex  1.051227e+00 -5.510727e+00 -2.127629e+00
   endloop
 endfacet
 facet normal -7.868214e-01  4.325587e-01  4.402329e-01
   outer loop
     vertex -4.327118e+00  2.378853e+00  3.408388e+00
     vertex -4.538664e+00  3.297533e+00  2.127629e+00
     vertex -5.216137e+00  2.065215e+00  2.127629e+00
   endloop
 endfacet
 facet normal -7.073023e-01  5.138852e-01  4.854333e-01
   outer loop
     vertex -4.327118e+00  2.378853e+00  3.408388e+00
     vertex -3.599577e+00  3.380227e+00  3.408388e+00
     vertex -4.538664e+00  3.297533e+00  2.127629e+00
   endloop
 endfacet
 facet normal  3.273064e-01  1.295898e-01  9.359898e-01
   outer loop
     vertex  1.258283e+00  6.917472e-01  5.825651e+00
     vertex  1.390783e+00  3.570923e-01  5.825651e+00
     vertex  2.592532e+00  1.026456e+00  5.312736e+00
   endloop
 endfacet
 facet normal  3.152181e-01  1.732926e-01  9.330633e-01
   outer loop
     vertex  1.258283e+00  6.917472e-01  5.825651e+00
     vertex  2.592532e+00  1.026456e+00  5.312736e+00
     vertex  2.255814e+00  1.638945e+00  5.312736e+00
   endloop
 endfacet
 facet normal  1.129498e-01  4.472000e-02  9.925938e-01
   outer loop
     vertex  1.258283e+00  6.917472e-01  5.825651e+00
     vertex  3.673940e-16 -8.998559e-32  6.000000e+00
     vertex  1.390783e+00  3.570923e-01  5.825651e+00
   endloop
 endfacet
 facet normal -6.370882e-01 -7.701074e-01  3.245353e-02
   outer loop
     vertex -3.191520e+00 -5.029031e+00  7.232201e-01
     vertex -4.341922e+00 -4.077336e+00  7.232201e-01
     vertex -3.796659e+00 -4.589372e+00 -7.232201e-01
   endloop
 endfacet
 facet normal -5.355445e-01 -8.438832e-01 -3.245353e-02
   outer loop
     vertex -3.191520e+00 -5.029031e+00  7.232201e-01
     vertex -3.796659e+00 -4.589372e+00 -7.232201e-01
     vertex -2.536049e+00 -5.389379e+00 -7.232201e-01
   endloop
 endfacet
 facet normal -2.279936e-01  7.016923e-01  6.750162e-01
   outer loop
     vertex -1.694063e+00  3.600068e+00  4.491064e+00
     vertex -7.455408e-01  3.908262e+00  4.491064e+00
     vertex -1.525896e+00  4.696225e+00  3.408388e+00
   endloop
 endfacet
 facet normal -3.244245e-01  6.894372e-01  6.476304e-01
   outer loop
     vertex -1.694063e+00  3.600068e+00  4.491064e+00
     vertex -1.525896e+00  4.696225e+00  3.408388e+00
     vertex -2.645861e+00  4.169210e+00  3.408388e+00
   endloop
 endfacet
 facet normal  6.545290e-01 -6.146436e-01 -4.402329e-01
   outer loop
     vertex  4.538664e+00 -3.297533e+00 -2.127629e+00
     vertex  3.576011e+00 -4.322654e+00 -2.127629e+00
     vertex  3.599577e+00 -3.380227e+00 -3.408388e+00
   endloop
 endfacet
 facet normal  7.073023e-01 -5.138852e-01 -4.854333e-01
   outer loop
     vertex  4.538664e+00 -3.297533e+00 -2.127629e+00
     vertex  3.599577e+00 -3.380227e+00 -3.408388e+00
     vertex  4.327118e+00 -2.378853e+00 -3.408388e+00
   endloop
 endfacet
 facet normal -9.331993e-01 -2.396049e-01  2.678218e-01
   outer loop
     vertex -5.216137e+00 -2.065215e+00  2.127629e+00
     vertex -5.565860e+00 -7.031317e-01  2.127629e+00
     vertex -5.769127e+00 -1.481260e+00  7.232201e-01
   endloop
 endfacet
 facet normal -9.093700e-01 -3.600450e-01  2.083598e-01
   outer loop
     vertex -5.216137e+00 -2.065215e+00  2.127629e+00
     vertex -5.769127e+00 -1.481260e+00  7.232201e-01
     vertex -5.219505e+00 -2.869447e+00  7.232201e-01
   endloop
 endfacet
 facet normal  1.083708e-01  5.680998e-01  8.157931e-01
   outer loop
     vertex  5.224826e-01  2.738950e+00  5.312736e+00
     vertex  1.229497e+00  3.784003e+00  4.491064e+00
     vertex  2.498269e-01  3.970885e+00  4.491064e+00
   endloop
 endfacet
 facet normal  1.733665e-01  5.335672e-01  8.277984e-01
   outer loop
     vertex  5.224826e-01  2.738950e+00  5.312736e+00
     vertex  1.187217e+00  2.522965e+00  5.312736e+00
     vertex  1.229497e+00  3.784003e+00  4.491064e+00
   endloop
 endfacet
 facet normal  1.832687e-01 -9.607283e-01 -2.083598e-01
   outer loop
     vertex  1.840583e+00 -5.664733e+00 -7.232201e-01
     vertex  3.739962e-01 -5.944500e+00 -7.232201e-01
     vertex  1.051227e+00 -5.510727e+00 -2.127629e+00
   endloop
 endfacet
 facet normal  2.977281e-01 -9.163130e-01 -2.678218e-01
   outer loop
     vertex  1.840583e+00 -5.664733e+00 -7.232201e-01
     vertex  1.051227e+00 -5.510727e+00 -2.127629e+00
     vertex  2.388663e+00 -5.076168e+00 -2.127629e+00
   endloop
 endfacet
 facet normal -8.128791e-01  3.218416e-01  4.854333e-01
   outer loop
     vertex -4.782770e+00  1.228007e+00  3.408388e+00
     vertex -4.327118e+00  2.378853e+00  3.408388e+00
     vertex -5.216137e+00  2.065215e+00  2.127629e+00
   endloop
 endfacet
 facet normal -8.696750e-01  2.232946e-01  4.402329e-01
   outer loop
     vertex -4.782770e+00  1.228007e+00  3.408388e+00
     vertex -5.216137e+00  2.065215e+00  2.127629e+00
     vertex -5.565860e+00  7.031317e-01  2.127629e+00
   endloop
 endfacet
 facet normal  9.827989e-02  7.140452e-02  9.925938e-01
   outer loop
     vertex  1.046722e+00  9.829371e-01  5.825651e+00
     vertex  3.673940e-16 -8.998559e-32  6.000000e+00
     vertex  1.258283e+00  6.917472e-01  5.825651e+00
   endloop
 endfacet
 facet normal  2.847958e-01  2.069163e-01  9.359898e-01
   outer loop
     vertex  1.046722e+00  9.829371e-01  5.825651e+00
     vertex  1.258283e+00  6.917472e-01  5.825651e+00
     vertex  2.255814e+00  1.638945e+00  5.312736e+00
   endloop
 endfacet
 facet normal  2.622189e-01  2.462399e-01  9.330633e-01
   outer loop
     vertex  1.046722e+00  9.829371e-01  5.825651e+00
     vertex  2.255814e+00  1.638945e+00  5.312736e+00
     vertex  1.777354e+00  2.148452e+00  5.312736e+00
   endloop
 endfacet
 facet normal -4.255550e-01 -9.043504e-01  3.245353e-02
   outer loop
     vertex -1.840583e+00 -5.664733e+00  7.232201e-01
     vertex -3.191520e+00 -5.029031e+00  7.232201e-01
     vertex -2.536049e+00 -5.389379e+00 -7.232201e-01
   endloop
 endfacet
 facet normal -3.088542e-01 -9.505555e-01 -3.245353e-02
   outer loop
     vertex -1.840583e+00 -5.664733e+00  7.232201e-01
     vertex -2.536049e+00 -5.389379e+00 -7.232201e-01
     vertex -1.116091e+00 -5.850752e+00 -7.232201e-01
   endloop
 endfacet
 facet normal -3.953346e-01  6.229476e-01  6.750162e-01
   outer loop
     vertex -2.536142e+00  3.065669e+00  4.491064e+00
     vertex -1.694063e+00  3.600068e+00  4.491064e+00
     vertex -2.645861e+00  4.169210e+00  3.408388e+00
   endloop
 endfacet
 facet normal -4.856882e-01  5.870962e-01  6.476304e-01
   outer loop
     vertex -2.536142e+00  3.065669e+00  4.491064e+00
     vertex -2.645861e+00  4.169210e+00  3.408388e+00
     vertex -3.599577e+00  3.380227e+00  3.408388e+00
   endloop
 endfacet
 facet normal  9.316240e-01 -1.606475e-01 -3.259893e-01
   outer loop
     vertex  5.216137e+00 -2.065215e+00 -2.127629e+00
     vertex  5.405813e+00 -1.324042e-15 -2.603302e+00
     vertex  5.849567e+00 -1.432731e-15 -1.335126e+00
   endloop
 endfacet
 facet normal  7.868214e-01 -4.325587e-01 -4.402329e-01
   outer loop
     vertex  5.216137e+00 -2.065215e+00 -2.127629e+00
     vertex  4.538664e+00 -3.297533e+00 -2.127629e+00
     vertex  4.327118e+00 -2.378853e+00 -3.408388e+00
   endloop
 endfacet
 facet normal  8.908966e-01 -1.780643e-01 -4.178474e-01
   outer loop
     vertex  5.216137e+00 -2.065215e+00 -2.127629e+00
     vertex  4.782770e+00 -1.228007e+00 -3.408388e+00
     vertex  5.405813e+00 -1.324042e-15 -2.603302e+00
   endloop
 endfacet
 facet normal  8.128791e-01 -3.218416e-01 -4.854333e-01
   outer loop
     vertex  5.216137e+00 -2.065215e+00 -2.127629e+00
     vertex  4.327118e+00 -2.378853e+00 -3.408388e+00
     vertex  4.782770e+00 -1.228007e+00 -3.408388e+00
   endloop
 endfacet
 facet normal -8.442938e-01 -4.641545e-01  2.678218e-01
   outer loop
     vertex -4.538664e+00 -3.297533e+00  2.127629e+00
     vertex -5.216137e+00 -2.065215e+00  2.127629e+00
     vertex -5.219505e+00 -2.869447e+00  7.232201e-01
   endloop
 endfacet
 facet normal -7.912609e-01 -5.748847e-01  2.083598e-01
   outer loop
     vertex -4.538664e+00 -3.297533e+00  2.127629e+00
     vertex -5.219505e+00 -2.869447e+00  7.232201e-01
     vertex -4.341922e+00 -4.077336e+00  7.232201e-01
   endloop
 endfacet
 facet normal  3.522710e-02  5.599186e-01  8.277984e-01
   outer loop
     vertex -1.750813e-01  2.782837e+00  5.312736e+00
     vertex  5.224826e-01  2.738950e+00  5.312736e+00
     vertex  2.498269e-01  3.970885e+00  4.491064e+00
   endloop
 endfacet
 facet normal -3.631451e-02  5.772026e-01  8.157931e-01
   outer loop
     vertex -1.750813e-01  2.782837e+00  5.312736e+00
     vertex  2.498269e-01  3.970885e+00  4.491064e+00
     vertex -7.455408e-01  3.908262e+00  4.491064e+00
   endloop
 endfacet
 facet normal  5.162522e-01 -8.134833e-01 -2.678218e-01
   outer loop
     vertex  3.191520e+00 -5.029031e+00 -7.232201e-01
     vertex  2.388663e+00 -5.076168e+00 -2.127629e+00
     vertex  3.576011e+00 -4.322654e+00 -2.127629e+00
   endloop
 endfacet
 facet normal  4.164344e-01 -8.849681e-01 -2.083598e-01
   outer loop
     vertex  3.191520e+00 -5.029031e+00 -7.232201e-01
     vertex  1.840583e+00 -5.664733e+00 -7.232201e-01
     vertex  2.388663e+00 -5.076168e+00 -2.127629e+00
   endloop
 endfacet
 facet normal -8.978836e-01  1.113200e-15  4.402329e-01
   outer loop
     vertex -4.937903e+00  2.797588e-15  3.408388e+00
     vertex -5.565860e+00  7.031317e-01  2.127629e+00
     vertex -5.565860e+00 -7.031317e-01  2.127629e+00
   endloop
 endfacet
 facet normal -8.673798e-01  1.095755e-01  4.854333e-01
   outer loop
     vertex -4.937903e+00  2.797588e-15  3.408388e+00
     vertex -4.782770e+00  1.228007e+00  3.408388e+00
     vertex -5.565860e+00  7.031317e-01  2.127629e+00
   endloop
 endfacet
 facet normal  7.743466e-02  9.360243e-02  9.925938e-01
   outer loop
     vertex  7.693905e-01  1.212365e+00  5.825651e+00
     vertex  3.673940e-16 -8.998559e-32  6.000000e+00
     vertex  1.046722e+00  9.829371e-01  5.825651e+00
   endloop
 endfacet
 facet normal  2.243905e-01  2.712415e-01  9.359898e-01
   outer loop
     vertex  7.693905e-01  1.212365e+00  5.825651e+00
     vertex  1.046722e+00  9.829371e-01  5.825651e+00
     vertex  1.777354e+00  2.148452e+00  5.312736e+00
   endloop
 endfacet
 facet normal  1.927434e-01  3.037150e-01  9.330633e-01
   outer loop
     vertex  7.693905e-01  1.212365e+00  5.825651e+00
     vertex  1.777354e+00  2.148452e+00  5.312736e+00
     vertex  1.187217e+00  2.522965e+00  5.312736e+00
   endloop
 endfacet
 facet normal -1.872826e-01 -9.817698e-01  3.245353e-02
   outer loop
     vertex -3.739962e-01 -5.944500e+00  7.232201e-01
     vertex -1.840583e+00 -5.664733e+00  7.232201e-01
     vertex -1.116091e+00 -5.850752e+00 -7.232201e-01
   endloop
 endfacet
 facet normal -6.275744e-02 -9.975010e-01 -3.245353e-02
   outer loop
     vertex -3.739962e-01 -5.944500e+00  7.232201e-01
     vertex -1.116091e+00 -5.850752e+00 -7.232201e-01
     vertex  3.739962e-01 -5.944500e+00 -7.232201e-01
   endloop
 endfacet
 facet normal -6.164343e-01  4.478657e-01  6.476304e-01
   outer loop
     vertex -3.218865e+00  2.338642e+00  4.491064e+00
     vertex -3.599577e+00  3.380227e+00  3.408388e+00
     vertex -4.327118e+00  2.378853e+00  3.408388e+00
   endloop
 endfacet
 facet normal -5.378352e-01  5.050608e-01  6.750162e-01
   outer loop
     vertex -3.218865e+00  2.338642e+00  4.491064e+00
     vertex -2.536142e+00  3.065669e+00  4.491064e+00
     vertex -3.599577e+00  3.380227e+00  3.408388e+00
   endloop
 endfacet
 facet normal -7.023383e-01 -6.595395e-01  2.678218e-01
   outer loop
     vertex -3.576011e+00 -4.322654e+00  2.127629e+00
     vertex -4.538664e+00 -3.297533e+00  2.127629e+00
     vertex -4.341922e+00 -4.077336e+00  7.232201e-01
   endloop
 endfacet
 facet normal -6.234340e-01 -7.536022e-01  2.083598e-01
   outer loop
     vertex -3.576011e+00 -4.322654e+00  2.127629e+00
     vertex -4.341922e+00 -4.077336e+00  7.232201e-01
     vertex -3.191520e+00 -5.029031e+00  7.232201e-01
   endloop
 endfacet
 facet normal -1.051257e-01  5.510884e-01  8.277984e-01
   outer loop
     vertex -8.616441e-01  2.651868e+00  5.312736e+00
     vertex -1.750813e-01  2.782837e+00  5.312736e+00
     vertex -7.455408e-01  3.908262e+00  4.491064e+00
   endloop
 endfacet
 facet normal -1.787181e-01  5.500377e-01  8.157931e-01
   outer loop
     vertex -8.616441e-01  2.651868e+00  5.312736e+00
     vertex -7.455408e-01  3.908262e+00  4.491064e+00
     vertex -1.694063e+00  3.600068e+00  4.491064e+00
   endloop
 endfacet
 facet normal  7.023383e-01 -6.595395e-01 -2.678218e-01
   outer loop
     vertex  4.341922e+00 -4.077336e+00 -7.232201e-01
     vertex  3.576011e+00 -4.322654e+00 -2.127629e+00
     vertex  4.538664e+00 -3.297533e+00 -2.127629e+00
   endloop
 endfacet
 facet normal  6.234340e-01 -7.536022e-01 -2.083598e-01
   outer loop
     vertex  4.341922e+00 -4.077336e+00 -7.232201e-01
     vertex  3.191520e+00 -5.029031e+00 -7.232201e-01
     vertex  3.576011e+00 -4.322654e+00 -2.127629e+00
   endloop
 endfacet
 facet normal -8.696750e-01 -2.232946e-01  4.402329e-01
   outer loop
     vertex -4.782770e+00 -1.228007e+00  3.408388e+00
     vertex -5.565860e+00 -7.031317e-01  2.127629e+00
     vertex -5.216137e+00 -2.065215e+00  2.127629e+00
   endloop
 endfacet
 facet normal -8.673798e-01 -1.095755e-01  4.854333e-01
   outer loop
     vertex -4.782770e+00 -1.228007e+00  3.408388e+00
     vertex -4.937903e+00  2.797588e-15  3.408388e+00
     vertex -5.565860e+00 -7.031317e-01  2.127629e+00
   endloop
 endfacet
 facet normal  5.172393e-02  1.099190e-01  9.925938e-01
   outer loop
     vertex  4.437156e-01  1.365616e+00  5.825651e+00
     vertex  3.673940e-16 -8.998559e-32  6.000000e+00
     vertex  7.693905e-01  1.212365e+00  5.825651e+00
   endloop
 endfacet
 facet normal  1.111572e-01  3.421066e-01  9.330633e-01
   outer loop
     vertex  4.437156e-01  1.365616e+00  5.825651e+00
     vertex  1.187217e+00  2.522965e+00  5.312736e+00
     vertex  5.224826e-01  2.738950e+00  5.312736e+00
   endloop
 endfacet
 facet normal  1.498858e-01  3.185236e-01  9.359898e-01
   outer loop
     vertex  4.437156e-01  1.365616e+00  5.825651e+00
     vertex  7.693905e-01  1.212365e+00  5.825651e+00
     vertex  1.187217e+00  2.522965e+00  5.312736e+00
   endloop
 endfacet
 facet normal  6.275744e-02 -9.975010e-01  3.245353e-02
   outer loop
     vertex  1.116091e+00 -5.850752e+00  7.232201e-01
     vertex -3.739962e-01 -5.944500e+00  7.232201e-01
     vertex  3.739962e-01 -5.944500e+00 -7.232201e-01
   endloop
 endfacet
 facet normal  1.872826e-01 -9.817698e-01 -3.245353e-02
   outer loop
     vertex  1.116091e+00 -5.850752e+00  7.232201e-01
     vertex  3.739962e-01 -5.944500e+00 -7.232201e-01
     vertex  1.840583e+00 -5.664733e+00 -7.232201e-01
   endloop
 endfacet
 facet normal -7.084475e-01  2.804942e-01  6.476304e-01
   outer loop
     vertex -3.699335e+00  1.464670e+00  4.491064e+00
     vertex -4.327118e+00  2.378853e+00  3.408388e+00
     vertex -4.782770e+00  1.228007e+00  3.408388e+00
   endloop
 endfacet
 facet normal -6.465416e-01  3.554393e-01  6.750162e-01
   outer loop
     vertex -3.699335e+00  1.464670e+00  4.491064e+00
     vertex -3.218865e+00  2.338642e+00  4.491064e+00
     vertex -4.327118e+00  2.378853e+00  3.408388e+00
   endloop
 endfacet
 facet normal -4.164344e-01 -8.849681e-01  2.083598e-01
   outer loop
     vertex -2.388663e+00 -5.076168e+00  2.127629e+00
     vertex -3.191520e+00 -5.029031e+00  7.232201e-01
     vertex -1.840583e+00 -5.664733e+00  7.232201e-01
   endloop
 endfacet
 facet normal -5.162522e-01 -8.134833e-01  2.678218e-01
   outer loop
     vertex -2.388663e+00 -5.076168e+00  2.127629e+00
     vertex -3.576011e+00 -4.322654e+00  2.127629e+00
     vertex -3.191520e+00 -5.029031e+00  7.232201e-01
   endloop
 endfacet
 facet normal -3.098921e-01  4.883119e-01  8.157931e-01
   outer loop
     vertex -1.494067e+00  2.354273e+00  5.312736e+00
     vertex -1.694063e+00  3.600068e+00  4.491064e+00
     vertex -2.536142e+00  3.065669e+00  4.491064e+00
   endloop
 endfacet
 facet normal -2.388731e-01  5.076312e-01  8.277984e-01
   outer loop
     vertex -1.494067e+00  2.354273e+00  5.312736e+00
     vertex -8.616441e-01  2.651868e+00  5.312736e+00
     vertex -1.694063e+00  3.600068e+00  4.491064e+00
   endloop
 endfacet
 facet normal  7.912609e-01 -5.748847e-01 -2.083598e-01
   outer loop
     vertex  5.219505e+00 -2.869447e+00 -7.232201e-01
     vertex  4.341922e+00 -4.077336e+00 -7.232201e-01
     vertex  4.538664e+00 -3.297533e+00 -2.127629e+00
   endloop
 endfacet
 facet normal  8.442938e-01 -4.641545e-01 -2.678218e-01
   outer loop
     vertex  5.219505e+00 -2.869447e+00 -7.232201e-01
     vertex  4.538664e+00 -3.297533e+00 -2.127629e+00
     vertex  5.216137e+00 -2.065215e+00 -2.127629e+00
   endloop
 endfacet
 facet normal -8.128791e-01 -3.218416e-01  4.854333e-01
   outer loop
     vertex -4.327118e+00 -2.378853e+00  3.408388e+00
     vertex -4.782770e+00 -1.228007e+00  3.408388e+00
     vertex -5.216137e+00 -2.065215e+00  2.127629e+00
   endloop
 endfacet
 facet normal -7.868214e-01 -4.325587e-01  4.402329e-01
   outer loop
     vertex -4.327118e+00 -2.378853e+00  3.408388e+00
     vertex -5.216137e+00 -2.065215e+00  2.127629e+00
     vertex -4.538664e+00 -3.297533e+00  2.127629e+00
   endloop
 endfacet
 facet normal  2.276320e-02  1.193289e-01  9.925938e-01
   outer loop
     vertex  9.016053e-02  1.433061e+00  5.825651e+00
     vertex  3.673940e-16 -8.998559e-32  6.000000e+00
     vertex  4.437156e-01  1.365616e+00  5.825651e+00
   endloop
 endfacet
 facet normal  2.258651e-02  3.590023e-01  9.330633e-01
   outer loop
     vertex  9.016053e-02  1.433061e+00  5.825651e+00
     vertex  5.224826e-01  2.738950e+00  5.312736e+00
     vertex -1.750813e-01  2.782837e+00  5.312736e+00
   endloop
 endfacet
 facet normal  6.596328e-02  3.457916e-01  9.359898e-01
   outer loop
     vertex  9.016053e-02  1.433061e+00  5.825651e+00
     vertex  4.437156e-01  1.365616e+00  5.825651e+00
     vertex  5.224826e-01  2.738950e+00  5.312736e+00
   endloop
 endfacet
 facet normal  4.255550e-01 -9.043504e-01 -3.245353e-02
   outer loop
     vertex  2.536049e+00 -5.389379e+00  7.232201e-01
     vertex  1.840583e+00 -5.664733e+00 -7.232201e-01
     vertex  3.191520e+00 -5.029031e+00 -7.232201e-01
   endloop
 endfacet
 facet normal  3.088542e-01 -9.505555e-01  3.245353e-02
   outer loop
     vertex  2.536049e+00 -5.389379e+00  7.232201e-01
     vertex  1.116091e+00 -5.850752e+00  7.232201e-01
     vertex  1.840583e+00 -5.664733e+00 -7.232201e-01
   endloop
 endfacet
 facet normal -7.559464e-01  9.549824e-02  6.476304e-01
   outer loop
     vertex -3.947362e+00  4.986678e-01  4.491064e+00
     vertex -4.782770e+00  1.228007e+00  3.408388e+00
     vertex -4.937903e+00  2.797588e-15  3.408388e+00
   endloop
 endfacet
 facet normal -7.146235e-01  1.834841e-01  6.750162e-01
   outer loop
     vertex -3.947362e+00  4.986678e-01  4.491064e+00
     vertex -3.699335e+00  1.464670e+00  4.491064e+00
     vertex -4.782770e+00  1.228007e+00  3.408388e+00
   endloop
 endfacet
 facet normal -2.977281e-01 -9.163130e-01  2.678218e-01
   outer loop
     vertex -1.051227e+00 -5.510727e+00  2.127629e+00
     vertex -2.388663e+00 -5.076168e+00  2.127629e+00
     vertex -1.840583e+00 -5.664733e+00  7.232201e-01
   endloop
 endfacet
 facet normal -1.832687e-01 -9.607283e-01  2.083598e-01
   outer loop
     vertex -1.051227e+00 -5.510727e+00  2.127629e+00
     vertex -1.840583e+00 -5.664733e+00  7.232201e-01
     vertex -3.739962e-01 -5.944500e+00  7.232201e-01
   endloop
 endfacet
 facet normal -4.215945e-01  3.959036e-01  8.157931e-01
   outer loop
     vertex -2.032612e+00  1.908749e+00  5.312736e+00
     vertex -2.536142e+00  3.065669e+00  4.491064e+00
     vertex -3.218865e+00  2.338642e+00  4.491064e+00
   endloop
 endfacet
 facet normal -3.576112e-01  4.322777e-01  8.277984e-01
   outer loop
     vertex -2.032612e+00  1.908749e+00  5.312736e+00
     vertex -1.494067e+00  2.354273e+00  5.312736e+00
     vertex -2.536142e+00  3.065669e+00  4.491064e+00
   endloop
 endfacet
 facet normal  9.093700e-01 -3.600450e-01 -2.083598e-01
   outer loop
     vertex  5.769127e+00 -1.481260e+00 -7.232201e-01
     vertex  5.219505e+00 -2.869447e+00 -7.232201e-01
     vertex  5.216137e+00 -2.065215e+00 -2.127629e+00
   endloop
 endfacet
 facet normal  9.887594e-01 -9.971705e-02 -1.114064e-01
   outer loop
     vertex  5.769127e+00 -1.481260e+00 -7.232201e-01
     vertex  5.849567e+00 -1.432731e-15 -1.335126e+00
     vertex  6.000000e+00 -9.797174e-16 -1.867896e-15
   endloop
 endfacet
 facet normal  9.388024e-01 -1.738286e-01 -2.973779e-01
   outer loop
     vertex  5.769127e+00 -1.481260e+00 -7.232201e-01
     vertex  5.216137e+00 -2.065215e+00 -2.127629e+00
     vertex  5.849567e+00 -1.432731e-15 -1.335126e+00
   endloop
 endfacet
 facet normal -7.073023e-01 -5.138852e-01  4.854333e-01
   outer loop
     vertex -3.599577e+00 -3.380227e+00  3.408388e+00
     vertex -4.327118e+00 -2.378853e+00  3.408388e+00
     vertex -4.538664e+00 -3.297533e+00  2.127629e+00
   endloop
 endfacet
 facet normal -6.545290e-01 -6.146436e-01  4.402329e-01
   outer loop
     vertex -3.599577e+00 -3.380227e+00  3.408388e+00
     vertex -4.538664e+00 -3.297533e+00  2.127629e+00
     vertex -3.576011e+00 -4.322654e+00  2.127629e+00
   endloop
 endfacet
 facet normal -2.210396e-02  3.513324e-01  9.359898e-01
   outer loop
     vertex -2.690597e-01  1.410460e+00  5.825651e+00
     vertex  9.016053e-02  1.433061e+00  5.825651e+00
     vertex -1.750813e-01  2.782837e+00  5.312736e+00
   endloop
 endfacet
 facet normal -6.740333e-02  3.533406e-01  9.330633e-01
   outer loop
     vertex -2.690597e-01  1.410460e+00  5.825651e+00
     vertex -1.750813e-01  2.782837e+00  5.312736e+00
     vertex -8.616441e-01  2.651868e+00  5.312736e+00
   endloop
 endfacet
 facet normal -7.627831e-03  1.212409e-01  9.925938e-01
   outer loop
     vertex -2.690597e-01  1.410460e+00  5.825651e+00
     vertex  3.673940e-16 -8.998559e-32  6.000000e+00
     vertex  9.016053e-02  1.433061e+00  5.825651e+00
   endloop
 endfacet
 facet normal  5.355445e-01 -8.438832e-01  3.245353e-02
   outer loop
     vertex  3.796659e+00 -4.589372e+00  7.232201e-01
     vertex  2.536049e+00 -5.389379e+00  7.232201e-01
     vertex  3.191520e+00 -5.029031e+00 -7.232201e-01
   endloop
 endfacet
 facet normal  6.370882e-01 -7.701074e-01 -3.245353e-02
   outer loop
     vertex  3.796659e+00 -4.589372e+00  7.232201e-01
     vertex  3.191520e+00 -5.029031e+00 -7.232201e-01
     vertex  4.341922e+00 -4.077336e+00 -7.232201e-01
   endloop
 endfacet
 facet normal -7.378029e-01  6.570512e-16  6.750162e-01
   outer loop
     vertex -3.947362e+00 -4.986678e-01  4.491064e+00
     vertex -3.947362e+00  4.986678e-01  4.491064e+00
     vertex -4.937903e+00  2.797588e-15  3.408388e+00
   endloop
 endfacet
 facet normal -7.559464e-01 -9.549824e-02  6.476304e-01
   outer loop
     vertex -3.947362e+00 -4.986678e-01  4.491064e+00
     vertex -4.937903e+00  2.797588e-15  3.408388e+00
     vertex -4.782770e+00 -1.228007e+00  3.408388e+00
   endloop
 endfacet
 facet normal -6.049669e-02 -9.615673e-01  2.678218e-01
   outer loop
     vertex  3.522609e-01 -5.599027e+00  2.127629e+00
     vertex -1.051227e+00 -5.510727e+00  2.127629e+00
     vertex -3.739962e-01 -5.944500e+00  7.232201e-01
   endloop
 endfacet
 facet normal  6.141241e-02 -9.761223e-01  2.083598e-01
   outer loop
     vertex  3.522609e-01 -5.599027e+00  2.127629e+00
     vertex -3.739962e-01 -5.944500e+00  7.232201e-01
     vertex  1.116091e+00 -5.850752e+00  7.232201e-01
   endloop
 endfacet
 facet normal -4.538793e-01  3.297626e-01  8.277984e-01
   outer loop
     vertex -2.443440e+00  1.343293e+00  5.312736e+00
     vertex -2.032612e+00  1.908749e+00  5.312736e+00
     vertex -3.218865e+00  2.338642e+00  4.491064e+00
   endloop
 endfacet
 facet normal -5.068066e-01  2.786193e-01  8.157931e-01
   outer loop
     vertex -2.443440e+00  1.343293e+00  5.312736e+00
     vertex -3.218865e+00  2.338642e+00  4.491064e+00
     vertex -3.699335e+00  1.464670e+00  4.491064e+00
   endloop
 endfacet
 facet normal -4.811101e-01 -7.581082e-01  4.402329e-01
   outer loop
     vertex -2.645861e+00 -4.169210e+00  3.408388e+00
     vertex -3.576011e+00 -4.322654e+00  2.127629e+00
     vertex -2.388663e+00 -5.076168e+00  2.127629e+00
   endloop
 endfacet
 facet normal -5.572830e-01 -6.736394e-01  4.854333e-01
   outer loop
     vertex -2.645861e+00 -4.169210e+00  3.408388e+00
     vertex -3.599577e+00 -3.380227e+00  3.408388e+00
     vertex -3.576011e+00 -4.322654e+00  2.127629e+00
   endloop
 endfacet
 facet normal -1.531580e-01  3.254773e-01  9.330633e-01
   outer loop
     vertex -6.113739e-01  1.299236e+00  5.825651e+00
     vertex -8.616441e-01  2.651868e+00  5.312736e+00
     vertex -1.494067e+00  2.354273e+00  5.312736e+00
   endloop
 endfacet
 facet normal -3.753958e-02  1.155349e-01  9.925938e-01
   outer loop
     vertex -6.113739e-01  1.299236e+00  5.825651e+00
     vertex  3.673940e-16 -8.998559e-32  6.000000e+00
     vertex -2.690597e-01  1.410460e+00  5.825651e+00
   endloop
 endfacet
 facet normal -1.087823e-01  3.347976e-01  9.359898e-01
   outer loop
     vertex -6.113739e-01  1.299236e+00  5.825651e+00
     vertex -2.690597e-01  1.410460e+00  5.825651e+00
     vertex -8.616441e-01  2.651868e+00  5.312736e+00
   endloop
 endfacet
 facet normal  8.085908e-01 -5.874756e-01 -3.245353e-02
   outer loop
     vertex  4.818710e+00 -3.500998e+00  7.232201e-01
     vertex  4.341922e+00 -4.077336e+00 -7.232201e-01
     vertex  5.219505e+00 -2.869447e+00 -7.232201e-01
   endloop
 endfacet
 facet normal  7.285846e-01 -6.841865e-01  3.245353e-02
   outer loop
     vertex  4.818710e+00 -3.500998e+00  7.232201e-01
     vertex  3.796659e+00 -4.589372e+00  7.232201e-01
     vertex  4.341922e+00 -4.077336e+00 -7.232201e-01
   endloop
 endfacet
 facet normal -7.146235e-01 -1.834841e-01  6.750162e-01
   outer loop
     vertex -3.699335e+00 -1.464670e+00  4.491064e+00
     vertex -3.947362e+00 -4.986678e-01  4.491064e+00
     vertex -4.782770e+00 -1.228007e+00  3.408388e+00
   endloop
 endfacet
 facet normal -7.084475e-01 -2.804942e-01  6.476304e-01
   outer loop
     vertex -3.699335e+00 -1.464670e+00  4.491064e+00
     vertex -4.782770e+00 -1.228007e+00  3.408388e+00
     vertex -4.327118e+00 -2.378853e+00  3.408388e+00
   endloop
 endfacet
 facet normal  1.805360e-01 -9.464028e-01  2.678218e-01
   outer loop
     vertex  1.733615e+00 -5.335520e+00  2.127629e+00
     vertex  3.522609e-01 -5.599027e+00  2.127629e+00
     vertex  1.116091e+00 -5.850752e+00  7.232201e-01
   endloop
 endfacet
 facet normal  3.022348e-01 -9.301830e-01  2.083598e-01
   outer loop
     vertex  1.733615e+00 -5.335520e+00  2.127629e+00
     vertex  1.116091e+00 -5.850752e+00  7.232201e-01
     vertex  2.536049e+00 -5.389379e+00  7.232201e-01
   endloop
 endfacet
 facet normal -5.601741e-01  1.438283e-01  8.157931e-01
   outer loop
     vertex -2.700738e+00  6.934317e-01  5.312736e+00
     vertex -3.699335e+00  1.464670e+00  4.491064e+00
     vertex -3.947362e+00  4.986678e-01  4.491064e+00
   endloop
 endfacet
 facet normal -5.216285e-01  2.065273e-01  8.277984e-01
   outer loop
     vertex -2.700738e+00  6.934317e-01  5.312736e+00
     vertex -2.443440e+00  1.343293e+00  5.312736e+00
     vertex -3.699335e+00  1.464670e+00  4.491064e+00
   endloop
 endfacet
 facet normal -2.774613e-01 -8.539381e-01  4.402329e-01
   outer loop
     vertex -1.525896e+00 -4.696225e+00  3.408388e+00
     vertex -2.388663e+00 -5.076168e+00  2.127629e+00
     vertex -1.051227e+00 -5.510727e+00  2.127629e+00
   endloop
 endfacet
 facet normal -3.722476e-01 -7.910665e-01  4.854333e-01
   outer loop
     vertex -1.525896e+00 -4.696225e+00  3.408388e+00
     vertex -2.645861e+00 -4.169210e+00  3.408388e+00
     vertex -2.388663e+00 -5.076168e+00  2.127629e+00
   endloop
 endfacet
 facet normal -1.886255e-01  2.972262e-01  9.359898e-01
   outer loop
     vertex -9.152733e-01  1.106375e+00  5.825651e+00
     vertex -6.113739e-01  1.299236e+00  5.825651e+00
     vertex -1.494067e+00  2.354273e+00  5.312736e+00
   endloop
 endfacet
 facet normal -2.292891e-01  2.771630e-01  9.330633e-01
   outer loop
     vertex -9.152733e-01  1.106375e+00  5.825651e+00
     vertex -1.494067e+00  2.354273e+00  5.312736e+00
     vertex -2.032612e+00  1.908749e+00  5.312736e+00
   endloop
 endfacet
 facet normal -6.509257e-02  1.025695e-01  9.925938e-01
   outer loop
     vertex -9.152733e-01  1.106375e+00  5.825651e+00
     vertex  3.673940e-16 -8.998559e-32  6.000000e+00
     vertex -6.113739e-01  1.299236e+00  5.825651e+00
   endloop
 endfacet
 facet normal  9.792567e-01 -1.699479e-01  1.103357e-01
   outer loop
     vertex  5.537984e+00 -2.192643e+00  7.232201e-01
     vertex  6.000000e+00 -9.797174e-16 -1.867896e-15
     vertex  5.849567e+00 -1.432731e-15  1.335126e+00
   endloop
 endfacet
 facet normal  9.805504e-01 -1.849294e-01  6.574146e-02
   outer loop
     vertex  5.537984e+00 -2.192643e+00  7.232201e-01
     vertex  5.769127e+00 -1.481260e+00 -7.232201e-01
     vertex  6.000000e+00 -9.797174e-16 -1.867896e-15
   endloop
 endfacet
 facet normal  9.292867e-01 -3.679306e-01 -3.245353e-02
   outer loop
     vertex  5.537984e+00 -2.192643e+00  7.232201e-01
     vertex  5.219505e+00 -2.869447e+00 -7.232201e-01
     vertex  5.769127e+00 -1.481260e+00 -7.232201e-01
   endloop
 endfacet
 facet normal  8.758451e-01 -4.814999e-01  3.245353e-02
   outer loop
     vertex  5.537984e+00 -2.192643e+00  7.232201e-01
     vertex  4.818710e+00 -3.500998e+00  7.232201e-01
     vertex  5.219505e+00 -2.869447e+00 -7.232201e-01
   endloop
 endfacet
 facet normal -6.465416e-01 -3.554393e-01  6.750162e-01
   outer loop
     vertex -3.218865e+00 -2.338642e+00  4.491064e+00
     vertex -3.699335e+00 -1.464670e+00  4.491064e+00
     vertex -4.327118e+00 -2.378853e+00  3.408388e+00
   endloop
 endfacet
 facet normal -6.164343e-01 -4.478657e-01  6.476304e-01
   outer loop
     vertex -3.218865e+00 -2.338642e+00  4.491064e+00
     vertex -4.327118e+00 -2.378853e+00  3.408388e+00
     vertex -3.599577e+00 -3.380227e+00  3.408388e+00
   endloop
 endfacet
 facet normal  4.102249e-01 -8.717723e-01  2.678218e-01
   outer loop
     vertex  3.006041e+00 -4.736762e+00  2.127629e+00
     vertex  1.733615e+00 -5.335520e+00  2.127629e+00
     vertex  2.536049e+00 -5.389379e+00  7.232201e-01
   endloop
 endfacet
 facet normal  5.240666e-01 -8.257968e-01  2.083598e-01
   outer loop
     vertex  3.006041e+00 -4.736762e+00  2.127629e+00
     vertex  2.536049e+00 -5.389379e+00  7.232201e-01
     vertex  3.796659e+00 -4.589372e+00  7.232201e-01
   endloop
 endfacet
 facet normal -5.566018e-01  7.031517e-02  8.277984e-01
   outer loop
     vertex -2.788339e+00  1.579744e-15  5.312736e+00
     vertex -2.700738e+00  6.934317e-01  5.312736e+00
     vertex -3.947362e+00  4.986678e-01  4.491064e+00
   endloop
 endfacet
 facet normal -5.783439e-01  5.200222e-16  8.157931e-01
   outer loop
     vertex -2.788339e+00  1.579744e-15  5.312736e+00
     vertex -3.947362e+00  4.986678e-01  4.491064e+00
     vertex -3.947362e+00 -4.986678e-01  4.491064e+00
   endloop
 endfacet
 facet normal -5.637858e-02 -8.961119e-01  4.402329e-01
   outer loop
     vertex -3.100535e-01 -4.928159e+00  3.408388e+00
     vertex -1.051227e+00 -5.510727e+00  2.127629e+00
     vertex  3.522609e-01 -5.599027e+00  2.127629e+00
   endloop
 endfacet
 facet normal -1.638226e-01 -8.587879e-01  4.854333e-01
   outer loop
     vertex -3.100535e-01 -4.928159e+00  3.408388e+00
     vertex -1.525896e+00 -4.696225e+00  3.408388e+00
     vertex -1.051227e+00 -5.510727e+00  2.127629e+00
   endloop
 endfacet
 facet normal -8.855556e-02  8.315921e-02  9.925938e-01
   outer loop
     vertex -1.161663e+00  8.439973e-01  5.825651e+00
     vertex  3.673940e-16 -8.998559e-32  6.000000e+00
     vertex -9.152733e-01  1.106375e+00  5.825651e+00
   endloop
 endfacet
 facet normal -2.566166e-01  2.409791e-01  9.359898e-01
   outer loop
     vertex -1.161663e+00  8.439973e-01  5.825651e+00
     vertex -9.152733e-01  1.106375e+00  5.825651e+00
     vertex -2.032612e+00  1.908749e+00  5.312736e+00
   endloop
 endfacet
 facet normal -2.910132e-01  2.114335e-01  9.330633e-01
   outer loop
     vertex -1.161663e+00  8.439973e-01  5.825651e+00
     vertex -2.032612e+00  1.908749e+00  5.312736e+00
     vertex -2.443440e+00  1.343293e+00  5.312736e+00
   endloop
 endfacet
 facet normal -5.378352e-01 -5.050608e-01  6.750162e-01
   outer loop
     vertex -2.536142e+00 -3.065669e+00  4.491064e+00
     vertex -3.218865e+00 -2.338642e+00  4.491064e+00
     vertex -3.599577e+00 -3.380227e+00  3.408388e+00
   endloop
 endfacet
 facet normal -4.856882e-01 -5.870962e-01  6.476304e-01
   outer loop
     vertex -2.536142e+00 -3.065669e+00  4.491064e+00
     vertex -3.599577e+00 -3.380227e+00  3.408388e+00
     vertex -2.645861e+00 -4.169210e+00  3.408388e+00
   endloop
 endfacet
 facet normal  7.129694e-01 -6.695228e-01  2.083598e-01
   outer loop
     vertex  4.089585e+00 -3.840376e+00  2.127629e+00
     vertex  3.796659e+00 -4.589372e+00  7.232201e-01
     vertex  4.818710e+00 -3.500998e+00  7.232201e-01
   endloop
 endfacet
 facet normal  6.141379e-01 -7.423652e-01  2.678218e-01
   outer loop
     vertex  4.089585e+00 -3.840376e+00  2.127629e+00
     vertex  3.006041e+00 -4.736762e+00  2.127629e+00
     vertex  3.796659e+00 -4.589372e+00  7.232201e-01
   endloop
 endfacet
 facet normal -5.601741e-01 -1.438283e-01  8.157931e-01
   outer loop
     vertex -2.700738e+00 -6.934317e-01  5.312736e+00
     vertex -3.947362e+00 -4.986678e-01  4.491064e+00
     vertex -3.699335e+00 -1.464670e+00  4.491064e+00
   endloop
 endfacet
 facet normal -5.566018e-01 -7.031517e-02  8.277984e-01
   outer loop
     vertex -2.700738e+00 -6.934317e-01  5.312736e+00
     vertex -2.788339e+00  1.579744e-15  5.312736e+00
     vertex -3.947362e+00 -4.986678e-01  4.491064e+00
   endloop
 endfacet
 facet normal  1.682466e-01 -8.819796e-01  4.402329e-01
   outer loop
     vertex  9.252708e-01 -4.850439e+00  3.408388e+00
     vertex  3.522609e-01 -5.599027e+00  2.127629e+00
     vertex  1.733615e+00 -5.335520e+00  2.127629e+00
   endloop
 endfacet
 facet normal  5.489610e-02 -8.725485e-01  4.854333e-01
   outer loop
     vertex  9.252708e-01 -4.850439e+00  3.408388e+00
     vertex -3.100535e-01 -4.928159e+00  3.408388e+00
     vertex  3.522609e-01 -5.599027e+00  2.127629e+00
   endloop
 endfacet
 facet normal -1.064543e-01  5.852373e-02  9.925938e-01
   outer loop
     vertex -1.335060e+00  5.285878e-01  5.825651e+00
     vertex  3.673940e-16 -8.998559e-32  6.000000e+00
     vertex -1.161663e+00  8.439973e-01  5.825651e+00
   endloop
 endfacet
 facet normal -3.344519e-01  1.324189e-01  9.330633e-01
   outer loop
     vertex -1.335060e+00  5.285878e-01  5.825651e+00
     vertex -2.443440e+00  1.343293e+00  5.312736e+00
     vertex -2.700738e+00  6.934317e-01  5.312736e+00
   endloop
 endfacet
 facet normal -3.084836e-01  1.695903e-01  9.359898e-01
   outer loop
     vertex -1.335060e+00  5.285878e-01  5.825651e+00
     vertex -1.161663e+00  8.439973e-01  5.825651e+00
     vertex -2.443440e+00  1.343293e+00  5.312736e+00
   endloop
 endfacet
 facet normal -3.244245e-01 -6.894372e-01  6.476304e-01
   outer loop
     vertex -1.694063e+00 -3.600068e+00  4.491064e+00
     vertex -2.645861e+00 -4.169210e+00  3.408388e+00
     vertex -1.525896e+00 -4.696225e+00  3.408388e+00
   endloop
 endfacet
 facet normal -3.953346e-01 -6.229476e-01  6.750162e-01
   outer loop
     vertex -1.694063e+00 -3.600068e+00  4.491064e+00
     vertex -2.536142e+00 -3.065669e+00  4.491064e+00
     vertex -2.645861e+00 -4.169210e+00  3.408388e+00
   endloop
 endfacet
 facet normal  7.794624e-01 -5.663126e-01  2.678218e-01
   outer loop
     vertex  4.916166e+00 -2.702685e+00  2.127629e+00
     vertex  4.089585e+00 -3.840376e+00  2.127629e+00
     vertex  4.818710e+00 -3.500998e+00  7.232201e-01
   endloop
 endfacet
 facet normal  8.570737e-01 -4.711803e-01  2.083598e-01
   outer loop
     vertex  4.916166e+00 -2.702685e+00  2.127629e+00
     vertex  4.818710e+00 -3.500998e+00  7.232201e-01
     vertex  5.537984e+00 -2.192643e+00  7.232201e-01
   endloop
 endfacet
 facet normal -5.068066e-01 -2.786193e-01  8.157931e-01
   outer loop
     vertex -2.443440e+00 -1.343293e+00  5.312736e+00
     vertex -3.699335e+00 -1.464670e+00  4.491064e+00
     vertex -3.218865e+00 -2.338642e+00  4.491064e+00
   endloop
 endfacet
 facet normal -5.216285e-01 -2.065273e-01  8.277984e-01
   outer loop
     vertex -2.443440e+00 -1.343293e+00  5.312736e+00
     vertex -2.700738e+00 -6.934317e-01  5.312736e+00
     vertex -3.699335e+00 -1.464670e+00  4.491064e+00
   endloop
 endfacet
 facet normal  3.823003e-01 -8.124294e-01  4.402329e-01
   outer loop
     vertex  2.102457e+00 -4.467948e+00  3.408388e+00
     vertex  1.733615e+00 -5.335520e+00  2.127629e+00
     vertex  3.006041e+00 -4.736762e+00  2.127629e+00
   endloop
 endfacet
 facet normal  2.701654e-01 -8.314837e-01  4.854333e-01
   outer loop
     vertex  2.102457e+00 -4.467948e+00  3.408388e+00
     vertex  9.252708e-01 -4.850439e+00  3.408388e+00
     vertex  1.733615e+00 -5.335520e+00  2.127629e+00
   endloop
 endfacet
 facet normal -3.409674e-01  8.754556e-02  9.359898e-01
   outer loop
     vertex -1.424572e+00  1.799652e-01  5.825651e+00
     vertex -1.335060e+00  5.285878e-01  5.825651e+00
     vertex -2.700738e+00  6.934317e-01  5.312736e+00
   endloop
 endfacet
 facet normal -3.568757e-01  4.508389e-02  9.330633e-01
   outer loop
     vertex -1.424572e+00  1.799652e-01  5.825651e+00
     vertex -2.700738e+00  6.934317e-01  5.312736e+00
     vertex -2.788339e+00  1.579744e-15  5.312736e+00
   endloop
 endfacet
 facet normal -1.176641e-01  3.021100e-02  9.925938e-01
   outer loop
     vertex -1.424572e+00  1.799652e-01  5.825651e+00
     vertex  3.673940e-16 -8.998559e-32  6.000000e+00
     vertex -1.335060e+00  5.285878e-01  5.825651e+00
   endloop
 endfacet
 facet normal -2.279936e-01 -7.016923e-01  6.750162e-01
   outer loop
     vertex -7.455408e-01 -3.908262e+00  4.491064e+00
     vertex -1.694063e+00 -3.600068e+00  4.491064e+00
     vertex -1.525896e+00 -4.696225e+00  3.408388e+00
   endloop
 endfacet
 facet normal -1.427761e-01 -7.484584e-01  6.476304e-01
   outer loop
     vertex -7.455408e-01 -3.908262e+00  4.491064e+00
     vertex -1.525896e+00 -4.696225e+00  3.408388e+00
     vertex -3.100535e-01 -4.928159e+00  3.408388e+00
   endloop
 endfacet
 facet normal  8.958103e-01 -3.546764e-01  2.678218e-01
   outer loop
     vertex  5.433846e+00 -1.395175e+00  2.127629e+00
     vertex  4.916166e+00 -2.702685e+00  2.127629e+00
     vertex  5.537984e+00 -2.192643e+00  7.232201e-01
   endloop
 endfacet
 facet normal  9.397721e-01 -9.323293e-02  3.288405e-01
   outer loop
     vertex  5.433846e+00 -1.395175e+00  2.127629e+00
     vertex  5.849567e+00 -1.432731e-15  1.335126e+00
     vertex  5.405813e+00 -1.324042e-15  2.603302e+00
   endloop
 endfacet
 facet normal  9.661587e-01 -1.869065e-01  1.777731e-01
   outer loop
     vertex  5.433846e+00 -1.395175e+00  2.127629e+00
     vertex  5.537984e+00 -2.192643e+00  7.232201e-01
     vertex  5.849567e+00 -1.432731e-15  1.335126e+00
   endloop
 endfacet
 facet normal -4.538793e-01 -3.297626e-01  8.277984e-01
   outer loop
     vertex -2.032612e+00 -1.908749e+00  5.312736e+00
     vertex -2.443440e+00 -1.343293e+00  5.312736e+00
     vertex -3.218865e+00 -2.338642e+00  4.491064e+00
   endloop
 endfacet
 facet normal -4.215945e-01 -3.959036e-01  8.157931e-01
   outer loop
     vertex -2.032612e+00 -1.908749e+00  5.312736e+00
     vertex -3.218865e+00 -2.338642e+00  4.491064e+00
     vertex -2.536142e+00 -3.065669e+00  4.491064e+00
   endloop
 endfacet
 facet normal  4.684593e-01 -7.381737e-01  4.854333e-01
   outer loop
     vertex  3.147538e+00 -3.804720e+00  3.408388e+00
     vertex  2.102457e+00 -4.467948e+00  3.408388e+00
     vertex  3.006041e+00 -4.736762e+00  2.127629e+00
   endloop
 endfacet
 facet normal  5.723326e-01 -6.918312e-01  4.402329e-01
   outer loop
     vertex  3.147538e+00 -3.804720e+00  3.408388e+00
     vertex  3.006041e+00 -4.736762e+00  2.127629e+00
     vertex  4.089585e+00 -3.840376e+00  2.127629e+00
   endloop
 endfacet
 facet normal -2.162897e-01 -9.758317e-01  3.116453e-02
   outer loop
     vertex -1.424572e+00 -1.799652e-01  5.825651e+00
     vertex  3.673940e-16 -8.998559e-32  6.000000e+00
     vertex  3.673940e-16 -8.998559e-32  6.000000e+00
   endloop
 endfacet
 facet normal -1.214806e-01  1.498851e-16  9.925938e-01
   outer loop
     vertex -1.424572e+00 -1.799652e-01  5.825651e+00
     vertex  3.673940e-16 -8.998559e-32  6.000000e+00
     vertex -1.424572e+00  1.799652e-01  5.825651e+00
   endloop
 endfacet
 facet normal -3.520270e-01  4.343378e-16  9.359898e-01
   outer loop
     vertex -1.424572e+00 -1.799652e-01  5.825651e+00
     vertex -1.424572e+00  1.799652e-01  5.825651e+00
     vertex -2.788339e+00  1.579744e-15  5.312736e+00
   endloop
 endfacet
 facet normal -3.568757e-01 -4.508389e-02  9.330633e-01
   outer loop
     vertex -1.424572e+00 -1.799652e-01  5.825651e+00
     vertex -2.788339e+00  1.579744e-15  5.312736e+00
     vertex -2.700738e+00 -6.934317e-01  5.312736e+00
   endloop
 endfacet
 facet normal  4.784353e-02 -7.604511e-01  6.476304e-01
   outer loop
     vertex  2.498269e-01 -3.970885e+00  4.491064e+00
     vertex -3.100535e-01 -4.928159e+00  3.408388e+00
     vertex  9.252708e-01 -4.850439e+00  3.408388e+00
   endloop
 endfacet
 facet normal -4.632703e-02 -7.363470e-01  6.750162e-01
   outer loop
     vertex  2.498269e-01 -3.970885e+00  4.491064e+00
     vertex -7.455408e-01 -3.908262e+00  4.491064e+00
     vertex -3.100535e-01 -4.928159e+00  3.408388e+00
   endloop
 endfacet
 facet normal -3.098921e-01 -4.883119e-01  8.157931e-01
   outer loop
     vertex -1.494067e+00 -2.354273e+00  5.312736e+00
     vertex -2.536142e+00 -3.065669e+00  4.491064e+00
     vertex -1.694063e+00 -3.600068e+00  4.491064e+00
   endloop
 endfacet
 facet normal -3.576112e-01 -4.322777e-01  8.277984e-01
   outer loop
     vertex -1.494067e+00 -2.354273e+00  5.312736e+00
     vertex -2.032612e+00 -1.908749e+00  5.312736e+00
     vertex -2.536142e+00 -3.065669e+00  4.491064e+00
   endloop
 endfacet
 facet normal  6.373181e-01 -5.984815e-01  4.854333e-01
   outer loop
     vertex  3.994848e+00 -2.902427e+00  3.408388e+00
     vertex  3.147538e+00 -3.804720e+00  3.408388e+00
     vertex  4.089585e+00 -3.840376e+00  2.127629e+00
   endloop
 endfacet
 facet normal  7.264031e-01 -5.277628e-01  4.402329e-01
   outer loop
     vertex  3.994848e+00 -2.902427e+00  3.408388e+00
     vertex  4.089585e+00 -3.840376e+00  2.127629e+00
     vertex  4.916166e+00 -2.702685e+00  2.127629e+00
   endloop
 endfacet
 facet normal -1.176641e-01 -3.021100e-02  9.925938e-01
   outer loop
     vertex -1.335060e+00 -5.285878e-01  5.825651e+00
     vertex  3.673940e-16 -8.998559e-32  6.000000e+00
     vertex -1.424572e+00 -1.799652e-01  5.825651e+00
   endloop
 endfacet
 facet normal -3.409674e-01 -8.754556e-02  9.359898e-01
   outer loop
     vertex -1.335060e+00 -5.285878e-01  5.825651e+00
     vertex -1.424572e+00 -1.799652e-01  5.825651e+00
     vertex -2.700738e+00 -6.934317e-01  5.312736e+00
   endloop
 endfacet
 facet normal -3.344519e-01 -1.324189e-01  9.330633e-01
   outer loop
     vertex -1.335060e+00 -5.285878e-01  5.825651e+00
     vertex -2.700738e+00 -6.934317e-01  5.312736e+00
     vertex -2.443440e+00 -1.343293e+00  5.312736e+00
   endloop
 endfacet
 facet normal  1.382505e-01 -7.247344e-01  6.750162e-01
   outer loop
     vertex  1.229497e+00 -3.784003e+00  4.491064e+00
     vertex  2.498269e-01 -3.970885e+00  4.491064e+00
     vertex  9.252708e-01 -4.850439e+00  3.408388e+00
   endloop
 endfacet
 facet normal  2.354569e-01 -7.246620e-01  6.476304e-01
   outer loop
     vertex  1.229497e+00 -3.784003e+00  4.491064e+00
     vertex  9.252708e-01 -4.850439e+00  3.408388e+00
     vertex  2.102457e+00 -4.467948e+00  3.408388e+00
   endloop
 endfacet
 facet normal -2.388731e-01 -5.076312e-01  8.277984e-01
   outer loop
     vertex -8.616441e-01 -2.651868e+00  5.312736e+00
     vertex -1.494067e+00 -2.354273e+00  5.312736e+00
     vertex -1.694063e+00 -3.600068e+00  4.491064e+00
   endloop
 endfacet
 facet normal -1.787181e-01 -5.500377e-01  8.157931e-01
   outer loop
     vertex -8.616441e-01 -2.651868e+00  5.312736e+00
     vertex -1.694063e+00 -3.600068e+00  4.491064e+00
     vertex -7.455408e-01 -3.908262e+00  4.491064e+00
   endloop
 endfacet
 facet normal  7.661319e-01 -4.211846e-01  4.854333e-01
   outer loop
     vertex  4.591146e+00 -1.817763e+00  3.408388e+00
     vertex  3.994848e+00 -2.902427e+00  3.408388e+00
     vertex  4.916166e+00 -2.702685e+00  2.127629e+00
   endloop
 endfacet
 facet normal  8.480109e-01 -1.556814e-01  5.065974e-01
   outer loop
     vertex  4.591146e+00 -1.817763e+00  3.408388e+00
     vertex  5.433846e+00 -1.395175e+00  2.127629e+00
     vertex  5.405813e+00 -1.324042e-15  2.603302e+00
   endloop
 endfacet
 facet normal  8.348311e-01 -3.305330e-01  4.402329e-01
   outer loop
     vertex  4.591146e+00 -1.817763e+00  3.408388e+00
     vertex  4.916166e+00 -2.702685e+00  2.127629e+00
     vertex  5.433846e+00 -1.395175e+00  2.127629e+00
   endloop
 endfacet
 facet normal -1.064543e-01 -5.852373e-02  9.925938e-01
   outer loop
     vertex -1.161663e+00 -8.439973e-01  5.825651e+00
     vertex  3.673940e-16 -8.998559e-32  6.000000e+00
     vertex -1.335060e+00 -5.285878e-01  5.825651e+00
   endloop
 endfacet
 facet normal -3.084836e-01 -1.695903e-01  9.359898e-01
   outer loop
     vertex -1.161663e+00 -8.439973e-01  5.825651e+00
     vertex -1.335060e+00 -5.285878e-01  5.825651e+00
     vertex -2.443440e+00 -1.343293e+00  5.312736e+00
   endloop
 endfacet
 facet normal -2.910132e-01 -2.114335e-01  9.330633e-01
   outer loop
     vertex -1.161663e+00 -8.439973e-01  5.825651e+00
     vertex -2.443440e+00 -1.343293e+00  5.312736e+00
     vertex -2.032612e+00 -1.908749e+00  5.312736e+00
   endloop
 endfacet
 facet normal  3.141412e-01 -6.675840e-01  6.750162e-01
   outer loop
     vertex  2.131913e+00 -3.359358e+00  4.491064e+00
     vertex  1.229497e+00 -3.784003e+00  4.491064e+00
     vertex  2.102457e+00 -4.467948e+00  3.408388e+00
   endloop
 endfacet
 facet normal  4.082757e-01 -6.433396e-01  6.476304e-01
   outer loop
     vertex  2.131913e+00 -3.359358e+00  4.491064e+00
     vertex  2.102457e+00 -4.467948e+00  3.408388e+00
     vertex  3.147538e+00 -3.804720e+00  3.408388e+00
   endloop
 endfacet
 facet normal -1.051257e-01 -5.510884e-01  8.277984e-01
   outer loop
     vertex -1.750813e-01 -2.782837e+00  5.312736e+00
     vertex -8.616441e-01 -2.651868e+00  5.312736e+00
     vertex -7.455408e-01 -3.908262e+00  4.491064e+00
   endloop
 endfacet
 facet normal -3.631451e-02 -5.772026e-01  8.157931e-01
   outer loop
     vertex -1.750813e-01 -2.782837e+00  5.312736e+00
     vertex -7.455408e-01 -3.908262e+00  4.491064e+00
     vertex  2.498269e-01 -3.970885e+00  4.491064e+00
   endloop
 endfacet
 facet normal  8.467234e-01 -1.337724e-03  5.320316e-01
   outer loop
     vertex  4.898966e+00 -6.188834e-01  3.408388e+00
     vertex  5.405813e+00 -1.324042e-15  2.603302e+00
     vertex  4.690989e+00 -1.148961e-15  3.740939e+00
   endloop
 endfacet
 facet normal  8.934606e-01 -2.294017e-01  3.861386e-01
   outer loop
     vertex  4.898966e+00 -6.188834e-01  3.408388e+00
     vertex  4.591146e+00 -1.817763e+00  3.408388e+00
     vertex  5.405813e+00 -1.324042e-15  2.603302e+00
   endloop
 endfacet
 facet normal  6.618249e-01 -1.699277e-01  7.301455e-01
   outer loop
     vertex  4.898966e+00 -6.188834e-01  3.408388e+00
     vertex  4.690989e+00 -1.148961e-15  3.740939e+00
     vertex  4.591146e+00 -1.817763e+00  3.408388e+00
   endloop
 endfacet
 facet normal -8.855556e-02 -8.315921e-02  9.925938e-01
   outer loop
     vertex -9.152733e-01 -1.106375e+00  5.825651e+00
     vertex  3.673940e-16 -8.998559e-32  6.000000e+00
     vertex -1.161663e+00 -8.439973e-01  5.825651e+00
   endloop
 endfacet
 facet normal -2.566166e-01 -2.409791e-01  9.359898e-01
   outer loop
     vertex -9.152733e-01 -1.106375e+00  5.825651e+00
     vertex -1.161663e+00 -8.439973e-01  5.825651e+00
     vertex -2.032612e+00 -1.908749e+00  5.312736e+00
   endloop
 endfacet
 facet normal -2.292891e-01 -2.771630e-01  9.330633e-01
   outer loop
     vertex -9.152733e-01 -1.106375e+00  5.825651e+00
     vertex -2.032612e+00 -1.908749e+00  5.312736e+00
     vertex -1.494067e+00 -2.354273e+00  5.312736e+00
   endloop
 endfacet
 facet normal  5.554410e-01 -5.215939e-01  6.476304e-01
   outer loop
     vertex  2.900374e+00 -2.723632e+00  4.491064e+00
     vertex  3.147538e+00 -3.804720e+00  3.408388e+00
     vertex  3.994848e+00 -2.902427e+00  3.408388e+00
   endloop
 endfacet
 facet normal  4.702933e-01 -5.684869e-01  6.750162e-01
   outer loop
     vertex  2.900374e+00 -2.723632e+00  4.491064e+00
     vertex  2.131913e+00 -3.359358e+00  4.491064e+00
     vertex  3.147538e+00 -3.804720e+00  3.408388e+00
   endloop
 endfacet
 facet normal  3.522710e-02 -5.599186e-01  8.277984e-01
   outer loop
     vertex  5.224826e-01 -2.738950e+00  5.312736e+00
     vertex -1.750813e-01 -2.782837e+00  5.312736e+00
     vertex  2.498269e-01 -3.970885e+00  4.491064e+00
   endloop
 endfacet
 facet normal  1.083708e-01 -5.680998e-01  8.157931e-01
   outer loop
     vertex  5.224826e-01 -2.738950e+00  5.312736e+00
     vertex  2.498269e-01 -3.970885e+00  4.491064e+00
     vertex  1.229497e+00 -3.784003e+00  4.491064e+00
   endloop
 endfacet
 facet normal -6.509257e-02 -1.025695e-01  9.925938e-01
   outer loop
     vertex -6.113739e-01 -1.299236e+00  5.825651e+00
     vertex  3.673940e-16 -8.998559e-32  6.000000e+00
     vertex -9.152733e-01 -1.106375e+00  5.825651e+00
   endloop
 endfacet
 facet normal -1.531580e-01 -3.254773e-01  9.330633e-01
   outer loop
     vertex -6.113739e-01 -1.299236e+00  5.825651e+00
     vertex -1.494067e+00 -2.354273e+00  5.312736e+00
     vertex -8.616441e-01 -2.651868e+00  5.312736e+00
   endloop
 endfacet
 facet normal -1.886255e-01 -2.972262e-01  9.359898e-01
   outer loop
     vertex -6.113739e-01 -1.299236e+00  5.825651e+00
     vertex -9.152733e-01 -1.106375e+00  5.825651e+00
     vertex -1.494067e+00 -2.354273e+00  5.312736e+00
   endloop
 endfacet
 facet normal  6.677060e-01 -3.670745e-01  6.476304e-01
   outer loop
     vertex  3.486593e+00 -1.916771e+00  4.491064e+00
     vertex  3.994848e+00 -2.902427e+00  3.408388e+00
     vertex  4.591146e+00 -1.817763e+00  3.408388e+00
   endloop
 endfacet
 facet normal  5.968951e-01 -4.336697e-01  6.750162e-01
   outer loop
     vertex  3.486593e+00 -1.916771e+00  4.491064e+00
     vertex  2.900374e+00 -2.723632e+00  4.491064e+00
     vertex  3.994848e+00 -2.902427e+00  3.408388e+00
   endloop
 endfacet
 facet normal  2.462468e-01 -5.233012e-01  8.157931e-01
   outer loop
     vertex  1.187217e+00 -2.522965e+00  5.312736e+00
     vertex  1.229497e+00 -3.784003e+00  4.491064e+00
     vertex  2.131913e+00 -3.359358e+00  4.491064e+00
   endloop
 endfacet
 facet normal  1.733665e-01 -5.335672e-01  8.277984e-01
   outer loop
     vertex  1.187217e+00 -2.522965e+00  5.312736e+00
     vertex  5.224826e-01 -2.738950e+00  5.312736e+00
     vertex  1.229497e+00 -3.784003e+00  4.491064e+00
   endloop
 endfacet
 facet normal -6.740333e-02 -3.533406e-01  9.330633e-01
   outer loop
     vertex -2.690597e-01 -1.410460e+00  5.825651e+00
     vertex -8.616441e-01 -2.651868e+00  5.312736e+00
     vertex -1.750813e-01 -2.782837e+00  5.312736e+00
   endloop
 endfacet
 facet normal -1.087823e-01 -3.347976e-01  9.359898e-01
   outer loop
     vertex -2.690597e-01 -1.410460e+00  5.825651e+00
     vertex -6.113739e-01 -1.299236e+00  5.825651e+00
     vertex -8.616441e-01 -2.651868e+00  5.312736e+00
   endloop
 endfacet
 facet normal -3.753958e-02 -1.155349e-01  9.925938e-01
   outer loop
     vertex -2.690597e-01 -1.410460e+00  5.825651e+00
     vertex  3.673940e-16 -8.998559e-32  6.000000e+00
     vertex -6.113739e-01 -1.299236e+00  5.825651e+00
   endloop
 endfacet
 facet normal  7.057401e-01 -6.214300e-02  7.057401e-01
   outer loop
     vertex  3.853737e+00 -9.894714e-01  4.491064e+00
     vertex  4.690989e+00 -1.148961e-15  3.740939e+00
     vertex  3.740939e+00 -9.162657e-16  4.690989e+00
   endloop
 endfacet
 facet normal  7.558174e-01 -1.577737e-01  6.354899e-01
   outer loop
     vertex  3.853737e+00 -9.894714e-01  4.491064e+00
     vertex  4.591146e+00 -1.817763e+00  3.408388e+00
     vertex  4.690989e+00 -1.148961e-15  3.740939e+00
   endloop
 endfacet
 facet normal  6.859918e-01 -2.716034e-01  6.750162e-01
   outer loop
     vertex  3.853737e+00 -9.894714e-01  4.491064e+00
     vertex  3.486593e+00 -1.916771e+00  4.491064e+00
     vertex  4.591146e+00 -1.817763e+00  3.408388e+00
   endloop
 endfacet
 facet normal  3.006126e-01 -4.736897e-01  8.277984e-01
   outer loop
     vertex  1.777354e+00 -2.148452e+00  5.312736e+00
     vertex  1.187217e+00 -2.522965e+00  5.312736e+00
     vertex  2.131913e+00 -3.359358e+00  4.491064e+00
   endloop
 endfacet
 facet normal  3.686503e-01 -4.456216e-01  8.157931e-01
   outer loop
     vertex  1.777354e+00 -2.148452e+00  5.312736e+00
     vertex  2.131913e+00 -3.359358e+00  4.491064e+00
     vertex  2.900374e+00 -2.723632e+00  4.491064e+00
   endloop
 endfacet
 facet normal  2.258651e-02 -3.590023e-01  9.330633e-01
   outer loop
     vertex  9.016053e-02 -1.433061e+00  5.825651e+00
     vertex -1.750813e-01 -2.782837e+00  5.312736e+00
     vertex  5.224826e-01 -2.738950e+00  5.312736e+00
   endloop
 endfacet
 facet normal -2.210396e-02 -3.513324e-01  9.359898e-01
   outer loop
     vertex  9.016053e-02 -1.433061e+00  5.825651e+00
     vertex -2.690597e-01 -1.410460e+00  5.825651e+00
     vertex -1.750813e-01 -2.782837e+00  5.312736e+00
   endloop
 endfacet
 facet normal -7.627831e-03 -1.212409e-01  9.925938e-01
   outer loop
     vertex  9.016053e-02 -1.433061e+00  5.825651e+00
     vertex  3.673940e-16 -8.998559e-32  6.000000e+00
     vertex -2.690597e-01 -1.410460e+00  5.825651e+00
   endloop
 endfacet
 facet normal  4.678900e-01 -3.399420e-01  8.157931e-01
   outer loop
     vertex  2.255814e+00 -1.638945e+00  5.312736e+00
     vertex  2.900374e+00 -2.723632e+00  4.491064e+00
     vertex  3.486593e+00 -1.916771e+00  4.491064e+00
   endloop
 endfacet
 facet normal  4.089701e-01 -3.840485e-01  8.277984e-01
   outer loop
     vertex  2.255814e+00 -1.638945e+00  5.312736e+00
     vertex  1.777354e+00 -2.148452e+00  5.312736e+00
     vertex  2.900374e+00 -2.723632e+00  4.491064e+00
   endloop
 endfacet
 facet normal  1.111572e-01 -3.421066e-01  9.330633e-01
   outer loop
     vertex  4.437156e-01 -1.365616e+00  5.825651e+00
     vertex  5.224826e-01 -2.738950e+00  5.312736e+00
     vertex  1.187217e+00 -2.522965e+00  5.312736e+00
   endloop
 endfacet
 facet normal  2.276320e-02 -1.193289e-01  9.925938e-01
   outer loop
     vertex  4.437156e-01 -1.365616e+00  5.825651e+00
     vertex  3.673940e-16 -8.998559e-32  6.000000e+00
     vertex  9.016053e-02 -1.433061e+00  5.825651e+00
   endloop
 endfacet
 facet normal  6.596328e-02 -3.457916e-01  9.359898e-01
   outer loop
     vertex  4.437156e-01 -1.365616e+00  5.825651e+00
     vertex  9.016053e-02 -1.433061e+00  5.825651e+00
     vertex  5.224826e-01 -2.738950e+00  5.312736e+00
   endloop
 endfacet
 facet normal  4.916306e-01 -2.702762e-01  8.277984e-01
   outer loop
     vertex  2.592532e+00 -1.026456e+00  5.312736e+00
     vertex  2.255814e+00 -1.638945e+00  5.312736e+00
     vertex  3.486593e+00 -1.916771e+00  4.491064e+00
   endloop
 endfacet
 facet normal  5.449779e-01 -1.059265e-01  8.317324e-01
   outer loop
     vertex  2.592532e+00 -1.026456e+00  5.312736e+00
     vertex  3.853737e+00 -9.894714e-01  4.491064e+00
     vertex  3.740939e+00 -9.162657e-16  4.690989e+00
   endloop
 endfacet
 facet normal  5.377305e-01 -2.129026e-01  8.157931e-01
   outer loop
     vertex  2.592532e+00 -1.026456e+00  5.312736e+00
     vertex  3.486593e+00 -1.916771e+00  4.491064e+00
     vertex  3.853737e+00 -9.894714e-01  4.491064e+00
   endloop
 endfacet
 facet normal  1.927434e-01 -3.037150e-01  9.330633e-01
   outer loop
     vertex  7.693905e-01 -1.212365e+00  5.825651e+00
     vertex  1.187217e+00 -2.522965e+00  5.312736e+00
     vertex  1.777354e+00 -2.148452e+00  5.312736e+00
   endloop
 endfacet
 facet normal  5.172393e-02 -1.099190e-01  9.925938e-01
   outer loop
     vertex  7.693905e-01 -1.212365e+00  5.825651e+00
     vertex  3.673940e-16 -8.998559e-32  6.000000e+00
     vertex  4.437156e-01 -1.365616e+00  5.825651e+00
   endloop
 endfacet
 facet normal  1.498858e-01 -3.185236e-01  9.359898e-01
   outer loop
     vertex  7.693905e-01 -1.212365e+00  5.825651e+00
     vertex  4.437156e-01 -1.365616e+00  5.825651e+00
     vertex  1.187217e+00 -2.522965e+00  5.312736e+00
   endloop
 endfacet
 facet normal  3.441836e-01 -8.837134e-02  9.347343e-01
   outer loop
     vertex  2.766352e+00 -3.494715e-01  5.312736e+00
     vertex  2.603302e+00 -6.376252e-16  5.405813e+00
     vertex  2.592532e+00 -1.026456e+00  5.312736e+00
   endloop
 endfacet
 facet normal  5.318949e-01  2.270582e-02  8.465059e-01
   outer loop
     vertex  2.766352e+00 -3.494715e-01  5.312736e+00
     vertex  3.740939e+00 -9.162657e-16  4.690989e+00
     vertex  2.603302e+00 -6.376252e-16  5.405813e+00
   endloop
 endfacet
 facet normal  5.687548e-01 -1.460314e-01  8.094398e-01
   outer loop
     vertex  2.766352e+00 -3.494715e-01  5.312736e+00
     vertex  2.592532e+00 -1.026456e+00  5.312736e+00
     vertex  3.740939e+00 -9.162657e-16  4.690989e+00
   endloop
 endfacet
 facet normal  2.243905e-01 -2.712415e-01  9.359898e-01
   outer loop
     vertex  1.046722e+00 -9.829371e-01  5.825651e+00
     vertex  7.693905e-01 -1.212365e+00  5.825651e+00
     vertex  1.777354e+00 -2.148452e+00  5.312736e+00
   endloop
 endfacet
 facet normal  7.743466e-02 -9.360243e-02  9.925938e-01
   outer loop
     vertex  1.046722e+00 -9.829371e-01  5.825651e+00
     vertex  3.673940e-16 -8.998559e-32  6.000000e+00
     vertex  7.693905e-01 -1.212365e+00  5.825651e+00
   endloop
 endfacet
 facet normal  2.622189e-01 -2.462399e-01  9.330633e-01
   outer loop
     vertex  1.046722e+00 -9.829371e-01  5.825651e+00
     vertex  1.777354e+00 -2.148452e+00  5.312736e+00
     vertex  2.255814e+00 -1.638945e+00  5.312736e+00
   endloop
 endfacet
 facet normal  3.152181e-01 -1.732926e-01  9.330633e-01
   outer loop
     vertex  1.258283e+00 -6.917472e-01  5.825651e+00
     vertex  2.255814e+00 -1.638945e+00  5.312736e+00
     vertex  2.592532e+00 -1.026456e+00  5.312736e+00
   endloop
 endfacet
 facet normal  9.827989e-02 -7.140452e-02  9.925938e-01
   outer loop
     vertex  1.258283e+00 -6.917472e-01  5.825651e+00
     vertex  3.673940e-16 -8.998559e-32  6.000000e+00
     vertex  1.046722e+00 -9.829371e-01  5.825651e+00
   endloop
 endfacet
 facet normal  2.847958e-01 -2.069163e-01  9.359898e-01
   outer loop
     vertex  1.258283e+00 -6.917472e-01  5.825651e+00
     vertex  1.046722e+00 -9.829371e-01  5.825651e+00
     vertex  2.255814e+00 -1.638945e+00  5.312736e+00
   endloop
 endfacet
 facet normal  3.490279e-01 -8.826008e-02  9.329468e-01
   outer loop
     vertex  1.390783e+00 -3.570923e-01  5.825651e+00
     vertex  2.592532e+00 -1.026456e+00  5.312736e+00
     vertex  2.603302e+00 -6.376252e-16  5.405813e+00
   endloop
 endfacet
 facet normal  3.273064e-01 -1.295898e-01  9.359898e-01
   outer loop
     vertex  1.390783e+00 -3.570923e-01  5.825651e+00
     vertex  1.258283e+00 -6.917472e-01  5.825651e+00
     vertex  2.592532e+00 -1.026456e+00  5.312736e+00
   endloop
 endfacet
 facet normal  1.129498e-01 -4.472000e-02  9.925938e-01
   outer loop
     vertex  1.390783e+00 -3.570923e-01  5.825651e+00
     vertex  3.673940e-16 -8.998559e-32  6.000000e+00
     vertex  1.258283e+00 -6.917472e-01  5.825651e+00
   endloop
 endfacet
 facet normal  3.302563e-01 -1.173863e-02  9.438183e-01
   outer loop
     vertex  1.390783e+00 -3.570923e-01  5.825651e+00
     vertex  2.603302e+00 -6.376252e-16  5.405813e+00
     vertex  1.335126e+00 -3.270115e-16  5.849567e+00
   endloop
 endfacet
 facet normal  1.118297e-01 -4.904464e-02  9.925164e-01
   outer loop
     vertex  1.390783e+00 -3.570923e-01  5.825651e+00
     vertex  1.335126e+00 -3.270115e-16  5.849567e+00
     vertex  3.673940e-16 -8.998559e-32  6.000000e+00
   endloop
 endfacet
endsolid
