solid 
 facet normal  1.106608e-01  8.347100e-02 -9.903468e-01
   outer loop
     vertex  1.424572e+00  1.799652e-01 -5.825651e+00
     vertex  1.324338e+00 -3.243692e-16 -5.852019e+00
     vertex  3.673940e-16 -8.998559e-32 -6.000000e+00
   endloop
 endfacet
 facet normal  3.273496e-01 -4.402512e-02 -9.438771e-01
   outer loop
     vertex  1.424572e+00  1.799652e-01 -5.825651e+00
     vertex  2.583350e+00 -6.327383e-16 -5.415377e+00
     vertex  1.324338e+00 -3.243692e-16 -5.852019e+00
   endloop
 endfacet
 facet normal  3.446301e-01  8.848598e-02 -9.345589e-01
   outer loop
     vertex  1.335060e+00  5.285878e-01 -5.825651e+00
     vertex  2.583350e+00 -6.327383e-16 -5.415377e+00
     vertex  1.424572e+00  1.799652e-01 -5.825651e+00
   endloop
 endfacet
 facet normal  1.176641e-01  3.021100e-02 -9.925938e-01
   outer loop
     vertex  1.335060e+00  5.285878e-01 -5.825651e+00
     vertex  1.424572e+00  1.799652e-01 -5.825651e+00
     vertex  3.673940e-16 -8.998559e-32 -6.000000e+00
   endloop
 endfacet
 facet normal  1.064543e-01  5.852373e-02 -9.925938e-01
   outer loop
     vertex  1.161663e+00  8.439973e-01 -5.825651e+00
     vertex  1.335060e+00  5.285878e-01 -5.825651e+00
     vertex  3.673940e-16 -8.998559e-32 -6.000000e+00
   endloop
 endfacet
 facet normal  8.855556e-02  8.315921e-02 -9.925938e-01
   outer loop
     vertex  9.152733e-01  1.106375e+00 -5.825651e+00
     vertex  1.161663e+00  8.439973e-01 -5.825651e+00
     vertex  3.673940e-16 -8.998559e-32 -6.000000e+00
   endloop
 endfacet
 facet normal  5.277760e-01  3.626434e-02 -8.486091e-01
   outer loop
     vertex  2.700738e+00  6.934317e-01 -5.312736e+00
     vertex  3.714934e+00 -9.098963e-16 -4.711610e+00
     vertex  2.583350e+00 -6.327383e-16 -5.415377e+00
   endloop
 endfacet
 facet normal  3.418966e-01  8.070586e-02 -9.362656e-01
   outer loop
     vertex  2.700738e+00  6.934317e-01 -5.312736e+00
     vertex  2.583350e+00 -6.327383e-16 -5.415377e+00
     vertex  1.335060e+00  5.285878e-01 -5.825651e+00
   endloop
 endfacet
 facet normal  6.509257e-02  1.025695e-01 -9.925938e-01
   outer loop
     vertex  6.113739e-01  1.299236e+00 -5.825651e+00
     vertex  9.152733e-01  1.106375e+00 -5.825651e+00
     vertex  3.673940e-16 -8.998559e-32 -6.000000e+00
   endloop
 endfacet
 facet normal  3.344519e-01  1.324189e-01 -9.330633e-01
   outer loop
     vertex  2.443440e+00  1.343293e+00 -5.312736e+00
     vertex  2.700738e+00  6.934317e-01 -5.312736e+00
     vertex  1.335060e+00  5.285878e-01 -5.825651e+00
   endloop
 endfacet
 facet normal  3.084836e-01  1.695903e-01 -9.359898e-01
   outer loop
     vertex  2.443440e+00  1.343293e+00 -5.312736e+00
     vertex  1.335060e+00  5.285878e-01 -5.825651e+00
     vertex  1.161663e+00  8.439973e-01 -5.825651e+00
   endloop
 endfacet
 facet normal  3.753958e-02  1.155349e-01 -9.925938e-01
   outer loop
     vertex  2.690597e-01  1.410460e+00 -5.825651e+00
     vertex  6.113739e-01  1.299236e+00 -5.825651e+00
     vertex  3.673940e-16 -8.998559e-32 -6.000000e+00
   endloop
 endfacet
 facet normal  2.910132e-01  2.114335e-01 -9.330633e-01
   outer loop
     vertex  2.032612e+00  1.908749e+00 -5.312736e+00
     vertex  2.443440e+00  1.343293e+00 -5.312736e+00
     vertex  1.161663e+00  8.439973e-01 -5.825651e+00
   endloop
 endfacet
 facet normal  2.566166e-01  2.409791e-01 -9.359898e-01
   outer loop
     vertex  2.032612e+00  1.908749e+00 -5.312736e+00
     vertex  1.161663e+00  8.439973e-01 -5.825651e+00
     vertex  9.152733e-01  1.106375e+00 -5.825651e+00
   endloop
 endfacet
 facet normal  7.627831e-03  1.212409e-01 -9.925938e-01
   outer loop
     vertex -9.016053e-02  1.433061e+00 -5.825651e+00
     vertex  2.690597e-01  1.410460e+00 -5.825651e+00
     vertex  3.673940e-16 -8.998559e-32 -6.000000e+00
   endloop
 endfacet
 facet normal  1.886255e-01  2.972262e-01 -9.359898e-01
   outer loop
     vertex  1.494067e+00  2.354273e+00 -5.312736e+00
     vertex  9.152733e-01  1.106375e+00 -5.825651e+00
     vertex  6.113739e-01  1.299236e+00 -5.825651e+00
   endloop
 endfacet
 facet normal  2.292891e-01  2.771630e-01 -9.330633e-01
   outer loop
     vertex  1.494067e+00  2.354273e+00 -5.312736e+00
     vertex  2.032612e+00  1.908749e+00 -5.312736e+00
     vertex  9.152733e-01  1.106375e+00 -5.825651e+00
   endloop
 endfacet
 facet normal  6.979574e-01  1.138946e-01 -7.070244e-01
   outer loop
     vertex  3.699335e+00  1.464670e+00 -4.491064e+00
     vertex  4.663271e+00 -1.142172e-15 -3.775434e+00
     vertex  3.714934e+00 -9.098963e-16 -4.711610e+00
   endloop
 endfacet
 facet normal  5.691377e-01  1.283541e-01 -8.121623e-01
   outer loop
     vertex  3.699335e+00  1.464670e+00 -4.491064e+00
     vertex  3.714934e+00 -9.098963e-16 -4.711610e+00
     vertex  2.700738e+00  6.934317e-01 -5.312736e+00
   endloop
 endfacet
 facet normal  5.216285e-01  2.065273e-01 -8.277984e-01
   outer loop
     vertex  3.699335e+00  1.464670e+00 -4.491064e+00
     vertex  2.700738e+00  6.934317e-01 -5.312736e+00
     vertex  2.443440e+00  1.343293e+00 -5.312736e+00
   endloop
 endfacet
 facet normal -2.276320e-02  1.193289e-01 -9.925938e-01
   outer loop
     vertex -4.437156e-01  1.365616e+00 -5.825651e+00
     vertex -9.016053e-02  1.433061e+00 -5.825651e+00
     vertex  3.673940e-16 -8.998559e-32 -6.000000e+00
   endloop
 endfacet
 facet normal  1.087823e-01  3.347976e-01 -9.359898e-01
   outer loop
     vertex  8.616441e-01  2.651868e+00 -5.312736e+00
     vertex  6.113739e-01  1.299236e+00 -5.825651e+00
     vertex  2.690597e-01  1.410460e+00 -5.825651e+00
   endloop
 endfacet
 facet normal  1.531580e-01  3.254773e-01 -9.330633e-01
   outer loop
     vertex  8.616441e-01  2.651868e+00 -5.312736e+00
     vertex  1.494067e+00  2.354273e+00 -5.312736e+00
     vertex  6.113739e-01  1.299236e+00 -5.825651e+00
   endloop
 endfacet
 facet normal  5.068066e-01  2.786193e-01 -8.157931e-01
   outer loop
     vertex  3.218865e+00  2.338642e+00 -4.491064e+00
     vertex  3.699335e+00  1.464670e+00 -4.491064e+00
     vertex  2.443440e+00  1.343293e+00 -5.312736e+00
   endloop
 endfacet
 facet normal  4.538793e-01  3.297626e-01 -8.277984e-01
   outer loop
     vertex  3.218865e+00  2.338642e+00 -4.491064e+00
     vertex  2.443440e+00  1.343293e+00 -5.312736e+00
     vertex  2.032612e+00  1.908749e+00 -5.312736e+00
   endloop
 endfacet
 facet normal -5.172393e-02  1.099190e-01 -9.925938e-01
   outer loop
     vertex -7.693905e-01  1.212365e+00 -5.825651e+00
     vertex -4.437156e-01  1.365616e+00 -5.825651e+00
     vertex  3.673940e-16 -8.998559e-32 -6.000000e+00
   endloop
 endfacet
 facet normal  6.740333e-02  3.533406e-01 -9.330633e-01
   outer loop
     vertex  1.750813e-01  2.782837e+00 -5.312736e+00
     vertex  8.616441e-01  2.651868e+00 -5.312736e+00
     vertex  2.690597e-01  1.410460e+00 -5.825651e+00
   endloop
 endfacet
 facet normal  2.210396e-02  3.513324e-01 -9.359898e-01
   outer loop
     vertex  1.750813e-01  2.782837e+00 -5.312736e+00
     vertex  2.690597e-01  1.410460e+00 -5.825651e+00
     vertex -9.016053e-02  1.433061e+00 -5.825651e+00
   endloop
 endfacet
 facet normal  4.215945e-01  3.959036e-01 -8.157931e-01
   outer loop
     vertex  2.536142e+00  3.065669e+00 -4.491064e+00
     vertex  3.218865e+00  2.338642e+00 -4.491064e+00
     vertex  2.032612e+00  1.908749e+00 -5.312736e+00
   endloop
 endfacet
 facet normal  3.576112e-01  4.322777e-01 -8.277984e-01
   outer loop
     vertex  2.536142e+00  3.065669e+00 -4.491064e+00
     vertex  2.032612e+00  1.908749e+00 -5.312736e+00
     vertex  1.494067e+00  2.354273e+00 -5.312736e+00
   endloop
 endfacet
 facet normal -7.743466e-02  9.360243e-02 -9.925938e-01
   outer loop
     vertex -1.046722e+00  9.829371e-01 -5.825651e+00
     vertex -7.693905e-01  1.212365e+00 -5.825651e+00
     vertex  3.673940e-16 -8.998559e-32 -6.000000e+00
   endloop
 endfacet
 facet normal  8.396545e-01  7.890621e-02 -5.373585e-01
   outer loop
     vertex  4.782770e+00  1.228007e+00 -3.408388e+00
     vertex  5.381584e+00 -1.318108e-15 -2.653028e+00
     vertex  4.663271e+00 -1.142172e-15 -3.775434e+00
   endloop
 endfacet
 facet normal  7.149924e-01  1.354324e-01 -6.858891e-01
   outer loop
     vertex  4.782770e+00  1.228007e+00 -3.408388e+00
     vertex  4.663271e+00 -1.142172e-15 -3.775434e+00
     vertex  3.699335e+00  1.464670e+00 -4.491064e+00
   endloop
 endfacet
 facet normal -6.596328e-02  3.457916e-01 -9.359898e-01
   outer loop
     vertex -5.224826e-01  2.738950e+00 -5.312736e+00
     vertex -9.016053e-02  1.433061e+00 -5.825651e+00
     vertex -4.437156e-01  1.365616e+00 -5.825651e+00
   endloop
 endfacet
 facet normal -2.258651e-02  3.590023e-01 -9.330633e-01
   outer loop
     vertex -5.224826e-01  2.738950e+00 -5.312736e+00
     vertex  1.750813e-01  2.782837e+00 -5.312736e+00
     vertex -9.016053e-02  1.433061e+00 -5.825651e+00
   endloop
 endfacet
 facet normal  3.098921e-01  4.883119e-01 -8.157931e-01
   outer loop
     vertex  1.694063e+00  3.600068e+00 -4.491064e+00
     vertex  2.536142e+00  3.065669e+00 -4.491064e+00
     vertex  1.494067e+00  2.354273e+00 -5.312736e+00
   endloop
 endfacet
 facet normal  2.388731e-01  5.076312e-01 -8.277984e-01
   outer loop
     vertex  1.694063e+00  3.600068e+00 -4.491064e+00
     vertex  1.494067e+00  2.354273e+00 -5.312736e+00
     vertex  8.616441e-01  2.651868e+00 -5.312736e+00
   endloop
 endfacet
 facet normal -9.827989e-02  7.140452e-02 -9.925938e-01
   outer loop
     vertex -1.258283e+00  6.917472e-01 -5.825651e+00
     vertex -1.046722e+00  9.829371e-01 -5.825651e+00
     vertex  3.673940e-16 -8.998559e-32 -6.000000e+00
   endloop
 endfacet
 facet normal  7.084475e-01  2.804942e-01 -6.476304e-01
   outer loop
     vertex  4.327118e+00  2.378853e+00 -3.408388e+00
     vertex  4.782770e+00  1.228007e+00 -3.408388e+00
     vertex  3.699335e+00  1.464670e+00 -4.491064e+00
   endloop
 endfacet
 facet normal  6.465416e-01  3.554393e-01 -6.750162e-01
   outer loop
     vertex  4.327118e+00  2.378853e+00 -3.408388e+00
     vertex  3.699335e+00  1.464670e+00 -4.491064e+00
     vertex  3.218865e+00  2.338642e+00 -4.491064e+00
   endloop
 endfacet
 facet normal -1.498858e-01  3.185236e-01 -9.359898e-01
   outer loop
     vertex -1.187217e+00  2.522965e+00 -5.312736e+00
     vertex -4.437156e-01  1.365616e+00 -5.825651e+00
     vertex -7.693905e-01  1.212365e+00 -5.825651e+00
   endloop
 endfacet
 facet normal -1.111572e-01  3.421066e-01 -9.330633e-01
   outer loop
     vertex -1.187217e+00  2.522965e+00 -5.312736e+00
     vertex -5.224826e-01  2.738950e+00 -5.312736e+00
     vertex -4.437156e-01  1.365616e+00 -5.825651e+00
   endloop
 endfacet
 facet normal  1.787181e-01  5.500377e-01 -8.157931e-01
   outer loop
     vertex  7.455408e-01  3.908262e+00 -4.491064e+00
     vertex  1.694063e+00  3.600068e+00 -4.491064e+00
     vertex  8.616441e-01  2.651868e+00 -5.312736e+00
   endloop
 endfacet
 facet normal  1.051257e-01  5.510884e-01 -8.277984e-01
   outer loop
     vertex  7.455408e-01  3.908262e+00 -4.491064e+00
     vertex  8.616441e-01  2.651868e+00 -5.312736e+00
     vertex  1.750813e-01  2.782837e+00 -5.312736e+00
   endloop
 endfacet
 facet normal -1.129498e-01  4.472000e-02 -9.925938e-01
   outer loop
     vertex -1.390783e+00  3.570923e-01 -5.825651e+00
     vertex -1.258283e+00  6.917472e-01 -5.825651e+00
     vertex  3.673940e-16 -8.998559e-32 -6.000000e+00
   endloop
 endfacet
 facet normal  5.378352e-01  5.050608e-01 -6.750162e-01
   outer loop
     vertex  3.599577e+00  3.380227e+00 -3.408388e+00
     vertex  3.218865e+00  2.338642e+00 -4.491064e+00
     vertex  2.536142e+00  3.065669e+00 -4.491064e+00
   endloop
 endfacet
 facet normal  6.164343e-01  4.478657e-01 -6.476304e-01
   outer loop
     vertex  3.599577e+00  3.380227e+00 -3.408388e+00
     vertex  4.327118e+00  2.378853e+00 -3.408388e+00
     vertex  3.218865e+00  2.338642e+00 -4.491064e+00
   endloop
 endfacet
 facet normal -2.243905e-01  2.712415e-01 -9.359898e-01
   outer loop
     vertex -1.777354e+00  2.148452e+00 -5.312736e+00
     vertex -7.693905e-01  1.212365e+00 -5.825651e+00
     vertex -1.046722e+00  9.829371e-01 -5.825651e+00
   endloop
 endfacet
 facet normal -1.927434e-01  3.037150e-01 -9.330633e-01
   outer loop
     vertex -1.777354e+00  2.148452e+00 -5.312736e+00
     vertex -1.187217e+00  2.522965e+00 -5.312736e+00
     vertex -7.693905e-01  1.212365e+00 -5.825651e+00
   endloop
 endfacet
 facet normal  9.404594e-01  7.450563e-03 -3.398245e-01
   outer loop
     vertex  5.565860e+00  7.031317e-01 -2.127629e+00
     vertex  5.834439e+00 -1.429025e-15 -1.399756e+00
     vertex  5.381584e+00 -1.318108e-15 -2.653028e+00
   endloop
 endfacet
 facet normal  3.631451e-02  5.772026e-01 -8.157931e-01
   outer loop
     vertex -2.498269e-01  3.970885e+00 -4.491064e+00
     vertex  7.455408e-01  3.908262e+00 -4.491064e+00
     vertex  1.750813e-01  2.782837e+00 -5.312736e+00
   endloop
 endfacet
 facet normal -3.522710e-02  5.599186e-01 -8.277984e-01
   outer loop
     vertex -2.498269e-01  3.970885e+00 -4.491064e+00
     vertex  1.750813e-01  2.782837e+00 -5.312736e+00
     vertex -5.224826e-01  2.738950e+00 -5.312736e+00
   endloop
 endfacet
 facet normal -2.970571e-16  1.000000e+00  1.393023e-15
   outer loop
     vertex -1.435894e+00  8.135113e-16 -5.825651e+00
     vertex  3.673940e-16 -8.998559e-32 -6.000000e+00
     vertex  3.673940e-16 -8.998559e-32 -6.000000e+00
   endloop
 endfacet
 facet normal -1.205227e-01  1.522556e-02 -9.925938e-01
   outer loop
     vertex -1.435894e+00  8.135113e-16 -5.825651e+00
     vertex -1.390783e+00  3.570923e-01 -5.825651e+00
     vertex  3.673940e-16 -8.998559e-32 -6.000000e+00
   endloop
 endfacet
 facet normal  4.856882e-01  5.870962e-01 -6.476304e-01
   outer loop
     vertex  2.645861e+00  4.169210e+00 -3.408388e+00
     vertex  3.599577e+00  3.380227e+00 -3.408388e+00
     vertex  2.536142e+00  3.065669e+00 -4.491064e+00
   endloop
 endfacet
 facet normal  3.953346e-01  6.229476e-01 -6.750162e-01
   outer loop
     vertex  2.645861e+00  4.169210e+00 -3.408388e+00
     vertex  2.536142e+00  3.065669e+00 -4.491064e+00
     vertex  1.694063e+00  3.600068e+00 -4.491064e+00
   endloop
 endfacet
 facet normal -2.847958e-01  2.069163e-01 -9.359898e-01
   outer loop
     vertex -2.255814e+00  1.638945e+00 -5.312736e+00
     vertex -1.046722e+00  9.829371e-01 -5.825651e+00
     vertex -1.258283e+00  6.917472e-01 -5.825651e+00
   endloop
 endfacet
 facet normal -2.622189e-01  2.462399e-01 -9.330633e-01
   outer loop
     vertex -2.255814e+00  1.638945e+00 -5.312736e+00
     vertex -1.777354e+00  2.148452e+00 -5.312736e+00
     vertex -1.046722e+00  9.829371e-01 -5.825651e+00
   endloop
 endfacet
 facet normal  8.128791e-01  3.218416e-01 -4.854333e-01
   outer loop
     vertex  5.216137e+00  2.065215e+00 -2.127629e+00
     vertex  4.782770e+00  1.228007e+00 -3.408388e+00
     vertex  4.327118e+00  2.378853e+00 -3.408388e+00
   endloop
 endfacet
 facet normal  8.910852e-01  1.776324e-01 -4.176289e-01
   outer loop
     vertex  5.216137e+00  2.065215e+00 -2.127629e+00
     vertex  5.381584e+00 -1.318108e-15 -2.653028e+00
     vertex  4.782770e+00  1.228007e+00 -3.408388e+00
   endloop
 endfacet
 facet normal  8.037265e-01  2.063619e-01 -5.580667e-01
   outer loop
     vertex  5.216137e+00  2.065215e+00 -2.127629e+00
     vertex  5.565860e+00  7.031317e-01 -2.127629e+00
     vertex  5.381584e+00 -1.318108e-15 -2.653028e+00
   endloop
 endfacet
 facet normal  9.620029e-01  2.470004e-01 -1.163667e-01
   outer loop
     vertex  5.216137e+00  2.065215e+00 -2.127629e+00
     vertex  5.834439e+00 -1.429025e-15 -1.399756e+00
     vertex  5.565860e+00  7.031317e-01 -2.127629e+00
   endloop
 endfacet
 facet normal -1.733665e-01  5.335672e-01 -8.277984e-01
   outer loop
     vertex -1.229497e+00  3.784003e+00 -4.491064e+00
     vertex -5.224826e-01  2.738950e+00 -5.312736e+00
     vertex -1.187217e+00  2.522965e+00 -5.312736e+00
   endloop
 endfacet
 facet normal -1.083708e-01  5.680998e-01 -8.157931e-01
   outer loop
     vertex -1.229497e+00  3.784003e+00 -4.491064e+00
     vertex -2.498269e-01  3.970885e+00 -4.491064e+00
     vertex -5.224826e-01  2.738950e+00 -5.312736e+00
   endloop
 endfacet
 facet normal -1.205227e-01 -1.522556e-02 -9.925938e-01
   outer loop
     vertex -1.390783e+00 -3.570923e-01 -5.825651e+00
     vertex -1.435894e+00  8.135113e-16 -5.825651e+00
     vertex  3.673940e-16 -8.998559e-32 -6.000000e+00
   endloop
 endfacet
 facet normal  3.244245e-01  6.894372e-01 -6.476304e-01
   outer loop
     vertex  1.525896e+00  4.696225e+00 -3.408388e+00
     vertex  2.645861e+00  4.169210e+00 -3.408388e+00
     vertex  1.694063e+00  3.600068e+00 -4.491064e+00
   endloop
 endfacet
 facet normal  2.279936e-01  7.016923e-01 -6.750162e-01
   outer loop
     vertex  1.525896e+00  4.696225e+00 -3.408388e+00
     vertex  1.694063e+00  3.600068e+00 -4.491064e+00
     vertex  7.455408e-01  3.908262e+00 -4.491064e+00
   endloop
 endfacet
 facet normal -3.152181e-01  1.732926e-01 -9.330633e-01
   outer loop
     vertex -2.592532e+00  1.026456e+00 -5.312736e+00
     vertex -2.255814e+00  1.638945e+00 -5.312736e+00
     vertex -1.258283e+00  6.917472e-01 -5.825651e+00
   endloop
 endfacet
 facet normal -3.273064e-01  1.295898e-01 -9.359898e-01
   outer loop
     vertex -2.592532e+00  1.026456e+00 -5.312736e+00
     vertex -1.258283e+00  6.917472e-01 -5.825651e+00
     vertex -1.390783e+00  3.570923e-01 -5.825651e+00
   endloop
 endfacet
 facet normal  7.868214e-01  4.325587e-01 -4.402329e-01
   outer loop
     vertex  4.538664e+00  3.297533e+00 -2.127629e+00
     vertex  5.216137e+00  2.065215e+00 -2.127629e+00
     vertex  4.327118e+00  2.378853e+00 -3.408388e+00
   endloop
 endfacet
 facet normal  7.073023e-01  5.138852e-01 -4.854333e-01
   outer loop
     vertex  4.538664e+00  3.297533e+00 -2.127629e+00
     vertex  4.327118e+00  2.378853e+00 -3.408388e+00
     vertex  3.599577e+00  3.380227e+00 -3.408388e+00
   endloop
 endfacet
 facet normal -3.006126e-01  4.736897e-01 -8.277984e-01
   outer loop
     vertex -2.131913e+00  3.359358e+00 -4.491064e+00
     vertex -1.187217e+00  2.522965e+00 -5.312736e+00
     vertex -1.777354e+00  2.148452e+00 -5.312736e+00
   endloop
 endfacet
 facet normal -2.462468e-01  5.233012e-01 -8.157931e-01
   outer loop
     vertex -2.131913e+00  3.359358e+00 -4.491064e+00
     vertex -1.229497e+00  3.784003e+00 -4.491064e+00
     vertex -1.187217e+00  2.522965e+00 -5.312736e+00
   endloop
 endfacet
 facet normal -1.129498e-01 -4.472000e-02 -9.925938e-01
   outer loop
     vertex -1.258283e+00 -6.917472e-01 -5.825651e+00
     vertex -1.390783e+00 -3.570923e-01 -5.825651e+00
     vertex  3.673940e-16 -8.998559e-32 -6.000000e+00
   endloop
 endfacet
 facet normal  4.632703e-02  7.363470e-01 -6.750162e-01
   outer loop
     vertex  3.100535e-01  4.928159e+00 -3.408388e+00
     vertex  7.455408e-01  3.908262e+00 -4.491064e+00
     vertex -2.498269e-01  3.970885e+00 -4.491064e+00
   endloop
 endfacet
 facet normal  1.427761e-01  7.484584e-01 -6.476304e-01
   outer loop
     vertex  3.100535e-01  4.928159e+00 -3.408388e+00
     vertex  1.525896e+00  4.696225e+00 -3.408388e+00
     vertex  7.455408e-01  3.908262e+00 -4.491064e+00
   endloop
 endfacet
 facet normal -3.492512e-01  4.412068e-02 -9.359898e-01
   outer loop
     vertex -2.766352e+00  3.494715e-01 -5.312736e+00
     vertex -1.390783e+00  3.570923e-01 -5.825651e+00
     vertex -1.435894e+00  8.135113e-16 -5.825651e+00
   endloop
 endfacet
 facet normal -3.484111e-01  8.945677e-02 -9.330633e-01
   outer loop
     vertex -2.766352e+00  3.494715e-01 -5.312736e+00
     vertex -2.592532e+00  1.026456e+00 -5.312736e+00
     vertex -1.390783e+00  3.570923e-01 -5.825651e+00
   endloop
 endfacet
 facet normal  6.545290e-01  6.146436e-01 -4.402329e-01
   outer loop
     vertex  3.576011e+00  4.322654e+00 -2.127629e+00
     vertex  4.538664e+00  3.297533e+00 -2.127629e+00
     vertex  3.599577e+00  3.380227e+00 -3.408388e+00
   endloop
 endfacet
 facet normal  5.572830e-01  6.736394e-01 -4.854333e-01
   outer loop
     vertex  3.576011e+00  4.322654e+00 -2.127629e+00
     vertex  3.599577e+00  3.380227e+00 -3.408388e+00
     vertex  2.645861e+00  4.169210e+00 -3.408388e+00
   endloop
 endfacet
 facet normal -4.089701e-01  3.840485e-01 -8.277984e-01
   outer loop
     vertex -2.900374e+00  2.723632e+00 -4.491064e+00
     vertex -1.777354e+00  2.148452e+00 -5.312736e+00
     vertex -2.255814e+00  1.638945e+00 -5.312736e+00
   endloop
 endfacet
 facet normal -3.686503e-01  4.456216e-01 -8.157931e-01
   outer loop
     vertex -2.900374e+00  2.723632e+00 -4.491064e+00
     vertex -2.131913e+00  3.359358e+00 -4.491064e+00
     vertex -1.777354e+00  2.148452e+00 -5.312736e+00
   endloop
 endfacet
 facet normal  9.386639e-01  1.766491e-01 -2.961506e-01
   outer loop
     vertex  5.769127e+00  1.481260e+00 -7.232201e-01
     vertex  5.834439e+00 -1.429025e-15 -1.399756e+00
     vertex  5.216137e+00  2.065215e+00 -2.127629e+00
   endloop
 endfacet
 facet normal  9.626951e-01  3.261585e-02 -2.686157e-01
   outer loop
     vertex  5.769127e+00  1.481260e+00 -7.232201e-01
     vertex  5.999500e+00  1.853229e-02 -7.518846e-02
     vertex  5.999500e+00 -9.794726e-16 -7.743869e-02
   endloop
 endfacet
 facet normal  9.796568e-01  7.116220e-02 -1.876393e-01
   outer loop
     vertex  5.769127e+00  1.481260e+00 -7.232201e-01
     vertex  5.999500e+00  3.598755e-02 -6.856856e-02
     vertex  5.999500e+00  1.853229e-02 -7.518846e-02
   endloop
 endfacet
 facet normal  9.859501e-01  9.488952e-02 -1.374712e-01
   outer loop
     vertex  5.769127e+00  1.481260e+00 -7.232201e-01
     vertex  5.999500e+00  5.135135e-02 -5.796369e-02
     vertex  5.999500e+00  3.598755e-02 -6.856856e-02
   endloop
 endfacet
 facet normal  9.885828e-01  1.127848e-01 -9.991860e-02
   outer loop
     vertex  5.769127e+00  1.481260e+00 -7.232201e-01
     vertex  5.999500e+00  6.373079e-02 -4.399019e-02
     vertex  5.999500e+00  5.135135e-02 -5.796369e-02
   endloop
 endfacet
 facet normal  9.894160e-01  1.284855e-01 -6.743439e-02
   outer loop
     vertex  5.769127e+00  1.481260e+00 -7.232201e-01
     vertex  5.999500e+00  7.240643e-02 -2.746014e-02
     vertex  5.999500e+00  6.373079e-02 -4.399019e-02
   endloop
 endfacet
 facet normal  9.889164e-01  1.441588e-01 -3.553195e-02
   outer loop
     vertex  5.769127e+00  1.481260e+00 -7.232201e-01
     vertex  5.999500e+00  7.687408e-02 -9.334203e-03
     vertex  5.999500e+00  7.240643e-02 -2.746014e-02
   endloop
 endfacet
 facet normal  9.873424e-01  9.982521e-02 -1.232470e-01
   outer loop
     vertex  5.769127e+00  1.481260e+00 -7.232201e-01
     vertex  5.999500e+00 -9.794726e-16 -7.743869e-02
     vertex  5.834439e+00 -1.429025e-15 -1.399756e+00
   endloop
 endfacet
 facet normal -9.827989e-02 -7.140452e-02 -9.925938e-01
   outer loop
     vertex -1.046722e+00 -9.829371e-01 -5.825651e+00
     vertex -1.258283e+00 -6.917472e-01 -5.825651e+00
     vertex  3.673940e-16 -8.998559e-32 -6.000000e+00
   endloop
 endfacet
 facet normal -1.382505e-01  7.247344e-01 -6.750162e-01
   outer loop
     vertex -9.252708e-01  4.850439e+00 -3.408388e+00
     vertex -2.498269e-01  3.970885e+00 -4.491064e+00
     vertex -1.229497e+00  3.784003e+00 -4.491064e+00
   endloop
 endfacet
 facet normal -4.784353e-02  7.604511e-01 -6.476304e-01
   outer loop
     vertex -9.252708e-01  4.850439e+00 -3.408388e+00
     vertex  3.100535e-01  4.928159e+00 -3.408388e+00
     vertex -2.498269e-01  3.970885e+00 -4.491064e+00
   endloop
 endfacet
 facet normal -3.492512e-01 -4.412068e-02 -9.359898e-01
   outer loop
     vertex -2.766352e+00 -3.494715e-01 -5.312736e+00
     vertex -1.435894e+00  8.135113e-16 -5.825651e+00
     vertex -1.390783e+00 -3.570923e-01 -5.825651e+00
   endloop
 endfacet
 facet normal -3.597121e-01  2.285512e-16 -9.330633e-01
   outer loop
     vertex -2.766352e+00 -3.494715e-01 -5.312736e+00
     vertex -2.766352e+00  3.494715e-01 -5.312736e+00
     vertex -1.435894e+00  8.135113e-16 -5.825651e+00
   endloop
 endfacet
 facet normal  4.811101e-01  7.581082e-01 -4.402329e-01
   outer loop
     vertex  2.388663e+00  5.076168e+00 -2.127629e+00
     vertex  3.576011e+00  4.322654e+00 -2.127629e+00
     vertex  2.645861e+00  4.169210e+00 -3.408388e+00
   endloop
 endfacet
 facet normal  3.722476e-01  7.910665e-01 -4.854333e-01
   outer loop
     vertex  2.388663e+00  5.076168e+00 -2.127629e+00
     vertex  2.645861e+00  4.169210e+00 -3.408388e+00
     vertex  1.525896e+00  4.696225e+00 -3.408388e+00
   endloop
 endfacet
 facet normal -4.678900e-01  3.399420e-01 -8.157931e-01
   outer loop
     vertex -3.486593e+00  1.916771e+00 -4.491064e+00
     vertex -2.900374e+00  2.723632e+00 -4.491064e+00
     vertex -2.255814e+00  1.638945e+00 -5.312736e+00
   endloop
 endfacet
 facet normal -4.916306e-01  2.702762e-01 -8.277984e-01
   outer loop
     vertex -3.486593e+00  1.916771e+00 -4.491064e+00
     vertex -2.255814e+00  1.638945e+00 -5.312736e+00
     vertex -2.592532e+00  1.026456e+00 -5.312736e+00
   endloop
 endfacet
 facet normal  9.093700e-01  3.600450e-01 -2.083598e-01
   outer loop
     vertex  5.219505e+00  2.869447e+00 -7.232201e-01
     vertex  5.769127e+00  1.481260e+00 -7.232201e-01
     vertex  5.216137e+00  2.065215e+00 -2.127629e+00
   endloop
 endfacet
 facet normal  8.442938e-01  4.641545e-01 -2.678218e-01
   outer loop
     vertex  5.219505e+00  2.869447e+00 -7.232201e-01
     vertex  5.216137e+00  2.065215e+00 -2.127629e+00
     vertex  4.538664e+00  3.297533e+00 -2.127629e+00
   endloop
 endfacet
 facet normal  8.559645e-01  3.389003e-01  3.904758e-01
   outer loop
     vertex  5.219505e+00  2.869447e+00 -7.232201e-01
     vertex  5.999500e+00  7.687408e-02 -9.334203e-03
     vertex  5.769127e+00  1.481260e+00 -7.232201e-01
   endloop
 endfacet
 facet normal -7.743466e-02 -9.360243e-02 -9.925938e-01
   outer loop
     vertex -7.693905e-01 -1.212365e+00 -5.825651e+00
     vertex -1.046722e+00 -9.829371e-01 -5.825651e+00
     vertex  3.673940e-16 -8.998559e-32 -6.000000e+00
   endloop
 endfacet
 facet normal -3.141412e-01  6.675840e-01 -6.750162e-01
   outer loop
     vertex -2.102457e+00  4.467948e+00 -3.408388e+00
     vertex -1.229497e+00  3.784003e+00 -4.491064e+00
     vertex -2.131913e+00  3.359358e+00 -4.491064e+00
   endloop
 endfacet
 facet normal -2.354569e-01  7.246620e-01 -6.476304e-01
   outer loop
     vertex -2.102457e+00  4.467948e+00 -3.408388e+00
     vertex -9.252708e-01  4.850439e+00 -3.408388e+00
     vertex -1.229497e+00  3.784003e+00 -4.491064e+00
   endloop
 endfacet
 facet normal -3.273064e-01 -1.295898e-01 -9.359898e-01
   outer loop
     vertex -2.592532e+00 -1.026456e+00 -5.312736e+00
     vertex -1.390783e+00 -3.570923e-01 -5.825651e+00
     vertex -1.258283e+00 -6.917472e-01 -5.825651e+00
   endloop
 endfacet
 facet normal -3.484111e-01 -8.945677e-02 -9.330633e-01
   outer loop
     vertex -2.592532e+00 -1.026456e+00 -5.312736e+00
     vertex -2.766352e+00 -3.494715e-01 -5.312736e+00
     vertex -1.390783e+00 -3.570923e-01 -5.825651e+00
   endloop
 endfacet
 facet normal  1.638226e-01  8.587879e-01 -4.854333e-01
   outer loop
     vertex  1.051227e+00  5.510727e+00 -2.127629e+00
     vertex  1.525896e+00  4.696225e+00 -3.408388e+00
     vertex  3.100535e-01  4.928159e+00 -3.408388e+00
   endloop
 endfacet
 facet normal  2.774613e-01  8.539381e-01 -4.402329e-01
   outer loop
     vertex  1.051227e+00  5.510727e+00 -2.127629e+00
     vertex  2.388663e+00  5.076168e+00 -2.127629e+00
     vertex  1.525896e+00  4.696225e+00 -3.408388e+00
   endloop
 endfacet
 facet normal -5.434000e-01  1.395214e-01 -8.277984e-01
   outer loop
     vertex -3.853737e+00  9.894714e-01 -4.491064e+00
     vertex -2.592532e+00  1.026456e+00 -5.312736e+00
     vertex -2.766352e+00  3.494715e-01 -5.312736e+00
   endloop
 endfacet
 facet normal -5.377305e-01  2.129026e-01 -8.157931e-01
   outer loop
     vertex -3.853737e+00  9.894714e-01 -4.491064e+00
     vertex -3.486593e+00  1.916771e+00 -4.491064e+00
     vertex -2.592532e+00  1.026456e+00 -5.312736e+00
   endloop
 endfacet
 facet normal  7.023383e-01  6.595395e-01 -2.678218e-01
   outer loop
     vertex  4.341922e+00  4.077336e+00 -7.232201e-01
     vertex  4.538664e+00  3.297533e+00 -2.127629e+00
     vertex  3.576011e+00  4.322654e+00 -2.127629e+00
   endloop
 endfacet
 facet normal  7.912609e-01  5.748847e-01 -2.083598e-01
   outer loop
     vertex  4.341922e+00  4.077336e+00 -7.232201e-01
     vertex  5.219505e+00  2.869447e+00 -7.232201e-01
     vertex  4.538664e+00  3.297533e+00 -2.127629e+00
   endloop
 endfacet
 facet normal -5.172393e-02 -1.099190e-01 -9.925938e-01
   outer loop
     vertex -4.437156e-01 -1.365616e+00 -5.825651e+00
     vertex -7.693905e-01 -1.212365e+00 -5.825651e+00
     vertex  3.673940e-16 -8.998559e-32 -6.000000e+00
   endloop
 endfacet
 facet normal -4.702933e-01  5.684869e-01 -6.750162e-01
   outer loop
     vertex -3.147538e+00  3.804720e+00 -3.408388e+00
     vertex -2.131913e+00  3.359358e+00 -4.491064e+00
     vertex -2.900374e+00  2.723632e+00 -4.491064e+00
   endloop
 endfacet
 facet normal -4.082757e-01  6.433396e-01 -6.476304e-01
   outer loop
     vertex -3.147538e+00  3.804720e+00 -3.408388e+00
     vertex -2.102457e+00  4.467948e+00 -3.408388e+00
     vertex -2.131913e+00  3.359358e+00 -4.491064e+00
   endloop
 endfacet
 facet normal  9.922182e-01  1.276352e-02  1.238556e-01
   outer loop
     vertex  5.909286e+00  7.465165e-01  7.232201e-01
     vertex  5.834439e+00 -1.429025e-15  1.399756e+00
     vertex  5.999500e+00 -9.794726e-16  7.743869e-02
   endloop
 endfacet
 facet normal  9.954493e-01  5.413244e-02  7.842438e-02
   outer loop
     vertex  5.909286e+00  7.465165e-01  7.232201e-01
     vertex  5.999500e+00  3.598755e-02  6.856856e-02
     vertex  5.999500e+00  5.135135e-02  5.796369e-02
   endloop
 endfacet
 facet normal  9.945938e-01  3.682276e-02  9.709363e-02
   outer loop
     vertex  5.909286e+00  7.465165e-01  7.232201e-01
     vertex  5.999500e+00  1.853229e-02  7.518846e-02
     vertex  5.999500e+00  3.598755e-02  6.856856e-02
   endloop
 endfacet
 facet normal  9.924718e-01  1.476251e-02  1.215802e-01
   outer loop
     vertex  5.909286e+00  7.465165e-01  7.232201e-01
     vertex  5.999500e+00 -9.794726e-16  7.743869e-02
     vertex  5.999500e+00  1.853229e-02  7.518846e-02
   endloop
 endfacet
 facet normal -2.847958e-01 -2.069163e-01 -9.359898e-01
   outer loop
     vertex -2.255814e+00 -1.638945e+00 -5.312736e+00
     vertex -1.258283e+00 -6.917472e-01 -5.825651e+00
     vertex -1.046722e+00 -9.829371e-01 -5.825651e+00
   endloop
 endfacet
 facet normal -3.152181e-01 -1.732926e-01 -9.330633e-01
   outer loop
     vertex -2.255814e+00 -1.638945e+00 -5.312736e+00
     vertex -2.592532e+00 -1.026456e+00 -5.312736e+00
     vertex -1.258283e+00 -6.917472e-01 -5.825651e+00
   endloop
 endfacet
 facet normal -5.489610e-02  8.725485e-01 -4.854333e-01
   outer loop
     vertex -3.522609e-01  5.599027e+00 -2.127629e+00
     vertex  3.100535e-01  4.928159e+00 -3.408388e+00
     vertex -9.252708e-01  4.850439e+00 -3.408388e+00
   endloop
 endfacet
 facet normal  5.637858e-02  8.961119e-01 -4.402329e-01
   outer loop
     vertex -3.522609e-01  5.599027e+00 -2.127629e+00
     vertex  1.051227e+00  5.510727e+00 -2.127629e+00
     vertex  3.100535e-01  4.928159e+00 -3.408388e+00
   endloop
 endfacet
 facet normal -5.610257e-01  4.043216e-16 -8.277984e-01
   outer loop
     vertex -3.978736e+00  2.254168e-15 -4.491064e+00
     vertex -2.766352e+00  3.494715e-01 -5.312736e+00
     vertex -2.766352e+00 -3.494715e-01 -5.312736e+00
   endloop
 endfacet
 facet normal -5.737835e-01  7.248571e-02 -8.157931e-01
   outer loop
     vertex -3.978736e+00  2.254168e-15 -4.491064e+00
     vertex -3.853737e+00  9.894714e-01 -4.491064e+00
     vertex -2.766352e+00  3.494715e-01 -5.312736e+00
   endloop
 endfacet
 facet normal  5.162522e-01  8.134833e-01 -2.678218e-01
   outer loop
     vertex  3.191520e+00  5.029031e+00 -7.232201e-01
     vertex  3.576011e+00  4.322654e+00 -2.127629e+00
     vertex  2.388663e+00  5.076168e+00 -2.127629e+00
   endloop
 endfacet
 facet normal  6.234340e-01  7.536022e-01 -2.083598e-01
   outer loop
     vertex  3.191520e+00  5.029031e+00 -7.232201e-01
     vertex  4.341922e+00  4.077336e+00 -7.232201e-01
     vertex  3.576011e+00  4.322654e+00 -2.127629e+00
   endloop
 endfacet
 facet normal -2.276320e-02 -1.193289e-01 -9.925938e-01
   outer loop
     vertex -9.016053e-02 -1.433061e+00 -5.825651e+00
     vertex -4.437156e-01 -1.365616e+00 -5.825651e+00
     vertex  3.673940e-16 -8.998559e-32 -6.000000e+00
   endloop
 endfacet
 facet normal -5.968951e-01  4.336697e-01 -6.750162e-01
   outer loop
     vertex -3.994848e+00  2.902427e+00 -3.408388e+00
     vertex -2.900374e+00  2.723632e+00 -4.491064e+00
     vertex -3.486593e+00  1.916771e+00 -4.491064e+00
   endloop
 endfacet
 facet normal -5.554410e-01  5.215939e-01 -6.476304e-01
   outer loop
     vertex -3.994848e+00  2.902427e+00 -3.408388e+00
     vertex -3.147538e+00  3.804720e+00 -3.408388e+00
     vertex -2.900374e+00  2.723632e+00 -4.491064e+00
   endloop
 endfacet
 facet normal  9.770260e-01  2.131202e-01 -4.449539e-15
   outer loop
     vertex  5.537984e+00  2.192643e+00  7.232201e-01
     vertex  5.999500e+00  7.687408e-02  9.334203e-03
     vertex  5.999500e+00  7.687408e-02 -9.334203e-03
   endloop
 endfacet
 facet normal  9.791604e-01  1.971869e-01  4.860219e-02
   outer loop
     vertex  5.537984e+00  2.192643e+00  7.232201e-01
     vertex  5.999500e+00  7.240643e-02  2.746014e-02
     vertex  5.999500e+00  7.687408e-02  9.334203e-03
   endloop
 endfacet
 facet normal  9.787101e-01  1.817375e-01  9.538322e-02
   outer loop
     vertex  5.537984e+00  2.192643e+00  7.232201e-01
     vertex  5.999500e+00  6.373079e-02  4.399019e-02
     vertex  5.999500e+00  7.240643e-02  2.746014e-02
   endloop
 endfacet
 facet normal  9.754426e-01  1.648623e-01  1.460552e-01
   outer loop
     vertex  5.537984e+00  2.192643e+00  7.232201e-01
     vertex  5.999500e+00  5.135135e-02  5.796369e-02
     vertex  5.999500e+00  6.373079e-02  4.399019e-02
   endloop
 endfacet
 facet normal  9.647072e-01  2.443852e-01 -9.806064e-02
   outer loop
     vertex  5.537984e+00  2.192643e+00  7.232201e-01
     vertex  5.999500e+00  7.687408e-02 -9.334203e-03
     vertex  5.219505e+00  2.869447e+00 -7.232201e-01
   endloop
 endfacet
 facet normal  9.049427e-01  2.323498e-01  3.565002e-01
   outer loop
     vertex  5.537984e+00  2.192643e+00  7.232201e-01
     vertex  5.834439e+00 -1.429025e-15  1.399756e+00
     vertex  5.909286e+00  7.465165e-01  7.232201e-01
   endloop
 endfacet
 facet normal  9.606813e-01  2.466610e-01 -1.274748e-01
   outer loop
     vertex  5.537984e+00  2.192643e+00  7.232201e-01
     vertex  5.909286e+00  7.465165e-01  7.232201e-01
     vertex  5.999500e+00  5.135135e-02  5.796369e-02
   endloop
 endfacet
 facet normal -2.243905e-01 -2.712415e-01 -9.359898e-01
   outer loop
     vertex -1.777354e+00 -2.148452e+00 -5.312736e+00
     vertex -1.046722e+00 -9.829371e-01 -5.825651e+00
     vertex -7.693905e-01 -1.212365e+00 -5.825651e+00
   endloop
 endfacet
 facet normal -2.622189e-01 -2.462399e-01 -9.330633e-01
   outer loop
     vertex -1.777354e+00 -2.148452e+00 -5.312736e+00
     vertex -2.255814e+00 -1.638945e+00 -5.312736e+00
     vertex -1.046722e+00 -9.829371e-01 -5.825651e+00
   endloop
 endfacet
 facet normal -2.701654e-01  8.314837e-01 -4.854333e-01
   outer loop
     vertex -1.733615e+00  5.335520e+00 -2.127629e+00
     vertex -9.252708e-01  4.850439e+00 -3.408388e+00
     vertex -2.102457e+00  4.467948e+00 -3.408388e+00
   endloop
 endfacet
 facet normal -1.682466e-01  8.819796e-01 -4.402329e-01
   outer loop
     vertex -1.733615e+00  5.335520e+00 -2.127629e+00
     vertex -3.522609e-01  5.599027e+00 -2.127629e+00
     vertex -9.252708e-01  4.850439e+00 -3.408388e+00
   endloop
 endfacet
 facet normal -5.434000e-01 -1.395214e-01 -8.277984e-01
   outer loop
     vertex -3.853737e+00 -9.894714e-01 -4.491064e+00
     vertex -2.766352e+00 -3.494715e-01 -5.312736e+00
     vertex -2.592532e+00 -1.026456e+00 -5.312736e+00
   endloop
 endfacet
 facet normal -5.737835e-01 -7.248571e-02 -8.157931e-01
   outer loop
     vertex -3.853737e+00 -9.894714e-01 -4.491064e+00
     vertex -3.978736e+00  2.254168e-15 -4.491064e+00
     vertex -2.766352e+00 -3.494715e-01 -5.312736e+00
   endloop
 endfacet
 facet normal  4.164344e-01  8.849681e-01 -2.083598e-01
   outer loop
     vertex  1.840583e+00  5.664733e+00 -7.232201e-01
     vertex  3.191520e+00  5.029031e+00 -7.232201e-01
     vertex  2.388663e+00  5.076168e+00 -2.127629e+00
   endloop
 endfacet
 facet normal  2.977281e-01  9.163130e-01 -2.678218e-01
   outer loop
     vertex  1.840583e+00  5.664733e+00 -7.232201e-01
     vertex  2.388663e+00  5.076168e+00 -2.127629e+00
     vertex  1.051227e+00  5.510727e+00 -2.127629e+00
   endloop
 endfacet
 facet normal  7.627831e-03 -1.212409e-01 -9.925938e-01
   outer loop
     vertex  2.690597e-01 -1.410460e+00 -5.825651e+00
     vertex -9.016053e-02 -1.433061e+00 -5.825651e+00
     vertex  3.673940e-16 -8.998559e-32 -6.000000e+00
   endloop
 endfacet
 facet normal -6.859918e-01  2.716034e-01 -6.750162e-01
   outer loop
     vertex -4.591146e+00  1.817763e+00 -3.408388e+00
     vertex -3.486593e+00  1.916771e+00 -4.491064e+00
     vertex -3.853737e+00  9.894714e-01 -4.491064e+00
   endloop
 endfacet
 facet normal -6.677060e-01  3.670745e-01 -6.476304e-01
   outer loop
     vertex -4.591146e+00  1.817763e+00 -3.408388e+00
     vertex -3.994848e+00  2.902427e+00 -3.408388e+00
     vertex -3.486593e+00  1.916771e+00 -4.491064e+00
   endloop
 endfacet
 facet normal  8.758451e-01  4.814999e-01  3.245353e-02
   outer loop
     vertex  4.818710e+00  3.500998e+00  7.232201e-01
     vertex  5.537984e+00  2.192643e+00  7.232201e-01
     vertex  5.219505e+00  2.869447e+00 -7.232201e-01
   endloop
 endfacet
 facet normal  8.085908e-01  5.874756e-01 -3.245353e-02
   outer loop
     vertex  4.818710e+00  3.500998e+00  7.232201e-01
     vertex  5.219505e+00  2.869447e+00 -7.232201e-01
     vertex  4.341922e+00  4.077336e+00 -7.232201e-01
   endloop
 endfacet
 facet normal -1.927434e-01 -3.037150e-01 -9.330633e-01
   outer loop
     vertex -1.187217e+00 -2.522965e+00 -5.312736e+00
     vertex -1.777354e+00 -2.148452e+00 -5.312736e+00
     vertex -7.693905e-01 -1.212365e+00 -5.825651e+00
   endloop
 endfacet
 facet normal -1.498858e-01 -3.185236e-01 -9.359898e-01
   outer loop
     vertex -1.187217e+00 -2.522965e+00 -5.312736e+00
     vertex -7.693905e-01 -1.212365e+00 -5.825651e+00
     vertex -4.437156e-01 -1.365616e+00 -5.825651e+00
   endloop
 endfacet
 facet normal -4.684593e-01  7.381737e-01 -4.854333e-01
   outer loop
     vertex -3.006041e+00  4.736762e+00 -2.127629e+00
     vertex -2.102457e+00  4.467948e+00 -3.408388e+00
     vertex -3.147538e+00  3.804720e+00 -3.408388e+00
   endloop
 endfacet
 facet normal -3.823003e-01  8.124294e-01 -4.402329e-01
   outer loop
     vertex -3.006041e+00  4.736762e+00 -2.127629e+00
     vertex -1.733615e+00  5.335520e+00 -2.127629e+00
     vertex -2.102457e+00  4.467948e+00 -3.408388e+00
   endloop
 endfacet
 facet normal -5.377305e-01 -2.129026e-01 -8.157931e-01
   outer loop
     vertex -3.486593e+00 -1.916771e+00 -4.491064e+00
     vertex -3.853737e+00 -9.894714e-01 -4.491064e+00
     vertex -2.592532e+00 -1.026456e+00 -5.312736e+00
   endloop
 endfacet
 facet normal -4.916306e-01 -2.702762e-01 -8.277984e-01
   outer loop
     vertex -3.486593e+00 -1.916771e+00 -4.491064e+00
     vertex -2.592532e+00 -1.026456e+00 -5.312736e+00
     vertex -2.255814e+00 -1.638945e+00 -5.312736e+00
   endloop
 endfacet
 facet normal  1.832687e-01  9.607283e-01 -2.083598e-01
   outer loop
     vertex  3.739962e-01  5.944500e+00 -7.232201e-01
     vertex  1.840583e+00  5.664733e+00 -7.232201e-01
     vertex  1.051227e+00  5.510727e+00 -2.127629e+00
   endloop
 endfacet
 facet normal  6.049669e-02  9.615673e-01 -2.678218e-01
   outer loop
     vertex  3.739962e-01  5.944500e+00 -7.232201e-01
     vertex  1.051227e+00  5.510727e+00 -2.127629e+00
     vertex -3.522609e-01  5.599027e+00 -2.127629e+00
   endloop
 endfacet
 facet normal  3.753958e-02 -1.155349e-01 -9.925938e-01
   outer loop
     vertex  6.113739e-01 -1.299236e+00 -5.825651e+00
     vertex  2.690597e-01 -1.410460e+00 -5.825651e+00
     vertex  3.673940e-16 -8.998559e-32 -6.000000e+00
   endloop
 endfacet
 facet normal -7.319851e-01  9.247122e-02 -6.750162e-01
   outer loop
     vertex -4.898966e+00  6.188834e-01 -3.408388e+00
     vertex -3.853737e+00  9.894714e-01 -4.491064e+00
     vertex -3.978736e+00  2.254168e-15 -4.491064e+00
   endloop
 endfacet
 facet normal -7.380165e-01  1.894904e-01 -6.476304e-01
   outer loop
     vertex -4.898966e+00  6.188834e-01 -3.408388e+00
     vertex -4.591146e+00  1.817763e+00 -3.408388e+00
     vertex -3.853737e+00  9.894714e-01 -4.491064e+00
   endloop
 endfacet
 facet normal  6.370882e-01  7.701074e-01 -3.245353e-02
   outer loop
     vertex  3.796659e+00  4.589372e+00  7.232201e-01
     vertex  4.341922e+00  4.077336e+00 -7.232201e-01
     vertex  3.191520e+00  5.029031e+00 -7.232201e-01
   endloop
 endfacet
 facet normal  7.285846e-01  6.841865e-01  3.245353e-02
   outer loop
     vertex  3.796659e+00  4.589372e+00  7.232201e-01
     vertex  4.818710e+00  3.500998e+00  7.232201e-01
     vertex  4.341922e+00  4.077336e+00 -7.232201e-01
   endloop
 endfacet
 facet normal -6.596328e-02 -3.457916e-01 -9.359898e-01
   outer loop
     vertex -5.224826e-01 -2.738950e+00 -5.312736e+00
     vertex -4.437156e-01 -1.365616e+00 -5.825651e+00
     vertex -9.016053e-02 -1.433061e+00 -5.825651e+00
   endloop
 endfacet
 facet normal -1.111572e-01 -3.421066e-01 -9.330633e-01
   outer loop
     vertex -5.224826e-01 -2.738950e+00 -5.312736e+00
     vertex -1.187217e+00 -2.522965e+00 -5.312736e+00
     vertex -4.437156e-01 -1.365616e+00 -5.825651e+00
   endloop
 endfacet
 facet normal -6.373181e-01  5.984815e-01 -4.854333e-01
   outer loop
     vertex -4.089585e+00  3.840376e+00 -2.127629e+00
     vertex -3.147538e+00  3.804720e+00 -3.408388e+00
     vertex -3.994848e+00  2.902427e+00 -3.408388e+00
   endloop
 endfacet
 facet normal -5.723326e-01  6.918312e-01 -4.402329e-01
   outer loop
     vertex -4.089585e+00  3.840376e+00 -2.127629e+00
     vertex -3.006041e+00  4.736762e+00 -2.127629e+00
     vertex -3.147538e+00  3.804720e+00 -3.408388e+00
   endloop
 endfacet
 facet normal  9.364665e-01  9.234930e-02  3.383817e-01
   outer loop
     vertex  5.433846e+00  1.395175e+00  2.127629e+00
     vertex  5.381584e+00 -1.318108e-15  2.653028e+00
     vertex  5.834439e+00 -1.429025e-15  1.399756e+00
   endloop
 endfacet
 facet normal  9.666380e-01  1.852695e-01  1.768791e-01
   outer loop
     vertex  5.433846e+00  1.395175e+00  2.127629e+00
     vertex  5.834439e+00 -1.429025e-15  1.399756e+00
     vertex  5.537984e+00  2.192643e+00  7.232201e-01
   endloop
 endfacet
 facet normal -4.089701e-01 -3.840485e-01 -8.277984e-01
   outer loop
     vertex -2.900374e+00 -2.723632e+00 -4.491064e+00
     vertex -2.255814e+00 -1.638945e+00 -5.312736e+00
     vertex -1.777354e+00 -2.148452e+00 -5.312736e+00
   endloop
 endfacet
 facet normal -4.678900e-01 -3.399420e-01 -8.157931e-01
   outer loop
     vertex -2.900374e+00 -2.723632e+00 -4.491064e+00
     vertex -3.486593e+00 -1.916771e+00 -4.491064e+00
     vertex -2.255814e+00 -1.638945e+00 -5.312736e+00
   endloop
 endfacet
 facet normal -1.805360e-01  9.464028e-01 -2.678218e-01
   outer loop
     vertex -1.116091e+00  5.850752e+00 -7.232201e-01
     vertex -3.522609e-01  5.599027e+00 -2.127629e+00
     vertex -1.733615e+00  5.335520e+00 -2.127629e+00
   endloop
 endfacet
 facet normal -6.141241e-02  9.761223e-01 -2.083598e-01
   outer loop
     vertex -1.116091e+00  5.850752e+00 -7.232201e-01
     vertex  3.739962e-01  5.944500e+00 -7.232201e-01
     vertex -3.522609e-01  5.599027e+00 -2.127629e+00
   endloop
 endfacet
 facet normal  6.509257e-02 -1.025695e-01 -9.925938e-01
   outer loop
     vertex  9.152733e-01 -1.106375e+00 -5.825651e+00
     vertex  6.113739e-01 -1.299236e+00 -5.825651e+00
     vertex  3.673940e-16 -8.998559e-32 -6.000000e+00
   endloop
 endfacet
 facet normal -7.319851e-01 -9.247122e-02 -6.750162e-01
   outer loop
     vertex -4.898966e+00 -6.188834e-01 -3.408388e+00
     vertex -3.978736e+00  2.254168e-15 -4.491064e+00
     vertex -3.853737e+00 -9.894714e-01 -4.491064e+00
   endloop
 endfacet
 facet normal -7.619547e-01  1.093504e-15 -6.476304e-01
   outer loop
     vertex -4.898966e+00 -6.188834e-01 -3.408388e+00
     vertex -4.898966e+00  6.188834e-01 -3.408388e+00
     vertex -3.978736e+00  2.254168e-15 -4.491064e+00
   endloop
 endfacet
 facet normal  4.255550e-01  9.043504e-01 -3.245353e-02
   outer loop
     vertex  2.536049e+00  5.389379e+00  7.232201e-01
     vertex  3.191520e+00  5.029031e+00 -7.232201e-01
     vertex  1.840583e+00  5.664733e+00 -7.232201e-01
   endloop
 endfacet
 facet normal  5.355445e-01  8.438832e-01  3.245353e-02
   outer loop
     vertex  2.536049e+00  5.389379e+00  7.232201e-01
     vertex  3.796659e+00  4.589372e+00  7.232201e-01
     vertex  3.191520e+00  5.029031e+00 -7.232201e-01
   endloop
 endfacet
 facet normal  2.210396e-02 -3.513324e-01 -9.359898e-01
   outer loop
     vertex  1.750813e-01 -2.782837e+00 -5.312736e+00
     vertex -9.016053e-02 -1.433061e+00 -5.825651e+00
     vertex  2.690597e-01 -1.410460e+00 -5.825651e+00
   endloop
 endfacet
 facet normal -2.258651e-02 -3.590023e-01 -9.330633e-01
   outer loop
     vertex  1.750813e-01 -2.782837e+00 -5.312736e+00
     vertex -5.224826e-01 -2.738950e+00 -5.312736e+00
     vertex -9.016053e-02 -1.433061e+00 -5.825651e+00
   endloop
 endfacet
 facet normal -7.264031e-01  5.277628e-01 -4.402329e-01
   outer loop
     vertex -4.916166e+00  2.702685e+00 -2.127629e+00
     vertex -4.089585e+00  3.840376e+00 -2.127629e+00
     vertex -3.994848e+00  2.902427e+00 -3.408388e+00
   endloop
 endfacet
 facet normal -7.661319e-01  4.211846e-01 -4.854333e-01
   outer loop
     vertex -4.916166e+00  2.702685e+00 -2.127629e+00
     vertex -3.994848e+00  2.902427e+00 -3.408388e+00
     vertex -4.591146e+00  1.817763e+00 -3.408388e+00
   endloop
 endfacet
 facet normal  8.958103e-01  3.546764e-01  2.678218e-01
   outer loop
     vertex  4.916166e+00  2.702685e+00  2.127629e+00
     vertex  5.433846e+00  1.395175e+00  2.127629e+00
     vertex  5.537984e+00  2.192643e+00  7.232201e-01
   endloop
 endfacet
 facet normal  8.570737e-01  4.711803e-01  2.083598e-01
   outer loop
     vertex  4.916166e+00  2.702685e+00  2.127629e+00
     vertex  5.537984e+00  2.192643e+00  7.232201e-01
     vertex  4.818710e+00  3.500998e+00  7.232201e-01
   endloop
 endfacet
 facet normal -3.686503e-01 -4.456216e-01 -8.157931e-01
   outer loop
     vertex -2.131913e+00 -3.359358e+00 -4.491064e+00
     vertex -2.900374e+00 -2.723632e+00 -4.491064e+00
     vertex -1.777354e+00 -2.148452e+00 -5.312736e+00
   endloop
 endfacet
 facet normal -3.006126e-01 -4.736897e-01 -8.277984e-01
   outer loop
     vertex -2.131913e+00 -3.359358e+00 -4.491064e+00
     vertex -1.777354e+00 -2.148452e+00 -5.312736e+00
     vertex -1.187217e+00 -2.522965e+00 -5.312736e+00
   endloop
 endfacet
 facet normal -4.102249e-01  8.717723e-01 -2.678218e-01
   outer loop
     vertex -2.536049e+00  5.389379e+00 -7.232201e-01
     vertex -1.733615e+00  5.335520e+00 -2.127629e+00
     vertex -3.006041e+00  4.736762e+00 -2.127629e+00
   endloop
 endfacet
 facet normal -3.022348e-01  9.301830e-01 -2.083598e-01
   outer loop
     vertex -2.536049e+00  5.389379e+00 -7.232201e-01
     vertex -1.116091e+00  5.850752e+00 -7.232201e-01
     vertex -1.733615e+00  5.335520e+00 -2.127629e+00
   endloop
 endfacet
 facet normal  8.855556e-02 -8.315921e-02 -9.925938e-01
   outer loop
     vertex  1.161663e+00 -8.439973e-01 -5.825651e+00
     vertex  9.152733e-01 -1.106375e+00 -5.825651e+00
     vertex  3.673940e-16 -8.998559e-32 -6.000000e+00
   endloop
 endfacet
 facet normal -7.380165e-01 -1.894904e-01 -6.476304e-01
   outer loop
     vertex -4.591146e+00 -1.817763e+00 -3.408388e+00
     vertex -4.898966e+00 -6.188834e-01 -3.408388e+00
     vertex -3.853737e+00 -9.894714e-01 -4.491064e+00
   endloop
 endfacet
 facet normal -6.859918e-01 -2.716034e-01 -6.750162e-01
   outer loop
     vertex -4.591146e+00 -1.817763e+00 -3.408388e+00
     vertex -3.853737e+00 -9.894714e-01 -4.491064e+00
     vertex -3.486593e+00 -1.916771e+00 -4.491064e+00
   endloop
 endfacet
 facet normal  3.088542e-01  9.505555e-01  3.245353e-02
   outer loop
     vertex  1.116091e+00  5.850752e+00  7.232201e-01
     vertex  2.536049e+00  5.389379e+00  7.232201e-01
     vertex  1.840583e+00  5.664733e+00 -7.232201e-01
   endloop
 endfacet
 facet normal  1.872826e-01  9.817698e-01 -3.245353e-02
   outer loop
     vertex  1.116091e+00  5.850752e+00  7.232201e-01
     vertex  1.840583e+00  5.664733e+00 -7.232201e-01
     vertex  3.739962e-01  5.944500e+00 -7.232201e-01
   endloop
 endfacet
 facet normal  1.087823e-01 -3.347976e-01 -9.359898e-01
   outer loop
     vertex  8.616441e-01 -2.651868e+00 -5.312736e+00
     vertex  2.690597e-01 -1.410460e+00 -5.825651e+00
     vertex  6.113739e-01 -1.299236e+00 -5.825651e+00
   endloop
 endfacet
 facet normal  6.740333e-02 -3.533406e-01 -9.330633e-01
   outer loop
     vertex  8.616441e-01 -2.651868e+00 -5.312736e+00
     vertex  1.750813e-01 -2.782837e+00 -5.312736e+00
     vertex  2.690597e-01 -1.410460e+00 -5.825651e+00
   endloop
 endfacet
 facet normal -8.468068e-01  2.174230e-01 -4.854333e-01
   outer loop
     vertex -5.433846e+00  1.395175e+00 -2.127629e+00
     vertex -4.591146e+00  1.817763e+00 -3.408388e+00
     vertex -4.898966e+00  6.188834e-01 -3.408388e+00
   endloop
 endfacet
 facet normal -8.348311e-01  3.305330e-01 -4.402329e-01
   outer loop
     vertex -5.433846e+00  1.395175e+00 -2.127629e+00
     vertex -4.916166e+00  2.702685e+00 -2.127629e+00
     vertex -4.591146e+00  1.817763e+00 -3.408388e+00
   endloop
 endfacet
 facet normal  7.129694e-01  6.695228e-01  2.083598e-01
   outer loop
     vertex  4.089585e+00  3.840376e+00  2.127629e+00
     vertex  4.818710e+00  3.500998e+00  7.232201e-01
     vertex  3.796659e+00  4.589372e+00  7.232201e-01
   endloop
 endfacet
 facet normal  7.794624e-01  5.663126e-01  2.678218e-01
   outer loop
     vertex  4.089585e+00  3.840376e+00  2.127629e+00
     vertex  4.916166e+00  2.702685e+00  2.127629e+00
     vertex  4.818710e+00  3.500998e+00  7.232201e-01
   endloop
 endfacet
 facet normal -1.733665e-01 -5.335672e-01 -8.277984e-01
   outer loop
     vertex -1.229497e+00 -3.784003e+00 -4.491064e+00
     vertex -1.187217e+00 -2.522965e+00 -5.312736e+00
     vertex -5.224826e-01 -2.738950e+00 -5.312736e+00
   endloop
 endfacet
 facet normal -2.462468e-01 -5.233012e-01 -8.157931e-01
   outer loop
     vertex -1.229497e+00 -3.784003e+00 -4.491064e+00
     vertex -2.131913e+00 -3.359358e+00 -4.491064e+00
     vertex -1.187217e+00 -2.522965e+00 -5.312736e+00
   endloop
 endfacet
 facet normal -6.141379e-01  7.423652e-01 -2.678218e-01
   outer loop
     vertex -3.796659e+00  4.589372e+00 -7.232201e-01
     vertex -3.006041e+00  4.736762e+00 -2.127629e+00
     vertex -4.089585e+00  3.840376e+00 -2.127629e+00
   endloop
 endfacet
 facet normal -5.240666e-01  8.257968e-01 -2.083598e-01
   outer loop
     vertex -3.796659e+00  4.589372e+00 -7.232201e-01
     vertex -2.536049e+00  5.389379e+00 -7.232201e-01
     vertex -3.006041e+00  4.736762e+00 -2.127629e+00
   endloop
 endfacet
 facet normal  1.064543e-01 -5.852373e-02 -9.925938e-01
   outer loop
     vertex  1.335060e+00 -5.285878e-01 -5.825651e+00
     vertex  1.161663e+00 -8.439973e-01 -5.825651e+00
     vertex  3.673940e-16 -8.998559e-32 -6.000000e+00
   endloop
 endfacet
 facet normal  8.422802e-01 -1.082002e-03  5.390388e-01
   outer loop
     vertex  4.898966e+00  6.188834e-01  3.408388e+00
     vertex  4.663271e+00 -1.142172e-15  3.775434e+00
     vertex  5.381584e+00 -1.318108e-15  2.653028e+00
   endloop
 endfacet
 facet normal -5.968951e-01 -4.336697e-01 -6.750162e-01
   outer loop
     vertex -3.994848e+00 -2.902427e+00 -3.408388e+00
     vertex -3.486593e+00 -1.916771e+00 -4.491064e+00
     vertex -2.900374e+00 -2.723632e+00 -4.491064e+00
   endloop
 endfacet
 facet normal -6.677060e-01 -3.670745e-01 -6.476304e-01
   outer loop
     vertex -3.994848e+00 -2.902427e+00 -3.408388e+00
     vertex -4.591146e+00 -1.817763e+00 -3.408388e+00
     vertex -3.486593e+00 -1.916771e+00 -4.491064e+00
   endloop
 endfacet
 facet normal  6.275744e-02  9.975010e-01  3.245353e-02
   outer loop
     vertex -3.739962e-01  5.944500e+00  7.232201e-01
     vertex  1.116091e+00  5.850752e+00  7.232201e-01
     vertex  3.739962e-01  5.944500e+00 -7.232201e-01
   endloop
 endfacet
 facet normal -6.275744e-02  9.975010e-01 -3.245353e-02
   outer loop
     vertex -3.739962e-01  5.944500e+00  7.232201e-01
     vertex  3.739962e-01  5.944500e+00 -7.232201e-01
     vertex -1.116091e+00  5.850752e+00 -7.232201e-01
   endloop
 endfacet
 facet normal  1.886255e-01 -2.972262e-01 -9.359898e-01
   outer loop
     vertex  1.494067e+00 -2.354273e+00 -5.312736e+00
     vertex  6.113739e-01 -1.299236e+00 -5.825651e+00
     vertex  9.152733e-01 -1.106375e+00 -5.825651e+00
   endloop
 endfacet
 facet normal  1.531580e-01 -3.254773e-01 -9.330633e-01
   outer loop
     vertex  1.494067e+00 -2.354273e+00 -5.312736e+00
     vertex  8.616441e-01 -2.651868e+00 -5.312736e+00
     vertex  6.113739e-01 -1.299236e+00 -5.825651e+00
   endloop
 endfacet
 facet normal -8.908036e-01  1.125347e-01 -4.402329e-01
   outer loop
     vertex -5.610097e+00  3.178423e-15 -2.127629e+00
     vertex -5.433846e+00  1.395175e+00 -2.127629e+00
     vertex -4.898966e+00  6.188834e-01 -3.408388e+00
   endloop
 endfacet
 facet normal -8.742737e-01  1.259012e-15 -4.854333e-01
   outer loop
     vertex -5.610097e+00  3.178423e-15 -2.127629e+00
     vertex -4.898966e+00  6.188834e-01 -3.408388e+00
     vertex -4.898966e+00 -6.188834e-01 -3.408388e+00
   endloop
 endfacet
 facet normal  6.141379e-01  7.423652e-01  2.678218e-01
   outer loop
     vertex  3.006041e+00  4.736762e+00  2.127629e+00
     vertex  4.089585e+00  3.840376e+00  2.127629e+00
     vertex  3.796659e+00  4.589372e+00  7.232201e-01
   endloop
 endfacet
 facet normal  5.240666e-01  8.257968e-01  2.083598e-01
   outer loop
     vertex  3.006041e+00  4.736762e+00  2.127629e+00
     vertex  3.796659e+00  4.589372e+00  7.232201e-01
     vertex  2.536049e+00  5.389379e+00  7.232201e-01
   endloop
 endfacet
 facet normal -1.083708e-01 -5.680998e-01 -8.157931e-01
   outer loop
     vertex -2.498269e-01 -3.970885e+00 -4.491064e+00
     vertex -1.229497e+00 -3.784003e+00 -4.491064e+00
     vertex -5.224826e-01 -2.738950e+00 -5.312736e+00
   endloop
 endfacet
 facet normal -3.522710e-02 -5.599186e-01 -8.277984e-01
   outer loop
     vertex -2.498269e-01 -3.970885e+00 -4.491064e+00
     vertex -5.224826e-01 -2.738950e+00 -5.312736e+00
     vertex  1.750813e-01 -2.782837e+00 -5.312736e+00
   endloop
 endfacet
 facet normal -7.129694e-01  6.695228e-01 -2.083598e-01
   outer loop
     vertex -4.818710e+00  3.500998e+00 -7.232201e-01
     vertex -3.796659e+00  4.589372e+00 -7.232201e-01
     vertex -4.089585e+00  3.840376e+00 -2.127629e+00
   endloop
 endfacet
 facet normal -7.794624e-01  5.663126e-01 -2.678218e-01
   outer loop
     vertex -4.818710e+00  3.500998e+00 -7.232201e-01
     vertex -4.089585e+00  3.840376e+00 -2.127629e+00
     vertex -4.916166e+00  2.702685e+00 -2.127629e+00
   endloop
 endfacet
 facet normal  3.446301e-01 -8.848598e-02 -9.345589e-01
   outer loop
     vertex  1.424572e+00 -1.799652e-01 -5.825651e+00
     vertex  2.583350e+00 -6.327383e-16 -5.415377e+00
     vertex  1.335060e+00 -5.285878e-01 -5.825651e+00
   endloop
 endfacet
 facet normal  1.106608e-01 -8.347100e-02 -9.903468e-01
   outer loop
     vertex  1.424572e+00 -1.799652e-01 -5.825651e+00
     vertex  3.673940e-16 -8.998559e-32 -6.000000e+00
     vertex  1.324338e+00 -3.243692e-16 -5.852019e+00
   endloop
 endfacet
 facet normal  3.273496e-01  4.402512e-02 -9.438771e-01
   outer loop
     vertex  1.424572e+00 -1.799652e-01 -5.825651e+00
     vertex  1.324338e+00 -3.243692e-16 -5.852019e+00
     vertex  2.583350e+00 -6.327383e-16 -5.415377e+00
   endloop
 endfacet
 facet normal  1.176641e-01 -3.021100e-02 -9.925938e-01
   outer loop
     vertex  1.424572e+00 -1.799652e-01 -5.825651e+00
     vertex  1.335060e+00 -5.285878e-01 -5.825651e+00
     vertex  3.673940e-16 -8.998559e-32 -6.000000e+00
   endloop
 endfacet
 facet normal  8.480355e-01  1.586467e-01  5.056352e-01
   outer loop
     vertex  4.591146e+00  1.817763e+00  3.408388e+00
     vertex  5.381584e+00 -1.318108e-15  2.653028e+00
     vertex  5.433846e+00  1.395175e+00  2.127629e+00
   endloop
 endfacet
 facet normal  8.348311e-01  3.305330e-01  4.402329e-01
   outer loop
     vertex  4.591146e+00  1.817763e+00  3.408388e+00
     vertex  5.433846e+00  1.395175e+00  2.127629e+00
     vertex  4.916166e+00  2.702685e+00  2.127629e+00
   endloop
 endfacet
 facet normal  8.945757e-01  2.296880e-01  3.833767e-01
   outer loop
     vertex  4.591146e+00  1.817763e+00  3.408388e+00
     vertex  4.898966e+00  6.188834e-01  3.408388e+00
     vertex  5.381584e+00 -1.318108e-15  2.653028e+00
   endloop
 endfacet
 facet normal  6.709014e-01  1.722582e-01  7.212617e-01
   outer loop
     vertex  4.591146e+00  1.817763e+00  3.408388e+00
     vertex  4.663271e+00 -1.142172e-15  3.775434e+00
     vertex  4.898966e+00  6.188834e-01  3.408388e+00
   endloop
 endfacet
 facet normal -5.554410e-01 -5.215939e-01 -6.476304e-01
   outer loop
     vertex -3.147538e+00 -3.804720e+00 -3.408388e+00
     vertex -3.994848e+00 -2.902427e+00 -3.408388e+00
     vertex -2.900374e+00 -2.723632e+00 -4.491064e+00
   endloop
 endfacet
 facet normal -4.702933e-01 -5.684869e-01 -6.750162e-01
   outer loop
     vertex -3.147538e+00 -3.804720e+00 -3.408388e+00
     vertex -2.900374e+00 -2.723632e+00 -4.491064e+00
     vertex -2.131913e+00 -3.359358e+00 -4.491064e+00
   endloop
 endfacet
 facet normal -1.872826e-01  9.817698e-01  3.245353e-02
   outer loop
     vertex -1.840583e+00  5.664733e+00  7.232201e-01
     vertex -3.739962e-01  5.944500e+00  7.232201e-01
     vertex -1.116091e+00  5.850752e+00 -7.232201e-01
   endloop
 endfacet
 facet normal -3.088542e-01  9.505555e-01 -3.245353e-02
   outer loop
     vertex -1.840583e+00  5.664733e+00  7.232201e-01
     vertex -1.116091e+00  5.850752e+00 -7.232201e-01
     vertex -2.536049e+00  5.389379e+00 -7.232201e-01
   endloop
 endfacet
 facet normal  2.292891e-01 -2.771630e-01 -9.330633e-01
   outer loop
     vertex  2.032612e+00 -1.908749e+00 -5.312736e+00
     vertex  1.494067e+00 -2.354273e+00 -5.312736e+00
     vertex  9.152733e-01 -1.106375e+00 -5.825651e+00
   endloop
 endfacet
 facet normal  2.566166e-01 -2.409791e-01 -9.359898e-01
   outer loop
     vertex  2.032612e+00 -1.908749e+00 -5.312736e+00
     vertex  9.152733e-01 -1.106375e+00 -5.825651e+00
     vertex  1.161663e+00 -8.439973e-01 -5.825651e+00
   endloop
 endfacet
 facet normal -8.908036e-01 -1.125347e-01 -4.402329e-01
   outer loop
     vertex -5.433846e+00 -1.395175e+00 -2.127629e+00
     vertex -5.610097e+00  3.178423e-15 -2.127629e+00
     vertex -4.898966e+00 -6.188834e-01 -3.408388e+00
   endloop
 endfacet
 facet normal -8.468068e-01 -2.174230e-01 -4.854333e-01
   outer loop
     vertex -5.433846e+00 -1.395175e+00 -2.127629e+00
     vertex -4.898966e+00 -6.188834e-01 -3.408388e+00
     vertex -4.591146e+00 -1.817763e+00 -3.408388e+00
   endloop
 endfacet
 facet normal  4.102249e-01  8.717723e-01  2.678218e-01
   outer loop
     vertex  1.733615e+00  5.335520e+00  2.127629e+00
     vertex  3.006041e+00  4.736762e+00  2.127629e+00
     vertex  2.536049e+00  5.389379e+00  7.232201e-01
   endloop
 endfacet
 facet normal  3.022348e-01  9.301830e-01  2.083598e-01
   outer loop
     vertex  1.733615e+00  5.335520e+00  2.127629e+00
     vertex  2.536049e+00  5.389379e+00  7.232201e-01
     vertex  1.116091e+00  5.850752e+00  7.232201e-01
   endloop
 endfacet
 facet normal  1.051257e-01 -5.510884e-01 -8.277984e-01
   outer loop
     vertex  7.455408e-01 -3.908262e+00 -4.491064e+00
     vertex  1.750813e-01 -2.782837e+00 -5.312736e+00
     vertex  8.616441e-01 -2.651868e+00 -5.312736e+00
   endloop
 endfacet
 facet normal  3.631451e-02 -5.772026e-01 -8.157931e-01
   outer loop
     vertex  7.455408e-01 -3.908262e+00 -4.491064e+00
     vertex -2.498269e-01 -3.970885e+00 -4.491064e+00
     vertex  1.750813e-01 -2.782837e+00 -5.312736e+00
   endloop
 endfacet
 facet normal -8.958103e-01  3.546764e-01 -2.678218e-01
   outer loop
     vertex -5.537984e+00  2.192643e+00 -7.232201e-01
     vertex -4.916166e+00  2.702685e+00 -2.127629e+00
     vertex -5.433846e+00  1.395175e+00 -2.127629e+00
   endloop
 endfacet
 facet normal -8.570737e-01  4.711803e-01 -2.083598e-01
   outer loop
     vertex -5.537984e+00  2.192643e+00 -7.232201e-01
     vertex -4.818710e+00  3.500998e+00 -7.232201e-01
     vertex -4.916166e+00  2.702685e+00 -2.127629e+00
   endloop
 endfacet
 facet normal  7.264031e-01  5.277628e-01  4.402329e-01
   outer loop
     vertex  3.994848e+00  2.902427e+00  3.408388e+00
     vertex  4.916166e+00  2.702685e+00  2.127629e+00
     vertex  4.089585e+00  3.840376e+00  2.127629e+00
   endloop
 endfacet
 facet normal  7.661319e-01  4.211846e-01  4.854333e-01
   outer loop
     vertex  3.994848e+00  2.902427e+00  3.408388e+00
     vertex  4.591146e+00  1.817763e+00  3.408388e+00
     vertex  4.916166e+00  2.702685e+00  2.127629e+00
   endloop
 endfacet
 facet normal -3.141412e-01 -6.675840e-01 -6.750162e-01
   outer loop
     vertex -2.102457e+00 -4.467948e+00 -3.408388e+00
     vertex -2.131913e+00 -3.359358e+00 -4.491064e+00
     vertex -1.229497e+00 -3.784003e+00 -4.491064e+00
   endloop
 endfacet
 facet normal -4.082757e-01 -6.433396e-01 -6.476304e-01
   outer loop
     vertex -2.102457e+00 -4.467948e+00 -3.408388e+00
     vertex -3.147538e+00 -3.804720e+00 -3.408388e+00
     vertex -2.131913e+00 -3.359358e+00 -4.491064e+00
   endloop
 endfacet
 facet normal -4.255550e-01  9.043504e-01  3.245353e-02
   outer loop
     vertex -3.191520e+00  5.029031e+00  7.232201e-01
     vertex -1.840583e+00  5.664733e+00  7.232201e-01
     vertex -2.536049e+00  5.389379e+00 -7.232201e-01
   endloop
 endfacet
 facet normal -5.355445e-01  8.438832e-01 -3.245353e-02
   outer loop
     vertex -3.191520e+00  5.029031e+00  7.232201e-01
     vertex -2.536049e+00  5.389379e+00 -7.232201e-01
     vertex -3.796659e+00  4.589372e+00 -7.232201e-01
   endloop
 endfacet
 facet normal  3.084836e-01 -1.695903e-01 -9.359898e-01
   outer loop
     vertex  2.443440e+00 -1.343293e+00 -5.312736e+00
     vertex  1.161663e+00 -8.439973e-01 -5.825651e+00
     vertex  1.335060e+00 -5.285878e-01 -5.825651e+00
   endloop
 endfacet
 facet normal  2.910132e-01 -2.114335e-01 -9.330633e-01
   outer loop
     vertex  2.443440e+00 -1.343293e+00 -5.312736e+00
     vertex  2.032612e+00 -1.908749e+00 -5.312736e+00
     vertex  1.161663e+00 -8.439973e-01 -5.825651e+00
   endloop
 endfacet
 facet normal -8.348311e-01 -3.305330e-01 -4.402329e-01
   outer loop
     vertex -4.916166e+00 -2.702685e+00 -2.127629e+00
     vertex -5.433846e+00 -1.395175e+00 -2.127629e+00
     vertex -4.591146e+00 -1.817763e+00 -3.408388e+00
   endloop
 endfacet
 facet normal -7.661319e-01 -4.211846e-01 -4.854333e-01
   outer loop
     vertex -4.916166e+00 -2.702685e+00 -2.127629e+00
     vertex -4.591146e+00 -1.817763e+00 -3.408388e+00
     vertex -3.994848e+00 -2.902427e+00 -3.408388e+00
   endloop
 endfacet
 facet normal  6.141241e-02  9.761223e-01  2.083598e-01
   outer loop
     vertex  3.522609e-01  5.599027e+00  2.127629e+00
     vertex  1.116091e+00  5.850752e+00  7.232201e-01
     vertex -3.739962e-01  5.944500e+00  7.232201e-01
   endloop
 endfacet
 facet normal  1.805360e-01  9.464028e-01  2.678218e-01
   outer loop
     vertex  3.522609e-01  5.599027e+00  2.127629e+00
     vertex  1.733615e+00  5.335520e+00  2.127629e+00
     vertex  1.116091e+00  5.850752e+00  7.232201e-01
   endloop
 endfacet
 facet normal  2.388731e-01 -5.076312e-01 -8.277984e-01
   outer loop
     vertex  1.694063e+00 -3.600068e+00 -4.491064e+00
     vertex  8.616441e-01 -2.651868e+00 -5.312736e+00
     vertex  1.494067e+00 -2.354273e+00 -5.312736e+00
   endloop
 endfacet
 facet normal  1.787181e-01 -5.500377e-01 -8.157931e-01
   outer loop
     vertex  1.694063e+00 -3.600068e+00 -4.491064e+00
     vertex  7.455408e-01 -3.908262e+00 -4.491064e+00
     vertex  8.616441e-01 -2.651868e+00 -5.312736e+00
   endloop
 endfacet
 facet normal -9.558712e-01  1.207546e-01 -2.678218e-01
   outer loop
     vertex -5.909286e+00  7.465165e-01 -7.232201e-01
     vertex -5.433846e+00  1.395175e+00 -2.127629e+00
     vertex -5.610097e+00  3.178423e-15 -2.127629e+00
   endloop
 endfacet
 facet normal -9.473249e-01  2.432317e-01 -2.083598e-01
   outer loop
     vertex -5.909286e+00  7.465165e-01 -7.232201e-01
     vertex -5.537984e+00  2.192643e+00 -7.232201e-01
     vertex -5.433846e+00  1.395175e+00 -2.127629e+00
   endloop
 endfacet
 facet normal  6.373181e-01  5.984815e-01  4.854333e-01
   outer loop
     vertex  3.147538e+00  3.804720e+00  3.408388e+00
     vertex  3.994848e+00  2.902427e+00  3.408388e+00
     vertex  4.089585e+00  3.840376e+00  2.127629e+00
   endloop
 endfacet
 facet normal  5.723326e-01  6.918312e-01  4.402329e-01
   outer loop
     vertex  3.147538e+00  3.804720e+00  3.408388e+00
     vertex  4.089585e+00  3.840376e+00  2.127629e+00
     vertex  3.006041e+00  4.736762e+00  2.127629e+00
   endloop
 endfacet
 facet normal -2.354569e-01 -7.246620e-01 -6.476304e-01
   outer loop
     vertex -9.252708e-01 -4.850439e+00 -3.408388e+00
     vertex -2.102457e+00 -4.467948e+00 -3.408388e+00
     vertex -1.229497e+00 -3.784003e+00 -4.491064e+00
   endloop
 endfacet
 facet normal -1.382505e-01 -7.247344e-01 -6.750162e-01
   outer loop
     vertex -9.252708e-01 -4.850439e+00 -3.408388e+00
     vertex -1.229497e+00 -3.784003e+00 -4.491064e+00
     vertex -2.498269e-01 -3.970885e+00 -4.491064e+00
   endloop
 endfacet
 facet normal -7.285846e-01  6.841865e-01 -3.245353e-02
   outer loop
     vertex -4.341922e+00  4.077336e+00  7.232201e-01
     vertex -3.796659e+00  4.589372e+00 -7.232201e-01
     vertex -4.818710e+00  3.500998e+00 -7.232201e-01
   endloop
 endfacet
 facet normal -6.370882e-01  7.701074e-01  3.245353e-02
   outer loop
     vertex -4.341922e+00  4.077336e+00  7.232201e-01
     vertex -3.191520e+00  5.029031e+00  7.232201e-01
     vertex -3.796659e+00  4.589372e+00 -7.232201e-01
   endloop
 endfacet
 facet normal  3.418966e-01 -8.070586e-02 -9.362656e-01
   outer loop
     vertex  2.700738e+00 -6.934317e-01 -5.312736e+00
     vertex  1.335060e+00 -5.285878e-01 -5.825651e+00
     vertex  2.583350e+00 -6.327383e-16 -5.415377e+00
   endloop
 endfacet
 facet normal  5.277760e-01 -3.626434e-02 -8.486091e-01
   outer loop
     vertex  2.700738e+00 -6.934317e-01 -5.312736e+00
     vertex  2.583350e+00 -6.327383e-16 -5.415377e+00
     vertex  3.714934e+00 -9.098963e-16 -4.711610e+00
   endloop
 endfacet
 facet normal  3.344519e-01 -1.324189e-01 -9.330633e-01
   outer loop
     vertex  2.700738e+00 -6.934317e-01 -5.312736e+00
     vertex  2.443440e+00 -1.343293e+00 -5.312736e+00
     vertex  1.335060e+00 -5.285878e-01 -5.825651e+00
   endloop
 endfacet
 facet normal  7.012647e-01  5.996357e-02  7.103747e-01
   outer loop
     vertex  3.853737e+00  9.894714e-01  4.491064e+00
     vertex  3.714934e+00 -9.098963e-16  4.711610e+00
     vertex  4.663271e+00 -1.142172e-15  3.775434e+00
   endloop
 endfacet
 facet normal  7.555096e-01  1.583415e-01  6.357147e-01
   outer loop
     vertex  3.853737e+00  9.894714e-01  4.491064e+00
     vertex  4.663271e+00 -1.142172e-15  3.775434e+00
     vertex  4.591146e+00  1.817763e+00  3.408388e+00
   endloop
 endfacet
 facet normal -6.373181e-01 -5.984815e-01 -4.854333e-01
   outer loop
     vertex -4.089585e+00 -3.840376e+00 -2.127629e+00
     vertex -3.994848e+00 -2.902427e+00 -3.408388e+00
     vertex -3.147538e+00 -3.804720e+00 -3.408388e+00
   endloop
 endfacet
 facet normal -7.264031e-01 -5.277628e-01 -4.402329e-01
   outer loop
     vertex -4.089585e+00 -3.840376e+00 -2.127629e+00
     vertex -4.916166e+00 -2.702685e+00 -2.127629e+00
     vertex -3.994848e+00 -2.902427e+00 -3.408388e+00
   endloop
 endfacet
 facet normal -6.049669e-02  9.615673e-01  2.678218e-01
   outer loop
     vertex -1.051227e+00  5.510727e+00  2.127629e+00
     vertex  3.522609e-01  5.599027e+00  2.127629e+00
     vertex -3.739962e-01  5.944500e+00  7.232201e-01
   endloop
 endfacet
 facet normal -1.832687e-01  9.607283e-01  2.083598e-01
   outer loop
     vertex -1.051227e+00  5.510727e+00  2.127629e+00
     vertex -3.739962e-01  5.944500e+00  7.232201e-01
     vertex -1.840583e+00  5.664733e+00  7.232201e-01
   endloop
 endfacet
 facet normal  3.576112e-01 -4.322777e-01 -8.277984e-01
   outer loop
     vertex  2.536142e+00 -3.065669e+00 -4.491064e+00
     vertex  1.494067e+00 -2.354273e+00 -5.312736e+00
     vertex  2.032612e+00 -1.908749e+00 -5.312736e+00
   endloop
 endfacet
 facet normal  3.098921e-01 -4.883119e-01 -8.157931e-01
   outer loop
     vertex  2.536142e+00 -3.065669e+00 -4.491064e+00
     vertex  1.694063e+00 -3.600068e+00 -4.491064e+00
     vertex  1.494067e+00 -2.354273e+00 -5.312736e+00
   endloop
 endfacet
 facet normal -9.558712e-01 -1.207546e-01 -2.678218e-01
   outer loop
     vertex -5.909286e+00 -7.465165e-01 -7.232201e-01
     vertex -5.610097e+00  3.178423e-15 -2.127629e+00
     vertex -5.433846e+00 -1.395175e+00 -2.127629e+00
   endloop
 endfacet
 facet normal -9.780522e-01  1.163651e-15 -2.083598e-01
   outer loop
     vertex -5.909286e+00 -7.465165e-01 -7.232201e-01
     vertex -5.909286e+00  7.465165e-01 -7.232201e-01
     vertex -5.610097e+00  3.178423e-15 -2.127629e+00
   endloop
 endfacet
 facet normal  3.823003e-01  8.124294e-01  4.402329e-01
   outer loop
     vertex  2.102457e+00  4.467948e+00  3.408388e+00
     vertex  3.006041e+00  4.736762e+00  2.127629e+00
     vertex  1.733615e+00  5.335520e+00  2.127629e+00
   endloop
 endfacet
 facet normal  4.684593e-01  7.381737e-01  4.854333e-01
   outer loop
     vertex  2.102457e+00  4.467948e+00  3.408388e+00
     vertex  3.147538e+00  3.804720e+00  3.408388e+00
     vertex  3.006041e+00  4.736762e+00  2.127629e+00
   endloop
 endfacet
 facet normal  4.632703e-02 -7.363470e-01 -6.750162e-01
   outer loop
     vertex  3.100535e-01 -4.928159e+00 -3.408388e+00
     vertex -2.498269e-01 -3.970885e+00 -4.491064e+00
     vertex  7.455408e-01 -3.908262e+00 -4.491064e+00
   endloop
 endfacet
 facet normal -4.784353e-02 -7.604511e-01 -6.476304e-01
   outer loop
     vertex  3.100535e-01 -4.928159e+00 -3.408388e+00
     vertex -9.252708e-01 -4.850439e+00 -3.408388e+00
     vertex -2.498269e-01 -3.970885e+00 -4.491064e+00
   endloop
 endfacet
 facet normal -8.758451e-01  4.814999e-01 -3.245353e-02
   outer loop
     vertex -5.219505e+00  2.869447e+00  7.232201e-01
     vertex -4.818710e+00  3.500998e+00 -7.232201e-01
     vertex -5.537984e+00  2.192643e+00 -7.232201e-01
   endloop
 endfacet
 facet normal -8.085908e-01  5.874756e-01  3.245353e-02
   outer loop
     vertex -5.219505e+00  2.869447e+00  7.232201e-01
     vertex -4.341922e+00  4.077336e+00  7.232201e-01
     vertex -4.818710e+00  3.500998e+00 -7.232201e-01
   endloop
 endfacet
 facet normal  6.859918e-01  2.716034e-01  6.750162e-01
   outer loop
     vertex  3.486593e+00  1.916771e+00  4.491064e+00
     vertex  3.853737e+00  9.894714e-01  4.491064e+00
     vertex  4.591146e+00  1.817763e+00  3.408388e+00
   endloop
 endfacet
 facet normal  6.677060e-01  3.670745e-01  6.476304e-01
   outer loop
     vertex  3.486593e+00  1.916771e+00  4.491064e+00
     vertex  4.591146e+00  1.817763e+00  3.408388e+00
     vertex  3.994848e+00  2.902427e+00  3.408388e+00
   endloop
 endfacet
 facet normal -4.684593e-01 -7.381737e-01 -4.854333e-01
   outer loop
     vertex -3.006041e+00 -4.736762e+00 -2.127629e+00
     vertex -3.147538e+00 -3.804720e+00 -3.408388e+00
     vertex -2.102457e+00 -4.467948e+00 -3.408388e+00
   endloop
 endfacet
 facet normal -5.723326e-01 -6.918312e-01 -4.402329e-01
   outer loop
     vertex -3.006041e+00 -4.736762e+00 -2.127629e+00
     vertex -4.089585e+00 -3.840376e+00 -2.127629e+00
     vertex -3.147538e+00 -3.804720e+00 -3.408388e+00
   endloop
 endfacet
 facet normal -2.977281e-01  9.163130e-01  2.678218e-01
   outer loop
     vertex -2.388663e+00  5.076168e+00  2.127629e+00
     vertex -1.051227e+00  5.510727e+00  2.127629e+00
     vertex -1.840583e+00  5.664733e+00  7.232201e-01
   endloop
 endfacet
 facet normal -4.164344e-01  8.849681e-01  2.083598e-01
   outer loop
     vertex -2.388663e+00  5.076168e+00  2.127629e+00
     vertex -1.840583e+00  5.664733e+00  7.232201e-01
     vertex -3.191520e+00  5.029031e+00  7.232201e-01
   endloop
 endfacet
 facet normal  4.215945e-01 -3.959036e-01 -8.157931e-01
   outer loop
     vertex  3.218865e+00 -2.338642e+00 -4.491064e+00
     vertex  2.536142e+00 -3.065669e+00 -4.491064e+00
     vertex  2.032612e+00 -1.908749e+00 -5.312736e+00
   endloop
 endfacet
 facet normal  4.538793e-01 -3.297626e-01 -8.277984e-01
   outer loop
     vertex  3.218865e+00 -2.338642e+00 -4.491064e+00
     vertex  2.032612e+00 -1.908749e+00 -5.312736e+00
     vertex  2.443440e+00 -1.343293e+00 -5.312736e+00
   endloop
 endfacet
 facet normal -9.473249e-01 -2.432317e-01 -2.083598e-01
   outer loop
     vertex -5.537984e+00 -2.192643e+00 -7.232201e-01
     vertex -5.909286e+00 -7.465165e-01 -7.232201e-01
     vertex -5.433846e+00 -1.395175e+00 -2.127629e+00
   endloop
 endfacet
 facet normal -8.958103e-01 -3.546764e-01 -2.678218e-01
   outer loop
     vertex -5.537984e+00 -2.192643e+00 -7.232201e-01
     vertex -5.433846e+00 -1.395175e+00 -2.127629e+00
     vertex -4.916166e+00 -2.702685e+00 -2.127629e+00
   endloop
 endfacet
 facet normal  2.701654e-01  8.314837e-01  4.854333e-01
   outer loop
     vertex  9.252708e-01  4.850439e+00  3.408388e+00
     vertex  2.102457e+00  4.467948e+00  3.408388e+00
     vertex  1.733615e+00  5.335520e+00  2.127629e+00
   endloop
 endfacet
 facet normal  1.682466e-01  8.819796e-01  4.402329e-01
   outer loop
     vertex  9.252708e-01  4.850439e+00  3.408388e+00
     vertex  1.733615e+00  5.335520e+00  2.127629e+00
     vertex  3.522609e-01  5.599027e+00  2.127629e+00
   endloop
 endfacet
 facet normal  1.427761e-01 -7.484584e-01 -6.476304e-01
   outer loop
     vertex  1.525896e+00 -4.696225e+00 -3.408388e+00
     vertex  3.100535e-01 -4.928159e+00 -3.408388e+00
     vertex  7.455408e-01 -3.908262e+00 -4.491064e+00
   endloop
 endfacet
 facet normal  2.279936e-01 -7.016923e-01 -6.750162e-01
   outer loop
     vertex  1.525896e+00 -4.696225e+00 -3.408388e+00
     vertex  7.455408e-01 -3.908262e+00 -4.491064e+00
     vertex  1.694063e+00 -3.600068e+00 -4.491064e+00
   endloop
 endfacet
 facet normal -9.292867e-01  3.679306e-01  3.245353e-02
   outer loop
     vertex -5.769127e+00  1.481260e+00  7.232201e-01
     vertex -5.219505e+00  2.869447e+00  7.232201e-01
     vertex -5.537984e+00  2.192643e+00 -7.232201e-01
   endloop
 endfacet
 facet normal -9.680730e-01  2.485589e-01 -3.245353e-02
   outer loop
     vertex -5.769127e+00  1.481260e+00  7.232201e-01
     vertex -5.537984e+00  2.192643e+00 -7.232201e-01
     vertex -5.909286e+00  7.465165e-01 -7.232201e-01
   endloop
 endfacet
 facet normal  5.968951e-01  4.336697e-01  6.750162e-01
   outer loop
     vertex  2.900374e+00  2.723632e+00  4.491064e+00
     vertex  3.486593e+00  1.916771e+00  4.491064e+00
     vertex  3.994848e+00  2.902427e+00  3.408388e+00
   endloop
 endfacet
 facet normal  5.554410e-01  5.215939e-01  6.476304e-01
   outer loop
     vertex  2.900374e+00  2.723632e+00  4.491064e+00
     vertex  3.994848e+00  2.902427e+00  3.408388e+00
     vertex  3.147538e+00  3.804720e+00  3.408388e+00
   endloop
 endfacet
 facet normal -3.823003e-01 -8.124294e-01 -4.402329e-01
   outer loop
     vertex -1.733615e+00 -5.335520e+00 -2.127629e+00
     vertex -3.006041e+00 -4.736762e+00 -2.127629e+00
     vertex -2.102457e+00 -4.467948e+00 -3.408388e+00
   endloop
 endfacet
 facet normal -2.701654e-01 -8.314837e-01 -4.854333e-01
   outer loop
     vertex -1.733615e+00 -5.335520e+00 -2.127629e+00
     vertex -2.102457e+00 -4.467948e+00 -3.408388e+00
     vertex -9.252708e-01 -4.850439e+00 -3.408388e+00
   endloop
 endfacet
 facet normal -6.234340e-01  7.536022e-01  2.083598e-01
   outer loop
     vertex -3.576011e+00  4.322654e+00  2.127629e+00
     vertex -3.191520e+00  5.029031e+00  7.232201e-01
     vertex -4.341922e+00  4.077336e+00  7.232201e-01
   endloop
 endfacet
 facet normal -5.162522e-01  8.134833e-01  2.678218e-01
   outer loop
     vertex -3.576011e+00  4.322654e+00  2.127629e+00
     vertex -2.388663e+00  5.076168e+00  2.127629e+00
     vertex -3.191520e+00  5.029031e+00  7.232201e-01
   endloop
 endfacet
 facet normal  5.691377e-01 -1.283541e-01 -8.121623e-01
   outer loop
     vertex  3.699335e+00 -1.464670e+00 -4.491064e+00
     vertex  2.700738e+00 -6.934317e-01 -5.312736e+00
     vertex  3.714934e+00 -9.098963e-16 -4.711610e+00
   endloop
 endfacet
 facet normal  5.216285e-01 -2.065273e-01 -8.277984e-01
   outer loop
     vertex  3.699335e+00 -1.464670e+00 -4.491064e+00
     vertex  2.443440e+00 -1.343293e+00 -5.312736e+00
     vertex  2.700738e+00 -6.934317e-01 -5.312736e+00
   endloop
 endfacet
 facet normal  5.068066e-01 -2.786193e-01 -8.157931e-01
   outer loop
     vertex  3.699335e+00 -1.464670e+00 -4.491064e+00
     vertex  3.218865e+00 -2.338642e+00 -4.491064e+00
     vertex  2.443440e+00 -1.343293e+00 -5.312736e+00
   endloop
 endfacet
 facet normal  5.279288e-01 -2.714198e-02  8.488548e-01
   outer loop
     vertex  2.766352e+00  3.494715e-01  5.312736e+00
     vertex  2.583350e+00 -6.327383e-16  5.415377e+00
     vertex  3.714934e+00 -9.098963e-16  4.711610e+00
   endloop
 endfacet
 facet normal -7.794624e-01 -5.663126e-01 -2.678218e-01
   outer loop
     vertex -4.818710e+00 -3.500998e+00 -7.232201e-01
     vertex -4.916166e+00 -2.702685e+00 -2.127629e+00
     vertex -4.089585e+00 -3.840376e+00 -2.127629e+00
   endloop
 endfacet
 facet normal -8.570737e-01 -4.711803e-01 -2.083598e-01
   outer loop
     vertex -4.818710e+00 -3.500998e+00 -7.232201e-01
     vertex -5.537984e+00 -2.192643e+00 -7.232201e-01
     vertex -4.916166e+00 -2.702685e+00 -2.127629e+00
   endloop
 endfacet
 facet normal -5.637858e-02  8.961119e-01  4.402329e-01
   outer loop
     vertex -3.100535e-01  4.928159e+00  3.408388e+00
     vertex  3.522609e-01  5.599027e+00  2.127629e+00
     vertex -1.051227e+00  5.510727e+00  2.127629e+00
   endloop
 endfacet
 facet normal  5.489610e-02  8.725485e-01  4.854333e-01
   outer loop
     vertex -3.100535e-01  4.928159e+00  3.408388e+00
     vertex  9.252708e-01  4.850439e+00  3.408388e+00
     vertex  3.522609e-01  5.599027e+00  2.127629e+00
   endloop
 endfacet
 facet normal  3.244245e-01 -6.894372e-01 -6.476304e-01
   outer loop
     vertex  2.645861e+00 -4.169210e+00 -3.408388e+00
     vertex  1.525896e+00 -4.696225e+00 -3.408388e+00
     vertex  1.694063e+00 -3.600068e+00 -4.491064e+00
   endloop
 endfacet
 facet normal  3.953346e-01 -6.229476e-01 -6.750162e-01
   outer loop
     vertex  2.645861e+00 -4.169210e+00 -3.408388e+00
     vertex  1.694063e+00 -3.600068e+00 -4.491064e+00
     vertex  2.536142e+00 -3.065669e+00 -4.491064e+00
   endloop
 endfacet
 facet normal -9.915921e-01  1.252672e-01  3.245353e-02
   outer loop
     vertex -5.956253e+00  3.374538e-15  7.232201e-01
     vertex -5.769127e+00  1.481260e+00  7.232201e-01
     vertex -5.909286e+00  7.465165e-01 -7.232201e-01
   endloop
 endfacet
 facet normal -9.994732e-01  1.191482e-15 -3.245353e-02
   outer loop
     vertex -5.956253e+00  3.374538e-15  7.232201e-01
     vertex -5.909286e+00  7.465165e-01 -7.232201e-01
     vertex -5.909286e+00 -7.465165e-01 -7.232201e-01
   endloop
 endfacet
 facet normal  4.082757e-01  6.433396e-01  6.476304e-01
   outer loop
     vertex  2.131913e+00  3.359358e+00  4.491064e+00
     vertex  3.147538e+00  3.804720e+00  3.408388e+00
     vertex  2.102457e+00  4.467948e+00  3.408388e+00
   endloop
 endfacet
 facet normal  4.702933e-01  5.684869e-01  6.750162e-01
   outer loop
     vertex  2.131913e+00  3.359358e+00  4.491064e+00
     vertex  2.900374e+00  2.723632e+00  4.491064e+00
     vertex  3.147538e+00  3.804720e+00  3.408388e+00
   endloop
 endfacet
 facet normal -1.682466e-01 -8.819796e-01 -4.402329e-01
   outer loop
     vertex -3.522609e-01 -5.599027e+00 -2.127629e+00
     vertex -1.733615e+00 -5.335520e+00 -2.127629e+00
     vertex -9.252708e-01 -4.850439e+00 -3.408388e+00
   endloop
 endfacet
 facet normal -5.489610e-02 -8.725485e-01 -4.854333e-01
   outer loop
     vertex -3.522609e-01 -5.599027e+00 -2.127629e+00
     vertex -9.252708e-01 -4.850439e+00 -3.408388e+00
     vertex  3.100535e-01 -4.928159e+00 -3.408388e+00
   endloop
 endfacet
 facet normal -7.912609e-01  5.748847e-01  2.083598e-01
   outer loop
     vertex -4.538664e+00  3.297533e+00  2.127629e+00
     vertex -4.341922e+00  4.077336e+00  7.232201e-01
     vertex -5.219505e+00  2.869447e+00  7.232201e-01
   endloop
 endfacet
 facet normal -7.023383e-01  6.595395e-01  2.678218e-01
   outer loop
     vertex -4.538664e+00  3.297533e+00  2.127629e+00
     vertex -3.576011e+00  4.322654e+00  2.127629e+00
     vertex -4.341922e+00  4.077336e+00  7.232201e-01
   endloop
 endfacet
 facet normal  7.024721e-01  1.270406e-02 -7.115978e-01
   outer loop
     vertex  3.947362e+00 -4.986678e-01 -4.491064e+00
     vertex  3.714934e+00 -9.098963e-16 -4.711610e+00
     vertex  4.663271e+00 -1.142172e-15 -3.775434e+00
   endloop
 endfacet
 facet normal  7.579358e-01 -1.946048e-01 -6.226254e-01
   outer loop
     vertex  3.947362e+00 -4.986678e-01 -4.491064e+00
     vertex  4.663271e+00 -1.142172e-15 -3.775434e+00
     vertex  3.699335e+00 -1.464670e+00 -4.491064e+00
   endloop
 endfacet
 facet normal  5.172767e-01 -1.328141e-01 -8.454498e-01
   outer loop
     vertex  3.947362e+00 -4.986678e-01 -4.491064e+00
     vertex  3.699335e+00 -1.464670e+00 -4.491064e+00
     vertex  3.714934e+00 -9.098963e-16 -4.711610e+00
   endloop
 endfacet
 facet normal  5.377305e-01  2.129026e-01  8.157931e-01
   outer loop
     vertex  2.592532e+00  1.026456e+00  5.312736e+00
     vertex  3.853737e+00  9.894714e-01  4.491064e+00
     vertex  3.486593e+00  1.916771e+00  4.491064e+00
   endloop
 endfacet
 facet normal  5.448642e-01  1.088846e-01  8.314248e-01
   outer loop
     vertex  2.592532e+00  1.026456e+00  5.312736e+00
     vertex  3.714934e+00 -9.098963e-16  4.711610e+00
     vertex  3.853737e+00  9.894714e-01  4.491064e+00
   endloop
 endfacet
 facet normal  3.507932e-01  9.006840e-02  9.321115e-01
   outer loop
     vertex  2.592532e+00  1.026456e+00  5.312736e+00
     vertex  2.583350e+00 -6.327383e-16  5.415377e+00
     vertex  2.766352e+00  3.494715e-01  5.312736e+00
   endloop
 endfacet
 facet normal  5.673017e-01  1.456583e-01  8.105260e-01
   outer loop
     vertex  2.592532e+00  1.026456e+00  5.312736e+00
     vertex  2.766352e+00  3.494715e-01  5.312736e+00
     vertex  3.714934e+00 -9.098963e-16  4.711610e+00
   endloop
 endfacet
 facet normal -6.141379e-01 -7.423652e-01 -2.678218e-01
   outer loop
     vertex -3.796659e+00 -4.589372e+00 -7.232201e-01
     vertex -4.089585e+00 -3.840376e+00 -2.127629e+00
     vertex -3.006041e+00 -4.736762e+00 -2.127629e+00
   endloop
 endfacet
 facet normal -7.129694e-01 -6.695228e-01 -2.083598e-01
   outer loop
     vertex -3.796659e+00 -4.589372e+00 -7.232201e-01
     vertex -4.818710e+00 -3.500998e+00 -7.232201e-01
     vertex -4.089585e+00 -3.840376e+00 -2.127629e+00
   endloop
 endfacet
 facet normal -2.774613e-01  8.539381e-01  4.402329e-01
   outer loop
     vertex -1.525896e+00  4.696225e+00  3.408388e+00
     vertex -1.051227e+00  5.510727e+00  2.127629e+00
     vertex -2.388663e+00  5.076168e+00  2.127629e+00
   endloop
 endfacet
 facet normal -1.638226e-01  8.587879e-01  4.854333e-01
   outer loop
     vertex -1.525896e+00  4.696225e+00  3.408388e+00
     vertex -3.100535e-01  4.928159e+00  3.408388e+00
     vertex -1.051227e+00  5.510727e+00  2.127629e+00
   endloop
 endfacet
 facet normal  5.378352e-01 -5.050608e-01 -6.750162e-01
   outer loop
     vertex  3.599577e+00 -3.380227e+00 -3.408388e+00
     vertex  2.536142e+00 -3.065669e+00 -4.491064e+00
     vertex  3.218865e+00 -2.338642e+00 -4.491064e+00
   endloop
 endfacet
 facet normal  4.856882e-01 -5.870962e-01 -6.476304e-01
   outer loop
     vertex  3.599577e+00 -3.380227e+00 -3.408388e+00
     vertex  2.645861e+00 -4.169210e+00 -3.408388e+00
     vertex  2.536142e+00 -3.065669e+00 -4.491064e+00
   endloop
 endfacet
 facet normal -9.915921e-01 -1.252672e-01  3.245353e-02
   outer loop
     vertex -5.769127e+00 -1.481260e+00  7.232201e-01
     vertex -5.956253e+00  3.374538e-15  7.232201e-01
     vertex -5.909286e+00 -7.465165e-01 -7.232201e-01
   endloop
 endfacet
 facet normal -9.680730e-01 -2.485589e-01 -3.245353e-02
   outer loop
     vertex -5.769127e+00 -1.481260e+00  7.232201e-01
     vertex -5.909286e+00 -7.465165e-01 -7.232201e-01
     vertex -5.537984e+00 -2.192643e+00 -7.232201e-01
   endloop
 endfacet
 facet normal  3.141412e-01  6.675840e-01  6.750162e-01
   outer loop
     vertex  1.229497e+00  3.784003e+00  4.491064e+00
     vertex  2.131913e+00  3.359358e+00  4.491064e+00
     vertex  2.102457e+00  4.467948e+00  3.408388e+00
   endloop
 endfacet
 facet normal  2.354569e-01  7.246620e-01  6.476304e-01
   outer loop
     vertex  1.229497e+00  3.784003e+00  4.491064e+00
     vertex  2.102457e+00  4.467948e+00  3.408388e+00
     vertex  9.252708e-01  4.850439e+00  3.408388e+00
   endloop
 endfacet
 facet normal  1.638226e-01 -8.587879e-01 -4.854333e-01
   outer loop
     vertex  1.051227e+00 -5.510727e+00 -2.127629e+00
     vertex  3.100535e-01 -4.928159e+00 -3.408388e+00
     vertex  1.525896e+00 -4.696225e+00 -3.408388e+00
   endloop
 endfacet
 facet normal  5.637858e-02 -8.961119e-01 -4.402329e-01
   outer loop
     vertex  1.051227e+00 -5.510727e+00 -2.127629e+00
     vertex -3.522609e-01 -5.599027e+00 -2.127629e+00
     vertex  3.100535e-01 -4.928159e+00 -3.408388e+00
   endloop
 endfacet
 facet normal -8.442938e-01  4.641545e-01  2.678218e-01
   outer loop
     vertex -5.216137e+00  2.065215e+00  2.127629e+00
     vertex -4.538664e+00  3.297533e+00  2.127629e+00
     vertex -5.219505e+00  2.869447e+00  7.232201e-01
   endloop
 endfacet
 facet normal -9.093700e-01  3.600450e-01  2.083598e-01
   outer loop
     vertex -5.216137e+00  2.065215e+00  2.127629e+00
     vertex -5.219505e+00  2.869447e+00  7.232201e-01
     vertex -5.769127e+00  1.481260e+00  7.232201e-01
   endloop
 endfacet
 facet normal  4.916306e-01  2.702762e-01  8.277984e-01
   outer loop
     vertex  2.255814e+00  1.638945e+00  5.312736e+00
     vertex  2.592532e+00  1.026456e+00  5.312736e+00
     vertex  3.486593e+00  1.916771e+00  4.491064e+00
   endloop
 endfacet
 facet normal  4.678900e-01  3.399420e-01  8.157931e-01
   outer loop
     vertex  2.255814e+00  1.638945e+00  5.312736e+00
     vertex  3.486593e+00  1.916771e+00  4.491064e+00
     vertex  2.900374e+00  2.723632e+00  4.491064e+00
   endloop
 endfacet
 facet normal -5.240666e-01 -8.257968e-01 -2.083598e-01
   outer loop
     vertex -2.536049e+00 -5.389379e+00 -7.232201e-01
     vertex -3.796659e+00 -4.589372e+00 -7.232201e-01
     vertex -3.006041e+00 -4.736762e+00 -2.127629e+00
   endloop
 endfacet
 facet normal -4.102249e-01 -8.717723e-01 -2.678218e-01
   outer loop
     vertex -2.536049e+00 -5.389379e+00 -7.232201e-01
     vertex -3.006041e+00 -4.736762e+00 -2.127629e+00
     vertex -1.733615e+00 -5.335520e+00 -2.127629e+00
   endloop
 endfacet
 facet normal -4.811101e-01  7.581082e-01  4.402329e-01
   outer loop
     vertex -2.645861e+00  4.169210e+00  3.408388e+00
     vertex -2.388663e+00  5.076168e+00  2.127629e+00
     vertex -3.576011e+00  4.322654e+00  2.127629e+00
   endloop
 endfacet
 facet normal -3.722476e-01  7.910665e-01  4.854333e-01
   outer loop
     vertex -2.645861e+00  4.169210e+00  3.408388e+00
     vertex -1.525896e+00  4.696225e+00  3.408388e+00
     vertex -2.388663e+00  5.076168e+00  2.127629e+00
   endloop
 endfacet
 facet normal  6.164343e-01 -4.478657e-01 -6.476304e-01
   outer loop
     vertex  4.327118e+00 -2.378853e+00 -3.408388e+00
     vertex  3.599577e+00 -3.380227e+00 -3.408388e+00
     vertex  3.218865e+00 -2.338642e+00 -4.491064e+00
   endloop
 endfacet
 facet normal  6.465416e-01 -3.554393e-01 -6.750162e-01
   outer loop
     vertex  4.327118e+00 -2.378853e+00 -3.408388e+00
     vertex  3.218865e+00 -2.338642e+00 -4.491064e+00
     vertex  3.699335e+00 -1.464670e+00 -4.491064e+00
   endloop
 endfacet
 facet normal -9.292867e-01 -3.679306e-01  3.245353e-02
   outer loop
     vertex -5.219505e+00 -2.869447e+00  7.232201e-01
     vertex -5.769127e+00 -1.481260e+00  7.232201e-01
     vertex -5.537984e+00 -2.192643e+00 -7.232201e-01
   endloop
 endfacet
 facet normal -8.758451e-01 -4.814999e-01 -3.245353e-02
   outer loop
     vertex -5.219505e+00 -2.869447e+00  7.232201e-01
     vertex -5.537984e+00 -2.192643e+00 -7.232201e-01
     vertex -4.818710e+00 -3.500998e+00 -7.232201e-01
   endloop
 endfacet
 facet normal  1.382505e-01  7.247344e-01  6.750162e-01
   outer loop
     vertex  2.498269e-01  3.970885e+00  4.491064e+00
     vertex  1.229497e+00  3.784003e+00  4.491064e+00
     vertex  9.252708e-01  4.850439e+00  3.408388e+00
   endloop
 endfacet
 facet normal  4.784353e-02  7.604511e-01  6.476304e-01
   outer loop
     vertex  2.498269e-01  3.970885e+00  4.491064e+00
     vertex  9.252708e-01  4.850439e+00  3.408388e+00
     vertex -3.100535e-01  4.928159e+00  3.408388e+00
   endloop
 endfacet
 facet normal  2.774613e-01 -8.539381e-01 -4.402329e-01
   outer loop
     vertex  2.388663e+00 -5.076168e+00 -2.127629e+00
     vertex  1.051227e+00 -5.510727e+00 -2.127629e+00
     vertex  1.525896e+00 -4.696225e+00 -3.408388e+00
   endloop
 endfacet
 facet normal  3.722476e-01 -7.910665e-01 -4.854333e-01
   outer loop
     vertex  2.388663e+00 -5.076168e+00 -2.127629e+00
     vertex  1.525896e+00 -4.696225e+00 -3.408388e+00
     vertex  2.645861e+00 -4.169210e+00 -3.408388e+00
   endloop
 endfacet
 facet normal -9.331993e-01  2.396049e-01  2.678218e-01
   outer loop
     vertex -5.565860e+00  7.031317e-01  2.127629e+00
     vertex -5.216137e+00  2.065215e+00  2.127629e+00
     vertex -5.769127e+00  1.481260e+00  7.232201e-01
   endloop
 endfacet
 facet normal -9.703400e-01  1.225825e-01  2.083598e-01
   outer loop
     vertex -5.565860e+00  7.031317e-01  2.127629e+00
     vertex -5.769127e+00  1.481260e+00  7.232201e-01
     vertex -5.956253e+00  3.374538e-15  7.232201e-01
   endloop
 endfacet
 facet normal  4.089701e-01  3.840485e-01  8.277984e-01
   outer loop
     vertex  1.777354e+00  2.148452e+00  5.312736e+00
     vertex  2.255814e+00  1.638945e+00  5.312736e+00
     vertex  2.900374e+00  2.723632e+00  4.491064e+00
   endloop
 endfacet
 facet normal  3.686503e-01  4.456216e-01  8.157931e-01
   outer loop
     vertex  1.777354e+00  2.148452e+00  5.312736e+00
     vertex  2.900374e+00  2.723632e+00  4.491064e+00
     vertex  2.131913e+00  3.359358e+00  4.491064e+00
   endloop
 endfacet
 facet normal -3.022348e-01 -9.301830e-01 -2.083598e-01
   outer loop
     vertex -1.116091e+00 -5.850752e+00 -7.232201e-01
     vertex -2.536049e+00 -5.389379e+00 -7.232201e-01
     vertex -1.733615e+00 -5.335520e+00 -2.127629e+00
   endloop
 endfacet
 facet normal -1.805360e-01 -9.464028e-01 -2.678218e-01
   outer loop
     vertex -1.116091e+00 -5.850752e+00 -7.232201e-01
     vertex -1.733615e+00 -5.335520e+00 -2.127629e+00
     vertex -3.522609e-01 -5.599027e+00 -2.127629e+00
   endloop
 endfacet
 facet normal -6.545290e-01  6.146436e-01  4.402329e-01
   outer loop
     vertex -3.599577e+00  3.380227e+00  3.408388e+00
     vertex -3.576011e+00  4.322654e+00  2.127629e+00
     vertex -4.538664e+00  3.297533e+00  2.127629e+00
   endloop
 endfacet
 facet normal -5.572830e-01  6.736394e-01  4.854333e-01
   outer loop
     vertex -3.599577e+00  3.380227e+00  3.408388e+00
     vertex -2.645861e+00  4.169210e+00  3.408388e+00
     vertex -3.576011e+00  4.322654e+00  2.127629e+00
   endloop
 endfacet
 facet normal  7.084475e-01 -2.804942e-01 -6.476304e-01
   outer loop
     vertex  4.782770e+00 -1.228007e+00 -3.408388e+00
     vertex  4.327118e+00 -2.378853e+00 -3.408388e+00
     vertex  3.699335e+00 -1.464670e+00 -4.491064e+00
   endloop
 endfacet
 facet normal  8.396545e-01 -7.890621e-02 -5.373585e-01
   outer loop
     vertex  4.782770e+00 -1.228007e+00 -3.408388e+00
     vertex  4.663271e+00 -1.142172e-15 -3.775434e+00
     vertex  5.381584e+00 -1.318108e-15 -2.653028e+00
   endloop
 endfacet
 facet normal  7.149924e-01 -1.354324e-01 -6.858891e-01
   outer loop
     vertex  4.782770e+00 -1.228007e+00 -3.408388e+00
     vertex  3.699335e+00 -1.464670e+00 -4.491064e+00
     vertex  4.663271e+00 -1.142172e-15 -3.775434e+00
   endloop
 endfacet
 facet normal  3.276546e-01  8.795152e-03  9.447566e-01
   outer loop
     vertex  1.390783e+00  3.570923e-01  5.825651e+00
     vertex  1.324338e+00 -3.243692e-16  5.852019e+00
     vertex  2.583350e+00 -6.327383e-16  5.415377e+00
   endloop
 endfacet
 facet normal  1.108943e-01  5.264903e-02  9.924367e-01
   outer loop
     vertex  1.390783e+00  3.570923e-01  5.825651e+00
     vertex  3.673940e-16 -8.998559e-32  6.000000e+00
     vertex  1.324338e+00 -3.243692e-16  5.852019e+00
   endloop
 endfacet
 facet normal  3.480301e-01  9.019540e-02  9.331344e-01
   outer loop
     vertex  1.390783e+00  3.570923e-01  5.825651e+00
     vertex  2.583350e+00 -6.327383e-16  5.415377e+00
     vertex  2.592532e+00  1.026456e+00  5.312736e+00
   endloop
 endfacet
 facet normal -8.085908e-01 -5.874756e-01  3.245353e-02
   outer loop
     vertex -4.341922e+00 -4.077336e+00  7.232201e-01
     vertex -5.219505e+00 -2.869447e+00  7.232201e-01
     vertex -4.818710e+00 -3.500998e+00 -7.232201e-01
   endloop
 endfacet
 facet normal -7.285846e-01 -6.841865e-01 -3.245353e-02
   outer loop
     vertex -4.341922e+00 -4.077336e+00  7.232201e-01
     vertex -4.818710e+00 -3.500998e+00 -7.232201e-01
     vertex -3.796659e+00 -4.589372e+00 -7.232201e-01
   endloop
 endfacet
 facet normal -4.632703e-02  7.363470e-01  6.750162e-01
   outer loop
     vertex -7.455408e-01  3.908262e+00  4.491064e+00
     vertex  2.498269e-01  3.970885e+00  4.491064e+00
     vertex -3.100535e-01  4.928159e+00  3.408388e+00
   endloop
 endfacet
 facet normal -1.427761e-01  7.484584e-01  6.476304e-01
   outer loop
     vertex -7.455408e-01  3.908262e+00  4.491064e+00
     vertex -3.100535e-01  4.928159e+00  3.408388e+00
     vertex -1.525896e+00  4.696225e+00  3.408388e+00
   endloop
 endfacet
 facet normal  4.811101e-01 -7.581082e-01 -4.402329e-01
   outer loop
     vertex  3.576011e+00 -4.322654e+00 -2.127629e+00
     vertex  2.388663e+00 -5.076168e+00 -2.127629e+00
     vertex  2.645861e+00 -4.169210e+00 -3.408388e+00
   endloop
 endfacet
 facet normal  5.572830e-01 -6.736394e-01 -4.854333e-01
   outer loop
     vertex  3.576011e+00 -4.322654e+00 -2.127629e+00
     vertex  2.645861e+00 -4.169210e+00 -3.408388e+00
     vertex  3.599577e+00 -3.380227e+00 -3.408388e+00
   endloop
 endfacet
 facet normal -9.703400e-01 -1.225825e-01  2.083598e-01
   outer loop
     vertex -5.565860e+00 -7.031317e-01  2.127629e+00
     vertex -5.956253e+00  3.374538e-15  7.232201e-01
     vertex -5.769127e+00 -1.481260e+00  7.232201e-01
   endloop
 endfacet
 facet normal -9.634685e-01  1.217029e-15  2.678218e-01
   outer loop
     vertex -5.565860e+00 -7.031317e-01  2.127629e+00
     vertex -5.565860e+00  7.031317e-01  2.127629e+00
     vertex -5.956253e+00  3.374538e-15  7.232201e-01
   endloop
 endfacet
 facet normal  3.006126e-01  4.736897e-01  8.277984e-01
   outer loop
     vertex  1.187217e+00  2.522965e+00  5.312736e+00
     vertex  1.777354e+00  2.148452e+00  5.312736e+00
     vertex  2.131913e+00  3.359358e+00  4.491064e+00
   endloop
 endfacet
 facet normal  2.462468e-01  5.233012e-01  8.157931e-01
   outer loop
     vertex  1.187217e+00  2.522965e+00  5.312736e+00
     vertex  2.131913e+00  3.359358e+00  4.491064e+00
     vertex  1.229497e+00  3.784003e+00  4.491064e+00
   endloop
 endfacet
 facet normal  6.049669e-02 -9.615673e-01 -2.678218e-01
   outer loop
     vertex  3.739962e-01 -5.944500e+00 -7.232201e-01
     vertex -3.522609e-01 -5.599027e+00 -2.127629e+00
     vertex  1.051227e+00 -5.510727e+00 -2.127629e+00
   endloop
 endfacet
 facet normal -6.141241e-02 -9.761223e-01 -2.083598e-01
   outer loop
     vertex  3.739962e-01 -5.944500e+00 -7.232201e-01
     vertex -1.116091e+00 -5.850752e+00 -7.232201e-01
     vertex -3.522609e-01 -5.599027e+00 -2.127629e+00
   endloop
 endfacet
 facet normal -7.073023e-01  5.138852e-01  4.854333e-01
   outer loop
     vertex -4.327118e+00  2.378853e+00  3.408388e+00
     vertex -3.599577e+00  3.380227e+00  3.408388e+00
     vertex -4.538664e+00  3.297533e+00  2.127629e+00
   endloop
 endfacet
 facet normal -7.868214e-01  4.325587e-01  4.402329e-01
   outer loop
     vertex -4.327118e+00  2.378853e+00  3.408388e+00
     vertex -4.538664e+00  3.297533e+00  2.127629e+00
     vertex -5.216137e+00  2.065215e+00  2.127629e+00
   endloop
 endfacet
 facet normal  3.273064e-01  1.295898e-01  9.359898e-01
   outer loop
     vertex  1.258283e+00  6.917472e-01  5.825651e+00
     vertex  1.390783e+00  3.570923e-01  5.825651e+00
     vertex  2.592532e+00  1.026456e+00  5.312736e+00
   endloop
 endfacet
 facet normal  3.152181e-01  1.732926e-01  9.330633e-01
   outer loop
     vertex  1.258283e+00  6.917472e-01  5.825651e+00
     vertex  2.592532e+00  1.026456e+00  5.312736e+00
     vertex  2.255814e+00  1.638945e+00  5.312736e+00
   endloop
 endfacet
 facet normal  1.129498e-01  4.472000e-02  9.925938e-01
   outer loop
     vertex  1.258283e+00  6.917472e-01  5.825651e+00
     vertex  3.673940e-16 -8.998559e-32  6.000000e+00
     vertex  1.390783e+00  3.570923e-01  5.825651e+00
   endloop
 endfacet
 facet normal -5.355445e-01 -8.438832e-01 -3.245353e-02
   outer loop
     vertex -3.191520e+00 -5.029031e+00  7.232201e-01
     vertex -3.796659e+00 -4.589372e+00 -7.232201e-01
     vertex -2.536049e+00 -5.389379e+00 -7.232201e-01
   endloop
 endfacet
 facet normal -6.370882e-01 -7.701074e-01  3.245353e-02
   outer loop
     vertex -3.191520e+00 -5.029031e+00  7.232201e-01
     vertex -4.341922e+00 -4.077336e+00  7.232201e-01
     vertex -3.796659e+00 -4.589372e+00 -7.232201e-01
   endloop
 endfacet
 facet normal -2.279936e-01  7.016923e-01  6.750162e-01
   outer loop
     vertex -1.694063e+00  3.600068e+00  4.491064e+00
     vertex -7.455408e-01  3.908262e+00  4.491064e+00
     vertex -1.525896e+00  4.696225e+00  3.408388e+00
   endloop
 endfacet
 facet normal -3.244245e-01  6.894372e-01  6.476304e-01
   outer loop
     vertex -1.694063e+00  3.600068e+00  4.491064e+00
     vertex -1.525896e+00  4.696225e+00  3.408388e+00
     vertex -2.645861e+00  4.169210e+00  3.408388e+00
   endloop
 endfacet
 facet normal  7.073023e-01 -5.138852e-01 -4.854333e-01
   outer loop
     vertex  4.538664e+00 -3.297533e+00 -2.127629e+00
     vertex  3.599577e+00 -3.380227e+00 -3.408388e+00
     vertex  4.327118e+00 -2.378853e+00 -3.408388e+00
   endloop
 endfacet
 facet normal  6.545290e-01 -6.146436e-01 -4.402329e-01
   outer loop
     vertex  4.538664e+00 -3.297533e+00 -2.127629e+00
     vertex  3.576011e+00 -4.322654e+00 -2.127629e+00
     vertex  3.599577e+00 -3.380227e+00 -3.408388e+00
   endloop
 endfacet
 facet normal -9.093700e-01 -3.600450e-01  2.083598e-01
   outer loop
     vertex -5.216137e+00 -2.065215e+00  2.127629e+00
     vertex -5.769127e+00 -1.481260e+00  7.232201e-01
     vertex -5.219505e+00 -2.869447e+00  7.232201e-01
   endloop
 endfacet
 facet normal -9.331993e-01 -2.396049e-01  2.678218e-01
   outer loop
     vertex -5.216137e+00 -2.065215e+00  2.127629e+00
     vertex -5.565860e+00 -7.031317e-01  2.127629e+00
     vertex -5.769127e+00 -1.481260e+00  7.232201e-01
   endloop
 endfacet
 facet normal  1.733665e-01  5.335672e-01  8.277984e-01
   outer loop
     vertex  5.224826e-01  2.738950e+00  5.312736e+00
     vertex  1.187217e+00  2.522965e+00  5.312736e+00
     vertex  1.229497e+00  3.784003e+00  4.491064e+00
   endloop
 endfacet
 facet normal  1.083708e-01  5.680998e-01  8.157931e-01
   outer loop
     vertex  5.224826e-01  2.738950e+00  5.312736e+00
     vertex  1.229497e+00  3.784003e+00  4.491064e+00
     vertex  2.498269e-01  3.970885e+00  4.491064e+00
   endloop
 endfacet
 facet normal  2.977281e-01 -9.163130e-01 -2.678218e-01
   outer loop
     vertex  1.840583e+00 -5.664733e+00 -7.232201e-01
     vertex  1.051227e+00 -5.510727e+00 -2.127629e+00
     vertex  2.388663e+00 -5.076168e+00 -2.127629e+00
   endloop
 endfacet
 facet normal  1.832687e-01 -9.607283e-01 -2.083598e-01
   outer loop
     vertex  1.840583e+00 -5.664733e+00 -7.232201e-01
     vertex  3.739962e-01 -5.944500e+00 -7.232201e-01
     vertex  1.051227e+00 -5.510727e+00 -2.127629e+00
   endloop
 endfacet
 facet normal -8.696750e-01  2.232946e-01  4.402329e-01
   outer loop
     vertex -4.782770e+00  1.228007e+00  3.408388e+00
     vertex -5.216137e+00  2.065215e+00  2.127629e+00
     vertex -5.565860e+00  7.031317e-01  2.127629e+00
   endloop
 endfacet
 facet normal -8.128791e-01  3.218416e-01  4.854333e-01
   outer loop
     vertex -4.782770e+00  1.228007e+00  3.408388e+00
     vertex -4.327118e+00  2.378853e+00  3.408388e+00
     vertex -5.216137e+00  2.065215e+00  2.127629e+00
   endloop
 endfacet
 facet normal  9.827989e-02  7.140452e-02  9.925938e-01
   outer loop
     vertex  1.046722e+00  9.829371e-01  5.825651e+00
     vertex  3.673940e-16 -8.998559e-32  6.000000e+00
     vertex  1.258283e+00  6.917472e-01  5.825651e+00
   endloop
 endfacet
 facet normal  2.847958e-01  2.069163e-01  9.359898e-01
   outer loop
     vertex  1.046722e+00  9.829371e-01  5.825651e+00
     vertex  1.258283e+00  6.917472e-01  5.825651e+00
     vertex  2.255814e+00  1.638945e+00  5.312736e+00
   endloop
 endfacet
 facet normal  2.622189e-01  2.462399e-01  9.330633e-01
   outer loop
     vertex  1.046722e+00  9.829371e-01  5.825651e+00
     vertex  2.255814e+00  1.638945e+00  5.312736e+00
     vertex  1.777354e+00  2.148452e+00  5.312736e+00
   endloop
 endfacet
 facet normal -4.255550e-01 -9.043504e-01  3.245353e-02
   outer loop
     vertex -1.840583e+00 -5.664733e+00  7.232201e-01
     vertex -3.191520e+00 -5.029031e+00  7.232201e-01
     vertex -2.536049e+00 -5.389379e+00 -7.232201e-01
   endloop
 endfacet
 facet normal -3.088542e-01 -9.505555e-01 -3.245353e-02
   outer loop
     vertex -1.840583e+00 -5.664733e+00  7.232201e-01
     vertex -2.536049e+00 -5.389379e+00 -7.232201e-01
     vertex -1.116091e+00 -5.850752e+00 -7.232201e-01
   endloop
 endfacet
 facet normal -4.856882e-01  5.870962e-01  6.476304e-01
   outer loop
     vertex -2.536142e+00  3.065669e+00  4.491064e+00
     vertex -2.645861e+00  4.169210e+00  3.408388e+00
     vertex -3.599577e+00  3.380227e+00  3.408388e+00
   endloop
 endfacet
 facet normal -3.953346e-01  6.229476e-01  6.750162e-01
   outer loop
     vertex -2.536142e+00  3.065669e+00  4.491064e+00
     vertex -1.694063e+00  3.600068e+00  4.491064e+00
     vertex -2.645861e+00  4.169210e+00  3.408388e+00
   endloop
 endfacet
 facet normal  8.128791e-01 -3.218416e-01 -4.854333e-01
   outer loop
     vertex  5.216137e+00 -2.065215e+00 -2.127629e+00
     vertex  4.327118e+00 -2.378853e+00 -3.408388e+00
     vertex  4.782770e+00 -1.228007e+00 -3.408388e+00
   endloop
 endfacet
 facet normal  9.284116e-01 -1.597214e-01 -3.354712e-01
   outer loop
     vertex  5.216137e+00 -2.065215e+00 -2.127629e+00
     vertex  5.381584e+00 -1.318108e-15 -2.653028e+00
     vertex  5.834439e+00 -1.429025e-15 -1.399756e+00
   endloop
 endfacet
 facet normal  8.910852e-01 -1.776324e-01 -4.176289e-01
   outer loop
     vertex  5.216137e+00 -2.065215e+00 -2.127629e+00
     vertex  4.782770e+00 -1.228007e+00 -3.408388e+00
     vertex  5.381584e+00 -1.318108e-15 -2.653028e+00
   endloop
 endfacet
 facet normal  7.868214e-01 -4.325587e-01 -4.402329e-01
   outer loop
     vertex  5.216137e+00 -2.065215e+00 -2.127629e+00
     vertex  4.538664e+00 -3.297533e+00 -2.127629e+00
     vertex  4.327118e+00 -2.378853e+00 -3.408388e+00
   endloop
 endfacet
 facet normal -8.442938e-01 -4.641545e-01  2.678218e-01
   outer loop
     vertex -4.538664e+00 -3.297533e+00  2.127629e+00
     vertex -5.216137e+00 -2.065215e+00  2.127629e+00
     vertex -5.219505e+00 -2.869447e+00  7.232201e-01
   endloop
 endfacet
 facet normal -7.912609e-01 -5.748847e-01  2.083598e-01
   outer loop
     vertex -4.538664e+00 -3.297533e+00  2.127629e+00
     vertex -5.219505e+00 -2.869447e+00  7.232201e-01
     vertex -4.341922e+00 -4.077336e+00  7.232201e-01
   endloop
 endfacet
 facet normal -3.631451e-02  5.772026e-01  8.157931e-01
   outer loop
     vertex -1.750813e-01  2.782837e+00  5.312736e+00
     vertex  2.498269e-01  3.970885e+00  4.491064e+00
     vertex -7.455408e-01  3.908262e+00  4.491064e+00
   endloop
 endfacet
 facet normal  3.522710e-02  5.599186e-01  8.277984e-01
   outer loop
     vertex -1.750813e-01  2.782837e+00  5.312736e+00
     vertex  5.224826e-01  2.738950e+00  5.312736e+00
     vertex  2.498269e-01  3.970885e+00  4.491064e+00
   endloop
 endfacet
 facet normal  5.162522e-01 -8.134833e-01 -2.678218e-01
   outer loop
     vertex  3.191520e+00 -5.029031e+00 -7.232201e-01
     vertex  2.388663e+00 -5.076168e+00 -2.127629e+00
     vertex  3.576011e+00 -4.322654e+00 -2.127629e+00
   endloop
 endfacet
 facet normal  4.164344e-01 -8.849681e-01 -2.083598e-01
   outer loop
     vertex  3.191520e+00 -5.029031e+00 -7.232201e-01
     vertex  1.840583e+00 -5.664733e+00 -7.232201e-01
     vertex  2.388663e+00 -5.076168e+00 -2.127629e+00
   endloop
 endfacet
 facet normal -8.978836e-01  1.113200e-15  4.402329e-01
   outer loop
     vertex -4.937903e+00  2.797588e-15  3.408388e+00
     vertex -5.565860e+00  7.031317e-01  2.127629e+00
     vertex -5.565860e+00 -7.031317e-01  2.127629e+00
   endloop
 endfacet
 facet normal -8.673798e-01  1.095755e-01  4.854333e-01
   outer loop
     vertex -4.937903e+00  2.797588e-15  3.408388e+00
     vertex -4.782770e+00  1.228007e+00  3.408388e+00
     vertex -5.565860e+00  7.031317e-01  2.127629e+00
   endloop
 endfacet
 facet normal  2.243905e-01  2.712415e-01  9.359898e-01
   outer loop
     vertex  7.693905e-01  1.212365e+00  5.825651e+00
     vertex  1.046722e+00  9.829371e-01  5.825651e+00
     vertex  1.777354e+00  2.148452e+00  5.312736e+00
   endloop
 endfacet
 facet normal  7.743466e-02  9.360243e-02  9.925938e-01
   outer loop
     vertex  7.693905e-01  1.212365e+00  5.825651e+00
     vertex  3.673940e-16 -8.998559e-32  6.000000e+00
     vertex  1.046722e+00  9.829371e-01  5.825651e+00
   endloop
 endfacet
 facet normal  1.927434e-01  3.037150e-01  9.330633e-01
   outer loop
     vertex  7.693905e-01  1.212365e+00  5.825651e+00
     vertex  1.777354e+00  2.148452e+00  5.312736e+00
     vertex  1.187217e+00  2.522965e+00  5.312736e+00
   endloop
 endfacet
 facet normal -1.872826e-01 -9.817698e-01  3.245353e-02
   outer loop
     vertex -3.739962e-01 -5.944500e+00  7.232201e-01
     vertex -1.840583e+00 -5.664733e+00  7.232201e-01
     vertex -1.116091e+00 -5.850752e+00 -7.232201e-01
   endloop
 endfacet
 facet normal -6.275744e-02 -9.975010e-01 -3.245353e-02
   outer loop
     vertex -3.739962e-01 -5.944500e+00  7.232201e-01
     vertex -1.116091e+00 -5.850752e+00 -7.232201e-01
     vertex  3.739962e-01 -5.944500e+00 -7.232201e-01
   endloop
 endfacet
 facet normal -5.378352e-01  5.050608e-01  6.750162e-01
   outer loop
     vertex -3.218865e+00  2.338642e+00  4.491064e+00
     vertex -2.536142e+00  3.065669e+00  4.491064e+00
     vertex -3.599577e+00  3.380227e+00  3.408388e+00
   endloop
 endfacet
 facet normal -6.164343e-01  4.478657e-01  6.476304e-01
   outer loop
     vertex -3.218865e+00  2.338642e+00  4.491064e+00
     vertex -3.599577e+00  3.380227e+00  3.408388e+00
     vertex -4.327118e+00  2.378853e+00  3.408388e+00
   endloop
 endfacet
 facet normal -7.023383e-01 -6.595395e-01  2.678218e-01
   outer loop
     vertex -3.576011e+00 -4.322654e+00  2.127629e+00
     vertex -4.538664e+00 -3.297533e+00  2.127629e+00
     vertex -4.341922e+00 -4.077336e+00  7.232201e-01
   endloop
 endfacet
 facet normal -6.234340e-01 -7.536022e-01  2.083598e-01
   outer loop
     vertex -3.576011e+00 -4.322654e+00  2.127629e+00
     vertex -4.341922e+00 -4.077336e+00  7.232201e-01
     vertex -3.191520e+00 -5.029031e+00  7.232201e-01
   endloop
 endfacet
 facet normal -1.051257e-01  5.510884e-01  8.277984e-01
   outer loop
     vertex -8.616441e-01  2.651868e+00  5.312736e+00
     vertex -1.750813e-01  2.782837e+00  5.312736e+00
     vertex -7.455408e-01  3.908262e+00  4.491064e+00
   endloop
 endfacet
 facet normal -1.787181e-01  5.500377e-01  8.157931e-01
   outer loop
     vertex -8.616441e-01  2.651868e+00  5.312736e+00
     vertex -7.455408e-01  3.908262e+00  4.491064e+00
     vertex -1.694063e+00  3.600068e+00  4.491064e+00
   endloop
 endfacet
 facet normal  7.023383e-01 -6.595395e-01 -2.678218e-01
   outer loop
     vertex  4.341922e+00 -4.077336e+00 -7.232201e-01
     vertex  3.576011e+00 -4.322654e+00 -2.127629e+00
     vertex  4.538664e+00 -3.297533e+00 -2.127629e+00
   endloop
 endfacet
 facet normal  6.234340e-01 -7.536022e-01 -2.083598e-01
   outer loop
     vertex  4.341922e+00 -4.077336e+00 -7.232201e-01
     vertex  3.191520e+00 -5.029031e+00 -7.232201e-01
     vertex  3.576011e+00 -4.322654e+00 -2.127629e+00
   endloop
 endfacet
 facet normal -8.673798e-01 -1.095755e-01  4.854333e-01
   outer loop
     vertex -4.782770e+00 -1.228007e+00  3.408388e+00
     vertex -4.937903e+00  2.797588e-15  3.408388e+00
     vertex -5.565860e+00 -7.031317e-01  2.127629e+00
   endloop
 endfacet
 facet normal -8.696750e-01 -2.232946e-01  4.402329e-01
   outer loop
     vertex -4.782770e+00 -1.228007e+00  3.408388e+00
     vertex -5.565860e+00 -7.031317e-01  2.127629e+00
     vertex -5.216137e+00 -2.065215e+00  2.127629e+00
   endloop
 endfacet
 facet normal  1.498858e-01  3.185236e-01  9.359898e-01
   outer loop
     vertex  4.437156e-01  1.365616e+00  5.825651e+00
     vertex  7.693905e-01  1.212365e+00  5.825651e+00
     vertex  1.187217e+00  2.522965e+00  5.312736e+00
   endloop
 endfacet
 facet normal  5.172393e-02  1.099190e-01  9.925938e-01
   outer loop
     vertex  4.437156e-01  1.365616e+00  5.825651e+00
     vertex  3.673940e-16 -8.998559e-32  6.000000e+00
     vertex  7.693905e-01  1.212365e+00  5.825651e+00
   endloop
 endfacet
 facet normal  1.111572e-01  3.421066e-01  9.330633e-01
   outer loop
     vertex  4.437156e-01  1.365616e+00  5.825651e+00
     vertex  1.187217e+00  2.522965e+00  5.312736e+00
     vertex  5.224826e-01  2.738950e+00  5.312736e+00
   endloop
 endfacet
 facet normal  6.275744e-02 -9.975010e-01  3.245353e-02
   outer loop
     vertex  1.116091e+00 -5.850752e+00  7.232201e-01
     vertex -3.739962e-01 -5.944500e+00  7.232201e-01
     vertex  3.739962e-01 -5.944500e+00 -7.232201e-01
   endloop
 endfacet
 facet normal  1.872826e-01 -9.817698e-01 -3.245353e-02
   outer loop
     vertex  1.116091e+00 -5.850752e+00  7.232201e-01
     vertex  3.739962e-01 -5.944500e+00 -7.232201e-01
     vertex  1.840583e+00 -5.664733e+00 -7.232201e-01
   endloop
 endfacet
 facet normal -6.465416e-01  3.554393e-01  6.750162e-01
   outer loop
     vertex -3.699335e+00  1.464670e+00  4.491064e+00
     vertex -3.218865e+00  2.338642e+00  4.491064e+00
     vertex -4.327118e+00  2.378853e+00  3.408388e+00
   endloop
 endfacet
 facet normal -7.084475e-01  2.804942e-01  6.476304e-01
   outer loop
     vertex -3.699335e+00  1.464670e+00  4.491064e+00
     vertex -4.327118e+00  2.378853e+00  3.408388e+00
     vertex -4.782770e+00  1.228007e+00  3.408388e+00
   endloop
 endfacet
 facet normal -5.162522e-01 -8.134833e-01  2.678218e-01
   outer loop
     vertex -2.388663e+00 -5.076168e+00  2.127629e+00
     vertex -3.576011e+00 -4.322654e+00  2.127629e+00
     vertex -3.191520e+00 -5.029031e+00  7.232201e-01
   endloop
 endfacet
 facet normal -4.164344e-01 -8.849681e-01  2.083598e-01
   outer loop
     vertex -2.388663e+00 -5.076168e+00  2.127629e+00
     vertex -3.191520e+00 -5.029031e+00  7.232201e-01
     vertex -1.840583e+00 -5.664733e+00  7.232201e-01
   endloop
 endfacet
 facet normal -3.098921e-01  4.883119e-01  8.157931e-01
   outer loop
     vertex -1.494067e+00  2.354273e+00  5.312736e+00
     vertex -1.694063e+00  3.600068e+00  4.491064e+00
     vertex -2.536142e+00  3.065669e+00  4.491064e+00
   endloop
 endfacet
 facet normal -2.388731e-01  5.076312e-01  8.277984e-01
   outer loop
     vertex -1.494067e+00  2.354273e+00  5.312736e+00
     vertex -8.616441e-01  2.651868e+00  5.312736e+00
     vertex -1.694063e+00  3.600068e+00  4.491064e+00
   endloop
 endfacet
 facet normal  8.442938e-01 -4.641545e-01 -2.678218e-01
   outer loop
     vertex  5.219505e+00 -2.869447e+00 -7.232201e-01
     vertex  4.538664e+00 -3.297533e+00 -2.127629e+00
     vertex  5.216137e+00 -2.065215e+00 -2.127629e+00
   endloop
 endfacet
 facet normal  7.912609e-01 -5.748847e-01 -2.083598e-01
   outer loop
     vertex  5.219505e+00 -2.869447e+00 -7.232201e-01
     vertex  4.341922e+00 -4.077336e+00 -7.232201e-01
     vertex  4.538664e+00 -3.297533e+00 -2.127629e+00
   endloop
 endfacet
 facet normal -8.128791e-01 -3.218416e-01  4.854333e-01
   outer loop
     vertex -4.327118e+00 -2.378853e+00  3.408388e+00
     vertex -4.782770e+00 -1.228007e+00  3.408388e+00
     vertex -5.216137e+00 -2.065215e+00  2.127629e+00
   endloop
 endfacet
 facet normal -7.868214e-01 -4.325587e-01  4.402329e-01
   outer loop
     vertex -4.327118e+00 -2.378853e+00  3.408388e+00
     vertex -5.216137e+00 -2.065215e+00  2.127629e+00
     vertex -4.538664e+00 -3.297533e+00  2.127629e+00
   endloop
 endfacet
 facet normal  6.596328e-02  3.457916e-01  9.359898e-01
   outer loop
     vertex  9.016053e-02  1.433061e+00  5.825651e+00
     vertex  4.437156e-01  1.365616e+00  5.825651e+00
     vertex  5.224826e-01  2.738950e+00  5.312736e+00
   endloop
 endfacet
 facet normal  2.258651e-02  3.590023e-01  9.330633e-01
   outer loop
     vertex  9.016053e-02  1.433061e+00  5.825651e+00
     vertex  5.224826e-01  2.738950e+00  5.312736e+00
     vertex -1.750813e-01  2.782837e+00  5.312736e+00
   endloop
 endfacet
 facet normal  2.276320e-02  1.193289e-01  9.925938e-01
   outer loop
     vertex  9.016053e-02  1.433061e+00  5.825651e+00
     vertex  3.673940e-16 -8.998559e-32  6.000000e+00
     vertex  4.437156e-01  1.365616e+00  5.825651e+00
   endloop
 endfacet
 facet normal  3.088542e-01 -9.505555e-01  3.245353e-02
   outer loop
     vertex  2.536049e+00 -5.389379e+00  7.232201e-01
     vertex  1.116091e+00 -5.850752e+00  7.232201e-01
     vertex  1.840583e+00 -5.664733e+00 -7.232201e-01
   endloop
 endfacet
 facet normal  4.255550e-01 -9.043504e-01 -3.245353e-02
   outer loop
     vertex  2.536049e+00 -5.389379e+00  7.232201e-01
     vertex  1.840583e+00 -5.664733e+00 -7.232201e-01
     vertex  3.191520e+00 -5.029031e+00 -7.232201e-01
   endloop
 endfacet
 facet normal -7.146235e-01  1.834841e-01  6.750162e-01
   outer loop
     vertex -3.947362e+00  4.986678e-01  4.491064e+00
     vertex -3.699335e+00  1.464670e+00  4.491064e+00
     vertex -4.782770e+00  1.228007e+00  3.408388e+00
   endloop
 endfacet
 facet normal -7.559464e-01  9.549824e-02  6.476304e-01
   outer loop
     vertex -3.947362e+00  4.986678e-01  4.491064e+00
     vertex -4.782770e+00  1.228007e+00  3.408388e+00
     vertex -4.937903e+00  2.797588e-15  3.408388e+00
   endloop
 endfacet
 facet normal -1.832687e-01 -9.607283e-01  2.083598e-01
   outer loop
     vertex -1.051227e+00 -5.510727e+00  2.127629e+00
     vertex -1.840583e+00 -5.664733e+00  7.232201e-01
     vertex -3.739962e-01 -5.944500e+00  7.232201e-01
   endloop
 endfacet
 facet normal -2.977281e-01 -9.163130e-01  2.678218e-01
   outer loop
     vertex -1.051227e+00 -5.510727e+00  2.127629e+00
     vertex -2.388663e+00 -5.076168e+00  2.127629e+00
     vertex -1.840583e+00 -5.664733e+00  7.232201e-01
   endloop
 endfacet
 facet normal -4.215945e-01  3.959036e-01  8.157931e-01
   outer loop
     vertex -2.032612e+00  1.908749e+00  5.312736e+00
     vertex -2.536142e+00  3.065669e+00  4.491064e+00
     vertex -3.218865e+00  2.338642e+00  4.491064e+00
   endloop
 endfacet
 facet normal -3.576112e-01  4.322777e-01  8.277984e-01
   outer loop
     vertex -2.032612e+00  1.908749e+00  5.312736e+00
     vertex -1.494067e+00  2.354273e+00  5.312736e+00
     vertex -2.536142e+00  3.065669e+00  4.491064e+00
   endloop
 endfacet
 facet normal  9.386639e-01 -1.766491e-01 -2.961506e-01
   outer loop
     vertex  5.769127e+00 -1.481260e+00 -7.232201e-01
     vertex  5.216137e+00 -2.065215e+00 -2.127629e+00
     vertex  5.834439e+00 -1.429025e-15 -1.399756e+00
   endloop
 endfacet
 facet normal  9.093700e-01 -3.600450e-01 -2.083598e-01
   outer loop
     vertex  5.769127e+00 -1.481260e+00 -7.232201e-01
     vertex  5.219505e+00 -2.869447e+00 -7.232201e-01
     vertex  5.216137e+00 -2.065215e+00 -2.127629e+00
   endloop
 endfacet
 facet normal  9.873424e-01 -9.982521e-02 -1.232470e-01
   outer loop
     vertex  5.769127e+00 -1.481260e+00 -7.232201e-01
     vertex  5.834439e+00 -1.429025e-15 -1.399756e+00
     vertex  5.999500e+00 -9.794726e-16 -7.743869e-02
   endloop
 endfacet
 facet normal  9.889164e-01 -1.441588e-01 -3.553195e-02
   outer loop
     vertex  5.769127e+00 -1.481260e+00 -7.232201e-01
     vertex  5.999500e+00 -7.240643e-02 -2.746014e-02
     vertex  5.999500e+00 -7.687408e-02 -9.334203e-03
   endloop
 endfacet
 facet normal  9.894160e-01 -1.284855e-01 -6.743439e-02
   outer loop
     vertex  5.769127e+00 -1.481260e+00 -7.232201e-01
     vertex  5.999500e+00 -6.373079e-02 -4.399019e-02
     vertex  5.999500e+00 -7.240643e-02 -2.746014e-02
   endloop
 endfacet
 facet normal  9.885828e-01 -1.127848e-01 -9.991860e-02
   outer loop
     vertex  5.769127e+00 -1.481260e+00 -7.232201e-01
     vertex  5.999500e+00 -5.135135e-02 -5.796369e-02
     vertex  5.999500e+00 -6.373079e-02 -4.399019e-02
   endloop
 endfacet
 facet normal  9.859501e-01 -9.488952e-02 -1.374712e-01
   outer loop
     vertex  5.769127e+00 -1.481260e+00 -7.232201e-01
     vertex  5.999500e+00 -3.598755e-02 -6.856856e-02
     vertex  5.999500e+00 -5.135135e-02 -5.796369e-02
   endloop
 endfacet
 facet normal  9.796568e-01 -7.116220e-02 -1.876393e-01
   outer loop
     vertex  5.769127e+00 -1.481260e+00 -7.232201e-01
     vertex  5.999500e+00 -1.853229e-02 -7.518846e-02
     vertex  5.999500e+00 -3.598755e-02 -6.856856e-02
   endloop
 endfacet
 facet normal  9.626951e-01 -3.261585e-02 -2.686157e-01
   outer loop
     vertex  5.769127e+00 -1.481260e+00 -7.232201e-01
     vertex  5.999500e+00 -9.794726e-16 -7.743869e-02
     vertex  5.999500e+00 -1.853229e-02 -7.518846e-02
   endloop
 endfacet
 facet normal  8.559645e-01 -3.389003e-01  3.904758e-01
   outer loop
     vertex  5.769127e+00 -1.481260e+00 -7.232201e-01
     vertex  5.999500e+00 -7.687408e-02 -9.334203e-03
     vertex  5.219505e+00 -2.869447e+00 -7.232201e-01
   endloop
 endfacet
 facet normal -7.073023e-01 -5.138852e-01  4.854333e-01
   outer loop
     vertex -3.599577e+00 -3.380227e+00  3.408388e+00
     vertex -4.327118e+00 -2.378853e+00  3.408388e+00
     vertex -4.538664e+00 -3.297533e+00  2.127629e+00
   endloop
 endfacet
 facet normal -6.545290e-01 -6.146436e-01  4.402329e-01
   outer loop
     vertex -3.599577e+00 -3.380227e+00  3.408388e+00
     vertex -4.538664e+00 -3.297533e+00  2.127629e+00
     vertex -3.576011e+00 -4.322654e+00  2.127629e+00
   endloop
 endfacet
 facet normal -7.627831e-03  1.212409e-01  9.925938e-01
   outer loop
     vertex -2.690597e-01  1.410460e+00  5.825651e+00
     vertex  3.673940e-16 -8.998559e-32  6.000000e+00
     vertex  9.016053e-02  1.433061e+00  5.825651e+00
   endloop
 endfacet
 facet normal -6.740333e-02  3.533406e-01  9.330633e-01
   outer loop
     vertex -2.690597e-01  1.410460e+00  5.825651e+00
     vertex -1.750813e-01  2.782837e+00  5.312736e+00
     vertex -8.616441e-01  2.651868e+00  5.312736e+00
   endloop
 endfacet
 facet normal -2.210396e-02  3.513324e-01  9.359898e-01
   outer loop
     vertex -2.690597e-01  1.410460e+00  5.825651e+00
     vertex  9.016053e-02  1.433061e+00  5.825651e+00
     vertex -1.750813e-01  2.782837e+00  5.312736e+00
   endloop
 endfacet
 facet normal  5.355445e-01 -8.438832e-01  3.245353e-02
   outer loop
     vertex  3.796659e+00 -4.589372e+00  7.232201e-01
     vertex  2.536049e+00 -5.389379e+00  7.232201e-01
     vertex  3.191520e+00 -5.029031e+00 -7.232201e-01
   endloop
 endfacet
 facet normal  6.370882e-01 -7.701074e-01 -3.245353e-02
   outer loop
     vertex  3.796659e+00 -4.589372e+00  7.232201e-01
     vertex  3.191520e+00 -5.029031e+00 -7.232201e-01
     vertex  4.341922e+00 -4.077336e+00 -7.232201e-01
   endloop
 endfacet
 facet normal -7.378029e-01  6.570512e-16  6.750162e-01
   outer loop
     vertex -3.947362e+00 -4.986678e-01  4.491064e+00
     vertex -3.947362e+00  4.986678e-01  4.491064e+00
     vertex -4.937903e+00  2.797588e-15  3.408388e+00
   endloop
 endfacet
 facet normal -7.559464e-01 -9.549824e-02  6.476304e-01
   outer loop
     vertex -3.947362e+00 -4.986678e-01  4.491064e+00
     vertex -4.937903e+00  2.797588e-15  3.408388e+00
     vertex -4.782770e+00 -1.228007e+00  3.408388e+00
   endloop
 endfacet
 facet normal -6.049669e-02 -9.615673e-01  2.678218e-01
   outer loop
     vertex  3.522609e-01 -5.599027e+00  2.127629e+00
     vertex -1.051227e+00 -5.510727e+00  2.127629e+00
     vertex -3.739962e-01 -5.944500e+00  7.232201e-01
   endloop
 endfacet
 facet normal  6.141241e-02 -9.761223e-01  2.083598e-01
   outer loop
     vertex  3.522609e-01 -5.599027e+00  2.127629e+00
     vertex -3.739962e-01 -5.944500e+00  7.232201e-01
     vertex  1.116091e+00 -5.850752e+00  7.232201e-01
   endloop
 endfacet
 facet normal -5.068066e-01  2.786193e-01  8.157931e-01
   outer loop
     vertex -2.443440e+00  1.343293e+00  5.312736e+00
     vertex -3.218865e+00  2.338642e+00  4.491064e+00
     vertex -3.699335e+00  1.464670e+00  4.491064e+00
   endloop
 endfacet
 facet normal -4.538793e-01  3.297626e-01  8.277984e-01
   outer loop
     vertex -2.443440e+00  1.343293e+00  5.312736e+00
     vertex -2.032612e+00  1.908749e+00  5.312736e+00
     vertex -3.218865e+00  2.338642e+00  4.491064e+00
   endloop
 endfacet
 facet normal -4.811101e-01 -7.581082e-01  4.402329e-01
   outer loop
     vertex -2.645861e+00 -4.169210e+00  3.408388e+00
     vertex -3.576011e+00 -4.322654e+00  2.127629e+00
     vertex -2.388663e+00 -5.076168e+00  2.127629e+00
   endloop
 endfacet
 facet normal -5.572830e-01 -6.736394e-01  4.854333e-01
   outer loop
     vertex -2.645861e+00 -4.169210e+00  3.408388e+00
     vertex -3.599577e+00 -3.380227e+00  3.408388e+00
     vertex -3.576011e+00 -4.322654e+00  2.127629e+00
   endloop
 endfacet
 facet normal -1.531580e-01  3.254773e-01  9.330633e-01
   outer loop
     vertex -6.113739e-01  1.299236e+00  5.825651e+00
     vertex -8.616441e-01  2.651868e+00  5.312736e+00
     vertex -1.494067e+00  2.354273e+00  5.312736e+00
   endloop
 endfacet
 facet normal -3.753958e-02  1.155349e-01  9.925938e-01
   outer loop
     vertex -6.113739e-01  1.299236e+00  5.825651e+00
     vertex  3.673940e-16 -8.998559e-32  6.000000e+00
     vertex -2.690597e-01  1.410460e+00  5.825651e+00
   endloop
 endfacet
 facet normal -1.087823e-01  3.347976e-01  9.359898e-01
   outer loop
     vertex -6.113739e-01  1.299236e+00  5.825651e+00
     vertex -2.690597e-01  1.410460e+00  5.825651e+00
     vertex -8.616441e-01  2.651868e+00  5.312736e+00
   endloop
 endfacet
 facet normal  7.285846e-01 -6.841865e-01  3.245353e-02
   outer loop
     vertex  4.818710e+00 -3.500998e+00  7.232201e-01
     vertex  3.796659e+00 -4.589372e+00  7.232201e-01
     vertex  4.341922e+00 -4.077336e+00 -7.232201e-01
   endloop
 endfacet
 facet normal  8.085908e-01 -5.874756e-01 -3.245353e-02
   outer loop
     vertex  4.818710e+00 -3.500998e+00  7.232201e-01
     vertex  4.341922e+00 -4.077336e+00 -7.232201e-01
     vertex  5.219505e+00 -2.869447e+00 -7.232201e-01
   endloop
 endfacet
 facet normal -7.084475e-01 -2.804942e-01  6.476304e-01
   outer loop
     vertex -3.699335e+00 -1.464670e+00  4.491064e+00
     vertex -4.782770e+00 -1.228007e+00  3.408388e+00
     vertex -4.327118e+00 -2.378853e+00  3.408388e+00
   endloop
 endfacet
 facet normal -7.146235e-01 -1.834841e-01  6.750162e-01
   outer loop
     vertex -3.699335e+00 -1.464670e+00  4.491064e+00
     vertex -3.947362e+00 -4.986678e-01  4.491064e+00
     vertex -4.782770e+00 -1.228007e+00  3.408388e+00
   endloop
 endfacet
 facet normal  1.805360e-01 -9.464028e-01  2.678218e-01
   outer loop
     vertex  1.733615e+00 -5.335520e+00  2.127629e+00
     vertex  3.522609e-01 -5.599027e+00  2.127629e+00
     vertex  1.116091e+00 -5.850752e+00  7.232201e-01
   endloop
 endfacet
 facet normal  3.022348e-01 -9.301830e-01  2.083598e-01
   outer loop
     vertex  1.733615e+00 -5.335520e+00  2.127629e+00
     vertex  1.116091e+00 -5.850752e+00  7.232201e-01
     vertex  2.536049e+00 -5.389379e+00  7.232201e-01
   endloop
 endfacet
 facet normal -5.601741e-01  1.438283e-01  8.157931e-01
   outer loop
     vertex -2.700738e+00  6.934317e-01  5.312736e+00
     vertex -3.699335e+00  1.464670e+00  4.491064e+00
     vertex -3.947362e+00  4.986678e-01  4.491064e+00
   endloop
 endfacet
 facet normal -5.216285e-01  2.065273e-01  8.277984e-01
   outer loop
     vertex -2.700738e+00  6.934317e-01  5.312736e+00
     vertex -2.443440e+00  1.343293e+00  5.312736e+00
     vertex -3.699335e+00  1.464670e+00  4.491064e+00
   endloop
 endfacet
 facet normal -3.722476e-01 -7.910665e-01  4.854333e-01
   outer loop
     vertex -1.525896e+00 -4.696225e+00  3.408388e+00
     vertex -2.645861e+00 -4.169210e+00  3.408388e+00
     vertex -2.388663e+00 -5.076168e+00  2.127629e+00
   endloop
 endfacet
 facet normal -2.774613e-01 -8.539381e-01  4.402329e-01
   outer loop
     vertex -1.525896e+00 -4.696225e+00  3.408388e+00
     vertex -2.388663e+00 -5.076168e+00  2.127629e+00
     vertex -1.051227e+00 -5.510727e+00  2.127629e+00
   endloop
 endfacet
 facet normal -1.886255e-01  2.972262e-01  9.359898e-01
   outer loop
     vertex -9.152733e-01  1.106375e+00  5.825651e+00
     vertex -6.113739e-01  1.299236e+00  5.825651e+00
     vertex -1.494067e+00  2.354273e+00  5.312736e+00
   endloop
 endfacet
 facet normal -2.292891e-01  2.771630e-01  9.330633e-01
   outer loop
     vertex -9.152733e-01  1.106375e+00  5.825651e+00
     vertex -1.494067e+00  2.354273e+00  5.312736e+00
     vertex -2.032612e+00  1.908749e+00  5.312736e+00
   endloop
 endfacet
 facet normal -6.509257e-02  1.025695e-01  9.925938e-01
   outer loop
     vertex -9.152733e-01  1.106375e+00  5.825651e+00
     vertex  3.673940e-16 -8.998559e-32  6.000000e+00
     vertex -6.113739e-01  1.299236e+00  5.825651e+00
   endloop
 endfacet
 facet normal  9.778763e-01 -1.698763e-01  1.220653e-01
   outer loop
     vertex  5.537984e+00 -2.192643e+00  7.232201e-01
     vertex  5.999500e+00 -9.794726e-16  7.743869e-02
     vertex  5.834439e+00 -1.429025e-15  1.399756e+00
   endloop
 endfacet
 facet normal  8.758451e-01 -4.814999e-01  3.245353e-02
   outer loop
     vertex  5.537984e+00 -2.192643e+00  7.232201e-01
     vertex  4.818710e+00 -3.500998e+00  7.232201e-01
     vertex  5.219505e+00 -2.869447e+00 -7.232201e-01
   endloop
 endfacet
 facet normal  8.909235e-01 -5.474215e-02  4.508422e-01
   outer loop
     vertex  5.537984e+00 -2.192643e+00  7.232201e-01
     vertex  5.999500e+00 -1.853229e-02  7.518846e-02
     vertex  5.999500e+00 -9.794726e-16  7.743869e-02
   endloop
 endfacet
 facet normal  9.481533e-01 -1.126982e-01  2.971607e-01
   outer loop
     vertex  5.537984e+00 -2.192643e+00  7.232201e-01
     vertex  5.999500e+00 -3.598755e-02  6.856856e-02
     vertex  5.999500e+00 -1.853229e-02  7.518846e-02
   endloop
 endfacet
 facet normal  9.674333e-01 -1.437920e-01  2.083187e-01
   outer loop
     vertex  5.537984e+00 -2.192643e+00  7.232201e-01
     vertex  5.999500e+00 -5.135135e-02  5.796369e-02
     vertex  5.999500e+00 -3.598755e-02  6.856856e-02
   endloop
 endfacet
 facet normal  9.754426e-01 -1.648623e-01  1.460552e-01
   outer loop
     vertex  5.537984e+00 -2.192643e+00  7.232201e-01
     vertex  5.999500e+00 -6.373079e-02  4.399019e-02
     vertex  5.999500e+00 -5.135135e-02  5.796369e-02
   endloop
 endfacet
 facet normal  9.787101e-01 -1.817375e-01  9.538322e-02
   outer loop
     vertex  5.537984e+00 -2.192643e+00  7.232201e-01
     vertex  5.999500e+00 -7.240643e-02  2.746014e-02
     vertex  5.999500e+00 -6.373079e-02  4.399019e-02
   endloop
 endfacet
 facet normal  9.791604e-01 -1.971869e-01  4.860219e-02
   outer loop
     vertex  5.537984e+00 -2.192643e+00  7.232201e-01
     vertex  5.999500e+00 -7.687408e-02  9.334203e-03
     vertex  5.999500e+00 -7.240643e-02  2.746014e-02
   endloop
 endfacet
 facet normal  9.770260e-01 -2.131202e-01 -4.452856e-16
   outer loop
     vertex  5.537984e+00 -2.192643e+00  7.232201e-01
     vertex  5.999500e+00 -7.687408e-02 -9.334203e-03
     vertex  5.999500e+00 -7.687408e-02  9.334203e-03
   endloop
 endfacet
 facet normal  9.647072e-01 -2.443852e-01 -9.806064e-02
   outer loop
     vertex  5.537984e+00 -2.192643e+00  7.232201e-01
     vertex  5.219505e+00 -2.869447e+00 -7.232201e-01
     vertex  5.999500e+00 -7.687408e-02 -9.334203e-03
   endloop
 endfacet
 facet normal -6.465416e-01 -3.554393e-01  6.750162e-01
   outer loop
     vertex -3.218865e+00 -2.338642e+00  4.491064e+00
     vertex -3.699335e+00 -1.464670e+00  4.491064e+00
     vertex -4.327118e+00 -2.378853e+00  3.408388e+00
   endloop
 endfacet
 facet normal -6.164343e-01 -4.478657e-01  6.476304e-01
   outer loop
     vertex -3.218865e+00 -2.338642e+00  4.491064e+00
     vertex -4.327118e+00 -2.378853e+00  3.408388e+00
     vertex -3.599577e+00 -3.380227e+00  3.408388e+00
   endloop
 endfacet
 facet normal  4.102249e-01 -8.717723e-01  2.678218e-01
   outer loop
     vertex  3.006041e+00 -4.736762e+00  2.127629e+00
     vertex  1.733615e+00 -5.335520e+00  2.127629e+00
     vertex  2.536049e+00 -5.389379e+00  7.232201e-01
   endloop
 endfacet
 facet normal  5.240666e-01 -8.257968e-01  2.083598e-01
   outer loop
     vertex  3.006041e+00 -4.736762e+00  2.127629e+00
     vertex  2.536049e+00 -5.389379e+00  7.232201e-01
     vertex  3.796659e+00 -4.589372e+00  7.232201e-01
   endloop
 endfacet
 facet normal -5.566018e-01  7.031517e-02  8.277984e-01
   outer loop
     vertex -2.788339e+00  1.579744e-15  5.312736e+00
     vertex -2.700738e+00  6.934317e-01  5.312736e+00
     vertex -3.947362e+00  4.986678e-01  4.491064e+00
   endloop
 endfacet
 facet normal -5.783439e-01  5.200222e-16  8.157931e-01
   outer loop
     vertex -2.788339e+00  1.579744e-15  5.312736e+00
     vertex -3.947362e+00  4.986678e-01  4.491064e+00
     vertex -3.947362e+00 -4.986678e-01  4.491064e+00
   endloop
 endfacet
 facet normal -1.638226e-01 -8.587879e-01  4.854333e-01
   outer loop
     vertex -3.100535e-01 -4.928159e+00  3.408388e+00
     vertex -1.525896e+00 -4.696225e+00  3.408388e+00
     vertex -1.051227e+00 -5.510727e+00  2.127629e+00
   endloop
 endfacet
 facet normal -5.637858e-02 -8.961119e-01  4.402329e-01
   outer loop
     vertex -3.100535e-01 -4.928159e+00  3.408388e+00
     vertex -1.051227e+00 -5.510727e+00  2.127629e+00
     vertex  3.522609e-01 -5.599027e+00  2.127629e+00
   endloop
 endfacet
 facet normal -8.855556e-02  8.315921e-02  9.925938e-01
   outer loop
     vertex -1.161663e+00  8.439973e-01  5.825651e+00
     vertex  3.673940e-16 -8.998559e-32  6.000000e+00
     vertex -9.152733e-01  1.106375e+00  5.825651e+00
   endloop
 endfacet
 facet normal -2.566166e-01  2.409791e-01  9.359898e-01
   outer loop
     vertex -1.161663e+00  8.439973e-01  5.825651e+00
     vertex -9.152733e-01  1.106375e+00  5.825651e+00
     vertex -2.032612e+00  1.908749e+00  5.312736e+00
   endloop
 endfacet
 facet normal -2.910132e-01  2.114335e-01  9.330633e-01
   outer loop
     vertex -1.161663e+00  8.439973e-01  5.825651e+00
     vertex -2.032612e+00  1.908749e+00  5.312736e+00
     vertex -2.443440e+00  1.343293e+00  5.312736e+00
   endloop
 endfacet
 facet normal -5.378352e-01 -5.050608e-01  6.750162e-01
   outer loop
     vertex -2.536142e+00 -3.065669e+00  4.491064e+00
     vertex -3.218865e+00 -2.338642e+00  4.491064e+00
     vertex -3.599577e+00 -3.380227e+00  3.408388e+00
   endloop
 endfacet
 facet normal -4.856882e-01 -5.870962e-01  6.476304e-01
   outer loop
     vertex -2.536142e+00 -3.065669e+00  4.491064e+00
     vertex -3.599577e+00 -3.380227e+00  3.408388e+00
     vertex -2.645861e+00 -4.169210e+00  3.408388e+00
   endloop
 endfacet
 facet normal  6.141379e-01 -7.423652e-01  2.678218e-01
   outer loop
     vertex  4.089585e+00 -3.840376e+00  2.127629e+00
     vertex  3.006041e+00 -4.736762e+00  2.127629e+00
     vertex  3.796659e+00 -4.589372e+00  7.232201e-01
   endloop
 endfacet
 facet normal  7.129694e-01 -6.695228e-01  2.083598e-01
   outer loop
     vertex  4.089585e+00 -3.840376e+00  2.127629e+00
     vertex  3.796659e+00 -4.589372e+00  7.232201e-01
     vertex  4.818710e+00 -3.500998e+00  7.232201e-01
   endloop
 endfacet
 facet normal -5.601741e-01 -1.438283e-01  8.157931e-01
   outer loop
     vertex -2.700738e+00 -6.934317e-01  5.312736e+00
     vertex -3.947362e+00 -4.986678e-01  4.491064e+00
     vertex -3.699335e+00 -1.464670e+00  4.491064e+00
   endloop
 endfacet
 facet normal -5.566018e-01 -7.031517e-02  8.277984e-01
   outer loop
     vertex -2.700738e+00 -6.934317e-01  5.312736e+00
     vertex -2.788339e+00  1.579744e-15  5.312736e+00
     vertex -3.947362e+00 -4.986678e-01  4.491064e+00
   endloop
 endfacet
 facet normal  5.489610e-02 -8.725485e-01  4.854333e-01
   outer loop
     vertex  9.252708e-01 -4.850439e+00  3.408388e+00
     vertex -3.100535e-01 -4.928159e+00  3.408388e+00
     vertex  3.522609e-01 -5.599027e+00  2.127629e+00
   endloop
 endfacet
 facet normal  1.682466e-01 -8.819796e-01  4.402329e-01
   outer loop
     vertex  9.252708e-01 -4.850439e+00  3.408388e+00
     vertex  3.522609e-01 -5.599027e+00  2.127629e+00
     vertex  1.733615e+00 -5.335520e+00  2.127629e+00
   endloop
 endfacet
 facet normal -3.084836e-01  1.695903e-01  9.359898e-01
   outer loop
     vertex -1.335060e+00  5.285878e-01  5.825651e+00
     vertex -1.161663e+00  8.439973e-01  5.825651e+00
     vertex -2.443440e+00  1.343293e+00  5.312736e+00
   endloop
 endfacet
 facet normal -3.344519e-01  1.324189e-01  9.330633e-01
   outer loop
     vertex -1.335060e+00  5.285878e-01  5.825651e+00
     vertex -2.443440e+00  1.343293e+00  5.312736e+00
     vertex -2.700738e+00  6.934317e-01  5.312736e+00
   endloop
 endfacet
 facet normal -1.064543e-01  5.852373e-02  9.925938e-01
   outer loop
     vertex -1.335060e+00  5.285878e-01  5.825651e+00
     vertex  3.673940e-16 -8.998559e-32  6.000000e+00
     vertex -1.161663e+00  8.439973e-01  5.825651e+00
   endloop
 endfacet
 facet normal -3.244245e-01 -6.894372e-01  6.476304e-01
   outer loop
     vertex -1.694063e+00 -3.600068e+00  4.491064e+00
     vertex -2.645861e+00 -4.169210e+00  3.408388e+00
     vertex -1.525896e+00 -4.696225e+00  3.408388e+00
   endloop
 endfacet
 facet normal -3.953346e-01 -6.229476e-01  6.750162e-01
   outer loop
     vertex -1.694063e+00 -3.600068e+00  4.491064e+00
     vertex -2.536142e+00 -3.065669e+00  4.491064e+00
     vertex -2.645861e+00 -4.169210e+00  3.408388e+00
   endloop
 endfacet
 facet normal  7.794624e-01 -5.663126e-01  2.678218e-01
   outer loop
     vertex  4.916166e+00 -2.702685e+00  2.127629e+00
     vertex  4.089585e+00 -3.840376e+00  2.127629e+00
     vertex  4.818710e+00 -3.500998e+00  7.232201e-01
   endloop
 endfacet
 facet normal  8.570737e-01 -4.711803e-01  2.083598e-01
   outer loop
     vertex  4.916166e+00 -2.702685e+00  2.127629e+00
     vertex  4.818710e+00 -3.500998e+00  7.232201e-01
     vertex  5.537984e+00 -2.192643e+00  7.232201e-01
   endloop
 endfacet
 facet normal -5.216285e-01 -2.065273e-01  8.277984e-01
   outer loop
     vertex -2.443440e+00 -1.343293e+00  5.312736e+00
     vertex -2.700738e+00 -6.934317e-01  5.312736e+00
     vertex -3.699335e+00 -1.464670e+00  4.491064e+00
   endloop
 endfacet
 facet normal -5.068066e-01 -2.786193e-01  8.157931e-01
   outer loop
     vertex -2.443440e+00 -1.343293e+00  5.312736e+00
     vertex -3.699335e+00 -1.464670e+00  4.491064e+00
     vertex -3.218865e+00 -2.338642e+00  4.491064e+00
   endloop
 endfacet
 facet normal  2.701654e-01 -8.314837e-01  4.854333e-01
   outer loop
     vertex  2.102457e+00 -4.467948e+00  3.408388e+00
     vertex  9.252708e-01 -4.850439e+00  3.408388e+00
     vertex  1.733615e+00 -5.335520e+00  2.127629e+00
   endloop
 endfacet
 facet normal  3.823003e-01 -8.124294e-01  4.402329e-01
   outer loop
     vertex  2.102457e+00 -4.467948e+00  3.408388e+00
     vertex  1.733615e+00 -5.335520e+00  2.127629e+00
     vertex  3.006041e+00 -4.736762e+00  2.127629e+00
   endloop
 endfacet
 facet normal -1.176641e-01  3.021100e-02  9.925938e-01
   outer loop
     vertex -1.424572e+00  1.799652e-01  5.825651e+00
     vertex  3.673940e-16 -8.998559e-32  6.000000e+00
     vertex -1.335060e+00  5.285878e-01  5.825651e+00
   endloop
 endfacet
 facet normal -3.568757e-01  4.508389e-02  9.330633e-01
   outer loop
     vertex -1.424572e+00  1.799652e-01  5.825651e+00
     vertex -2.700738e+00  6.934317e-01  5.312736e+00
     vertex -2.788339e+00  1.579744e-15  5.312736e+00
   endloop
 endfacet
 facet normal -3.409674e-01  8.754556e-02  9.359898e-01
   outer loop
     vertex -1.424572e+00  1.799652e-01  5.825651e+00
     vertex -1.335060e+00  5.285878e-01  5.825651e+00
     vertex -2.700738e+00  6.934317e-01  5.312736e+00
   endloop
 endfacet
 facet normal -2.279936e-01 -7.016923e-01  6.750162e-01
   outer loop
     vertex -7.455408e-01 -3.908262e+00  4.491064e+00
     vertex -1.694063e+00 -3.600068e+00  4.491064e+00
     vertex -1.525896e+00 -4.696225e+00  3.408388e+00
   endloop
 endfacet
 facet normal -1.427761e-01 -7.484584e-01  6.476304e-01
   outer loop
     vertex -7.455408e-01 -3.908262e+00  4.491064e+00
     vertex -1.525896e+00 -4.696225e+00  3.408388e+00
     vertex -3.100535e-01 -4.928159e+00  3.408388e+00
   endloop
 endfacet
 facet normal  9.364665e-01 -9.234930e-02  3.383817e-01
   outer loop
     vertex  5.433846e+00 -1.395175e+00  2.127629e+00
     vertex  5.834439e+00 -1.429025e-15  1.399756e+00
     vertex  5.381584e+00 -1.318108e-15  2.653028e+00
   endloop
 endfacet
 facet normal  9.666380e-01 -1.852695e-01  1.768791e-01
   outer loop
     vertex  5.433846e+00 -1.395175e+00  2.127629e+00
     vertex  5.537984e+00 -2.192643e+00  7.232201e-01
     vertex  5.834439e+00 -1.429025e-15  1.399756e+00
   endloop
 endfacet
 facet normal  8.958103e-01 -3.546764e-01  2.678218e-01
   outer loop
     vertex  5.433846e+00 -1.395175e+00  2.127629e+00
     vertex  4.916166e+00 -2.702685e+00  2.127629e+00
     vertex  5.537984e+00 -2.192643e+00  7.232201e-01
   endloop
 endfacet
 facet normal -4.215945e-01 -3.959036e-01  8.157931e-01
   outer loop
     vertex -2.032612e+00 -1.908749e+00  5.312736e+00
     vertex -3.218865e+00 -2.338642e+00  4.491064e+00
     vertex -2.536142e+00 -3.065669e+00  4.491064e+00
   endloop
 endfacet
 facet normal -4.538793e-01 -3.297626e-01  8.277984e-01
   outer loop
     vertex -2.032612e+00 -1.908749e+00  5.312736e+00
     vertex -2.443440e+00 -1.343293e+00  5.312736e+00
     vertex -3.218865e+00 -2.338642e+00  4.491064e+00
   endloop
 endfacet
 facet normal  5.723326e-01 -6.918312e-01  4.402329e-01
   outer loop
     vertex  3.147538e+00 -3.804720e+00  3.408388e+00
     vertex  3.006041e+00 -4.736762e+00  2.127629e+00
     vertex  4.089585e+00 -3.840376e+00  2.127629e+00
   endloop
 endfacet
 facet normal  4.684593e-01 -7.381737e-01  4.854333e-01
   outer loop
     vertex  3.147538e+00 -3.804720e+00  3.408388e+00
     vertex  2.102457e+00 -4.467948e+00  3.408388e+00
     vertex  3.006041e+00 -4.736762e+00  2.127629e+00
   endloop
 endfacet
 facet normal -2.162897e-01 -9.758317e-01  3.116453e-02
   outer loop
     vertex -1.424572e+00 -1.799652e-01  5.825651e+00
     vertex  3.673940e-16 -8.998559e-32  6.000000e+00
     vertex  3.673940e-16 -8.998559e-32  6.000000e+00
   endloop
 endfacet
 facet normal -3.568757e-01 -4.508389e-02  9.330633e-01
   outer loop
     vertex -1.424572e+00 -1.799652e-01  5.825651e+00
     vertex -2.788339e+00  1.579744e-15  5.312736e+00
     vertex -2.700738e+00 -6.934317e-01  5.312736e+00
   endloop
 endfacet
 facet normal -1.214806e-01  1.498851e-16  9.925938e-01
   outer loop
     vertex -1.424572e+00 -1.799652e-01  5.825651e+00
     vertex  3.673940e-16 -8.998559e-32  6.000000e+00
     vertex -1.424572e+00  1.799652e-01  5.825651e+00
   endloop
 endfacet
 facet normal -3.520270e-01  4.343378e-16  9.359898e-01
   outer loop
     vertex -1.424572e+00 -1.799652e-01  5.825651e+00
     vertex -1.424572e+00  1.799652e-01  5.825651e+00
     vertex -2.788339e+00  1.579744e-15  5.312736e+00
   endloop
 endfacet
 facet normal  4.784353e-02 -7.604511e-01  6.476304e-01
   outer loop
     vertex  2.498269e-01 -3.970885e+00  4.491064e+00
     vertex -3.100535e-01 -4.928159e+00  3.408388e+00
     vertex  9.252708e-01 -4.850439e+00  3.408388e+00
   endloop
 endfacet
 facet normal -4.632703e-02 -7.363470e-01  6.750162e-01
   outer loop
     vertex  2.498269e-01 -3.970885e+00  4.491064e+00
     vertex -7.455408e-01 -3.908262e+00  4.491064e+00
     vertex -3.100535e-01 -4.928159e+00  3.408388e+00
   endloop
 endfacet
 facet normal -3.576112e-01 -4.322777e-01  8.277984e-01
   outer loop
     vertex -1.494067e+00 -2.354273e+00  5.312736e+00
     vertex -2.032612e+00 -1.908749e+00  5.312736e+00
     vertex -2.536142e+00 -3.065669e+00  4.491064e+00
   endloop
 endfacet
 facet normal -3.098921e-01 -4.883119e-01  8.157931e-01
   outer loop
     vertex -1.494067e+00 -2.354273e+00  5.312736e+00
     vertex -2.536142e+00 -3.065669e+00  4.491064e+00
     vertex -1.694063e+00 -3.600068e+00  4.491064e+00
   endloop
 endfacet
 facet normal  7.264031e-01 -5.277628e-01  4.402329e-01
   outer loop
     vertex  3.994848e+00 -2.902427e+00  3.408388e+00
     vertex  4.089585e+00 -3.840376e+00  2.127629e+00
     vertex  4.916166e+00 -2.702685e+00  2.127629e+00
   endloop
 endfacet
 facet normal  6.373181e-01 -5.984815e-01  4.854333e-01
   outer loop
     vertex  3.994848e+00 -2.902427e+00  3.408388e+00
     vertex  3.147538e+00 -3.804720e+00  3.408388e+00
     vertex  4.089585e+00 -3.840376e+00  2.127629e+00
   endloop
 endfacet
 facet normal -3.344519e-01 -1.324189e-01  9.330633e-01
   outer loop
     vertex -1.335060e+00 -5.285878e-01  5.825651e+00
     vertex -2.700738e+00 -6.934317e-01  5.312736e+00
     vertex -2.443440e+00 -1.343293e+00  5.312736e+00
   endloop
 endfacet
 facet normal -3.409674e-01 -8.754556e-02  9.359898e-01
   outer loop
     vertex -1.335060e+00 -5.285878e-01  5.825651e+00
     vertex -1.424572e+00 -1.799652e-01  5.825651e+00
     vertex -2.700738e+00 -6.934317e-01  5.312736e+00
   endloop
 endfacet
 facet normal -1.176641e-01 -3.021100e-02  9.925938e-01
   outer loop
     vertex -1.335060e+00 -5.285878e-01  5.825651e+00
     vertex  3.673940e-16 -8.998559e-32  6.000000e+00
     vertex -1.424572e+00 -1.799652e-01  5.825651e+00
   endloop
 endfacet
 facet normal  2.354569e-01 -7.246620e-01  6.476304e-01
   outer loop
     vertex  1.229497e+00 -3.784003e+00  4.491064e+00
     vertex  9.252708e-01 -4.850439e+00  3.408388e+00
     vertex  2.102457e+00 -4.467948e+00  3.408388e+00
   endloop
 endfacet
 facet normal  1.382505e-01 -7.247344e-01  6.750162e-01
   outer loop
     vertex  1.229497e+00 -3.784003e+00  4.491064e+00
     vertex  2.498269e-01 -3.970885e+00  4.491064e+00
     vertex  9.252708e-01 -4.850439e+00  3.408388e+00
   endloop
 endfacet
 facet normal -1.787181e-01 -5.500377e-01  8.157931e-01
   outer loop
     vertex -8.616441e-01 -2.651868e+00  5.312736e+00
     vertex -1.694063e+00 -3.600068e+00  4.491064e+00
     vertex -7.455408e-01 -3.908262e+00  4.491064e+00
   endloop
 endfacet
 facet normal -2.388731e-01 -5.076312e-01  8.277984e-01
   outer loop
     vertex -8.616441e-01 -2.651868e+00  5.312736e+00
     vertex -1.494067e+00 -2.354273e+00  5.312736e+00
     vertex -1.694063e+00 -3.600068e+00  4.491064e+00
   endloop
 endfacet
 facet normal  8.338845e-01 -1.408453e-01  5.336658e-01
   outer loop
     vertex  4.591146e+00 -1.817763e+00  3.408388e+00
     vertex  5.381584e+00 -1.318108e-15  2.653028e+00
     vertex  4.663271e+00 -1.142172e-15  3.775434e+00
   endloop
 endfacet
 facet normal  8.480355e-01 -1.586467e-01  5.056352e-01
   outer loop
     vertex  4.591146e+00 -1.817763e+00  3.408388e+00
     vertex  5.433846e+00 -1.395175e+00  2.127629e+00
     vertex  5.381584e+00 -1.318108e-15  2.653028e+00
   endloop
 endfacet
 facet normal  8.348311e-01 -3.305330e-01  4.402329e-01
   outer loop
     vertex  4.591146e+00 -1.817763e+00  3.408388e+00
     vertex  4.916166e+00 -2.702685e+00  2.127629e+00
     vertex  5.433846e+00 -1.395175e+00  2.127629e+00
   endloop
 endfacet
 facet normal  7.661319e-01 -4.211846e-01  4.854333e-01
   outer loop
     vertex  4.591146e+00 -1.817763e+00  3.408388e+00
     vertex  3.994848e+00 -2.902427e+00  3.408388e+00
     vertex  4.916166e+00 -2.702685e+00  2.127629e+00
   endloop
 endfacet
 facet normal -2.910132e-01 -2.114335e-01  9.330633e-01
   outer loop
     vertex -1.161663e+00 -8.439973e-01  5.825651e+00
     vertex -2.443440e+00 -1.343293e+00  5.312736e+00
     vertex -2.032612e+00 -1.908749e+00  5.312736e+00
   endloop
 endfacet
 facet normal -3.084836e-01 -1.695903e-01  9.359898e-01
   outer loop
     vertex -1.161663e+00 -8.439973e-01  5.825651e+00
     vertex -1.335060e+00 -5.285878e-01  5.825651e+00
     vertex -2.443440e+00 -1.343293e+00  5.312736e+00
   endloop
 endfacet
 facet normal -1.064543e-01 -5.852373e-02  9.925938e-01
   outer loop
     vertex -1.161663e+00 -8.439973e-01  5.825651e+00
     vertex  3.673940e-16 -8.998559e-32  6.000000e+00
     vertex -1.335060e+00 -5.285878e-01  5.825651e+00
   endloop
 endfacet
 facet normal  3.141412e-01 -6.675840e-01  6.750162e-01
   outer loop
     vertex  2.131913e+00 -3.359358e+00  4.491064e+00
     vertex  1.229497e+00 -3.784003e+00  4.491064e+00
     vertex  2.102457e+00 -4.467948e+00  3.408388e+00
   endloop
 endfacet
 facet normal  4.082757e-01 -6.433396e-01  6.476304e-01
   outer loop
     vertex  2.131913e+00 -3.359358e+00  4.491064e+00
     vertex  2.102457e+00 -4.467948e+00  3.408388e+00
     vertex  3.147538e+00 -3.804720e+00  3.408388e+00
   endloop
 endfacet
 facet normal -1.051257e-01 -5.510884e-01  8.277984e-01
   outer loop
     vertex -1.750813e-01 -2.782837e+00  5.312736e+00
     vertex -8.616441e-01 -2.651868e+00  5.312736e+00
     vertex -7.455408e-01 -3.908262e+00  4.491064e+00
   endloop
 endfacet
 facet normal -3.631451e-02 -5.772026e-01  8.157931e-01
   outer loop
     vertex -1.750813e-01 -2.782837e+00  5.312736e+00
     vertex -7.455408e-01 -3.908262e+00  4.491064e+00
     vertex  2.498269e-01 -3.970885e+00  4.491064e+00
   endloop
 endfacet
 facet normal -2.566166e-01 -2.409791e-01  9.359898e-01
   outer loop
     vertex -9.152733e-01 -1.106375e+00  5.825651e+00
     vertex -1.161663e+00 -8.439973e-01  5.825651e+00
     vertex -2.032612e+00 -1.908749e+00  5.312736e+00
   endloop
 endfacet
 facet normal -2.292891e-01 -2.771630e-01  9.330633e-01
   outer loop
     vertex -9.152733e-01 -1.106375e+00  5.825651e+00
     vertex -2.032612e+00 -1.908749e+00  5.312736e+00
     vertex -1.494067e+00 -2.354273e+00  5.312736e+00
   endloop
 endfacet
 facet normal -8.855556e-02 -8.315921e-02  9.925938e-01
   outer loop
     vertex -9.152733e-01 -1.106375e+00  5.825651e+00
     vertex  3.673940e-16 -8.998559e-32  6.000000e+00
     vertex -1.161663e+00 -8.439973e-01  5.825651e+00
   endloop
 endfacet
 facet normal  4.702933e-01 -5.684869e-01  6.750162e-01
   outer loop
     vertex  2.900374e+00 -2.723632e+00  4.491064e+00
     vertex  2.131913e+00 -3.359358e+00  4.491064e+00
     vertex  3.147538e+00 -3.804720e+00  3.408388e+00
   endloop
 endfacet
 facet normal  5.554410e-01 -5.215939e-01  6.476304e-01
   outer loop
     vertex  2.900374e+00 -2.723632e+00  4.491064e+00
     vertex  3.147538e+00 -3.804720e+00  3.408388e+00
     vertex  3.994848e+00 -2.902427e+00  3.408388e+00
   endloop
 endfacet
 facet normal  3.522710e-02 -5.599186e-01  8.277984e-01
   outer loop
     vertex  5.224826e-01 -2.738950e+00  5.312736e+00
     vertex -1.750813e-01 -2.782837e+00  5.312736e+00
     vertex  2.498269e-01 -3.970885e+00  4.491064e+00
   endloop
 endfacet
 facet normal  1.083708e-01 -5.680998e-01  8.157931e-01
   outer loop
     vertex  5.224826e-01 -2.738950e+00  5.312736e+00
     vertex  2.498269e-01 -3.970885e+00  4.491064e+00
     vertex  1.229497e+00 -3.784003e+00  4.491064e+00
   endloop
 endfacet
 facet normal -1.531580e-01 -3.254773e-01  9.330633e-01
   outer loop
     vertex -6.113739e-01 -1.299236e+00  5.825651e+00
     vertex -1.494067e+00 -2.354273e+00  5.312736e+00
     vertex -8.616441e-01 -2.651868e+00  5.312736e+00
   endloop
 endfacet
 facet normal -6.509257e-02 -1.025695e-01  9.925938e-01
   outer loop
     vertex -6.113739e-01 -1.299236e+00  5.825651e+00
     vertex  3.673940e-16 -8.998559e-32  6.000000e+00
     vertex -9.152733e-01 -1.106375e+00  5.825651e+00
   endloop
 endfacet
 facet normal -1.886255e-01 -2.972262e-01  9.359898e-01
   outer loop
     vertex -6.113739e-01 -1.299236e+00  5.825651e+00
     vertex -9.152733e-01 -1.106375e+00  5.825651e+00
     vertex -1.494067e+00 -2.354273e+00  5.312736e+00
   endloop
 endfacet
 facet normal  6.677060e-01 -3.670745e-01  6.476304e-01
   outer loop
     vertex  3.486593e+00 -1.916771e+00  4.491064e+00
     vertex  3.994848e+00 -2.902427e+00  3.408388e+00
     vertex  4.591146e+00 -1.817763e+00  3.408388e+00
   endloop
 endfacet
 facet normal  5.968951e-01 -4.336697e-01  6.750162e-01
   outer loop
     vertex  3.486593e+00 -1.916771e+00  4.491064e+00
     vertex  2.900374e+00 -2.723632e+00  4.491064e+00
     vertex  3.994848e+00 -2.902427e+00  3.408388e+00
   endloop
 endfacet
 facet normal  2.462468e-01 -5.233012e-01  8.157931e-01
   outer loop
     vertex  1.187217e+00 -2.522965e+00  5.312736e+00
     vertex  1.229497e+00 -3.784003e+00  4.491064e+00
     vertex  2.131913e+00 -3.359358e+00  4.491064e+00
   endloop
 endfacet
 facet normal  1.733665e-01 -5.335672e-01  8.277984e-01
   outer loop
     vertex  1.187217e+00 -2.522965e+00  5.312736e+00
     vertex  5.224826e-01 -2.738950e+00  5.312736e+00
     vertex  1.229497e+00 -3.784003e+00  4.491064e+00
   endloop
 endfacet
 facet normal -1.087823e-01 -3.347976e-01  9.359898e-01
   outer loop
     vertex -2.690597e-01 -1.410460e+00  5.825651e+00
     vertex -6.113739e-01 -1.299236e+00  5.825651e+00
     vertex -8.616441e-01 -2.651868e+00  5.312736e+00
   endloop
 endfacet
 facet normal -3.753958e-02 -1.155349e-01  9.925938e-01
   outer loop
     vertex -2.690597e-01 -1.410460e+00  5.825651e+00
     vertex  3.673940e-16 -8.998559e-32  6.000000e+00
     vertex -6.113739e-01 -1.299236e+00  5.825651e+00
   endloop
 endfacet
 facet normal -6.740333e-02 -3.533406e-01  9.330633e-01
   outer loop
     vertex -2.690597e-01 -1.410460e+00  5.825651e+00
     vertex -8.616441e-01 -2.651868e+00  5.312736e+00
     vertex -1.750813e-01 -2.782837e+00  5.312736e+00
   endloop
 endfacet
 facet normal  7.012647e-01 -5.996357e-02  7.103747e-01
   outer loop
     vertex  3.853737e+00 -9.894714e-01  4.491064e+00
     vertex  4.663271e+00 -1.142172e-15  3.775434e+00
     vertex  3.714934e+00 -9.098963e-16  4.711610e+00
   endloop
 endfacet
 facet normal  6.859918e-01 -2.716034e-01  6.750162e-01
   outer loop
     vertex  3.853737e+00 -9.894714e-01  4.491064e+00
     vertex  3.486593e+00 -1.916771e+00  4.491064e+00
     vertex  4.591146e+00 -1.817763e+00  3.408388e+00
   endloop
 endfacet
 facet normal  7.555096e-01 -1.583415e-01  6.357147e-01
   outer loop
     vertex  3.853737e+00 -9.894714e-01  4.491064e+00
     vertex  4.591146e+00 -1.817763e+00  3.408388e+00
     vertex  4.663271e+00 -1.142172e-15  3.775434e+00
   endloop
 endfacet
 facet normal  3.686503e-01 -4.456216e-01  8.157931e-01
   outer loop
     vertex  1.777354e+00 -2.148452e+00  5.312736e+00
     vertex  2.131913e+00 -3.359358e+00  4.491064e+00
     vertex  2.900374e+00 -2.723632e+00  4.491064e+00
   endloop
 endfacet
 facet normal  3.006126e-01 -4.736897e-01  8.277984e-01
   outer loop
     vertex  1.777354e+00 -2.148452e+00  5.312736e+00
     vertex  1.187217e+00 -2.522965e+00  5.312736e+00
     vertex  2.131913e+00 -3.359358e+00  4.491064e+00
   endloop
 endfacet
 facet normal  2.258651e-02 -3.590023e-01  9.330633e-01
   outer loop
     vertex  9.016053e-02 -1.433061e+00  5.825651e+00
     vertex -1.750813e-01 -2.782837e+00  5.312736e+00
     vertex  5.224826e-01 -2.738950e+00  5.312736e+00
   endloop
 endfacet
 facet normal -7.627831e-03 -1.212409e-01  9.925938e-01
   outer loop
     vertex  9.016053e-02 -1.433061e+00  5.825651e+00
     vertex  3.673940e-16 -8.998559e-32  6.000000e+00
     vertex -2.690597e-01 -1.410460e+00  5.825651e+00
   endloop
 endfacet
 facet normal -2.210396e-02 -3.513324e-01  9.359898e-01
   outer loop
     vertex  9.016053e-02 -1.433061e+00  5.825651e+00
     vertex -2.690597e-01 -1.410460e+00  5.825651e+00
     vertex -1.750813e-01 -2.782837e+00  5.312736e+00
   endloop
 endfacet
 facet normal  4.678900e-01 -3.399420e-01  8.157931e-01
   outer loop
     vertex  2.255814e+00 -1.638945e+00  5.312736e+00
     vertex  2.900374e+00 -2.723632e+00  4.491064e+00
     vertex  3.486593e+00 -1.916771e+00  4.491064e+00
   endloop
 endfacet
 facet normal  4.089701e-01 -3.840485e-01  8.277984e-01
   outer loop
     vertex  2.255814e+00 -1.638945e+00  5.312736e+00
     vertex  1.777354e+00 -2.148452e+00  5.312736e+00
     vertex  2.900374e+00 -2.723632e+00  4.491064e+00
   endloop
 endfacet
 facet normal  1.111572e-01 -3.421066e-01  9.330633e-01
   outer loop
     vertex  4.437156e-01 -1.365616e+00  5.825651e+00
     vertex  5.224826e-01 -2.738950e+00  5.312736e+00
     vertex  1.187217e+00 -2.522965e+00  5.312736e+00
   endloop
 endfacet
 facet normal  2.276320e-02 -1.193289e-01  9.925938e-01
   outer loop
     vertex  4.437156e-01 -1.365616e+00  5.825651e+00
     vertex  3.673940e-16 -8.998559e-32  6.000000e+00
     vertex  9.016053e-02 -1.433061e+00  5.825651e+00
   endloop
 endfacet
 facet normal  6.596328e-02 -3.457916e-01  9.359898e-01
   outer loop
     vertex  4.437156e-01 -1.365616e+00  5.825651e+00
     vertex  9.016053e-02 -1.433061e+00  5.825651e+00
     vertex  5.224826e-01 -2.738950e+00  5.312736e+00
   endloop
 endfacet
 facet normal  4.916306e-01 -2.702762e-01  8.277984e-01
   outer loop
     vertex  2.592532e+00 -1.026456e+00  5.312736e+00
     vertex  2.255814e+00 -1.638945e+00  5.312736e+00
     vertex  3.486593e+00 -1.916771e+00  4.491064e+00
   endloop
 endfacet
 facet normal  5.448642e-01 -1.088846e-01  8.314248e-01
   outer loop
     vertex  2.592532e+00 -1.026456e+00  5.312736e+00
     vertex  3.853737e+00 -9.894714e-01  4.491064e+00
     vertex  3.714934e+00 -9.098963e-16  4.711610e+00
   endloop
 endfacet
 facet normal  5.377305e-01 -2.129026e-01  8.157931e-01
   outer loop
     vertex  2.592532e+00 -1.026456e+00  5.312736e+00
     vertex  3.486593e+00 -1.916771e+00  4.491064e+00
     vertex  3.853737e+00 -9.894714e-01  4.491064e+00
   endloop
 endfacet
 facet normal  1.927434e-01 -3.037150e-01  9.330633e-01
   outer loop
     vertex  7.693905e-01 -1.212365e+00  5.825651e+00
     vertex  1.187217e+00 -2.522965e+00  5.312736e+00
     vertex  1.777354e+00 -2.148452e+00  5.312736e+00
   endloop
 endfacet
 facet normal  5.172393e-02 -1.099190e-01  9.925938e-01
   outer loop
     vertex  7.693905e-01 -1.212365e+00  5.825651e+00
     vertex  3.673940e-16 -8.998559e-32  6.000000e+00
     vertex  4.437156e-01 -1.365616e+00  5.825651e+00
   endloop
 endfacet
 facet normal  1.498858e-01 -3.185236e-01  9.359898e-01
   outer loop
     vertex  7.693905e-01 -1.212365e+00  5.825651e+00
     vertex  4.437156e-01 -1.365616e+00  5.825651e+00
     vertex  1.187217e+00 -2.522965e+00  5.312736e+00
   endloop
 endfacet
 facet normal  5.279288e-01  2.714198e-02  8.488548e-01
   outer loop
     vertex  2.766352e+00 -3.494715e-01  5.312736e+00
     vertex  3.714934e+00 -9.098963e-16  4.711610e+00
     vertex  2.583350e+00 -6.327383e-16  5.415377e+00
   endloop
 endfacet
 facet normal  3.507932e-01 -9.006840e-02  9.321115e-01
   outer loop
     vertex  2.766352e+00 -3.494715e-01  5.312736e+00
     vertex  2.583350e+00 -6.327383e-16  5.415377e+00
     vertex  2.592532e+00 -1.026456e+00  5.312736e+00
   endloop
 endfacet
 facet normal  5.673017e-01 -1.456583e-01  8.105260e-01
   outer loop
     vertex  2.766352e+00 -3.494715e-01  5.312736e+00
     vertex  2.592532e+00 -1.026456e+00  5.312736e+00
     vertex  3.714934e+00 -9.098963e-16  4.711610e+00
   endloop
 endfacet
 facet normal  7.743466e-02 -9.360243e-02  9.925938e-01
   outer loop
     vertex  1.046722e+00 -9.829371e-01  5.825651e+00
     vertex  3.673940e-16 -8.998559e-32  6.000000e+00
     vertex  7.693905e-01 -1.212365e+00  5.825651e+00
   endloop
 endfacet
 facet normal  2.622189e-01 -2.462399e-01  9.330633e-01
   outer loop
     vertex  1.046722e+00 -9.829371e-01  5.825651e+00
     vertex  1.777354e+00 -2.148452e+00  5.312736e+00
     vertex  2.255814e+00 -1.638945e+00  5.312736e+00
   endloop
 endfacet
 facet normal  2.243905e-01 -2.712415e-01  9.359898e-01
   outer loop
     vertex  1.046722e+00 -9.829371e-01  5.825651e+00
     vertex  7.693905e-01 -1.212365e+00  5.825651e+00
     vertex  1.777354e+00 -2.148452e+00  5.312736e+00
   endloop
 endfacet
 facet normal  2.847958e-01 -2.069163e-01  9.359898e-01
   outer loop
     vertex  1.258283e+00 -6.917472e-01  5.825651e+00
     vertex  1.046722e+00 -9.829371e-01  5.825651e+00
     vertex  2.255814e+00 -1.638945e+00  5.312736e+00
   endloop
 endfacet
 facet normal  3.152181e-01 -1.732926e-01  9.330633e-01
   outer loop
     vertex  1.258283e+00 -6.917472e-01  5.825651e+00
     vertex  2.255814e+00 -1.638945e+00  5.312736e+00
     vertex  2.592532e+00 -1.026456e+00  5.312736e+00
   endloop
 endfacet
 facet normal  9.827989e-02 -7.140452e-02  9.925938e-01
   outer loop
     vertex  1.258283e+00 -6.917472e-01  5.825651e+00
     vertex  3.673940e-16 -8.998559e-32  6.000000e+00
     vertex  1.046722e+00 -9.829371e-01  5.825651e+00
   endloop
 endfacet
 facet normal  3.276546e-01 -8.795152e-03  9.447566e-01
   outer loop
     vertex  1.390783e+00 -3.570923e-01  5.825651e+00
     vertex  2.583350e+00 -6.327383e-16  5.415377e+00
     vertex  1.324338e+00 -3.243692e-16  5.852019e+00
   endloop
 endfacet
 facet normal  1.108943e-01 -5.264903e-02  9.924367e-01
   outer loop
     vertex  1.390783e+00 -3.570923e-01  5.825651e+00
     vertex  1.324338e+00 -3.243692e-16  5.852019e+00
     vertex  3.673940e-16 -8.998559e-32  6.000000e+00
   endloop
 endfacet
 facet normal  3.480301e-01 -9.019540e-02  9.331344e-01
   outer loop
     vertex  1.390783e+00 -3.570923e-01  5.825651e+00
     vertex  2.592532e+00 -1.026456e+00  5.312736e+00
     vertex  2.583350e+00 -6.327383e-16  5.415377e+00
   endloop
 endfacet
 facet normal  1.129498e-01 -4.472000e-02  9.925938e-01
   outer loop
     vertex  1.390783e+00 -3.570923e-01  5.825651e+00
     vertex  3.673940e-16 -8.998559e-32  6.000000e+00
     vertex  1.258283e+00 -6.917472e-01  5.825651e+00
   endloop
 endfacet
 facet normal  3.273064e-01 -1.295898e-01  9.359898e-01
   outer loop
     vertex  1.390783e+00 -3.570923e-01  5.825651e+00
     vertex  1.258283e+00 -6.917472e-01  5.825651e+00
     vertex  2.592532e+00 -1.026456e+00  5.312736e+00
   endloop
 endfacet
 facet normal -3.216722e-01  6.871732e-02  9.443542e-01
   outer loop
     vertex  4.674648e+00  1.187823e-01 -1.879385e+00
     vertex  4.435247e+00 -1.063599e-16 -1.952288e+00
     vertex  4.848776e+00 -2.076451e-16 -1.811429e+00
   endloop
 endfacet
 facet normal -1.078201e-01 -1.593171e-01  9.813220e-01
   outer loop
     vertex  4.593396e+00  3.420201e-01 -1.879385e+00
     vertex  4.001000e+00 -2.999520e-32 -2.000000e+00
     vertex  4.435247e+00 -1.063599e-16 -1.952288e+00
   endloop
 endfacet
 facet normal -2.487403e-01 -9.053407e-02  9.643297e-01
   outer loop
     vertex  4.593396e+00  3.420201e-01 -1.879385e+00
     vertex  4.435247e+00 -1.063599e-16 -1.952288e+00
     vertex  4.674648e+00  1.187823e-01 -1.879385e+00
   endloop
 endfacet
 facet normal -4.544240e-01 -1.653968e-01  8.752958e-01
   outer loop
     vertex  4.593396e+00  3.420201e-01 -1.879385e+00
     vertex  4.674648e+00  1.187823e-01 -1.879385e+00
     vertex  4.848776e+00 -2.076451e-16 -1.811429e+00
   endloop
 endfacet
 facet normal -1.350110e-01 -1.132877e-01  9.843464e-01
   outer loop
     vertex  4.440693e+00  5.240053e-01 -1.879385e+00
     vertex  4.001000e+00 -2.999520e-32 -2.000000e+00
     vertex  4.593396e+00  3.420201e-01 -1.879385e+00
   endloop
 endfacet
 facet normal -8.812219e-02 -1.526321e-01  9.843464e-01
   outer loop
     vertex  4.234956e+00  6.427876e-01 -1.879385e+00
     vertex  4.001000e+00 -2.999520e-32 -2.000000e+00
     vertex  4.440693e+00  5.240053e-01 -1.879385e+00
   endloop
 endfacet
 facet normal -5.167889e-01 -1.154846e-01  8.482880e-01
   outer loop
     vertex  5.209046e+00  4.396926e-01 -1.532089e+00
     vertex  4.848776e+00 -2.076451e-16 -1.811429e+00
     vertex  5.221855e+00 -2.990233e-16 -1.584144e+00
   endloop
 endfacet
 facet normal -6.894548e-01 -1.049347e-01  7.166874e-01
   outer loop
     vertex  5.209046e+00  4.396926e-01 -1.532089e+00
     vertex  5.221855e+00 -2.990233e-16 -1.584144e+00
     vertex  5.536686e+00 -3.761345e-16 -1.281277e+00
   endloop
 endfacet
 facet normal -4.629657e-01 -1.729586e-01  8.693377e-01
   outer loop
     vertex  5.209046e+00  4.396926e-01 -1.532089e+00
     vertex  4.593396e+00  3.420201e-01 -1.879385e+00
     vertex  4.848776e+00 -2.076451e-16 -1.811429e+00
   endloop
 endfacet
 facet normal -3.060452e-02 -1.735668e-01  9.843464e-01
   outer loop
     vertex  4.001000e+00  6.840403e-01 -1.879385e+00
     vertex  4.001000e+00 -2.999520e-32 -2.000000e+00
     vertex  4.234956e+00  6.427876e-01 -1.879385e+00
   endloop
 endfacet
 facet normal -8.392186e-01 -4.845231e-01  2.468794e-01
   outer loop
     vertex  4.985808e+00  8.263518e-01 -1.532089e+00
     vertex  5.209046e+00  4.396926e-01 -1.532089e+00
     vertex  5.536686e+00 -3.761345e-16 -1.281277e+00
   endloop
 endfacet
 facet normal -4.437742e-01 -2.562131e-01  8.587312e-01
   outer loop
     vertex  4.985808e+00  8.263518e-01 -1.532089e+00
     vertex  4.593396e+00  3.420201e-01 -1.879385e+00
     vertex  5.209046e+00  4.396926e-01 -1.532089e+00
   endloop
 endfacet
 facet normal -3.781126e-01 -3.172741e-01  8.696942e-01
   outer loop
     vertex  4.985808e+00  8.263518e-01 -1.532089e+00
     vertex  4.440693e+00  5.240053e-01 -1.879385e+00
     vertex  4.593396e+00  3.420201e-01 -1.879385e+00
   endloop
 endfacet
 facet normal  3.060452e-02 -1.735668e-01  9.843464e-01
   outer loop
     vertex  3.767044e+00  6.427876e-01 -1.879385e+00
     vertex  4.001000e+00 -2.999520e-32 -2.000000e+00
     vertex  4.001000e+00  6.840403e-01 -1.879385e+00
   endloop
 endfacet
 facet normal -2.467955e-01 -4.274623e-01  8.696942e-01
   outer loop
     vertex  4.643788e+00  1.113341e+00 -1.532089e+00
     vertex  4.234956e+00  6.427876e-01 -1.879385e+00
     vertex  4.440693e+00  5.240053e-01 -1.879385e+00
   endloop
 endfacet
 facet normal -3.293813e-01 -3.925413e-01  8.587312e-01
   outer loop
     vertex  4.643788e+00  1.113341e+00 -1.532089e+00
     vertex  4.440693e+00  5.240053e-01 -1.879385e+00
     vertex  4.985808e+00  8.263518e-01 -1.532089e+00
   endloop
 endfacet
 facet normal  8.812219e-02 -1.526321e-01  9.843464e-01
   outer loop
     vertex  3.561307e+00  5.240053e-01 -1.879385e+00
     vertex  4.001000e+00 -2.999520e-32 -2.000000e+00
     vertex  3.767044e+00  6.427876e-01 -1.879385e+00
   endloop
 endfacet
 facet normal -8.323362e-01 -4.597036e-02  5.523615e-01
   outer loop
     vertex  5.706737e+00  3.007675e-01 -1.000000e+00
     vertex  5.536686e+00 -3.761345e-16 -1.281277e+00
     vertex  5.778246e+00 -4.352997e-16 -9.172772e-01
   endloop
 endfacet
 facet normal -8.571116e-02 -4.860922e-01  8.696942e-01
   outer loop
     vertex  4.224238e+00  1.266044e+00 -1.532089e+00
     vertex  4.001000e+00  6.840403e-01 -1.879385e+00
     vertex  4.234956e+00  6.427876e-01 -1.879385e+00
   endloop
 endfacet
 facet normal -1.752601e-01 -4.815232e-01  8.587312e-01
   outer loop
     vertex  4.224238e+00  1.266044e+00 -1.532089e+00
     vertex  4.234956e+00  6.427876e-01 -1.879385e+00
     vertex  4.643788e+00  1.113341e+00 -1.532089e+00
   endloop
 endfacet
 facet normal  1.350110e-01 -1.132877e-01  9.843464e-01
   outer loop
     vertex  3.408604e+00  3.420201e-01 -1.879385e+00
     vertex  4.001000e+00 -2.999520e-32 -2.000000e+00
     vertex  3.561307e+00  5.240053e-01 -1.879385e+00
   endloop
 endfacet
 facet normal -9.023579e-01 -2.557402e-01  3.469109e-01
   outer loop
     vertex  5.501000e+00  8.660254e-01 -1.000000e+00
     vertex  5.778246e+00 -4.352997e-16 -9.172772e-01
     vertex  5.935011e+00 -4.736960e-16 -5.095128e-01
   endloop
 endfacet
 facet normal -6.867969e-01 -2.499736e-01  6.825124e-01
   outer loop
     vertex  5.501000e+00  8.660254e-01 -1.000000e+00
     vertex  5.536686e+00 -3.761345e-16 -1.281277e+00
     vertex  5.706737e+00  3.007675e-01 -1.000000e+00
   endloop
 endfacet
 facet normal -8.628820e-01 -3.140634e-01 -3.959784e-01
   outer loop
     vertex  5.501000e+00  8.660254e-01 -1.000000e+00
     vertex  5.706737e+00  3.007675e-01 -1.000000e+00
     vertex  5.778246e+00 -4.352997e-16 -9.172772e-01
   endloop
 endfacet
 facet normal -6.861986e-01 -2.501262e-01  6.830581e-01
   outer loop
     vertex  5.501000e+00  8.660254e-01 -1.000000e+00
     vertex  4.985808e+00  8.263518e-01 -1.532089e+00
     vertex  5.536686e+00 -3.761345e-16 -1.281277e+00
   endloop
 endfacet
 facet normal  8.571116e-02 -4.860922e-01  8.696942e-01
   outer loop
     vertex  3.777762e+00  1.266044e+00 -1.532089e+00
     vertex  3.767044e+00  6.427876e-01 -1.879385e+00
     vertex  4.001000e+00  6.840403e-01 -1.879385e+00
   endloop
 endfacet
 facet normal  0.000000e+00 -5.124263e-01  8.587312e-01
   outer loop
     vertex  3.777762e+00  1.266044e+00 -1.532089e+00
     vertex  4.001000e+00  6.840403e-01 -1.879385e+00
     vertex  4.224238e+00  1.266044e+00 -1.532089e+00
   endloop
 endfacet
 facet normal  1.656155e-01 -6.027913e-02  9.843464e-01
   outer loop
     vertex  3.327352e+00  1.187823e-01 -1.879385e+00
     vertex  4.001000e+00 -2.999520e-32 -2.000000e+00
     vertex  3.408604e+00  3.420201e-01 -1.879385e+00
   endloop
 endfacet
 facet normal -4.835539e-01 -5.762771e-01  6.588477e-01
   outer loop
     vertex  5.114341e+00  1.326828e+00 -1.000000e+00
     vertex  4.643788e+00  1.113341e+00 -1.532089e+00
     vertex  4.985808e+00  8.263518e-01 -1.532089e+00
   endloop
 endfacet
 facet normal -6.012047e-01 -5.044706e-01  6.197276e-01
   outer loop
     vertex  5.114341e+00  1.326828e+00 -1.000000e+00
     vertex  4.985808e+00  8.263518e-01 -1.532089e+00
     vertex  5.501000e+00  8.660254e-01 -1.000000e+00
   endloop
 endfacet
 facet normal  1.752601e-01 -4.815232e-01  8.587312e-01
   outer loop
     vertex  3.358212e+00  1.113341e+00 -1.532089e+00
     vertex  3.767044e+00  6.427876e-01 -1.879385e+00
     vertex  3.777762e+00  1.266044e+00 -1.532089e+00
   endloop
 endfacet
 facet normal  2.467955e-01 -4.274623e-01  8.696942e-01
   outer loop
     vertex  3.358212e+00  1.113341e+00 -1.532089e+00
     vertex  3.561307e+00  5.240053e-01 -1.879385e+00
     vertex  3.767044e+00  6.427876e-01 -1.879385e+00
   endloop
 endfacet
 facet normal  1.054539e-01 -2.464081e-01  9.634119e-01
   outer loop
     vertex  3.327352e+00 -1.187823e-01 -1.879385e+00
     vertex  4.001000e+00 -2.999520e-32 -2.000000e+00
     vertex  4.001000e+00 -2.999520e-32 -2.000000e+00
   endloop
 endfacet
 facet normal  1.762444e-01 -0.000000e+00  9.843464e-01
   outer loop
     vertex  3.327352e+00 -1.187823e-01 -1.879385e+00
     vertex  4.001000e+00 -2.999520e-32 -2.000000e+00
     vertex  3.327352e+00  1.187823e-01 -1.879385e+00
   endloop
 endfacet
 facet normal -3.924085e-01 -6.796715e-01  6.197276e-01
   outer loop
     vertex  4.593396e+00  1.627595e+00 -1.000000e+00
     vertex  4.643788e+00  1.113341e+00 -1.532089e+00
     vertex  5.114341e+00  1.326828e+00 -1.000000e+00
   endloop
 endfacet
 facet normal -2.572937e-01 -7.069085e-01  6.588477e-01
   outer loop
     vertex  4.593396e+00  1.627595e+00 -1.000000e+00
     vertex  4.224238e+00  1.266044e+00 -1.532089e+00
     vertex  4.643788e+00  1.113341e+00 -1.532089e+00
   endloop
 endfacet
 facet normal  3.293813e-01 -3.925413e-01  8.587312e-01
   outer loop
     vertex  3.016192e+00  8.263518e-01 -1.532089e+00
     vertex  3.561307e+00  5.240053e-01 -1.879385e+00
     vertex  3.358212e+00  1.113341e+00 -1.532089e+00
   endloop
 endfacet
 facet normal  3.781126e-01 -3.172741e-01  8.696942e-01
   outer loop
     vertex  3.016192e+00  8.263518e-01 -1.532089e+00
     vertex  3.408604e+00  3.420201e-01 -1.879385e+00
     vertex  3.561307e+00  5.240053e-01 -1.879385e+00
   endloop
 endfacet
 facet normal -9.209905e-01 -4.695928e-02  3.867445e-01
   outer loop
     vertex  5.851833e+00  6.736482e-01 -3.472964e-01
     vertex  5.999500e+00 -9.794726e-16 -7.743869e-02
     vertex  5.999500e+00  1.853229e-02 -7.518846e-02
   endloop
 endfacet
 facet normal -9.569303e-01 -1.029481e-01  2.714518e-01
   outer loop
     vertex  5.851833e+00  6.736482e-01 -3.472964e-01
     vertex  5.999500e+00  1.853229e-02 -7.518846e-02
     vertex  5.999500e+00  3.598755e-02 -6.856856e-02
   endloop
 endfacet
 facet normal -9.702343e-01 -1.375671e-01  1.993004e-01
   outer loop
     vertex  5.851833e+00  6.736482e-01 -3.472964e-01
     vertex  5.999500e+00  3.598755e-02 -6.856856e-02
     vertex  5.999500e+00  5.135135e-02 -5.796369e-02
   endloop
 endfacet
 facet normal -9.757069e-01 -1.639836e-01  1.452768e-01
   outer loop
     vertex  5.851833e+00  6.736482e-01 -3.472964e-01
     vertex  5.999500e+00  5.135135e-02 -5.796369e-02
     vertex  5.999500e+00  6.373079e-02 -4.399019e-02
   endloop
 endfacet
 facet normal -9.772889e-01 -1.876382e-01  9.848011e-02
   outer loop
     vertex  5.851833e+00  6.736482e-01 -3.472964e-01
     vertex  5.999500e+00  6.373079e-02 -4.399019e-02
     vertex  5.999500e+00  7.240643e-02 -2.746014e-02
   endloop
 endfacet
 facet normal -9.769752e-01 -1.557438e-01  1.458196e-01
   outer loop
     vertex  5.851833e+00  6.736482e-01 -3.472964e-01
     vertex  5.935011e+00 -4.736960e-16 -5.095128e-01
     vertex  5.999500e+00 -9.794726e-16 -7.743869e-02
   endloop
 endfacet
 facet normal -8.857187e-01 -2.091591e-01  4.144332e-01
   outer loop
     vertex  5.851833e+00  6.736482e-01 -3.472964e-01
     vertex  5.501000e+00  8.660254e-01 -1.000000e+00
     vertex  5.935011e+00 -4.736960e-16 -5.095128e-01
   endloop
 endfacet
 facet normal  1.656155e-01  6.027913e-02  9.843464e-01
   outer loop
     vertex  3.408604e+00 -3.420201e-01 -1.879385e+00
     vertex  4.001000e+00 -2.999520e-32 -2.000000e+00
     vertex  3.327352e+00 -1.187823e-01 -1.879385e+00
   endloop
 endfacet
 facet normal -1.362820e-01 -7.728939e-01  6.197276e-01
   outer loop
     vertex  4.001000e+00  1.732051e+00 -1.000000e+00
     vertex  4.224238e+00  1.266044e+00 -1.532089e+00
     vertex  4.593396e+00  1.627595e+00 -1.000000e+00
   endloop
 endfacet
 facet normal  2.104559e-17 -7.522763e-01  6.588477e-01
   outer loop
     vertex  4.001000e+00  1.732051e+00 -1.000000e+00
     vertex  3.777762e+00  1.266044e+00 -1.532089e+00
     vertex  4.224238e+00  1.266044e+00 -1.532089e+00
   endloop
 endfacet
 facet normal  4.638237e-01 -1.688180e-01  8.696942e-01
   outer loop
     vertex  2.792954e+00  4.396926e-01 -1.532089e+00
     vertex  3.327352e+00  1.187823e-01 -1.879385e+00
     vertex  3.408604e+00  3.420201e-01 -1.879385e+00
   endloop
 endfacet
 facet normal  4.437742e-01 -2.562131e-01  8.587312e-01
   outer loop
     vertex  2.792954e+00  4.396926e-01 -1.532089e+00
     vertex  3.408604e+00  3.420201e-01 -1.879385e+00
     vertex  3.016192e+00  8.263518e-01 -1.532089e+00
   endloop
 endfacet
 facet normal -9.296424e-01 -3.577561e-01  8.817895e-02
   outer loop
     vertex  5.509813e+00  1.266044e+00 -3.472964e-01
     vertex  5.999500e+00  7.240643e-02 -2.746014e-02
     vertex  5.999500e+00  7.687408e-02 -9.334203e-03
   endloop
 endfacet
 facet normal -7.102001e-01 -5.959287e-01  3.748130e-01
   outer loop
     vertex  5.509813e+00  1.266044e+00 -3.472964e-01
     vertex  5.114341e+00  1.326828e+00 -1.000000e+00
     vertex  5.501000e+00  8.660254e-01 -1.000000e+00
   endloop
 endfacet
 facet normal -8.252713e-01 -4.764706e-01  3.031551e-01
   outer loop
     vertex  5.509813e+00  1.266044e+00 -3.472964e-01
     vertex  5.501000e+00  8.660254e-01 -1.000000e+00
     vertex  5.851833e+00  6.736482e-01 -3.472964e-01
   endloop
 endfacet
 facet normal -7.619947e-01 -4.399378e-01 -4.752040e-01
   outer loop
     vertex  5.509813e+00  1.266044e+00 -3.472964e-01
     vertex  5.851833e+00  6.736482e-01 -3.472964e-01
     vertex  5.999500e+00  7.240643e-02 -2.746014e-02
   endloop
 endfacet
 facet normal  1.350110e-01  1.132877e-01  9.843464e-01
   outer loop
     vertex  3.561307e+00 -5.240053e-01 -1.879385e+00
     vertex  4.001000e+00 -2.999520e-32 -2.000000e+00
     vertex  3.408604e+00 -3.420201e-01 -1.879385e+00
   endloop
 endfacet
 facet normal  1.362820e-01 -7.728939e-01  6.197276e-01
   outer loop
     vertex  3.408604e+00  1.627595e+00 -1.000000e+00
     vertex  3.777762e+00  1.266044e+00 -1.532089e+00
     vertex  4.001000e+00  1.732051e+00 -1.000000e+00
   endloop
 endfacet
 facet normal  2.572937e-01 -7.069085e-01  6.588477e-01
   outer loop
     vertex  3.408604e+00  1.627595e+00 -1.000000e+00
     vertex  3.358212e+00  1.113341e+00 -1.532089e+00
     vertex  3.777762e+00  1.266044e+00 -1.532089e+00
   endloop
 endfacet
 facet normal  5.046414e-01 -8.898189e-02  8.587312e-01
   outer loop
     vertex  2.715425e+00  1.574376e-16 -1.532089e+00
     vertex  3.327352e+00  1.187823e-01 -1.879385e+00
     vertex  2.792954e+00  4.396926e-01 -1.532089e+00
   endloop
 endfacet
 facet normal  4.935909e-01  8.010476e-17  8.696942e-01
   outer loop
     vertex  2.715425e+00  1.574376e-16 -1.532089e+00
     vertex  3.327352e+00 -1.187823e-01 -1.879385e+00
     vertex  3.327352e+00  1.187823e-01 -1.879385e+00
   endloop
 endfacet
 facet normal -6.125388e-01 -7.299953e-01  3.031551e-01
   outer loop
     vertex  4.985808e+00  1.705737e+00 -3.472964e-01
     vertex  5.114341e+00  1.326828e+00 -1.000000e+00
     vertex  5.509813e+00  1.266044e+00 -3.472964e-01
   endloop
 endfacet
 facet normal -4.635502e-01 -8.028925e-01  3.748130e-01
   outer loop
     vertex  4.985808e+00  1.705737e+00 -3.472964e-01
     vertex  4.593396e+00  1.627595e+00 -1.000000e+00
     vertex  5.114341e+00  1.326828e+00 -1.000000e+00
   endloop
 endfacet
 facet normal  8.812219e-02  1.526321e-01  9.843464e-01
   outer loop
     vertex  3.767044e+00 -6.427876e-01 -1.879385e+00
     vertex  4.001000e+00 -2.999520e-32 -2.000000e+00
     vertex  3.561307e+00 -5.240053e-01 -1.879385e+00
   endloop
 endfacet
 facet normal  4.835539e-01 -5.762771e-01  6.588477e-01
   outer loop
     vertex  2.887659e+00  1.326828e+00 -1.000000e+00
     vertex  3.016192e+00  8.263518e-01 -1.532089e+00
     vertex  3.358212e+00  1.113341e+00 -1.532089e+00
   endloop
 endfacet
 facet normal  3.924085e-01 -6.796715e-01  6.197276e-01
   outer loop
     vertex  2.887659e+00  1.326828e+00 -1.000000e+00
     vertex  3.358212e+00  1.113341e+00 -1.532089e+00
     vertex  3.408604e+00  1.627595e+00 -1.000000e+00
   endloop
 endfacet
 facet normal -9.876272e-01 -5.350692e-02 -1.474095e-01
   outer loop
     vertex  5.940693e+00  3.420201e-01  3.472964e-01
     vertex  5.999500e+00 -9.794726e-16  7.743869e-02
     vertex  5.935011e+00 -4.736960e-16  5.095128e-01
   endloop
 endfacet
 facet normal -9.895321e-01 -8.197914e-02 -1.187673e-01
   outer loop
     vertex  5.940693e+00  3.420201e-01  3.472964e-01
     vertex  5.999500e+00  5.135135e-02  5.796369e-02
     vertex  5.999500e+00  3.598755e-02  6.856856e-02
   endloop
 endfacet
 facet normal -9.875465e-01 -5.578917e-02 -1.471040e-01
   outer loop
     vertex  5.940693e+00  3.420201e-01  3.472964e-01
     vertex  5.999500e+00  3.598755e-02  6.856856e-02
     vertex  5.999500e+00  1.853229e-02  7.518846e-02
   endloop
 endfacet
 facet normal -9.823804e-01 -2.252740e-02 -1.855298e-01
   outer loop
     vertex  5.940693e+00  3.420201e-01  3.472964e-01
     vertex  5.999500e+00  1.853229e-02  7.518846e-02
     vertex  5.999500e+00 -9.794726e-16  7.743869e-02
   endloop
 endfacet
 facet normal  4.638237e-01  1.688180e-01  8.696942e-01
   outer loop
     vertex  2.792954e+00 -4.396926e-01 -1.532089e+00
     vertex  3.408604e+00 -3.420201e-01 -1.879385e+00
     vertex  3.327352e+00 -1.187823e-01 -1.879385e+00
   endloop
 endfacet
 facet normal  5.046414e-01  8.898189e-02  8.587312e-01
   outer loop
     vertex  2.792954e+00 -4.396926e-01 -1.532089e+00
     vertex  3.327352e+00 -1.187823e-01 -1.879385e+00
     vertex  2.715425e+00  1.574376e-16 -1.532089e+00
   endloop
 endfacet
 facet normal -1.609893e-01 -9.130157e-01  3.748130e-01
   outer loop
     vertex  4.343020e+00  1.939693e+00 -3.472964e-01
     vertex  4.001000e+00  1.732051e+00 -1.000000e+00
     vertex  4.593396e+00  1.627595e+00 -1.000000e+00
   endloop
 endfacet
 facet normal -3.259251e-01 -8.954718e-01  3.031551e-01
   outer loop
     vertex  4.343020e+00  1.939693e+00 -3.472964e-01
     vertex  4.593396e+00  1.627595e+00 -1.000000e+00
     vertex  4.985808e+00  1.705737e+00 -3.472964e-01
   endloop
 endfacet
 facet normal  3.060452e-02  1.735668e-01  9.843464e-01
   outer loop
     vertex  4.001000e+00 -6.840403e-01 -1.879385e+00
     vertex  4.001000e+00 -2.999520e-32 -2.000000e+00
     vertex  3.767044e+00 -6.427876e-01 -1.879385e+00
   endloop
 endfacet
 facet normal  6.012047e-01 -5.044706e-01  6.197276e-01
   outer loop
     vertex  2.501000e+00  8.660254e-01 -1.000000e+00
     vertex  3.016192e+00  8.263518e-01 -1.532089e+00
     vertex  2.887659e+00  1.326828e+00 -1.000000e+00
   endloop
 endfacet
 facet normal  6.514904e-01 -3.761382e-01  6.588477e-01
   outer loop
     vertex  2.501000e+00  8.660254e-01 -1.000000e+00
     vertex  2.792954e+00  4.396926e-01 -1.532089e+00
     vertex  3.016192e+00  8.263518e-01 -1.532089e+00
   endloop
 endfacet
 facet normal -9.517449e-01 -3.068901e-01  2.443319e-15
   outer loop
     vertex  5.706737e+00  9.848078e-01  3.472964e-01
     vertex  5.999500e+00  7.687408e-02 -9.334203e-03
     vertex  5.999500e+00  7.687408e-02  9.334203e-03
   endloop
 endfacet
 facet normal -9.567155e-01 -2.825681e-01 -6.964678e-02
   outer loop
     vertex  5.706737e+00  9.848078e-01  3.472964e-01
     vertex  5.999500e+00  7.687408e-02  9.334203e-03
     vertex  5.999500e+00  7.240643e-02  2.746014e-02
   endloop
 endfacet
 facet normal -9.562142e-01 -2.591443e-01 -1.360094e-01
   outer loop
     vertex  5.706737e+00  9.848078e-01  3.472964e-01
     vertex  5.999500e+00  7.240643e-02  2.746014e-02
     vertex  5.999500e+00  6.373079e-02  4.399019e-02
   endloop
 endfacet
 facet normal -9.499846e-01 -2.337574e-01 -2.070910e-01
   outer loop
     vertex  5.706737e+00  9.848078e-01  3.472964e-01
     vertex  5.999500e+00  6.373079e-02  4.399019e-02
     vertex  5.999500e+00  5.135135e-02  5.796369e-02
   endloop
 endfacet
 facet normal -7.502977e-01 -2.730860e-01 -6.020609e-01
   outer loop
     vertex  5.706737e+00  9.848078e-01  3.472964e-01
     vertex  5.940693e+00  3.420201e-01  3.472964e-01
     vertex  5.935011e+00 -4.736960e-16  5.095128e-01
   endloop
 endfacet
 facet normal -9.294774e-01 -3.478892e-01  1.226579e-01
   outer loop
     vertex  5.706737e+00  9.848078e-01  3.472964e-01
     vertex  5.509813e+00  1.266044e+00 -3.472964e-01
     vertex  5.999500e+00  7.687408e-02 -9.334203e-03
   endloop
 endfacet
 facet normal -9.289382e-01 -3.381059e-01  1.508581e-01
   outer loop
     vertex  5.706737e+00  9.848078e-01  3.472964e-01
     vertex  5.999500e+00  5.135135e-02  5.796369e-02
     vertex  5.940693e+00  3.420201e-01  3.472964e-01
   endloop
 endfacet
 facet normal  4.437742e-01  2.562131e-01  8.587312e-01
   outer loop
     vertex  3.016192e+00 -8.263518e-01 -1.532089e+00
     vertex  3.408604e+00 -3.420201e-01 -1.879385e+00
     vertex  2.792954e+00 -4.396926e-01 -1.532089e+00
   endloop
 endfacet
 facet normal  3.781126e-01  3.172741e-01  8.696942e-01
   outer loop
     vertex  3.016192e+00 -8.263518e-01 -1.532089e+00
     vertex  3.561307e+00 -5.240053e-01 -1.879385e+00
     vertex  3.408604e+00 -3.420201e-01 -1.879385e+00
   endloop
 endfacet
 facet normal  0.000000e+00 -9.529412e-01  3.031551e-01
   outer loop
     vertex  3.658980e+00  1.939693e+00 -3.472964e-01
     vertex  4.001000e+00  1.732051e+00 -1.000000e+00
     vertex  4.343020e+00  1.939693e+00 -3.472964e-01
   endloop
 endfacet
 facet normal  1.609893e-01 -9.130157e-01  3.748130e-01
   outer loop
     vertex  3.658980e+00  1.939693e+00 -3.472964e-01
     vertex  3.408604e+00  1.627595e+00 -1.000000e+00
     vertex  4.001000e+00  1.732051e+00 -1.000000e+00
   endloop
 endfacet
 facet normal -3.060452e-02  1.735668e-01  9.843464e-01
   outer loop
     vertex  4.234956e+00 -6.427876e-01 -1.879385e+00
     vertex  4.001000e+00 -2.999520e-32 -2.000000e+00
     vertex  4.001000e+00 -6.840403e-01 -1.879385e+00
   endloop
 endfacet
 facet normal  7.374867e-01 -2.684232e-01  6.197276e-01
   outer loop
     vertex  2.295263e+00  3.007675e-01 -1.000000e+00
     vertex  2.792954e+00  4.396926e-01 -1.532089e+00
     vertex  2.501000e+00  8.660254e-01 -1.000000e+00
   endloop
 endfacet
 facet normal  7.408476e-01 -1.306314e-01  6.588477e-01
   outer loop
     vertex  2.295263e+00  3.007675e-01 -1.000000e+00
     vertex  2.715425e+00  1.574376e-16 -1.532089e+00
     vertex  2.792954e+00  4.396926e-01 -1.532089e+00
   endloop
 endfacet
 facet normal -7.653346e-01 -6.421920e-01 -4.303984e-02
   outer loop
     vertex  5.267044e+00  1.508813e+00  3.472964e-01
     vertex  5.509813e+00  1.266044e+00 -3.472964e-01
     vertex  5.706737e+00  9.848078e-01  3.472964e-01
   endloop
 endfacet
 facet normal -6.421920e-01 -7.653346e-01  4.303984e-02
   outer loop
     vertex  5.267044e+00  1.508813e+00  3.472964e-01
     vertex  4.985808e+00  1.705737e+00 -3.472964e-01
     vertex  5.509813e+00  1.266044e+00 -3.472964e-01
   endloop
 endfacet
 facet normal  3.293813e-01  3.925413e-01  8.587312e-01
   outer loop
     vertex  3.358212e+00 -1.113341e+00 -1.532089e+00
     vertex  3.561307e+00 -5.240053e-01 -1.879385e+00
     vertex  3.016192e+00 -8.263518e-01 -1.532089e+00
   endloop
 endfacet
 facet normal  2.467955e-01  4.274623e-01  8.696942e-01
   outer loop
     vertex  3.358212e+00 -1.113341e+00 -1.532089e+00
     vertex  3.767044e+00 -6.427876e-01 -1.879385e+00
     vertex  3.561307e+00 -5.240053e-01 -1.879385e+00
   endloop
 endfacet
 facet normal  4.635502e-01 -8.028925e-01  3.748130e-01
   outer loop
     vertex  3.016192e+00  1.705737e+00 -3.472964e-01
     vertex  2.887659e+00  1.326828e+00 -1.000000e+00
     vertex  3.408604e+00  1.627595e+00 -1.000000e+00
   endloop
 endfacet
 facet normal  3.259251e-01 -8.954718e-01  3.031551e-01
   outer loop
     vertex  3.016192e+00  1.705737e+00 -3.472964e-01
     vertex  3.408604e+00  1.627595e+00 -1.000000e+00
     vertex  3.658980e+00  1.939693e+00 -3.472964e-01
   endloop
 endfacet
 facet normal -8.812219e-02  1.526321e-01  9.843464e-01
   outer loop
     vertex  4.440693e+00 -5.240053e-01 -1.879385e+00
     vertex  4.001000e+00 -2.999520e-32 -2.000000e+00
     vertex  4.234956e+00 -6.427876e-01 -1.879385e+00
   endloop
 endfacet
 facet normal  7.848170e-01 -0.000000e+00  6.197276e-01
   outer loop
     vertex  2.295263e+00 -3.007675e-01 -1.000000e+00
     vertex  2.715425e+00  1.574376e-16 -1.532089e+00
     vertex  2.295263e+00  3.007675e-01 -1.000000e+00
   endloop
 endfacet
 facet normal  7.408476e-01  1.306314e-01  6.588477e-01
   outer loop
     vertex  2.295263e+00 -3.007675e-01 -1.000000e+00
     vertex  2.792954e+00 -4.396926e-01 -1.532089e+00
     vertex  2.715425e+00  1.574376e-16 -1.532089e+00
   endloop
 endfacet
 facet normal -4.995367e-01 -8.652229e-01 -4.303984e-02
   outer loop
     vertex  4.674648e+00  1.850833e+00  3.472964e-01
     vertex  4.985808e+00  1.705737e+00 -3.472964e-01
     vertex  5.267044e+00  1.508813e+00  3.472964e-01
   endloop
 endfacet
 facet normal -3.417032e-01 -9.388219e-01  4.303984e-02
   outer loop
     vertex  4.674648e+00  1.850833e+00  3.472964e-01
     vertex  4.343020e+00  1.939693e+00 -3.472964e-01
     vertex  4.985808e+00  1.705737e+00 -3.472964e-01
   endloop
 endfacet
 facet normal  8.571116e-02  4.860922e-01  8.696942e-01
   outer loop
     vertex  3.777762e+00 -1.266044e+00 -1.532089e+00
     vertex  4.001000e+00 -6.840403e-01 -1.879385e+00
     vertex  3.767044e+00 -6.427876e-01 -1.879385e+00
   endloop
 endfacet
 facet normal  1.752601e-01  4.815232e-01  8.587312e-01
   outer loop
     vertex  3.777762e+00 -1.266044e+00 -1.532089e+00
     vertex  3.767044e+00 -6.427876e-01 -1.879385e+00
     vertex  3.358212e+00 -1.113341e+00 -1.532089e+00
   endloop
 endfacet
 facet normal  7.102001e-01 -5.959287e-01  3.748130e-01
   outer loop
     vertex  2.492187e+00  1.266044e+00 -3.472964e-01
     vertex  2.501000e+00  8.660254e-01 -1.000000e+00
     vertex  2.887659e+00  1.326828e+00 -1.000000e+00
   endloop
 endfacet
 facet normal  6.125388e-01 -7.299953e-01  3.031551e-01
   outer loop
     vertex  2.492187e+00  1.266044e+00 -3.472964e-01
     vertex  2.887659e+00  1.326828e+00 -1.000000e+00
     vertex  3.016192e+00  1.705737e+00 -3.472964e-01
   endloop
 endfacet
 facet normal -9.282295e-01 -2.591250e-01 -2.669160e-01
   outer loop
     vertex  5.628595e+00  5.923963e-01  1.000000e+00
     vertex  5.706737e+00  9.848078e-01  3.472964e-01
     vertex  5.935011e+00 -4.736960e-16  5.095128e-01
   endloop
 endfacet
 facet normal -9.177109e-01 -1.825638e-01 -3.528133e-01
   outer loop
     vertex  5.628595e+00  5.923963e-01  1.000000e+00
     vertex  5.935011e+00 -4.736960e-16  5.095128e-01
     vertex  5.778246e+00 -4.352997e-16  9.172772e-01
   endloop
 endfacet
 facet normal -8.259146e-01 -1.321043e-01 -5.481000e-01
   outer loop
     vertex  5.628595e+00  5.923963e-01  1.000000e+00
     vertex  5.778246e+00 -4.352997e-16  9.172772e-01
     vertex  5.536686e+00 -3.761345e-16  1.281277e+00
   endloop
 endfacet
 facet normal -1.078201e-01  1.593171e-01  9.813220e-01
   outer loop
     vertex  4.593396e+00 -3.420201e-01 -1.879385e+00
     vertex  4.435247e+00 -1.063599e-16 -1.952288e+00
     vertex  4.001000e+00 -2.999520e-32 -2.000000e+00
   endloop
 endfacet
 facet normal -1.350110e-01  1.132877e-01  9.843464e-01
   outer loop
     vertex  4.593396e+00 -3.420201e-01 -1.879385e+00
     vertex  4.001000e+00 -2.999520e-32 -2.000000e+00
     vertex  4.440693e+00 -5.240053e-01 -1.879385e+00
   endloop
 endfacet
 facet normal  7.374867e-01  2.684232e-01  6.197276e-01
   outer loop
     vertex  2.501000e+00 -8.660254e-01 -1.000000e+00
     vertex  2.792954e+00 -4.396926e-01 -1.532089e+00
     vertex  2.295263e+00 -3.007675e-01 -1.000000e+00
   endloop
 endfacet
 facet normal  6.514904e-01  3.761382e-01  6.588477e-01
   outer loop
     vertex  2.501000e+00 -8.660254e-01 -1.000000e+00
     vertex  3.016192e+00 -8.263518e-01 -1.532089e+00
     vertex  2.792954e+00 -4.396926e-01 -1.532089e+00
   endloop
 endfacet
 facet normal  5.291043e-20 -9.990734e-01  4.303984e-02
   outer loop
     vertex  4.001000e+00  1.969616e+00  3.472964e-01
     vertex  3.658980e+00  1.939693e+00 -3.472964e-01
     vertex  4.343020e+00  1.939693e+00 -3.472964e-01
   endloop
 endfacet
 facet normal -1.734873e-01 -9.838952e-01 -4.303984e-02
   outer loop
     vertex  4.001000e+00  1.969616e+00  3.472964e-01
     vertex  4.343020e+00  1.939693e+00 -3.472964e-01
     vertex  4.674648e+00  1.850833e+00  3.472964e-01
   endloop
 endfacet
 facet normal -8.571116e-02  4.860922e-01  8.696942e-01
   outer loop
     vertex  4.224238e+00 -1.266044e+00 -1.532089e+00
     vertex  4.234956e+00 -6.427876e-01 -1.879385e+00
     vertex  4.001000e+00 -6.840403e-01 -1.879385e+00
   endloop
 endfacet
 facet normal  5.096874e-16  5.124263e-01  8.587312e-01
   outer loop
     vertex  4.224238e+00 -1.266044e+00 -1.532089e+00
     vertex  4.001000e+00 -6.840403e-01 -1.879385e+00
     vertex  3.777762e+00 -1.266044e+00 -1.532089e+00
   endloop
 endfacet
 facet normal  8.711894e-01 -3.170870e-01  3.748130e-01
   outer loop
     vertex  2.150167e+00  6.736482e-01 -3.472964e-01
     vertex  2.295263e+00  3.007675e-01 -1.000000e+00
     vertex  2.501000e+00  8.660254e-01 -1.000000e+00
   endloop
 endfacet
 facet normal  8.252713e-01 -4.764706e-01  3.031551e-01
   outer loop
     vertex  2.150167e+00  6.736482e-01 -3.472964e-01
     vertex  2.501000e+00  8.660254e-01 -1.000000e+00
     vertex  2.492187e+00  1.266044e+00 -3.472964e-01
   endloop
 endfacet
 facet normal -7.299953e-01 -6.125388e-01 -3.031551e-01
   outer loop
     vertex  5.327828e+00  1.113341e+00  1.000000e+00
     vertex  5.267044e+00  1.508813e+00  3.472964e-01
     vertex  5.706737e+00  9.848078e-01  3.472964e-01
   endloop
 endfacet
 facet normal -5.189430e-01 -2.996119e-01 -8.005816e-01
   outer loop
     vertex  5.327828e+00  1.113341e+00  1.000000e+00
     vertex  5.628595e+00  5.923963e-01  1.000000e+00
     vertex  5.536686e+00 -3.761345e-16  1.281277e+00
   endloop
 endfacet
 facet normal -8.028925e-01 -4.635502e-01 -3.748130e-01
   outer loop
     vertex  5.327828e+00  1.113341e+00  1.000000e+00
     vertex  5.706737e+00  9.848078e-01  3.472964e-01
     vertex  5.628595e+00  5.923963e-01  1.000000e+00
   endloop
 endfacet
 facet normal -3.216722e-01 -6.871732e-02  9.443542e-01
   outer loop
     vertex  4.674648e+00 -1.187823e-01 -1.879385e+00
     vertex  4.848776e+00 -2.076451e-16 -1.811429e+00
     vertex  4.435247e+00 -1.063599e-16 -1.952288e+00
   endloop
 endfacet
 facet normal -2.487403e-01  9.053407e-02  9.643297e-01
   outer loop
     vertex  4.674648e+00 -1.187823e-01 -1.879385e+00
     vertex  4.435247e+00 -1.063599e-16 -1.952288e+00
     vertex  4.593396e+00 -3.420201e-01 -1.879385e+00
   endloop
 endfacet
 facet normal -4.544240e-01  1.653968e-01  8.752958e-01
   outer loop
     vertex  4.674648e+00 -1.187823e-01 -1.879385e+00
     vertex  4.593396e+00 -3.420201e-01 -1.879385e+00
     vertex  4.848776e+00 -2.076451e-16 -1.811429e+00
   endloop
 endfacet
 facet normal  4.835539e-01  5.762771e-01  6.588477e-01
   outer loop
     vertex  2.887659e+00 -1.326828e+00 -1.000000e+00
     vertex  3.358212e+00 -1.113341e+00 -1.532089e+00
     vertex  3.016192e+00 -8.263518e-01 -1.532089e+00
   endloop
 endfacet
 facet normal  6.012047e-01  5.044706e-01  6.197276e-01
   outer loop
     vertex  2.887659e+00 -1.326828e+00 -1.000000e+00
     vertex  3.016192e+00 -8.263518e-01 -1.532089e+00
     vertex  2.501000e+00 -8.660254e-01 -1.000000e+00
   endloop
 endfacet
 facet normal  3.417032e-01 -9.388219e-01  4.303984e-02
   outer loop
     vertex  3.327352e+00  1.850833e+00  3.472964e-01
     vertex  3.016192e+00  1.705737e+00 -3.472964e-01
     vertex  3.658980e+00  1.939693e+00 -3.472964e-01
   endloop
 endfacet
 facet normal  1.734873e-01 -9.838952e-01 -4.303984e-02
   outer loop
     vertex  3.327352e+00  1.850833e+00  3.472964e-01
     vertex  3.658980e+00  1.939693e+00 -3.472964e-01
     vertex  4.001000e+00  1.969616e+00  3.472964e-01
   endloop
 endfacet
 facet normal -2.467955e-01  4.274623e-01  8.696942e-01
   outer loop
     vertex  4.643788e+00 -1.113341e+00 -1.532089e+00
     vertex  4.440693e+00 -5.240053e-01 -1.879385e+00
     vertex  4.234956e+00 -6.427876e-01 -1.879385e+00
   endloop
 endfacet
 facet normal -1.752601e-01  4.815232e-01  8.587312e-01
   outer loop
     vertex  4.643788e+00 -1.113341e+00 -1.532089e+00
     vertex  4.234956e+00 -6.427876e-01 -1.879385e+00
     vertex  4.224238e+00 -1.266044e+00 -1.532089e+00
   endloop
 endfacet
 facet normal  9.271004e-01 -9.658308e-18  3.748130e-01
   outer loop
     vertex  2.031384e+00  2.412083e-16 -3.472964e-01
     vertex  2.295263e+00 -3.007675e-01 -1.000000e+00
     vertex  2.295263e+00  3.007675e-01 -1.000000e+00
   endloop
 endfacet
 facet normal  9.384639e-01 -1.654765e-01  3.031551e-01
   outer loop
     vertex  2.031384e+00  2.412083e-16 -3.472964e-01
     vertex  2.295263e+00  3.007675e-01 -1.000000e+00
     vertex  2.150167e+00  6.736482e-01 -3.472964e-01
   endloop
 endfacet
 facet normal -5.959287e-01 -7.102001e-01 -3.748130e-01
   outer loop
     vertex  4.867025e+00  1.500000e+00  1.000000e+00
     vertex  5.267044e+00  1.508813e+00  3.472964e-01
     vertex  5.327828e+00  1.113341e+00  1.000000e+00
   endloop
 endfacet
 facet normal -4.764706e-01 -8.252713e-01 -3.031551e-01
   outer loop
     vertex  4.867025e+00  1.500000e+00  1.000000e+00
     vertex  4.674648e+00  1.850833e+00  3.472964e-01
     vertex  5.267044e+00  1.508813e+00  3.472964e-01
   endloop
 endfacet
 facet normal  2.572937e-01  7.069085e-01  6.588477e-01
   outer loop
     vertex  3.408604e+00 -1.627595e+00 -1.000000e+00
     vertex  3.777762e+00 -1.266044e+00 -1.532089e+00
     vertex  3.358212e+00 -1.113341e+00 -1.532089e+00
   endloop
 endfacet
 facet normal  3.924085e-01  6.796715e-01  6.197276e-01
   outer loop
     vertex  3.408604e+00 -1.627595e+00 -1.000000e+00
     vertex  3.358212e+00 -1.113341e+00 -1.532089e+00
     vertex  2.887659e+00 -1.326828e+00 -1.000000e+00
   endloop
 endfacet
 facet normal  4.995367e-01 -8.652229e-01 -4.303984e-02
   outer loop
     vertex  2.734956e+00  1.508813e+00  3.472964e-01
     vertex  3.016192e+00  1.705737e+00 -3.472964e-01
     vertex  3.327352e+00  1.850833e+00  3.472964e-01
   endloop
 endfacet
 facet normal  6.421920e-01 -7.653346e-01  4.303984e-02
   outer loop
     vertex  2.734956e+00  1.508813e+00  3.472964e-01
     vertex  2.492187e+00  1.266044e+00 -3.472964e-01
     vertex  3.016192e+00  1.705737e+00 -3.472964e-01
   endloop
 endfacet
 facet normal -6.930163e-01 -2.769761e-02 -7.203896e-01
   outer loop
     vertex  5.267044e+00  2.232378e-01  1.532089e+00
     vertex  5.536686e+00 -3.761345e-16  1.281277e+00
     vertex  5.221855e+00 -2.990233e-16  1.584144e+00
   endloop
 endfacet
 facet normal -3.781126e-01  3.172741e-01  8.696942e-01
   outer loop
     vertex  4.985808e+00 -8.263518e-01 -1.532089e+00
     vertex  4.593396e+00 -3.420201e-01 -1.879385e+00
     vertex  4.440693e+00 -5.240053e-01 -1.879385e+00
   endloop
 endfacet
 facet normal -3.293813e-01  3.925413e-01  8.587312e-01
   outer loop
     vertex  4.985808e+00 -8.263518e-01 -1.532089e+00
     vertex  4.440693e+00 -5.240053e-01 -1.879385e+00
     vertex  4.643788e+00 -1.113341e+00 -1.532089e+00
   endloop
 endfacet
 facet normal  8.711894e-01  3.170870e-01  3.748130e-01
   outer loop
     vertex  2.150167e+00 -6.736482e-01 -3.472964e-01
     vertex  2.501000e+00 -8.660254e-01 -1.000000e+00
     vertex  2.295263e+00 -3.007675e-01 -1.000000e+00
   endloop
 endfacet
 facet normal  9.384639e-01  1.654765e-01  3.031551e-01
   outer loop
     vertex  2.150167e+00 -6.736482e-01 -3.472964e-01
     vertex  2.295263e+00 -3.007675e-01 -1.000000e+00
     vertex  2.031384e+00  2.412083e-16 -3.472964e-01
   endloop
 endfacet
 facet normal -1.654765e-01 -9.384639e-01 -3.031551e-01
   outer loop
     vertex  4.301767e+00  1.705737e+00  1.000000e+00
     vertex  4.001000e+00  1.969616e+00  3.472964e-01
     vertex  4.674648e+00  1.850833e+00  3.472964e-01
   endloop
 endfacet
 facet normal -3.170870e-01 -8.711894e-01 -3.748130e-01
   outer loop
     vertex  4.301767e+00  1.705737e+00  1.000000e+00
     vertex  4.674648e+00  1.850833e+00  3.472964e-01
     vertex  4.867025e+00  1.500000e+00  1.000000e+00
   endloop
 endfacet
 facet normal  7.046472e-16  7.522763e-01  6.588477e-01
   outer loop
     vertex  4.001000e+00 -1.732051e+00 -1.000000e+00
     vertex  4.224238e+00 -1.266044e+00 -1.532089e+00
     vertex  3.777762e+00 -1.266044e+00 -1.532089e+00
   endloop
 endfacet
 facet normal  1.362820e-01  7.728939e-01  6.197276e-01
   outer loop
     vertex  4.001000e+00 -1.732051e+00 -1.000000e+00
     vertex  3.777762e+00 -1.266044e+00 -1.532089e+00
     vertex  3.408604e+00 -1.627595e+00 -1.000000e+00
   endloop
 endfacet
 facet normal  8.652229e-01 -4.995367e-01  4.303984e-02
   outer loop
     vertex  2.295263e+00  9.848078e-01  3.472964e-01
     vertex  2.150167e+00  6.736482e-01 -3.472964e-01
     vertex  2.492187e+00  1.266044e+00 -3.472964e-01
   endloop
 endfacet
 facet normal  7.653346e-01 -6.421920e-01 -4.303984e-02
   outer loop
     vertex  2.295263e+00  9.848078e-01  3.472964e-01
     vertex  2.492187e+00  1.266044e+00 -3.472964e-01
     vertex  2.734956e+00  1.508813e+00  3.472964e-01
   endloop
 endfacet
 facet normal -5.140382e-01 -1.543112e-01 -8.437729e-01
   outer loop
     vertex  5.114341e+00  6.427876e-01  1.532089e+00
     vertex  5.221855e+00 -2.990233e-16  1.584144e+00
     vertex  4.848776e+00 -2.076451e-16  1.811429e+00
   endloop
 endfacet
 facet normal -7.677217e-01 -2.794279e-01 -5.766484e-01
   outer loop
     vertex  5.114341e+00  6.427876e-01  1.532089e+00
     vertex  5.536686e+00 -3.761345e-16  1.281277e+00
     vertex  5.267044e+00  2.232378e-01  1.532089e+00
   endloop
 endfacet
 facet normal -3.770924e-01 -1.372504e-01 -9.159496e-01
   outer loop
     vertex  5.114341e+00  6.427876e-01  1.532089e+00
     vertex  5.267044e+00  2.232378e-01  1.532089e+00
     vertex  5.221855e+00 -2.990233e-16  1.584144e+00
   endloop
 endfacet
 facet normal -7.734116e-01 -2.877842e-01 -5.648139e-01
   outer loop
     vertex  5.114341e+00  6.427876e-01  1.532089e+00
     vertex  5.327828e+00  1.113341e+00  1.000000e+00
     vertex  5.536686e+00 -3.761345e-16  1.281277e+00
   endloop
 endfacet
 facet normal -4.437742e-01  2.562131e-01  8.587312e-01
   outer loop
     vertex  5.209046e+00 -4.396926e-01 -1.532089e+00
     vertex  4.593396e+00 -3.420201e-01 -1.879385e+00
     vertex  4.985808e+00 -8.263518e-01 -1.532089e+00
   endloop
 endfacet
 facet normal -8.392186e-01  4.845231e-01  2.468794e-01
   outer loop
     vertex  5.209046e+00 -4.396926e-01 -1.532089e+00
     vertex  4.985808e+00 -8.263518e-01 -1.532089e+00
     vertex  5.536686e+00 -3.761345e-16 -1.281277e+00
   endloop
 endfacet
 facet normal -5.167889e-01  1.154846e-01  8.482880e-01
   outer loop
     vertex  5.209046e+00 -4.396926e-01 -1.532089e+00
     vertex  5.221855e+00 -2.990233e-16 -1.584144e+00
     vertex  4.848776e+00 -2.076451e-16 -1.811429e+00
   endloop
 endfacet
 facet normal -6.894548e-01  1.049347e-01  7.166874e-01
   outer loop
     vertex  5.209046e+00 -4.396926e-01 -1.532089e+00
     vertex  5.536686e+00 -3.761345e-16 -1.281277e+00
     vertex  5.221855e+00 -2.990233e-16 -1.584144e+00
   endloop
 endfacet
 facet normal -4.629657e-01  1.729586e-01  8.693377e-01
   outer loop
     vertex  5.209046e+00 -4.396926e-01 -1.532089e+00
     vertex  4.848776e+00 -2.076451e-16 -1.811429e+00
     vertex  4.593396e+00 -3.420201e-01 -1.879385e+00
   endloop
 endfacet
 facet normal  8.252713e-01  4.764706e-01  3.031551e-01
   outer loop
     vertex  2.492187e+00 -1.266044e+00 -3.472964e-01
     vertex  2.501000e+00 -8.660254e-01 -1.000000e+00
     vertex  2.150167e+00 -6.736482e-01 -3.472964e-01
   endloop
 endfacet
 facet normal  7.102001e-01  5.959287e-01  3.748130e-01
   outer loop
     vertex  2.492187e+00 -1.266044e+00 -3.472964e-01
     vertex  2.887659e+00 -1.326828e+00 -1.000000e+00
     vertex  2.501000e+00 -8.660254e-01 -1.000000e+00
   endloop
 endfacet
 facet normal  0.000000e+00 -9.271004e-01 -3.748130e-01
   outer loop
     vertex  3.700233e+00  1.705737e+00  1.000000e+00
     vertex  4.001000e+00  1.969616e+00  3.472964e-01
     vertex  4.301767e+00  1.705737e+00  1.000000e+00
   endloop
 endfacet
 facet normal  1.654765e-01 -9.384639e-01 -3.031551e-01
   outer loop
     vertex  3.700233e+00  1.705737e+00  1.000000e+00
     vertex  3.327352e+00  1.850833e+00  3.472964e-01
     vertex  4.001000e+00  1.969616e+00  3.472964e-01
   endloop
 endfacet
 facet normal -1.362820e-01  7.728939e-01  6.197276e-01
   outer loop
     vertex  4.593396e+00 -1.627595e+00 -1.000000e+00
     vertex  4.224238e+00 -1.266044e+00 -1.532089e+00
     vertex  4.001000e+00 -1.732051e+00 -1.000000e+00
   endloop
 endfacet
 facet normal -2.572937e-01  7.069085e-01  6.588477e-01
   outer loop
     vertex  4.593396e+00 -1.627595e+00 -1.000000e+00
     vertex  4.643788e+00 -1.113341e+00 -1.532089e+00
     vertex  4.224238e+00 -1.266044e+00 -1.532089e+00
   endloop
 endfacet
 facet normal  9.388219e-01 -3.417032e-01 -4.303984e-02
   outer loop
     vertex  2.061307e+00  3.420201e-01  3.472964e-01
     vertex  2.150167e+00  6.736482e-01 -3.472964e-01
     vertex  2.295263e+00  9.848078e-01  3.472964e-01
   endloop
 endfacet
 facet normal  9.838952e-01 -1.734873e-01  4.303984e-02
   outer loop
     vertex  2.061307e+00  3.420201e-01  3.472964e-01
     vertex  2.031384e+00  2.412083e-16 -3.472964e-01
     vertex  2.150167e+00  6.736482e-01 -3.472964e-01
   endloop
 endfacet
 facet normal -5.762771e-01 -4.835539e-01 -6.588477e-01
   outer loop
     vertex  4.827352e+00  9.848078e-01  1.532089e+00
     vertex  5.327828e+00  1.113341e+00  1.000000e+00
     vertex  5.114341e+00  6.427876e-01  1.532089e+00
   endloop
 endfacet
 facet normal -5.044706e-01 -6.012047e-01 -6.197276e-01
   outer loop
     vertex  4.827352e+00  9.848078e-01  1.532089e+00
     vertex  4.867025e+00  1.500000e+00  1.000000e+00
     vertex  5.327828e+00  1.113341e+00  1.000000e+00
   endloop
 endfacet
 facet normal  6.125388e-01  7.299953e-01  3.031551e-01
   outer loop
     vertex  3.016192e+00 -1.705737e+00 -3.472964e-01
     vertex  2.887659e+00 -1.326828e+00 -1.000000e+00
     vertex  2.492187e+00 -1.266044e+00 -3.472964e-01
   endloop
 endfacet
 facet normal  4.635502e-01  8.028925e-01  3.748130e-01
   outer loop
     vertex  3.016192e+00 -1.705737e+00 -3.472964e-01
     vertex  3.408604e+00 -1.627595e+00 -1.000000e+00
     vertex  2.887659e+00 -1.326828e+00 -1.000000e+00
   endloop
 endfacet
 facet normal  3.170870e-01 -8.711894e-01 -3.748130e-01
   outer loop
     vertex  3.134975e+00  1.500000e+00  1.000000e+00
     vertex  3.327352e+00  1.850833e+00  3.472964e-01
     vertex  3.700233e+00  1.705737e+00  1.000000e+00
   endloop
 endfacet
 facet normal  4.764706e-01 -8.252713e-01 -3.031551e-01
   outer loop
     vertex  3.134975e+00  1.500000e+00  1.000000e+00
     vertex  2.734956e+00  1.508813e+00  3.472964e-01
     vertex  3.327352e+00  1.850833e+00  3.472964e-01
   endloop
 endfacet
 facet normal -4.835539e-01  5.762771e-01  6.588477e-01
   outer loop
     vertex  5.114341e+00 -1.326828e+00 -1.000000e+00
     vertex  4.985808e+00 -8.263518e-01 -1.532089e+00
     vertex  4.643788e+00 -1.113341e+00 -1.532089e+00
   endloop
 endfacet
 facet normal -3.924085e-01  6.796715e-01  6.197276e-01
   outer loop
     vertex  5.114341e+00 -1.326828e+00 -1.000000e+00
     vertex  4.643788e+00 -1.113341e+00 -1.532089e+00
     vertex  4.593396e+00 -1.627595e+00 -1.000000e+00
   endloop
 endfacet
 facet normal  9.990734e-01  0.000000e+00 -4.303984e-02
   outer loop
     vertex  2.061307e+00 -3.420201e-01  3.472964e-01
     vertex  2.031384e+00  2.412083e-16 -3.472964e-01
     vertex  2.061307e+00  3.420201e-01  3.472964e-01
   endloop
 endfacet
 facet normal  9.838952e-01  1.734873e-01  4.303984e-02
   outer loop
     vertex  2.061307e+00 -3.420201e-01  3.472964e-01
     vertex  2.150167e+00 -6.736482e-01 -3.472964e-01
     vertex  2.031384e+00  2.412083e-16 -3.472964e-01
   endloop
 endfacet
 facet normal -3.761382e-01 -6.514904e-01 -6.588477e-01
   outer loop
     vertex  4.440693e+00  1.208046e+00  1.532089e+00
     vertex  4.867025e+00  1.500000e+00  1.000000e+00
     vertex  4.827352e+00  9.848078e-01  1.532089e+00
   endloop
 endfacet
 facet normal -2.684232e-01 -7.374867e-01 -6.197276e-01
   outer loop
     vertex  4.440693e+00  1.208046e+00  1.532089e+00
     vertex  4.301767e+00  1.705737e+00  1.000000e+00
     vertex  4.867025e+00  1.500000e+00  1.000000e+00
   endloop
 endfacet
 facet normal  3.259251e-01  8.954718e-01  3.031551e-01
   outer loop
     vertex  3.658980e+00 -1.939693e+00 -3.472964e-01
     vertex  3.408604e+00 -1.627595e+00 -1.000000e+00
     vertex  3.016192e+00 -1.705737e+00 -3.472964e-01
   endloop
 endfacet
 facet normal  1.609893e-01  9.130157e-01  3.748130e-01
   outer loop
     vertex  3.658980e+00 -1.939693e+00 -3.472964e-01
     vertex  4.001000e+00 -1.732051e+00 -1.000000e+00
     vertex  3.408604e+00 -1.627595e+00 -1.000000e+00
   endloop
 endfacet
 facet normal  5.959287e-01 -7.102001e-01 -3.748130e-01
   outer loop
     vertex  2.674172e+00  1.113341e+00  1.000000e+00
     vertex  2.734956e+00  1.508813e+00  3.472964e-01
     vertex  3.134975e+00  1.500000e+00  1.000000e+00
   endloop
 endfacet
 facet normal  7.299953e-01 -6.125388e-01 -3.031551e-01
   outer loop
     vertex  2.674172e+00  1.113341e+00  1.000000e+00
     vertex  2.295263e+00  9.848078e-01  3.472964e-01
     vertex  2.734956e+00  1.508813e+00  3.472964e-01
   endloop
 endfacet
 facet normal -4.827120e-01 -1.736096e-01 -8.583990e-01
   outer loop
     vertex  4.643788e+00  2.339556e-01  1.879385e+00
     vertex  5.114341e+00  6.427876e-01  1.532089e+00
     vertex  4.848776e+00 -2.076451e-16  1.811429e+00
   endloop
 endfacet
 facet normal -3.224252e-01 -7.560043e-03 -9.465648e-01
   outer loop
     vertex  4.643788e+00  2.339556e-01  1.879385e+00
     vertex  4.848776e+00 -2.076451e-16  1.811429e+00
     vertex  4.435247e+00 -1.063599e-16  1.952288e+00
   endloop
 endfacet
 facet normal -6.861986e-01  2.501262e-01  6.830581e-01
   outer loop
     vertex  5.501000e+00 -8.660254e-01 -1.000000e+00
     vertex  5.536686e+00 -3.761345e-16 -1.281277e+00
     vertex  4.985808e+00 -8.263518e-01 -1.532089e+00
   endloop
 endfacet
 facet normal -9.023579e-01  2.557402e-01  3.469109e-01
   outer loop
     vertex  5.501000e+00 -8.660254e-01 -1.000000e+00
     vertex  5.935011e+00 -4.736960e-16 -5.095128e-01
     vertex  5.778246e+00 -4.352997e-16 -9.172772e-01
   endloop
 endfacet
 facet normal -6.012047e-01  5.044706e-01  6.197276e-01
   outer loop
     vertex  5.501000e+00 -8.660254e-01 -1.000000e+00
     vertex  4.985808e+00 -8.263518e-01 -1.532089e+00
     vertex  5.114341e+00 -1.326828e+00 -1.000000e+00
   endloop
 endfacet
 facet normal  9.388219e-01  3.417032e-01 -4.303984e-02
   outer loop
     vertex  2.295263e+00 -9.848078e-01  3.472964e-01
     vertex  2.150167e+00 -6.736482e-01 -3.472964e-01
     vertex  2.061307e+00 -3.420201e-01  3.472964e-01
   endloop
 endfacet
 facet normal  8.652229e-01  4.995367e-01  4.303984e-02
   outer loop
     vertex  2.295263e+00 -9.848078e-01  3.472964e-01
     vertex  2.492187e+00 -1.266044e+00 -3.472964e-01
     vertex  2.150167e+00 -6.736482e-01 -3.472964e-01
   endloop
 endfacet
 facet normal -1.306314e-01 -7.408476e-01 -6.588477e-01
   outer loop
     vertex  4.001000e+00  1.285575e+00  1.532089e+00
     vertex  4.301767e+00  1.705737e+00  1.000000e+00
     vertex  4.440693e+00  1.208046e+00  1.532089e+00
   endloop
 endfacet
 facet normal -1.725361e-17 -7.848170e-01 -6.197276e-01
   outer loop
     vertex  4.001000e+00  1.285575e+00  1.532089e+00
     vertex  3.700233e+00  1.705737e+00  1.000000e+00
     vertex  4.301767e+00  1.705737e+00  1.000000e+00
   endloop
 endfacet
 facet normal -1.609893e-01  9.130157e-01  3.748130e-01
   outer loop
     vertex  4.343020e+00 -1.939693e+00 -3.472964e-01
     vertex  4.593396e+00 -1.627595e+00 -1.000000e+00
     vertex  4.001000e+00 -1.732051e+00 -1.000000e+00
   endloop
 endfacet
 facet normal  9.279956e-16  9.529412e-01  3.031551e-01
   outer loop
     vertex  4.343020e+00 -1.939693e+00 -3.472964e-01
     vertex  4.001000e+00 -1.732051e+00 -1.000000e+00
     vertex  3.658980e+00 -1.939693e+00 -3.472964e-01
   endloop
 endfacet
 facet normal  8.954718e-01 -3.259251e-01 -3.031551e-01
   outer loop
     vertex  2.373405e+00  5.923963e-01  1.000000e+00
     vertex  2.061307e+00  3.420201e-01  3.472964e-01
     vertex  2.295263e+00  9.848078e-01  3.472964e-01
   endloop
 endfacet
 facet normal  8.028925e-01 -4.635502e-01 -3.748130e-01
   outer loop
     vertex  2.373405e+00  5.923963e-01  1.000000e+00
     vertex  2.295263e+00  9.848078e-01  3.472964e-01
     vertex  2.674172e+00  1.113341e+00  1.000000e+00
   endloop
 endfacet
 facet normal -1.081226e-01 -1.410920e-01 -9.840745e-01
   outer loop
     vertex  4.525005e+00  4.396926e-01  1.879385e+00
     vertex  4.435247e+00 -1.063599e-16  1.952288e+00
     vertex  4.001000e+00 -2.999520e-32  2.000000e+00
   endloop
 endfacet
 facet normal -4.274623e-01 -2.467955e-01 -8.696942e-01
   outer loop
     vertex  4.525005e+00  4.396926e-01  1.879385e+00
     vertex  5.114341e+00  6.427876e-01  1.532089e+00
     vertex  4.643788e+00  2.339556e-01  1.879385e+00
   endloop
 endfacet
 facet normal -2.060710e-01 -1.189752e-01 -9.712773e-01
   outer loop
     vertex  4.525005e+00  4.396926e-01  1.879385e+00
     vertex  4.643788e+00  2.339556e-01  1.879385e+00
     vertex  4.435247e+00 -1.063599e-16  1.952288e+00
   endloop
 endfacet
 facet normal -3.925413e-01 -3.293813e-01 -8.587312e-01
   outer loop
     vertex  4.525005e+00  4.396926e-01  1.879385e+00
     vertex  4.827352e+00  9.848078e-01  1.532089e+00
     vertex  5.114341e+00  6.427876e-01  1.532089e+00
   endloop
 endfacet
 facet normal -6.867969e-01  2.499736e-01  6.825124e-01
   outer loop
     vertex  5.706737e+00 -3.007675e-01 -1.000000e+00
     vertex  5.536686e+00 -3.761345e-16 -1.281277e+00
     vertex  5.501000e+00 -8.660254e-01 -1.000000e+00
   endloop
 endfacet
 facet normal -8.323362e-01  4.597036e-02  5.523615e-01
   outer loop
     vertex  5.706737e+00 -3.007675e-01 -1.000000e+00
     vertex  5.778246e+00 -4.352997e-16 -9.172772e-01
     vertex  5.536686e+00 -3.761345e-16 -1.281277e+00
   endloop
 endfacet
 facet normal -8.628820e-01  3.140634e-01 -3.959784e-01
   outer loop
     vertex  5.706737e+00 -3.007675e-01 -1.000000e+00
     vertex  5.501000e+00 -8.660254e-01 -1.000000e+00
     vertex  5.778246e+00 -4.352997e-16 -9.172772e-01
   endloop
 endfacet
 facet normal  6.421920e-01  7.653346e-01  4.303984e-02
   outer loop
     vertex  2.734956e+00 -1.508813e+00  3.472964e-01
     vertex  3.016192e+00 -1.705737e+00 -3.472964e-01
     vertex  2.492187e+00 -1.266044e+00 -3.472964e-01
   endloop
 endfacet
 facet normal  7.653346e-01  6.421920e-01 -4.303984e-02
   outer loop
     vertex  2.734956e+00 -1.508813e+00  3.472964e-01
     vertex  2.492187e+00 -1.266044e+00 -3.472964e-01
     vertex  2.295263e+00 -9.848078e-01  3.472964e-01
   endloop
 endfacet
 facet normal  2.684232e-01 -7.374867e-01 -6.197276e-01
   outer loop
     vertex  3.561307e+00  1.208046e+00  1.532089e+00
     vertex  3.134975e+00  1.500000e+00  1.000000e+00
     vertex  3.700233e+00  1.705737e+00  1.000000e+00
   endloop
 endfacet
 facet normal  1.306314e-01 -7.408476e-01 -6.588477e-01
   outer loop
     vertex  3.561307e+00  1.208046e+00  1.532089e+00
     vertex  3.700233e+00  1.705737e+00  1.000000e+00
     vertex  4.001000e+00  1.285575e+00  1.532089e+00
   endloop
 endfacet
 facet normal -3.259251e-01  8.954718e-01  3.031551e-01
   outer loop
     vertex  4.985808e+00 -1.705737e+00 -3.472964e-01
     vertex  4.593396e+00 -1.627595e+00 -1.000000e+00
     vertex  4.343020e+00 -1.939693e+00 -3.472964e-01
   endloop
 endfacet
 facet normal -4.635502e-01  8.028925e-01  3.748130e-01
   outer loop
     vertex  4.985808e+00 -1.705737e+00 -3.472964e-01
     vertex  5.114341e+00 -1.326828e+00 -1.000000e+00
     vertex  4.593396e+00 -1.627595e+00 -1.000000e+00
   endloop
 endfacet
 facet normal  9.529412e-01  1.278720e-17 -3.031551e-01
   outer loop
     vertex  2.268949e+00  2.121150e-16  1.000000e+00
     vertex  2.061307e+00 -3.420201e-01  3.472964e-01
     vertex  2.061307e+00  3.420201e-01  3.472964e-01
   endloop
 endfacet
 facet normal  9.130157e-01 -1.609893e-01 -3.748130e-01
   outer loop
     vertex  2.268949e+00  2.121150e-16  1.000000e+00
     vertex  2.061307e+00  3.420201e-01  3.472964e-01
     vertex  2.373405e+00  5.923963e-01  1.000000e+00
   endloop
 endfacet
 facet normal -1.132877e-01 -1.350110e-01 -9.843464e-01
   outer loop
     vertex  4.343020e+00  5.923963e-01  1.879385e+00
     vertex  4.525005e+00  4.396926e-01  1.879385e+00
     vertex  4.001000e+00 -2.999520e-32  2.000000e+00
   endloop
 endfacet
 facet normal -2.562131e-01 -4.437742e-01 -8.587312e-01
   outer loop
     vertex  4.343020e+00  5.923963e-01  1.879385e+00
     vertex  4.440693e+00  1.208046e+00  1.532089e+00
     vertex  4.827352e+00  9.848078e-01  1.532089e+00
   endloop
 endfacet
 facet normal -3.172741e-01 -3.781126e-01 -8.696942e-01
   outer loop
     vertex  4.343020e+00  5.923963e-01  1.879385e+00
     vertex  4.827352e+00  9.848078e-01  1.532089e+00
     vertex  4.525005e+00  4.396926e-01  1.879385e+00
   endloop
 endfacet
 facet normal  4.995367e-01  8.652229e-01 -4.303984e-02
   outer loop
     vertex  3.327352e+00 -1.850833e+00  3.472964e-01
     vertex  3.016192e+00 -1.705737e+00 -3.472964e-01
     vertex  2.734956e+00 -1.508813e+00  3.472964e-01
   endloop
 endfacet
 facet normal  3.417032e-01  9.388219e-01  4.303984e-02
   outer loop
     vertex  3.327352e+00 -1.850833e+00  3.472964e-01
     vertex  3.658980e+00 -1.939693e+00 -3.472964e-01
     vertex  3.016192e+00 -1.705737e+00 -3.472964e-01
   endloop
 endfacet
 facet normal  5.044706e-01 -6.012047e-01 -6.197276e-01
   outer loop
     vertex  3.174648e+00  9.848078e-01  1.532089e+00
     vertex  2.674172e+00  1.113341e+00  1.000000e+00
     vertex  3.134975e+00  1.500000e+00  1.000000e+00
   endloop
 endfacet
 facet normal  3.761382e-01 -6.514904e-01 -6.588477e-01
   outer loop
     vertex  3.174648e+00  9.848078e-01  1.532089e+00
     vertex  3.134975e+00  1.500000e+00  1.000000e+00
     vertex  3.561307e+00  1.208046e+00  1.532089e+00
   endloop
 endfacet
 facet normal -9.296424e-01  3.577561e-01  8.817895e-02
   outer loop
     vertex  5.509813e+00 -1.266044e+00 -3.472964e-01
     vertex  5.999500e+00 -7.687408e-02 -9.334203e-03
     vertex  5.999500e+00 -7.240643e-02 -2.746014e-02
   endloop
 endfacet
 facet normal -6.125388e-01  7.299953e-01  3.031551e-01
   outer loop
     vertex  5.509813e+00 -1.266044e+00 -3.472964e-01
     vertex  5.114341e+00 -1.326828e+00 -1.000000e+00
     vertex  4.985808e+00 -1.705737e+00 -3.472964e-01
   endloop
 endfacet
 facet normal -7.102001e-01  5.959287e-01  3.748130e-01
   outer loop
     vertex  5.509813e+00 -1.266044e+00 -3.472964e-01
     vertex  5.501000e+00 -8.660254e-01 -1.000000e+00
     vertex  5.114341e+00 -1.326828e+00 -1.000000e+00
   endloop
 endfacet
 facet normal  8.954718e-01  3.259251e-01 -3.031551e-01
   outer loop
     vertex  2.373405e+00 -5.923963e-01  1.000000e+00
     vertex  2.295263e+00 -9.848078e-01  3.472964e-01
     vertex  2.061307e+00 -3.420201e-01  3.472964e-01
   endloop
 endfacet
 facet normal  9.130157e-01  1.609893e-01 -3.748130e-01
   outer loop
     vertex  2.373405e+00 -5.923963e-01  1.000000e+00
     vertex  2.061307e+00 -3.420201e-01  3.472964e-01
     vertex  2.268949e+00  2.121150e-16  1.000000e+00
   endloop
 endfacet
 facet normal -8.898189e-02 -5.046414e-01 -8.587312e-01
   outer loop
     vertex  4.119782e+00  6.736482e-01  1.879385e+00
     vertex  4.001000e+00  1.285575e+00  1.532089e+00
     vertex  4.440693e+00  1.208046e+00  1.532089e+00
   endloop
 endfacet
 facet normal -6.027913e-02 -1.656155e-01 -9.843464e-01
   outer loop
     vertex  4.119782e+00  6.736482e-01  1.879385e+00
     vertex  4.343020e+00  5.923963e-01  1.879385e+00
     vertex  4.001000e+00 -2.999520e-32  2.000000e+00
   endloop
 endfacet
 facet normal -1.688180e-01 -4.638237e-01 -8.696942e-01
   outer loop
     vertex  4.119782e+00  6.736482e-01  1.879385e+00
     vertex  4.440693e+00  1.208046e+00  1.532089e+00
     vertex  4.343020e+00  5.923963e-01  1.879385e+00
   endloop
 endfacet
 facet normal  1.734873e-01  9.838952e-01 -4.303984e-02
   outer loop
     vertex  4.001000e+00 -1.969616e+00  3.472964e-01
     vertex  3.658980e+00 -1.939693e+00 -3.472964e-01
     vertex  3.327352e+00 -1.850833e+00  3.472964e-01
   endloop
 endfacet
 facet normal  9.695556e-16  9.990734e-01  4.303984e-02
   outer loop
     vertex  4.001000e+00 -1.969616e+00  3.472964e-01
     vertex  4.343020e+00 -1.939693e+00 -3.472964e-01
     vertex  3.658980e+00 -1.939693e+00 -3.472964e-01
   endloop
 endfacet
 facet normal  5.762771e-01 -4.835539e-01 -6.588477e-01
   outer loop
     vertex  2.887659e+00  6.427876e-01  1.532089e+00
     vertex  2.674172e+00  1.113341e+00  1.000000e+00
     vertex  3.174648e+00  9.848078e-01  1.532089e+00
   endloop
 endfacet
 facet normal  6.796715e-01 -3.924085e-01 -6.197276e-01
   outer loop
     vertex  2.887659e+00  6.427876e-01  1.532089e+00
     vertex  2.373405e+00  5.923963e-01  1.000000e+00
     vertex  2.674172e+00  1.113341e+00  1.000000e+00
   endloop
 endfacet
 facet normal -8.252713e-01  4.764706e-01  3.031551e-01
   outer loop
     vertex  5.851833e+00 -6.736482e-01 -3.472964e-01
     vertex  5.501000e+00 -8.660254e-01 -1.000000e+00
     vertex  5.509813e+00 -1.266044e+00 -3.472964e-01
   endloop
 endfacet
 facet normal -7.619947e-01  4.399378e-01 -4.752040e-01
   outer loop
     vertex  5.851833e+00 -6.736482e-01 -3.472964e-01
     vertex  5.509813e+00 -1.266044e+00 -3.472964e-01
     vertex  5.999500e+00 -7.240643e-02 -2.746014e-02
   endloop
 endfacet
 facet normal -9.769752e-01  1.557438e-01  1.458196e-01
   outer loop
     vertex  5.851833e+00 -6.736482e-01 -3.472964e-01
     vertex  5.999500e+00 -9.794726e-16 -7.743869e-02
     vertex  5.935011e+00 -4.736960e-16 -5.095128e-01
   endloop
 endfacet
 facet normal -9.772889e-01  1.876382e-01  9.848011e-02
   outer loop
     vertex  5.851833e+00 -6.736482e-01 -3.472964e-01
     vertex  5.999500e+00 -7.240643e-02 -2.746014e-02
     vertex  5.999500e+00 -6.373079e-02 -4.399019e-02
   endloop
 endfacet
 facet normal -9.757069e-01  1.639836e-01  1.452768e-01
   outer loop
     vertex  5.851833e+00 -6.736482e-01 -3.472964e-01
     vertex  5.999500e+00 -6.373079e-02 -4.399019e-02
     vertex  5.999500e+00 -5.135135e-02 -5.796369e-02
   endloop
 endfacet
 facet normal -9.702343e-01  1.375671e-01  1.993004e-01
   outer loop
     vertex  5.851833e+00 -6.736482e-01 -3.472964e-01
     vertex  5.999500e+00 -5.135135e-02 -5.796369e-02
     vertex  5.999500e+00 -3.598755e-02 -6.856856e-02
   endloop
 endfacet
 facet normal -9.569303e-01  1.029481e-01  2.714518e-01
   outer loop
     vertex  5.851833e+00 -6.736482e-01 -3.472964e-01
     vertex  5.999500e+00 -3.598755e-02 -6.856856e-02
     vertex  5.999500e+00 -1.853229e-02 -7.518846e-02
   endloop
 endfacet
 facet normal -9.209905e-01  4.695928e-02  3.867445e-01
   outer loop
     vertex  5.851833e+00 -6.736482e-01 -3.472964e-01
     vertex  5.999500e+00 -1.853229e-02 -7.518846e-02
     vertex  5.999500e+00 -9.794726e-16 -7.743869e-02
   endloop
 endfacet
 facet normal -8.857187e-01  2.091591e-01  4.144332e-01
   outer loop
     vertex  5.851833e+00 -6.736482e-01 -3.472964e-01
     vertex  5.935011e+00 -4.736960e-16 -5.095128e-01
     vertex  5.501000e+00 -8.660254e-01 -1.000000e+00
   endloop
 endfacet
 facet normal  8.028925e-01  4.635502e-01 -3.748130e-01
   outer loop
     vertex  2.674172e+00 -1.113341e+00  1.000000e+00
     vertex  2.295263e+00 -9.848078e-01  3.472964e-01
     vertex  2.373405e+00 -5.923963e-01  1.000000e+00
   endloop
 endfacet
 facet normal  7.299953e-01  6.125388e-01 -3.031551e-01
   outer loop
     vertex  2.674172e+00 -1.113341e+00  1.000000e+00
     vertex  2.734956e+00 -1.508813e+00  3.472964e-01
     vertex  2.295263e+00 -9.848078e-01  3.472964e-01
   endloop
 endfacet
 facet normal  0.000000e+00 -4.935909e-01 -8.696942e-01
   outer loop
     vertex  3.882218e+00  6.736482e-01  1.879385e+00
     vertex  4.001000e+00  1.285575e+00  1.532089e+00
     vertex  4.119782e+00  6.736482e-01  1.879385e+00
   endloop
 endfacet
 facet normal  0.000000e+00 -1.762444e-01 -9.843464e-01
   outer loop
     vertex  3.882218e+00  6.736482e-01  1.879385e+00
     vertex  4.119782e+00  6.736482e-01  1.879385e+00
     vertex  4.001000e+00 -2.999520e-32  2.000000e+00
   endloop
 endfacet
 facet normal  8.898189e-02 -5.046414e-01 -8.587312e-01
   outer loop
     vertex  3.882218e+00  6.736482e-01  1.879385e+00
     vertex  3.561307e+00  1.208046e+00  1.532089e+00
     vertex  4.001000e+00  1.285575e+00  1.532089e+00
   endloop
 endfacet
 facet normal -1.734873e-01  9.838952e-01 -4.303984e-02
   outer loop
     vertex  4.674648e+00 -1.850833e+00  3.472964e-01
     vertex  4.343020e+00 -1.939693e+00 -3.472964e-01
     vertex  4.001000e+00 -1.969616e+00  3.472964e-01
   endloop
 endfacet
 facet normal -3.417032e-01  9.388219e-01  4.303984e-02
   outer loop
     vertex  4.674648e+00 -1.850833e+00  3.472964e-01
     vertex  4.985808e+00 -1.705737e+00 -3.472964e-01
     vertex  4.343020e+00 -1.939693e+00 -3.472964e-01
   endloop
 endfacet
 facet normal  7.728939e-01 -1.362820e-01 -6.197276e-01
   outer loop
     vertex  2.734956e+00  2.232378e-01  1.532089e+00
     vertex  2.268949e+00  2.121150e-16  1.000000e+00
     vertex  2.373405e+00  5.923963e-01  1.000000e+00
   endloop
 endfacet
 facet normal  7.069085e-01 -2.572937e-01 -6.588477e-01
   outer loop
     vertex  2.734956e+00  2.232378e-01  1.532089e+00
     vertex  2.373405e+00  5.923963e-01  1.000000e+00
     vertex  2.887659e+00  6.427876e-01  1.532089e+00
   endloop
 endfacet
 facet normal  5.959287e-01  7.102001e-01 -3.748130e-01
   outer loop
     vertex  3.134975e+00 -1.500000e+00  1.000000e+00
     vertex  2.734956e+00 -1.508813e+00  3.472964e-01
     vertex  2.674172e+00 -1.113341e+00  1.000000e+00
   endloop
 endfacet
 facet normal  4.764706e-01  8.252713e-01 -3.031551e-01
   outer loop
     vertex  3.134975e+00 -1.500000e+00  1.000000e+00
     vertex  3.327352e+00 -1.850833e+00  3.472964e-01
     vertex  2.734956e+00 -1.508813e+00  3.472964e-01
   endloop
 endfacet
 facet normal  6.027913e-02 -1.656155e-01 -9.843464e-01
   outer loop
     vertex  3.658980e+00  5.923963e-01  1.879385e+00
     vertex  3.882218e+00  6.736482e-01  1.879385e+00
     vertex  4.001000e+00 -2.999520e-32  2.000000e+00
   endloop
 endfacet
 facet normal  2.562131e-01 -4.437742e-01 -8.587312e-01
   outer loop
     vertex  3.658980e+00  5.923963e-01  1.879385e+00
     vertex  3.174648e+00  9.848078e-01  1.532089e+00
     vertex  3.561307e+00  1.208046e+00  1.532089e+00
   endloop
 endfacet
 facet normal  1.688180e-01 -4.638237e-01 -8.696942e-01
   outer loop
     vertex  3.658980e+00  5.923963e-01  1.879385e+00
     vertex  3.561307e+00  1.208046e+00  1.532089e+00
     vertex  3.882218e+00  6.736482e-01  1.879385e+00
   endloop
 endfacet
 facet normal -4.995367e-01  8.652229e-01 -4.303984e-02
   outer loop
     vertex  5.267044e+00 -1.508813e+00  3.472964e-01
     vertex  4.985808e+00 -1.705737e+00 -3.472964e-01
     vertex  4.674648e+00 -1.850833e+00  3.472964e-01
   endloop
 endfacet
 facet normal -6.421920e-01  7.653346e-01  4.303984e-02
   outer loop
     vertex  5.267044e+00 -1.508813e+00  3.472964e-01
     vertex  5.509813e+00 -1.266044e+00 -3.472964e-01
     vertex  4.985808e+00 -1.705737e+00 -3.472964e-01
   endloop
 endfacet
 facet normal  7.728939e-01  1.362820e-01 -6.197276e-01
   outer loop
     vertex  2.734956e+00 -2.232378e-01  1.532089e+00
     vertex  2.373405e+00 -5.923963e-01  1.000000e+00
     vertex  2.268949e+00  2.121150e-16  1.000000e+00
   endloop
 endfacet
 facet normal  7.522763e-01  0.000000e+00 -6.588477e-01
   outer loop
     vertex  2.734956e+00 -2.232378e-01  1.532089e+00
     vertex  2.268949e+00  2.121150e-16  1.000000e+00
     vertex  2.734956e+00  2.232378e-01  1.532089e+00
   endloop
 endfacet
 facet normal  3.170870e-01  8.711894e-01 -3.748130e-01
   outer loop
     vertex  3.700233e+00 -1.705737e+00  1.000000e+00
     vertex  3.327352e+00 -1.850833e+00  3.472964e-01
     vertex  3.134975e+00 -1.500000e+00  1.000000e+00
   endloop
 endfacet
 facet normal  1.654765e-01  9.384639e-01 -3.031551e-01
   outer loop
     vertex  3.700233e+00 -1.705737e+00  1.000000e+00
     vertex  4.001000e+00 -1.969616e+00  3.472964e-01
     vertex  3.327352e+00 -1.850833e+00  3.472964e-01
   endloop
 endfacet
 facet normal  3.925413e-01 -3.293813e-01 -8.587312e-01
   outer loop
     vertex  3.476995e+00  4.396926e-01  1.879385e+00
     vertex  2.887659e+00  6.427876e-01  1.532089e+00
     vertex  3.174648e+00  9.848078e-01  1.532089e+00
   endloop
 endfacet
 facet normal  1.132877e-01 -1.350110e-01 -9.843464e-01
   outer loop
     vertex  3.476995e+00  4.396926e-01  1.879385e+00
     vertex  3.658980e+00  5.923963e-01  1.879385e+00
     vertex  4.001000e+00 -2.999520e-32  2.000000e+00
   endloop
 endfacet
 facet normal  3.172741e-01 -3.781126e-01 -8.696942e-01
   outer loop
     vertex  3.476995e+00  4.396926e-01  1.879385e+00
     vertex  3.174648e+00  9.848078e-01  1.532089e+00
     vertex  3.658980e+00  5.923963e-01  1.879385e+00
   endloop
 endfacet
 facet normal -9.499846e-01  2.337574e-01 -2.070910e-01
   outer loop
     vertex  5.706737e+00 -9.848078e-01  3.472964e-01
     vertex  5.999500e+00 -5.135135e-02  5.796369e-02
     vertex  5.999500e+00 -6.373079e-02  4.399019e-02
   endloop
 endfacet
 facet normal -9.562142e-01  2.591443e-01 -1.360094e-01
   outer loop
     vertex  5.706737e+00 -9.848078e-01  3.472964e-01
     vertex  5.999500e+00 -6.373079e-02  4.399019e-02
     vertex  5.999500e+00 -7.240643e-02  2.746014e-02
   endloop
 endfacet
 facet normal -9.567155e-01  2.825681e-01 -6.964678e-02
   outer loop
     vertex  5.706737e+00 -9.848078e-01  3.472964e-01
     vertex  5.999500e+00 -7.240643e-02  2.746014e-02
     vertex  5.999500e+00 -7.687408e-02  9.334203e-03
   endloop
 endfacet
 facet normal -9.517449e-01  3.068901e-01 -3.503836e-15
   outer loop
     vertex  5.706737e+00 -9.848078e-01  3.472964e-01
     vertex  5.999500e+00 -7.687408e-02  9.334203e-03
     vertex  5.999500e+00 -7.687408e-02 -9.334203e-03
   endloop
 endfacet
 facet normal -9.294774e-01  3.478892e-01  1.226579e-01
   outer loop
     vertex  5.706737e+00 -9.848078e-01  3.472964e-01
     vertex  5.999500e+00 -7.687408e-02 -9.334203e-03
     vertex  5.509813e+00 -1.266044e+00 -3.472964e-01
   endloop
 endfacet
 facet normal -7.653346e-01  6.421920e-01 -4.303984e-02
   outer loop
     vertex  5.706737e+00 -9.848078e-01  3.472964e-01
     vertex  5.509813e+00 -1.266044e+00 -3.472964e-01
     vertex  5.267044e+00 -1.508813e+00  3.472964e-01
   endloop
 endfacet
 facet normal  7.069085e-01  2.572937e-01 -6.588477e-01
   outer loop
     vertex  2.887659e+00 -6.427876e-01  1.532089e+00
     vertex  2.373405e+00 -5.923963e-01  1.000000e+00
     vertex  2.734956e+00 -2.232378e-01  1.532089e+00
   endloop
 endfacet
 facet normal  6.796715e-01  3.924085e-01 -6.197276e-01
   outer loop
     vertex  2.887659e+00 -6.427876e-01  1.532089e+00
     vertex  2.674172e+00 -1.113341e+00  1.000000e+00
     vertex  2.373405e+00 -5.923963e-01  1.000000e+00
   endloop
 endfacet
 facet normal -1.654765e-01  9.384639e-01 -3.031551e-01
   outer loop
     vertex  4.301767e+00 -1.705737e+00  1.000000e+00
     vertex  4.674648e+00 -1.850833e+00  3.472964e-01
     vertex  4.001000e+00 -1.969616e+00  3.472964e-01
   endloop
 endfacet
 facet normal  6.844412e-16  9.271004e-01 -3.748130e-01
   outer loop
     vertex  4.301767e+00 -1.705737e+00  1.000000e+00
     vertex  4.001000e+00 -1.969616e+00  3.472964e-01
     vertex  3.700233e+00 -1.705737e+00  1.000000e+00
   endloop
 endfacet
 facet normal  4.815232e-01 -1.752601e-01 -8.587312e-01
   outer loop
     vertex  3.358212e+00  2.339556e-01  1.879385e+00
     vertex  2.734956e+00  2.232378e-01  1.532089e+00
     vertex  2.887659e+00  6.427876e-01  1.532089e+00
   endloop
 endfacet
 facet normal  4.274623e-01 -2.467955e-01 -8.696942e-01
   outer loop
     vertex  3.358212e+00  2.339556e-01  1.879385e+00
     vertex  2.887659e+00  6.427876e-01  1.532089e+00
     vertex  3.476995e+00  4.396926e-01  1.879385e+00
   endloop
 endfacet
 facet normal  1.526321e-01 -8.812219e-02 -9.843464e-01
   outer loop
     vertex  3.358212e+00  2.339556e-01  1.879385e+00
     vertex  3.476995e+00  4.396926e-01  1.879385e+00
     vertex  4.001000e+00 -2.999520e-32  2.000000e+00
   endloop
 endfacet
 facet normal -9.876272e-01  5.350692e-02 -1.474095e-01
   outer loop
     vertex  5.940693e+00 -3.420201e-01  3.472964e-01
     vertex  5.935011e+00 -4.736960e-16  5.095128e-01
     vertex  5.999500e+00 -9.794726e-16  7.743869e-02
   endloop
 endfacet
 facet normal -9.289382e-01  3.381059e-01  1.508581e-01
   outer loop
     vertex  5.940693e+00 -3.420201e-01  3.472964e-01
     vertex  5.999500e+00 -5.135135e-02  5.796369e-02
     vertex  5.706737e+00 -9.848078e-01  3.472964e-01
   endloop
 endfacet
 facet normal -7.502977e-01  2.730860e-01 -6.020609e-01
   outer loop
     vertex  5.940693e+00 -3.420201e-01  3.472964e-01
     vertex  5.706737e+00 -9.848078e-01  3.472964e-01
     vertex  5.935011e+00 -4.736960e-16  5.095128e-01
   endloop
 endfacet
 facet normal -9.823804e-01  2.252740e-02 -1.855298e-01
   outer loop
     vertex  5.940693e+00 -3.420201e-01  3.472964e-01
     vertex  5.999500e+00 -9.794726e-16  7.743869e-02
     vertex  5.999500e+00 -1.853229e-02  7.518846e-02
   endloop
 endfacet
 facet normal -9.875465e-01  5.578917e-02 -1.471040e-01
   outer loop
     vertex  5.940693e+00 -3.420201e-01  3.472964e-01
     vertex  5.999500e+00 -1.853229e-02  7.518846e-02
     vertex  5.999500e+00 -3.598755e-02  6.856856e-02
   endloop
 endfacet
 facet normal -9.895321e-01  8.197914e-02 -1.187673e-01
   outer loop
     vertex  5.940693e+00 -3.420201e-01  3.472964e-01
     vertex  5.999500e+00 -3.598755e-02  6.856856e-02
     vertex  5.999500e+00 -5.135135e-02  5.796369e-02
   endloop
 endfacet
 facet normal  5.044706e-01  6.012047e-01 -6.197276e-01
   outer loop
     vertex  3.174648e+00 -9.848078e-01  1.532089e+00
     vertex  3.134975e+00 -1.500000e+00  1.000000e+00
     vertex  2.674172e+00 -1.113341e+00  1.000000e+00
   endloop
 endfacet
 facet normal  5.762771e-01  4.835539e-01 -6.588477e-01
   outer loop
     vertex  3.174648e+00 -9.848078e-01  1.532089e+00
     vertex  2.674172e+00 -1.113341e+00  1.000000e+00
     vertex  2.887659e+00 -6.427876e-01  1.532089e+00
   endloop
 endfacet
 facet normal -4.764706e-01  8.252713e-01 -3.031551e-01
   outer loop
     vertex  4.867025e+00 -1.500000e+00  1.000000e+00
     vertex  5.267044e+00 -1.508813e+00  3.472964e-01
     vertex  4.674648e+00 -1.850833e+00  3.472964e-01
   endloop
 endfacet
 facet normal -3.170870e-01  8.711894e-01 -3.748130e-01
   outer loop
     vertex  4.867025e+00 -1.500000e+00  1.000000e+00
     vertex  4.674648e+00 -1.850833e+00  3.472964e-01
     vertex  4.301767e+00 -1.705737e+00  1.000000e+00
   endloop
 endfacet
 facet normal  3.802099e-17  1.000000e+00  2.006985e-16
   outer loop
     vertex  3.316960e+00  8.377077e-17  1.879385e+00
     vertex  4.001000e+00 -2.999520e-32  2.000000e+00
     vertex  4.001000e+00 -2.999520e-32  2.000000e+00
   endloop
 endfacet
 facet normal  4.860922e-01 -8.571116e-02 -8.696942e-01
   outer loop
     vertex  3.316960e+00  8.377077e-17  1.879385e+00
     vertex  2.734956e+00  2.232378e-01  1.532089e+00
     vertex  3.358212e+00  2.339556e-01  1.879385e+00
   endloop
 endfacet
 facet normal  5.124263e-01 -4.140390e-17 -8.587312e-01
   outer loop
     vertex  3.316960e+00  8.377077e-17  1.879385e+00
     vertex  2.734956e+00 -2.232378e-01  1.532089e+00
     vertex  2.734956e+00  2.232378e-01  1.532089e+00
   endloop
 endfacet
 facet normal  1.735668e-01 -3.060452e-02 -9.843464e-01
   outer loop
     vertex  3.316960e+00  8.377077e-17  1.879385e+00
     vertex  3.358212e+00  2.339556e-01  1.879385e+00
     vertex  4.001000e+00 -2.999520e-32  2.000000e+00
   endloop
 endfacet
 facet normal  2.684232e-01  7.374867e-01 -6.197276e-01
   outer loop
     vertex  3.561307e+00 -1.208046e+00  1.532089e+00
     vertex  3.700233e+00 -1.705737e+00  1.000000e+00
     vertex  3.134975e+00 -1.500000e+00  1.000000e+00
   endloop
 endfacet
 facet normal  3.761382e-01  6.514904e-01 -6.588477e-01
   outer loop
     vertex  3.561307e+00 -1.208046e+00  1.532089e+00
     vertex  3.134975e+00 -1.500000e+00  1.000000e+00
     vertex  3.174648e+00 -9.848078e-01  1.532089e+00
   endloop
 endfacet
 facet normal -5.959287e-01  7.102001e-01 -3.748130e-01
   outer loop
     vertex  5.327828e+00 -1.113341e+00  1.000000e+00
     vertex  5.267044e+00 -1.508813e+00  3.472964e-01
     vertex  4.867025e+00 -1.500000e+00  1.000000e+00
   endloop
 endfacet
 facet normal -7.299953e-01  6.125388e-01 -3.031551e-01
   outer loop
     vertex  5.327828e+00 -1.113341e+00  1.000000e+00
     vertex  5.706737e+00 -9.848078e-01  3.472964e-01
     vertex  5.267044e+00 -1.508813e+00  3.472964e-01
   endloop
 endfacet
 facet normal  4.815232e-01  1.752601e-01 -8.587312e-01
   outer loop
     vertex  3.358212e+00 -2.339556e-01  1.879385e+00
     vertex  2.887659e+00 -6.427876e-01  1.532089e+00
     vertex  2.734956e+00 -2.232378e-01  1.532089e+00
   endloop
 endfacet
 facet normal  1.735668e-01  3.060452e-02 -9.843464e-01
   outer loop
     vertex  3.358212e+00 -2.339556e-01  1.879385e+00
     vertex  3.316960e+00  8.377077e-17  1.879385e+00
     vertex  4.001000e+00 -2.999520e-32  2.000000e+00
   endloop
 endfacet
 facet normal  4.860922e-01  8.571116e-02 -8.696942e-01
   outer loop
     vertex  3.358212e+00 -2.339556e-01  1.879385e+00
     vertex  2.734956e+00 -2.232378e-01  1.532089e+00
     vertex  3.316960e+00  8.377077e-17  1.879385e+00
   endloop
 endfacet
 facet normal  5.791816e-16  7.848170e-01 -6.197276e-01
   outer loop
     vertex  4.001000e+00 -1.285575e+00  1.532089e+00
     vertex  4.301767e+00 -1.705737e+00  1.000000e+00
     vertex  3.700233e+00 -1.705737e+00  1.000000e+00
   endloop
 endfacet
 facet normal  1.306314e-01  7.408476e-01 -6.588477e-01
   outer loop
     vertex  4.001000e+00 -1.285575e+00  1.532089e+00
     vertex  3.700233e+00 -1.705737e+00  1.000000e+00
     vertex  3.561307e+00 -1.208046e+00  1.532089e+00
   endloop
 endfacet
 facet normal -9.177109e-01  1.825638e-01 -3.528133e-01
   outer loop
     vertex  5.628595e+00 -5.923963e-01  1.000000e+00
     vertex  5.778246e+00 -4.352997e-16  9.172772e-01
     vertex  5.935011e+00 -4.736960e-16  5.095128e-01
   endloop
 endfacet
 facet normal -8.259146e-01  1.321043e-01 -5.481000e-01
   outer loop
     vertex  5.628595e+00 -5.923963e-01  1.000000e+00
     vertex  5.536686e+00 -3.761345e-16  1.281277e+00
     vertex  5.778246e+00 -4.352997e-16  9.172772e-01
   endloop
 endfacet
 facet normal -9.282295e-01  2.591250e-01 -2.669160e-01
   outer loop
     vertex  5.628595e+00 -5.923963e-01  1.000000e+00
     vertex  5.935011e+00 -4.736960e-16  5.095128e-01
     vertex  5.706737e+00 -9.848078e-01  3.472964e-01
   endloop
 endfacet
 facet normal -5.189430e-01  2.996119e-01 -8.005816e-01
   outer loop
     vertex  5.628595e+00 -5.923963e-01  1.000000e+00
     vertex  5.327828e+00 -1.113341e+00  1.000000e+00
     vertex  5.536686e+00 -3.761345e-16  1.281277e+00
   endloop
 endfacet
 facet normal -8.028925e-01  4.635502e-01 -3.748130e-01
   outer loop
     vertex  5.628595e+00 -5.923963e-01  1.000000e+00
     vertex  5.706737e+00 -9.848078e-01  3.472964e-01
     vertex  5.327828e+00 -1.113341e+00  1.000000e+00
   endloop
 endfacet
 facet normal  4.274623e-01  2.467955e-01 -8.696942e-01
   outer loop
     vertex  3.476995e+00 -4.396926e-01  1.879385e+00
     vertex  2.887659e+00 -6.427876e-01  1.532089e+00
     vertex  3.358212e+00 -2.339556e-01  1.879385e+00
   endloop
 endfacet
 facet normal  3.925413e-01  3.293813e-01 -8.587312e-01
   outer loop
     vertex  3.476995e+00 -4.396926e-01  1.879385e+00
     vertex  3.174648e+00 -9.848078e-01  1.532089e+00
     vertex  2.887659e+00 -6.427876e-01  1.532089e+00
   endloop
 endfacet
 facet normal  1.526321e-01  8.812219e-02 -9.843464e-01
   outer loop
     vertex  3.476995e+00 -4.396926e-01  1.879385e+00
     vertex  3.358212e+00 -2.339556e-01  1.879385e+00
     vertex  4.001000e+00 -2.999520e-32  2.000000e+00
   endloop
 endfacet
 facet normal -2.684232e-01  7.374867e-01 -6.197276e-01
   outer loop
     vertex  4.440693e+00 -1.208046e+00  1.532089e+00
     vertex  4.867025e+00 -1.500000e+00  1.000000e+00
     vertex  4.301767e+00 -1.705737e+00  1.000000e+00
   endloop
 endfacet
 facet normal -1.306314e-01  7.408476e-01 -6.588477e-01
   outer loop
     vertex  4.440693e+00 -1.208046e+00  1.532089e+00
     vertex  4.301767e+00 -1.705737e+00  1.000000e+00
     vertex  4.001000e+00 -1.285575e+00  1.532089e+00
   endloop
 endfacet
 facet normal  2.562131e-01  4.437742e-01 -8.587312e-01
   outer loop
     vertex  3.658980e+00 -5.923963e-01  1.879385e+00
     vertex  3.561307e+00 -1.208046e+00  1.532089e+00
     vertex  3.174648e+00 -9.848078e-01  1.532089e+00
   endloop
 endfacet
 facet normal  1.132877e-01  1.350110e-01 -9.843464e-01
   outer loop
     vertex  3.658980e+00 -5.923963e-01  1.879385e+00
     vertex  3.476995e+00 -4.396926e-01  1.879385e+00
     vertex  4.001000e+00 -2.999520e-32  2.000000e+00
   endloop
 endfacet
 facet normal  3.172741e-01  3.781126e-01 -8.696942e-01
   outer loop
     vertex  3.658980e+00 -5.923963e-01  1.879385e+00
     vertex  3.174648e+00 -9.848078e-01  1.532089e+00
     vertex  3.476995e+00 -4.396926e-01  1.879385e+00
   endloop
 endfacet
 facet normal -5.044706e-01  6.012047e-01 -6.197276e-01
   outer loop
     vertex  4.827352e+00 -9.848078e-01  1.532089e+00
     vertex  5.327828e+00 -1.113341e+00  1.000000e+00
     vertex  4.867025e+00 -1.500000e+00  1.000000e+00
   endloop
 endfacet
 facet normal -3.761382e-01  6.514904e-01 -6.588477e-01
   outer loop
     vertex  4.827352e+00 -9.848078e-01  1.532089e+00
     vertex  4.867025e+00 -1.500000e+00  1.000000e+00
     vertex  4.440693e+00 -1.208046e+00  1.532089e+00
   endloop
 endfacet
 facet normal  8.898189e-02  5.046414e-01 -8.587312e-01
   outer loop
     vertex  3.882218e+00 -6.736482e-01  1.879385e+00
     vertex  4.001000e+00 -1.285575e+00  1.532089e+00
     vertex  3.561307e+00 -1.208046e+00  1.532089e+00
   endloop
 endfacet
 facet normal  6.027913e-02  1.656155e-01 -9.843464e-01
   outer loop
     vertex  3.882218e+00 -6.736482e-01  1.879385e+00
     vertex  3.658980e+00 -5.923963e-01  1.879385e+00
     vertex  4.001000e+00 -2.999520e-32  2.000000e+00
   endloop
 endfacet
 facet normal  1.688180e-01  4.638237e-01 -8.696942e-01
   outer loop
     vertex  3.882218e+00 -6.736482e-01  1.879385e+00
     vertex  3.561307e+00 -1.208046e+00  1.532089e+00
     vertex  3.658980e+00 -5.923963e-01  1.879385e+00
   endloop
 endfacet
 facet normal -5.762771e-01  4.835539e-01 -6.588477e-01
   outer loop
     vertex  5.114341e+00 -6.427876e-01  1.532089e+00
     vertex  5.327828e+00 -1.113341e+00  1.000000e+00
     vertex  4.827352e+00 -9.848078e-01  1.532089e+00
   endloop
 endfacet
 facet normal -5.140382e-01  1.543112e-01 -8.437729e-01
   outer loop
     vertex  5.114341e+00 -6.427876e-01  1.532089e+00
     vertex  4.848776e+00 -2.076451e-16  1.811429e+00
     vertex  5.221855e+00 -2.990233e-16  1.584144e+00
   endloop
 endfacet
 facet normal -7.734116e-01  2.877842e-01 -5.648139e-01
   outer loop
     vertex  5.114341e+00 -6.427876e-01  1.532089e+00
     vertex  5.536686e+00 -3.761345e-16  1.281277e+00
     vertex  5.327828e+00 -1.113341e+00  1.000000e+00
   endloop
 endfacet
 facet normal  4.613446e-16  4.935909e-01 -8.696942e-01
   outer loop
     vertex  4.119782e+00 -6.736482e-01  1.879385e+00
     vertex  4.001000e+00 -1.285575e+00  1.532089e+00
     vertex  3.882218e+00 -6.736482e-01  1.879385e+00
   endloop
 endfacet
 facet normal  1.647303e-16  1.762444e-01 -9.843464e-01
   outer loop
     vertex  4.119782e+00 -6.736482e-01  1.879385e+00
     vertex  3.882218e+00 -6.736482e-01  1.879385e+00
     vertex  4.001000e+00 -2.999520e-32  2.000000e+00
   endloop
 endfacet
 facet normal -8.898189e-02  5.046414e-01 -8.587312e-01
   outer loop
     vertex  4.119782e+00 -6.736482e-01  1.879385e+00
     vertex  4.440693e+00 -1.208046e+00  1.532089e+00
     vertex  4.001000e+00 -1.285575e+00  1.532089e+00
   endloop
 endfacet
 facet normal -6.930163e-01  2.769761e-02 -7.203896e-01
   outer loop
     vertex  5.267044e+00 -2.232378e-01  1.532089e+00
     vertex  5.221855e+00 -2.990233e-16  1.584144e+00
     vertex  5.536686e+00 -3.761345e-16  1.281277e+00
   endloop
 endfacet
 facet normal -7.677217e-01  2.794279e-01 -5.766484e-01
   outer loop
     vertex  5.267044e+00 -2.232378e-01  1.532089e+00
     vertex  5.536686e+00 -3.761345e-16  1.281277e+00
     vertex  5.114341e+00 -6.427876e-01  1.532089e+00
   endloop
 endfacet
 facet normal -3.770924e-01  1.372504e-01 -9.159496e-01
   outer loop
     vertex  5.267044e+00 -2.232378e-01  1.532089e+00
     vertex  5.114341e+00 -6.427876e-01  1.532089e+00
     vertex  5.221855e+00 -2.990233e-16  1.584144e+00
   endloop
 endfacet
 facet normal -2.562131e-01  4.437742e-01 -8.587312e-01
   outer loop
     vertex  4.343020e+00 -5.923963e-01  1.879385e+00
     vertex  4.827352e+00 -9.848078e-01  1.532089e+00
     vertex  4.440693e+00 -1.208046e+00  1.532089e+00
   endloop
 endfacet
 facet normal -6.027913e-02  1.656155e-01 -9.843464e-01
   outer loop
     vertex  4.343020e+00 -5.923963e-01  1.879385e+00
     vertex  4.119782e+00 -6.736482e-01  1.879385e+00
     vertex  4.001000e+00 -2.999520e-32  2.000000e+00
   endloop
 endfacet
 facet normal -1.688180e-01  4.638237e-01 -8.696942e-01
   outer loop
     vertex  4.343020e+00 -5.923963e-01  1.879385e+00
     vertex  4.440693e+00 -1.208046e+00  1.532089e+00
     vertex  4.119782e+00 -6.736482e-01  1.879385e+00
   endloop
 endfacet
 facet normal -1.081226e-01  1.410920e-01 -9.840745e-01
   outer loop
     vertex  4.525005e+00 -4.396926e-01  1.879385e+00
     vertex  4.001000e+00 -2.999520e-32  2.000000e+00
     vertex  4.435247e+00 -1.063599e-16  1.952288e+00
   endloop
 endfacet
 facet normal -3.925413e-01  3.293813e-01 -8.587312e-01
   outer loop
     vertex  4.525005e+00 -4.396926e-01  1.879385e+00
     vertex  5.114341e+00 -6.427876e-01  1.532089e+00
     vertex  4.827352e+00 -9.848078e-01  1.532089e+00
   endloop
 endfacet
 facet normal -3.172741e-01  3.781126e-01 -8.696942e-01
   outer loop
     vertex  4.525005e+00 -4.396926e-01  1.879385e+00
     vertex  4.827352e+00 -9.848078e-01  1.532089e+00
     vertex  4.343020e+00 -5.923963e-01  1.879385e+00
   endloop
 endfacet
 facet normal -1.132877e-01  1.350110e-01 -9.843464e-01
   outer loop
     vertex  4.525005e+00 -4.396926e-01  1.879385e+00
     vertex  4.343020e+00 -5.923963e-01  1.879385e+00
     vertex  4.001000e+00 -2.999520e-32  2.000000e+00
   endloop
 endfacet
 facet normal -3.224252e-01  7.560043e-03 -9.465648e-01
   outer loop
     vertex  4.643788e+00 -2.339556e-01  1.879385e+00
     vertex  4.435247e+00 -1.063599e-16  1.952288e+00
     vertex  4.848776e+00 -2.076451e-16  1.811429e+00
   endloop
 endfacet
 facet normal -4.827120e-01  1.736096e-01 -8.583990e-01
   outer loop
     vertex  4.643788e+00 -2.339556e-01  1.879385e+00
     vertex  4.848776e+00 -2.076451e-16  1.811429e+00
     vertex  5.114341e+00 -6.427876e-01  1.532089e+00
   endloop
 endfacet
 facet normal -2.060710e-01  1.189752e-01 -9.712773e-01
   outer loop
     vertex  4.643788e+00 -2.339556e-01  1.879385e+00
     vertex  4.525005e+00 -4.396926e-01  1.879385e+00
     vertex  4.435247e+00 -1.063599e-16  1.952288e+00
   endloop
 endfacet
 facet normal -4.274623e-01  2.467955e-01 -8.696942e-01
   outer loop
     vertex  4.643788e+00 -2.339556e-01  1.879385e+00
     vertex  5.114341e+00 -6.427876e-01  1.532089e+00
     vertex  4.525005e+00 -4.396926e-01  1.879385e+00
   endloop
 endfacet
endsolid
