ISO-10303-21;
HEADER;
/* Generated by software containing ST-Developer
 * from STEP Tools, Inc. (www.steptools.com) 
 */
/* OPTION: using custom renumber hook */

FILE_DESCRIPTION(
/* description */ ('STEP AP214',
'CAx-IF Rec.Pracs.---User Defined Attributes---1.5---2016-08-15'),
/* implementation_level */ '2;1');

FILE_NAME(
/* name */ '6aba8ead044beb9250fbf77a',
/* time_stamp */ '2026-09-28T15:58:38Z',
/* author */ (''),
/* organization */ (''),
/* preprocessor_version */ 'ST-DEVELOPER v20',
/* originating_system */ 'ONSHAPE BY PTC INC, 1.221',
/* authorisation */ '  ');

FILE_SCHEMA (('AUTOMOTIVE_DESIGN {1 0 10303 214 3 1 1}'));
ENDSEC;

DATA;
#10=PROPERTY_DEFINITION_REPRESENTATION(#14,#12);
#11=PROPERTY_DEFINITION_REPRESENTATION(#15,#13);
#12=REPRESENTATION('',(#16),#8713);
#13=REPRESENTATION('',(#17),#8713);
#14=PROPERTY_DEFINITION('pmi validation property','',#8878);
#15=PROPERTY_DEFINITION('pmi validation property','',#8878);
#16=VALUE_REPRESENTATION_ITEM('number of annotations',COUNT_MEASURE(0.));
#17=VALUE_REPRESENTATION_ITEM('number of views',COUNT_MEASURE(0.));
#18=SHAPE_REPRESENTATION_RELATIONSHIP('','',#5365,#51);
#19=SHAPE_REPRESENTATION_RELATIONSHIP('','',#5366,#52);
#20=SHAPE_REPRESENTATION_RELATIONSHIP('','',#5367,#53);
#21=SHAPE_REPRESENTATION_RELATIONSHIP('','',#5368,#54);
#22=SHAPE_REPRESENTATION_RELATIONSHIP('','',#5369,#55);
#23=SHAPE_REPRESENTATION_RELATIONSHIP('','',#5370,#56);
#24=SHAPE_REPRESENTATION_RELATIONSHIP('','',#5371,#57);
#25=SHAPE_REPRESENTATION_RELATIONSHIP('','',#5372,#58);
#26=SHAPE_REPRESENTATION_RELATIONSHIP('','',#5373,#59);
#27=SHAPE_REPRESENTATION_RELATIONSHIP('','',#5374,#60);
#28=SHAPE_REPRESENTATION_RELATIONSHIP('','',#5375,#61);
#29=SHAPE_REPRESENTATION_RELATIONSHIP('','',#5376,#62);
#30=SHAPE_REPRESENTATION_RELATIONSHIP('','',#5377,#63);
#31=SHAPE_REPRESENTATION_RELATIONSHIP('','',#5378,#64);
#32=SHAPE_REPRESENTATION_RELATIONSHIP('','',#5379,#65);
#33=SHAPE_REPRESENTATION_RELATIONSHIP('','',#5380,#66);
#34=SHAPE_REPRESENTATION_RELATIONSHIP('','',#5381,#67);
#35=SHAPE_REPRESENTATION_RELATIONSHIP('','',#5382,#68);
#36=SHAPE_REPRESENTATION_RELATIONSHIP('','',#5383,#69);
#37=SHAPE_REPRESENTATION_RELATIONSHIP('','',#5384,#70);
#38=SHAPE_REPRESENTATION_RELATIONSHIP('','',#5385,#71);
#39=SHAPE_REPRESENTATION_RELATIONSHIP('','',#5386,#72);
#40=SHAPE_REPRESENTATION_RELATIONSHIP('','',#5387,#73);
#41=SHAPE_REPRESENTATION_RELATIONSHIP('','',#5388,#74);
#42=SHAPE_REPRESENTATION_RELATIONSHIP('','',#5389,#75);
#43=SHAPE_REPRESENTATION_RELATIONSHIP('','',#5390,#76);
#44=SHAPE_REPRESENTATION_RELATIONSHIP('','',#5391,#77);
#45=SHAPE_REPRESENTATION_RELATIONSHIP('','',#5392,#78);
#46=SHAPE_REPRESENTATION_RELATIONSHIP('','',#5393,#79);
#47=SHAPE_REPRESENTATION_RELATIONSHIP('','',#5394,#80);
#48=SHAPE_REPRESENTATION_RELATIONSHIP('','',#5395,#81);
#49=SHAPE_REPRESENTATION_RELATIONSHIP('','',#5396,#82);
#50=SHAPE_REPRESENTATION_RELATIONSHIP('','',#5397,#83);
#51=ADVANCED_BREP_SHAPE_REPRESENTATION('',(#5299),#8681);
#52=ADVANCED_BREP_SHAPE_REPRESENTATION('',(#5300),#8682);
#53=ADVANCED_BREP_SHAPE_REPRESENTATION('',(#5301),#8683);
#54=ADVANCED_BREP_SHAPE_REPRESENTATION('',(#5302),#8684);
#55=ADVANCED_BREP_SHAPE_REPRESENTATION('',(#5303),#8685);
#56=ADVANCED_BREP_SHAPE_REPRESENTATION('',(#5304),#8686);
#57=ADVANCED_BREP_SHAPE_REPRESENTATION('',(#5305),#8687);
#58=ADVANCED_BREP_SHAPE_REPRESENTATION('',(#5306),#8688);
#59=ADVANCED_BREP_SHAPE_REPRESENTATION('',(#5307),#8689);
#60=ADVANCED_BREP_SHAPE_REPRESENTATION('',(#5308),#8690);
#61=ADVANCED_BREP_SHAPE_REPRESENTATION('',(#5309),#8691);
#62=ADVANCED_BREP_SHAPE_REPRESENTATION('',(#5310),#8692);
#63=ADVANCED_BREP_SHAPE_REPRESENTATION('',(#5311),#8693);
#64=ADVANCED_BREP_SHAPE_REPRESENTATION('',(#5312),#8694);
#65=ADVANCED_BREP_SHAPE_REPRESENTATION('',(#5313),#8695);
#66=ADVANCED_BREP_SHAPE_REPRESENTATION('',(#5314),#8696);
#67=ADVANCED_BREP_SHAPE_REPRESENTATION('',(#5315),#8697);
#68=ADVANCED_BREP_SHAPE_REPRESENTATION('',(#5316),#8698);
#69=ADVANCED_BREP_SHAPE_REPRESENTATION('',(#5317),#8699);
#70=ADVANCED_BREP_SHAPE_REPRESENTATION('',(#5318),#8700);
#71=ADVANCED_BREP_SHAPE_REPRESENTATION('',(#5319),#8701);
#72=ADVANCED_BREP_SHAPE_REPRESENTATION('',(#5320),#8702);
#73=ADVANCED_BREP_SHAPE_REPRESENTATION('',(#5321),#8703);
#74=ADVANCED_BREP_SHAPE_REPRESENTATION('',(#5322),#8704);
#75=ADVANCED_BREP_SHAPE_REPRESENTATION('',(#5323),#8705);
#76=ADVANCED_BREP_SHAPE_REPRESENTATION('',(#5324),#8706);
#77=ADVANCED_BREP_SHAPE_REPRESENTATION('',(#5325),#8707);
#78=ADVANCED_BREP_SHAPE_REPRESENTATION('',(#5326),#8708);
#79=ADVANCED_BREP_SHAPE_REPRESENTATION('',(#5327),#8709);
#80=ADVANCED_BREP_SHAPE_REPRESENTATION('',(#5328),#8710);
#81=ADVANCED_BREP_SHAPE_REPRESENTATION('',(#5329),#8711);
#82=ADVANCED_BREP_SHAPE_REPRESENTATION('',(#5330),#8712);
#83=ADVANCED_BREP_SHAPE_REPRESENTATION('',(#5331),#8713);
#84=PLANE('',#5405);
#85=PLANE('',#5406);
#86=PLANE('',#5414);
#87=PLANE('',#5415);
#88=PLANE('',#5423);
#89=PLANE('',#5424);
#90=PLANE('',#5429);
#91=PLANE('',#5431);
#92=PLANE('',#5438);
#93=PLANE('',#5439);
#94=PLANE('',#5440);
#95=PLANE('',#5442);
#96=PLANE('',#5443);
#97=PLANE('',#5444);
#98=PLANE('',#5445);
#99=PLANE('',#5446);
#100=PLANE('',#5448);
#101=PLANE('',#5454);
#102=PLANE('',#5456);
#103=PLANE('',#5460);
#104=PLANE('',#5467);
#105=PLANE('',#5468);
#106=PLANE('',#5470);
#107=PLANE('',#5471);
#108=PLANE('',#5472);
#109=PLANE('',#5482);
#110=PLANE('',#5483);
#111=PLANE('',#5484);
#112=PLANE('',#5486);
#113=PLANE('',#5490);
#114=PLANE('',#5494);
#115=PLANE('',#5495);
#116=PLANE('',#5496);
#117=PLANE('',#5497);
#118=PLANE('',#5498);
#119=PLANE('',#5499);
#120=PLANE('',#5500);
#121=PLANE('',#5502);
#122=PLANE('',#5503);
#123=PLANE('',#5504);
#124=PLANE('',#5505);
#125=PLANE('',#5506);
#126=PLANE('',#5507);
#127=PLANE('',#5508);
#128=PLANE('',#5509);
#129=PLANE('',#5510);
#130=PLANE('',#5511);
#131=PLANE('',#5513);
#132=PLANE('',#5514);
#133=PLANE('',#5516);
#134=PLANE('',#5517);
#135=PLANE('',#5519);
#136=PLANE('',#5520);
#137=PLANE('',#5521);
#138=PLANE('',#5522);
#139=PLANE('',#5525);
#140=PLANE('',#5526);
#141=PLANE('',#5527);
#142=PLANE('',#5528);
#143=PLANE('',#5529);
#144=PLANE('',#5531);
#145=PLANE('',#5534);
#146=PLANE('',#5536);
#147=PLANE('',#5537);
#148=PLANE('',#5538);
#149=PLANE('',#5539);
#150=PLANE('',#5540);
#151=PLANE('',#5541);
#152=PLANE('',#5543);
#153=PLANE('',#5544);
#154=PLANE('',#5545);
#155=PLANE('',#5546);
#156=PLANE('',#5547);
#157=PLANE('',#5548);
#158=PLANE('',#5549);
#159=PLANE('',#5550);
#160=PLANE('',#5552);
#161=PLANE('',#5553);
#162=PLANE('',#5554);
#163=PLANE('',#5555);
#164=PLANE('',#5556);
#165=PLANE('',#5557);
#166=PLANE('',#5558);
#167=PLANE('',#5559);
#168=PLANE('',#5560);
#169=PLANE('',#5561);
#170=PLANE('',#5562);
#171=PLANE('',#5563);
#172=PLANE('',#5564);
#173=PLANE('',#5565);
#174=PLANE('',#5566);
#175=PLANE('',#5567);
#176=PLANE('',#5568);
#177=PLANE('',#5569);
#178=PLANE('',#5570);
#179=PLANE('',#5571);
#180=PLANE('',#5572);
#181=PLANE('',#5573);
#182=PLANE('',#5574);
#183=PLANE('',#5575);
#184=PLANE('',#5576);
#185=PLANE('',#5578);
#186=PLANE('',#5582);
#187=PLANE('',#5583);
#188=PLANE('',#5584);
#189=PLANE('',#5585);
#190=PLANE('',#5586);
#191=PLANE('',#5587);
#192=PLANE('',#5588);
#193=PLANE('',#5589);
#194=PLANE('',#5591);
#195=PLANE('',#5592);
#196=PLANE('',#5593);
#197=PLANE('',#5594);
#198=PLANE('',#5595);
#199=PLANE('',#5596);
#200=PLANE('',#5598);
#201=PLANE('',#5602);
#202=PLANE('',#5606);
#203=PLANE('',#5608);
#204=PLANE('',#5609);
#205=PLANE('',#5610);
#206=PLANE('',#5611);
#207=PLANE('',#5612);
#208=PLANE('',#5613);
#209=PLANE('',#5614);
#210=PLANE('',#5615);
#211=PLANE('',#5616);
#212=PLANE('',#5617);
#213=PLANE('',#5618);
#214=PLANE('',#5619);
#215=PLANE('',#5620);
#216=PLANE('',#5621);
#217=PLANE('',#5622);
#218=PLANE('',#5623);
#219=PLANE('',#5624);
#220=PLANE('',#5625);
#221=PLANE('',#5626);
#222=PLANE('',#5627);
#223=PLANE('',#5628);
#224=PLANE('',#5629);
#225=PLANE('',#5630);
#226=PLANE('',#5631);
#227=PLANE('',#5632);
#228=PLANE('',#5633);
#229=PLANE('',#5635);
#230=PLANE('',#5636);
#231=PLANE('',#5637);
#232=PLANE('',#5638);
#233=PLANE('',#5639);
#234=PLANE('',#5641);
#235=PLANE('',#5643);
#236=PLANE('',#5644);
#237=PLANE('',#5647);
#238=PLANE('',#5648);
#239=PLANE('',#5649);
#240=PLANE('',#5650);
#241=PLANE('',#5651);
#242=PLANE('',#5652);
#243=PLANE('',#5654);
#244=PLANE('',#5655);
#245=PLANE('',#5656);
#246=PLANE('',#5657);
#247=PLANE('',#5658);
#248=PLANE('',#5662);
#249=PLANE('',#5663);
#250=PLANE('',#5664);
#251=PLANE('',#5666);
#252=PLANE('',#5667);
#253=PLANE('',#5668);
#254=PLANE('',#5669);
#255=PLANE('',#5670);
#256=PLANE('',#5671);
#257=PLANE('',#5673);
#258=PLANE('',#5674);
#259=PLANE('',#5675);
#260=PLANE('',#5676);
#261=PLANE('',#5677);
#262=PLANE('',#5679);
#263=PLANE('',#5683);
#264=PLANE('',#5685);
#265=PLANE('',#5686);
#266=PLANE('',#5688);
#267=PLANE('',#5689);
#268=PLANE('',#5691);
#269=PLANE('',#5696);
#270=PLANE('',#5697);
#271=PLANE('',#5698);
#272=PLANE('',#5699);
#273=PLANE('',#5700);
#274=PLANE('',#5705);
#275=PLANE('',#5715);
#276=PLANE('',#5716);
#277=PLANE('',#5717);
#278=PLANE('',#5718);
#279=PLANE('',#5719);
#280=PLANE('',#5721);
#281=PLANE('',#5723);
#282=PLANE('',#5724);
#283=PLANE('',#5725);
#284=PLANE('',#5727);
#285=PLANE('',#5731);
#286=PLANE('',#5733);
#287=PLANE('',#5734);
#288=PLANE('',#5735);
#289=PLANE('',#5736);
#290=PLANE('',#5737);
#291=PLANE('',#5738);
#292=PLANE('',#5739);
#293=PLANE('',#5740);
#294=PLANE('',#5741);
#295=PLANE('',#5742);
#296=PLANE('',#5743);
#297=PLANE('',#5745);
#298=PLANE('',#5746);
#299=PLANE('',#5747);
#300=PLANE('',#5748);
#301=PLANE('',#5749);
#302=PLANE('',#5750);
#303=PLANE('',#5751);
#304=PLANE('',#5752);
#305=PLANE('',#5753);
#306=PLANE('',#5754);
#307=PLANE('',#5755);
#308=PLANE('',#5756);
#309=PLANE('',#5758);
#310=PLANE('',#5759);
#311=PLANE('',#5760);
#312=PLANE('',#5761);
#313=PLANE('',#5762);
#314=PLANE('',#5766);
#315=PLANE('',#5774);
#316=PLANE('',#5775);
#317=PLANE('',#5776);
#318=PLANE('',#5777);
#319=PLANE('',#5778);
#320=PLANE('',#5780);
#321=PLANE('',#5783);
#322=PLANE('',#5785);
#323=PLANE('',#5786);
#324=PLANE('',#5787);
#325=PLANE('',#5788);
#326=PLANE('',#5789);
#327=PLANE('',#5798);
#328=PLANE('',#5816);
#329=PLANE('',#5817);
#330=PLANE('',#5818);
#331=PLANE('',#5819);
#332=PLANE('',#5820);
#333=PLANE('',#5822);
#334=LINE('',#7230,#880);
#335=LINE('',#7234,#881);
#336=LINE('',#7245,#882);
#337=LINE('',#7249,#883);
#338=LINE('',#7260,#884);
#339=LINE('',#7264,#885);
#340=LINE('',#7288,#886);
#341=LINE('',#7292,#887);
#342=LINE('',#7294,#888);
#343=LINE('',#7295,#889);
#344=LINE('',#7300,#890);
#345=LINE('',#7303,#891);
#346=LINE('',#7305,#892);
#347=LINE('',#7307,#893);
#348=LINE('',#7309,#894);
#349=LINE('',#7311,#895);
#350=LINE('',#7313,#896);
#351=LINE('',#7315,#897);
#352=LINE('',#7317,#898);
#353=LINE('',#7319,#899);
#354=LINE('',#7321,#900);
#355=LINE('',#7322,#901);
#356=LINE('',#7338,#902);
#357=LINE('',#7341,#903);
#358=LINE('',#7343,#904);
#359=LINE('',#7345,#905);
#360=LINE('',#7349,#906);
#361=LINE('',#7353,#907);
#362=LINE('',#7355,#908);
#363=LINE('',#7357,#909);
#364=LINE('',#7370,#910);
#365=LINE('',#7373,#911);
#366=LINE('',#7375,#912);
#367=LINE('',#7377,#913);
#368=LINE('',#7379,#914);
#369=LINE('',#7381,#915);
#370=LINE('',#7383,#916);
#371=LINE('',#7385,#917);
#372=LINE('',#7387,#918);
#373=LINE('',#7389,#919);
#374=LINE('',#7406,#920);
#375=LINE('',#7407,#921);
#376=LINE('',#7414,#922);
#377=LINE('',#7417,#923);
#378=LINE('',#7419,#924);
#379=LINE('',#7421,#925);
#380=LINE('',#7423,#926);
#381=LINE('',#7425,#927);
#382=LINE('',#7436,#928);
#383=LINE('',#7438,#929);
#384=LINE('',#7440,#930);
#385=LINE('',#7442,#931);
#386=LINE('',#7444,#932);
#387=LINE('',#7446,#933);
#388=LINE('',#7448,#934);
#389=LINE('',#7450,#935);
#390=LINE('',#7452,#936);
#391=LINE('',#7454,#937);
#392=LINE('',#7456,#938);
#393=LINE('',#7458,#939);
#394=LINE('',#7462,#940);
#395=LINE('',#7465,#941);
#396=LINE('',#7467,#942);
#397=LINE('',#7469,#943);
#398=LINE('',#7471,#944);
#399=LINE('',#7473,#945);
#400=LINE('',#7475,#946);
#401=LINE('',#7477,#947);
#402=LINE('',#7479,#948);
#403=LINE('',#7481,#949);
#404=LINE('',#7483,#950);
#405=LINE('',#7486,#951);
#406=LINE('',#7488,#952);
#407=LINE('',#7490,#953);
#408=LINE('',#7492,#954);
#409=LINE('',#7494,#955);
#410=LINE('',#7496,#956);
#411=LINE('',#7498,#957);
#412=LINE('',#7500,#958);
#413=LINE('',#7502,#959);
#414=LINE('',#7504,#960);
#415=LINE('',#7505,#961);
#416=LINE('',#7507,#962);
#417=LINE('',#7508,#963);
#418=LINE('',#7513,#964);
#419=LINE('',#7516,#965);
#420=LINE('',#7518,#966);
#421=LINE('',#7520,#967);
#422=LINE('',#7522,#968);
#423=LINE('',#7524,#969);
#424=LINE('',#7526,#970);
#425=LINE('',#7530,#971);
#426=LINE('',#7532,#972);
#427=LINE('',#7534,#973);
#428=LINE('',#7536,#974);
#429=LINE('',#7538,#975);
#430=LINE('',#7540,#976);
#431=LINE('',#7541,#977);
#432=LINE('',#7543,#978);
#433=LINE('',#7547,#979);
#434=LINE('',#7549,#980);
#435=LINE('',#7552,#981);
#436=LINE('',#7553,#982);
#437=LINE('',#7558,#983);
#438=LINE('',#7561,#984);
#439=LINE('',#7563,#985);
#440=LINE('',#7565,#986);
#441=LINE('',#7567,#987);
#442=LINE('',#7569,#988);
#443=LINE('',#7571,#989);
#444=LINE('',#7573,#990);
#445=LINE('',#7575,#991);
#446=LINE('',#7577,#992);
#447=LINE('',#7579,#993);
#448=LINE('',#7580,#994);
#449=LINE('',#7591,#995);
#450=LINE('',#7594,#996);
#451=LINE('',#7596,#997);
#452=LINE('',#7598,#998);
#453=LINE('',#7600,#999);
#454=LINE('',#7602,#1000);
#455=LINE('',#7604,#1001);
#456=LINE('',#7606,#1002);
#457=LINE('',#7608,#1003);
#458=LINE('',#7610,#1004);
#459=LINE('',#7612,#1005);
#460=LINE('',#7613,#1006);
#461=LINE('',#7618,#1007);
#462=LINE('',#7621,#1008);
#463=LINE('',#7623,#1009);
#464=LINE('',#7625,#1010);
#465=LINE('',#7627,#1011);
#466=LINE('',#7629,#1012);
#467=LINE('',#7631,#1013);
#468=LINE('',#7633,#1014);
#469=LINE('',#7635,#1015);
#470=LINE('',#7637,#1016);
#471=LINE('',#7639,#1017);
#472=LINE('',#7641,#1018);
#473=LINE('',#7643,#1019);
#474=LINE('',#7645,#1020);
#475=LINE('',#7647,#1021);
#476=LINE('',#7649,#1022);
#477=LINE('',#7651,#1023);
#478=LINE('',#7652,#1024);
#479=LINE('',#7657,#1025);
#480=LINE('',#7660,#1026);
#481=LINE('',#7662,#1027);
#482=LINE('',#7664,#1028);
#483=LINE('',#7666,#1029);
#484=LINE('',#7668,#1030);
#485=LINE('',#7670,#1031);
#486=LINE('',#7672,#1032);
#487=LINE('',#7674,#1033);
#488=LINE('',#7676,#1034);
#489=LINE('',#7678,#1035);
#490=LINE('',#7680,#1036);
#491=LINE('',#7682,#1037);
#492=LINE('',#7684,#1038);
#493=LINE('',#7686,#1039);
#494=LINE('',#7688,#1040);
#495=LINE('',#7690,#1041);
#496=LINE('',#7692,#1042);
#497=LINE('',#7694,#1043);
#498=LINE('',#7696,#1044);
#499=LINE('',#7698,#1045);
#500=LINE('',#7700,#1046);
#501=LINE('',#7702,#1047);
#502=LINE('',#7704,#1048);
#503=LINE('',#7706,#1049);
#504=LINE('',#7708,#1050);
#505=LINE('',#7710,#1051);
#506=LINE('',#7712,#1052);
#507=LINE('',#7714,#1053);
#508=LINE('',#7716,#1054);
#509=LINE('',#7718,#1055);
#510=LINE('',#7720,#1056);
#511=LINE('',#7722,#1057);
#512=LINE('',#7724,#1058);
#513=LINE('',#7726,#1059);
#514=LINE('',#7728,#1060);
#515=LINE('',#7730,#1061);
#516=LINE('',#7732,#1062);
#517=LINE('',#7734,#1063);
#518=LINE('',#7736,#1064);
#519=LINE('',#7738,#1065);
#520=LINE('',#7740,#1066);
#521=LINE('',#7742,#1067);
#522=LINE('',#7744,#1068);
#523=LINE('',#7746,#1069);
#524=LINE('',#7748,#1070);
#525=LINE('',#7750,#1071);
#526=LINE('',#7752,#1072);
#527=LINE('',#7754,#1073);
#528=LINE('',#7756,#1074);
#529=LINE('',#7758,#1075);
#530=LINE('',#7760,#1076);
#531=LINE('',#7762,#1077);
#532=LINE('',#7764,#1078);
#533=LINE('',#7766,#1079);
#534=LINE('',#7768,#1080);
#535=LINE('',#7770,#1081);
#536=LINE('',#7772,#1082);
#537=LINE('',#7774,#1083);
#538=LINE('',#7776,#1084);
#539=LINE('',#7778,#1085);
#540=LINE('',#7780,#1086);
#541=LINE('',#7782,#1087);
#542=LINE('',#7784,#1088);
#543=LINE('',#7786,#1089);
#544=LINE('',#7788,#1090);
#545=LINE('',#7790,#1091);
#546=LINE('',#7792,#1092);
#547=LINE('',#7794,#1093);
#548=LINE('',#7796,#1094);
#549=LINE('',#7798,#1095);
#550=LINE('',#7799,#1096);
#551=LINE('',#7809,#1097);
#552=LINE('',#7812,#1098);
#553=LINE('',#7814,#1099);
#554=LINE('',#7816,#1100);
#555=LINE('',#7818,#1101);
#556=LINE('',#7820,#1102);
#557=LINE('',#7822,#1103);
#558=LINE('',#7824,#1104);
#559=LINE('',#7826,#1105);
#560=LINE('',#7828,#1106);
#561=LINE('',#7830,#1107);
#562=LINE('',#7832,#1108);
#563=LINE('',#7834,#1109);
#564=LINE('',#7836,#1110);
#565=LINE('',#7838,#1111);
#566=LINE('',#7840,#1112);
#567=LINE('',#7842,#1113);
#568=LINE('',#7843,#1114);
#569=LINE('',#7848,#1115);
#570=LINE('',#7851,#1116);
#571=LINE('',#7853,#1117);
#572=LINE('',#7855,#1118);
#573=LINE('',#7857,#1119);
#574=LINE('',#7859,#1120);
#575=LINE('',#7861,#1121);
#576=LINE('',#7863,#1122);
#577=LINE('',#7865,#1123);
#578=LINE('',#7867,#1124);
#579=LINE('',#7869,#1125);
#580=LINE('',#7870,#1126);
#581=LINE('',#7889,#1127);
#582=LINE('',#7892,#1128);
#583=LINE('',#7894,#1129);
#584=LINE('',#7896,#1130);
#585=LINE('',#7898,#1131);
#586=LINE('',#7900,#1132);
#587=LINE('',#7902,#1133);
#588=LINE('',#7904,#1134);
#589=LINE('',#7906,#1135);
#590=LINE('',#7908,#1136);
#591=LINE('',#7910,#1137);
#592=LINE('',#7912,#1138);
#593=LINE('',#7914,#1139);
#594=LINE('',#7916,#1140);
#595=LINE('',#7918,#1141);
#596=LINE('',#7920,#1142);
#597=LINE('',#7922,#1143);
#598=LINE('',#7924,#1144);
#599=LINE('',#7926,#1145);
#600=LINE('',#7928,#1146);
#601=LINE('',#7930,#1147);
#602=LINE('',#7932,#1148);
#603=LINE('',#7934,#1149);
#604=LINE('',#7936,#1150);
#605=LINE('',#7938,#1151);
#606=LINE('',#7940,#1152);
#607=LINE('',#7942,#1153);
#608=LINE('',#7944,#1154);
#609=LINE('',#7946,#1155);
#610=LINE('',#7948,#1156);
#611=LINE('',#7950,#1157);
#612=LINE('',#7952,#1158);
#613=LINE('',#7954,#1159);
#614=LINE('',#7956,#1160);
#615=LINE('',#7958,#1161);
#616=LINE('',#7960,#1162);
#617=LINE('',#7962,#1163);
#618=LINE('',#7964,#1164);
#619=LINE('',#7966,#1165);
#620=LINE('',#7968,#1166);
#621=LINE('',#7970,#1167);
#622=LINE('',#7972,#1168);
#623=LINE('',#7974,#1169);
#624=LINE('',#7976,#1170);
#625=LINE('',#7978,#1171);
#626=LINE('',#7980,#1172);
#627=LINE('',#7982,#1173);
#628=LINE('',#7984,#1174);
#629=LINE('',#7986,#1175);
#630=LINE('',#7988,#1176);
#631=LINE('',#7990,#1177);
#632=LINE('',#7992,#1178);
#633=LINE('',#7994,#1179);
#634=LINE('',#7996,#1180);
#635=LINE('',#7998,#1181);
#636=LINE('',#8000,#1182);
#637=LINE('',#8002,#1183);
#638=LINE('',#8004,#1184);
#639=LINE('',#8006,#1185);
#640=LINE('',#8008,#1186);
#641=LINE('',#8010,#1187);
#642=LINE('',#8012,#1188);
#643=LINE('',#8014,#1189);
#644=LINE('',#8016,#1190);
#645=LINE('',#8018,#1191);
#646=LINE('',#8020,#1192);
#647=LINE('',#8022,#1193);
#648=LINE('',#8024,#1194);
#649=LINE('',#8026,#1195);
#650=LINE('',#8028,#1196);
#651=LINE('',#8030,#1197);
#652=LINE('',#8031,#1198);
#653=LINE('',#8036,#1199);
#654=LINE('',#8039,#1200);
#655=LINE('',#8041,#1201);
#656=LINE('',#8043,#1202);
#657=LINE('',#8045,#1203);
#658=LINE('',#8047,#1204);
#659=LINE('',#8049,#1205);
#660=LINE('',#8051,#1206);
#661=LINE('',#8053,#1207);
#662=LINE('',#8055,#1208);
#663=LINE('',#8057,#1209);
#664=LINE('',#8059,#1210);
#665=LINE('',#8061,#1211);
#666=LINE('',#8062,#1212);
#667=LINE('',#8064,#1213);
#668=LINE('',#8066,#1214);
#669=LINE('',#8070,#1215);
#670=LINE('',#8075,#1216);
#671=LINE('',#8080,#1217);
#672=LINE('',#8083,#1218);
#673=LINE('',#8085,#1219);
#674=LINE('',#8087,#1220);
#675=LINE('',#8089,#1221);
#676=LINE('',#8091,#1222);
#677=LINE('',#8093,#1223);
#678=LINE('',#8095,#1224);
#679=LINE('',#8097,#1225);
#680=LINE('',#8099,#1226);
#681=LINE('',#8101,#1227);
#682=LINE('',#8102,#1228);
#683=LINE('',#8107,#1229);
#684=LINE('',#8110,#1230);
#685=LINE('',#8112,#1231);
#686=LINE('',#8114,#1232);
#687=LINE('',#8116,#1233);
#688=LINE('',#8118,#1234);
#689=LINE('',#8120,#1235);
#690=LINE('',#8122,#1236);
#691=LINE('',#8124,#1237);
#692=LINE('',#8126,#1238);
#693=LINE('',#8128,#1239);
#694=LINE('',#8130,#1240);
#695=LINE('',#8132,#1241);
#696=LINE('',#8134,#1242);
#697=LINE('',#8136,#1243);
#698=LINE('',#8138,#1244);
#699=LINE('',#8145,#1245);
#700=LINE('',#8146,#1246);
#701=LINE('',#8151,#1247);
#702=LINE('',#8154,#1248);
#703=LINE('',#8156,#1249);
#704=LINE('',#8158,#1250);
#705=LINE('',#8160,#1251);
#706=LINE('',#8162,#1252);
#707=LINE('',#8164,#1253);
#708=LINE('',#8166,#1254);
#709=LINE('',#8168,#1255);
#710=LINE('',#8170,#1256);
#711=LINE('',#8172,#1257);
#712=LINE('',#8173,#1258);
#713=LINE('',#8178,#1259);
#714=LINE('',#8181,#1260);
#715=LINE('',#8183,#1261);
#716=LINE('',#8185,#1262);
#717=LINE('',#8187,#1263);
#718=LINE('',#8189,#1264);
#719=LINE('',#8191,#1265);
#720=LINE('',#8193,#1266);
#721=LINE('',#8195,#1267);
#722=LINE('',#8197,#1268);
#723=LINE('',#8199,#1269);
#724=LINE('',#8201,#1270);
#725=LINE('',#8203,#1271);
#726=LINE('',#8213,#1272);
#727=LINE('',#8216,#1273);
#728=LINE('',#8218,#1274);
#729=LINE('',#8220,#1275);
#730=LINE('',#8222,#1276);
#731=LINE('',#8224,#1277);
#732=LINE('',#8226,#1278);
#733=LINE('',#8230,#1279);
#734=LINE('',#8232,#1280);
#735=LINE('',#8234,#1281);
#736=LINE('',#8236,#1282);
#737=LINE('',#8237,#1283);
#738=LINE('',#8248,#1284);
#739=LINE('',#8251,#1285);
#740=LINE('',#8253,#1286);
#741=LINE('',#8255,#1287);
#742=LINE('',#8257,#1288);
#743=LINE('',#8259,#1289);
#744=LINE('',#8261,#1290);
#745=LINE('',#8263,#1291);
#746=LINE('',#8265,#1292);
#747=LINE('',#8267,#1293);
#748=LINE('',#8269,#1294);
#749=LINE('',#8270,#1295);
#750=LINE('',#8295,#1296);
#751=LINE('',#8298,#1297);
#752=LINE('',#8300,#1298);
#753=LINE('',#8302,#1299);
#754=LINE('',#8304,#1300);
#755=LINE('',#8307,#1301);
#756=LINE('',#8309,#1302);
#757=LINE('',#8311,#1303);
#758=LINE('',#8312,#1304);
#759=LINE('',#8314,#1305);
#760=LINE('',#8316,#1306);
#761=LINE('',#8318,#1307);
#762=LINE('',#8320,#1308);
#763=LINE('',#8322,#1309);
#764=LINE('',#8324,#1310);
#765=LINE('',#8325,#1311);
#766=LINE('',#8333,#1312);
#767=LINE('',#8335,#1313);
#768=LINE('',#8337,#1314);
#769=LINE('',#8339,#1315);
#770=LINE('',#8341,#1316);
#771=LINE('',#8343,#1317);
#772=LINE('',#8347,#1318);
#773=LINE('',#8351,#1319);
#774=LINE('',#8357,#1320);
#775=LINE('',#8360,#1321);
#776=LINE('',#8362,#1322);
#777=LINE('',#8364,#1323);
#778=LINE('',#8365,#1324);
#779=LINE('',#8368,#1325);
#780=LINE('',#8370,#1326);
#781=LINE('',#8372,#1327);
#782=LINE('',#8374,#1328);
#783=LINE('',#8377,#1329);
#784=LINE('',#8378,#1330);
#785=LINE('',#8380,#1331);
#786=LINE('',#8382,#1332);
#787=LINE('',#8384,#1333);
#788=LINE('',#8386,#1334);
#789=LINE('',#8388,#1335);
#790=LINE('',#8391,#1336);
#791=LINE('',#8394,#1337);
#792=LINE('',#8395,#1338);
#793=LINE('',#8397,#1339);
#794=LINE('',#8399,#1340);
#795=LINE('',#8401,#1341);
#796=LINE('',#8403,#1342);
#797=LINE('',#8405,#1343);
#798=LINE('',#8409,#1344);
#799=LINE('',#8412,#1345);
#800=LINE('',#8414,#1346);
#801=LINE('',#8416,#1347);
#802=LINE('',#8418,#1348);
#803=LINE('',#8420,#1349);
#804=LINE('',#8422,#1350);
#805=LINE('',#8424,#1351);
#806=LINE('',#8426,#1352);
#807=LINE('',#8428,#1353);
#808=LINE('',#8430,#1354);
#809=LINE('',#8432,#1355);
#810=LINE('',#8434,#1356);
#811=LINE('',#8436,#1357);
#812=LINE('',#8438,#1358);
#813=LINE('',#8440,#1359);
#814=LINE('',#8442,#1360);
#815=LINE('',#8443,#1361);
#816=LINE('',#8445,#1362);
#817=LINE('',#8448,#1363);
#818=LINE('',#8450,#1364);
#819=LINE('',#8452,#1365);
#820=LINE('',#8454,#1366);
#821=LINE('',#8457,#1367);
#822=LINE('',#8459,#1368);
#823=LINE('',#8461,#1369);
#824=LINE('',#8463,#1370);
#825=LINE('',#8464,#1371);
#826=LINE('',#8466,#1372);
#827=LINE('',#8468,#1373);
#828=LINE('',#8472,#1374);
#829=LINE('',#8475,#1375);
#830=LINE('',#8477,#1376);
#831=LINE('',#8479,#1377);
#832=LINE('',#8481,#1378);
#833=LINE('',#8483,#1379);
#834=LINE('',#8485,#1380);
#835=LINE('',#8487,#1381);
#836=LINE('',#8489,#1382);
#837=LINE('',#8491,#1383);
#838=LINE('',#8493,#1384);
#839=LINE('',#8494,#1385);
#840=LINE('',#8514,#1386);
#841=LINE('',#8517,#1387);
#842=LINE('',#8519,#1388);
#843=LINE('',#8521,#1389);
#844=LINE('',#8523,#1390);
#845=LINE('',#8525,#1391);
#846=LINE('',#8527,#1392);
#847=LINE('',#8529,#1393);
#848=LINE('',#8531,#1394);
#849=LINE('',#8533,#1395);
#850=LINE('',#8535,#1396);
#851=LINE('',#8536,#1397);
#852=LINE('',#8547,#1398);
#853=LINE('',#8550,#1399);
#854=LINE('',#8552,#1400);
#855=LINE('',#8554,#1401);
#856=LINE('',#8556,#1402);
#857=LINE('',#8559,#1403);
#858=LINE('',#8561,#1404);
#859=LINE('',#8563,#1405);
#860=LINE('',#8565,#1406);
#861=LINE('',#8568,#1407);
#862=LINE('',#8570,#1408);
#863=LINE('',#8572,#1409);
#864=LINE('',#8574,#1410);
#865=LINE('',#8577,#1411);
#866=LINE('',#8579,#1412);
#867=LINE('',#8581,#1413);
#868=LINE('',#8618,#1414);
#869=LINE('',#8621,#1415);
#870=LINE('',#8623,#1416);
#871=LINE('',#8625,#1417);
#872=LINE('',#8627,#1418);
#873=LINE('',#8629,#1419);
#874=LINE('',#8631,#1420);
#875=LINE('',#8633,#1421);
#876=LINE('',#8635,#1422);
#877=LINE('',#8637,#1423);
#878=LINE('',#8639,#1424);
#879=LINE('',#8640,#1425);
#880=VECTOR('',#5831,1.);
#881=VECTOR('',#5834,1.);
#882=VECTOR('',#5851,1.);
#883=VECTOR('',#5854,1.);
#884=VECTOR('',#5871,1.);
#885=VECTOR('',#5874,1.);
#886=VECTOR('',#5909,1.);
#887=VECTOR('',#5912,1.);
#888=VECTOR('',#5915,1.);
#889=VECTOR('',#5916,1.);
#890=VECTOR('',#5925,1.);
#891=VECTOR('',#5926,1.);
#892=VECTOR('',#5927,1.);
#893=VECTOR('',#5928,1.);
#894=VECTOR('',#5931,1.);
#895=VECTOR('',#5932,1.);
#896=VECTOR('',#5933,1.);
#897=VECTOR('',#5936,1.);
#898=VECTOR('',#5937,1.);
#899=VECTOR('',#5938,1.);
#900=VECTOR('',#5941,1.);
#901=VECTOR('',#5942,1.);
#902=VECTOR('',#5965,1.);
#903=VECTOR('',#5966,1.);
#904=VECTOR('',#5967,1.);
#905=VECTOR('',#5968,1.);
#906=VECTOR('',#5973,1.);
#907=VECTOR('',#5978,1.);
#908=VECTOR('',#5979,1.);
#909=VECTOR('',#5980,1.);
#910=VECTOR('',#6001,1.);
#911=VECTOR('',#6002,1.);
#912=VECTOR('',#6003,1.);
#913=VECTOR('',#6004,1.);
#914=VECTOR('',#6007,1.);
#915=VECTOR('',#6008,1.);
#916=VECTOR('',#6009,1.);
#917=VECTOR('',#6012,1.);
#918=VECTOR('',#6013,1.);
#919=VECTOR('',#6014,1.);
#920=VECTOR('',#6035,1.);
#921=VECTOR('',#6036,1.);
#922=VECTOR('',#6047,1.);
#923=VECTOR('',#6048,1.);
#924=VECTOR('',#6049,1.);
#925=VECTOR('',#6050,1.);
#926=VECTOR('',#6051,1.);
#927=VECTOR('',#6052,1.);
#928=VECTOR('',#6067,1.);
#929=VECTOR('',#6068,1.);
#930=VECTOR('',#6069,1.);
#931=VECTOR('',#6072,1.);
#932=VECTOR('',#6073,1.);
#933=VECTOR('',#6076,1.);
#934=VECTOR('',#6077,1.);
#935=VECTOR('',#6080,1.);
#936=VECTOR('',#6081,1.);
#937=VECTOR('',#6084,1.);
#938=VECTOR('',#6085,1.);
#939=VECTOR('',#6088,1.);
#940=VECTOR('',#6095,1.);
#941=VECTOR('',#6096,1.);
#942=VECTOR('',#6097,1.);
#943=VECTOR('',#6098,1.);
#944=VECTOR('',#6101,1.);
#945=VECTOR('',#6102,1.);
#946=VECTOR('',#6103,1.);
#947=VECTOR('',#6106,1.);
#948=VECTOR('',#6107,1.);
#949=VECTOR('',#6108,1.);
#950=VECTOR('',#6111,1.);
#951=VECTOR('',#6112,1.);
#952=VECTOR('',#6113,1.);
#953=VECTOR('',#6114,1.);
#954=VECTOR('',#6117,1.);
#955=VECTOR('',#6118,1.);
#956=VECTOR('',#6119,1.);
#957=VECTOR('',#6122,1.);
#958=VECTOR('',#6123,1.);
#959=VECTOR('',#6124,1.);
#960=VECTOR('',#6127,1.);
#961=VECTOR('',#6128,1.);
#962=VECTOR('',#6131,1.);
#963=VECTOR('',#6132,1.);
#964=VECTOR('',#6141,1.);
#965=VECTOR('',#6142,1.);
#966=VECTOR('',#6143,1.);
#967=VECTOR('',#6144,1.);
#968=VECTOR('',#6147,1.);
#969=VECTOR('',#6148,1.);
#970=VECTOR('',#6149,1.);
#971=VECTOR('',#6152,1.);
#972=VECTOR('',#6153,1.);
#973=VECTOR('',#6156,1.);
#974=VECTOR('',#6157,1.);
#975=VECTOR('',#6158,1.);
#976=VECTOR('',#6161,1.);
#977=VECTOR('',#6162,1.);
#978=VECTOR('',#6163,1.);
#979=VECTOR('',#6166,1.);
#980=VECTOR('',#6169,1.);
#981=VECTOR('',#6174,1.);
#982=VECTOR('',#6175,1.);
#983=VECTOR('',#6184,1.);
#984=VECTOR('',#6185,1.);
#985=VECTOR('',#6186,1.);
#986=VECTOR('',#6187,1.);
#987=VECTOR('',#6190,1.);
#988=VECTOR('',#6191,1.);
#989=VECTOR('',#6192,1.);
#990=VECTOR('',#6195,1.);
#991=VECTOR('',#6196,1.);
#992=VECTOR('',#6197,1.);
#993=VECTOR('',#6200,1.);
#994=VECTOR('',#6201,1.);
#995=VECTOR('',#6218,1.);
#996=VECTOR('',#6219,1.);
#997=VECTOR('',#6220,1.);
#998=VECTOR('',#6221,1.);
#999=VECTOR('',#6224,1.);
#1000=VECTOR('',#6225,1.);
#1001=VECTOR('',#6226,1.);
#1002=VECTOR('',#6229,1.);
#1003=VECTOR('',#6230,1.);
#1004=VECTOR('',#6231,1.);
#1005=VECTOR('',#6234,1.);
#1006=VECTOR('',#6235,1.);
#1007=VECTOR('',#6244,1.);
#1008=VECTOR('',#6245,1.);
#1009=VECTOR('',#6246,1.);
#1010=VECTOR('',#6247,1.);
#1011=VECTOR('',#6250,1.);
#1012=VECTOR('',#6251,1.);
#1013=VECTOR('',#6252,1.);
#1014=VECTOR('',#6255,1.);
#1015=VECTOR('',#6256,1.);
#1016=VECTOR('',#6257,1.);
#1017=VECTOR('',#6260,1.);
#1018=VECTOR('',#6261,1.);
#1019=VECTOR('',#6262,1.);
#1020=VECTOR('',#6265,1.);
#1021=VECTOR('',#6266,1.);
#1022=VECTOR('',#6267,1.);
#1023=VECTOR('',#6270,1.);
#1024=VECTOR('',#6271,1.);
#1025=VECTOR('',#6280,1.);
#1026=VECTOR('',#6281,1.);
#1027=VECTOR('',#6282,1.);
#1028=VECTOR('',#6283,1.);
#1029=VECTOR('',#6286,1.);
#1030=VECTOR('',#6287,1.);
#1031=VECTOR('',#6288,1.);
#1032=VECTOR('',#6291,1.);
#1033=VECTOR('',#6292,1.);
#1034=VECTOR('',#6293,1.);
#1035=VECTOR('',#6296,1.);
#1036=VECTOR('',#6297,1.);
#1037=VECTOR('',#6298,1.);
#1038=VECTOR('',#6301,1.);
#1039=VECTOR('',#6302,1.);
#1040=VECTOR('',#6303,1.);
#1041=VECTOR('',#6306,1.);
#1042=VECTOR('',#6307,1.);
#1043=VECTOR('',#6308,1.);
#1044=VECTOR('',#6311,1.);
#1045=VECTOR('',#6312,1.);
#1046=VECTOR('',#6313,1.);
#1047=VECTOR('',#6316,1.);
#1048=VECTOR('',#6317,1.);
#1049=VECTOR('',#6318,1.);
#1050=VECTOR('',#6321,1.);
#1051=VECTOR('',#6322,1.);
#1052=VECTOR('',#6323,1.);
#1053=VECTOR('',#6326,1.);
#1054=VECTOR('',#6327,1.);
#1055=VECTOR('',#6328,1.);
#1056=VECTOR('',#6331,1.);
#1057=VECTOR('',#6332,1.);
#1058=VECTOR('',#6333,1.);
#1059=VECTOR('',#6336,1.);
#1060=VECTOR('',#6337,1.);
#1061=VECTOR('',#6338,1.);
#1062=VECTOR('',#6341,1.);
#1063=VECTOR('',#6342,1.);
#1064=VECTOR('',#6343,1.);
#1065=VECTOR('',#6346,1.);
#1066=VECTOR('',#6347,1.);
#1067=VECTOR('',#6348,1.);
#1068=VECTOR('',#6351,1.);
#1069=VECTOR('',#6352,1.);
#1070=VECTOR('',#6353,1.);
#1071=VECTOR('',#6356,1.);
#1072=VECTOR('',#6357,1.);
#1073=VECTOR('',#6358,1.);
#1074=VECTOR('',#6361,1.);
#1075=VECTOR('',#6362,1.);
#1076=VECTOR('',#6363,1.);
#1077=VECTOR('',#6366,1.);
#1078=VECTOR('',#6367,1.);
#1079=VECTOR('',#6368,1.);
#1080=VECTOR('',#6371,1.);
#1081=VECTOR('',#6372,1.);
#1082=VECTOR('',#6373,1.);
#1083=VECTOR('',#6376,1.);
#1084=VECTOR('',#6377,1.);
#1085=VECTOR('',#6378,1.);
#1086=VECTOR('',#6381,1.);
#1087=VECTOR('',#6382,1.);
#1088=VECTOR('',#6383,1.);
#1089=VECTOR('',#6386,1.);
#1090=VECTOR('',#6387,1.);
#1091=VECTOR('',#6388,1.);
#1092=VECTOR('',#6391,1.);
#1093=VECTOR('',#6392,1.);
#1094=VECTOR('',#6393,1.);
#1095=VECTOR('',#6396,1.);
#1096=VECTOR('',#6397,1.);
#1097=VECTOR('',#6412,1.);
#1098=VECTOR('',#6413,1.);
#1099=VECTOR('',#6414,1.);
#1100=VECTOR('',#6415,1.);
#1101=VECTOR('',#6418,1.);
#1102=VECTOR('',#6419,1.);
#1103=VECTOR('',#6420,1.);
#1104=VECTOR('',#6423,1.);
#1105=VECTOR('',#6424,1.);
#1106=VECTOR('',#6425,1.);
#1107=VECTOR('',#6428,1.);
#1108=VECTOR('',#6429,1.);
#1109=VECTOR('',#6430,1.);
#1110=VECTOR('',#6433,1.);
#1111=VECTOR('',#6434,1.);
#1112=VECTOR('',#6435,1.);
#1113=VECTOR('',#6438,1.);
#1114=VECTOR('',#6439,1.);
#1115=VECTOR('',#6448,1.);
#1116=VECTOR('',#6449,1.);
#1117=VECTOR('',#6450,1.);
#1118=VECTOR('',#6451,1.);
#1119=VECTOR('',#6454,1.);
#1120=VECTOR('',#6455,1.);
#1121=VECTOR('',#6456,1.);
#1122=VECTOR('',#6459,1.);
#1123=VECTOR('',#6460,1.);
#1124=VECTOR('',#6461,1.);
#1125=VECTOR('',#6464,1.);
#1126=VECTOR('',#6465,1.);
#1127=VECTOR('',#6494,1.);
#1128=VECTOR('',#6495,1.);
#1129=VECTOR('',#6496,1.);
#1130=VECTOR('',#6497,1.);
#1131=VECTOR('',#6500,1.);
#1132=VECTOR('',#6501,1.);
#1133=VECTOR('',#6502,1.);
#1134=VECTOR('',#6505,1.);
#1135=VECTOR('',#6506,1.);
#1136=VECTOR('',#6507,1.);
#1137=VECTOR('',#6510,1.);
#1138=VECTOR('',#6511,1.);
#1139=VECTOR('',#6512,1.);
#1140=VECTOR('',#6515,1.);
#1141=VECTOR('',#6516,1.);
#1142=VECTOR('',#6517,1.);
#1143=VECTOR('',#6520,1.);
#1144=VECTOR('',#6521,1.);
#1145=VECTOR('',#6522,1.);
#1146=VECTOR('',#6525,1.);
#1147=VECTOR('',#6526,1.);
#1148=VECTOR('',#6527,1.);
#1149=VECTOR('',#6530,1.);
#1150=VECTOR('',#6531,1.);
#1151=VECTOR('',#6532,1.);
#1152=VECTOR('',#6535,1.);
#1153=VECTOR('',#6536,1.);
#1154=VECTOR('',#6537,1.);
#1155=VECTOR('',#6540,1.);
#1156=VECTOR('',#6541,1.);
#1157=VECTOR('',#6542,1.);
#1158=VECTOR('',#6545,1.);
#1159=VECTOR('',#6546,1.);
#1160=VECTOR('',#6547,1.);
#1161=VECTOR('',#6550,1.);
#1162=VECTOR('',#6551,1.);
#1163=VECTOR('',#6552,1.);
#1164=VECTOR('',#6555,1.);
#1165=VECTOR('',#6556,1.);
#1166=VECTOR('',#6557,1.);
#1167=VECTOR('',#6560,1.);
#1168=VECTOR('',#6561,1.);
#1169=VECTOR('',#6562,1.);
#1170=VECTOR('',#6565,1.);
#1171=VECTOR('',#6566,1.);
#1172=VECTOR('',#6567,1.);
#1173=VECTOR('',#6570,1.);
#1174=VECTOR('',#6571,1.);
#1175=VECTOR('',#6572,1.);
#1176=VECTOR('',#6575,1.);
#1177=VECTOR('',#6576,1.);
#1178=VECTOR('',#6577,1.);
#1179=VECTOR('',#6580,1.);
#1180=VECTOR('',#6581,1.);
#1181=VECTOR('',#6582,1.);
#1182=VECTOR('',#6585,1.);
#1183=VECTOR('',#6586,1.);
#1184=VECTOR('',#6587,1.);
#1185=VECTOR('',#6590,1.);
#1186=VECTOR('',#6591,1.);
#1187=VECTOR('',#6592,1.);
#1188=VECTOR('',#6595,1.);
#1189=VECTOR('',#6596,1.);
#1190=VECTOR('',#6597,1.);
#1191=VECTOR('',#6600,1.);
#1192=VECTOR('',#6601,1.);
#1193=VECTOR('',#6602,1.);
#1194=VECTOR('',#6605,1.);
#1195=VECTOR('',#6606,1.);
#1196=VECTOR('',#6607,1.);
#1197=VECTOR('',#6610,1.);
#1198=VECTOR('',#6611,1.);
#1199=VECTOR('',#6620,1.);
#1200=VECTOR('',#6621,1.);
#1201=VECTOR('',#6622,1.);
#1202=VECTOR('',#6623,1.);
#1203=VECTOR('',#6626,1.);
#1204=VECTOR('',#6627,1.);
#1205=VECTOR('',#6628,1.);
#1206=VECTOR('',#6629,1.);
#1207=VECTOR('',#6630,1.);
#1208=VECTOR('',#6633,1.);
#1209=VECTOR('',#6634,1.);
#1210=VECTOR('',#6635,1.);
#1211=VECTOR('',#6638,1.);
#1212=VECTOR('',#6639,1.);
#1213=VECTOR('',#6640,1.);
#1214=VECTOR('',#6641,1.);
#1215=VECTOR('',#6646,1.);
#1216=VECTOR('',#6653,1.);
#1217=VECTOR('',#6662,1.);
#1218=VECTOR('',#6663,1.);
#1219=VECTOR('',#6664,1.);
#1220=VECTOR('',#6665,1.);
#1221=VECTOR('',#6668,1.);
#1222=VECTOR('',#6669,1.);
#1223=VECTOR('',#6670,1.);
#1224=VECTOR('',#6673,1.);
#1225=VECTOR('',#6674,1.);
#1226=VECTOR('',#6675,1.);
#1227=VECTOR('',#6678,1.);
#1228=VECTOR('',#6679,1.);
#1229=VECTOR('',#6688,1.);
#1230=VECTOR('',#6689,1.);
#1231=VECTOR('',#6690,1.);
#1232=VECTOR('',#6691,1.);
#1233=VECTOR('',#6694,1.);
#1234=VECTOR('',#6695,1.);
#1235=VECTOR('',#6696,1.);
#1236=VECTOR('',#6699,1.);
#1237=VECTOR('',#6700,1.);
#1238=VECTOR('',#6701,1.);
#1239=VECTOR('',#6704,1.);
#1240=VECTOR('',#6705,1.);
#1241=VECTOR('',#6706,1.);
#1242=VECTOR('',#6709,1.);
#1243=VECTOR('',#6710,1.);
#1244=VECTOR('',#6711,1.);
#1245=VECTOR('',#6720,1.);
#1246=VECTOR('',#6721,1.);
#1247=VECTOR('',#6730,1.);
#1248=VECTOR('',#6731,1.);
#1249=VECTOR('',#6732,1.);
#1250=VECTOR('',#6733,1.);
#1251=VECTOR('',#6736,1.);
#1252=VECTOR('',#6737,1.);
#1253=VECTOR('',#6738,1.);
#1254=VECTOR('',#6741,1.);
#1255=VECTOR('',#6742,1.);
#1256=VECTOR('',#6743,1.);
#1257=VECTOR('',#6746,1.);
#1258=VECTOR('',#6747,1.);
#1259=VECTOR('',#6756,1.);
#1260=VECTOR('',#6757,1.);
#1261=VECTOR('',#6758,1.);
#1262=VECTOR('',#6759,1.);
#1263=VECTOR('',#6762,1.);
#1264=VECTOR('',#6763,1.);
#1265=VECTOR('',#6764,1.);
#1266=VECTOR('',#6767,1.);
#1267=VECTOR('',#6768,1.);
#1268=VECTOR('',#6769,1.);
#1269=VECTOR('',#6772,1.);
#1270=VECTOR('',#6773,1.);
#1271=VECTOR('',#6774,1.);
#1272=VECTOR('',#6791,1.);
#1273=VECTOR('',#6792,1.);
#1274=VECTOR('',#6793,1.);
#1275=VECTOR('',#6794,1.);
#1276=VECTOR('',#6797,1.);
#1277=VECTOR('',#6798,1.);
#1278=VECTOR('',#6799,1.);
#1279=VECTOR('',#6804,1.);
#1280=VECTOR('',#6805,1.);
#1281=VECTOR('',#6806,1.);
#1282=VECTOR('',#6809,1.);
#1283=VECTOR('',#6810,1.);
#1284=VECTOR('',#6827,1.);
#1285=VECTOR('',#6828,1.);
#1286=VECTOR('',#6829,1.);
#1287=VECTOR('',#6830,1.);
#1288=VECTOR('',#6833,1.);
#1289=VECTOR('',#6834,1.);
#1290=VECTOR('',#6835,1.);
#1291=VECTOR('',#6838,1.);
#1292=VECTOR('',#6839,1.);
#1293=VECTOR('',#6840,1.);
#1294=VECTOR('',#6843,1.);
#1295=VECTOR('',#6844,1.);
#1296=VECTOR('',#6877,1.);
#1297=VECTOR('',#6878,1.);
#1298=VECTOR('',#6879,1.);
#1299=VECTOR('',#6880,1.);
#1300=VECTOR('',#6883,1.);
#1301=VECTOR('',#6884,1.);
#1302=VECTOR('',#6885,1.);
#1303=VECTOR('',#6886,1.);
#1304=VECTOR('',#6887,1.);
#1305=VECTOR('',#6888,1.);
#1306=VECTOR('',#6889,1.);
#1307=VECTOR('',#6892,1.);
#1308=VECTOR('',#6893,1.);
#1309=VECTOR('',#6894,1.);
#1310=VECTOR('',#6897,1.);
#1311=VECTOR('',#6898,1.);
#1312=VECTOR('',#6909,1.);
#1313=VECTOR('',#6910,1.);
#1314=VECTOR('',#6911,1.);
#1315=VECTOR('',#6914,1.);
#1316=VECTOR('',#6915,1.);
#1317=VECTOR('',#6916,1.);
#1318=VECTOR('',#6921,1.);
#1319=VECTOR('',#6926,1.);
#1320=VECTOR('',#6937,1.);
#1321=VECTOR('',#6938,1.);
#1322=VECTOR('',#6939,1.);
#1323=VECTOR('',#6940,1.);
#1324=VECTOR('',#6941,1.);
#1325=VECTOR('',#6942,1.);
#1326=VECTOR('',#6943,1.);
#1327=VECTOR('',#6944,1.);
#1328=VECTOR('',#6947,1.);
#1329=VECTOR('',#6948,1.);
#1330=VECTOR('',#6949,1.);
#1331=VECTOR('',#6952,1.);
#1332=VECTOR('',#6953,1.);
#1333=VECTOR('',#6956,1.);
#1334=VECTOR('',#6957,1.);
#1335=VECTOR('',#6960,1.);
#1336=VECTOR('',#6965,1.);
#1337=VECTOR('',#6966,1.);
#1338=VECTOR('',#6967,1.);
#1339=VECTOR('',#6970,1.);
#1340=VECTOR('',#6971,1.);
#1341=VECTOR('',#6974,1.);
#1342=VECTOR('',#6975,1.);
#1343=VECTOR('',#6978,1.);
#1344=VECTOR('',#6985,1.);
#1345=VECTOR('',#6986,1.);
#1346=VECTOR('',#6987,1.);
#1347=VECTOR('',#6988,1.);
#1348=VECTOR('',#6991,1.);
#1349=VECTOR('',#6992,1.);
#1350=VECTOR('',#6993,1.);
#1351=VECTOR('',#6996,1.);
#1352=VECTOR('',#6997,1.);
#1353=VECTOR('',#6998,1.);
#1354=VECTOR('',#7001,1.);
#1355=VECTOR('',#7002,1.);
#1356=VECTOR('',#7003,1.);
#1357=VECTOR('',#7006,1.);
#1358=VECTOR('',#7007,1.);
#1359=VECTOR('',#7008,1.);
#1360=VECTOR('',#7011,1.);
#1361=VECTOR('',#7012,1.);
#1362=VECTOR('',#7015,1.);
#1363=VECTOR('',#7016,1.);
#1364=VECTOR('',#7017,1.);
#1365=VECTOR('',#7018,1.);
#1366=VECTOR('',#7021,1.);
#1367=VECTOR('',#7022,1.);
#1368=VECTOR('',#7023,1.);
#1369=VECTOR('',#7024,1.);
#1370=VECTOR('',#7027,1.);
#1371=VECTOR('',#7028,1.);
#1372=VECTOR('',#7031,1.);
#1373=VECTOR('',#7034,1.);
#1374=VECTOR('',#7041,1.);
#1375=VECTOR('',#7042,1.);
#1376=VECTOR('',#7043,1.);
#1377=VECTOR('',#7044,1.);
#1378=VECTOR('',#7047,1.);
#1379=VECTOR('',#7048,1.);
#1380=VECTOR('',#7049,1.);
#1381=VECTOR('',#7052,1.);
#1382=VECTOR('',#7053,1.);
#1383=VECTOR('',#7054,1.);
#1384=VECTOR('',#7057,1.);
#1385=VECTOR('',#7058,1.);
#1386=VECTOR('',#7085,1.);
#1387=VECTOR('',#7086,1.);
#1388=VECTOR('',#7087,1.);
#1389=VECTOR('',#7088,1.);
#1390=VECTOR('',#7091,1.);
#1391=VECTOR('',#7092,1.);
#1392=VECTOR('',#7093,1.);
#1393=VECTOR('',#7096,1.);
#1394=VECTOR('',#7097,1.);
#1395=VECTOR('',#7098,1.);
#1396=VECTOR('',#7101,1.);
#1397=VECTOR('',#7102,1.);
#1398=VECTOR('',#7119,1.);
#1399=VECTOR('',#7120,1.);
#1400=VECTOR('',#7121,1.);
#1401=VECTOR('',#7122,1.);
#1402=VECTOR('',#7125,1.);
#1403=VECTOR('',#7126,1.);
#1404=VECTOR('',#7127,1.);
#1405=VECTOR('',#7128,1.);
#1406=VECTOR('',#7131,1.);
#1407=VECTOR('',#7132,1.);
#1408=VECTOR('',#7133,1.);
#1409=VECTOR('',#7134,1.);
#1410=VECTOR('',#7137,1.);
#1411=VECTOR('',#7138,1.);
#1412=VECTOR('',#7139,1.);
#1413=VECTOR('',#7140,1.);
#1414=VECTOR('',#7197,1.);
#1415=VECTOR('',#7198,1.);
#1416=VECTOR('',#7199,1.);
#1417=VECTOR('',#7200,1.);
#1418=VECTOR('',#7203,1.);
#1419=VECTOR('',#7204,1.);
#1420=VECTOR('',#7205,1.);
#1421=VECTOR('',#7208,1.);
#1422=VECTOR('',#7209,1.);
#1423=VECTOR('',#7210,1.);
#1424=VECTOR('',#7213,1.);
#1425=VECTOR('',#7214,1.);
#1426=ORIENTED_EDGE('',*,*,#2710,.F.);
#1427=ORIENTED_EDGE('',*,*,#2711,.F.);
#1428=ORIENTED_EDGE('',*,*,#2712,.T.);
#1429=ORIENTED_EDGE('',*,*,#2713,.T.);
#1430=ORIENTED_EDGE('',*,*,#2714,.T.);
#1431=ORIENTED_EDGE('',*,*,#2713,.F.);
#1432=ORIENTED_EDGE('',*,*,#2715,.F.);
#1433=ORIENTED_EDGE('',*,*,#2711,.T.);
#1434=ORIENTED_EDGE('',*,*,#2712,.F.);
#1435=ORIENTED_EDGE('',*,*,#2715,.T.);
#1436=ORIENTED_EDGE('',*,*,#2710,.T.);
#1437=ORIENTED_EDGE('',*,*,#2714,.F.);
#1438=ORIENTED_EDGE('',*,*,#2716,.F.);
#1439=ORIENTED_EDGE('',*,*,#2717,.F.);
#1440=ORIENTED_EDGE('',*,*,#2718,.T.);
#1441=ORIENTED_EDGE('',*,*,#2719,.T.);
#1442=ORIENTED_EDGE('',*,*,#2720,.T.);
#1443=ORIENTED_EDGE('',*,*,#2719,.F.);
#1444=ORIENTED_EDGE('',*,*,#2721,.F.);
#1445=ORIENTED_EDGE('',*,*,#2717,.T.);
#1446=ORIENTED_EDGE('',*,*,#2718,.F.);
#1447=ORIENTED_EDGE('',*,*,#2721,.T.);
#1448=ORIENTED_EDGE('',*,*,#2716,.T.);
#1449=ORIENTED_EDGE('',*,*,#2720,.F.);
#1450=ORIENTED_EDGE('',*,*,#2722,.T.);
#1451=ORIENTED_EDGE('',*,*,#2723,.F.);
#1452=ORIENTED_EDGE('',*,*,#2724,.F.);
#1453=ORIENTED_EDGE('',*,*,#2725,.T.);
#1454=ORIENTED_EDGE('',*,*,#2726,.T.);
#1455=ORIENTED_EDGE('',*,*,#2725,.F.);
#1456=ORIENTED_EDGE('',*,*,#2727,.F.);
#1457=ORIENTED_EDGE('',*,*,#2723,.T.);
#1458=ORIENTED_EDGE('',*,*,#2724,.T.);
#1459=ORIENTED_EDGE('',*,*,#2727,.T.);
#1460=ORIENTED_EDGE('',*,*,#2722,.F.);
#1461=ORIENTED_EDGE('',*,*,#2726,.F.);
#1462=ORIENTED_EDGE('',*,*,#2728,.F.);
#1463=ORIENTED_EDGE('',*,*,#2729,.T.);
#1464=ORIENTED_EDGE('',*,*,#2730,.T.);
#1465=ORIENTED_EDGE('',*,*,#2728,.T.);
#1466=ORIENTED_EDGE('',*,*,#2731,.F.);
#1467=ORIENTED_EDGE('',*,*,#2729,.F.);
#1468=ORIENTED_EDGE('',*,*,#2730,.F.);
#1469=ORIENTED_EDGE('',*,*,#2731,.T.);
#1470=ORIENTED_EDGE('',*,*,#2732,.T.);
#1471=ORIENTED_EDGE('',*,*,#2733,.F.);
#1472=ORIENTED_EDGE('',*,*,#2734,.F.);
#1473=ORIENTED_EDGE('',*,*,#2735,.T.);
#1474=ORIENTED_EDGE('',*,*,#2736,.T.);
#1475=ORIENTED_EDGE('',*,*,#2735,.F.);
#1476=ORIENTED_EDGE('',*,*,#2737,.F.);
#1477=ORIENTED_EDGE('',*,*,#2733,.T.);
#1478=ORIENTED_EDGE('',*,*,#2734,.T.);
#1479=ORIENTED_EDGE('',*,*,#2737,.T.);
#1480=ORIENTED_EDGE('',*,*,#2732,.F.);
#1481=ORIENTED_EDGE('',*,*,#2736,.F.);
#1482=ORIENTED_EDGE('',*,*,#2738,.F.);
#1483=ORIENTED_EDGE('',*,*,#2739,.F.);
#1484=ORIENTED_EDGE('',*,*,#2740,.T.);
#1485=ORIENTED_EDGE('',*,*,#2741,.T.);
#1486=ORIENTED_EDGE('',*,*,#2742,.T.);
#1487=ORIENTED_EDGE('',*,*,#2743,.F.);
#1488=ORIENTED_EDGE('',*,*,#2744,.F.);
#1489=ORIENTED_EDGE('',*,*,#2739,.T.);
#1490=ORIENTED_EDGE('',*,*,#2745,.T.);
#1491=ORIENTED_EDGE('',*,*,#2746,.F.);
#1492=ORIENTED_EDGE('',*,*,#2747,.F.);
#1493=ORIENTED_EDGE('',*,*,#2743,.T.);
#1494=ORIENTED_EDGE('',*,*,#2748,.F.);
#1495=ORIENTED_EDGE('',*,*,#2741,.F.);
#1496=ORIENTED_EDGE('',*,*,#2749,.T.);
#1497=ORIENTED_EDGE('',*,*,#2746,.T.);
#1498=ORIENTED_EDGE('',*,*,#2750,.T.);
#1499=ORIENTED_EDGE('',*,*,#2740,.F.);
#1500=ORIENTED_EDGE('',*,*,#2744,.T.);
#1501=ORIENTED_EDGE('',*,*,#2747,.T.);
#1502=ORIENTED_EDGE('',*,*,#2749,.F.);
#1503=ORIENTED_EDGE('',*,*,#2751,.F.);
#1504=ORIENTED_EDGE('',*,*,#2738,.T.);
#1505=ORIENTED_EDGE('',*,*,#2748,.T.);
#1506=ORIENTED_EDGE('',*,*,#2745,.F.);
#1507=ORIENTED_EDGE('',*,*,#2742,.F.);
#1508=ORIENTED_EDGE('',*,*,#2752,.T.);
#1509=ORIENTED_EDGE('',*,*,#2751,.T.);
#1510=ORIENTED_EDGE('',*,*,#2750,.F.);
#1511=ORIENTED_EDGE('',*,*,#2753,.F.);
#1512=ORIENTED_EDGE('',*,*,#2752,.F.);
#1513=ORIENTED_EDGE('',*,*,#2753,.T.);
#1514=ORIENTED_EDGE('',*,*,#2754,.T.);
#1515=ORIENTED_EDGE('',*,*,#2755,.F.);
#1516=ORIENTED_EDGE('',*,*,#2756,.F.);
#1517=ORIENTED_EDGE('',*,*,#2757,.T.);
#1518=ORIENTED_EDGE('',*,*,#2758,.T.);
#1519=ORIENTED_EDGE('',*,*,#2759,.F.);
#1520=ORIENTED_EDGE('',*,*,#2760,.F.);
#1521=ORIENTED_EDGE('',*,*,#2755,.T.);
#1522=ORIENTED_EDGE('',*,*,#2761,.T.);
#1523=ORIENTED_EDGE('',*,*,#2762,.F.);
#1524=ORIENTED_EDGE('',*,*,#2763,.F.);
#1525=ORIENTED_EDGE('',*,*,#2759,.T.);
#1526=ORIENTED_EDGE('',*,*,#2764,.T.);
#1527=ORIENTED_EDGE('',*,*,#2765,.F.);
#1528=ORIENTED_EDGE('',*,*,#2766,.T.);
#1529=ORIENTED_EDGE('',*,*,#2757,.F.);
#1530=ORIENTED_EDGE('',*,*,#2767,.F.);
#1531=ORIENTED_EDGE('',*,*,#2762,.T.);
#1532=ORIENTED_EDGE('',*,*,#2764,.F.);
#1533=ORIENTED_EDGE('',*,*,#2756,.T.);
#1534=ORIENTED_EDGE('',*,*,#2760,.T.);
#1535=ORIENTED_EDGE('',*,*,#2763,.T.);
#1536=ORIENTED_EDGE('',*,*,#2767,.T.);
#1537=ORIENTED_EDGE('',*,*,#2765,.T.);
#1538=ORIENTED_EDGE('',*,*,#2754,.F.);
#1539=ORIENTED_EDGE('',*,*,#2766,.F.);
#1540=ORIENTED_EDGE('',*,*,#2761,.F.);
#1541=ORIENTED_EDGE('',*,*,#2758,.F.);
#1542=ORIENTED_EDGE('',*,*,#2768,.F.);
#1543=ORIENTED_EDGE('',*,*,#2769,.F.);
#1544=ORIENTED_EDGE('',*,*,#2770,.T.);
#1545=ORIENTED_EDGE('',*,*,#2771,.T.);
#1546=ORIENTED_EDGE('',*,*,#2772,.T.);
#1547=ORIENTED_EDGE('',*,*,#2773,.F.);
#1548=ORIENTED_EDGE('',*,*,#2774,.F.);
#1549=ORIENTED_EDGE('',*,*,#2769,.T.);
#1550=ORIENTED_EDGE('',*,*,#2775,.T.);
#1551=ORIENTED_EDGE('',*,*,#2776,.F.);
#1552=ORIENTED_EDGE('',*,*,#2777,.F.);
#1553=ORIENTED_EDGE('',*,*,#2773,.T.);
#1554=ORIENTED_EDGE('',*,*,#2778,.T.);
#1555=ORIENTED_EDGE('',*,*,#2779,.F.);
#1556=ORIENTED_EDGE('',*,*,#2780,.T.);
#1557=ORIENTED_EDGE('',*,*,#2781,.F.);
#1558=ORIENTED_EDGE('',*,*,#2782,.T.);
#1559=ORIENTED_EDGE('',*,*,#2783,.F.);
#1560=ORIENTED_EDGE('',*,*,#2784,.F.);
#1561=ORIENTED_EDGE('',*,*,#2771,.F.);
#1562=ORIENTED_EDGE('',*,*,#2785,.T.);
#1563=ORIENTED_EDGE('',*,*,#2776,.T.);
#1564=ORIENTED_EDGE('',*,*,#2782,.F.);
#1565=ORIENTED_EDGE('',*,*,#2780,.F.);
#1566=ORIENTED_EDGE('',*,*,#2778,.F.);
#1567=ORIENTED_EDGE('',*,*,#2770,.F.);
#1568=ORIENTED_EDGE('',*,*,#2774,.T.);
#1569=ORIENTED_EDGE('',*,*,#2777,.T.);
#1570=ORIENTED_EDGE('',*,*,#2785,.F.);
#1571=ORIENTED_EDGE('',*,*,#2783,.T.);
#1572=ORIENTED_EDGE('',*,*,#2781,.T.);
#1573=ORIENTED_EDGE('',*,*,#2779,.T.);
#1574=ORIENTED_EDGE('',*,*,#2768,.T.);
#1575=ORIENTED_EDGE('',*,*,#2784,.T.);
#1576=ORIENTED_EDGE('',*,*,#2775,.F.);
#1577=ORIENTED_EDGE('',*,*,#2772,.F.);
#1578=ORIENTED_EDGE('',*,*,#2786,.T.);
#1579=ORIENTED_EDGE('',*,*,#2787,.T.);
#1580=ORIENTED_EDGE('',*,*,#2788,.T.);
#1581=ORIENTED_EDGE('',*,*,#2789,.T.);
#1582=ORIENTED_EDGE('',*,*,#2790,.T.);
#1583=ORIENTED_EDGE('',*,*,#2791,.T.);
#1584=ORIENTED_EDGE('',*,*,#2792,.T.);
#1585=ORIENTED_EDGE('',*,*,#2786,.F.);
#1586=ORIENTED_EDGE('',*,*,#2793,.T.);
#1587=ORIENTED_EDGE('',*,*,#2794,.F.);
#1588=ORIENTED_EDGE('',*,*,#2793,.F.);
#1589=ORIENTED_EDGE('',*,*,#2795,.T.);
#1590=ORIENTED_EDGE('',*,*,#2794,.T.);
#1591=ORIENTED_EDGE('',*,*,#2796,.T.);
#1592=ORIENTED_EDGE('',*,*,#2797,.F.);
#1593=ORIENTED_EDGE('',*,*,#2798,.F.);
#1594=ORIENTED_EDGE('',*,*,#2788,.F.);
#1595=ORIENTED_EDGE('',*,*,#2799,.T.);
#1596=ORIENTED_EDGE('',*,*,#2800,.F.);
#1597=ORIENTED_EDGE('',*,*,#2796,.F.);
#1598=ORIENTED_EDGE('',*,*,#2787,.F.);
#1599=ORIENTED_EDGE('',*,*,#2801,.T.);
#1600=ORIENTED_EDGE('',*,*,#2802,.F.);
#1601=ORIENTED_EDGE('',*,*,#2799,.F.);
#1602=ORIENTED_EDGE('',*,*,#2792,.F.);
#1603=ORIENTED_EDGE('',*,*,#2803,.T.);
#1604=ORIENTED_EDGE('',*,*,#2804,.F.);
#1605=ORIENTED_EDGE('',*,*,#2801,.F.);
#1606=ORIENTED_EDGE('',*,*,#2791,.F.);
#1607=ORIENTED_EDGE('',*,*,#2805,.T.);
#1608=ORIENTED_EDGE('',*,*,#2806,.F.);
#1609=ORIENTED_EDGE('',*,*,#2803,.F.);
#1610=ORIENTED_EDGE('',*,*,#2790,.F.);
#1611=ORIENTED_EDGE('',*,*,#2798,.T.);
#1612=ORIENTED_EDGE('',*,*,#2807,.F.);
#1613=ORIENTED_EDGE('',*,*,#2805,.F.);
#1614=ORIENTED_EDGE('',*,*,#2789,.F.);
#1615=ORIENTED_EDGE('',*,*,#2795,.F.);
#1616=ORIENTED_EDGE('',*,*,#2797,.T.);
#1617=ORIENTED_EDGE('',*,*,#2800,.T.);
#1618=ORIENTED_EDGE('',*,*,#2802,.T.);
#1619=ORIENTED_EDGE('',*,*,#2804,.T.);
#1620=ORIENTED_EDGE('',*,*,#2806,.T.);
#1621=ORIENTED_EDGE('',*,*,#2807,.T.);
#1622=ORIENTED_EDGE('',*,*,#2808,.F.);
#1623=ORIENTED_EDGE('',*,*,#2809,.F.);
#1624=ORIENTED_EDGE('',*,*,#2810,.T.);
#1625=ORIENTED_EDGE('',*,*,#2811,.T.);
#1626=ORIENTED_EDGE('',*,*,#2812,.T.);
#1627=ORIENTED_EDGE('',*,*,#2813,.F.);
#1628=ORIENTED_EDGE('',*,*,#2814,.F.);
#1629=ORIENTED_EDGE('',*,*,#2809,.T.);
#1630=ORIENTED_EDGE('',*,*,#2815,.T.);
#1631=ORIENTED_EDGE('',*,*,#2816,.F.);
#1632=ORIENTED_EDGE('',*,*,#2817,.F.);
#1633=ORIENTED_EDGE('',*,*,#2813,.T.);
#1634=ORIENTED_EDGE('',*,*,#2818,.F.);
#1635=ORIENTED_EDGE('',*,*,#2819,.F.);
#1636=ORIENTED_EDGE('',*,*,#2820,.T.);
#1637=ORIENTED_EDGE('',*,*,#2821,.T.);
#1638=ORIENTED_EDGE('',*,*,#2822,.T.);
#1639=ORIENTED_EDGE('',*,*,#2823,.F.);
#1640=ORIENTED_EDGE('',*,*,#2824,.F.);
#1641=ORIENTED_EDGE('',*,*,#2819,.T.);
#1642=ORIENTED_EDGE('',*,*,#2825,.T.);
#1643=ORIENTED_EDGE('',*,*,#2826,.F.);
#1644=ORIENTED_EDGE('',*,*,#2827,.F.);
#1645=ORIENTED_EDGE('',*,*,#2823,.T.);
#1646=ORIENTED_EDGE('',*,*,#2828,.F.);
#1647=ORIENTED_EDGE('',*,*,#2821,.F.);
#1648=ORIENTED_EDGE('',*,*,#2829,.T.);
#1649=ORIENTED_EDGE('',*,*,#2826,.T.);
#1650=ORIENTED_EDGE('',*,*,#2830,.F.);
#1651=ORIENTED_EDGE('',*,*,#2811,.F.);
#1652=ORIENTED_EDGE('',*,*,#2831,.T.);
#1653=ORIENTED_EDGE('',*,*,#2816,.T.);
#1654=ORIENTED_EDGE('',*,*,#2820,.F.);
#1655=ORIENTED_EDGE('',*,*,#2824,.T.);
#1656=ORIENTED_EDGE('',*,*,#2827,.T.);
#1657=ORIENTED_EDGE('',*,*,#2829,.F.);
#1658=ORIENTED_EDGE('',*,*,#2810,.F.);
#1659=ORIENTED_EDGE('',*,*,#2814,.T.);
#1660=ORIENTED_EDGE('',*,*,#2817,.T.);
#1661=ORIENTED_EDGE('',*,*,#2831,.F.);
#1662=ORIENTED_EDGE('',*,*,#2818,.T.);
#1663=ORIENTED_EDGE('',*,*,#2828,.T.);
#1664=ORIENTED_EDGE('',*,*,#2825,.F.);
#1665=ORIENTED_EDGE('',*,*,#2822,.F.);
#1666=ORIENTED_EDGE('',*,*,#2808,.T.);
#1667=ORIENTED_EDGE('',*,*,#2830,.T.);
#1668=ORIENTED_EDGE('',*,*,#2815,.F.);
#1669=ORIENTED_EDGE('',*,*,#2812,.F.);
#1670=ORIENTED_EDGE('',*,*,#2832,.F.);
#1671=ORIENTED_EDGE('',*,*,#2833,.F.);
#1672=ORIENTED_EDGE('',*,*,#2834,.T.);
#1673=ORIENTED_EDGE('',*,*,#2835,.T.);
#1674=ORIENTED_EDGE('',*,*,#2836,.T.);
#1675=ORIENTED_EDGE('',*,*,#2837,.F.);
#1676=ORIENTED_EDGE('',*,*,#2838,.F.);
#1677=ORIENTED_EDGE('',*,*,#2839,.T.);
#1678=ORIENTED_EDGE('',*,*,#2840,.F.);
#1679=ORIENTED_EDGE('',*,*,#2841,.F.);
#1680=ORIENTED_EDGE('',*,*,#2833,.T.);
#1681=ORIENTED_EDGE('',*,*,#2842,.T.);
#1682=ORIENTED_EDGE('',*,*,#2843,.F.);
#1683=ORIENTED_EDGE('',*,*,#2844,.F.);
#1684=ORIENTED_EDGE('',*,*,#2837,.T.);
#1685=ORIENTED_EDGE('',*,*,#2845,.F.);
#1686=ORIENTED_EDGE('',*,*,#2835,.F.);
#1687=ORIENTED_EDGE('',*,*,#2846,.T.);
#1688=ORIENTED_EDGE('',*,*,#2847,.T.);
#1689=ORIENTED_EDGE('',*,*,#2848,.T.);
#1690=ORIENTED_EDGE('',*,*,#2849,.T.);
#1691=ORIENTED_EDGE('',*,*,#2843,.T.);
#1692=ORIENTED_EDGE('',*,*,#2849,.F.);
#1693=ORIENTED_EDGE('',*,*,#2850,.T.);
#1694=ORIENTED_EDGE('',*,*,#2838,.T.);
#1695=ORIENTED_EDGE('',*,*,#2844,.T.);
#1696=ORIENTED_EDGE('',*,*,#2832,.T.);
#1697=ORIENTED_EDGE('',*,*,#2845,.T.);
#1698=ORIENTED_EDGE('',*,*,#2842,.F.);
#1699=ORIENTED_EDGE('',*,*,#2836,.F.);
#1700=ORIENTED_EDGE('',*,*,#2840,.T.);
#1701=ORIENTED_EDGE('',*,*,#2851,.T.);
#1702=ORIENTED_EDGE('',*,*,#2847,.F.);
#1703=ORIENTED_EDGE('',*,*,#2852,.F.);
#1704=ORIENTED_EDGE('',*,*,#2834,.F.);
#1705=ORIENTED_EDGE('',*,*,#2841,.T.);
#1706=ORIENTED_EDGE('',*,*,#2852,.T.);
#1707=ORIENTED_EDGE('',*,*,#2846,.F.);
#1708=ORIENTED_EDGE('',*,*,#2839,.F.);
#1709=ORIENTED_EDGE('',*,*,#2850,.F.);
#1710=ORIENTED_EDGE('',*,*,#2848,.F.);
#1711=ORIENTED_EDGE('',*,*,#2851,.F.);
#1712=ORIENTED_EDGE('',*,*,#2853,.F.);
#1713=ORIENTED_EDGE('',*,*,#2854,.F.);
#1714=ORIENTED_EDGE('',*,*,#2855,.T.);
#1715=ORIENTED_EDGE('',*,*,#2856,.T.);
#1716=ORIENTED_EDGE('',*,*,#2857,.T.);
#1717=ORIENTED_EDGE('',*,*,#2858,.F.);
#1718=ORIENTED_EDGE('',*,*,#2859,.F.);
#1719=ORIENTED_EDGE('',*,*,#2854,.T.);
#1720=ORIENTED_EDGE('',*,*,#2860,.T.);
#1721=ORIENTED_EDGE('',*,*,#2861,.F.);
#1722=ORIENTED_EDGE('',*,*,#2862,.F.);
#1723=ORIENTED_EDGE('',*,*,#2858,.T.);
#1724=ORIENTED_EDGE('',*,*,#2863,.F.);
#1725=ORIENTED_EDGE('',*,*,#2856,.F.);
#1726=ORIENTED_EDGE('',*,*,#2864,.T.);
#1727=ORIENTED_EDGE('',*,*,#2861,.T.);
#1728=ORIENTED_EDGE('',*,*,#2865,.T.);
#1729=ORIENTED_EDGE('',*,*,#2855,.F.);
#1730=ORIENTED_EDGE('',*,*,#2859,.T.);
#1731=ORIENTED_EDGE('',*,*,#2862,.T.);
#1732=ORIENTED_EDGE('',*,*,#2864,.F.);
#1733=ORIENTED_EDGE('',*,*,#2853,.T.);
#1734=ORIENTED_EDGE('',*,*,#2863,.T.);
#1735=ORIENTED_EDGE('',*,*,#2860,.F.);
#1736=ORIENTED_EDGE('',*,*,#2857,.F.);
#1737=ORIENTED_EDGE('',*,*,#2865,.F.);
#1738=ORIENTED_EDGE('',*,*,#2866,.F.);
#1739=ORIENTED_EDGE('',*,*,#2866,.T.);
#1740=ORIENTED_EDGE('',*,*,#2867,.F.);
#1741=ORIENTED_EDGE('',*,*,#2868,.F.);
#1742=ORIENTED_EDGE('',*,*,#2869,.T.);
#1743=ORIENTED_EDGE('',*,*,#2870,.T.);
#1744=ORIENTED_EDGE('',*,*,#2871,.T.);
#1745=ORIENTED_EDGE('',*,*,#2872,.F.);
#1746=ORIENTED_EDGE('',*,*,#2873,.F.);
#1747=ORIENTED_EDGE('',*,*,#2868,.T.);
#1748=ORIENTED_EDGE('',*,*,#2874,.T.);
#1749=ORIENTED_EDGE('',*,*,#2875,.F.);
#1750=ORIENTED_EDGE('',*,*,#2876,.F.);
#1751=ORIENTED_EDGE('',*,*,#2872,.T.);
#1752=ORIENTED_EDGE('',*,*,#2877,.F.);
#1753=ORIENTED_EDGE('',*,*,#2870,.F.);
#1754=ORIENTED_EDGE('',*,*,#2878,.T.);
#1755=ORIENTED_EDGE('',*,*,#2875,.T.);
#1756=ORIENTED_EDGE('',*,*,#2869,.F.);
#1757=ORIENTED_EDGE('',*,*,#2873,.T.);
#1758=ORIENTED_EDGE('',*,*,#2876,.T.);
#1759=ORIENTED_EDGE('',*,*,#2878,.F.);
#1760=ORIENTED_EDGE('',*,*,#2867,.T.);
#1761=ORIENTED_EDGE('',*,*,#2877,.T.);
#1762=ORIENTED_EDGE('',*,*,#2874,.F.);
#1763=ORIENTED_EDGE('',*,*,#2871,.F.);
#1764=ORIENTED_EDGE('',*,*,#2879,.F.);
#1765=ORIENTED_EDGE('',*,*,#2880,.F.);
#1766=ORIENTED_EDGE('',*,*,#2881,.T.);
#1767=ORIENTED_EDGE('',*,*,#2882,.T.);
#1768=ORIENTED_EDGE('',*,*,#2883,.T.);
#1769=ORIENTED_EDGE('',*,*,#2884,.F.);
#1770=ORIENTED_EDGE('',*,*,#2885,.F.);
#1771=ORIENTED_EDGE('',*,*,#2880,.T.);
#1772=ORIENTED_EDGE('',*,*,#2886,.F.);
#1773=ORIENTED_EDGE('',*,*,#2887,.F.);
#1774=ORIENTED_EDGE('',*,*,#2888,.T.);
#1775=ORIENTED_EDGE('',*,*,#2884,.T.);
#1776=ORIENTED_EDGE('',*,*,#2889,.T.);
#1777=ORIENTED_EDGE('',*,*,#2890,.F.);
#1778=ORIENTED_EDGE('',*,*,#2891,.F.);
#1779=ORIENTED_EDGE('',*,*,#2887,.T.);
#1780=ORIENTED_EDGE('',*,*,#2892,.T.);
#1781=ORIENTED_EDGE('',*,*,#2893,.F.);
#1782=ORIENTED_EDGE('',*,*,#2894,.F.);
#1783=ORIENTED_EDGE('',*,*,#2890,.T.);
#1784=ORIENTED_EDGE('',*,*,#2895,.F.);
#1785=ORIENTED_EDGE('',*,*,#2882,.F.);
#1786=ORIENTED_EDGE('',*,*,#2896,.T.);
#1787=ORIENTED_EDGE('',*,*,#2893,.T.);
#1788=ORIENTED_EDGE('',*,*,#2881,.F.);
#1789=ORIENTED_EDGE('',*,*,#2885,.T.);
#1790=ORIENTED_EDGE('',*,*,#2888,.F.);
#1791=ORIENTED_EDGE('',*,*,#2891,.T.);
#1792=ORIENTED_EDGE('',*,*,#2894,.T.);
#1793=ORIENTED_EDGE('',*,*,#2896,.F.);
#1794=ORIENTED_EDGE('',*,*,#2879,.T.);
#1795=ORIENTED_EDGE('',*,*,#2895,.T.);
#1796=ORIENTED_EDGE('',*,*,#2892,.F.);
#1797=ORIENTED_EDGE('',*,*,#2889,.F.);
#1798=ORIENTED_EDGE('',*,*,#2886,.T.);
#1799=ORIENTED_EDGE('',*,*,#2883,.F.);
#1800=ORIENTED_EDGE('',*,*,#2897,.T.);
#1801=ORIENTED_EDGE('',*,*,#2898,.F.);
#1802=ORIENTED_EDGE('',*,*,#2899,.F.);
#1803=ORIENTED_EDGE('',*,*,#2900,.T.);
#1804=ORIENTED_EDGE('',*,*,#2901,.T.);
#1805=ORIENTED_EDGE('',*,*,#2902,.F.);
#1806=ORIENTED_EDGE('',*,*,#2903,.F.);
#1807=ORIENTED_EDGE('',*,*,#2898,.T.);
#1808=ORIENTED_EDGE('',*,*,#2904,.T.);
#1809=ORIENTED_EDGE('',*,*,#2905,.F.);
#1810=ORIENTED_EDGE('',*,*,#2906,.F.);
#1811=ORIENTED_EDGE('',*,*,#2902,.T.);
#1812=ORIENTED_EDGE('',*,*,#2907,.T.);
#1813=ORIENTED_EDGE('',*,*,#2908,.F.);
#1814=ORIENTED_EDGE('',*,*,#2909,.F.);
#1815=ORIENTED_EDGE('',*,*,#2905,.T.);
#1816=ORIENTED_EDGE('',*,*,#2910,.T.);
#1817=ORIENTED_EDGE('',*,*,#2911,.F.);
#1818=ORIENTED_EDGE('',*,*,#2912,.F.);
#1819=ORIENTED_EDGE('',*,*,#2908,.T.);
#1820=ORIENTED_EDGE('',*,*,#2913,.T.);
#1821=ORIENTED_EDGE('',*,*,#2914,.F.);
#1822=ORIENTED_EDGE('',*,*,#2915,.F.);
#1823=ORIENTED_EDGE('',*,*,#2911,.T.);
#1824=ORIENTED_EDGE('',*,*,#2916,.T.);
#1825=ORIENTED_EDGE('',*,*,#2917,.F.);
#1826=ORIENTED_EDGE('',*,*,#2918,.F.);
#1827=ORIENTED_EDGE('',*,*,#2914,.T.);
#1828=ORIENTED_EDGE('',*,*,#2919,.T.);
#1829=ORIENTED_EDGE('',*,*,#2920,.F.);
#1830=ORIENTED_EDGE('',*,*,#2921,.F.);
#1831=ORIENTED_EDGE('',*,*,#2917,.T.);
#1832=ORIENTED_EDGE('',*,*,#2922,.T.);
#1833=ORIENTED_EDGE('',*,*,#2923,.F.);
#1834=ORIENTED_EDGE('',*,*,#2924,.F.);
#1835=ORIENTED_EDGE('',*,*,#2920,.T.);
#1836=ORIENTED_EDGE('',*,*,#2925,.T.);
#1837=ORIENTED_EDGE('',*,*,#2926,.F.);
#1838=ORIENTED_EDGE('',*,*,#2927,.F.);
#1839=ORIENTED_EDGE('',*,*,#2923,.T.);
#1840=ORIENTED_EDGE('',*,*,#2928,.T.);
#1841=ORIENTED_EDGE('',*,*,#2929,.F.);
#1842=ORIENTED_EDGE('',*,*,#2930,.F.);
#1843=ORIENTED_EDGE('',*,*,#2926,.T.);
#1844=ORIENTED_EDGE('',*,*,#2931,.T.);
#1845=ORIENTED_EDGE('',*,*,#2932,.F.);
#1846=ORIENTED_EDGE('',*,*,#2933,.F.);
#1847=ORIENTED_EDGE('',*,*,#2929,.T.);
#1848=ORIENTED_EDGE('',*,*,#2934,.T.);
#1849=ORIENTED_EDGE('',*,*,#2935,.F.);
#1850=ORIENTED_EDGE('',*,*,#2936,.F.);
#1851=ORIENTED_EDGE('',*,*,#2932,.T.);
#1852=ORIENTED_EDGE('',*,*,#2937,.T.);
#1853=ORIENTED_EDGE('',*,*,#2938,.F.);
#1854=ORIENTED_EDGE('',*,*,#2939,.F.);
#1855=ORIENTED_EDGE('',*,*,#2935,.T.);
#1856=ORIENTED_EDGE('',*,*,#2940,.T.);
#1857=ORIENTED_EDGE('',*,*,#2941,.F.);
#1858=ORIENTED_EDGE('',*,*,#2942,.F.);
#1859=ORIENTED_EDGE('',*,*,#2938,.T.);
#1860=ORIENTED_EDGE('',*,*,#2943,.T.);
#1861=ORIENTED_EDGE('',*,*,#2944,.F.);
#1862=ORIENTED_EDGE('',*,*,#2945,.F.);
#1863=ORIENTED_EDGE('',*,*,#2941,.T.);
#1864=ORIENTED_EDGE('',*,*,#2946,.T.);
#1865=ORIENTED_EDGE('',*,*,#2947,.F.);
#1866=ORIENTED_EDGE('',*,*,#2948,.F.);
#1867=ORIENTED_EDGE('',*,*,#2944,.T.);
#1868=ORIENTED_EDGE('',*,*,#2949,.T.);
#1869=ORIENTED_EDGE('',*,*,#2950,.F.);
#1870=ORIENTED_EDGE('',*,*,#2951,.F.);
#1871=ORIENTED_EDGE('',*,*,#2947,.T.);
#1872=ORIENTED_EDGE('',*,*,#2952,.T.);
#1873=ORIENTED_EDGE('',*,*,#2953,.F.);
#1874=ORIENTED_EDGE('',*,*,#2954,.F.);
#1875=ORIENTED_EDGE('',*,*,#2950,.T.);
#1876=ORIENTED_EDGE('',*,*,#2955,.T.);
#1877=ORIENTED_EDGE('',*,*,#2956,.F.);
#1878=ORIENTED_EDGE('',*,*,#2957,.F.);
#1879=ORIENTED_EDGE('',*,*,#2953,.T.);
#1880=ORIENTED_EDGE('',*,*,#2958,.T.);
#1881=ORIENTED_EDGE('',*,*,#2959,.F.);
#1882=ORIENTED_EDGE('',*,*,#2960,.F.);
#1883=ORIENTED_EDGE('',*,*,#2956,.T.);
#1884=ORIENTED_EDGE('',*,*,#2961,.T.);
#1885=ORIENTED_EDGE('',*,*,#2962,.F.);
#1886=ORIENTED_EDGE('',*,*,#2963,.F.);
#1887=ORIENTED_EDGE('',*,*,#2959,.T.);
#1888=ORIENTED_EDGE('',*,*,#2964,.T.);
#1889=ORIENTED_EDGE('',*,*,#2965,.F.);
#1890=ORIENTED_EDGE('',*,*,#2966,.F.);
#1891=ORIENTED_EDGE('',*,*,#2962,.T.);
#1892=ORIENTED_EDGE('',*,*,#2967,.T.);
#1893=ORIENTED_EDGE('',*,*,#2900,.F.);
#1894=ORIENTED_EDGE('',*,*,#2968,.F.);
#1895=ORIENTED_EDGE('',*,*,#2965,.T.);
#1896=ORIENTED_EDGE('',*,*,#2969,.T.);
#1897=ORIENTED_EDGE('',*,*,#2899,.T.);
#1898=ORIENTED_EDGE('',*,*,#2903,.T.);
#1899=ORIENTED_EDGE('',*,*,#2906,.T.);
#1900=ORIENTED_EDGE('',*,*,#2909,.T.);
#1901=ORIENTED_EDGE('',*,*,#2912,.T.);
#1902=ORIENTED_EDGE('',*,*,#2915,.T.);
#1903=ORIENTED_EDGE('',*,*,#2918,.T.);
#1904=ORIENTED_EDGE('',*,*,#2921,.T.);
#1905=ORIENTED_EDGE('',*,*,#2924,.T.);
#1906=ORIENTED_EDGE('',*,*,#2927,.T.);
#1907=ORIENTED_EDGE('',*,*,#2930,.T.);
#1908=ORIENTED_EDGE('',*,*,#2933,.T.);
#1909=ORIENTED_EDGE('',*,*,#2936,.T.);
#1910=ORIENTED_EDGE('',*,*,#2939,.T.);
#1911=ORIENTED_EDGE('',*,*,#2942,.T.);
#1912=ORIENTED_EDGE('',*,*,#2945,.T.);
#1913=ORIENTED_EDGE('',*,*,#2948,.T.);
#1914=ORIENTED_EDGE('',*,*,#2951,.T.);
#1915=ORIENTED_EDGE('',*,*,#2954,.T.);
#1916=ORIENTED_EDGE('',*,*,#2957,.T.);
#1917=ORIENTED_EDGE('',*,*,#2960,.T.);
#1918=ORIENTED_EDGE('',*,*,#2963,.T.);
#1919=ORIENTED_EDGE('',*,*,#2966,.T.);
#1920=ORIENTED_EDGE('',*,*,#2968,.T.);
#1921=ORIENTED_EDGE('',*,*,#2970,.F.);
#1922=ORIENTED_EDGE('',*,*,#2897,.F.);
#1923=ORIENTED_EDGE('',*,*,#2967,.F.);
#1924=ORIENTED_EDGE('',*,*,#2964,.F.);
#1925=ORIENTED_EDGE('',*,*,#2961,.F.);
#1926=ORIENTED_EDGE('',*,*,#2958,.F.);
#1927=ORIENTED_EDGE('',*,*,#2955,.F.);
#1928=ORIENTED_EDGE('',*,*,#2952,.F.);
#1929=ORIENTED_EDGE('',*,*,#2949,.F.);
#1930=ORIENTED_EDGE('',*,*,#2946,.F.);
#1931=ORIENTED_EDGE('',*,*,#2943,.F.);
#1932=ORIENTED_EDGE('',*,*,#2940,.F.);
#1933=ORIENTED_EDGE('',*,*,#2937,.F.);
#1934=ORIENTED_EDGE('',*,*,#2934,.F.);
#1935=ORIENTED_EDGE('',*,*,#2931,.F.);
#1936=ORIENTED_EDGE('',*,*,#2928,.F.);
#1937=ORIENTED_EDGE('',*,*,#2925,.F.);
#1938=ORIENTED_EDGE('',*,*,#2922,.F.);
#1939=ORIENTED_EDGE('',*,*,#2919,.F.);
#1940=ORIENTED_EDGE('',*,*,#2916,.F.);
#1941=ORIENTED_EDGE('',*,*,#2913,.F.);
#1942=ORIENTED_EDGE('',*,*,#2910,.F.);
#1943=ORIENTED_EDGE('',*,*,#2907,.F.);
#1944=ORIENTED_EDGE('',*,*,#2904,.F.);
#1945=ORIENTED_EDGE('',*,*,#2901,.F.);
#1946=ORIENTED_EDGE('',*,*,#2969,.F.);
#1947=ORIENTED_EDGE('',*,*,#2970,.T.);
#1948=ORIENTED_EDGE('',*,*,#2971,.F.);
#1949=ORIENTED_EDGE('',*,*,#2972,.F.);
#1950=ORIENTED_EDGE('',*,*,#2973,.T.);
#1951=ORIENTED_EDGE('',*,*,#2974,.T.);
#1952=ORIENTED_EDGE('',*,*,#2975,.T.);
#1953=ORIENTED_EDGE('',*,*,#2976,.F.);
#1954=ORIENTED_EDGE('',*,*,#2977,.F.);
#1955=ORIENTED_EDGE('',*,*,#2972,.T.);
#1956=ORIENTED_EDGE('',*,*,#2978,.F.);
#1957=ORIENTED_EDGE('',*,*,#2979,.F.);
#1958=ORIENTED_EDGE('',*,*,#2980,.T.);
#1959=ORIENTED_EDGE('',*,*,#2976,.T.);
#1960=ORIENTED_EDGE('',*,*,#2981,.F.);
#1961=ORIENTED_EDGE('',*,*,#2982,.F.);
#1962=ORIENTED_EDGE('',*,*,#2983,.T.);
#1963=ORIENTED_EDGE('',*,*,#2979,.T.);
#1964=ORIENTED_EDGE('',*,*,#2984,.T.);
#1965=ORIENTED_EDGE('',*,*,#2985,.F.);
#1966=ORIENTED_EDGE('',*,*,#2986,.F.);
#1967=ORIENTED_EDGE('',*,*,#2982,.T.);
#1968=ORIENTED_EDGE('',*,*,#2987,.T.);
#1969=ORIENTED_EDGE('',*,*,#2974,.F.);
#1970=ORIENTED_EDGE('',*,*,#2988,.F.);
#1971=ORIENTED_EDGE('',*,*,#2985,.T.);
#1972=ORIENTED_EDGE('',*,*,#2973,.F.);
#1973=ORIENTED_EDGE('',*,*,#2977,.T.);
#1974=ORIENTED_EDGE('',*,*,#2980,.F.);
#1975=ORIENTED_EDGE('',*,*,#2983,.F.);
#1976=ORIENTED_EDGE('',*,*,#2986,.T.);
#1977=ORIENTED_EDGE('',*,*,#2988,.T.);
#1978=ORIENTED_EDGE('',*,*,#2971,.T.);
#1979=ORIENTED_EDGE('',*,*,#2987,.F.);
#1980=ORIENTED_EDGE('',*,*,#2984,.F.);
#1981=ORIENTED_EDGE('',*,*,#2981,.T.);
#1982=ORIENTED_EDGE('',*,*,#2978,.T.);
#1983=ORIENTED_EDGE('',*,*,#2975,.F.);
#1984=ORIENTED_EDGE('',*,*,#2989,.F.);
#1985=ORIENTED_EDGE('',*,*,#2990,.F.);
#1986=ORIENTED_EDGE('',*,*,#2991,.T.);
#1987=ORIENTED_EDGE('',*,*,#2992,.T.);
#1988=ORIENTED_EDGE('',*,*,#2993,.T.);
#1989=ORIENTED_EDGE('',*,*,#2994,.F.);
#1990=ORIENTED_EDGE('',*,*,#2995,.F.);
#1991=ORIENTED_EDGE('',*,*,#2990,.T.);
#1992=ORIENTED_EDGE('',*,*,#2996,.T.);
#1993=ORIENTED_EDGE('',*,*,#2997,.F.);
#1994=ORIENTED_EDGE('',*,*,#2998,.F.);
#1995=ORIENTED_EDGE('',*,*,#2994,.T.);
#1996=ORIENTED_EDGE('',*,*,#2999,.F.);
#1997=ORIENTED_EDGE('',*,*,#2992,.F.);
#1998=ORIENTED_EDGE('',*,*,#3000,.T.);
#1999=ORIENTED_EDGE('',*,*,#2997,.T.);
#2000=ORIENTED_EDGE('',*,*,#2991,.F.);
#2001=ORIENTED_EDGE('',*,*,#2995,.T.);
#2002=ORIENTED_EDGE('',*,*,#2998,.T.);
#2003=ORIENTED_EDGE('',*,*,#3000,.F.);
#2004=ORIENTED_EDGE('',*,*,#2989,.T.);
#2005=ORIENTED_EDGE('',*,*,#2999,.T.);
#2006=ORIENTED_EDGE('',*,*,#2996,.F.);
#2007=ORIENTED_EDGE('',*,*,#2993,.F.);
#2008=ORIENTED_EDGE('',*,*,#3001,.T.);
#2009=ORIENTED_EDGE('',*,*,#3002,.T.);
#2010=ORIENTED_EDGE('',*,*,#3001,.F.);
#2011=ORIENTED_EDGE('',*,*,#3003,.T.);
#2012=ORIENTED_EDGE('',*,*,#3002,.F.);
#2013=ORIENTED_EDGE('',*,*,#3004,.T.);
#2014=ORIENTED_EDGE('',*,*,#3003,.F.);
#2015=ORIENTED_EDGE('',*,*,#3004,.F.);
#2016=ORIENTED_EDGE('',*,*,#3005,.T.);
#2017=ORIENTED_EDGE('',*,*,#3006,.F.);
#2018=ORIENTED_EDGE('',*,*,#3007,.F.);
#2019=ORIENTED_EDGE('',*,*,#3008,.T.);
#2020=ORIENTED_EDGE('',*,*,#3009,.T.);
#2021=ORIENTED_EDGE('',*,*,#3010,.F.);
#2022=ORIENTED_EDGE('',*,*,#3011,.F.);
#2023=ORIENTED_EDGE('',*,*,#3006,.T.);
#2024=ORIENTED_EDGE('',*,*,#3012,.T.);
#2025=ORIENTED_EDGE('',*,*,#3013,.F.);
#2026=ORIENTED_EDGE('',*,*,#3014,.F.);
#2027=ORIENTED_EDGE('',*,*,#3010,.T.);
#2028=ORIENTED_EDGE('',*,*,#3015,.T.);
#2029=ORIENTED_EDGE('',*,*,#3016,.F.);
#2030=ORIENTED_EDGE('',*,*,#3017,.F.);
#2031=ORIENTED_EDGE('',*,*,#3013,.T.);
#2032=ORIENTED_EDGE('',*,*,#3018,.T.);
#2033=ORIENTED_EDGE('',*,*,#3019,.F.);
#2034=ORIENTED_EDGE('',*,*,#3020,.F.);
#2035=ORIENTED_EDGE('',*,*,#3016,.T.);
#2036=ORIENTED_EDGE('',*,*,#3021,.T.);
#2037=ORIENTED_EDGE('',*,*,#3022,.F.);
#2038=ORIENTED_EDGE('',*,*,#3023,.F.);
#2039=ORIENTED_EDGE('',*,*,#3019,.T.);
#2040=ORIENTED_EDGE('',*,*,#3024,.T.);
#2041=ORIENTED_EDGE('',*,*,#3025,.F.);
#2042=ORIENTED_EDGE('',*,*,#3026,.F.);
#2043=ORIENTED_EDGE('',*,*,#3022,.T.);
#2044=ORIENTED_EDGE('',*,*,#3027,.T.);
#2045=ORIENTED_EDGE('',*,*,#3028,.F.);
#2046=ORIENTED_EDGE('',*,*,#3029,.F.);
#2047=ORIENTED_EDGE('',*,*,#3025,.T.);
#2048=ORIENTED_EDGE('',*,*,#3030,.T.);
#2049=ORIENTED_EDGE('',*,*,#3031,.F.);
#2050=ORIENTED_EDGE('',*,*,#3032,.F.);
#2051=ORIENTED_EDGE('',*,*,#3028,.T.);
#2052=ORIENTED_EDGE('',*,*,#3033,.T.);
#2053=ORIENTED_EDGE('',*,*,#3034,.F.);
#2054=ORIENTED_EDGE('',*,*,#3035,.F.);
#2055=ORIENTED_EDGE('',*,*,#3031,.T.);
#2056=ORIENTED_EDGE('',*,*,#3036,.T.);
#2057=ORIENTED_EDGE('',*,*,#3037,.F.);
#2058=ORIENTED_EDGE('',*,*,#3038,.F.);
#2059=ORIENTED_EDGE('',*,*,#3034,.T.);
#2060=ORIENTED_EDGE('',*,*,#3039,.T.);
#2061=ORIENTED_EDGE('',*,*,#3040,.F.);
#2062=ORIENTED_EDGE('',*,*,#3041,.F.);
#2063=ORIENTED_EDGE('',*,*,#3037,.T.);
#2064=ORIENTED_EDGE('',*,*,#3042,.T.);
#2065=ORIENTED_EDGE('',*,*,#3043,.F.);
#2066=ORIENTED_EDGE('',*,*,#3044,.F.);
#2067=ORIENTED_EDGE('',*,*,#3040,.T.);
#2068=ORIENTED_EDGE('',*,*,#3045,.T.);
#2069=ORIENTED_EDGE('',*,*,#3046,.F.);
#2070=ORIENTED_EDGE('',*,*,#3047,.F.);
#2071=ORIENTED_EDGE('',*,*,#3043,.T.);
#2072=ORIENTED_EDGE('',*,*,#3048,.T.);
#2073=ORIENTED_EDGE('',*,*,#3049,.F.);
#2074=ORIENTED_EDGE('',*,*,#3050,.F.);
#2075=ORIENTED_EDGE('',*,*,#3046,.T.);
#2076=ORIENTED_EDGE('',*,*,#3051,.T.);
#2077=ORIENTED_EDGE('',*,*,#3052,.F.);
#2078=ORIENTED_EDGE('',*,*,#3053,.F.);
#2079=ORIENTED_EDGE('',*,*,#3049,.T.);
#2080=ORIENTED_EDGE('',*,*,#3054,.T.);
#2081=ORIENTED_EDGE('',*,*,#3055,.F.);
#2082=ORIENTED_EDGE('',*,*,#3056,.F.);
#2083=ORIENTED_EDGE('',*,*,#3052,.T.);
#2084=ORIENTED_EDGE('',*,*,#3057,.T.);
#2085=ORIENTED_EDGE('',*,*,#3058,.F.);
#2086=ORIENTED_EDGE('',*,*,#3059,.F.);
#2087=ORIENTED_EDGE('',*,*,#3055,.T.);
#2088=ORIENTED_EDGE('',*,*,#3060,.T.);
#2089=ORIENTED_EDGE('',*,*,#3061,.F.);
#2090=ORIENTED_EDGE('',*,*,#3062,.F.);
#2091=ORIENTED_EDGE('',*,*,#3058,.T.);
#2092=ORIENTED_EDGE('',*,*,#3063,.T.);
#2093=ORIENTED_EDGE('',*,*,#3064,.F.);
#2094=ORIENTED_EDGE('',*,*,#3065,.F.);
#2095=ORIENTED_EDGE('',*,*,#3061,.T.);
#2096=ORIENTED_EDGE('',*,*,#3066,.T.);
#2097=ORIENTED_EDGE('',*,*,#3067,.F.);
#2098=ORIENTED_EDGE('',*,*,#3068,.F.);
#2099=ORIENTED_EDGE('',*,*,#3064,.T.);
#2100=ORIENTED_EDGE('',*,*,#3069,.T.);
#2101=ORIENTED_EDGE('',*,*,#3070,.F.);
#2102=ORIENTED_EDGE('',*,*,#3071,.F.);
#2103=ORIENTED_EDGE('',*,*,#3067,.T.);
#2104=ORIENTED_EDGE('',*,*,#3072,.T.);
#2105=ORIENTED_EDGE('',*,*,#3073,.F.);
#2106=ORIENTED_EDGE('',*,*,#3074,.F.);
#2107=ORIENTED_EDGE('',*,*,#3070,.T.);
#2108=ORIENTED_EDGE('',*,*,#3075,.T.);
#2109=ORIENTED_EDGE('',*,*,#3008,.F.);
#2110=ORIENTED_EDGE('',*,*,#3076,.F.);
#2111=ORIENTED_EDGE('',*,*,#3073,.T.);
#2112=ORIENTED_EDGE('',*,*,#3007,.T.);
#2113=ORIENTED_EDGE('',*,*,#3011,.T.);
#2114=ORIENTED_EDGE('',*,*,#3014,.T.);
#2115=ORIENTED_EDGE('',*,*,#3017,.T.);
#2116=ORIENTED_EDGE('',*,*,#3020,.T.);
#2117=ORIENTED_EDGE('',*,*,#3023,.T.);
#2118=ORIENTED_EDGE('',*,*,#3026,.T.);
#2119=ORIENTED_EDGE('',*,*,#3029,.T.);
#2120=ORIENTED_EDGE('',*,*,#3032,.T.);
#2121=ORIENTED_EDGE('',*,*,#3035,.T.);
#2122=ORIENTED_EDGE('',*,*,#3038,.T.);
#2123=ORIENTED_EDGE('',*,*,#3041,.T.);
#2124=ORIENTED_EDGE('',*,*,#3044,.T.);
#2125=ORIENTED_EDGE('',*,*,#3047,.T.);
#2126=ORIENTED_EDGE('',*,*,#3050,.T.);
#2127=ORIENTED_EDGE('',*,*,#3053,.T.);
#2128=ORIENTED_EDGE('',*,*,#3056,.T.);
#2129=ORIENTED_EDGE('',*,*,#3059,.T.);
#2130=ORIENTED_EDGE('',*,*,#3062,.T.);
#2131=ORIENTED_EDGE('',*,*,#3065,.T.);
#2132=ORIENTED_EDGE('',*,*,#3068,.T.);
#2133=ORIENTED_EDGE('',*,*,#3071,.T.);
#2134=ORIENTED_EDGE('',*,*,#3074,.T.);
#2135=ORIENTED_EDGE('',*,*,#3076,.T.);
#2136=ORIENTED_EDGE('',*,*,#3005,.F.);
#2137=ORIENTED_EDGE('',*,*,#3075,.F.);
#2138=ORIENTED_EDGE('',*,*,#3072,.F.);
#2139=ORIENTED_EDGE('',*,*,#3069,.F.);
#2140=ORIENTED_EDGE('',*,*,#3066,.F.);
#2141=ORIENTED_EDGE('',*,*,#3063,.F.);
#2142=ORIENTED_EDGE('',*,*,#3060,.F.);
#2143=ORIENTED_EDGE('',*,*,#3057,.F.);
#2144=ORIENTED_EDGE('',*,*,#3054,.F.);
#2145=ORIENTED_EDGE('',*,*,#3051,.F.);
#2146=ORIENTED_EDGE('',*,*,#3048,.F.);
#2147=ORIENTED_EDGE('',*,*,#3045,.F.);
#2148=ORIENTED_EDGE('',*,*,#3042,.F.);
#2149=ORIENTED_EDGE('',*,*,#3039,.F.);
#2150=ORIENTED_EDGE('',*,*,#3036,.F.);
#2151=ORIENTED_EDGE('',*,*,#3033,.F.);
#2152=ORIENTED_EDGE('',*,*,#3030,.F.);
#2153=ORIENTED_EDGE('',*,*,#3027,.F.);
#2154=ORIENTED_EDGE('',*,*,#3024,.F.);
#2155=ORIENTED_EDGE('',*,*,#3021,.F.);
#2156=ORIENTED_EDGE('',*,*,#3018,.F.);
#2157=ORIENTED_EDGE('',*,*,#3015,.F.);
#2158=ORIENTED_EDGE('',*,*,#3012,.F.);
#2159=ORIENTED_EDGE('',*,*,#3009,.F.);
#2160=ORIENTED_EDGE('',*,*,#3077,.F.);
#2161=ORIENTED_EDGE('',*,*,#3078,.F.);
#2162=ORIENTED_EDGE('',*,*,#3079,.T.);
#2163=ORIENTED_EDGE('',*,*,#3080,.T.);
#2164=ORIENTED_EDGE('',*,*,#3081,.T.);
#2165=ORIENTED_EDGE('',*,*,#3082,.F.);
#2166=ORIENTED_EDGE('',*,*,#3083,.F.);
#2167=ORIENTED_EDGE('',*,*,#3084,.F.);
#2168=ORIENTED_EDGE('',*,*,#3085,.F.);
#2169=ORIENTED_EDGE('',*,*,#3078,.T.);
#2170=ORIENTED_EDGE('',*,*,#3086,.T.);
#2171=ORIENTED_EDGE('',*,*,#3087,.F.);
#2172=ORIENTED_EDGE('',*,*,#3088,.F.);
#2173=ORIENTED_EDGE('',*,*,#3082,.T.);
#2174=ORIENTED_EDGE('',*,*,#3089,.F.);
#2175=ORIENTED_EDGE('',*,*,#3080,.F.);
#2176=ORIENTED_EDGE('',*,*,#3090,.T.);
#2177=ORIENTED_EDGE('',*,*,#3091,.T.);
#2178=ORIENTED_EDGE('',*,*,#3092,.T.);
#2179=ORIENTED_EDGE('',*,*,#3087,.T.);
#2180=ORIENTED_EDGE('',*,*,#3093,.T.);
#2181=ORIENTED_EDGE('',*,*,#3094,.F.);
#2182=ORIENTED_EDGE('',*,*,#3083,.T.);
#2183=ORIENTED_EDGE('',*,*,#3088,.T.);
#2184=ORIENTED_EDGE('',*,*,#3092,.F.);
#2185=ORIENTED_EDGE('',*,*,#3095,.F.);
#2186=ORIENTED_EDGE('',*,*,#3077,.T.);
#2187=ORIENTED_EDGE('',*,*,#3089,.T.);
#2188=ORIENTED_EDGE('',*,*,#3086,.F.);
#2189=ORIENTED_EDGE('',*,*,#3081,.F.);
#2190=ORIENTED_EDGE('',*,*,#3094,.T.);
#2191=ORIENTED_EDGE('',*,*,#3091,.F.);
#2192=ORIENTED_EDGE('',*,*,#3096,.F.);
#2193=ORIENTED_EDGE('',*,*,#3084,.T.);
#2194=ORIENTED_EDGE('',*,*,#3079,.F.);
#2195=ORIENTED_EDGE('',*,*,#3085,.T.);
#2196=ORIENTED_EDGE('',*,*,#3096,.T.);
#2197=ORIENTED_EDGE('',*,*,#3090,.F.);
#2198=ORIENTED_EDGE('',*,*,#3093,.F.);
#2199=ORIENTED_EDGE('',*,*,#3095,.T.);
#2200=ORIENTED_EDGE('',*,*,#3097,.F.);
#2201=ORIENTED_EDGE('',*,*,#3098,.F.);
#2202=ORIENTED_EDGE('',*,*,#3099,.T.);
#2203=ORIENTED_EDGE('',*,*,#3100,.T.);
#2204=ORIENTED_EDGE('',*,*,#3101,.T.);
#2205=ORIENTED_EDGE('',*,*,#3102,.F.);
#2206=ORIENTED_EDGE('',*,*,#3103,.F.);
#2207=ORIENTED_EDGE('',*,*,#3098,.T.);
#2208=ORIENTED_EDGE('',*,*,#3104,.T.);
#2209=ORIENTED_EDGE('',*,*,#3105,.F.);
#2210=ORIENTED_EDGE('',*,*,#3106,.F.);
#2211=ORIENTED_EDGE('',*,*,#3102,.T.);
#2212=ORIENTED_EDGE('',*,*,#3107,.F.);
#2213=ORIENTED_EDGE('',*,*,#3100,.F.);
#2214=ORIENTED_EDGE('',*,*,#3108,.T.);
#2215=ORIENTED_EDGE('',*,*,#3105,.T.);
#2216=ORIENTED_EDGE('',*,*,#3099,.F.);
#2217=ORIENTED_EDGE('',*,*,#3103,.T.);
#2218=ORIENTED_EDGE('',*,*,#3106,.T.);
#2219=ORIENTED_EDGE('',*,*,#3108,.F.);
#2220=ORIENTED_EDGE('',*,*,#3097,.T.);
#2221=ORIENTED_EDGE('',*,*,#3107,.T.);
#2222=ORIENTED_EDGE('',*,*,#3104,.F.);
#2223=ORIENTED_EDGE('',*,*,#3101,.F.);
#2224=ORIENTED_EDGE('',*,*,#3109,.T.);
#2225=ORIENTED_EDGE('',*,*,#3110,.F.);
#2226=ORIENTED_EDGE('',*,*,#3111,.F.);
#2227=ORIENTED_EDGE('',*,*,#3112,.T.);
#2228=ORIENTED_EDGE('',*,*,#3113,.T.);
#2229=ORIENTED_EDGE('',*,*,#3114,.F.);
#2230=ORIENTED_EDGE('',*,*,#3115,.F.);
#2231=ORIENTED_EDGE('',*,*,#3110,.T.);
#2232=ORIENTED_EDGE('',*,*,#3116,.T.);
#2233=ORIENTED_EDGE('',*,*,#3117,.F.);
#2234=ORIENTED_EDGE('',*,*,#3118,.F.);
#2235=ORIENTED_EDGE('',*,*,#3114,.T.);
#2236=ORIENTED_EDGE('',*,*,#3119,.T.);
#2237=ORIENTED_EDGE('',*,*,#3120,.F.);
#2238=ORIENTED_EDGE('',*,*,#3121,.F.);
#2239=ORIENTED_EDGE('',*,*,#3117,.T.);
#2240=ORIENTED_EDGE('',*,*,#3122,.T.);
#2241=ORIENTED_EDGE('',*,*,#3123,.F.);
#2242=ORIENTED_EDGE('',*,*,#3124,.F.);
#2243=ORIENTED_EDGE('',*,*,#3120,.T.);
#2244=ORIENTED_EDGE('',*,*,#3125,.T.);
#2245=ORIENTED_EDGE('',*,*,#3126,.F.);
#2246=ORIENTED_EDGE('',*,*,#3127,.T.);
#2247=ORIENTED_EDGE('',*,*,#3112,.F.);
#2248=ORIENTED_EDGE('',*,*,#3128,.F.);
#2249=ORIENTED_EDGE('',*,*,#3123,.T.);
#2250=ORIENTED_EDGE('',*,*,#3125,.F.);
#2251=ORIENTED_EDGE('',*,*,#3111,.T.);
#2252=ORIENTED_EDGE('',*,*,#3115,.T.);
#2253=ORIENTED_EDGE('',*,*,#3118,.T.);
#2254=ORIENTED_EDGE('',*,*,#3121,.T.);
#2255=ORIENTED_EDGE('',*,*,#3124,.T.);
#2256=ORIENTED_EDGE('',*,*,#3128,.T.);
#2257=ORIENTED_EDGE('',*,*,#3126,.T.);
#2258=ORIENTED_EDGE('',*,*,#3109,.F.);
#2259=ORIENTED_EDGE('',*,*,#3127,.F.);
#2260=ORIENTED_EDGE('',*,*,#3122,.F.);
#2261=ORIENTED_EDGE('',*,*,#3119,.F.);
#2262=ORIENTED_EDGE('',*,*,#3116,.F.);
#2263=ORIENTED_EDGE('',*,*,#3113,.F.);
#2264=ORIENTED_EDGE('',*,*,#3129,.F.);
#2265=ORIENTED_EDGE('',*,*,#3130,.F.);
#2266=ORIENTED_EDGE('',*,*,#3131,.T.);
#2267=ORIENTED_EDGE('',*,*,#3132,.T.);
#2268=ORIENTED_EDGE('',*,*,#3133,.T.);
#2269=ORIENTED_EDGE('',*,*,#3134,.F.);
#2270=ORIENTED_EDGE('',*,*,#3135,.F.);
#2271=ORIENTED_EDGE('',*,*,#3130,.T.);
#2272=ORIENTED_EDGE('',*,*,#3136,.T.);
#2273=ORIENTED_EDGE('',*,*,#3137,.F.);
#2274=ORIENTED_EDGE('',*,*,#3138,.F.);
#2275=ORIENTED_EDGE('',*,*,#3134,.T.);
#2276=ORIENTED_EDGE('',*,*,#3139,.F.);
#2277=ORIENTED_EDGE('',*,*,#3132,.F.);
#2278=ORIENTED_EDGE('',*,*,#3140,.T.);
#2279=ORIENTED_EDGE('',*,*,#3137,.T.);
#2280=ORIENTED_EDGE('',*,*,#3131,.F.);
#2281=ORIENTED_EDGE('',*,*,#3135,.T.);
#2282=ORIENTED_EDGE('',*,*,#3138,.T.);
#2283=ORIENTED_EDGE('',*,*,#3140,.F.);
#2284=ORIENTED_EDGE('',*,*,#3129,.T.);
#2285=ORIENTED_EDGE('',*,*,#3139,.T.);
#2286=ORIENTED_EDGE('',*,*,#3136,.F.);
#2287=ORIENTED_EDGE('',*,*,#3133,.F.);
#2288=ORIENTED_EDGE('',*,*,#3141,.F.);
#2289=ORIENTED_EDGE('',*,*,#3142,.F.);
#2290=ORIENTED_EDGE('',*,*,#3143,.T.);
#2291=ORIENTED_EDGE('',*,*,#3144,.T.);
#2292=ORIENTED_EDGE('',*,*,#3145,.T.);
#2293=ORIENTED_EDGE('',*,*,#3146,.F.);
#2294=ORIENTED_EDGE('',*,*,#3147,.F.);
#2295=ORIENTED_EDGE('',*,*,#3142,.T.);
#2296=ORIENTED_EDGE('',*,*,#3148,.T.);
#2297=ORIENTED_EDGE('',*,*,#3149,.T.);
#2298=ORIENTED_EDGE('',*,*,#3150,.F.);
#2299=ORIENTED_EDGE('',*,*,#3146,.T.);
#2300=ORIENTED_EDGE('',*,*,#3151,.T.);
#2301=ORIENTED_EDGE('',*,*,#3152,.T.);
#2302=ORIENTED_EDGE('',*,*,#3153,.F.);
#2303=ORIENTED_EDGE('',*,*,#3144,.F.);
#2304=ORIENTED_EDGE('',*,*,#3150,.T.);
#2305=ORIENTED_EDGE('',*,*,#3154,.T.);
#2306=ORIENTED_EDGE('',*,*,#3151,.F.);
#2307=ORIENTED_EDGE('',*,*,#3143,.F.);
#2308=ORIENTED_EDGE('',*,*,#3147,.T.);
#2309=ORIENTED_EDGE('',*,*,#3153,.T.);
#2310=ORIENTED_EDGE('',*,*,#3155,.T.);
#2311=ORIENTED_EDGE('',*,*,#3148,.F.);
#2312=ORIENTED_EDGE('',*,*,#3145,.F.);
#2313=ORIENTED_EDGE('',*,*,#3141,.T.);
#2314=ORIENTED_EDGE('',*,*,#3154,.F.);
#2315=ORIENTED_EDGE('',*,*,#3149,.F.);
#2316=ORIENTED_EDGE('',*,*,#3155,.F.);
#2317=ORIENTED_EDGE('',*,*,#3152,.F.);
#2318=ORIENTED_EDGE('',*,*,#3156,.T.);
#2319=ORIENTED_EDGE('',*,*,#3157,.F.);
#2320=ORIENTED_EDGE('',*,*,#3158,.F.);
#2321=ORIENTED_EDGE('',*,*,#3159,.T.);
#2322=ORIENTED_EDGE('',*,*,#3160,.T.);
#2323=ORIENTED_EDGE('',*,*,#3161,.T.);
#2324=ORIENTED_EDGE('',*,*,#3162,.F.);
#2325=ORIENTED_EDGE('',*,*,#3163,.F.);
#2326=ORIENTED_EDGE('',*,*,#3158,.T.);
#2327=ORIENTED_EDGE('',*,*,#3164,.F.);
#2328=ORIENTED_EDGE('',*,*,#3165,.T.);
#2329=ORIENTED_EDGE('',*,*,#3166,.F.);
#2330=ORIENTED_EDGE('',*,*,#3167,.F.);
#2331=ORIENTED_EDGE('',*,*,#3162,.T.);
#2332=ORIENTED_EDGE('',*,*,#3168,.F.);
#2333=ORIENTED_EDGE('',*,*,#3160,.F.);
#2334=ORIENTED_EDGE('',*,*,#3169,.T.);
#2335=ORIENTED_EDGE('',*,*,#3166,.T.);
#2336=ORIENTED_EDGE('',*,*,#3170,.T.);
#2337=ORIENTED_EDGE('',*,*,#3159,.F.);
#2338=ORIENTED_EDGE('',*,*,#3163,.T.);
#2339=ORIENTED_EDGE('',*,*,#3167,.T.);
#2340=ORIENTED_EDGE('',*,*,#3169,.F.);
#2341=ORIENTED_EDGE('',*,*,#3171,.F.);
#2342=ORIENTED_EDGE('',*,*,#3157,.T.);
#2343=ORIENTED_EDGE('',*,*,#3168,.T.);
#2344=ORIENTED_EDGE('',*,*,#3165,.F.);
#2345=ORIENTED_EDGE('',*,*,#3161,.F.);
#2346=ORIENTED_EDGE('',*,*,#3170,.F.);
#2347=ORIENTED_EDGE('',*,*,#3171,.T.);
#2348=ORIENTED_EDGE('',*,*,#3156,.F.);
#2349=ORIENTED_EDGE('',*,*,#3164,.T.);
#2350=ORIENTED_EDGE('',*,*,#3172,.F.);
#2351=ORIENTED_EDGE('',*,*,#3173,.F.);
#2352=ORIENTED_EDGE('',*,*,#3174,.T.);
#2353=ORIENTED_EDGE('',*,*,#3175,.T.);
#2354=ORIENTED_EDGE('',*,*,#3176,.T.);
#2355=ORIENTED_EDGE('',*,*,#3177,.F.);
#2356=ORIENTED_EDGE('',*,*,#3178,.F.);
#2357=ORIENTED_EDGE('',*,*,#3173,.T.);
#2358=ORIENTED_EDGE('',*,*,#3179,.T.);
#2359=ORIENTED_EDGE('',*,*,#3180,.F.);
#2360=ORIENTED_EDGE('',*,*,#3181,.F.);
#2361=ORIENTED_EDGE('',*,*,#3177,.T.);
#2362=ORIENTED_EDGE('',*,*,#3182,.F.);
#2363=ORIENTED_EDGE('',*,*,#3175,.F.);
#2364=ORIENTED_EDGE('',*,*,#3183,.T.);
#2365=ORIENTED_EDGE('',*,*,#3180,.T.);
#2366=ORIENTED_EDGE('',*,*,#3184,.T.);
#2367=ORIENTED_EDGE('',*,*,#3185,.T.);
#2368=ORIENTED_EDGE('',*,*,#3186,.T.);
#2369=ORIENTED_EDGE('',*,*,#3187,.T.);
#2370=ORIENTED_EDGE('',*,*,#3174,.F.);
#2371=ORIENTED_EDGE('',*,*,#3178,.T.);
#2372=ORIENTED_EDGE('',*,*,#3181,.T.);
#2373=ORIENTED_EDGE('',*,*,#3183,.F.);
#2374=ORIENTED_EDGE('',*,*,#3188,.F.);
#2375=ORIENTED_EDGE('',*,*,#3189,.F.);
#2376=ORIENTED_EDGE('',*,*,#3190,.F.);
#2377=ORIENTED_EDGE('',*,*,#3191,.F.);
#2378=ORIENTED_EDGE('',*,*,#3172,.T.);
#2379=ORIENTED_EDGE('',*,*,#3182,.T.);
#2380=ORIENTED_EDGE('',*,*,#3179,.F.);
#2381=ORIENTED_EDGE('',*,*,#3176,.F.);
#2382=ORIENTED_EDGE('',*,*,#3187,.F.);
#2383=ORIENTED_EDGE('',*,*,#3191,.T.);
#2384=ORIENTED_EDGE('',*,*,#3186,.F.);
#2385=ORIENTED_EDGE('',*,*,#3190,.T.);
#2386=ORIENTED_EDGE('',*,*,#3185,.F.);
#2387=ORIENTED_EDGE('',*,*,#3189,.T.);
#2388=ORIENTED_EDGE('',*,*,#3184,.F.);
#2389=ORIENTED_EDGE('',*,*,#3188,.T.);
#2390=ORIENTED_EDGE('',*,*,#3192,.F.);
#2391=ORIENTED_EDGE('',*,*,#3193,.F.);
#2392=ORIENTED_EDGE('',*,*,#3194,.T.);
#2393=ORIENTED_EDGE('',*,*,#3195,.T.);
#2394=ORIENTED_EDGE('',*,*,#3196,.T.);
#2395=ORIENTED_EDGE('',*,*,#3197,.T.);
#2396=ORIENTED_EDGE('',*,*,#3198,.F.);
#2397=ORIENTED_EDGE('',*,*,#3199,.F.);
#2398=ORIENTED_EDGE('',*,*,#3200,.T.);
#2399=ORIENTED_EDGE('',*,*,#3201,.F.);
#2400=ORIENTED_EDGE('',*,*,#3202,.F.);
#2401=ORIENTED_EDGE('',*,*,#3193,.T.);
#2402=ORIENTED_EDGE('',*,*,#3203,.T.);
#2403=ORIENTED_EDGE('',*,*,#3204,.F.);
#2404=ORIENTED_EDGE('',*,*,#3205,.F.);
#2405=ORIENTED_EDGE('',*,*,#3201,.T.);
#2406=ORIENTED_EDGE('',*,*,#3206,.F.);
#2407=ORIENTED_EDGE('',*,*,#3195,.F.);
#2408=ORIENTED_EDGE('',*,*,#3207,.T.);
#2409=ORIENTED_EDGE('',*,*,#3204,.T.);
#2410=ORIENTED_EDGE('',*,*,#3208,.T.);
#2411=ORIENTED_EDGE('',*,*,#3194,.F.);
#2412=ORIENTED_EDGE('',*,*,#3202,.T.);
#2413=ORIENTED_EDGE('',*,*,#3205,.T.);
#2414=ORIENTED_EDGE('',*,*,#3207,.F.);
#2415=ORIENTED_EDGE('',*,*,#3209,.F.);
#2416=ORIENTED_EDGE('',*,*,#3192,.T.);
#2417=ORIENTED_EDGE('',*,*,#3206,.T.);
#2418=ORIENTED_EDGE('',*,*,#3203,.F.);
#2419=ORIENTED_EDGE('',*,*,#3200,.F.);
#2420=ORIENTED_EDGE('',*,*,#3210,.T.);
#2421=ORIENTED_EDGE('',*,*,#3211,.F.);
#2422=ORIENTED_EDGE('',*,*,#3212,.F.);
#2423=ORIENTED_EDGE('',*,*,#3196,.F.);
#2424=ORIENTED_EDGE('',*,*,#3198,.T.);
#2425=ORIENTED_EDGE('',*,*,#3213,.T.);
#2426=ORIENTED_EDGE('',*,*,#3214,.T.);
#2427=ORIENTED_EDGE('',*,*,#3215,.F.);
#2428=ORIENTED_EDGE('',*,*,#3216,.T.);
#2429=ORIENTED_EDGE('',*,*,#3212,.T.);
#2430=ORIENTED_EDGE('',*,*,#3217,.T.);
#2431=ORIENTED_EDGE('',*,*,#3213,.F.);
#2432=ORIENTED_EDGE('',*,*,#3197,.F.);
#2433=ORIENTED_EDGE('',*,*,#3218,.F.);
#2434=ORIENTED_EDGE('',*,*,#3199,.T.);
#2435=ORIENTED_EDGE('',*,*,#3215,.T.);
#2436=ORIENTED_EDGE('',*,*,#3219,.F.);
#2437=ORIENTED_EDGE('',*,*,#3210,.F.);
#2438=ORIENTED_EDGE('',*,*,#3218,.T.);
#2439=ORIENTED_EDGE('',*,*,#3209,.T.);
#2440=ORIENTED_EDGE('',*,*,#3208,.F.);
#2441=ORIENTED_EDGE('',*,*,#3216,.F.);
#2442=ORIENTED_EDGE('',*,*,#3219,.T.);
#2443=ORIENTED_EDGE('',*,*,#3214,.F.);
#2444=ORIENTED_EDGE('',*,*,#3217,.F.);
#2445=ORIENTED_EDGE('',*,*,#3211,.T.);
#2446=ORIENTED_EDGE('',*,*,#3220,.F.);
#2447=ORIENTED_EDGE('',*,*,#3221,.T.);
#2448=ORIENTED_EDGE('',*,*,#3222,.T.);
#2449=ORIENTED_EDGE('',*,*,#3223,.F.);
#2450=ORIENTED_EDGE('',*,*,#3224,.F.);
#2451=ORIENTED_EDGE('',*,*,#3225,.T.);
#2452=ORIENTED_EDGE('',*,*,#3226,.T.);
#2453=ORIENTED_EDGE('',*,*,#3227,.F.);
#2454=ORIENTED_EDGE('',*,*,#3228,.F.);
#2455=ORIENTED_EDGE('',*,*,#3229,.F.);
#2456=ORIENTED_EDGE('',*,*,#3220,.T.);
#2457=ORIENTED_EDGE('',*,*,#3230,.T.);
#2458=ORIENTED_EDGE('',*,*,#3231,.T.);
#2459=ORIENTED_EDGE('',*,*,#3232,.F.);
#2460=ORIENTED_EDGE('',*,*,#3221,.F.);
#2461=ORIENTED_EDGE('',*,*,#3229,.T.);
#2462=ORIENTED_EDGE('',*,*,#3233,.T.);
#2463=ORIENTED_EDGE('',*,*,#3234,.F.);
#2464=ORIENTED_EDGE('',*,*,#3222,.F.);
#2465=ORIENTED_EDGE('',*,*,#3232,.T.);
#2466=ORIENTED_EDGE('',*,*,#3235,.F.);
#2467=ORIENTED_EDGE('',*,*,#3230,.F.);
#2468=ORIENTED_EDGE('',*,*,#3223,.T.);
#2469=ORIENTED_EDGE('',*,*,#3234,.T.);
#2470=ORIENTED_EDGE('',*,*,#3228,.T.);
#2471=ORIENTED_EDGE('',*,*,#3235,.T.);
#2472=ORIENTED_EDGE('',*,*,#3233,.F.);
#2473=ORIENTED_EDGE('',*,*,#3231,.F.);
#2474=ORIENTED_EDGE('',*,*,#3236,.T.);
#2475=ORIENTED_EDGE('',*,*,#3237,.F.);
#2476=ORIENTED_EDGE('',*,*,#3225,.F.);
#2477=ORIENTED_EDGE('',*,*,#3238,.T.);
#2478=ORIENTED_EDGE('',*,*,#3239,.F.);
#2479=ORIENTED_EDGE('',*,*,#3238,.F.);
#2480=ORIENTED_EDGE('',*,*,#3224,.T.);
#2481=ORIENTED_EDGE('',*,*,#3240,.T.);
#2482=ORIENTED_EDGE('',*,*,#3241,.F.);
#2483=ORIENTED_EDGE('',*,*,#3240,.F.);
#2484=ORIENTED_EDGE('',*,*,#3227,.T.);
#2485=ORIENTED_EDGE('',*,*,#3242,.T.);
#2486=ORIENTED_EDGE('',*,*,#3243,.T.);
#2487=ORIENTED_EDGE('',*,*,#3242,.F.);
#2488=ORIENTED_EDGE('',*,*,#3226,.F.);
#2489=ORIENTED_EDGE('',*,*,#3237,.T.);
#2490=ORIENTED_EDGE('',*,*,#3236,.F.);
#2491=ORIENTED_EDGE('',*,*,#3239,.T.);
#2492=ORIENTED_EDGE('',*,*,#3241,.T.);
#2493=ORIENTED_EDGE('',*,*,#3243,.F.);
#2494=ORIENTED_EDGE('',*,*,#3244,.T.);
#2495=ORIENTED_EDGE('',*,*,#3245,.F.);
#2496=ORIENTED_EDGE('',*,*,#3246,.F.);
#2497=ORIENTED_EDGE('',*,*,#3247,.T.);
#2498=ORIENTED_EDGE('',*,*,#3248,.T.);
#2499=ORIENTED_EDGE('',*,*,#3249,.F.);
#2500=ORIENTED_EDGE('',*,*,#3250,.F.);
#2501=ORIENTED_EDGE('',*,*,#3245,.T.);
#2502=ORIENTED_EDGE('',*,*,#3251,.T.);
#2503=ORIENTED_EDGE('',*,*,#3252,.F.);
#2504=ORIENTED_EDGE('',*,*,#3253,.F.);
#2505=ORIENTED_EDGE('',*,*,#3249,.T.);
#2506=ORIENTED_EDGE('',*,*,#3254,.T.);
#2507=ORIENTED_EDGE('',*,*,#3255,.F.);
#2508=ORIENTED_EDGE('',*,*,#3256,.F.);
#2509=ORIENTED_EDGE('',*,*,#3252,.T.);
#2510=ORIENTED_EDGE('',*,*,#3257,.T.);
#2511=ORIENTED_EDGE('',*,*,#3258,.F.);
#2512=ORIENTED_EDGE('',*,*,#3259,.F.);
#2513=ORIENTED_EDGE('',*,*,#3255,.T.);
#2514=ORIENTED_EDGE('',*,*,#3260,.T.);
#2515=ORIENTED_EDGE('',*,*,#3247,.F.);
#2516=ORIENTED_EDGE('',*,*,#3261,.F.);
#2517=ORIENTED_EDGE('',*,*,#3258,.T.);
#2518=ORIENTED_EDGE('',*,*,#3262,.F.);
#2519=ORIENTED_EDGE('',*,*,#3263,.F.);
#2520=ORIENTED_EDGE('',*,*,#3264,.T.);
#2521=ORIENTED_EDGE('',*,*,#3265,.T.);
#2522=ORIENTED_EDGE('',*,*,#3246,.T.);
#2523=ORIENTED_EDGE('',*,*,#3250,.T.);
#2524=ORIENTED_EDGE('',*,*,#3253,.T.);
#2525=ORIENTED_EDGE('',*,*,#3256,.T.);
#2526=ORIENTED_EDGE('',*,*,#3259,.T.);
#2527=ORIENTED_EDGE('',*,*,#3261,.T.);
#2528=ORIENTED_EDGE('',*,*,#3266,.T.);
#2529=ORIENTED_EDGE('',*,*,#3267,.T.);
#2530=ORIENTED_EDGE('',*,*,#3268,.F.);
#2531=ORIENTED_EDGE('',*,*,#3269,.F.);
#2532=ORIENTED_EDGE('',*,*,#3244,.F.);
#2533=ORIENTED_EDGE('',*,*,#3260,.F.);
#2534=ORIENTED_EDGE('',*,*,#3257,.F.);
#2535=ORIENTED_EDGE('',*,*,#3254,.F.);
#2536=ORIENTED_EDGE('',*,*,#3251,.F.);
#2537=ORIENTED_EDGE('',*,*,#3248,.F.);
#2538=ORIENTED_EDGE('',*,*,#3262,.T.);
#2539=ORIENTED_EDGE('',*,*,#3270,.T.);
#2540=ORIENTED_EDGE('',*,*,#3267,.F.);
#2541=ORIENTED_EDGE('',*,*,#3271,.F.);
#2542=ORIENTED_EDGE('',*,*,#3272,.T.);
#2543=ORIENTED_EDGE('',*,*,#3268,.T.);
#2544=ORIENTED_EDGE('',*,*,#3270,.F.);
#2545=ORIENTED_EDGE('',*,*,#3265,.F.);
#2546=ORIENTED_EDGE('',*,*,#3273,.T.);
#2547=ORIENTED_EDGE('',*,*,#3269,.T.);
#2548=ORIENTED_EDGE('',*,*,#3272,.F.);
#2549=ORIENTED_EDGE('',*,*,#3264,.F.);
#2550=ORIENTED_EDGE('',*,*,#3263,.T.);
#2551=ORIENTED_EDGE('',*,*,#3271,.T.);
#2552=ORIENTED_EDGE('',*,*,#3266,.F.);
#2553=ORIENTED_EDGE('',*,*,#3273,.F.);
#2554=ORIENTED_EDGE('',*,*,#3274,.F.);
#2555=ORIENTED_EDGE('',*,*,#3275,.F.);
#2556=ORIENTED_EDGE('',*,*,#3276,.T.);
#2557=ORIENTED_EDGE('',*,*,#3277,.T.);
#2558=ORIENTED_EDGE('',*,*,#3278,.T.);
#2559=ORIENTED_EDGE('',*,*,#3279,.F.);
#2560=ORIENTED_EDGE('',*,*,#3280,.F.);
#2561=ORIENTED_EDGE('',*,*,#3275,.T.);
#2562=ORIENTED_EDGE('',*,*,#3281,.T.);
#2563=ORIENTED_EDGE('',*,*,#3282,.F.);
#2564=ORIENTED_EDGE('',*,*,#3283,.F.);
#2565=ORIENTED_EDGE('',*,*,#3279,.T.);
#2566=ORIENTED_EDGE('',*,*,#3284,.F.);
#2567=ORIENTED_EDGE('',*,*,#3277,.F.);
#2568=ORIENTED_EDGE('',*,*,#3285,.T.);
#2569=ORIENTED_EDGE('',*,*,#3282,.T.);
#2570=ORIENTED_EDGE('',*,*,#3286,.T.);
#2571=ORIENTED_EDGE('',*,*,#3287,.T.);
#2572=ORIENTED_EDGE('',*,*,#3288,.T.);
#2573=ORIENTED_EDGE('',*,*,#3276,.F.);
#2574=ORIENTED_EDGE('',*,*,#3280,.T.);
#2575=ORIENTED_EDGE('',*,*,#3283,.T.);
#2576=ORIENTED_EDGE('',*,*,#3285,.F.);
#2577=ORIENTED_EDGE('',*,*,#3289,.F.);
#2578=ORIENTED_EDGE('',*,*,#3290,.F.);
#2579=ORIENTED_EDGE('',*,*,#3291,.F.);
#2580=ORIENTED_EDGE('',*,*,#3274,.T.);
#2581=ORIENTED_EDGE('',*,*,#3284,.T.);
#2582=ORIENTED_EDGE('',*,*,#3281,.F.);
#2583=ORIENTED_EDGE('',*,*,#3278,.F.);
#2584=ORIENTED_EDGE('',*,*,#3288,.F.);
#2585=ORIENTED_EDGE('',*,*,#3291,.T.);
#2586=ORIENTED_EDGE('',*,*,#3287,.F.);
#2587=ORIENTED_EDGE('',*,*,#3290,.T.);
#2588=ORIENTED_EDGE('',*,*,#3286,.F.);
#2589=ORIENTED_EDGE('',*,*,#3289,.T.);
#2590=ORIENTED_EDGE('',*,*,#3292,.F.);
#2591=ORIENTED_EDGE('',*,*,#3293,.F.);
#2592=ORIENTED_EDGE('',*,*,#3294,.T.);
#2593=ORIENTED_EDGE('',*,*,#3295,.T.);
#2594=ORIENTED_EDGE('',*,*,#3296,.T.);
#2595=ORIENTED_EDGE('',*,*,#3297,.F.);
#2596=ORIENTED_EDGE('',*,*,#3298,.F.);
#2597=ORIENTED_EDGE('',*,*,#3293,.T.);
#2598=ORIENTED_EDGE('',*,*,#3299,.T.);
#2599=ORIENTED_EDGE('',*,*,#3300,.F.);
#2600=ORIENTED_EDGE('',*,*,#3301,.F.);
#2601=ORIENTED_EDGE('',*,*,#3297,.T.);
#2602=ORIENTED_EDGE('',*,*,#3302,.F.);
#2603=ORIENTED_EDGE('',*,*,#3295,.F.);
#2604=ORIENTED_EDGE('',*,*,#3303,.T.);
#2605=ORIENTED_EDGE('',*,*,#3300,.T.);
#2606=ORIENTED_EDGE('',*,*,#3304,.T.);
#2607=ORIENTED_EDGE('',*,*,#3294,.F.);
#2608=ORIENTED_EDGE('',*,*,#3298,.T.);
#2609=ORIENTED_EDGE('',*,*,#3301,.T.);
#2610=ORIENTED_EDGE('',*,*,#3303,.F.);
#2611=ORIENTED_EDGE('',*,*,#3292,.T.);
#2612=ORIENTED_EDGE('',*,*,#3302,.T.);
#2613=ORIENTED_EDGE('',*,*,#3299,.F.);
#2614=ORIENTED_EDGE('',*,*,#3296,.F.);
#2615=ORIENTED_EDGE('',*,*,#3304,.F.);
#2616=ORIENTED_EDGE('',*,*,#3305,.F.);
#2617=ORIENTED_EDGE('',*,*,#3305,.T.);
#2618=ORIENTED_EDGE('',*,*,#3306,.T.);
#2619=ORIENTED_EDGE('',*,*,#3307,.T.);
#2620=ORIENTED_EDGE('',*,*,#3308,.F.);
#2621=ORIENTED_EDGE('',*,*,#3309,.T.);
#2622=ORIENTED_EDGE('',*,*,#3310,.T.);
#2623=ORIENTED_EDGE('',*,*,#3311,.T.);
#2624=ORIENTED_EDGE('',*,*,#3312,.F.);
#2625=ORIENTED_EDGE('',*,*,#3313,.T.);
#2626=ORIENTED_EDGE('',*,*,#3314,.T.);
#2627=ORIENTED_EDGE('',*,*,#3315,.T.);
#2628=ORIENTED_EDGE('',*,*,#3316,.F.);
#2629=ORIENTED_EDGE('',*,*,#3317,.T.);
#2630=ORIENTED_EDGE('',*,*,#3318,.T.);
#2631=ORIENTED_EDGE('',*,*,#3319,.T.);
#2632=ORIENTED_EDGE('',*,*,#3320,.F.);
#2633=ORIENTED_EDGE('',*,*,#3321,.T.);
#2634=ORIENTED_EDGE('',*,*,#3322,.T.);
#2635=ORIENTED_EDGE('',*,*,#3323,.T.);
#2636=ORIENTED_EDGE('',*,*,#3324,.T.);
#2637=ORIENTED_EDGE('',*,*,#3325,.T.);
#2638=ORIENTED_EDGE('',*,*,#3316,.T.);
#2639=ORIENTED_EDGE('',*,*,#3326,.T.);
#2640=ORIENTED_EDGE('',*,*,#3318,.F.);
#2641=ORIENTED_EDGE('',*,*,#3327,.T.);
#2642=ORIENTED_EDGE('',*,*,#3306,.F.);
#2643=ORIENTED_EDGE('',*,*,#3328,.T.);
#2644=ORIENTED_EDGE('',*,*,#3312,.T.);
#2645=ORIENTED_EDGE('',*,*,#3329,.T.);
#2646=ORIENTED_EDGE('',*,*,#3330,.F.);
#2647=ORIENTED_EDGE('',*,*,#3331,.F.);
#2648=ORIENTED_EDGE('',*,*,#3332,.F.);
#2649=ORIENTED_EDGE('',*,*,#3333,.F.);
#2650=ORIENTED_EDGE('',*,*,#3320,.T.);
#2651=ORIENTED_EDGE('',*,*,#3334,.T.);
#2652=ORIENTED_EDGE('',*,*,#3314,.F.);
#2653=ORIENTED_EDGE('',*,*,#3335,.T.);
#2654=ORIENTED_EDGE('',*,*,#3310,.F.);
#2655=ORIENTED_EDGE('',*,*,#3336,.T.);
#2656=ORIENTED_EDGE('',*,*,#3308,.T.);
#2657=ORIENTED_EDGE('',*,*,#3337,.T.);
#2658=ORIENTED_EDGE('',*,*,#3325,.F.);
#2659=ORIENTED_EDGE('',*,*,#3333,.T.);
#2660=ORIENTED_EDGE('',*,*,#3324,.F.);
#2661=ORIENTED_EDGE('',*,*,#3332,.T.);
#2662=ORIENTED_EDGE('',*,*,#3323,.F.);
#2663=ORIENTED_EDGE('',*,*,#3331,.T.);
#2664=ORIENTED_EDGE('',*,*,#3322,.F.);
#2665=ORIENTED_EDGE('',*,*,#3330,.T.);
#2666=ORIENTED_EDGE('',*,*,#3326,.F.);
#2667=ORIENTED_EDGE('',*,*,#3315,.F.);
#2668=ORIENTED_EDGE('',*,*,#3334,.F.);
#2669=ORIENTED_EDGE('',*,*,#3319,.F.);
#2670=ORIENTED_EDGE('',*,*,#3327,.F.);
#2671=ORIENTED_EDGE('',*,*,#3321,.F.);
#2672=ORIENTED_EDGE('',*,*,#3337,.F.);
#2673=ORIENTED_EDGE('',*,*,#3307,.F.);
#2674=ORIENTED_EDGE('',*,*,#3329,.F.);
#2675=ORIENTED_EDGE('',*,*,#3311,.F.);
#2676=ORIENTED_EDGE('',*,*,#3335,.F.);
#2677=ORIENTED_EDGE('',*,*,#3317,.F.);
#2678=ORIENTED_EDGE('',*,*,#3328,.F.);
#2679=ORIENTED_EDGE('',*,*,#3309,.F.);
#2680=ORIENTED_EDGE('',*,*,#3336,.F.);
#2681=ORIENTED_EDGE('',*,*,#3313,.F.);
#2682=ORIENTED_EDGE('',*,*,#3338,.F.);
#2683=ORIENTED_EDGE('',*,*,#3339,.F.);
#2684=ORIENTED_EDGE('',*,*,#3340,.T.);
#2685=ORIENTED_EDGE('',*,*,#3341,.T.);
#2686=ORIENTED_EDGE('',*,*,#3342,.T.);
#2687=ORIENTED_EDGE('',*,*,#3343,.F.);
#2688=ORIENTED_EDGE('',*,*,#3344,.F.);
#2689=ORIENTED_EDGE('',*,*,#3339,.T.);
#2690=ORIENTED_EDGE('',*,*,#3345,.T.);
#2691=ORIENTED_EDGE('',*,*,#3346,.F.);
#2692=ORIENTED_EDGE('',*,*,#3347,.F.);
#2693=ORIENTED_EDGE('',*,*,#3343,.T.);
#2694=ORIENTED_EDGE('',*,*,#3348,.F.);
#2695=ORIENTED_EDGE('',*,*,#3341,.F.);
#2696=ORIENTED_EDGE('',*,*,#3349,.T.);
#2697=ORIENTED_EDGE('',*,*,#3346,.T.);
#2698=ORIENTED_EDGE('',*,*,#3350,.T.);
#2699=ORIENTED_EDGE('',*,*,#3340,.F.);
#2700=ORIENTED_EDGE('',*,*,#3344,.T.);
#2701=ORIENTED_EDGE('',*,*,#3347,.T.);
#2702=ORIENTED_EDGE('',*,*,#3349,.F.);
#2703=ORIENTED_EDGE('',*,*,#3351,.F.);
#2704=ORIENTED_EDGE('',*,*,#3338,.T.);
#2705=ORIENTED_EDGE('',*,*,#3348,.T.);
#2706=ORIENTED_EDGE('',*,*,#3345,.F.);
#2707=ORIENTED_EDGE('',*,*,#3342,.F.);
#2708=ORIENTED_EDGE('',*,*,#3350,.F.);
#2709=ORIENTED_EDGE('',*,*,#3351,.T.);
#2710=EDGE_CURVE('',#3352,#3353,#3802,.T.);
#2711=EDGE_CURVE('',#3354,#3352,#334,.T.);
#2712=EDGE_CURVE('',#3354,#3355,#3803,.T.);
#2713=EDGE_CURVE('',#3355,#3353,#335,.T.);
#2714=EDGE_CURVE('',#3352,#3353,#3804,.T.);
#2715=EDGE_CURVE('',#3354,#3355,#3805,.T.);
#2716=EDGE_CURVE('',#3356,#3357,#3806,.T.);
#2717=EDGE_CURVE('',#3358,#3356,#336,.T.);
#2718=EDGE_CURVE('',#3358,#3359,#3807,.T.);
#2719=EDGE_CURVE('',#3359,#3357,#337,.T.);
#2720=EDGE_CURVE('',#3356,#3357,#3808,.T.);
#2721=EDGE_CURVE('',#3358,#3359,#3809,.T.);
#2722=EDGE_CURVE('',#3360,#3361,#3810,.T.);
#2723=EDGE_CURVE('',#3362,#3361,#338,.T.);
#2724=EDGE_CURVE('',#3363,#3362,#3811,.T.);
#2725=EDGE_CURVE('',#3363,#3360,#339,.T.);
#2726=EDGE_CURVE('',#3361,#3360,#3812,.T.);
#2727=EDGE_CURVE('',#3362,#3363,#3813,.T.);
#2728=EDGE_CURVE('',#3364,#3364,#3814,.T.);
#2729=EDGE_CURVE('',#3365,#3365,#3815,.T.);
#2730=EDGE_CURVE('',#3366,#3366,#3816,.F.);
#2731=EDGE_CURVE('',#3367,#3367,#3817,.F.);
#2732=EDGE_CURVE('',#3368,#3369,#3818,.T.);
#2733=EDGE_CURVE('',#3370,#3369,#340,.T.);
#2734=EDGE_CURVE('',#3371,#3370,#3819,.T.);
#2735=EDGE_CURVE('',#3371,#3368,#341,.T.);
#2736=EDGE_CURVE('',#3369,#3368,#342,.T.);
#2737=EDGE_CURVE('',#3370,#3371,#343,.T.);
#2738=EDGE_CURVE('',#3372,#3373,#344,.T.);
#2739=EDGE_CURVE('',#3374,#3372,#345,.T.);
#2740=EDGE_CURVE('',#3374,#3375,#346,.T.);
#2741=EDGE_CURVE('',#3375,#3373,#347,.T.);
#2742=EDGE_CURVE('',#3372,#3376,#348,.T.);
#2743=EDGE_CURVE('',#3377,#3376,#349,.T.);
#2744=EDGE_CURVE('',#3374,#3377,#350,.T.);
#2745=EDGE_CURVE('',#3376,#3378,#351,.T.);
#2746=EDGE_CURVE('',#3379,#3378,#352,.T.);
#2747=EDGE_CURVE('',#3377,#3379,#353,.T.);
#2748=EDGE_CURVE('',#3373,#3378,#354,.T.);
#2749=EDGE_CURVE('',#3375,#3379,#355,.T.);
#2750=EDGE_CURVE('',#3380,#3380,#3820,.F.);
#2751=EDGE_CURVE('',#3381,#3381,#3821,.F.);
#2752=EDGE_CURVE('',#3382,#3382,#3822,.T.);
#2753=EDGE_CURVE('',#3383,#3383,#3823,.T.);
#2754=EDGE_CURVE('',#3384,#3385,#356,.T.);
#2755=EDGE_CURVE('',#3386,#3385,#357,.T.);
#2756=EDGE_CURVE('',#3387,#3386,#358,.T.);
#2757=EDGE_CURVE('',#3387,#3384,#359,.T.);
#2758=EDGE_CURVE('',#3385,#3388,#3824,.T.);
#2759=EDGE_CURVE('',#3389,#3388,#360,.T.);
#2760=EDGE_CURVE('',#3386,#3389,#3825,.T.);
#2761=EDGE_CURVE('',#3388,#3390,#361,.T.);
#2762=EDGE_CURVE('',#3391,#3390,#362,.T.);
#2763=EDGE_CURVE('',#3389,#3391,#363,.T.);
#2764=EDGE_CURVE('',#3392,#3392,#3826,.T.);
#2765=EDGE_CURVE('',#3393,#3393,#3827,.T.);
#2766=EDGE_CURVE('',#3390,#3384,#3828,.T.);
#2767=EDGE_CURVE('',#3391,#3387,#3829,.T.);
#2768=EDGE_CURVE('',#3394,#3395,#364,.T.);
#2769=EDGE_CURVE('',#3396,#3394,#365,.T.);
#2770=EDGE_CURVE('',#3396,#3397,#366,.T.);
#2771=EDGE_CURVE('',#3397,#3395,#367,.T.);
#2772=EDGE_CURVE('',#3394,#3398,#368,.T.);
#2773=EDGE_CURVE('',#3399,#3398,#369,.T.);
#2774=EDGE_CURVE('',#3396,#3399,#370,.T.);
#2775=EDGE_CURVE('',#3398,#3400,#371,.T.);
#2776=EDGE_CURVE('',#3401,#3400,#372,.T.);
#2777=EDGE_CURVE('',#3399,#3401,#373,.T.);
#2778=EDGE_CURVE('',#3402,#3402,#3830,.T.);
#2779=EDGE_CURVE('',#3403,#3403,#3831,.T.);
#2780=EDGE_CURVE('',#3404,#3404,#3832,.T.);
#2781=EDGE_CURVE('',#3405,#3405,#3833,.T.);
#2782=EDGE_CURVE('',#3406,#3406,#3834,.T.);
#2783=EDGE_CURVE('',#3407,#3407,#3835,.T.);
#2784=EDGE_CURVE('',#3395,#3400,#374,.T.);
#2785=EDGE_CURVE('',#3397,#3401,#375,.T.);
#2786=EDGE_CURVE('',#3408,#3408,#3836,.T.);
#2787=EDGE_CURVE('',#3409,#3410,#376,.T.);
#2788=EDGE_CURVE('',#3410,#3411,#377,.T.);
#2789=EDGE_CURVE('',#3411,#3412,#378,.T.);
#2790=EDGE_CURVE('',#3412,#3413,#379,.T.);
#2791=EDGE_CURVE('',#3413,#3414,#380,.T.);
#2792=EDGE_CURVE('',#3414,#3409,#381,.T.);
#2793=EDGE_CURVE('',#3415,#3415,#3837,.T.);
#2794=EDGE_CURVE('',#3416,#3416,#3838,.F.);
#2795=EDGE_CURVE('',#3417,#3417,#3839,.T.);
#2796=EDGE_CURVE('',#3410,#3418,#382,.T.);
#2797=EDGE_CURVE('',#3419,#3418,#383,.T.);
#2798=EDGE_CURVE('',#3411,#3419,#384,.T.);
#2799=EDGE_CURVE('',#3409,#3420,#385,.T.);
#2800=EDGE_CURVE('',#3418,#3420,#386,.T.);
#2801=EDGE_CURVE('',#3414,#3421,#387,.T.);
#2802=EDGE_CURVE('',#3420,#3421,#388,.T.);
#2803=EDGE_CURVE('',#3413,#3422,#389,.T.);
#2804=EDGE_CURVE('',#3421,#3422,#390,.T.);
#2805=EDGE_CURVE('',#3412,#3423,#391,.T.);
#2806=EDGE_CURVE('',#3422,#3423,#392,.T.);
#2807=EDGE_CURVE('',#3423,#3419,#393,.T.);
#2808=EDGE_CURVE('',#3424,#3425,#394,.T.);
#2809=EDGE_CURVE('',#3426,#3424,#395,.T.);
#2810=EDGE_CURVE('',#3426,#3427,#396,.T.);
#2811=EDGE_CURVE('',#3427,#3425,#397,.T.);
#2812=EDGE_CURVE('',#3424,#3428,#398,.T.);
#2813=EDGE_CURVE('',#3429,#3428,#399,.T.);
#2814=EDGE_CURVE('',#3426,#3429,#400,.T.);
#2815=EDGE_CURVE('',#3428,#3430,#401,.T.);
#2816=EDGE_CURVE('',#3431,#3430,#402,.T.);
#2817=EDGE_CURVE('',#3429,#3431,#403,.T.);
#2818=EDGE_CURVE('',#3432,#3433,#404,.T.);
#2819=EDGE_CURVE('',#3434,#3432,#405,.T.);
#2820=EDGE_CURVE('',#3434,#3435,#406,.T.);
#2821=EDGE_CURVE('',#3435,#3433,#407,.T.);
#2822=EDGE_CURVE('',#3432,#3436,#408,.T.);
#2823=EDGE_CURVE('',#3437,#3436,#409,.T.);
#2824=EDGE_CURVE('',#3434,#3437,#410,.T.);
#2825=EDGE_CURVE('',#3436,#3438,#411,.T.);
#2826=EDGE_CURVE('',#3439,#3438,#412,.T.);
#2827=EDGE_CURVE('',#3437,#3439,#413,.T.);
#2828=EDGE_CURVE('',#3433,#3438,#414,.T.);
#2829=EDGE_CURVE('',#3435,#3439,#415,.T.);
#2830=EDGE_CURVE('',#3425,#3430,#416,.T.);
#2831=EDGE_CURVE('',#3427,#3431,#417,.T.);
#2832=EDGE_CURVE('',#3440,#3441,#418,.T.);
#2833=EDGE_CURVE('',#3442,#3440,#419,.T.);
#2834=EDGE_CURVE('',#3442,#3443,#420,.T.);
#2835=EDGE_CURVE('',#3443,#3441,#421,.T.);
#2836=EDGE_CURVE('',#3440,#3444,#422,.T.);
#2837=EDGE_CURVE('',#3445,#3444,#423,.T.);
#2838=EDGE_CURVE('',#3446,#3445,#424,.T.);
#2839=EDGE_CURVE('',#3446,#3447,#3840,.T.);
#2840=EDGE_CURVE('',#3448,#3447,#425,.T.);
#2841=EDGE_CURVE('',#3442,#3448,#426,.T.);
#2842=EDGE_CURVE('',#3444,#3449,#427,.T.);
#2843=EDGE_CURVE('',#3450,#3449,#428,.T.);
#2844=EDGE_CURVE('',#3445,#3450,#429,.T.);
#2845=EDGE_CURVE('',#3441,#3449,#430,.T.);
#2846=EDGE_CURVE('',#3443,#3451,#431,.T.);
#2847=EDGE_CURVE('',#3451,#3452,#432,.T.);
#2848=EDGE_CURVE('',#3452,#3453,#3841,.F.);
#2849=EDGE_CURVE('',#3453,#3450,#433,.T.);
#2850=EDGE_CURVE('',#3453,#3446,#434,.F.);
#2851=EDGE_CURVE('',#3447,#3452,#435,.T.);
#2852=EDGE_CURVE('',#3448,#3451,#436,.T.);
#2853=EDGE_CURVE('',#3454,#3455,#437,.T.);
#2854=EDGE_CURVE('',#3456,#3454,#438,.T.);
#2855=EDGE_CURVE('',#3456,#3457,#439,.T.);
#2856=EDGE_CURVE('',#3457,#3455,#440,.T.);
#2857=EDGE_CURVE('',#3454,#3458,#441,.T.);
#2858=EDGE_CURVE('',#3459,#3458,#442,.T.);
#2859=EDGE_CURVE('',#3456,#3459,#443,.T.);
#2860=EDGE_CURVE('',#3458,#3460,#444,.T.);
#2861=EDGE_CURVE('',#3461,#3460,#445,.T.);
#2862=EDGE_CURVE('',#3459,#3461,#446,.T.);
#2863=EDGE_CURVE('',#3455,#3460,#447,.T.);
#2864=EDGE_CURVE('',#3457,#3461,#448,.T.);
#2865=EDGE_CURVE('',#3462,#3462,#3842,.F.);
#2866=EDGE_CURVE('',#3463,#3463,#3843,.T.);
#2867=EDGE_CURVE('',#3464,#3465,#449,.T.);
#2868=EDGE_CURVE('',#3466,#3464,#450,.T.);
#2869=EDGE_CURVE('',#3466,#3467,#451,.T.);
#2870=EDGE_CURVE('',#3467,#3465,#452,.T.);
#2871=EDGE_CURVE('',#3464,#3468,#453,.T.);
#2872=EDGE_CURVE('',#3469,#3468,#454,.T.);
#2873=EDGE_CURVE('',#3466,#3469,#455,.T.);
#2874=EDGE_CURVE('',#3468,#3470,#456,.T.);
#2875=EDGE_CURVE('',#3471,#3470,#457,.T.);
#2876=EDGE_CURVE('',#3469,#3471,#458,.T.);
#2877=EDGE_CURVE('',#3465,#3470,#459,.T.);
#2878=EDGE_CURVE('',#3467,#3471,#460,.T.);
#2879=EDGE_CURVE('',#3472,#3473,#461,.T.);
#2880=EDGE_CURVE('',#3474,#3472,#462,.T.);
#2881=EDGE_CURVE('',#3474,#3475,#463,.T.);
#2882=EDGE_CURVE('',#3475,#3473,#464,.T.);
#2883=EDGE_CURVE('',#3472,#3476,#465,.T.);
#2884=EDGE_CURVE('',#3477,#3476,#466,.T.);
#2885=EDGE_CURVE('',#3474,#3477,#467,.T.);
#2886=EDGE_CURVE('',#3478,#3476,#468,.T.);
#2887=EDGE_CURVE('',#3479,#3478,#469,.T.);
#2888=EDGE_CURVE('',#3479,#3477,#470,.T.);
#2889=EDGE_CURVE('',#3478,#3480,#471,.T.);
#2890=EDGE_CURVE('',#3481,#3480,#472,.T.);
#2891=EDGE_CURVE('',#3479,#3481,#473,.T.);
#2892=EDGE_CURVE('',#3480,#3482,#474,.T.);
#2893=EDGE_CURVE('',#3483,#3482,#475,.T.);
#2894=EDGE_CURVE('',#3481,#3483,#476,.T.);
#2895=EDGE_CURVE('',#3473,#3482,#477,.T.);
#2896=EDGE_CURVE('',#3475,#3483,#478,.T.);
#2897=EDGE_CURVE('',#3484,#3485,#479,.T.);
#2898=EDGE_CURVE('',#3486,#3485,#480,.T.);
#2899=EDGE_CURVE('',#3487,#3486,#481,.T.);
#2900=EDGE_CURVE('',#3487,#3484,#482,.T.);
#2901=EDGE_CURVE('',#3485,#3488,#483,.T.);
#2902=EDGE_CURVE('',#3489,#3488,#484,.T.);
#2903=EDGE_CURVE('',#3486,#3489,#485,.T.);
#2904=EDGE_CURVE('',#3488,#3490,#486,.T.);
#2905=EDGE_CURVE('',#3491,#3490,#487,.T.);
#2906=EDGE_CURVE('',#3489,#3491,#488,.T.);
#2907=EDGE_CURVE('',#3490,#3492,#489,.T.);
#2908=EDGE_CURVE('',#3493,#3492,#490,.T.);
#2909=EDGE_CURVE('',#3491,#3493,#491,.T.);
#2910=EDGE_CURVE('',#3492,#3494,#492,.T.);
#2911=EDGE_CURVE('',#3495,#3494,#493,.T.);
#2912=EDGE_CURVE('',#3493,#3495,#494,.T.);
#2913=EDGE_CURVE('',#3494,#3496,#495,.T.);
#2914=EDGE_CURVE('',#3497,#3496,#496,.T.);
#2915=EDGE_CURVE('',#3495,#3497,#497,.T.);
#2916=EDGE_CURVE('',#3496,#3498,#498,.T.);
#2917=EDGE_CURVE('',#3499,#3498,#499,.T.);
#2918=EDGE_CURVE('',#3497,#3499,#500,.T.);
#2919=EDGE_CURVE('',#3498,#3500,#501,.T.);
#2920=EDGE_CURVE('',#3501,#3500,#502,.T.);
#2921=EDGE_CURVE('',#3499,#3501,#503,.T.);
#2922=EDGE_CURVE('',#3500,#3502,#504,.T.);
#2923=EDGE_CURVE('',#3503,#3502,#505,.T.);
#2924=EDGE_CURVE('',#3501,#3503,#506,.T.);
#2925=EDGE_CURVE('',#3502,#3504,#507,.T.);
#2926=EDGE_CURVE('',#3505,#3504,#508,.T.);
#2927=EDGE_CURVE('',#3503,#3505,#509,.T.);
#2928=EDGE_CURVE('',#3504,#3506,#510,.T.);
#2929=EDGE_CURVE('',#3507,#3506,#511,.T.);
#2930=EDGE_CURVE('',#3505,#3507,#512,.T.);
#2931=EDGE_CURVE('',#3506,#3508,#513,.T.);
#2932=EDGE_CURVE('',#3509,#3508,#514,.T.);
#2933=EDGE_CURVE('',#3507,#3509,#515,.T.);
#2934=EDGE_CURVE('',#3508,#3510,#516,.T.);
#2935=EDGE_CURVE('',#3511,#3510,#517,.T.);
#2936=EDGE_CURVE('',#3509,#3511,#518,.T.);
#2937=EDGE_CURVE('',#3510,#3512,#519,.T.);
#2938=EDGE_CURVE('',#3513,#3512,#520,.T.);
#2939=EDGE_CURVE('',#3511,#3513,#521,.T.);
#2940=EDGE_CURVE('',#3512,#3514,#522,.T.);
#2941=EDGE_CURVE('',#3515,#3514,#523,.T.);
#2942=EDGE_CURVE('',#3513,#3515,#524,.T.);
#2943=EDGE_CURVE('',#3514,#3516,#525,.T.);
#2944=EDGE_CURVE('',#3517,#3516,#526,.T.);
#2945=EDGE_CURVE('',#3515,#3517,#527,.T.);
#2946=EDGE_CURVE('',#3516,#3518,#528,.T.);
#2947=EDGE_CURVE('',#3519,#3518,#529,.T.);
#2948=EDGE_CURVE('',#3517,#3519,#530,.T.);
#2949=EDGE_CURVE('',#3518,#3520,#531,.T.);
#2950=EDGE_CURVE('',#3521,#3520,#532,.T.);
#2951=EDGE_CURVE('',#3519,#3521,#533,.T.);
#2952=EDGE_CURVE('',#3520,#3522,#534,.T.);
#2953=EDGE_CURVE('',#3523,#3522,#535,.T.);
#2954=EDGE_CURVE('',#3521,#3523,#536,.T.);
#2955=EDGE_CURVE('',#3522,#3524,#537,.T.);
#2956=EDGE_CURVE('',#3525,#3524,#538,.T.);
#2957=EDGE_CURVE('',#3523,#3525,#539,.T.);
#2958=EDGE_CURVE('',#3524,#3526,#540,.T.);
#2959=EDGE_CURVE('',#3527,#3526,#541,.T.);
#2960=EDGE_CURVE('',#3525,#3527,#542,.T.);
#2961=EDGE_CURVE('',#3526,#3528,#543,.T.);
#2962=EDGE_CURVE('',#3529,#3528,#544,.T.);
#2963=EDGE_CURVE('',#3527,#3529,#545,.T.);
#2964=EDGE_CURVE('',#3528,#3530,#546,.T.);
#2965=EDGE_CURVE('',#3531,#3530,#547,.T.);
#2966=EDGE_CURVE('',#3529,#3531,#548,.T.);
#2967=EDGE_CURVE('',#3530,#3484,#549,.T.);
#2968=EDGE_CURVE('',#3531,#3487,#550,.T.);
#2969=EDGE_CURVE('',#3532,#3532,#3844,.F.);
#2970=EDGE_CURVE('',#3533,#3533,#3845,.F.);
#2971=EDGE_CURVE('',#3534,#3535,#551,.T.);
#2972=EDGE_CURVE('',#3536,#3534,#552,.T.);
#2973=EDGE_CURVE('',#3536,#3537,#553,.T.);
#2974=EDGE_CURVE('',#3537,#3535,#554,.T.);
#2975=EDGE_CURVE('',#3534,#3538,#555,.T.);
#2976=EDGE_CURVE('',#3539,#3538,#556,.T.);
#2977=EDGE_CURVE('',#3536,#3539,#557,.T.);
#2978=EDGE_CURVE('',#3540,#3538,#558,.T.);
#2979=EDGE_CURVE('',#3541,#3540,#559,.T.);
#2980=EDGE_CURVE('',#3541,#3539,#560,.T.);
#2981=EDGE_CURVE('',#3542,#3540,#561,.T.);
#2982=EDGE_CURVE('',#3543,#3542,#562,.T.);
#2983=EDGE_CURVE('',#3543,#3541,#563,.T.);
#2984=EDGE_CURVE('',#3542,#3544,#564,.T.);
#2985=EDGE_CURVE('',#3545,#3544,#565,.T.);
#2986=EDGE_CURVE('',#3543,#3545,#566,.T.);
#2987=EDGE_CURVE('',#3544,#3535,#567,.T.);
#2988=EDGE_CURVE('',#3545,#3537,#568,.T.);
#2989=EDGE_CURVE('',#3546,#3547,#569,.T.);
#2990=EDGE_CURVE('',#3548,#3546,#570,.T.);
#2991=EDGE_CURVE('',#3548,#3549,#571,.T.);
#2992=EDGE_CURVE('',#3549,#3547,#572,.T.);
#2993=EDGE_CURVE('',#3546,#3550,#573,.T.);
#2994=EDGE_CURVE('',#3551,#3550,#574,.T.);
#2995=EDGE_CURVE('',#3548,#3551,#575,.T.);
#2996=EDGE_CURVE('',#3550,#3552,#576,.T.);
#2997=EDGE_CURVE('',#3553,#3552,#577,.T.);
#2998=EDGE_CURVE('',#3551,#3553,#578,.T.);
#2999=EDGE_CURVE('',#3547,#3552,#579,.T.);
#3000=EDGE_CURVE('',#3549,#3553,#580,.T.);
#3001=EDGE_CURVE('',#3554,#3554,#3846,.T.);
#3002=EDGE_CURVE('',#3555,#3555,#3847,.T.);
#3003=EDGE_CURVE('',#3556,#3556,#3848,.T.);
#3004=EDGE_CURVE('',#3557,#3557,#3849,.T.);
#3005=EDGE_CURVE('',#3558,#3559,#581,.T.);
#3006=EDGE_CURVE('',#3560,#3559,#582,.T.);
#3007=EDGE_CURVE('',#3561,#3560,#583,.T.);
#3008=EDGE_CURVE('',#3561,#3558,#584,.T.);
#3009=EDGE_CURVE('',#3559,#3562,#585,.T.);
#3010=EDGE_CURVE('',#3563,#3562,#586,.T.);
#3011=EDGE_CURVE('',#3560,#3563,#587,.T.);
#3012=EDGE_CURVE('',#3562,#3564,#588,.T.);
#3013=EDGE_CURVE('',#3565,#3564,#589,.T.);
#3014=EDGE_CURVE('',#3563,#3565,#590,.T.);
#3015=EDGE_CURVE('',#3564,#3566,#591,.T.);
#3016=EDGE_CURVE('',#3567,#3566,#592,.T.);
#3017=EDGE_CURVE('',#3565,#3567,#593,.T.);
#3018=EDGE_CURVE('',#3566,#3568,#594,.T.);
#3019=EDGE_CURVE('',#3569,#3568,#595,.T.);
#3020=EDGE_CURVE('',#3567,#3569,#596,.T.);
#3021=EDGE_CURVE('',#3568,#3570,#597,.T.);
#3022=EDGE_CURVE('',#3571,#3570,#598,.T.);
#3023=EDGE_CURVE('',#3569,#3571,#599,.T.);
#3024=EDGE_CURVE('',#3570,#3572,#600,.T.);
#3025=EDGE_CURVE('',#3573,#3572,#601,.T.);
#3026=EDGE_CURVE('',#3571,#3573,#602,.T.);
#3027=EDGE_CURVE('',#3572,#3574,#603,.T.);
#3028=EDGE_CURVE('',#3575,#3574,#604,.T.);
#3029=EDGE_CURVE('',#3573,#3575,#605,.T.);
#3030=EDGE_CURVE('',#3574,#3576,#606,.T.);
#3031=EDGE_CURVE('',#3577,#3576,#607,.T.);
#3032=EDGE_CURVE('',#3575,#3577,#608,.T.);
#3033=EDGE_CURVE('',#3576,#3578,#609,.T.);
#3034=EDGE_CURVE('',#3579,#3578,#610,.T.);
#3035=EDGE_CURVE('',#3577,#3579,#611,.T.);
#3036=EDGE_CURVE('',#3578,#3580,#612,.T.);
#3037=EDGE_CURVE('',#3581,#3580,#613,.T.);
#3038=EDGE_CURVE('',#3579,#3581,#614,.T.);
#3039=EDGE_CURVE('',#3580,#3582,#615,.T.);
#3040=EDGE_CURVE('',#3583,#3582,#616,.T.);
#3041=EDGE_CURVE('',#3581,#3583,#617,.T.);
#3042=EDGE_CURVE('',#3582,#3584,#618,.T.);
#3043=EDGE_CURVE('',#3585,#3584,#619,.T.);
#3044=EDGE_CURVE('',#3583,#3585,#620,.T.);
#3045=EDGE_CURVE('',#3584,#3586,#621,.T.);
#3046=EDGE_CURVE('',#3587,#3586,#622,.T.);
#3047=EDGE_CURVE('',#3585,#3587,#623,.T.);
#3048=EDGE_CURVE('',#3586,#3588,#624,.T.);
#3049=EDGE_CURVE('',#3589,#3588,#625,.T.);
#3050=EDGE_CURVE('',#3587,#3589,#626,.T.);
#3051=EDGE_CURVE('',#3588,#3590,#627,.T.);
#3052=EDGE_CURVE('',#3591,#3590,#628,.T.);
#3053=EDGE_CURVE('',#3589,#3591,#629,.T.);
#3054=EDGE_CURVE('',#3590,#3592,#630,.T.);
#3055=EDGE_CURVE('',#3593,#3592,#631,.T.);
#3056=EDGE_CURVE('',#3591,#3593,#632,.T.);
#3057=EDGE_CURVE('',#3592,#3594,#633,.T.);
#3058=EDGE_CURVE('',#3595,#3594,#634,.T.);
#3059=EDGE_CURVE('',#3593,#3595,#635,.T.);
#3060=EDGE_CURVE('',#3594,#3596,#636,.T.);
#3061=EDGE_CURVE('',#3597,#3596,#637,.T.);
#3062=EDGE_CURVE('',#3595,#3597,#638,.T.);
#3063=EDGE_CURVE('',#3596,#3598,#639,.T.);
#3064=EDGE_CURVE('',#3599,#3598,#640,.T.);
#3065=EDGE_CURVE('',#3597,#3599,#641,.T.);
#3066=EDGE_CURVE('',#3598,#3600,#642,.T.);
#3067=EDGE_CURVE('',#3601,#3600,#643,.T.);
#3068=EDGE_CURVE('',#3599,#3601,#644,.T.);
#3069=EDGE_CURVE('',#3600,#3602,#645,.T.);
#3070=EDGE_CURVE('',#3603,#3602,#646,.T.);
#3071=EDGE_CURVE('',#3601,#3603,#647,.T.);
#3072=EDGE_CURVE('',#3602,#3604,#648,.T.);
#3073=EDGE_CURVE('',#3605,#3604,#649,.T.);
#3074=EDGE_CURVE('',#3603,#3605,#650,.T.);
#3075=EDGE_CURVE('',#3604,#3558,#651,.T.);
#3076=EDGE_CURVE('',#3605,#3561,#652,.T.);
#3077=EDGE_CURVE('',#3606,#3607,#653,.T.);
#3078=EDGE_CURVE('',#3608,#3606,#654,.T.);
#3079=EDGE_CURVE('',#3608,#3609,#655,.T.);
#3080=EDGE_CURVE('',#3609,#3607,#656,.T.);
#3081=EDGE_CURVE('',#3606,#3610,#657,.T.);
#3082=EDGE_CURVE('',#3611,#3610,#658,.T.);
#3083=EDGE_CURVE('',#3612,#3611,#659,.T.);
#3084=EDGE_CURVE('',#3613,#3612,#660,.T.);
#3085=EDGE_CURVE('',#3608,#3613,#661,.T.);
#3086=EDGE_CURVE('',#3610,#3614,#662,.T.);
#3087=EDGE_CURVE('',#3615,#3614,#663,.T.);
#3088=EDGE_CURVE('',#3611,#3615,#664,.T.);
#3089=EDGE_CURVE('',#3607,#3614,#665,.T.);
#3090=EDGE_CURVE('',#3609,#3616,#666,.T.);
#3091=EDGE_CURVE('',#3616,#3617,#667,.T.);
#3092=EDGE_CURVE('',#3617,#3615,#668,.T.);
#3093=EDGE_CURVE('',#3618,#3618,#3850,.F.);
#3094=EDGE_CURVE('',#3612,#3617,#669,.T.);
#3095=EDGE_CURVE('',#3619,#3619,#3851,.F.);
#3096=EDGE_CURVE('',#3613,#3616,#670,.T.);
#3097=EDGE_CURVE('',#3620,#3621,#671,.T.);
#3098=EDGE_CURVE('',#3622,#3620,#672,.T.);
#3099=EDGE_CURVE('',#3622,#3623,#673,.T.);
#3100=EDGE_CURVE('',#3623,#3621,#674,.T.);
#3101=EDGE_CURVE('',#3620,#3624,#675,.T.);
#3102=EDGE_CURVE('',#3625,#3624,#676,.T.);
#3103=EDGE_CURVE('',#3622,#3625,#677,.T.);
#3104=EDGE_CURVE('',#3624,#3626,#678,.T.);
#3105=EDGE_CURVE('',#3627,#3626,#679,.T.);
#3106=EDGE_CURVE('',#3625,#3627,#680,.T.);
#3107=EDGE_CURVE('',#3621,#3626,#681,.T.);
#3108=EDGE_CURVE('',#3623,#3627,#682,.T.);
#3109=EDGE_CURVE('',#3628,#3629,#683,.T.);
#3110=EDGE_CURVE('',#3630,#3629,#684,.T.);
#3111=EDGE_CURVE('',#3631,#3630,#685,.T.);
#3112=EDGE_CURVE('',#3631,#3628,#686,.T.);
#3113=EDGE_CURVE('',#3629,#3632,#687,.T.);
#3114=EDGE_CURVE('',#3633,#3632,#688,.T.);
#3115=EDGE_CURVE('',#3630,#3633,#689,.T.);
#3116=EDGE_CURVE('',#3632,#3634,#690,.T.);
#3117=EDGE_CURVE('',#3635,#3634,#691,.T.);
#3118=EDGE_CURVE('',#3633,#3635,#692,.T.);
#3119=EDGE_CURVE('',#3634,#3636,#693,.T.);
#3120=EDGE_CURVE('',#3637,#3636,#694,.T.);
#3121=EDGE_CURVE('',#3635,#3637,#695,.T.);
#3122=EDGE_CURVE('',#3636,#3638,#696,.T.);
#3123=EDGE_CURVE('',#3639,#3638,#697,.T.);
#3124=EDGE_CURVE('',#3637,#3639,#698,.T.);
#3125=EDGE_CURVE('',#3640,#3640,#3852,.T.);
#3126=EDGE_CURVE('',#3641,#3641,#3853,.T.);
#3127=EDGE_CURVE('',#3638,#3628,#699,.T.);
#3128=EDGE_CURVE('',#3639,#3631,#700,.T.);
#3129=EDGE_CURVE('',#3642,#3643,#701,.T.);
#3130=EDGE_CURVE('',#3644,#3642,#702,.T.);
#3131=EDGE_CURVE('',#3644,#3645,#703,.T.);
#3132=EDGE_CURVE('',#3645,#3643,#704,.T.);
#3133=EDGE_CURVE('',#3642,#3646,#705,.T.);
#3134=EDGE_CURVE('',#3647,#3646,#706,.T.);
#3135=EDGE_CURVE('',#3644,#3647,#707,.T.);
#3136=EDGE_CURVE('',#3646,#3648,#708,.T.);
#3137=EDGE_CURVE('',#3649,#3648,#709,.T.);
#3138=EDGE_CURVE('',#3647,#3649,#710,.T.);
#3139=EDGE_CURVE('',#3643,#3648,#711,.T.);
#3140=EDGE_CURVE('',#3645,#3649,#712,.T.);
#3141=EDGE_CURVE('',#3650,#3651,#713,.T.);
#3142=EDGE_CURVE('',#3652,#3650,#714,.T.);
#3143=EDGE_CURVE('',#3652,#3653,#715,.T.);
#3144=EDGE_CURVE('',#3653,#3651,#716,.T.);
#3145=EDGE_CURVE('',#3650,#3654,#717,.T.);
#3146=EDGE_CURVE('',#3655,#3654,#718,.T.);
#3147=EDGE_CURVE('',#3652,#3655,#719,.T.);
#3148=EDGE_CURVE('',#3654,#3656,#720,.T.);
#3149=EDGE_CURVE('',#3656,#3657,#721,.F.);
#3150=EDGE_CURVE('',#3655,#3657,#722,.T.);
#3151=EDGE_CURVE('',#3653,#3658,#723,.T.);
#3152=EDGE_CURVE('',#3658,#3659,#724,.T.);
#3153=EDGE_CURVE('',#3651,#3659,#725,.T.);
#3154=EDGE_CURVE('',#3657,#3658,#3854,.T.);
#3155=EDGE_CURVE('',#3659,#3656,#3855,.F.);
#3156=EDGE_CURVE('',#3660,#3660,#3856,.F.);
#3157=EDGE_CURVE('',#3661,#3662,#726,.T.);
#3158=EDGE_CURVE('',#3663,#3661,#727,.T.);
#3159=EDGE_CURVE('',#3663,#3664,#728,.T.);
#3160=EDGE_CURVE('',#3664,#3662,#729,.T.);
#3161=EDGE_CURVE('',#3661,#3665,#730,.T.);
#3162=EDGE_CURVE('',#3666,#3665,#731,.T.);
#3163=EDGE_CURVE('',#3663,#3666,#732,.T.);
#3164=EDGE_CURVE('',#3667,#3667,#3857,.F.);
#3165=EDGE_CURVE('',#3665,#3668,#733,.T.);
#3166=EDGE_CURVE('',#3669,#3668,#734,.T.);
#3167=EDGE_CURVE('',#3666,#3669,#735,.T.);
#3168=EDGE_CURVE('',#3662,#3668,#736,.T.);
#3169=EDGE_CURVE('',#3664,#3669,#737,.T.);
#3170=EDGE_CURVE('',#3670,#3670,#3858,.F.);
#3171=EDGE_CURVE('',#3671,#3671,#3859,.F.);
#3172=EDGE_CURVE('',#3672,#3673,#738,.T.);
#3173=EDGE_CURVE('',#3674,#3672,#739,.T.);
#3174=EDGE_CURVE('',#3674,#3675,#740,.T.);
#3175=EDGE_CURVE('',#3675,#3673,#741,.T.);
#3176=EDGE_CURVE('',#3672,#3676,#742,.T.);
#3177=EDGE_CURVE('',#3677,#3676,#743,.T.);
#3178=EDGE_CURVE('',#3674,#3677,#744,.T.);
#3179=EDGE_CURVE('',#3676,#3678,#745,.T.);
#3180=EDGE_CURVE('',#3679,#3678,#746,.T.);
#3181=EDGE_CURVE('',#3677,#3679,#747,.T.);
#3182=EDGE_CURVE('',#3673,#3678,#748,.T.);
#3183=EDGE_CURVE('',#3675,#3679,#749,.T.);
#3184=EDGE_CURVE('',#3680,#3680,#3860,.F.);
#3185=EDGE_CURVE('',#3681,#3681,#3861,.F.);
#3186=EDGE_CURVE('',#3682,#3682,#3862,.F.);
#3187=EDGE_CURVE('',#3683,#3683,#3863,.F.);
#3188=EDGE_CURVE('',#3684,#3684,#3864,.F.);
#3189=EDGE_CURVE('',#3685,#3685,#3865,.F.);
#3190=EDGE_CURVE('',#3686,#3686,#3866,.F.);
#3191=EDGE_CURVE('',#3687,#3687,#3867,.F.);
#3192=EDGE_CURVE('',#3688,#3689,#750,.T.);
#3193=EDGE_CURVE('',#3690,#3688,#751,.T.);
#3194=EDGE_CURVE('',#3690,#3691,#752,.T.);
#3195=EDGE_CURVE('',#3691,#3689,#753,.T.);
#3196=EDGE_CURVE('',#3692,#3693,#754,.T.);
#3197=EDGE_CURVE('',#3693,#3694,#755,.T.);
#3198=EDGE_CURVE('',#3695,#3694,#756,.T.);
#3199=EDGE_CURVE('',#3692,#3695,#757,.T.);
#3200=EDGE_CURVE('',#3688,#3696,#758,.T.);
#3201=EDGE_CURVE('',#3697,#3696,#759,.T.);
#3202=EDGE_CURVE('',#3690,#3697,#760,.T.);
#3203=EDGE_CURVE('',#3696,#3698,#761,.T.);
#3204=EDGE_CURVE('',#3699,#3698,#762,.T.);
#3205=EDGE_CURVE('',#3697,#3699,#763,.T.);
#3206=EDGE_CURVE('',#3689,#3698,#764,.T.);
#3207=EDGE_CURVE('',#3691,#3699,#765,.T.);
#3208=EDGE_CURVE('',#3700,#3700,#3868,.F.);
#3209=EDGE_CURVE('',#3701,#3701,#3869,.F.);
#3210=EDGE_CURVE('',#3692,#3702,#766,.T.);
#3211=EDGE_CURVE('',#3703,#3702,#767,.T.);
#3212=EDGE_CURVE('',#3693,#3703,#768,.T.);
#3213=EDGE_CURVE('',#3694,#3704,#769,.T.);
#3214=EDGE_CURVE('',#3704,#3705,#770,.T.);
#3215=EDGE_CURVE('',#3695,#3705,#771,.T.);
#3216=EDGE_CURVE('',#3706,#3706,#3870,.T.);
#3217=EDGE_CURVE('',#3703,#3704,#772,.T.);
#3218=EDGE_CURVE('',#3707,#3707,#3871,.T.);
#3219=EDGE_CURVE('',#3702,#3705,#773,.T.);
#3220=EDGE_CURVE('',#3708,#3709,#774,.T.);
#3221=EDGE_CURVE('',#3708,#3710,#775,.T.);
#3222=EDGE_CURVE('',#3710,#3711,#776,.T.);
#3223=EDGE_CURVE('',#3709,#3711,#777,.T.);
#3224=EDGE_CURVE('',#3712,#3713,#778,.T.);
#3225=EDGE_CURVE('',#3712,#3714,#779,.T.);
#3226=EDGE_CURVE('',#3714,#3715,#780,.T.);
#3227=EDGE_CURVE('',#3713,#3715,#781,.T.);
#3228=EDGE_CURVE('',#3716,#3717,#782,.T.);
#3229=EDGE_CURVE('',#3708,#3716,#783,.T.);
#3230=EDGE_CURVE('',#3709,#3717,#784,.T.);
#3231=EDGE_CURVE('',#3716,#3718,#785,.T.);
#3232=EDGE_CURVE('',#3710,#3718,#786,.T.);
#3233=EDGE_CURVE('',#3718,#3719,#787,.T.);
#3234=EDGE_CURVE('',#3711,#3719,#788,.T.);
#3235=EDGE_CURVE('',#3717,#3719,#789,.T.);
#3236=EDGE_CURVE('',#3720,#3721,#790,.T.);
#3237=EDGE_CURVE('',#3714,#3721,#791,.T.);
#3238=EDGE_CURVE('',#3712,#3720,#792,.T.);
#3239=EDGE_CURVE('',#3720,#3722,#793,.T.);
#3240=EDGE_CURVE('',#3713,#3722,#794,.T.);
#3241=EDGE_CURVE('',#3722,#3723,#795,.T.);
#3242=EDGE_CURVE('',#3715,#3723,#796,.T.);
#3243=EDGE_CURVE('',#3721,#3723,#797,.T.);
#3244=EDGE_CURVE('',#3724,#3725,#798,.T.);
#3245=EDGE_CURVE('',#3726,#3725,#799,.T.);
#3246=EDGE_CURVE('',#3727,#3726,#800,.T.);
#3247=EDGE_CURVE('',#3727,#3724,#801,.T.);
#3248=EDGE_CURVE('',#3725,#3728,#802,.T.);
#3249=EDGE_CURVE('',#3729,#3728,#803,.T.);
#3250=EDGE_CURVE('',#3726,#3729,#804,.T.);
#3251=EDGE_CURVE('',#3728,#3730,#805,.T.);
#3252=EDGE_CURVE('',#3731,#3730,#806,.T.);
#3253=EDGE_CURVE('',#3729,#3731,#807,.T.);
#3254=EDGE_CURVE('',#3730,#3732,#808,.T.);
#3255=EDGE_CURVE('',#3733,#3732,#809,.T.);
#3256=EDGE_CURVE('',#3731,#3733,#810,.T.);
#3257=EDGE_CURVE('',#3732,#3734,#811,.T.);
#3258=EDGE_CURVE('',#3735,#3734,#812,.T.);
#3259=EDGE_CURVE('',#3733,#3735,#813,.T.);
#3260=EDGE_CURVE('',#3734,#3724,#814,.T.);
#3261=EDGE_CURVE('',#3735,#3727,#815,.T.);
#3262=EDGE_CURVE('',#3736,#3737,#816,.T.);
#3263=EDGE_CURVE('',#3738,#3736,#817,.T.);
#3264=EDGE_CURVE('',#3738,#3739,#818,.T.);
#3265=EDGE_CURVE('',#3739,#3737,#819,.T.);
#3266=EDGE_CURVE('',#3740,#3741,#820,.T.);
#3267=EDGE_CURVE('',#3741,#3742,#821,.T.);
#3268=EDGE_CURVE('',#3743,#3742,#822,.T.);
#3269=EDGE_CURVE('',#3740,#3743,#823,.T.);
#3270=EDGE_CURVE('',#3737,#3742,#824,.T.);
#3271=EDGE_CURVE('',#3736,#3741,#825,.T.);
#3272=EDGE_CURVE('',#3739,#3743,#826,.T.);
#3273=EDGE_CURVE('',#3738,#3740,#827,.T.);
#3274=EDGE_CURVE('',#3744,#3745,#828,.T.);
#3275=EDGE_CURVE('',#3746,#3744,#829,.T.);
#3276=EDGE_CURVE('',#3746,#3747,#830,.T.);
#3277=EDGE_CURVE('',#3747,#3745,#831,.T.);
#3278=EDGE_CURVE('',#3744,#3748,#832,.T.);
#3279=EDGE_CURVE('',#3749,#3748,#833,.T.);
#3280=EDGE_CURVE('',#3746,#3749,#834,.T.);
#3281=EDGE_CURVE('',#3748,#3750,#835,.T.);
#3282=EDGE_CURVE('',#3751,#3750,#836,.T.);
#3283=EDGE_CURVE('',#3749,#3751,#837,.T.);
#3284=EDGE_CURVE('',#3745,#3750,#838,.T.);
#3285=EDGE_CURVE('',#3747,#3751,#839,.T.);
#3286=EDGE_CURVE('',#3752,#3752,#3872,.F.);
#3287=EDGE_CURVE('',#3753,#3753,#3873,.F.);
#3288=EDGE_CURVE('',#3754,#3754,#3874,.F.);
#3289=EDGE_CURVE('',#3755,#3755,#3875,.F.);
#3290=EDGE_CURVE('',#3756,#3756,#3876,.F.);
#3291=EDGE_CURVE('',#3757,#3757,#3877,.F.);
#3292=EDGE_CURVE('',#3758,#3759,#840,.T.);
#3293=EDGE_CURVE('',#3760,#3758,#841,.T.);
#3294=EDGE_CURVE('',#3760,#3761,#842,.T.);
#3295=EDGE_CURVE('',#3761,#3759,#843,.T.);
#3296=EDGE_CURVE('',#3758,#3762,#844,.T.);
#3297=EDGE_CURVE('',#3763,#3762,#845,.T.);
#3298=EDGE_CURVE('',#3760,#3763,#846,.T.);
#3299=EDGE_CURVE('',#3762,#3764,#847,.T.);
#3300=EDGE_CURVE('',#3765,#3764,#848,.T.);
#3301=EDGE_CURVE('',#3763,#3765,#849,.T.);
#3302=EDGE_CURVE('',#3759,#3764,#850,.T.);
#3303=EDGE_CURVE('',#3761,#3765,#851,.T.);
#3304=EDGE_CURVE('',#3766,#3766,#3878,.F.);
#3305=EDGE_CURVE('',#3767,#3767,#3879,.T.);
#3306=EDGE_CURVE('',#3768,#3769,#852,.T.);
#3307=EDGE_CURVE('',#3769,#3770,#853,.T.);
#3308=EDGE_CURVE('',#3771,#3770,#854,.T.);
#3309=EDGE_CURVE('',#3771,#3768,#855,.F.);
#3310=EDGE_CURVE('',#3772,#3773,#856,.T.);
#3311=EDGE_CURVE('',#3773,#3774,#857,.F.);
#3312=EDGE_CURVE('',#3775,#3774,#858,.T.);
#3313=EDGE_CURVE('',#3775,#3772,#859,.T.);
#3314=EDGE_CURVE('',#3776,#3777,#860,.T.);
#3315=EDGE_CURVE('',#3777,#3778,#861,.F.);
#3316=EDGE_CURVE('',#3779,#3778,#862,.T.);
#3317=EDGE_CURVE('',#3779,#3776,#863,.T.);
#3318=EDGE_CURVE('',#3780,#3781,#864,.T.);
#3319=EDGE_CURVE('',#3781,#3782,#865,.T.);
#3320=EDGE_CURVE('',#3783,#3782,#866,.T.);
#3321=EDGE_CURVE('',#3783,#3780,#867,.F.);
#3322=EDGE_CURVE('',#3784,#3784,#3880,.F.);
#3323=EDGE_CURVE('',#3785,#3785,#3881,.F.);
#3324=EDGE_CURVE('',#3786,#3786,#3882,.F.);
#3325=EDGE_CURVE('',#3787,#3787,#3883,.F.);
#3326=EDGE_CURVE('',#3778,#3781,#3884,.T.);
#3327=EDGE_CURVE('',#3780,#3769,#3885,.T.);
#3328=EDGE_CURVE('',#3768,#3775,#3886,.T.);
#3329=EDGE_CURVE('',#3774,#3779,#3887,.T.);
#3330=EDGE_CURVE('',#3788,#3788,#3888,.F.);
#3331=EDGE_CURVE('',#3789,#3789,#3889,.F.);
#3332=EDGE_CURVE('',#3790,#3790,#3890,.F.);
#3333=EDGE_CURVE('',#3791,#3791,#3891,.F.);
#3334=EDGE_CURVE('',#3782,#3777,#3892,.F.);
#3335=EDGE_CURVE('',#3776,#3773,#3893,.F.);
#3336=EDGE_CURVE('',#3772,#3771,#3894,.F.);
#3337=EDGE_CURVE('',#3770,#3783,#3895,.F.);
#3338=EDGE_CURVE('',#3792,#3793,#868,.T.);
#3339=EDGE_CURVE('',#3794,#3792,#869,.T.);
#3340=EDGE_CURVE('',#3794,#3795,#870,.T.);
#3341=EDGE_CURVE('',#3795,#3793,#871,.T.);
#3342=EDGE_CURVE('',#3792,#3796,#872,.T.);
#3343=EDGE_CURVE('',#3797,#3796,#873,.T.);
#3344=EDGE_CURVE('',#3794,#3797,#874,.T.);
#3345=EDGE_CURVE('',#3796,#3798,#875,.T.);
#3346=EDGE_CURVE('',#3799,#3798,#876,.T.);
#3347=EDGE_CURVE('',#3797,#3799,#877,.T.);
#3348=EDGE_CURVE('',#3793,#3798,#878,.T.);
#3349=EDGE_CURVE('',#3795,#3799,#879,.T.);
#3350=EDGE_CURVE('',#3800,#3800,#3896,.F.);
#3351=EDGE_CURVE('',#3801,#3801,#3897,.F.);
#3352=VERTEX_POINT('',#7228);
#3353=VERTEX_POINT('',#7229);
#3354=VERTEX_POINT('',#7231);
#3355=VERTEX_POINT('',#7233);
#3356=VERTEX_POINT('',#7243);
#3357=VERTEX_POINT('',#7244);
#3358=VERTEX_POINT('',#7246);
#3359=VERTEX_POINT('',#7248);
#3360=VERTEX_POINT('',#7258);
#3361=VERTEX_POINT('',#7259);
#3362=VERTEX_POINT('',#7261);
#3363=VERTEX_POINT('',#7263);
#3364=VERTEX_POINT('',#7273);
#3365=VERTEX_POINT('',#7275);
#3366=VERTEX_POINT('',#7278);
#3367=VERTEX_POINT('',#7281);
#3368=VERTEX_POINT('',#7286);
#3369=VERTEX_POINT('',#7287);
#3370=VERTEX_POINT('',#7289);
#3371=VERTEX_POINT('',#7291);
#3372=VERTEX_POINT('',#7301);
#3373=VERTEX_POINT('',#7302);
#3374=VERTEX_POINT('',#7304);
#3375=VERTEX_POINT('',#7306);
#3376=VERTEX_POINT('',#7310);
#3377=VERTEX_POINT('',#7312);
#3378=VERTEX_POINT('',#7316);
#3379=VERTEX_POINT('',#7318);
#3380=VERTEX_POINT('',#7325);
#3381=VERTEX_POINT('',#7328);
#3382=VERTEX_POINT('',#7331);
#3383=VERTEX_POINT('',#7334);
#3384=VERTEX_POINT('',#7339);
#3385=VERTEX_POINT('',#7340);
#3386=VERTEX_POINT('',#7342);
#3387=VERTEX_POINT('',#7344);
#3388=VERTEX_POINT('',#7348);
#3389=VERTEX_POINT('',#7350);
#3390=VERTEX_POINT('',#7354);
#3391=VERTEX_POINT('',#7356);
#3392=VERTEX_POINT('',#7360);
#3393=VERTEX_POINT('',#7362);
#3394=VERTEX_POINT('',#7371);
#3395=VERTEX_POINT('',#7372);
#3396=VERTEX_POINT('',#7374);
#3397=VERTEX_POINT('',#7376);
#3398=VERTEX_POINT('',#7380);
#3399=VERTEX_POINT('',#7382);
#3400=VERTEX_POINT('',#7386);
#3401=VERTEX_POINT('',#7388);
#3402=VERTEX_POINT('',#7392);
#3403=VERTEX_POINT('',#7394);
#3404=VERTEX_POINT('',#7397);
#3405=VERTEX_POINT('',#7399);
#3406=VERTEX_POINT('',#7402);
#3407=VERTEX_POINT('',#7404);
#3408=VERTEX_POINT('',#7413);
#3409=VERTEX_POINT('',#7415);
#3410=VERTEX_POINT('',#7416);
#3411=VERTEX_POINT('',#7418);
#3412=VERTEX_POINT('',#7420);
#3413=VERTEX_POINT('',#7422);
#3414=VERTEX_POINT('',#7424);
#3415=VERTEX_POINT('',#7428);
#3416=VERTEX_POINT('',#7431);
#3417=VERTEX_POINT('',#7434);
#3418=VERTEX_POINT('',#7437);
#3419=VERTEX_POINT('',#7439);
#3420=VERTEX_POINT('',#7443);
#3421=VERTEX_POINT('',#7447);
#3422=VERTEX_POINT('',#7451);
#3423=VERTEX_POINT('',#7455);
#3424=VERTEX_POINT('',#7463);
#3425=VERTEX_POINT('',#7464);
#3426=VERTEX_POINT('',#7466);
#3427=VERTEX_POINT('',#7468);
#3428=VERTEX_POINT('',#7472);
#3429=VERTEX_POINT('',#7474);
#3430=VERTEX_POINT('',#7478);
#3431=VERTEX_POINT('',#7480);
#3432=VERTEX_POINT('',#7484);
#3433=VERTEX_POINT('',#7485);
#3434=VERTEX_POINT('',#7487);
#3435=VERTEX_POINT('',#7489);
#3436=VERTEX_POINT('',#7493);
#3437=VERTEX_POINT('',#7495);
#3438=VERTEX_POINT('',#7499);
#3439=VERTEX_POINT('',#7501);
#3440=VERTEX_POINT('',#7514);
#3441=VERTEX_POINT('',#7515);
#3442=VERTEX_POINT('',#7517);
#3443=VERTEX_POINT('',#7519);
#3444=VERTEX_POINT('',#7523);
#3445=VERTEX_POINT('',#7525);
#3446=VERTEX_POINT('',#7527);
#3447=VERTEX_POINT('',#7529);
#3448=VERTEX_POINT('',#7531);
#3449=VERTEX_POINT('',#7535);
#3450=VERTEX_POINT('',#7537);
#3451=VERTEX_POINT('',#7542);
#3452=VERTEX_POINT('',#7544);
#3453=VERTEX_POINT('',#7546);
#3454=VERTEX_POINT('',#7559);
#3455=VERTEX_POINT('',#7560);
#3456=VERTEX_POINT('',#7562);
#3457=VERTEX_POINT('',#7564);
#3458=VERTEX_POINT('',#7568);
#3459=VERTEX_POINT('',#7570);
#3460=VERTEX_POINT('',#7574);
#3461=VERTEX_POINT('',#7576);
#3462=VERTEX_POINT('',#7583);
#3463=VERTEX_POINT('',#7587);
#3464=VERTEX_POINT('',#7592);
#3465=VERTEX_POINT('',#7593);
#3466=VERTEX_POINT('',#7595);
#3467=VERTEX_POINT('',#7597);
#3468=VERTEX_POINT('',#7601);
#3469=VERTEX_POINT('',#7603);
#3470=VERTEX_POINT('',#7607);
#3471=VERTEX_POINT('',#7609);
#3472=VERTEX_POINT('',#7619);
#3473=VERTEX_POINT('',#7620);
#3474=VERTEX_POINT('',#7622);
#3475=VERTEX_POINT('',#7624);
#3476=VERTEX_POINT('',#7628);
#3477=VERTEX_POINT('',#7630);
#3478=VERTEX_POINT('',#7634);
#3479=VERTEX_POINT('',#7636);
#3480=VERTEX_POINT('',#7640);
#3481=VERTEX_POINT('',#7642);
#3482=VERTEX_POINT('',#7646);
#3483=VERTEX_POINT('',#7648);
#3484=VERTEX_POINT('',#7658);
#3485=VERTEX_POINT('',#7659);
#3486=VERTEX_POINT('',#7661);
#3487=VERTEX_POINT('',#7663);
#3488=VERTEX_POINT('',#7667);
#3489=VERTEX_POINT('',#7669);
#3490=VERTEX_POINT('',#7673);
#3491=VERTEX_POINT('',#7675);
#3492=VERTEX_POINT('',#7679);
#3493=VERTEX_POINT('',#7681);
#3494=VERTEX_POINT('',#7685);
#3495=VERTEX_POINT('',#7687);
#3496=VERTEX_POINT('',#7691);
#3497=VERTEX_POINT('',#7693);
#3498=VERTEX_POINT('',#7697);
#3499=VERTEX_POINT('',#7699);
#3500=VERTEX_POINT('',#7703);
#3501=VERTEX_POINT('',#7705);
#3502=VERTEX_POINT('',#7709);
#3503=VERTEX_POINT('',#7711);
#3504=VERTEX_POINT('',#7715);
#3505=VERTEX_POINT('',#7717);
#3506=VERTEX_POINT('',#7721);
#3507=VERTEX_POINT('',#7723);
#3508=VERTEX_POINT('',#7727);
#3509=VERTEX_POINT('',#7729);
#3510=VERTEX_POINT('',#7733);
#3511=VERTEX_POINT('',#7735);
#3512=VERTEX_POINT('',#7739);
#3513=VERTEX_POINT('',#7741);
#3514=VERTEX_POINT('',#7745);
#3515=VERTEX_POINT('',#7747);
#3516=VERTEX_POINT('',#7751);
#3517=VERTEX_POINT('',#7753);
#3518=VERTEX_POINT('',#7757);
#3519=VERTEX_POINT('',#7759);
#3520=VERTEX_POINT('',#7763);
#3521=VERTEX_POINT('',#7765);
#3522=VERTEX_POINT('',#7769);
#3523=VERTEX_POINT('',#7771);
#3524=VERTEX_POINT('',#7775);
#3525=VERTEX_POINT('',#7777);
#3526=VERTEX_POINT('',#7781);
#3527=VERTEX_POINT('',#7783);
#3528=VERTEX_POINT('',#7787);
#3529=VERTEX_POINT('',#7789);
#3530=VERTEX_POINT('',#7793);
#3531=VERTEX_POINT('',#7795);
#3532=VERTEX_POINT('',#7802);
#3533=VERTEX_POINT('',#7805);
#3534=VERTEX_POINT('',#7810);
#3535=VERTEX_POINT('',#7811);
#3536=VERTEX_POINT('',#7813);
#3537=VERTEX_POINT('',#7815);
#3538=VERTEX_POINT('',#7819);
#3539=VERTEX_POINT('',#7821);
#3540=VERTEX_POINT('',#7825);
#3541=VERTEX_POINT('',#7827);
#3542=VERTEX_POINT('',#7831);
#3543=VERTEX_POINT('',#7833);
#3544=VERTEX_POINT('',#7837);
#3545=VERTEX_POINT('',#7839);
#3546=VERTEX_POINT('',#7849);
#3547=VERTEX_POINT('',#7850);
#3548=VERTEX_POINT('',#7852);
#3549=VERTEX_POINT('',#7854);
#3550=VERTEX_POINT('',#7858);
#3551=VERTEX_POINT('',#7860);
#3552=VERTEX_POINT('',#7864);
#3553=VERTEX_POINT('',#7866);
#3554=VERTEX_POINT('',#7876);
#3555=VERTEX_POINT('',#7879);
#3556=VERTEX_POINT('',#7882);
#3557=VERTEX_POINT('',#7885);
#3558=VERTEX_POINT('',#7890);
#3559=VERTEX_POINT('',#7891);
#3560=VERTEX_POINT('',#7893);
#3561=VERTEX_POINT('',#7895);
#3562=VERTEX_POINT('',#7899);
#3563=VERTEX_POINT('',#7901);
#3564=VERTEX_POINT('',#7905);
#3565=VERTEX_POINT('',#7907);
#3566=VERTEX_POINT('',#7911);
#3567=VERTEX_POINT('',#7913);
#3568=VERTEX_POINT('',#7917);
#3569=VERTEX_POINT('',#7919);
#3570=VERTEX_POINT('',#7923);
#3571=VERTEX_POINT('',#7925);
#3572=VERTEX_POINT('',#7929);
#3573=VERTEX_POINT('',#7931);
#3574=VERTEX_POINT('',#7935);
#3575=VERTEX_POINT('',#7937);
#3576=VERTEX_POINT('',#7941);
#3577=VERTEX_POINT('',#7943);
#3578=VERTEX_POINT('',#7947);
#3579=VERTEX_POINT('',#7949);
#3580=VERTEX_POINT('',#7953);
#3581=VERTEX_POINT('',#7955);
#3582=VERTEX_POINT('',#7959);
#3583=VERTEX_POINT('',#7961);
#3584=VERTEX_POINT('',#7965);
#3585=VERTEX_POINT('',#7967);
#3586=VERTEX_POINT('',#7971);
#3587=VERTEX_POINT('',#7973);
#3588=VERTEX_POINT('',#7977);
#3589=VERTEX_POINT('',#7979);
#3590=VERTEX_POINT('',#7983);
#3591=VERTEX_POINT('',#7985);
#3592=VERTEX_POINT('',#7989);
#3593=VERTEX_POINT('',#7991);
#3594=VERTEX_POINT('',#7995);
#3595=VERTEX_POINT('',#7997);
#3596=VERTEX_POINT('',#8001);
#3597=VERTEX_POINT('',#8003);
#3598=VERTEX_POINT('',#8007);
#3599=VERTEX_POINT('',#8009);
#3600=VERTEX_POINT('',#8013);
#3601=VERTEX_POINT('',#8015);
#3602=VERTEX_POINT('',#8019);
#3603=VERTEX_POINT('',#8021);
#3604=VERTEX_POINT('',#8025);
#3605=VERTEX_POINT('',#8027);
#3606=VERTEX_POINT('',#8037);
#3607=VERTEX_POINT('',#8038);
#3608=VERTEX_POINT('',#8040);
#3609=VERTEX_POINT('',#8042);
#3610=VERTEX_POINT('',#8046);
#3611=VERTEX_POINT('',#8048);
#3612=VERTEX_POINT('',#8050);
#3613=VERTEX_POINT('',#8052);
#3614=VERTEX_POINT('',#8056);
#3615=VERTEX_POINT('',#8058);
#3616=VERTEX_POINT('',#8063);
#3617=VERTEX_POINT('',#8065);
#3618=VERTEX_POINT('',#8069);
#3619=VERTEX_POINT('',#8073);
#3620=VERTEX_POINT('',#8081);
#3621=VERTEX_POINT('',#8082);
#3622=VERTEX_POINT('',#8084);
#3623=VERTEX_POINT('',#8086);
#3624=VERTEX_POINT('',#8090);
#3625=VERTEX_POINT('',#8092);
#3626=VERTEX_POINT('',#8096);
#3627=VERTEX_POINT('',#8098);
#3628=VERTEX_POINT('',#8108);
#3629=VERTEX_POINT('',#8109);
#3630=VERTEX_POINT('',#8111);
#3631=VERTEX_POINT('',#8113);
#3632=VERTEX_POINT('',#8117);
#3633=VERTEX_POINT('',#8119);
#3634=VERTEX_POINT('',#8123);
#3635=VERTEX_POINT('',#8125);
#3636=VERTEX_POINT('',#8129);
#3637=VERTEX_POINT('',#8131);
#3638=VERTEX_POINT('',#8135);
#3639=VERTEX_POINT('',#8137);
#3640=VERTEX_POINT('',#8141);
#3641=VERTEX_POINT('',#8143);
#3642=VERTEX_POINT('',#8152);
#3643=VERTEX_POINT('',#8153);
#3644=VERTEX_POINT('',#8155);
#3645=VERTEX_POINT('',#8157);
#3646=VERTEX_POINT('',#8161);
#3647=VERTEX_POINT('',#8163);
#3648=VERTEX_POINT('',#8167);
#3649=VERTEX_POINT('',#8169);
#3650=VERTEX_POINT('',#8179);
#3651=VERTEX_POINT('',#8180);
#3652=VERTEX_POINT('',#8182);
#3653=VERTEX_POINT('',#8184);
#3654=VERTEX_POINT('',#8188);
#3655=VERTEX_POINT('',#8190);
#3656=VERTEX_POINT('',#8194);
#3657=VERTEX_POINT('',#8196);
#3658=VERTEX_POINT('',#8200);
#3659=VERTEX_POINT('',#8202);
#3660=VERTEX_POINT('',#8212);
#3661=VERTEX_POINT('',#8214);
#3662=VERTEX_POINT('',#8215);
#3663=VERTEX_POINT('',#8217);
#3664=VERTEX_POINT('',#8219);
#3665=VERTEX_POINT('',#8223);
#3666=VERTEX_POINT('',#8225);
#3667=VERTEX_POINT('',#8229);
#3668=VERTEX_POINT('',#8231);
#3669=VERTEX_POINT('',#8233);
#3670=VERTEX_POINT('',#8240);
#3671=VERTEX_POINT('',#8243);
#3672=VERTEX_POINT('',#8249);
#3673=VERTEX_POINT('',#8250);
#3674=VERTEX_POINT('',#8252);
#3675=VERTEX_POINT('',#8254);
#3676=VERTEX_POINT('',#8258);
#3677=VERTEX_POINT('',#8260);
#3678=VERTEX_POINT('',#8264);
#3679=VERTEX_POINT('',#8266);
#3680=VERTEX_POINT('',#8273);
#3681=VERTEX_POINT('',#8275);
#3682=VERTEX_POINT('',#8277);
#3683=VERTEX_POINT('',#8279);
#3684=VERTEX_POINT('',#8282);
#3685=VERTEX_POINT('',#8284);
#3686=VERTEX_POINT('',#8286);
#3687=VERTEX_POINT('',#8288);
#3688=VERTEX_POINT('',#8296);
#3689=VERTEX_POINT('',#8297);
#3690=VERTEX_POINT('',#8299);
#3691=VERTEX_POINT('',#8301);
#3692=VERTEX_POINT('',#8305);
#3693=VERTEX_POINT('',#8306);
#3694=VERTEX_POINT('',#8308);
#3695=VERTEX_POINT('',#8310);
#3696=VERTEX_POINT('',#8313);
#3697=VERTEX_POINT('',#8315);
#3698=VERTEX_POINT('',#8319);
#3699=VERTEX_POINT('',#8321);
#3700=VERTEX_POINT('',#8328);
#3701=VERTEX_POINT('',#8331);
#3702=VERTEX_POINT('',#8334);
#3703=VERTEX_POINT('',#8336);
#3704=VERTEX_POINT('',#8340);
#3705=VERTEX_POINT('',#8342);
#3706=VERTEX_POINT('',#8346);
#3707=VERTEX_POINT('',#8350);
#3708=VERTEX_POINT('',#8358);
#3709=VERTEX_POINT('',#8359);
#3710=VERTEX_POINT('',#8361);
#3711=VERTEX_POINT('',#8363);
#3712=VERTEX_POINT('',#8366);
#3713=VERTEX_POINT('',#8367);
#3714=VERTEX_POINT('',#8369);
#3715=VERTEX_POINT('',#8371);
#3716=VERTEX_POINT('',#8375);
#3717=VERTEX_POINT('',#8376);
#3718=VERTEX_POINT('',#8381);
#3719=VERTEX_POINT('',#8385);
#3720=VERTEX_POINT('',#8392);
#3721=VERTEX_POINT('',#8393);
#3722=VERTEX_POINT('',#8398);
#3723=VERTEX_POINT('',#8402);
#3724=VERTEX_POINT('',#8410);
#3725=VERTEX_POINT('',#8411);
#3726=VERTEX_POINT('',#8413);
#3727=VERTEX_POINT('',#8415);
#3728=VERTEX_POINT('',#8419);
#3729=VERTEX_POINT('',#8421);
#3730=VERTEX_POINT('',#8425);
#3731=VERTEX_POINT('',#8427);
#3732=VERTEX_POINT('',#8431);
#3733=VERTEX_POINT('',#8433);
#3734=VERTEX_POINT('',#8437);
#3735=VERTEX_POINT('',#8439);
#3736=VERTEX_POINT('',#8446);
#3737=VERTEX_POINT('',#8447);
#3738=VERTEX_POINT('',#8449);
#3739=VERTEX_POINT('',#8451);
#3740=VERTEX_POINT('',#8455);
#3741=VERTEX_POINT('',#8456);
#3742=VERTEX_POINT('',#8458);
#3743=VERTEX_POINT('',#8460);
#3744=VERTEX_POINT('',#8473);
#3745=VERTEX_POINT('',#8474);
#3746=VERTEX_POINT('',#8476);
#3747=VERTEX_POINT('',#8478);
#3748=VERTEX_POINT('',#8482);
#3749=VERTEX_POINT('',#8484);
#3750=VERTEX_POINT('',#8488);
#3751=VERTEX_POINT('',#8490);
#3752=VERTEX_POINT('',#8497);
#3753=VERTEX_POINT('',#8499);
#3754=VERTEX_POINT('',#8501);
#3755=VERTEX_POINT('',#8504);
#3756=VERTEX_POINT('',#8506);
#3757=VERTEX_POINT('',#8508);
#3758=VERTEX_POINT('',#8515);
#3759=VERTEX_POINT('',#8516);
#3760=VERTEX_POINT('',#8518);
#3761=VERTEX_POINT('',#8520);
#3762=VERTEX_POINT('',#8524);
#3763=VERTEX_POINT('',#8526);
#3764=VERTEX_POINT('',#8530);
#3765=VERTEX_POINT('',#8532);
#3766=VERTEX_POINT('',#8539);
#3767=VERTEX_POINT('',#8543);
#3768=VERTEX_POINT('',#8548);
#3769=VERTEX_POINT('',#8549);
#3770=VERTEX_POINT('',#8551);
#3771=VERTEX_POINT('',#8553);
#3772=VERTEX_POINT('',#8557);
#3773=VERTEX_POINT('',#8558);
#3774=VERTEX_POINT('',#8560);
#3775=VERTEX_POINT('',#8562);
#3776=VERTEX_POINT('',#8566);
#3777=VERTEX_POINT('',#8567);
#3778=VERTEX_POINT('',#8569);
#3779=VERTEX_POINT('',#8571);
#3780=VERTEX_POINT('',#8575);
#3781=VERTEX_POINT('',#8576);
#3782=VERTEX_POINT('',#8578);
#3783=VERTEX_POINT('',#8580);
#3784=VERTEX_POINT('',#8584);
#3785=VERTEX_POINT('',#8586);
#3786=VERTEX_POINT('',#8588);
#3787=VERTEX_POINT('',#8590);
#3788=VERTEX_POINT('',#8597);
#3789=VERTEX_POINT('',#8599);
#3790=VERTEX_POINT('',#8601);
#3791=VERTEX_POINT('',#8603);
#3792=VERTEX_POINT('',#8619);
#3793=VERTEX_POINT('',#8620);
#3794=VERTEX_POINT('',#8622);
#3795=VERTEX_POINT('',#8624);
#3796=VERTEX_POINT('',#8628);
#3797=VERTEX_POINT('',#8630);
#3798=VERTEX_POINT('',#8634);
#3799=VERTEX_POINT('',#8636);
#3800=VERTEX_POINT('',#8643);
#3801=VERTEX_POINT('',#8646);
#3802=CIRCLE('',#5400,0.005);
#3803=CIRCLE('',#5401,0.005);
#3804=CIRCLE('',#5403,0.005);
#3805=CIRCLE('',#5404,0.005);
#3806=CIRCLE('',#5409,0.00499999999999994);
#3807=CIRCLE('',#5410,0.00499999999999994);
#3808=CIRCLE('',#5412,0.005);
#3809=CIRCLE('',#5413,0.005);
#3810=CIRCLE('',#5418,0.005);
#3811=CIRCLE('',#5419,0.005);
#3812=CIRCLE('',#5421,0.00499999999999994);
#3813=CIRCLE('',#5422,0.00499999999999994);
#3814=CIRCLE('',#5427,0.009);
#3815=CIRCLE('',#5428,0.009);
#3816=CIRCLE('',#5430,0.003);
#3817=CIRCLE('',#5432,0.003);
#3818=CIRCLE('',#5436,0.005);
#3819=CIRCLE('',#5437,0.005);
#3820=CIRCLE('',#5447,0.004);
#3821=CIRCLE('',#5449,0.002);
#3822=CIRCLE('',#5451,0.002);
#3823=CIRCLE('',#5453,0.004);
#3824=CIRCLE('',#5458,0.0049999999999999);
#3825=CIRCLE('',#5459,0.0049999999999999);
#3826=CIRCLE('',#5462,0.000999999999999944);
#3827=CIRCLE('',#5463,0.000999999999999944);
#3828=CIRCLE('',#5465,0.0049999999999999);
#3829=CIRCLE('',#5466,0.0049999999999999);
#3830=CIRCLE('',#5474,0.002);
#3831=CIRCLE('',#5475,0.002);
#3832=CIRCLE('',#5477,0.002);
#3833=CIRCLE('',#5478,0.002);
#3834=CIRCLE('',#5480,0.002);
#3835=CIRCLE('',#5481,0.002);
#3836=CIRCLE('',#5487,0.01);
#3837=CIRCLE('',#5489,0.01);
#3838=CIRCLE('',#5491,0.002);
#3839=CIRCLE('',#5493,0.002);
#3840=CIRCLE('',#5515,0.002);
#3841=CIRCLE('',#5518,0.002);
#3842=CIRCLE('',#5530,0.004);
#3843=CIRCLE('',#5533,0.004);
#3844=CIRCLE('',#5577,0.003);
#3845=CIRCLE('',#5579,0.003);
#3846=CIRCLE('',#5599,0.008);
#3847=CIRCLE('',#5601,0.008);
#3848=CIRCLE('',#5603,0.005);
#3849=CIRCLE('',#5605,0.005);
#3850=CIRCLE('',#5640,0.002);
#3851=CIRCLE('',#5642,0.002);
#3852=CIRCLE('',#5660,0.00149999999999993);
#3853=CIRCLE('',#5661,0.00149999999999993);
#3854=CIRCLE('',#5678,0.004);
#3855=CIRCLE('',#5680,0.004);
#3856=CIRCLE('',#5684,0.002);
#3857=CIRCLE('',#5687,0.002);
#3858=CIRCLE('',#5690,0.002);
#3859=CIRCLE('',#5692,0.002);
#3860=CIRCLE('',#5701,0.002);
#3861=CIRCLE('',#5702,0.002);
#3862=CIRCLE('',#5703,0.002);
#3863=CIRCLE('',#5704,0.002);
#3864=CIRCLE('',#5706,0.002);
#3865=CIRCLE('',#5707,0.002);
#3866=CIRCLE('',#5708,0.002);
#3867=CIRCLE('',#5709,0.002);
#3868=CIRCLE('',#5720,0.002);
#3869=CIRCLE('',#5722,0.002);
#3870=CIRCLE('',#5726,0.002);
#3871=CIRCLE('',#5728,0.002);
#3872=CIRCLE('',#5763,0.002);
#3873=CIRCLE('',#5764,0.002);
#3874=CIRCLE('',#5765,0.002);
#3875=CIRCLE('',#5767,0.002);
#3876=CIRCLE('',#5768,0.002);
#3877=CIRCLE('',#5769,0.002);
#3878=CIRCLE('',#5779,0.003);
#3879=CIRCLE('',#5782,0.003);
#3880=CIRCLE('',#5790,0.002);
#3881=CIRCLE('',#5791,0.002);
#3882=CIRCLE('',#5792,0.002);
#3883=CIRCLE('',#5793,0.002);
#3884=CIRCLE('',#5794,0.005);
#3885=CIRCLE('',#5795,0.005);
#3886=CIRCLE('',#5796,0.005);
#3887=CIRCLE('',#5797,0.005);
#3888=CIRCLE('',#5799,0.002);
#3889=CIRCLE('',#5800,0.002);
#3890=CIRCLE('',#5801,0.002);
#3891=CIRCLE('',#5802,0.002);
#3892=CIRCLE('',#5803,0.005);
#3893=CIRCLE('',#5804,0.005);
#3894=CIRCLE('',#5805,0.005);
#3895=CIRCLE('',#5806,0.005);
#3896=CIRCLE('',#5821,0.002);
#3897=CIRCLE('',#5823,0.002);
#3898=EDGE_LOOP('',(#1426,#1427,#1428,#1429));
#3899=EDGE_LOOP('',(#1430,#1431,#1432,#1433));
#3900=EDGE_LOOP('',(#1434,#1435));
#3901=EDGE_LOOP('',(#1436,#1437));
#3902=EDGE_LOOP('',(#1438,#1439,#1440,#1441));
#3903=EDGE_LOOP('',(#1442,#1443,#1444,#1445));
#3904=EDGE_LOOP('',(#1446,#1447));
#3905=EDGE_LOOP('',(#1448,#1449));
#3906=EDGE_LOOP('',(#1450,#1451,#1452,#1453));
#3907=EDGE_LOOP('',(#1454,#1455,#1456,#1457));
#3908=EDGE_LOOP('',(#1458,#1459));
#3909=EDGE_LOOP('',(#1460,#1461));
#3910=EDGE_LOOP('',(#1462));
#3911=EDGE_LOOP('',(#1463));
#3912=EDGE_LOOP('',(#1464));
#3913=EDGE_LOOP('',(#1465));
#3914=EDGE_LOOP('',(#1466));
#3915=EDGE_LOOP('',(#1467));
#3916=EDGE_LOOP('',(#1468));
#3917=EDGE_LOOP('',(#1469));
#3918=EDGE_LOOP('',(#1470,#1471,#1472,#1473));
#3919=EDGE_LOOP('',(#1474,#1475,#1476,#1477));
#3920=EDGE_LOOP('',(#1478,#1479));
#3921=EDGE_LOOP('',(#1480,#1481));
#3922=EDGE_LOOP('',(#1482,#1483,#1484,#1485));
#3923=EDGE_LOOP('',(#1486,#1487,#1488,#1489));
#3924=EDGE_LOOP('',(#1490,#1491,#1492,#1493));
#3925=EDGE_LOOP('',(#1494,#1495,#1496,#1497));
#3926=EDGE_LOOP('',(#1498));
#3927=EDGE_LOOP('',(#1499,#1500,#1501,#1502));
#3928=EDGE_LOOP('',(#1503));
#3929=EDGE_LOOP('',(#1504,#1505,#1506,#1507));
#3930=EDGE_LOOP('',(#1508));
#3931=EDGE_LOOP('',(#1509));
#3932=EDGE_LOOP('',(#1510));
#3933=EDGE_LOOP('',(#1511));
#3934=EDGE_LOOP('',(#1512));
#3935=EDGE_LOOP('',(#1513));
#3936=EDGE_LOOP('',(#1514,#1515,#1516,#1517));
#3937=EDGE_LOOP('',(#1518,#1519,#1520,#1521));
#3938=EDGE_LOOP('',(#1522,#1523,#1524,#1525));
#3939=EDGE_LOOP('',(#1526));
#3940=EDGE_LOOP('',(#1527));
#3941=EDGE_LOOP('',(#1528,#1529,#1530,#1531));
#3942=EDGE_LOOP('',(#1532));
#3943=EDGE_LOOP('',(#1533,#1534,#1535,#1536));
#3944=EDGE_LOOP('',(#1537));
#3945=EDGE_LOOP('',(#1538,#1539,#1540,#1541));
#3946=EDGE_LOOP('',(#1542,#1543,#1544,#1545));
#3947=EDGE_LOOP('',(#1546,#1547,#1548,#1549));
#3948=EDGE_LOOP('',(#1550,#1551,#1552,#1553));
#3949=EDGE_LOOP('',(#1554));
#3950=EDGE_LOOP('',(#1555));
#3951=EDGE_LOOP('',(#1556));
#3952=EDGE_LOOP('',(#1557));
#3953=EDGE_LOOP('',(#1558));
#3954=EDGE_LOOP('',(#1559));
#3955=EDGE_LOOP('',(#1560,#1561,#1562,#1563));
#3956=EDGE_LOOP('',(#1564));
#3957=EDGE_LOOP('',(#1565));
#3958=EDGE_LOOP('',(#1566));
#3959=EDGE_LOOP('',(#1567,#1568,#1569,#1570));
#3960=EDGE_LOOP('',(#1571));
#3961=EDGE_LOOP('',(#1572));
#3962=EDGE_LOOP('',(#1573));
#3963=EDGE_LOOP('',(#1574,#1575,#1576,#1577));
#3964=EDGE_LOOP('',(#1578));
#3965=EDGE_LOOP('',(#1579,#1580,#1581,#1582,#1583,#1584));
#3966=EDGE_LOOP('',(#1585));
#3967=EDGE_LOOP('',(#1586));
#3968=EDGE_LOOP('',(#1587));
#3969=EDGE_LOOP('',(#1588));
#3970=EDGE_LOOP('',(#1589));
#3971=EDGE_LOOP('',(#1590));
#3972=EDGE_LOOP('',(#1591,#1592,#1593,#1594));
#3973=EDGE_LOOP('',(#1595,#1596,#1597,#1598));
#3974=EDGE_LOOP('',(#1599,#1600,#1601,#1602));
#3975=EDGE_LOOP('',(#1603,#1604,#1605,#1606));
#3976=EDGE_LOOP('',(#1607,#1608,#1609,#1610));
#3977=EDGE_LOOP('',(#1611,#1612,#1613,#1614));
#3978=EDGE_LOOP('',(#1615));
#3979=EDGE_LOOP('',(#1616,#1617,#1618,#1619,#1620,#1621));
#3980=EDGE_LOOP('',(#1622,#1623,#1624,#1625));
#3981=EDGE_LOOP('',(#1626,#1627,#1628,#1629));
#3982=EDGE_LOOP('',(#1630,#1631,#1632,#1633));
#3983=EDGE_LOOP('',(#1634,#1635,#1636,#1637));
#3984=EDGE_LOOP('',(#1638,#1639,#1640,#1641));
#3985=EDGE_LOOP('',(#1642,#1643,#1644,#1645));
#3986=EDGE_LOOP('',(#1646,#1647,#1648,#1649));
#3987=EDGE_LOOP('',(#1650,#1651,#1652,#1653));
#3988=EDGE_LOOP('',(#1654,#1655,#1656,#1657));
#3989=EDGE_LOOP('',(#1658,#1659,#1660,#1661));
#3990=EDGE_LOOP('',(#1662,#1663,#1664,#1665));
#3991=EDGE_LOOP('',(#1666,#1667,#1668,#1669));
#3992=EDGE_LOOP('',(#1670,#1671,#1672,#1673));
#3993=EDGE_LOOP('',(#1674,#1675,#1676,#1677,#1678,#1679,#1680));
#3994=EDGE_LOOP('',(#1681,#1682,#1683,#1684));
#3995=EDGE_LOOP('',(#1685,#1686,#1687,#1688,#1689,#1690,#1691));
#3996=EDGE_LOOP('',(#1692,#1693,#1694,#1695));
#3997=EDGE_LOOP('',(#1696,#1697,#1698,#1699));
#3998=EDGE_LOOP('',(#1700,#1701,#1702,#1703));
#3999=EDGE_LOOP('',(#1704,#1705,#1706,#1707));
#4000=EDGE_LOOP('',(#1708,#1709,#1710,#1711));
#4001=EDGE_LOOP('',(#1712,#1713,#1714,#1715));
#4002=EDGE_LOOP('',(#1716,#1717,#1718,#1719));
#4003=EDGE_LOOP('',(#1720,#1721,#1722,#1723));
#4004=EDGE_LOOP('',(#1724,#1725,#1726,#1727));
#4005=EDGE_LOOP('',(#1728));
#4006=EDGE_LOOP('',(#1729,#1730,#1731,#1732));
#4007=EDGE_LOOP('',(#1733,#1734,#1735,#1736));
#4008=EDGE_LOOP('',(#1737));
#4009=EDGE_LOOP('',(#1738));
#4010=EDGE_LOOP('',(#1739));
#4011=EDGE_LOOP('',(#1740,#1741,#1742,#1743));
#4012=EDGE_LOOP('',(#1744,#1745,#1746,#1747));
#4013=EDGE_LOOP('',(#1748,#1749,#1750,#1751));
#4014=EDGE_LOOP('',(#1752,#1753,#1754,#1755));
#4015=EDGE_LOOP('',(#1756,#1757,#1758,#1759));
#4016=EDGE_LOOP('',(#1760,#1761,#1762,#1763));
#4017=EDGE_LOOP('',(#1764,#1765,#1766,#1767));
#4018=EDGE_LOOP('',(#1768,#1769,#1770,#1771));
#4019=EDGE_LOOP('',(#1772,#1773,#1774,#1775));
#4020=EDGE_LOOP('',(#1776,#1777,#1778,#1779));
#4021=EDGE_LOOP('',(#1780,#1781,#1782,#1783));
#4022=EDGE_LOOP('',(#1784,#1785,#1786,#1787));
#4023=EDGE_LOOP('',(#1788,#1789,#1790,#1791,#1792,#1793));
#4024=EDGE_LOOP('',(#1794,#1795,#1796,#1797,#1798,#1799));
#4025=EDGE_LOOP('',(#1800,#1801,#1802,#1803));
#4026=EDGE_LOOP('',(#1804,#1805,#1806,#1807));
#4027=EDGE_LOOP('',(#1808,#1809,#1810,#1811));
#4028=EDGE_LOOP('',(#1812,#1813,#1814,#1815));
#4029=EDGE_LOOP('',(#1816,#1817,#1818,#1819));
#4030=EDGE_LOOP('',(#1820,#1821,#1822,#1823));
#4031=EDGE_LOOP('',(#1824,#1825,#1826,#1827));
#4032=EDGE_LOOP('',(#1828,#1829,#1830,#1831));
#4033=EDGE_LOOP('',(#1832,#1833,#1834,#1835));
#4034=EDGE_LOOP('',(#1836,#1837,#1838,#1839));
#4035=EDGE_LOOP('',(#1840,#1841,#1842,#1843));
#4036=EDGE_LOOP('',(#1844,#1845,#1846,#1847));
#4037=EDGE_LOOP('',(#1848,#1849,#1850,#1851));
#4038=EDGE_LOOP('',(#1852,#1853,#1854,#1855));
#4039=EDGE_LOOP('',(#1856,#1857,#1858,#1859));
#4040=EDGE_LOOP('',(#1860,#1861,#1862,#1863));
#4041=EDGE_LOOP('',(#1864,#1865,#1866,#1867));
#4042=EDGE_LOOP('',(#1868,#1869,#1870,#1871));
#4043=EDGE_LOOP('',(#1872,#1873,#1874,#1875));
#4044=EDGE_LOOP('',(#1876,#1877,#1878,#1879));
#4045=EDGE_LOOP('',(#1880,#1881,#1882,#1883));
#4046=EDGE_LOOP('',(#1884,#1885,#1886,#1887));
#4047=EDGE_LOOP('',(#1888,#1889,#1890,#1891));
#4048=EDGE_LOOP('',(#1892,#1893,#1894,#1895));
#4049=EDGE_LOOP('',(#1896));
#4050=EDGE_LOOP('',(#1897,#1898,#1899,#1900,#1901,#1902,#1903,#1904,#1905,
#1906,#1907,#1908,#1909,#1910,#1911,#1912,#1913,#1914,#1915,#1916,#1917,
#1918,#1919,#1920));
#4051=EDGE_LOOP('',(#1921));
#4052=EDGE_LOOP('',(#1922,#1923,#1924,#1925,#1926,#1927,#1928,#1929,#1930,
#1931,#1932,#1933,#1934,#1935,#1936,#1937,#1938,#1939,#1940,#1941,#1942,
#1943,#1944,#1945));
#4053=EDGE_LOOP('',(#1946));
#4054=EDGE_LOOP('',(#1947));
#4055=EDGE_LOOP('',(#1948,#1949,#1950,#1951));
#4056=EDGE_LOOP('',(#1952,#1953,#1954,#1955));
#4057=EDGE_LOOP('',(#1956,#1957,#1958,#1959));
#4058=EDGE_LOOP('',(#1960,#1961,#1962,#1963));
#4059=EDGE_LOOP('',(#1964,#1965,#1966,#1967));
#4060=EDGE_LOOP('',(#1968,#1969,#1970,#1971));
#4061=EDGE_LOOP('',(#1972,#1973,#1974,#1975,#1976,#1977));
#4062=EDGE_LOOP('',(#1978,#1979,#1980,#1981,#1982,#1983));
#4063=EDGE_LOOP('',(#1984,#1985,#1986,#1987));
#4064=EDGE_LOOP('',(#1988,#1989,#1990,#1991));
#4065=EDGE_LOOP('',(#1992,#1993,#1994,#1995));
#4066=EDGE_LOOP('',(#1996,#1997,#1998,#1999));
#4067=EDGE_LOOP('',(#2000,#2001,#2002,#2003));
#4068=EDGE_LOOP('',(#2004,#2005,#2006,#2007));
#4069=EDGE_LOOP('',(#2008));
#4070=EDGE_LOOP('',(#2009));
#4071=EDGE_LOOP('',(#2010));
#4072=EDGE_LOOP('',(#2011));
#4073=EDGE_LOOP('',(#2012));
#4074=EDGE_LOOP('',(#2013));
#4075=EDGE_LOOP('',(#2014));
#4076=EDGE_LOOP('',(#2015));
#4077=EDGE_LOOP('',(#2016,#2017,#2018,#2019));
#4078=EDGE_LOOP('',(#2020,#2021,#2022,#2023));
#4079=EDGE_LOOP('',(#2024,#2025,#2026,#2027));
#4080=EDGE_LOOP('',(#2028,#2029,#2030,#2031));
#4081=EDGE_LOOP('',(#2032,#2033,#2034,#2035));
#4082=EDGE_LOOP('',(#2036,#2037,#2038,#2039));
#4083=EDGE_LOOP('',(#2040,#2041,#2042,#2043));
#4084=EDGE_LOOP('',(#2044,#2045,#2046,#2047));
#4085=EDGE_LOOP('',(#2048,#2049,#2050,#2051));
#4086=EDGE_LOOP('',(#2052,#2053,#2054,#2055));
#4087=EDGE_LOOP('',(#2056,#2057,#2058,#2059));
#4088=EDGE_LOOP('',(#2060,#2061,#2062,#2063));
#4089=EDGE_LOOP('',(#2064,#2065,#2066,#2067));
#4090=EDGE_LOOP('',(#2068,#2069,#2070,#2071));
#4091=EDGE_LOOP('',(#2072,#2073,#2074,#2075));
#4092=EDGE_LOOP('',(#2076,#2077,#2078,#2079));
#4093=EDGE_LOOP('',(#2080,#2081,#2082,#2083));
#4094=EDGE_LOOP('',(#2084,#2085,#2086,#2087));
#4095=EDGE_LOOP('',(#2088,#2089,#2090,#2091));
#4096=EDGE_LOOP('',(#2092,#2093,#2094,#2095));
#4097=EDGE_LOOP('',(#2096,#2097,#2098,#2099));
#4098=EDGE_LOOP('',(#2100,#2101,#2102,#2103));
#4099=EDGE_LOOP('',(#2104,#2105,#2106,#2107));
#4100=EDGE_LOOP('',(#2108,#2109,#2110,#2111));
#4101=EDGE_LOOP('',(#2112,#2113,#2114,#2115,#2116,#2117,#2118,#2119,#2120,
#2121,#2122,#2123,#2124,#2125,#2126,#2127,#2128,#2129,#2130,#2131,#2132,
#2133,#2134,#2135));
#4102=EDGE_LOOP('',(#2136,#2137,#2138,#2139,#2140,#2141,#2142,#2143,#2144,
#2145,#2146,#2147,#2148,#2149,#2150,#2151,#2152,#2153,#2154,#2155,#2156,
#2157,#2158,#2159));
#4103=EDGE_LOOP('',(#2160,#2161,#2162,#2163));
#4104=EDGE_LOOP('',(#2164,#2165,#2166,#2167,#2168,#2169));
#4105=EDGE_LOOP('',(#2170,#2171,#2172,#2173));
#4106=EDGE_LOOP('',(#2174,#2175,#2176,#2177,#2178,#2179));
#4107=EDGE_LOOP('',(#2180));
#4108=EDGE_LOOP('',(#2181,#2182,#2183,#2184));
#4109=EDGE_LOOP('',(#2185));
#4110=EDGE_LOOP('',(#2186,#2187,#2188,#2189));
#4111=EDGE_LOOP('',(#2190,#2191,#2192,#2193));
#4112=EDGE_LOOP('',(#2194,#2195,#2196,#2197));
#4113=EDGE_LOOP('',(#2198));
#4114=EDGE_LOOP('',(#2199));
#4115=EDGE_LOOP('',(#2200,#2201,#2202,#2203));
#4116=EDGE_LOOP('',(#2204,#2205,#2206,#2207));
#4117=EDGE_LOOP('',(#2208,#2209,#2210,#2211));
#4118=EDGE_LOOP('',(#2212,#2213,#2214,#2215));
#4119=EDGE_LOOP('',(#2216,#2217,#2218,#2219));
#4120=EDGE_LOOP('',(#2220,#2221,#2222,#2223));
#4121=EDGE_LOOP('',(#2224,#2225,#2226,#2227));
#4122=EDGE_LOOP('',(#2228,#2229,#2230,#2231));
#4123=EDGE_LOOP('',(#2232,#2233,#2234,#2235));
#4124=EDGE_LOOP('',(#2236,#2237,#2238,#2239));
#4125=EDGE_LOOP('',(#2240,#2241,#2242,#2243));
#4126=EDGE_LOOP('',(#2244));
#4127=EDGE_LOOP('',(#2245));
#4128=EDGE_LOOP('',(#2246,#2247,#2248,#2249));
#4129=EDGE_LOOP('',(#2250));
#4130=EDGE_LOOP('',(#2251,#2252,#2253,#2254,#2255,#2256));
#4131=EDGE_LOOP('',(#2257));
#4132=EDGE_LOOP('',(#2258,#2259,#2260,#2261,#2262,#2263));
#4133=EDGE_LOOP('',(#2264,#2265,#2266,#2267));
#4134=EDGE_LOOP('',(#2268,#2269,#2270,#2271));
#4135=EDGE_LOOP('',(#2272,#2273,#2274,#2275));
#4136=EDGE_LOOP('',(#2276,#2277,#2278,#2279));
#4137=EDGE_LOOP('',(#2280,#2281,#2282,#2283));
#4138=EDGE_LOOP('',(#2284,#2285,#2286,#2287));
#4139=EDGE_LOOP('',(#2288,#2289,#2290,#2291));
#4140=EDGE_LOOP('',(#2292,#2293,#2294,#2295));
#4141=EDGE_LOOP('',(#2296,#2297,#2298,#2299));
#4142=EDGE_LOOP('',(#2300,#2301,#2302,#2303));
#4143=EDGE_LOOP('',(#2304,#2305,#2306,#2307,#2308));
#4144=EDGE_LOOP('',(#2309,#2310,#2311,#2312,#2313));
#4145=EDGE_LOOP('',(#2314,#2315,#2316,#2317));
#4146=EDGE_LOOP('',(#2318));
#4147=EDGE_LOOP('',(#2319,#2320,#2321,#2322));
#4148=EDGE_LOOP('',(#2323,#2324,#2325,#2326));
#4149=EDGE_LOOP('',(#2327));
#4150=EDGE_LOOP('',(#2328,#2329,#2330,#2331));
#4151=EDGE_LOOP('',(#2332,#2333,#2334,#2335));
#4152=EDGE_LOOP('',(#2336));
#4153=EDGE_LOOP('',(#2337,#2338,#2339,#2340));
#4154=EDGE_LOOP('',(#2341));
#4155=EDGE_LOOP('',(#2342,#2343,#2344,#2345));
#4156=EDGE_LOOP('',(#2346));
#4157=EDGE_LOOP('',(#2347));
#4158=EDGE_LOOP('',(#2348));
#4159=EDGE_LOOP('',(#2349));
#4160=EDGE_LOOP('',(#2350,#2351,#2352,#2353));
#4161=EDGE_LOOP('',(#2354,#2355,#2356,#2357));
#4162=EDGE_LOOP('',(#2358,#2359,#2360,#2361));
#4163=EDGE_LOOP('',(#2362,#2363,#2364,#2365));
#4164=EDGE_LOOP('',(#2366));
#4165=EDGE_LOOP('',(#2367));
#4166=EDGE_LOOP('',(#2368));
#4167=EDGE_LOOP('',(#2369));
#4168=EDGE_LOOP('',(#2370,#2371,#2372,#2373));
#4169=EDGE_LOOP('',(#2374));
#4170=EDGE_LOOP('',(#2375));
#4171=EDGE_LOOP('',(#2376));
#4172=EDGE_LOOP('',(#2377));
#4173=EDGE_LOOP('',(#2378,#2379,#2380,#2381));
#4174=EDGE_LOOP('',(#2382));
#4175=EDGE_LOOP('',(#2383));
#4176=EDGE_LOOP('',(#2384));
#4177=EDGE_LOOP('',(#2385));
#4178=EDGE_LOOP('',(#2386));
#4179=EDGE_LOOP('',(#2387));
#4180=EDGE_LOOP('',(#2388));
#4181=EDGE_LOOP('',(#2389));
#4182=EDGE_LOOP('',(#2390,#2391,#2392,#2393));
#4183=EDGE_LOOP('',(#2394,#2395,#2396,#2397));
#4184=EDGE_LOOP('',(#2398,#2399,#2400,#2401));
#4185=EDGE_LOOP('',(#2402,#2403,#2404,#2405));
#4186=EDGE_LOOP('',(#2406,#2407,#2408,#2409));
#4187=EDGE_LOOP('',(#2410));
#4188=EDGE_LOOP('',(#2411,#2412,#2413,#2414));
#4189=EDGE_LOOP('',(#2415));
#4190=EDGE_LOOP('',(#2416,#2417,#2418,#2419));
#4191=EDGE_LOOP('',(#2420,#2421,#2422,#2423));
#4192=EDGE_LOOP('',(#2424,#2425,#2426,#2427));
#4193=EDGE_LOOP('',(#2428));
#4194=EDGE_LOOP('',(#2429,#2430,#2431,#2432));
#4195=EDGE_LOOP('',(#2433));
#4196=EDGE_LOOP('',(#2434,#2435,#2436,#2437));
#4197=EDGE_LOOP('',(#2438));
#4198=EDGE_LOOP('',(#2439));
#4199=EDGE_LOOP('',(#2440));
#4200=EDGE_LOOP('',(#2441));
#4201=EDGE_LOOP('',(#2442,#2443,#2444,#2445));
#4202=EDGE_LOOP('',(#2446,#2447,#2448,#2449));
#4203=EDGE_LOOP('',(#2450,#2451,#2452,#2453));
#4204=EDGE_LOOP('',(#2454,#2455,#2456,#2457));
#4205=EDGE_LOOP('',(#2458,#2459,#2460,#2461));
#4206=EDGE_LOOP('',(#2462,#2463,#2464,#2465));
#4207=EDGE_LOOP('',(#2466,#2467,#2468,#2469));
#4208=EDGE_LOOP('',(#2470,#2471,#2472,#2473));
#4209=EDGE_LOOP('',(#2474,#2475,#2476,#2477));
#4210=EDGE_LOOP('',(#2478,#2479,#2480,#2481));
#4211=EDGE_LOOP('',(#2482,#2483,#2484,#2485));
#4212=EDGE_LOOP('',(#2486,#2487,#2488,#2489));
#4213=EDGE_LOOP('',(#2490,#2491,#2492,#2493));
#4214=EDGE_LOOP('',(#2494,#2495,#2496,#2497));
#4215=EDGE_LOOP('',(#2498,#2499,#2500,#2501));
#4216=EDGE_LOOP('',(#2502,#2503,#2504,#2505));
#4217=EDGE_LOOP('',(#2506,#2507,#2508,#2509));
#4218=EDGE_LOOP('',(#2510,#2511,#2512,#2513));
#4219=EDGE_LOOP('',(#2514,#2515,#2516,#2517));
#4220=EDGE_LOOP('',(#2518,#2519,#2520,#2521));
#4221=EDGE_LOOP('',(#2522,#2523,#2524,#2525,#2526,#2527));
#4222=EDGE_LOOP('',(#2528,#2529,#2530,#2531));
#4223=EDGE_LOOP('',(#2532,#2533,#2534,#2535,#2536,#2537));
#4224=EDGE_LOOP('',(#2538,#2539,#2540,#2541));
#4225=EDGE_LOOP('',(#2542,#2543,#2544,#2545));
#4226=EDGE_LOOP('',(#2546,#2547,#2548,#2549));
#4227=EDGE_LOOP('',(#2550,#2551,#2552,#2553));
#4228=EDGE_LOOP('',(#2554,#2555,#2556,#2557));
#4229=EDGE_LOOP('',(#2558,#2559,#2560,#2561));
#4230=EDGE_LOOP('',(#2562,#2563,#2564,#2565));
#4231=EDGE_LOOP('',(#2566,#2567,#2568,#2569));
#4232=EDGE_LOOP('',(#2570));
#4233=EDGE_LOOP('',(#2571));
#4234=EDGE_LOOP('',(#2572));
#4235=EDGE_LOOP('',(#2573,#2574,#2575,#2576));
#4236=EDGE_LOOP('',(#2577));
#4237=EDGE_LOOP('',(#2578));
#4238=EDGE_LOOP('',(#2579));
#4239=EDGE_LOOP('',(#2580,#2581,#2582,#2583));
#4240=EDGE_LOOP('',(#2584));
#4241=EDGE_LOOP('',(#2585));
#4242=EDGE_LOOP('',(#2586));
#4243=EDGE_LOOP('',(#2587));
#4244=EDGE_LOOP('',(#2588));
#4245=EDGE_LOOP('',(#2589));
#4246=EDGE_LOOP('',(#2590,#2591,#2592,#2593));
#4247=EDGE_LOOP('',(#2594,#2595,#2596,#2597));
#4248=EDGE_LOOP('',(#2598,#2599,#2600,#2601));
#4249=EDGE_LOOP('',(#2602,#2603,#2604,#2605));
#4250=EDGE_LOOP('',(#2606));
#4251=EDGE_LOOP('',(#2607,#2608,#2609,#2610));
#4252=EDGE_LOOP('',(#2611,#2612,#2613,#2614));
#4253=EDGE_LOOP('',(#2615));
#4254=EDGE_LOOP('',(#2616));
#4255=EDGE_LOOP('',(#2617));
#4256=EDGE_LOOP('',(#2618,#2619,#2620,#2621));
#4257=EDGE_LOOP('',(#2622,#2623,#2624,#2625));
#4258=EDGE_LOOP('',(#2626,#2627,#2628,#2629));
#4259=EDGE_LOOP('',(#2630,#2631,#2632,#2633));
#4260=EDGE_LOOP('',(#2634));
#4261=EDGE_LOOP('',(#2635));
#4262=EDGE_LOOP('',(#2636));
#4263=EDGE_LOOP('',(#2637));
#4264=EDGE_LOOP('',(#2638,#2639,#2640,#2641,#2642,#2643,#2644,#2645));
#4265=EDGE_LOOP('',(#2646));
#4266=EDGE_LOOP('',(#2647));
#4267=EDGE_LOOP('',(#2648));
#4268=EDGE_LOOP('',(#2649));
#4269=EDGE_LOOP('',(#2650,#2651,#2652,#2653,#2654,#2655,#2656,#2657));
#4270=EDGE_LOOP('',(#2658));
#4271=EDGE_LOOP('',(#2659));
#4272=EDGE_LOOP('',(#2660));
#4273=EDGE_LOOP('',(#2661));
#4274=EDGE_LOOP('',(#2662));
#4275=EDGE_LOOP('',(#2663));
#4276=EDGE_LOOP('',(#2664));
#4277=EDGE_LOOP('',(#2665));
#4278=EDGE_LOOP('',(#2666,#2667,#2668,#2669));
#4279=EDGE_LOOP('',(#2670,#2671,#2672,#2673));
#4280=EDGE_LOOP('',(#2674,#2675,#2676,#2677));
#4281=EDGE_LOOP('',(#2678,#2679,#2680,#2681));
#4282=EDGE_LOOP('',(#2682,#2683,#2684,#2685));
#4283=EDGE_LOOP('',(#2686,#2687,#2688,#2689));
#4284=EDGE_LOOP('',(#2690,#2691,#2692,#2693));
#4285=EDGE_LOOP('',(#2694,#2695,#2696,#2697));
#4286=EDGE_LOOP('',(#2698));
#4287=EDGE_LOOP('',(#2699,#2700,#2701,#2702));
#4288=EDGE_LOOP('',(#2703));
#4289=EDGE_LOOP('',(#2704,#2705,#2706,#2707));
#4290=EDGE_LOOP('',(#2708));
#4291=EDGE_LOOP('',(#2709));
#4292=FACE_BOUND('',#3898,.T.);
#4293=FACE_BOUND('',#3899,.T.);
#4294=FACE_BOUND('',#3900,.T.);
#4295=FACE_BOUND('',#3901,.T.);
#4296=FACE_BOUND('',#3902,.T.);
#4297=FACE_BOUND('',#3903,.T.);
#4298=FACE_BOUND('',#3904,.T.);
#4299=FACE_BOUND('',#3905,.T.);
#4300=FACE_BOUND('',#3906,.T.);
#4301=FACE_BOUND('',#3907,.T.);
#4302=FACE_BOUND('',#3908,.T.);
#4303=FACE_BOUND('',#3909,.T.);
#4304=FACE_BOUND('',#3910,.T.);
#4305=FACE_BOUND('',#3911,.T.);
#4306=FACE_BOUND('',#3912,.T.);
#4307=FACE_BOUND('',#3913,.T.);
#4308=FACE_BOUND('',#3914,.T.);
#4309=FACE_BOUND('',#3915,.T.);
#4310=FACE_BOUND('',#3916,.T.);
#4311=FACE_BOUND('',#3917,.T.);
#4312=FACE_BOUND('',#3918,.T.);
#4313=FACE_BOUND('',#3919,.T.);
#4314=FACE_BOUND('',#3920,.T.);
#4315=FACE_BOUND('',#3921,.T.);
#4316=FACE_BOUND('',#3922,.T.);
#4317=FACE_BOUND('',#3923,.T.);
#4318=FACE_BOUND('',#3924,.T.);
#4319=FACE_BOUND('',#3925,.T.);
#4320=FACE_BOUND('',#3926,.T.);
#4321=FACE_BOUND('',#3927,.T.);
#4322=FACE_BOUND('',#3928,.T.);
#4323=FACE_BOUND('',#3929,.T.);
#4324=FACE_BOUND('',#3930,.T.);
#4325=FACE_BOUND('',#3931,.T.);
#4326=FACE_BOUND('',#3932,.T.);
#4327=FACE_BOUND('',#3933,.T.);
#4328=FACE_BOUND('',#3934,.T.);
#4329=FACE_BOUND('',#3935,.T.);
#4330=FACE_BOUND('',#3936,.T.);
#4331=FACE_BOUND('',#3937,.T.);
#4332=FACE_BOUND('',#3938,.T.);
#4333=FACE_BOUND('',#3939,.T.);
#4334=FACE_BOUND('',#3940,.T.);
#4335=FACE_BOUND('',#3941,.T.);
#4336=FACE_BOUND('',#3942,.T.);
#4337=FACE_BOUND('',#3943,.T.);
#4338=FACE_BOUND('',#3944,.T.);
#4339=FACE_BOUND('',#3945,.T.);
#4340=FACE_BOUND('',#3946,.T.);
#4341=FACE_BOUND('',#3947,.T.);
#4342=FACE_BOUND('',#3948,.T.);
#4343=FACE_BOUND('',#3949,.T.);
#4344=FACE_BOUND('',#3950,.T.);
#4345=FACE_BOUND('',#3951,.T.);
#4346=FACE_BOUND('',#3952,.T.);
#4347=FACE_BOUND('',#3953,.T.);
#4348=FACE_BOUND('',#3954,.T.);
#4349=FACE_BOUND('',#3955,.T.);
#4350=FACE_BOUND('',#3956,.T.);
#4351=FACE_BOUND('',#3957,.T.);
#4352=FACE_BOUND('',#3958,.T.);
#4353=FACE_BOUND('',#3959,.T.);
#4354=FACE_BOUND('',#3960,.T.);
#4355=FACE_BOUND('',#3961,.T.);
#4356=FACE_BOUND('',#3962,.T.);
#4357=FACE_BOUND('',#3963,.T.);
#4358=FACE_BOUND('',#3964,.T.);
#4359=FACE_BOUND('',#3965,.T.);
#4360=FACE_BOUND('',#3966,.T.);
#4361=FACE_BOUND('',#3967,.T.);
#4362=FACE_BOUND('',#3968,.T.);
#4363=FACE_BOUND('',#3969,.T.);
#4364=FACE_BOUND('',#3970,.T.);
#4365=FACE_BOUND('',#3971,.T.);
#4366=FACE_BOUND('',#3972,.T.);
#4367=FACE_BOUND('',#3973,.T.);
#4368=FACE_BOUND('',#3974,.T.);
#4369=FACE_BOUND('',#3975,.T.);
#4370=FACE_BOUND('',#3976,.T.);
#4371=FACE_BOUND('',#3977,.T.);
#4372=FACE_BOUND('',#3978,.T.);
#4373=FACE_BOUND('',#3979,.T.);
#4374=FACE_BOUND('',#3980,.T.);
#4375=FACE_BOUND('',#3981,.T.);
#4376=FACE_BOUND('',#3982,.T.);
#4377=FACE_BOUND('',#3983,.T.);
#4378=FACE_BOUND('',#3984,.T.);
#4379=FACE_BOUND('',#3985,.T.);
#4380=FACE_BOUND('',#3986,.T.);
#4381=FACE_BOUND('',#3987,.T.);
#4382=FACE_BOUND('',#3988,.T.);
#4383=FACE_BOUND('',#3989,.T.);
#4384=FACE_BOUND('',#3990,.T.);
#4385=FACE_BOUND('',#3991,.T.);
#4386=FACE_BOUND('',#3992,.T.);
#4387=FACE_BOUND('',#3993,.T.);
#4388=FACE_BOUND('',#3994,.T.);
#4389=FACE_BOUND('',#3995,.T.);
#4390=FACE_BOUND('',#3996,.T.);
#4391=FACE_BOUND('',#3997,.T.);
#4392=FACE_BOUND('',#3998,.T.);
#4393=FACE_BOUND('',#3999,.T.);
#4394=FACE_BOUND('',#4000,.T.);
#4395=FACE_BOUND('',#4001,.T.);
#4396=FACE_BOUND('',#4002,.T.);
#4397=FACE_BOUND('',#4003,.T.);
#4398=FACE_BOUND('',#4004,.T.);
#4399=FACE_BOUND('',#4005,.T.);
#4400=FACE_BOUND('',#4006,.T.);
#4401=FACE_BOUND('',#4007,.T.);
#4402=FACE_BOUND('',#4008,.T.);
#4403=FACE_BOUND('',#4009,.T.);
#4404=FACE_BOUND('',#4010,.T.);
#4405=FACE_BOUND('',#4011,.T.);
#4406=FACE_BOUND('',#4012,.T.);
#4407=FACE_BOUND('',#4013,.T.);
#4408=FACE_BOUND('',#4014,.T.);
#4409=FACE_BOUND('',#4015,.T.);
#4410=FACE_BOUND('',#4016,.T.);
#4411=FACE_BOUND('',#4017,.T.);
#4412=FACE_BOUND('',#4018,.T.);
#4413=FACE_BOUND('',#4019,.T.);
#4414=FACE_BOUND('',#4020,.T.);
#4415=FACE_BOUND('',#4021,.T.);
#4416=FACE_BOUND('',#4022,.T.);
#4417=FACE_BOUND('',#4023,.T.);
#4418=FACE_BOUND('',#4024,.T.);
#4419=FACE_BOUND('',#4025,.T.);
#4420=FACE_BOUND('',#4026,.T.);
#4421=FACE_BOUND('',#4027,.T.);
#4422=FACE_BOUND('',#4028,.T.);
#4423=FACE_BOUND('',#4029,.T.);
#4424=FACE_BOUND('',#4030,.T.);
#4425=FACE_BOUND('',#4031,.T.);
#4426=FACE_BOUND('',#4032,.T.);
#4427=FACE_BOUND('',#4033,.T.);
#4428=FACE_BOUND('',#4034,.T.);
#4429=FACE_BOUND('',#4035,.T.);
#4430=FACE_BOUND('',#4036,.T.);
#4431=FACE_BOUND('',#4037,.T.);
#4432=FACE_BOUND('',#4038,.T.);
#4433=FACE_BOUND('',#4039,.T.);
#4434=FACE_BOUND('',#4040,.T.);
#4435=FACE_BOUND('',#4041,.T.);
#4436=FACE_BOUND('',#4042,.T.);
#4437=FACE_BOUND('',#4043,.T.);
#4438=FACE_BOUND('',#4044,.T.);
#4439=FACE_BOUND('',#4045,.T.);
#4440=FACE_BOUND('',#4046,.T.);
#4441=FACE_BOUND('',#4047,.T.);
#4442=FACE_BOUND('',#4048,.T.);
#4443=FACE_BOUND('',#4049,.T.);
#4444=FACE_BOUND('',#4050,.T.);
#4445=FACE_BOUND('',#4051,.T.);
#4446=FACE_BOUND('',#4052,.T.);
#4447=FACE_BOUND('',#4053,.T.);
#4448=FACE_BOUND('',#4054,.T.);
#4449=FACE_BOUND('',#4055,.T.);
#4450=FACE_BOUND('',#4056,.T.);
#4451=FACE_BOUND('',#4057,.T.);
#4452=FACE_BOUND('',#4058,.T.);
#4453=FACE_BOUND('',#4059,.T.);
#4454=FACE_BOUND('',#4060,.T.);
#4455=FACE_BOUND('',#4061,.T.);
#4456=FACE_BOUND('',#4062,.T.);
#4457=FACE_BOUND('',#4063,.T.);
#4458=FACE_BOUND('',#4064,.T.);
#4459=FACE_BOUND('',#4065,.T.);
#4460=FACE_BOUND('',#4066,.T.);
#4461=FACE_BOUND('',#4067,.T.);
#4462=FACE_BOUND('',#4068,.T.);
#4463=FACE_BOUND('',#4069,.T.);
#4464=FACE_BOUND('',#4070,.T.);
#4465=FACE_BOUND('',#4071,.T.);
#4466=FACE_BOUND('',#4072,.T.);
#4467=FACE_BOUND('',#4073,.T.);
#4468=FACE_BOUND('',#4074,.T.);
#4469=FACE_BOUND('',#4075,.T.);
#4470=FACE_BOUND('',#4076,.T.);
#4471=FACE_BOUND('',#4077,.T.);
#4472=FACE_BOUND('',#4078,.T.);
#4473=FACE_BOUND('',#4079,.T.);
#4474=FACE_BOUND('',#4080,.T.);
#4475=FACE_BOUND('',#4081,.T.);
#4476=FACE_BOUND('',#4082,.T.);
#4477=FACE_BOUND('',#4083,.T.);
#4478=FACE_BOUND('',#4084,.T.);
#4479=FACE_BOUND('',#4085,.T.);
#4480=FACE_BOUND('',#4086,.T.);
#4481=FACE_BOUND('',#4087,.T.);
#4482=FACE_BOUND('',#4088,.T.);
#4483=FACE_BOUND('',#4089,.T.);
#4484=FACE_BOUND('',#4090,.T.);
#4485=FACE_BOUND('',#4091,.T.);
#4486=FACE_BOUND('',#4092,.T.);
#4487=FACE_BOUND('',#4093,.T.);
#4488=FACE_BOUND('',#4094,.T.);
#4489=FACE_BOUND('',#4095,.T.);
#4490=FACE_BOUND('',#4096,.T.);
#4491=FACE_BOUND('',#4097,.T.);
#4492=FACE_BOUND('',#4098,.T.);
#4493=FACE_BOUND('',#4099,.T.);
#4494=FACE_BOUND('',#4100,.T.);
#4495=FACE_BOUND('',#4101,.T.);
#4496=FACE_BOUND('',#4102,.T.);
#4497=FACE_BOUND('',#4103,.T.);
#4498=FACE_BOUND('',#4104,.T.);
#4499=FACE_BOUND('',#4105,.T.);
#4500=FACE_BOUND('',#4106,.T.);
#4501=FACE_BOUND('',#4107,.T.);
#4502=FACE_BOUND('',#4108,.T.);
#4503=FACE_BOUND('',#4109,.T.);
#4504=FACE_BOUND('',#4110,.T.);
#4505=FACE_BOUND('',#4111,.T.);
#4506=FACE_BOUND('',#4112,.T.);
#4507=FACE_BOUND('',#4113,.T.);
#4508=FACE_BOUND('',#4114,.T.);
#4509=FACE_BOUND('',#4115,.T.);
#4510=FACE_BOUND('',#4116,.T.);
#4511=FACE_BOUND('',#4117,.T.);
#4512=FACE_BOUND('',#4118,.T.);
#4513=FACE_BOUND('',#4119,.T.);
#4514=FACE_BOUND('',#4120,.T.);
#4515=FACE_BOUND('',#4121,.T.);
#4516=FACE_BOUND('',#4122,.T.);
#4517=FACE_BOUND('',#4123,.T.);
#4518=FACE_BOUND('',#4124,.T.);
#4519=FACE_BOUND('',#4125,.T.);
#4520=FACE_BOUND('',#4126,.T.);
#4521=FACE_BOUND('',#4127,.T.);
#4522=FACE_BOUND('',#4128,.T.);
#4523=FACE_BOUND('',#4129,.T.);
#4524=FACE_BOUND('',#4130,.T.);
#4525=FACE_BOUND('',#4131,.T.);
#4526=FACE_BOUND('',#4132,.T.);
#4527=FACE_BOUND('',#4133,.T.);
#4528=FACE_BOUND('',#4134,.T.);
#4529=FACE_BOUND('',#4135,.T.);
#4530=FACE_BOUND('',#4136,.T.);
#4531=FACE_BOUND('',#4137,.T.);
#4532=FACE_BOUND('',#4138,.T.);
#4533=FACE_BOUND('',#4139,.T.);
#4534=FACE_BOUND('',#4140,.T.);
#4535=FACE_BOUND('',#4141,.T.);
#4536=FACE_BOUND('',#4142,.T.);
#4537=FACE_BOUND('',#4143,.T.);
#4538=FACE_BOUND('',#4144,.T.);
#4539=FACE_BOUND('',#4145,.T.);
#4540=FACE_BOUND('',#4146,.T.);
#4541=FACE_BOUND('',#4147,.T.);
#4542=FACE_BOUND('',#4148,.T.);
#4543=FACE_BOUND('',#4149,.T.);
#4544=FACE_BOUND('',#4150,.T.);
#4545=FACE_BOUND('',#4151,.T.);
#4546=FACE_BOUND('',#4152,.T.);
#4547=FACE_BOUND('',#4153,.T.);
#4548=FACE_BOUND('',#4154,.T.);
#4549=FACE_BOUND('',#4155,.T.);
#4550=FACE_BOUND('',#4156,.T.);
#4551=FACE_BOUND('',#4157,.T.);
#4552=FACE_BOUND('',#4158,.T.);
#4553=FACE_BOUND('',#4159,.T.);
#4554=FACE_BOUND('',#4160,.T.);
#4555=FACE_BOUND('',#4161,.T.);
#4556=FACE_BOUND('',#4162,.T.);
#4557=FACE_BOUND('',#4163,.T.);
#4558=FACE_BOUND('',#4164,.T.);
#4559=FACE_BOUND('',#4165,.T.);
#4560=FACE_BOUND('',#4166,.T.);
#4561=FACE_BOUND('',#4167,.T.);
#4562=FACE_BOUND('',#4168,.T.);
#4563=FACE_BOUND('',#4169,.T.);
#4564=FACE_BOUND('',#4170,.T.);
#4565=FACE_BOUND('',#4171,.T.);
#4566=FACE_BOUND('',#4172,.T.);
#4567=FACE_BOUND('',#4173,.T.);
#4568=FACE_BOUND('',#4174,.T.);
#4569=FACE_BOUND('',#4175,.T.);
#4570=FACE_BOUND('',#4176,.T.);
#4571=FACE_BOUND('',#4177,.T.);
#4572=FACE_BOUND('',#4178,.T.);
#4573=FACE_BOUND('',#4179,.T.);
#4574=FACE_BOUND('',#4180,.T.);
#4575=FACE_BOUND('',#4181,.T.);
#4576=FACE_BOUND('',#4182,.T.);
#4577=FACE_BOUND('',#4183,.T.);
#4578=FACE_BOUND('',#4184,.T.);
#4579=FACE_BOUND('',#4185,.T.);
#4580=FACE_BOUND('',#4186,.T.);
#4581=FACE_BOUND('',#4187,.T.);
#4582=FACE_BOUND('',#4188,.T.);
#4583=FACE_BOUND('',#4189,.T.);
#4584=FACE_BOUND('',#4190,.T.);
#4585=FACE_BOUND('',#4191,.T.);
#4586=FACE_BOUND('',#4192,.T.);
#4587=FACE_BOUND('',#4193,.T.);
#4588=FACE_BOUND('',#4194,.T.);
#4589=FACE_BOUND('',#4195,.T.);
#4590=FACE_BOUND('',#4196,.T.);
#4591=FACE_BOUND('',#4197,.T.);
#4592=FACE_BOUND('',#4198,.T.);
#4593=FACE_BOUND('',#4199,.T.);
#4594=FACE_BOUND('',#4200,.T.);
#4595=FACE_BOUND('',#4201,.T.);
#4596=FACE_BOUND('',#4202,.T.);
#4597=FACE_BOUND('',#4203,.T.);
#4598=FACE_BOUND('',#4204,.T.);
#4599=FACE_BOUND('',#4205,.T.);
#4600=FACE_BOUND('',#4206,.T.);
#4601=FACE_BOUND('',#4207,.T.);
#4602=FACE_BOUND('',#4208,.T.);
#4603=FACE_BOUND('',#4209,.T.);
#4604=FACE_BOUND('',#4210,.T.);
#4605=FACE_BOUND('',#4211,.T.);
#4606=FACE_BOUND('',#4212,.T.);
#4607=FACE_BOUND('',#4213,.T.);
#4608=FACE_BOUND('',#4214,.T.);
#4609=FACE_BOUND('',#4215,.T.);
#4610=FACE_BOUND('',#4216,.T.);
#4611=FACE_BOUND('',#4217,.T.);
#4612=FACE_BOUND('',#4218,.T.);
#4613=FACE_BOUND('',#4219,.T.);
#4614=FACE_BOUND('',#4220,.T.);
#4615=FACE_BOUND('',#4221,.T.);
#4616=FACE_BOUND('',#4222,.T.);
#4617=FACE_BOUND('',#4223,.T.);
#4618=FACE_BOUND('',#4224,.T.);
#4619=FACE_BOUND('',#4225,.T.);
#4620=FACE_BOUND('',#4226,.T.);
#4621=FACE_BOUND('',#4227,.T.);
#4622=FACE_BOUND('',#4228,.T.);
#4623=FACE_BOUND('',#4229,.T.);
#4624=FACE_BOUND('',#4230,.T.);
#4625=FACE_BOUND('',#4231,.T.);
#4626=FACE_BOUND('',#4232,.T.);
#4627=FACE_BOUND('',#4233,.T.);
#4628=FACE_BOUND('',#4234,.T.);
#4629=FACE_BOUND('',#4235,.T.);
#4630=FACE_BOUND('',#4236,.T.);
#4631=FACE_BOUND('',#4237,.T.);
#4632=FACE_BOUND('',#4238,.T.);
#4633=FACE_BOUND('',#4239,.T.);
#4634=FACE_BOUND('',#4240,.T.);
#4635=FACE_BOUND('',#4241,.T.);
#4636=FACE_BOUND('',#4242,.T.);
#4637=FACE_BOUND('',#4243,.T.);
#4638=FACE_BOUND('',#4244,.T.);
#4639=FACE_BOUND('',#4245,.T.);
#4640=FACE_BOUND('',#4246,.T.);
#4641=FACE_BOUND('',#4247,.T.);
#4642=FACE_BOUND('',#4248,.T.);
#4643=FACE_BOUND('',#4249,.T.);
#4644=FACE_BOUND('',#4250,.T.);
#4645=FACE_BOUND('',#4251,.T.);
#4646=FACE_BOUND('',#4252,.T.);
#4647=FACE_BOUND('',#4253,.T.);
#4648=FACE_BOUND('',#4254,.T.);
#4649=FACE_BOUND('',#4255,.T.);
#4650=FACE_BOUND('',#4256,.T.);
#4651=FACE_BOUND('',#4257,.T.);
#4652=FACE_BOUND('',#4258,.T.);
#4653=FACE_BOUND('',#4259,.T.);
#4654=FACE_BOUND('',#4260,.T.);
#4655=FACE_BOUND('',#4261,.T.);
#4656=FACE_BOUND('',#4262,.T.);
#4657=FACE_BOUND('',#4263,.T.);
#4658=FACE_BOUND('',#4264,.T.);
#4659=FACE_BOUND('',#4265,.T.);
#4660=FACE_BOUND('',#4266,.T.);
#4661=FACE_BOUND('',#4267,.T.);
#4662=FACE_BOUND('',#4268,.T.);
#4663=FACE_BOUND('',#4269,.T.);
#4664=FACE_BOUND('',#4270,.T.);
#4665=FACE_BOUND('',#4271,.T.);
#4666=FACE_BOUND('',#4272,.T.);
#4667=FACE_BOUND('',#4273,.T.);
#4668=FACE_BOUND('',#4274,.T.);
#4669=FACE_BOUND('',#4275,.T.);
#4670=FACE_BOUND('',#4276,.T.);
#4671=FACE_BOUND('',#4277,.T.);
#4672=FACE_BOUND('',#4278,.T.);
#4673=FACE_BOUND('',#4279,.T.);
#4674=FACE_BOUND('',#4280,.T.);
#4675=FACE_BOUND('',#4281,.T.);
#4676=FACE_BOUND('',#4282,.T.);
#4677=FACE_BOUND('',#4283,.T.);
#4678=FACE_BOUND('',#4284,.T.);
#4679=FACE_BOUND('',#4285,.T.);
#4680=FACE_BOUND('',#4286,.T.);
#4681=FACE_BOUND('',#4287,.T.);
#4682=FACE_BOUND('',#4288,.T.);
#4683=FACE_BOUND('',#4289,.T.);
#4684=FACE_BOUND('',#4290,.T.);
#4685=FACE_BOUND('',#4291,.T.);
#4686=CYLINDRICAL_SURFACE('',#5399,0.005);
#4687=CYLINDRICAL_SURFACE('',#5402,0.005);
#4688=CYLINDRICAL_SURFACE('',#5408,0.00499999999999994);
#4689=CYLINDRICAL_SURFACE('',#5411,0.005);
#4690=CYLINDRICAL_SURFACE('',#5417,0.005);
#4691=CYLINDRICAL_SURFACE('',#5420,0.00499999999999994);
#4692=CYLINDRICAL_SURFACE('',#5426,0.009);
#4693=CYLINDRICAL_SURFACE('',#5433,0.003);
#4694=CYLINDRICAL_SURFACE('',#5435,0.005);
#4695=CYLINDRICAL_SURFACE('',#5450,0.002);
#4696=CYLINDRICAL_SURFACE('',#5452,0.004);
#4697=CYLINDRICAL_SURFACE('',#5457,0.0049999999999999);
#4698=CYLINDRICAL_SURFACE('',#5461,0.000999999999999944);
#4699=CYLINDRICAL_SURFACE('',#5464,0.0049999999999999);
#4700=CYLINDRICAL_SURFACE('',#5473,0.002);
#4701=CYLINDRICAL_SURFACE('',#5476,0.002);
#4702=CYLINDRICAL_SURFACE('',#5479,0.002);
#4703=CYLINDRICAL_SURFACE('',#5488,0.01);
#4704=CYLINDRICAL_SURFACE('',#5492,0.002);
#4705=CYLINDRICAL_SURFACE('',#5523,0.002);
#4706=CYLINDRICAL_SURFACE('',#5532,0.004);
#4707=CYLINDRICAL_SURFACE('',#5580,0.003);
#4708=CYLINDRICAL_SURFACE('',#5600,0.008);
#4709=CYLINDRICAL_SURFACE('',#5604,0.005);
#4710=CYLINDRICAL_SURFACE('',#5645,0.002);
#4711=CYLINDRICAL_SURFACE('',#5659,0.00149999999999993);
#4712=CYLINDRICAL_SURFACE('',#5681,0.004);
#4713=CYLINDRICAL_SURFACE('',#5693,0.002);
#4714=CYLINDRICAL_SURFACE('',#5694,0.002);
#4715=CYLINDRICAL_SURFACE('',#5710,0.002);
#4716=CYLINDRICAL_SURFACE('',#5711,0.002);
#4717=CYLINDRICAL_SURFACE('',#5712,0.002);
#4718=CYLINDRICAL_SURFACE('',#5713,0.002);
#4719=CYLINDRICAL_SURFACE('',#5729,0.002);
#4720=CYLINDRICAL_SURFACE('',#5730,0.002);
#4721=CYLINDRICAL_SURFACE('',#5770,0.002);
#4722=CYLINDRICAL_SURFACE('',#5771,0.002);
#4723=CYLINDRICAL_SURFACE('',#5772,0.002);
#4724=CYLINDRICAL_SURFACE('',#5781,0.003);
#4725=CYLINDRICAL_SURFACE('',#5807,0.002);
#4726=CYLINDRICAL_SURFACE('',#5808,0.002);
#4727=CYLINDRICAL_SURFACE('',#5809,0.002);
#4728=CYLINDRICAL_SURFACE('',#5810,0.002);
#4729=CYLINDRICAL_SURFACE('',#5811,0.005);
#4730=CYLINDRICAL_SURFACE('',#5812,0.005);
#4731=CYLINDRICAL_SURFACE('',#5813,0.005);
#4732=CYLINDRICAL_SURFACE('',#5814,0.005);
#4733=CYLINDRICAL_SURFACE('',#5824,0.002);
#4734=ADVANCED_FACE('',(#4292),#4686,.F.);
#4735=ADVANCED_FACE('',(#4293),#4687,.T.);
#4736=ADVANCED_FACE('',(#4294),#84,.T.);
#4737=ADVANCED_FACE('',(#4295),#85,.F.);
#4738=ADVANCED_FACE('',(#4296),#4688,.F.);
#4739=ADVANCED_FACE('',(#4297),#4689,.T.);
#4740=ADVANCED_FACE('',(#4298),#86,.T.);
#4741=ADVANCED_FACE('',(#4299),#87,.F.);
#4742=ADVANCED_FACE('',(#4300),#4690,.T.);
#4743=ADVANCED_FACE('',(#4301),#4691,.T.);
#4744=ADVANCED_FACE('',(#4302),#88,.T.);
#4745=ADVANCED_FACE('',(#4303),#89,.F.);
#4746=ADVANCED_FACE('',(#4304,#4305),#4692,.T.);
#4747=ADVANCED_FACE('',(#4306,#4307),#90,.T.);
#4748=ADVANCED_FACE('',(#4308,#4309),#91,.F.);
#4749=ADVANCED_FACE('',(#4310,#4311),#4693,.F.);
#4750=ADVANCED_FACE('',(#4312),#4694,.T.);
#4751=ADVANCED_FACE('',(#4313),#92,.F.);
#4752=ADVANCED_FACE('',(#4314),#93,.T.);
#4753=ADVANCED_FACE('',(#4315),#94,.F.);
#4754=ADVANCED_FACE('',(#4316),#95,.T.);
#4755=ADVANCED_FACE('',(#4317),#96,.F.);
#4756=ADVANCED_FACE('',(#4318),#97,.F.);
#4757=ADVANCED_FACE('',(#4319),#98,.T.);
#4758=ADVANCED_FACE('',(#4320,#4321),#99,.T.);
#4759=ADVANCED_FACE('',(#4322,#4323),#100,.F.);
#4760=ADVANCED_FACE('',(#4324,#4325),#4695,.F.);
#4761=ADVANCED_FACE('',(#4326,#4327),#4696,.F.);
#4762=ADVANCED_FACE('',(#4328,#4329),#101,.T.);
#4763=ADVANCED_FACE('',(#4330),#102,.F.);
#4764=ADVANCED_FACE('',(#4331),#4697,.T.);
#4765=ADVANCED_FACE('',(#4332),#103,.F.);
#4766=ADVANCED_FACE('',(#4333,#4334),#4698,.F.);
#4767=ADVANCED_FACE('',(#4335),#4699,.T.);
#4768=ADVANCED_FACE('',(#4336,#4337),#104,.T.);
#4769=ADVANCED_FACE('',(#4338,#4339),#105,.F.);
#4770=ADVANCED_FACE('',(#4340),#106,.T.);
#4771=ADVANCED_FACE('',(#4341),#107,.F.);
#4772=ADVANCED_FACE('',(#4342),#108,.F.);
#4773=ADVANCED_FACE('',(#4343,#4344),#4700,.F.);
#4774=ADVANCED_FACE('',(#4345,#4346),#4701,.F.);
#4775=ADVANCED_FACE('',(#4347,#4348),#4702,.F.);
#4776=ADVANCED_FACE('',(#4349),#109,.T.);
#4777=ADVANCED_FACE('',(#4350,#4351,#4352,#4353),#110,.T.);
#4778=ADVANCED_FACE('',(#4354,#4355,#4356,#4357),#111,.F.);
#4779=ADVANCED_FACE('',(#4358,#4359),#112,.T.);
#4780=ADVANCED_FACE('',(#4360,#4361),#4703,.T.);
#4781=ADVANCED_FACE('',(#4362,#4363),#113,.F.);
#4782=ADVANCED_FACE('',(#4364,#4365),#4704,.F.);
#4783=ADVANCED_FACE('',(#4366),#114,.T.);
#4784=ADVANCED_FACE('',(#4367),#115,.T.);
#4785=ADVANCED_FACE('',(#4368),#116,.T.);
#4786=ADVANCED_FACE('',(#4369),#117,.T.);
#4787=ADVANCED_FACE('',(#4370),#118,.T.);
#4788=ADVANCED_FACE('',(#4371),#119,.T.);
#4789=ADVANCED_FACE('',(#4372,#4373),#120,.T.);
#4790=ADVANCED_FACE('',(#4374),#121,.T.);
#4791=ADVANCED_FACE('',(#4375),#122,.F.);
#4792=ADVANCED_FACE('',(#4376),#123,.F.);
#4793=ADVANCED_FACE('',(#4377),#124,.T.);
#4794=ADVANCED_FACE('',(#4378),#125,.F.);
#4795=ADVANCED_FACE('',(#4379),#126,.F.);
#4796=ADVANCED_FACE('',(#4380),#127,.T.);
#4797=ADVANCED_FACE('',(#4381),#128,.T.);
#4798=ADVANCED_FACE('',(#4382,#4383),#129,.T.);
#4799=ADVANCED_FACE('',(#4384,#4385),#130,.F.);
#4800=ADVANCED_FACE('',(#4386),#131,.T.);
#4801=ADVANCED_FACE('',(#4387),#132,.F.);
#4802=ADVANCED_FACE('',(#4388),#133,.F.);
#4803=ADVANCED_FACE('',(#4389),#134,.T.);
#4804=ADVANCED_FACE('',(#4390),#135,.T.);
#4805=ADVANCED_FACE('',(#4391),#136,.F.);
#4806=ADVANCED_FACE('',(#4392),#137,.F.);
#4807=ADVANCED_FACE('',(#4393),#138,.T.);
#4808=ADVANCED_FACE('',(#4394),#4705,.F.);
#4809=ADVANCED_FACE('',(#4395),#139,.T.);
#4810=ADVANCED_FACE('',(#4396),#140,.F.);
#4811=ADVANCED_FACE('',(#4397),#141,.F.);
#4812=ADVANCED_FACE('',(#4398),#142,.T.);
#4813=ADVANCED_FACE('',(#4399,#4400),#143,.T.);
#4814=ADVANCED_FACE('',(#4401),#144,.F.);
#4815=ADVANCED_FACE('',(#4402,#4403),#4706,.T.);
#4816=ADVANCED_FACE('',(#4404),#145,.T.);
#4817=ADVANCED_FACE('',(#4405),#146,.T.);
#4818=ADVANCED_FACE('',(#4406),#147,.F.);
#4819=ADVANCED_FACE('',(#4407),#148,.F.);
#4820=ADVANCED_FACE('',(#4408),#149,.T.);
#4821=ADVANCED_FACE('',(#4409),#150,.T.);
#4822=ADVANCED_FACE('',(#4410),#151,.F.);
#4823=ADVANCED_FACE('',(#4411),#152,.T.);
#4824=ADVANCED_FACE('',(#4412),#153,.F.);
#4825=ADVANCED_FACE('',(#4413),#154,.T.);
#4826=ADVANCED_FACE('',(#4414),#155,.F.);
#4827=ADVANCED_FACE('',(#4415),#156,.F.);
#4828=ADVANCED_FACE('',(#4416),#157,.T.);
#4829=ADVANCED_FACE('',(#4417),#158,.T.);
#4830=ADVANCED_FACE('',(#4418),#159,.F.);
#4831=ADVANCED_FACE('',(#4419),#160,.F.);
#4832=ADVANCED_FACE('',(#4420),#161,.F.);
#4833=ADVANCED_FACE('',(#4421),#162,.F.);
#4834=ADVANCED_FACE('',(#4422),#163,.F.);
#4835=ADVANCED_FACE('',(#4423),#164,.F.);
#4836=ADVANCED_FACE('',(#4424),#165,.F.);
#4837=ADVANCED_FACE('',(#4425),#166,.F.);
#4838=ADVANCED_FACE('',(#4426),#167,.F.);
#4839=ADVANCED_FACE('',(#4427),#168,.F.);
#4840=ADVANCED_FACE('',(#4428),#169,.F.);
#4841=ADVANCED_FACE('',(#4429),#170,.F.);
#4842=ADVANCED_FACE('',(#4430),#171,.F.);
#4843=ADVANCED_FACE('',(#4431),#172,.F.);
#4844=ADVANCED_FACE('',(#4432),#173,.F.);
#4845=ADVANCED_FACE('',(#4433),#174,.F.);
#4846=ADVANCED_FACE('',(#4434),#175,.F.);
#4847=ADVANCED_FACE('',(#4435),#176,.F.);
#4848=ADVANCED_FACE('',(#4436),#177,.F.);
#4849=ADVANCED_FACE('',(#4437),#178,.F.);
#4850=ADVANCED_FACE('',(#4438),#179,.F.);
#4851=ADVANCED_FACE('',(#4439),#180,.F.);
#4852=ADVANCED_FACE('',(#4440),#181,.F.);
#4853=ADVANCED_FACE('',(#4441),#182,.F.);
#4854=ADVANCED_FACE('',(#4442),#183,.F.);
#4855=ADVANCED_FACE('',(#4443,#4444),#184,.T.);
#4856=ADVANCED_FACE('',(#4445,#4446),#185,.F.);
#4857=ADVANCED_FACE('',(#4447,#4448),#4707,.F.);
#4858=ADVANCED_FACE('',(#4449),#186,.T.);
#4859=ADVANCED_FACE('',(#4450),#187,.F.);
#4860=ADVANCED_FACE('',(#4451),#188,.T.);
#4861=ADVANCED_FACE('',(#4452),#189,.T.);
#4862=ADVANCED_FACE('',(#4453),#190,.F.);
#4863=ADVANCED_FACE('',(#4454),#191,.F.);
#4864=ADVANCED_FACE('',(#4455),#192,.T.);
#4865=ADVANCED_FACE('',(#4456),#193,.F.);
#4866=ADVANCED_FACE('',(#4457),#194,.T.);
#4867=ADVANCED_FACE('',(#4458),#195,.F.);
#4868=ADVANCED_FACE('',(#4459),#196,.F.);
#4869=ADVANCED_FACE('',(#4460),#197,.T.);
#4870=ADVANCED_FACE('',(#4461),#198,.T.);
#4871=ADVANCED_FACE('',(#4462),#199,.F.);
#4872=ADVANCED_FACE('',(#4463),#200,.T.);
#4873=ADVANCED_FACE('',(#4464,#4465),#4708,.T.);
#4874=ADVANCED_FACE('',(#4466,#4467),#201,.T.);
#4875=ADVANCED_FACE('',(#4468,#4469),#4709,.T.);
#4876=ADVANCED_FACE('',(#4470),#202,.T.);
#4877=ADVANCED_FACE('',(#4471),#203,.F.);
#4878=ADVANCED_FACE('',(#4472),#204,.F.);
#4879=ADVANCED_FACE('',(#4473),#205,.F.);
#4880=ADVANCED_FACE('',(#4474),#206,.F.);
#4881=ADVANCED_FACE('',(#4475),#207,.F.);
#4882=ADVANCED_FACE('',(#4476),#208,.F.);
#4883=ADVANCED_FACE('',(#4477),#209,.F.);
#4884=ADVANCED_FACE('',(#4478),#210,.F.);
#4885=ADVANCED_FACE('',(#4479),#211,.F.);
#4886=ADVANCED_FACE('',(#4480),#212,.F.);
#4887=ADVANCED_FACE('',(#4481),#213,.F.);
#4888=ADVANCED_FACE('',(#4482),#214,.F.);
#4889=ADVANCED_FACE('',(#4483),#215,.F.);
#4890=ADVANCED_FACE('',(#4484),#216,.F.);
#4891=ADVANCED_FACE('',(#4485),#217,.F.);
#4892=ADVANCED_FACE('',(#4486),#218,.F.);
#4893=ADVANCED_FACE('',(#4487),#219,.F.);
#4894=ADVANCED_FACE('',(#4488),#220,.F.);
#4895=ADVANCED_FACE('',(#4489),#221,.F.);
#4896=ADVANCED_FACE('',(#4490),#222,.F.);
#4897=ADVANCED_FACE('',(#4491),#223,.F.);
#4898=ADVANCED_FACE('',(#4492),#224,.F.);
#4899=ADVANCED_FACE('',(#4493),#225,.F.);
#4900=ADVANCED_FACE('',(#4494),#226,.F.);
#4901=ADVANCED_FACE('',(#4495),#227,.T.);
#4902=ADVANCED_FACE('',(#4496),#228,.F.);
#4903=ADVANCED_FACE('',(#4497),#229,.T.);
#4904=ADVANCED_FACE('',(#4498),#230,.F.);
#4905=ADVANCED_FACE('',(#4499),#231,.F.);
#4906=ADVANCED_FACE('',(#4500),#232,.T.);
#4907=ADVANCED_FACE('',(#4501,#4502),#233,.T.);
#4908=ADVANCED_FACE('',(#4503,#4504),#234,.F.);
#4909=ADVANCED_FACE('',(#4505),#235,.F.);
#4910=ADVANCED_FACE('',(#4506),#236,.T.);
#4911=ADVANCED_FACE('',(#4507,#4508),#4710,.F.);
#4912=ADVANCED_FACE('',(#4509),#237,.T.);
#4913=ADVANCED_FACE('',(#4510),#238,.F.);
#4914=ADVANCED_FACE('',(#4511),#239,.F.);
#4915=ADVANCED_FACE('',(#4512),#240,.T.);
#4916=ADVANCED_FACE('',(#4513),#241,.T.);
#4917=ADVANCED_FACE('',(#4514),#242,.F.);
#4918=ADVANCED_FACE('',(#4515),#243,.F.);
#4919=ADVANCED_FACE('',(#4516),#244,.F.);
#4920=ADVANCED_FACE('',(#4517),#245,.F.);
#4921=ADVANCED_FACE('',(#4518),#246,.F.);
#4922=ADVANCED_FACE('',(#4519),#247,.F.);
#4923=ADVANCED_FACE('',(#4520,#4521),#4711,.F.);
#4924=ADVANCED_FACE('',(#4522),#248,.F.);
#4925=ADVANCED_FACE('',(#4523,#4524),#249,.T.);
#4926=ADVANCED_FACE('',(#4525,#4526),#250,.F.);
#4927=ADVANCED_FACE('',(#4527),#251,.T.);
#4928=ADVANCED_FACE('',(#4528),#252,.F.);
#4929=ADVANCED_FACE('',(#4529),#253,.F.);
#4930=ADVANCED_FACE('',(#4530),#254,.T.);
#4931=ADVANCED_FACE('',(#4531),#255,.T.);
#4932=ADVANCED_FACE('',(#4532),#256,.F.);
#4933=ADVANCED_FACE('',(#4533),#257,.T.);
#4934=ADVANCED_FACE('',(#4534),#258,.F.);
#4935=ADVANCED_FACE('',(#4535),#259,.F.);
#4936=ADVANCED_FACE('',(#4536),#260,.T.);
#4937=ADVANCED_FACE('',(#4537),#261,.T.);
#4938=ADVANCED_FACE('',(#4538),#262,.F.);
#4939=ADVANCED_FACE('',(#4539),#4712,.T.);
#4940=ADVANCED_FACE('',(#4540,#4541),#263,.T.);
#4941=ADVANCED_FACE('',(#4542),#264,.F.);
#4942=ADVANCED_FACE('',(#4543,#4544),#265,.F.);
#4943=ADVANCED_FACE('',(#4545),#266,.T.);
#4944=ADVANCED_FACE('',(#4546,#4547),#267,.T.);
#4945=ADVANCED_FACE('',(#4548,#4549),#268,.F.);
#4946=ADVANCED_FACE('',(#4550,#4551),#4713,.F.);
#4947=ADVANCED_FACE('',(#4552,#4553),#4714,.F.);
#4948=ADVANCED_FACE('',(#4554),#269,.T.);
#4949=ADVANCED_FACE('',(#4555),#270,.F.);
#4950=ADVANCED_FACE('',(#4556),#271,.F.);
#4951=ADVANCED_FACE('',(#4557),#272,.T.);
#4952=ADVANCED_FACE('',(#4558,#4559,#4560,#4561,#4562),#273,.T.);
#4953=ADVANCED_FACE('',(#4563,#4564,#4565,#4566,#4567),#274,.F.);
#4954=ADVANCED_FACE('',(#4568,#4569),#4715,.F.);
#4955=ADVANCED_FACE('',(#4570,#4571),#4716,.F.);
#4956=ADVANCED_FACE('',(#4572,#4573),#4717,.F.);
#4957=ADVANCED_FACE('',(#4574,#4575),#4718,.F.);
#4958=ADVANCED_FACE('',(#4576),#275,.T.);
#4959=ADVANCED_FACE('',(#4577,#4578),#276,.F.);
#4960=ADVANCED_FACE('',(#4579),#277,.F.);
#4961=ADVANCED_FACE('',(#4580),#278,.T.);
#4962=ADVANCED_FACE('',(#4581,#4582),#279,.T.);
#4963=ADVANCED_FACE('',(#4583,#4584),#280,.F.);
#4964=ADVANCED_FACE('',(#4585),#281,.F.);
#4965=ADVANCED_FACE('',(#4586),#282,.T.);
#4966=ADVANCED_FACE('',(#4587,#4588),#283,.F.);
#4967=ADVANCED_FACE('',(#4589,#4590),#284,.T.);
#4968=ADVANCED_FACE('',(#4591,#4592),#4719,.F.);
#4969=ADVANCED_FACE('',(#4593,#4594),#4720,.F.);
#4970=ADVANCED_FACE('',(#4595),#285,.F.);
#4971=ADVANCED_FACE('',(#4596,#4597),#286,.T.);
#4972=ADVANCED_FACE('',(#4598),#287,.T.);
#4973=ADVANCED_FACE('',(#4599),#288,.F.);
#4974=ADVANCED_FACE('',(#4600),#289,.F.);
#4975=ADVANCED_FACE('',(#4601),#290,.T.);
#4976=ADVANCED_FACE('',(#4602),#291,.F.);
#4977=ADVANCED_FACE('',(#4603),#292,.F.);
#4978=ADVANCED_FACE('',(#4604),#293,.T.);
#4979=ADVANCED_FACE('',(#4605),#294,.T.);
#4980=ADVANCED_FACE('',(#4606),#295,.F.);
#4981=ADVANCED_FACE('',(#4607),#296,.T.);
#4982=ADVANCED_FACE('',(#4608),#297,.F.);
#4983=ADVANCED_FACE('',(#4609),#298,.F.);
#4984=ADVANCED_FACE('',(#4610),#299,.F.);
#4985=ADVANCED_FACE('',(#4611),#300,.F.);
#4986=ADVANCED_FACE('',(#4612),#301,.F.);
#4987=ADVANCED_FACE('',(#4613),#302,.F.);
#4988=ADVANCED_FACE('',(#4614,#4615),#303,.T.);
#4989=ADVANCED_FACE('',(#4616,#4617),#304,.F.);
#4990=ADVANCED_FACE('',(#4618),#305,.F.);
#4991=ADVANCED_FACE('',(#4619),#306,.T.);
#4992=ADVANCED_FACE('',(#4620),#307,.T.);
#4993=ADVANCED_FACE('',(#4621),#308,.F.);
#4994=ADVANCED_FACE('',(#4622),#309,.T.);
#4995=ADVANCED_FACE('',(#4623),#310,.F.);
#4996=ADVANCED_FACE('',(#4624),#311,.F.);
#4997=ADVANCED_FACE('',(#4625),#312,.T.);
#4998=ADVANCED_FACE('',(#4626,#4627,#4628,#4629),#313,.T.);
#4999=ADVANCED_FACE('',(#4630,#4631,#4632,#4633),#314,.F.);
#5000=ADVANCED_FACE('',(#4634,#4635),#4721,.F.);
#5001=ADVANCED_FACE('',(#4636,#4637),#4722,.F.);
#5002=ADVANCED_FACE('',(#4638,#4639),#4723,.F.);
#5003=ADVANCED_FACE('',(#4640),#315,.T.);
#5004=ADVANCED_FACE('',(#4641),#316,.F.);
#5005=ADVANCED_FACE('',(#4642),#317,.F.);
#5006=ADVANCED_FACE('',(#4643),#318,.T.);
#5007=ADVANCED_FACE('',(#4644,#4645),#319,.T.);
#5008=ADVANCED_FACE('',(#4646),#320,.F.);
#5009=ADVANCED_FACE('',(#4647,#4648),#4724,.F.);
#5010=ADVANCED_FACE('',(#4649),#321,.T.);
#5011=ADVANCED_FACE('',(#4650),#322,.T.);
#5012=ADVANCED_FACE('',(#4651),#323,.F.);
#5013=ADVANCED_FACE('',(#4652),#324,.F.);
#5014=ADVANCED_FACE('',(#4653),#325,.T.);
#5015=ADVANCED_FACE('',(#4654,#4655,#4656,#4657,#4658),#326,.T.);
#5016=ADVANCED_FACE('',(#4659,#4660,#4661,#4662,#4663),#327,.F.);
#5017=ADVANCED_FACE('',(#4664,#4665),#4725,.F.);
#5018=ADVANCED_FACE('',(#4666,#4667),#4726,.F.);
#5019=ADVANCED_FACE('',(#4668,#4669),#4727,.F.);
#5020=ADVANCED_FACE('',(#4670,#4671),#4728,.F.);
#5021=ADVANCED_FACE('',(#4672),#4729,.T.);
#5022=ADVANCED_FACE('',(#4673),#4730,.T.);
#5023=ADVANCED_FACE('',(#4674),#4731,.T.);
#5024=ADVANCED_FACE('',(#4675),#4732,.T.);
#5025=ADVANCED_FACE('',(#4676),#328,.T.);
#5026=ADVANCED_FACE('',(#4677),#329,.F.);
#5027=ADVANCED_FACE('',(#4678),#330,.F.);
#5028=ADVANCED_FACE('',(#4679),#331,.T.);
#5029=ADVANCED_FACE('',(#4680,#4681),#332,.T.);
#5030=ADVANCED_FACE('',(#4682,#4683),#333,.F.);
#5031=ADVANCED_FACE('',(#4684,#4685),#4733,.F.);
#5032=CLOSED_SHELL('',(#4734,#4735,#4736,#4737));
#5033=CLOSED_SHELL('',(#4738,#4739,#4740,#4741));
#5034=CLOSED_SHELL('',(#4742,#4743,#4744,#4745));
#5035=CLOSED_SHELL('',(#4746,#4747,#4748,#4749));
#5036=CLOSED_SHELL('',(#4750,#4751,#4752,#4753));
#5037=CLOSED_SHELL('',(#4754,#4755,#4756,#4757,#4758,#4759,#4760,#4761,
#4762));
#5038=CLOSED_SHELL('',(#4763,#4764,#4765,#4766,#4767,#4768,#4769));
#5039=CLOSED_SHELL('',(#4770,#4771,#4772,#4773,#4774,#4775,#4776,#4777,
#4778));
#5040=CLOSED_SHELL('',(#4779,#4780,#4781,#4782,#4783,#4784,#4785,#4786,
#4787,#4788,#4789));
#5041=CLOSED_SHELL('',(#4790,#4791,#4792,#4793,#4794,#4795,#4796,#4797,
#4798,#4799));
#5042=CLOSED_SHELL('',(#4800,#4801,#4802,#4803,#4804,#4805,#4806,#4807,
#4808));
#5043=CLOSED_SHELL('',(#4809,#4810,#4811,#4812,#4813,#4814,#4815,#4816));
#5044=CLOSED_SHELL('',(#4817,#4818,#4819,#4820,#4821,#4822));
#5045=CLOSED_SHELL('',(#4823,#4824,#4825,#4826,#4827,#4828,#4829,#4830));
#5046=CLOSED_SHELL('',(#4831,#4832,#4833,#4834,#4835,#4836,#4837,#4838,
#4839,#4840,#4841,#4842,#4843,#4844,#4845,#4846,#4847,#4848,#4849,#4850,
#4851,#4852,#4853,#4854,#4855,#4856,#4857));
#5047=CLOSED_SHELL('',(#4858,#4859,#4860,#4861,#4862,#4863,#4864,#4865));
#5048=CLOSED_SHELL('',(#4866,#4867,#4868,#4869,#4870,#4871));
#5049=CLOSED_SHELL('',(#4872,#4873,#4874,#4875,#4876));
#5050=CLOSED_SHELL('',(#4877,#4878,#4879,#4880,#4881,#4882,#4883,#4884,
#4885,#4886,#4887,#4888,#4889,#4890,#4891,#4892,#4893,#4894,#4895,#4896,
#4897,#4898,#4899,#4900,#4901,#4902));
#5051=CLOSED_SHELL('',(#4903,#4904,#4905,#4906,#4907,#4908,#4909,#4910,
#4911));
#5052=CLOSED_SHELL('',(#4912,#4913,#4914,#4915,#4916,#4917));
#5053=CLOSED_SHELL('',(#4918,#4919,#4920,#4921,#4922,#4923,#4924,#4925,
#4926));
#5054=CLOSED_SHELL('',(#4927,#4928,#4929,#4930,#4931,#4932));
#5055=CLOSED_SHELL('',(#4933,#4934,#4935,#4936,#4937,#4938,#4939));
#5056=CLOSED_SHELL('',(#4940,#4941,#4942,#4943,#4944,#4945,#4946,#4947));
#5057=CLOSED_SHELL('',(#4948,#4949,#4950,#4951,#4952,#4953,#4954,#4955,
#4956,#4957));
#5058=CLOSED_SHELL('',(#4958,#4959,#4960,#4961,#4962,#4963,#4964,#4965,
#4966,#4967,#4968,#4969,#4970));
#5059=CLOSED_SHELL('',(#4971,#4972,#4973,#4974,#4975,#4976,#4977,#4978,
#4979,#4980,#4981));
#5060=CLOSED_SHELL('',(#4982,#4983,#4984,#4985,#4986,#4987,#4988,#4989,
#4990,#4991,#4992,#4993));
#5061=CLOSED_SHELL('',(#4994,#4995,#4996,#4997,#4998,#4999,#5000,#5001,
#5002));
#5062=CLOSED_SHELL('',(#5003,#5004,#5005,#5006,#5007,#5008,#5009,#5010));
#5063=CLOSED_SHELL('',(#5011,#5012,#5013,#5014,#5015,#5016,#5017,#5018,
#5019,#5020,#5021,#5022,#5023,#5024));
#5064=CLOSED_SHELL('',(#5025,#5026,#5027,#5028,#5029,#5030,#5031));
#5065=STYLED_ITEM('',(#5098),#5299);
#5066=STYLED_ITEM('',(#5099),#5300);
#5067=STYLED_ITEM('',(#5100),#5301);
#5068=STYLED_ITEM('',(#5101),#5302);
#5069=STYLED_ITEM('',(#5102),#5303);
#5070=STYLED_ITEM('',(#5103),#5304);
#5071=STYLED_ITEM('',(#5104),#5305);
#5072=STYLED_ITEM('',(#5105),#5306);
#5073=STYLED_ITEM('',(#5106),#5307);
#5074=STYLED_ITEM('',(#5107),#5308);
#5075=STYLED_ITEM('',(#5108),#5309);
#5076=STYLED_ITEM('',(#5109),#5310);
#5077=STYLED_ITEM('',(#5110),#5311);
#5078=STYLED_ITEM('',(#5111),#5312);
#5079=STYLED_ITEM('',(#5112),#5313);
#5080=STYLED_ITEM('',(#5113),#5314);
#5081=STYLED_ITEM('',(#5114),#5315);
#5082=STYLED_ITEM('',(#5115),#5316);
#5083=STYLED_ITEM('',(#5116),#5317);
#5084=STYLED_ITEM('',(#5117),#5318);
#5085=STYLED_ITEM('',(#5118),#5319);
#5086=STYLED_ITEM('',(#5119),#5320);
#5087=STYLED_ITEM('',(#5120),#5321);
#5088=STYLED_ITEM('',(#5121),#5322);
#5089=STYLED_ITEM('',(#5122),#5323);
#5090=STYLED_ITEM('',(#5123),#5324);
#5091=STYLED_ITEM('',(#5124),#5325);
#5092=STYLED_ITEM('',(#5125),#5326);
#5093=STYLED_ITEM('',(#5126),#5327);
#5094=STYLED_ITEM('',(#5127),#5328);
#5095=STYLED_ITEM('',(#5128),#5329);
#5096=STYLED_ITEM('',(#5129),#5330);
#5097=STYLED_ITEM('',(#5130),#5331);
#5098=PRESENTATION_STYLE_ASSIGNMENT((#5131));
#5099=PRESENTATION_STYLE_ASSIGNMENT((#5132));
#5100=PRESENTATION_STYLE_ASSIGNMENT((#5133));
#5101=PRESENTATION_STYLE_ASSIGNMENT((#5134));
#5102=PRESENTATION_STYLE_ASSIGNMENT((#5135));
#5103=PRESENTATION_STYLE_ASSIGNMENT((#5136));
#5104=PRESENTATION_STYLE_ASSIGNMENT((#5137));
#5105=PRESENTATION_STYLE_ASSIGNMENT((#5138));
#5106=PRESENTATION_STYLE_ASSIGNMENT((#5139));
#5107=PRESENTATION_STYLE_ASSIGNMENT((#5140));
#5108=PRESENTATION_STYLE_ASSIGNMENT((#5141));
#5109=PRESENTATION_STYLE_ASSIGNMENT((#5142));
#5110=PRESENTATION_STYLE_ASSIGNMENT((#5143));
#5111=PRESENTATION_STYLE_ASSIGNMENT((#5144));
#5112=PRESENTATION_STYLE_ASSIGNMENT((#5145));
#5113=PRESENTATION_STYLE_ASSIGNMENT((#5146));
#5114=PRESENTATION_STYLE_ASSIGNMENT((#5147));
#5115=PRESENTATION_STYLE_ASSIGNMENT((#5148));
#5116=PRESENTATION_STYLE_ASSIGNMENT((#5149));
#5117=PRESENTATION_STYLE_ASSIGNMENT((#5150));
#5118=PRESENTATION_STYLE_ASSIGNMENT((#5151));
#5119=PRESENTATION_STYLE_ASSIGNMENT((#5152));
#5120=PRESENTATION_STYLE_ASSIGNMENT((#5153));
#5121=PRESENTATION_STYLE_ASSIGNMENT((#5154));
#5122=PRESENTATION_STYLE_ASSIGNMENT((#5155));
#5123=PRESENTATION_STYLE_ASSIGNMENT((#5156));
#5124=PRESENTATION_STYLE_ASSIGNMENT((#5157));
#5125=PRESENTATION_STYLE_ASSIGNMENT((#5158));
#5126=PRESENTATION_STYLE_ASSIGNMENT((#5159));
#5127=PRESENTATION_STYLE_ASSIGNMENT((#5160));
#5128=PRESENTATION_STYLE_ASSIGNMENT((#5161));
#5129=PRESENTATION_STYLE_ASSIGNMENT((#5162));
#5130=PRESENTATION_STYLE_ASSIGNMENT((#5163));
#5131=SURFACE_STYLE_USAGE(.BOTH.,#5164);
#5132=SURFACE_STYLE_USAGE(.BOTH.,#5165);
#5133=SURFACE_STYLE_USAGE(.BOTH.,#5166);
#5134=SURFACE_STYLE_USAGE(.BOTH.,#5167);
#5135=SURFACE_STYLE_USAGE(.BOTH.,#5168);
#5136=SURFACE_STYLE_USAGE(.BOTH.,#5169);
#5137=SURFACE_STYLE_USAGE(.BOTH.,#5170);
#5138=SURFACE_STYLE_USAGE(.BOTH.,#5171);
#5139=SURFACE_STYLE_USAGE(.BOTH.,#5172);
#5140=SURFACE_STYLE_USAGE(.BOTH.,#5173);
#5141=SURFACE_STYLE_USAGE(.BOTH.,#5174);
#5142=SURFACE_STYLE_USAGE(.BOTH.,#5175);
#5143=SURFACE_STYLE_USAGE(.BOTH.,#5176);
#5144=SURFACE_STYLE_USAGE(.BOTH.,#5177);
#5145=SURFACE_STYLE_USAGE(.BOTH.,#5178);
#5146=SURFACE_STYLE_USAGE(.BOTH.,#5179);
#5147=SURFACE_STYLE_USAGE(.BOTH.,#5180);
#5148=SURFACE_STYLE_USAGE(.BOTH.,#5181);
#5149=SURFACE_STYLE_USAGE(.BOTH.,#5182);
#5150=SURFACE_STYLE_USAGE(.BOTH.,#5183);
#5151=SURFACE_STYLE_USAGE(.BOTH.,#5184);
#5152=SURFACE_STYLE_USAGE(.BOTH.,#5185);
#5153=SURFACE_STYLE_USAGE(.BOTH.,#5186);
#5154=SURFACE_STYLE_USAGE(.BOTH.,#5187);
#5155=SURFACE_STYLE_USAGE(.BOTH.,#5188);
#5156=SURFACE_STYLE_USAGE(.BOTH.,#5189);
#5157=SURFACE_STYLE_USAGE(.BOTH.,#5190);
#5158=SURFACE_STYLE_USAGE(.BOTH.,#5191);
#5159=SURFACE_STYLE_USAGE(.BOTH.,#5192);
#5160=SURFACE_STYLE_USAGE(.BOTH.,#5193);
#5161=SURFACE_STYLE_USAGE(.BOTH.,#5194);
#5162=SURFACE_STYLE_USAGE(.BOTH.,#5195);
#5163=SURFACE_STYLE_USAGE(.BOTH.,#5196);
#5164=SURFACE_SIDE_STYLE('',(#5197));
#5165=SURFACE_SIDE_STYLE('',(#5198));
#5166=SURFACE_SIDE_STYLE('',(#5199));
#5167=SURFACE_SIDE_STYLE('',(#5200));
#5168=SURFACE_SIDE_STYLE('',(#5201));
#5169=SURFACE_SIDE_STYLE('',(#5202));
#5170=SURFACE_SIDE_STYLE('',(#5203));
#5171=SURFACE_SIDE_STYLE('',(#5204));
#5172=SURFACE_SIDE_STYLE('',(#5205));
#5173=SURFACE_SIDE_STYLE('',(#5206));
#5174=SURFACE_SIDE_STYLE('',(#5207));
#5175=SURFACE_SIDE_STYLE('',(#5208));
#5176=SURFACE_SIDE_STYLE('',(#5209));
#5177=SURFACE_SIDE_STYLE('',(#5210));
#5178=SURFACE_SIDE_STYLE('',(#5211));
#5179=SURFACE_SIDE_STYLE('',(#5212));
#5180=SURFACE_SIDE_STYLE('',(#5213));
#5181=SURFACE_SIDE_STYLE('',(#5214));
#5182=SURFACE_SIDE_STYLE('',(#5215));
#5183=SURFACE_SIDE_STYLE('',(#5216));
#5184=SURFACE_SIDE_STYLE('',(#5217));
#5185=SURFACE_SIDE_STYLE('',(#5218));
#5186=SURFACE_SIDE_STYLE('',(#5219));
#5187=SURFACE_SIDE_STYLE('',(#5220));
#5188=SURFACE_SIDE_STYLE('',(#5221));
#5189=SURFACE_SIDE_STYLE('',(#5222));
#5190=SURFACE_SIDE_STYLE('',(#5223));
#5191=SURFACE_SIDE_STYLE('',(#5224));
#5192=SURFACE_SIDE_STYLE('',(#5225));
#5193=SURFACE_SIDE_STYLE('',(#5226));
#5194=SURFACE_SIDE_STYLE('',(#5227));
#5195=SURFACE_SIDE_STYLE('',(#5228));
#5196=SURFACE_SIDE_STYLE('',(#5229));
#5197=SURFACE_STYLE_FILL_AREA(#5230);
#5198=SURFACE_STYLE_FILL_AREA(#5231);
#5199=SURFACE_STYLE_FILL_AREA(#5232);
#5200=SURFACE_STYLE_FILL_AREA(#5233);
#5201=SURFACE_STYLE_FILL_AREA(#5234);
#5202=SURFACE_STYLE_FILL_AREA(#5235);
#5203=SURFACE_STYLE_FILL_AREA(#5236);
#5204=SURFACE_STYLE_FILL_AREA(#5237);
#5205=SURFACE_STYLE_FILL_AREA(#5238);
#5206=SURFACE_STYLE_FILL_AREA(#5239);
#5207=SURFACE_STYLE_FILL_AREA(#5240);
#5208=SURFACE_STYLE_FILL_AREA(#5241);
#5209=SURFACE_STYLE_FILL_AREA(#5242);
#5210=SURFACE_STYLE_FILL_AREA(#5243);
#5211=SURFACE_STYLE_FILL_AREA(#5244);
#5212=SURFACE_STYLE_FILL_AREA(#5245);
#5213=SURFACE_STYLE_FILL_AREA(#5246);
#5214=SURFACE_STYLE_FILL_AREA(#5247);
#5215=SURFACE_STYLE_FILL_AREA(#5248);
#5216=SURFACE_STYLE_FILL_AREA(#5249);
#5217=SURFACE_STYLE_FILL_AREA(#5250);
#5218=SURFACE_STYLE_FILL_AREA(#5251);
#5219=SURFACE_STYLE_FILL_AREA(#5252);
#5220=SURFACE_STYLE_FILL_AREA(#5253);
#5221=SURFACE_STYLE_FILL_AREA(#5254);
#5222=SURFACE_STYLE_FILL_AREA(#5255);
#5223=SURFACE_STYLE_FILL_AREA(#5256);
#5224=SURFACE_STYLE_FILL_AREA(#5257);
#5225=SURFACE_STYLE_FILL_AREA(#5258);
#5226=SURFACE_STYLE_FILL_AREA(#5259);
#5227=SURFACE_STYLE_FILL_AREA(#5260);
#5228=SURFACE_STYLE_FILL_AREA(#5261);
#5229=SURFACE_STYLE_FILL_AREA(#5262);
#5230=FILL_AREA_STYLE('',(#5263));
#5231=FILL_AREA_STYLE('',(#5264));
#5232=FILL_AREA_STYLE('',(#5265));
#5233=FILL_AREA_STYLE('',(#5266));
#5234=FILL_AREA_STYLE('',(#5267));
#5235=FILL_AREA_STYLE('',(#5268));
#5236=FILL_AREA_STYLE('',(#5269));
#5237=FILL_AREA_STYLE('',(#5270));
#5238=FILL_AREA_STYLE('',(#5271));
#5239=FILL_AREA_STYLE('',(#5272));
#5240=FILL_AREA_STYLE('',(#5273));
#5241=FILL_AREA_STYLE('',(#5274));
#5242=FILL_AREA_STYLE('',(#5275));
#5243=FILL_AREA_STYLE('',(#5276));
#5244=FILL_AREA_STYLE('',(#5277));
#5245=FILL_AREA_STYLE('',(#5278));
#5246=FILL_AREA_STYLE('',(#5279));
#5247=FILL_AREA_STYLE('',(#5280));
#5248=FILL_AREA_STYLE('',(#5281));
#5249=FILL_AREA_STYLE('',(#5282));
#5250=FILL_AREA_STYLE('',(#5283));
#5251=FILL_AREA_STYLE('',(#5284));
#5252=FILL_AREA_STYLE('',(#5285));
#5253=FILL_AREA_STYLE('',(#5286));
#5254=FILL_AREA_STYLE('',(#5287));
#5255=FILL_AREA_STYLE('',(#5288));
#5256=FILL_AREA_STYLE('',(#5289));
#5257=FILL_AREA_STYLE('',(#5290));
#5258=FILL_AREA_STYLE('',(#5291));
#5259=FILL_AREA_STYLE('',(#5292));
#5260=FILL_AREA_STYLE('',(#5293));
#5261=FILL_AREA_STYLE('',(#5294));
#5262=FILL_AREA_STYLE('',(#5295));
#5263=FILL_AREA_STYLE_COLOUR('',#5296);
#5264=FILL_AREA_STYLE_COLOUR('',#5296);
#5265=FILL_AREA_STYLE_COLOUR('',#5296);
#5266=FILL_AREA_STYLE_COLOUR('',#5297);
#5267=FILL_AREA_STYLE_COLOUR('',#5296);
#5268=FILL_AREA_STYLE_COLOUR('',#5297);
#5269=FILL_AREA_STYLE_COLOUR('',#5296);
#5270=FILL_AREA_STYLE_COLOUR('',#5296);
#5271=FILL_AREA_STYLE_COLOUR('',#5297);
#5272=FILL_AREA_STYLE_COLOUR('',#5296);
#5273=FILL_AREA_STYLE_COLOUR('',#5298);
#5274=FILL_AREA_STYLE_COLOUR('',#5297);
#5275=FILL_AREA_STYLE_COLOUR('',#5296);
#5276=FILL_AREA_STYLE_COLOUR('',#5296);
#5277=FILL_AREA_STYLE_COLOUR('',#5297);
#5278=FILL_AREA_STYLE_COLOUR('',#5296);
#5279=FILL_AREA_STYLE_COLOUR('',#5296);
#5280=FILL_AREA_STYLE_COLOUR('',#5298);
#5281=FILL_AREA_STYLE_COLOUR('',#5298);
#5282=FILL_AREA_STYLE_COLOUR('',#5297);
#5283=FILL_AREA_STYLE_COLOUR('',#5296);
#5284=FILL_AREA_STYLE_COLOUR('',#5296);
#5285=FILL_AREA_STYLE_COLOUR('',#5296);
#5286=FILL_AREA_STYLE_COLOUR('',#5298);
#5287=FILL_AREA_STYLE_COLOUR('',#5297);
#5288=FILL_AREA_STYLE_COLOUR('',#5298);
#5289=FILL_AREA_STYLE_COLOUR('',#5297);
#5290=FILL_AREA_STYLE_COLOUR('',#5298);
#5291=FILL_AREA_STYLE_COLOUR('',#5297);
#5292=FILL_AREA_STYLE_COLOUR('',#5297);
#5293=FILL_AREA_STYLE_COLOUR('',#5297);
#5294=FILL_AREA_STYLE_COLOUR('',#5298);
#5295=FILL_AREA_STYLE_COLOUR('',#5297);
#5296=COLOUR_RGB('',0.647058823529412,0.647058823529412,0.647058823529412);
#5297=COLOUR_RGB('',0.615686274509804,0.811764705882353,0.929411764705882);
#5298=COLOUR_RGB('',0.231372549019608,0.380392156862745,0.705882352941177);
#5299=MANIFOLD_SOLID_BREP('AC52_1_V3',#5032);
#5300=MANIFOLD_SOLID_BREP('AC52_2_V3',#5033);
#5301=MANIFOLD_SOLID_BREP('AC52_0_V3',#5034);
#5302=MANIFOLD_SOLID_BREP('AC61_0_V3',#5035);
#5303=MANIFOLD_SOLID_BREP('AC53_0_V3',#5036);
#5304=MANIFOLD_SOLID_BREP('AC75_0_V3',#5037);
#5305=MANIFOLD_SOLID_BREP('AC91_0_V3',#5038);
#5306=MANIFOLD_SOLID_BREP('AC57_0_V3',#5039);
#5307=MANIFOLD_SOLID_BREP('AC62_0_V3',#5040);
#5308=MANIFOLD_SOLID_BREP('AC56_0_V3',#5041);
#5309=MANIFOLD_SOLID_BREP('AC77_0_V3',#5042);
#5310=MANIFOLD_SOLID_BREP('AC67_0_V3',#5043);
#5311=MANIFOLD_SOLID_BREP('AC93_0_V3',#5044);
#5312=MANIFOLD_SOLID_BREP('AC92_2_V3',#5045);
#5313=MANIFOLD_SOLID_BREP('AC51_0_V3',#5046);
#5314=MANIFOLD_SOLID_BREP('AC92_0_V3',#5047);
#5315=MANIFOLD_SOLID_BREP('AC92_1_V3',#5048);
#5316=MANIFOLD_SOLID_BREP('AC72_0_V3',#5049);
#5317=MANIFOLD_SOLID_BREP('AC96_0_V3',#5050);
#5318=MANIFOLD_SOLID_BREP('AC65_0_V3',#5051);
#5319=MANIFOLD_SOLID_BREP('AC99_0_V3',#5052);
#5320=MANIFOLD_SOLID_BREP('AC95_0_V3',#5053);
#5321=MANIFOLD_SOLID_BREP('AC93_1_V3',#5054);
#5322=MANIFOLD_SOLID_BREP('AC81_0_V3',#5055);
#5323=MANIFOLD_SOLID_BREP('AC64_0_V3',#5056);
#5324=MANIFOLD_SOLID_BREP('AC60_0_V3',#5057);
#5325=MANIFOLD_SOLID_BREP('AC68_0_V3',#5058);
#5326=MANIFOLD_SOLID_BREP('AC84_0_V3',#5059);
#5327=MANIFOLD_SOLID_BREP('AC79_0_V3',#5060);
#5328=MANIFOLD_SOLID_BREP('AC71_0_V3',#5061);
#5329=MANIFOLD_SOLID_BREP('AC63_0_V3',#5062);
#5330=MANIFOLD_SOLID_BREP('AC89_0_V3',#5063);
#5331=MANIFOLD_SOLID_BREP('AC98_0_V3',#5064);
#5332=SHAPE_DEFINITION_REPRESENTATION(#8846,#5365);
#5333=SHAPE_DEFINITION_REPRESENTATION(#8847,#5366);
#5334=SHAPE_DEFINITION_REPRESENTATION(#8848,#5367);
#5335=SHAPE_DEFINITION_REPRESENTATION(#8849,#5368);
#5336=SHAPE_DEFINITION_REPRESENTATION(#8850,#5369);
#5337=SHAPE_DEFINITION_REPRESENTATION(#8851,#5370);
#5338=SHAPE_DEFINITION_REPRESENTATION(#8852,#5371);
#5339=SHAPE_DEFINITION_REPRESENTATION(#8853,#5372);
#5340=SHAPE_DEFINITION_REPRESENTATION(#8854,#5373);
#5341=SHAPE_DEFINITION_REPRESENTATION(#8855,#5374);
#5342=SHAPE_DEFINITION_REPRESENTATION(#8856,#5375);
#5343=SHAPE_DEFINITION_REPRESENTATION(#8857,#5376);
#5344=SHAPE_DEFINITION_REPRESENTATION(#8858,#5377);
#5345=SHAPE_DEFINITION_REPRESENTATION(#8859,#5378);
#5346=SHAPE_DEFINITION_REPRESENTATION(#8860,#5379);
#5347=SHAPE_DEFINITION_REPRESENTATION(#8861,#5380);
#5348=SHAPE_DEFINITION_REPRESENTATION(#8862,#5381);
#5349=SHAPE_DEFINITION_REPRESENTATION(#8863,#5382);
#5350=SHAPE_DEFINITION_REPRESENTATION(#8864,#5383);
#5351=SHAPE_DEFINITION_REPRESENTATION(#8865,#5384);
#5352=SHAPE_DEFINITION_REPRESENTATION(#8866,#5385);
#5353=SHAPE_DEFINITION_REPRESENTATION(#8867,#5386);
#5354=SHAPE_DEFINITION_REPRESENTATION(#8868,#5387);
#5355=SHAPE_DEFINITION_REPRESENTATION(#8869,#5388);
#5356=SHAPE_DEFINITION_REPRESENTATION(#8870,#5389);
#5357=SHAPE_DEFINITION_REPRESENTATION(#8871,#5390);
#5358=SHAPE_DEFINITION_REPRESENTATION(#8872,#5391);
#5359=SHAPE_DEFINITION_REPRESENTATION(#8873,#5392);
#5360=SHAPE_DEFINITION_REPRESENTATION(#8874,#5393);
#5361=SHAPE_DEFINITION_REPRESENTATION(#8875,#5394);
#5362=SHAPE_DEFINITION_REPRESENTATION(#8876,#5395);
#5363=SHAPE_DEFINITION_REPRESENTATION(#8877,#5396);
#5364=SHAPE_DEFINITION_REPRESENTATION(#8878,#5397);
#5365=SHAPE_REPRESENTATION('AC52_1_V3',(#5398),#8681);
#5366=SHAPE_REPRESENTATION('AC52_2_V3',(#5407),#8682);
#5367=SHAPE_REPRESENTATION('AC52_0_V3',(#5416),#8683);
#5368=SHAPE_REPRESENTATION('AC61_0_V3',(#5425),#8684);
#5369=SHAPE_REPRESENTATION('AC53_0_V3',(#5434),#8685);
#5370=SHAPE_REPRESENTATION('AC75_0_V3',(#5441),#8686);
#5371=SHAPE_REPRESENTATION('AC91_0_V3',(#5455),#8687);
#5372=SHAPE_REPRESENTATION('AC57_0_V3',(#5469),#8688);
#5373=SHAPE_REPRESENTATION('AC62_0_V3',(#5485),#8689);
#5374=SHAPE_REPRESENTATION('AC56_0_V3',(#5501),#8690);
#5375=SHAPE_REPRESENTATION('AC77_0_V3',(#5512),#8691);
#5376=SHAPE_REPRESENTATION('AC67_0_V3',(#5524),#8692);
#5377=SHAPE_REPRESENTATION('AC93_0_V3',(#5535),#8693);
#5378=SHAPE_REPRESENTATION('AC92_2_V3',(#5542),#8694);
#5379=SHAPE_REPRESENTATION('AC51_0_V3',(#5551),#8695);
#5380=SHAPE_REPRESENTATION('AC92_0_V3',(#5581),#8696);
#5381=SHAPE_REPRESENTATION('AC92_1_V3',(#5590),#8697);
#5382=SHAPE_REPRESENTATION('AC72_0_V3',(#5597),#8698);
#5383=SHAPE_REPRESENTATION('AC96_0_V3',(#5607),#8699);
#5384=SHAPE_REPRESENTATION('AC65_0_V3',(#5634),#8700);
#5385=SHAPE_REPRESENTATION('AC99_0_V3',(#5646),#8701);
#5386=SHAPE_REPRESENTATION('AC95_0_V3',(#5653),#8702);
#5387=SHAPE_REPRESENTATION('AC93_1_V3',(#5665),#8703);
#5388=SHAPE_REPRESENTATION('AC81_0_V3',(#5672),#8704);
#5389=SHAPE_REPRESENTATION('AC64_0_V3',(#5682),#8705);
#5390=SHAPE_REPRESENTATION('AC60_0_V3',(#5695),#8706);
#5391=SHAPE_REPRESENTATION('AC68_0_V3',(#5714),#8707);
#5392=SHAPE_REPRESENTATION('AC84_0_V3',(#5732),#8708);
#5393=SHAPE_REPRESENTATION('AC79_0_V3',(#5744),#8709);
#5394=SHAPE_REPRESENTATION('AC71_0_V3',(#5757),#8710);
#5395=SHAPE_REPRESENTATION('AC63_0_V3',(#5773),#8711);
#5396=SHAPE_REPRESENTATION('AC89_0_V3',(#5784),#8712);
#5397=SHAPE_REPRESENTATION('AC98_0_V3',(#5815),#8713);
#5398=AXIS2_PLACEMENT_3D('',#7225,#5825,#5826);
#5399=AXIS2_PLACEMENT_3D('',#7226,#5827,#5828);
#5400=AXIS2_PLACEMENT_3D('',#7227,#5829,#5830);
#5401=AXIS2_PLACEMENT_3D('',#7232,#5832,#5833);
#5402=AXIS2_PLACEMENT_3D('',#7235,#5835,#5836);
#5403=AXIS2_PLACEMENT_3D('',#7236,#5837,#5838);
#5404=AXIS2_PLACEMENT_3D('',#7237,#5839,#5840);
#5405=AXIS2_PLACEMENT_3D('',#7238,#5841,#5842);
#5406=AXIS2_PLACEMENT_3D('',#7239,#5843,#5844);
#5407=AXIS2_PLACEMENT_3D('',#7240,#5845,#5846);
#5408=AXIS2_PLACEMENT_3D('',#7241,#5847,#5848);
#5409=AXIS2_PLACEMENT_3D('',#7242,#5849,#5850);
#5410=AXIS2_PLACEMENT_3D('',#7247,#5852,#5853);
#5411=AXIS2_PLACEMENT_3D('',#7250,#5855,#5856);
#5412=AXIS2_PLACEMENT_3D('',#7251,#5857,#5858);
#5413=AXIS2_PLACEMENT_3D('',#7252,#5859,#5860);
#5414=AXIS2_PLACEMENT_3D('',#7253,#5861,#5862);
#5415=AXIS2_PLACEMENT_3D('',#7254,#5863,#5864);
#5416=AXIS2_PLACEMENT_3D('',#7255,#5865,#5866);
#5417=AXIS2_PLACEMENT_3D('',#7256,#5867,#5868);
#5418=AXIS2_PLACEMENT_3D('',#7257,#5869,#5870);
#5419=AXIS2_PLACEMENT_3D('',#7262,#5872,#5873);
#5420=AXIS2_PLACEMENT_3D('',#7265,#5875,#5876);
#5421=AXIS2_PLACEMENT_3D('',#7266,#5877,#5878);
#5422=AXIS2_PLACEMENT_3D('',#7267,#5879,#5880);
#5423=AXIS2_PLACEMENT_3D('',#7268,#5881,#5882);
#5424=AXIS2_PLACEMENT_3D('',#7269,#5883,#5884);
#5425=AXIS2_PLACEMENT_3D('',#7270,#5885,#5886);
#5426=AXIS2_PLACEMENT_3D('',#7271,#5887,#5888);
#5427=AXIS2_PLACEMENT_3D('',#7272,#5889,#5890);
#5428=AXIS2_PLACEMENT_3D('',#7274,#5891,#5892);
#5429=AXIS2_PLACEMENT_3D('',#7276,#5893,#5894);
#5430=AXIS2_PLACEMENT_3D('',#7277,#5895,#5896);
#5431=AXIS2_PLACEMENT_3D('',#7279,#5897,#5898);
#5432=AXIS2_PLACEMENT_3D('',#7280,#5899,#5900);
#5433=AXIS2_PLACEMENT_3D('',#7282,#5901,#5902);
#5434=AXIS2_PLACEMENT_3D('',#7283,#5903,#5904);
#5435=AXIS2_PLACEMENT_3D('',#7284,#5905,#5906);
#5436=AXIS2_PLACEMENT_3D('',#7285,#5907,#5908);
#5437=AXIS2_PLACEMENT_3D('',#7290,#5910,#5911);
#5438=AXIS2_PLACEMENT_3D('',#7293,#5913,#5914);
#5439=AXIS2_PLACEMENT_3D('',#7296,#5917,#5918);
#5440=AXIS2_PLACEMENT_3D('',#7297,#5919,#5920);
#5441=AXIS2_PLACEMENT_3D('',#7298,#5921,#5922);
#5442=AXIS2_PLACEMENT_3D('',#7299,#5923,#5924);
#5443=AXIS2_PLACEMENT_3D('',#7308,#5929,#5930);
#5444=AXIS2_PLACEMENT_3D('',#7314,#5934,#5935);
#5445=AXIS2_PLACEMENT_3D('',#7320,#5939,#5940);
#5446=AXIS2_PLACEMENT_3D('',#7323,#5943,#5944);
#5447=AXIS2_PLACEMENT_3D('',#7324,#5945,#5946);
#5448=AXIS2_PLACEMENT_3D('',#7326,#5947,#5948);
#5449=AXIS2_PLACEMENT_3D('',#7327,#5949,#5950);
#5450=AXIS2_PLACEMENT_3D('',#7329,#5951,#5952);
#5451=AXIS2_PLACEMENT_3D('',#7330,#5953,#5954);
#5452=AXIS2_PLACEMENT_3D('',#7332,#5955,#5956);
#5453=AXIS2_PLACEMENT_3D('',#7333,#5957,#5958);
#5454=AXIS2_PLACEMENT_3D('',#7335,#5959,#5960);
#5455=AXIS2_PLACEMENT_3D('',#7336,#5961,#5962);
#5456=AXIS2_PLACEMENT_3D('',#7337,#5963,#5964);
#5457=AXIS2_PLACEMENT_3D('',#7346,#5969,#5970);
#5458=AXIS2_PLACEMENT_3D('',#7347,#5971,#5972);
#5459=AXIS2_PLACEMENT_3D('',#7351,#5974,#5975);
#5460=AXIS2_PLACEMENT_3D('',#7352,#5976,#5977);
#5461=AXIS2_PLACEMENT_3D('',#7358,#5981,#5982);
#5462=AXIS2_PLACEMENT_3D('',#7359,#5983,#5984);
#5463=AXIS2_PLACEMENT_3D('',#7361,#5985,#5986);
#5464=AXIS2_PLACEMENT_3D('',#7363,#5987,#5988);
#5465=AXIS2_PLACEMENT_3D('',#7364,#5989,#5990);
#5466=AXIS2_PLACEMENT_3D('',#7365,#5991,#5992);
#5467=AXIS2_PLACEMENT_3D('',#7366,#5993,#5994);
#5468=AXIS2_PLACEMENT_3D('',#7367,#5995,#5996);
#5469=AXIS2_PLACEMENT_3D('',#7368,#5997,#5998);
#5470=AXIS2_PLACEMENT_3D('',#7369,#5999,#6000);
#5471=AXIS2_PLACEMENT_3D('',#7378,#6005,#6006);
#5472=AXIS2_PLACEMENT_3D('',#7384,#6010,#6011);
#5473=AXIS2_PLACEMENT_3D('',#7390,#6015,#6016);
#5474=AXIS2_PLACEMENT_3D('',#7391,#6017,#6018);
#5475=AXIS2_PLACEMENT_3D('',#7393,#6019,#6020);
#5476=AXIS2_PLACEMENT_3D('',#7395,#6021,#6022);
#5477=AXIS2_PLACEMENT_3D('',#7396,#6023,#6024);
#5478=AXIS2_PLACEMENT_3D('',#7398,#6025,#6026);
#5479=AXIS2_PLACEMENT_3D('',#7400,#6027,#6028);
#5480=AXIS2_PLACEMENT_3D('',#7401,#6029,#6030);
#5481=AXIS2_PLACEMENT_3D('',#7403,#6031,#6032);
#5482=AXIS2_PLACEMENT_3D('',#7405,#6033,#6034);
#5483=AXIS2_PLACEMENT_3D('',#7408,#6037,#6038);
#5484=AXIS2_PLACEMENT_3D('',#7409,#6039,#6040);
#5485=AXIS2_PLACEMENT_3D('',#7410,#6041,#6042);
#5486=AXIS2_PLACEMENT_3D('',#7411,#6043,#6044);
#5487=AXIS2_PLACEMENT_3D('',#7412,#6045,#6046);
#5488=AXIS2_PLACEMENT_3D('',#7426,#6053,#6054);
#5489=AXIS2_PLACEMENT_3D('',#7427,#6055,#6056);
#5490=AXIS2_PLACEMENT_3D('',#7429,#6057,#6058);
#5491=AXIS2_PLACEMENT_3D('',#7430,#6059,#6060);
#5492=AXIS2_PLACEMENT_3D('',#7432,#6061,#6062);
#5493=AXIS2_PLACEMENT_3D('',#7433,#6063,#6064);
#5494=AXIS2_PLACEMENT_3D('',#7435,#6065,#6066);
#5495=AXIS2_PLACEMENT_3D('',#7441,#6070,#6071);
#5496=AXIS2_PLACEMENT_3D('',#7445,#6074,#6075);
#5497=AXIS2_PLACEMENT_3D('',#7449,#6078,#6079);
#5498=AXIS2_PLACEMENT_3D('',#7453,#6082,#6083);
#5499=AXIS2_PLACEMENT_3D('',#7457,#6086,#6087);
#5500=AXIS2_PLACEMENT_3D('',#7459,#6089,#6090);
#5501=AXIS2_PLACEMENT_3D('',#7460,#6091,#6092);
#5502=AXIS2_PLACEMENT_3D('',#7461,#6093,#6094);
#5503=AXIS2_PLACEMENT_3D('',#7470,#6099,#6100);
#5504=AXIS2_PLACEMENT_3D('',#7476,#6104,#6105);
#5505=AXIS2_PLACEMENT_3D('',#7482,#6109,#6110);
#5506=AXIS2_PLACEMENT_3D('',#7491,#6115,#6116);
#5507=AXIS2_PLACEMENT_3D('',#7497,#6120,#6121);
#5508=AXIS2_PLACEMENT_3D('',#7503,#6125,#6126);
#5509=AXIS2_PLACEMENT_3D('',#7506,#6129,#6130);
#5510=AXIS2_PLACEMENT_3D('',#7509,#6133,#6134);
#5511=AXIS2_PLACEMENT_3D('',#7510,#6135,#6136);
#5512=AXIS2_PLACEMENT_3D('',#7511,#6137,#6138);
#5513=AXIS2_PLACEMENT_3D('',#7512,#6139,#6140);
#5514=AXIS2_PLACEMENT_3D('',#7521,#6145,#6146);
#5515=AXIS2_PLACEMENT_3D('',#7528,#6150,#6151);
#5516=AXIS2_PLACEMENT_3D('',#7533,#6154,#6155);
#5517=AXIS2_PLACEMENT_3D('',#7539,#6159,#6160);
#5518=AXIS2_PLACEMENT_3D('',#7545,#6164,#6165);
#5519=AXIS2_PLACEMENT_3D('',#7548,#6167,#6168);
#5520=AXIS2_PLACEMENT_3D('',#7550,#6170,#6171);
#5521=AXIS2_PLACEMENT_3D('',#7551,#6172,#6173);
#5522=AXIS2_PLACEMENT_3D('',#7554,#6176,#6177);
#5523=AXIS2_PLACEMENT_3D('',#7555,#6178,#6179);
#5524=AXIS2_PLACEMENT_3D('',#7556,#6180,#6181);
#5525=AXIS2_PLACEMENT_3D('',#7557,#6182,#6183);
#5526=AXIS2_PLACEMENT_3D('',#7566,#6188,#6189);
#5527=AXIS2_PLACEMENT_3D('',#7572,#6193,#6194);
#5528=AXIS2_PLACEMENT_3D('',#7578,#6198,#6199);
#5529=AXIS2_PLACEMENT_3D('',#7581,#6202,#6203);
#5530=AXIS2_PLACEMENT_3D('',#7582,#6204,#6205);
#5531=AXIS2_PLACEMENT_3D('',#7584,#6206,#6207);
#5532=AXIS2_PLACEMENT_3D('',#7585,#6208,#6209);
#5533=AXIS2_PLACEMENT_3D('',#7586,#6210,#6211);
#5534=AXIS2_PLACEMENT_3D('',#7588,#6212,#6213);
#5535=AXIS2_PLACEMENT_3D('',#7589,#6214,#6215);
#5536=AXIS2_PLACEMENT_3D('',#7590,#6216,#6217);
#5537=AXIS2_PLACEMENT_3D('',#7599,#6222,#6223);
#5538=AXIS2_PLACEMENT_3D('',#7605,#6227,#6228);
#5539=AXIS2_PLACEMENT_3D('',#7611,#6232,#6233);
#5540=AXIS2_PLACEMENT_3D('',#7614,#6236,#6237);
#5541=AXIS2_PLACEMENT_3D('',#7615,#6238,#6239);
#5542=AXIS2_PLACEMENT_3D('',#7616,#6240,#6241);
#5543=AXIS2_PLACEMENT_3D('',#7617,#6242,#6243);
#5544=AXIS2_PLACEMENT_3D('',#7626,#6248,#6249);
#5545=AXIS2_PLACEMENT_3D('',#7632,#6253,#6254);
#5546=AXIS2_PLACEMENT_3D('',#7638,#6258,#6259);
#5547=AXIS2_PLACEMENT_3D('',#7644,#6263,#6264);
#5548=AXIS2_PLACEMENT_3D('',#7650,#6268,#6269);
#5549=AXIS2_PLACEMENT_3D('',#7653,#6272,#6273);
#5550=AXIS2_PLACEMENT_3D('',#7654,#6274,#6275);
#5551=AXIS2_PLACEMENT_3D('',#7655,#6276,#6277);
#5552=AXIS2_PLACEMENT_3D('',#7656,#6278,#6279);
#5553=AXIS2_PLACEMENT_3D('',#7665,#6284,#6285);
#5554=AXIS2_PLACEMENT_3D('',#7671,#6289,#6290);
#5555=AXIS2_PLACEMENT_3D('',#7677,#6294,#6295);
#5556=AXIS2_PLACEMENT_3D('',#7683,#6299,#6300);
#5557=AXIS2_PLACEMENT_3D('',#7689,#6304,#6305);
#5558=AXIS2_PLACEMENT_3D('',#7695,#6309,#6310);
#5559=AXIS2_PLACEMENT_3D('',#7701,#6314,#6315);
#5560=AXIS2_PLACEMENT_3D('',#7707,#6319,#6320);
#5561=AXIS2_PLACEMENT_3D('',#7713,#6324,#6325);
#5562=AXIS2_PLACEMENT_3D('',#7719,#6329,#6330);
#5563=AXIS2_PLACEMENT_3D('',#7725,#6334,#6335);
#5564=AXIS2_PLACEMENT_3D('',#7731,#6339,#6340);
#5565=AXIS2_PLACEMENT_3D('',#7737,#6344,#6345);
#5566=AXIS2_PLACEMENT_3D('',#7743,#6349,#6350);
#5567=AXIS2_PLACEMENT_3D('',#7749,#6354,#6355);
#5568=AXIS2_PLACEMENT_3D('',#7755,#6359,#6360);
#5569=AXIS2_PLACEMENT_3D('',#7761,#6364,#6365);
#5570=AXIS2_PLACEMENT_3D('',#7767,#6369,#6370);
#5571=AXIS2_PLACEMENT_3D('',#7773,#6374,#6375);
#5572=AXIS2_PLACEMENT_3D('',#7779,#6379,#6380);
#5573=AXIS2_PLACEMENT_3D('',#7785,#6384,#6385);
#5574=AXIS2_PLACEMENT_3D('',#7791,#6389,#6390);
#5575=AXIS2_PLACEMENT_3D('',#7797,#6394,#6395);
#5576=AXIS2_PLACEMENT_3D('',#7800,#6398,#6399);
#5577=AXIS2_PLACEMENT_3D('',#7801,#6400,#6401);
#5578=AXIS2_PLACEMENT_3D('',#7803,#6402,#6403);
#5579=AXIS2_PLACEMENT_3D('',#7804,#6404,#6405);
#5580=AXIS2_PLACEMENT_3D('',#7806,#6406,#6407);
#5581=AXIS2_PLACEMENT_3D('',#7807,#6408,#6409);
#5582=AXIS2_PLACEMENT_3D('',#7808,#6410,#6411);
#5583=AXIS2_PLACEMENT_3D('',#7817,#6416,#6417);
#5584=AXIS2_PLACEMENT_3D('',#7823,#6421,#6422);
#5585=AXIS2_PLACEMENT_3D('',#7829,#6426,#6427);
#5586=AXIS2_PLACEMENT_3D('',#7835,#6431,#6432);
#5587=AXIS2_PLACEMENT_3D('',#7841,#6436,#6437);
#5588=AXIS2_PLACEMENT_3D('',#7844,#6440,#6441);
#5589=AXIS2_PLACEMENT_3D('',#7845,#6442,#6443);
#5590=AXIS2_PLACEMENT_3D('',#7846,#6444,#6445);
#5591=AXIS2_PLACEMENT_3D('',#7847,#6446,#6447);
#5592=AXIS2_PLACEMENT_3D('',#7856,#6452,#6453);
#5593=AXIS2_PLACEMENT_3D('',#7862,#6457,#6458);
#5594=AXIS2_PLACEMENT_3D('',#7868,#6462,#6463);
#5595=AXIS2_PLACEMENT_3D('',#7871,#6466,#6467);
#5596=AXIS2_PLACEMENT_3D('',#7872,#6468,#6469);
#5597=AXIS2_PLACEMENT_3D('',#7873,#6470,#6471);
#5598=AXIS2_PLACEMENT_3D('',#7874,#6472,#6473);
#5599=AXIS2_PLACEMENT_3D('',#7875,#6474,#6475);
#5600=AXIS2_PLACEMENT_3D('',#7877,#6476,#6477);
#5601=AXIS2_PLACEMENT_3D('',#7878,#6478,#6479);
#5602=AXIS2_PLACEMENT_3D('',#7880,#6480,#6481);
#5603=AXIS2_PLACEMENT_3D('',#7881,#6482,#6483);
#5604=AXIS2_PLACEMENT_3D('',#7883,#6484,#6485);
#5605=AXIS2_PLACEMENT_3D('',#7884,#6486,#6487);
#5606=AXIS2_PLACEMENT_3D('',#7886,#6488,#6489);
#5607=AXIS2_PLACEMENT_3D('',#7887,#6490,#6491);
#5608=AXIS2_PLACEMENT_3D('',#7888,#6492,#6493);
#5609=AXIS2_PLACEMENT_3D('',#7897,#6498,#6499);
#5610=AXIS2_PLACEMENT_3D('',#7903,#6503,#6504);
#5611=AXIS2_PLACEMENT_3D('',#7909,#6508,#6509);
#5612=AXIS2_PLACEMENT_3D('',#7915,#6513,#6514);
#5613=AXIS2_PLACEMENT_3D('',#7921,#6518,#6519);
#5614=AXIS2_PLACEMENT_3D('',#7927,#6523,#6524);
#5615=AXIS2_PLACEMENT_3D('',#7933,#6528,#6529);
#5616=AXIS2_PLACEMENT_3D('',#7939,#6533,#6534);
#5617=AXIS2_PLACEMENT_3D('',#7945,#6538,#6539);
#5618=AXIS2_PLACEMENT_3D('',#7951,#6543,#6544);
#5619=AXIS2_PLACEMENT_3D('',#7957,#6548,#6549);
#5620=AXIS2_PLACEMENT_3D('',#7963,#6553,#6554);
#5621=AXIS2_PLACEMENT_3D('',#7969,#6558,#6559);
#5622=AXIS2_PLACEMENT_3D('',#7975,#6563,#6564);
#5623=AXIS2_PLACEMENT_3D('',#7981,#6568,#6569);
#5624=AXIS2_PLACEMENT_3D('',#7987,#6573,#6574);
#5625=AXIS2_PLACEMENT_3D('',#7993,#6578,#6579);
#5626=AXIS2_PLACEMENT_3D('',#7999,#6583,#6584);
#5627=AXIS2_PLACEMENT_3D('',#8005,#6588,#6589);
#5628=AXIS2_PLACEMENT_3D('',#8011,#6593,#6594);
#5629=AXIS2_PLACEMENT_3D('',#8017,#6598,#6599);
#5630=AXIS2_PLACEMENT_3D('',#8023,#6603,#6604);
#5631=AXIS2_PLACEMENT_3D('',#8029,#6608,#6609);
#5632=AXIS2_PLACEMENT_3D('',#8032,#6612,#6613);
#5633=AXIS2_PLACEMENT_3D('',#8033,#6614,#6615);
#5634=AXIS2_PLACEMENT_3D('',#8034,#6616,#6617);
#5635=AXIS2_PLACEMENT_3D('',#8035,#6618,#6619);
#5636=AXIS2_PLACEMENT_3D('',#8044,#6624,#6625);
#5637=AXIS2_PLACEMENT_3D('',#8054,#6631,#6632);
#5638=AXIS2_PLACEMENT_3D('',#8060,#6636,#6637);
#5639=AXIS2_PLACEMENT_3D('',#8067,#6642,#6643);
#5640=AXIS2_PLACEMENT_3D('',#8068,#6644,#6645);
#5641=AXIS2_PLACEMENT_3D('',#8071,#6647,#6648);
#5642=AXIS2_PLACEMENT_3D('',#8072,#6649,#6650);
#5643=AXIS2_PLACEMENT_3D('',#8074,#6651,#6652);
#5644=AXIS2_PLACEMENT_3D('',#8076,#6654,#6655);
#5645=AXIS2_PLACEMENT_3D('',#8077,#6656,#6657);
#5646=AXIS2_PLACEMENT_3D('',#8078,#6658,#6659);
#5647=AXIS2_PLACEMENT_3D('',#8079,#6660,#6661);
#5648=AXIS2_PLACEMENT_3D('',#8088,#6666,#6667);
#5649=AXIS2_PLACEMENT_3D('',#8094,#6671,#6672);
#5650=AXIS2_PLACEMENT_3D('',#8100,#6676,#6677);
#5651=AXIS2_PLACEMENT_3D('',#8103,#6680,#6681);
#5652=AXIS2_PLACEMENT_3D('',#8104,#6682,#6683);
#5653=AXIS2_PLACEMENT_3D('',#8105,#6684,#6685);
#5654=AXIS2_PLACEMENT_3D('',#8106,#6686,#6687);
#5655=AXIS2_PLACEMENT_3D('',#8115,#6692,#6693);
#5656=AXIS2_PLACEMENT_3D('',#8121,#6697,#6698);
#5657=AXIS2_PLACEMENT_3D('',#8127,#6702,#6703);
#5658=AXIS2_PLACEMENT_3D('',#8133,#6707,#6708);
#5659=AXIS2_PLACEMENT_3D('',#8139,#6712,#6713);
#5660=AXIS2_PLACEMENT_3D('',#8140,#6714,#6715);
#5661=AXIS2_PLACEMENT_3D('',#8142,#6716,#6717);
#5662=AXIS2_PLACEMENT_3D('',#8144,#6718,#6719);
#5663=AXIS2_PLACEMENT_3D('',#8147,#6722,#6723);
#5664=AXIS2_PLACEMENT_3D('',#8148,#6724,#6725);
#5665=AXIS2_PLACEMENT_3D('',#8149,#6726,#6727);
#5666=AXIS2_PLACEMENT_3D('',#8150,#6728,#6729);
#5667=AXIS2_PLACEMENT_3D('',#8159,#6734,#6735);
#5668=AXIS2_PLACEMENT_3D('',#8165,#6739,#6740);
#5669=AXIS2_PLACEMENT_3D('',#8171,#6744,#6745);
#5670=AXIS2_PLACEMENT_3D('',#8174,#6748,#6749);
#5671=AXIS2_PLACEMENT_3D('',#8175,#6750,#6751);
#5672=AXIS2_PLACEMENT_3D('',#8176,#6752,#6753);
#5673=AXIS2_PLACEMENT_3D('',#8177,#6754,#6755);
#5674=AXIS2_PLACEMENT_3D('',#8186,#6760,#6761);
#5675=AXIS2_PLACEMENT_3D('',#8192,#6765,#6766);
#5676=AXIS2_PLACEMENT_3D('',#8198,#6770,#6771);
#5677=AXIS2_PLACEMENT_3D('',#8204,#6775,#6776);
#5678=AXIS2_PLACEMENT_3D('',#8205,#6777,#6778);
#5679=AXIS2_PLACEMENT_3D('',#8206,#6779,#6780);
#5680=AXIS2_PLACEMENT_3D('',#8207,#6781,#6782);
#5681=AXIS2_PLACEMENT_3D('',#8208,#6783,#6784);
#5682=AXIS2_PLACEMENT_3D('',#8209,#6785,#6786);
#5683=AXIS2_PLACEMENT_3D('',#8210,#6787,#6788);
#5684=AXIS2_PLACEMENT_3D('',#8211,#6789,#6790);
#5685=AXIS2_PLACEMENT_3D('',#8221,#6795,#6796);
#5686=AXIS2_PLACEMENT_3D('',#8227,#6800,#6801);
#5687=AXIS2_PLACEMENT_3D('',#8228,#6802,#6803);
#5688=AXIS2_PLACEMENT_3D('',#8235,#6807,#6808);
#5689=AXIS2_PLACEMENT_3D('',#8238,#6811,#6812);
#5690=AXIS2_PLACEMENT_3D('',#8239,#6813,#6814);
#5691=AXIS2_PLACEMENT_3D('',#8241,#6815,#6816);
#5692=AXIS2_PLACEMENT_3D('',#8242,#6817,#6818);
#5693=AXIS2_PLACEMENT_3D('',#8244,#6819,#6820);
#5694=AXIS2_PLACEMENT_3D('',#8245,#6821,#6822);
#5695=AXIS2_PLACEMENT_3D('',#8246,#6823,#6824);
#5696=AXIS2_PLACEMENT_3D('',#8247,#6825,#6826);
#5697=AXIS2_PLACEMENT_3D('',#8256,#6831,#6832);
#5698=AXIS2_PLACEMENT_3D('',#8262,#6836,#6837);
#5699=AXIS2_PLACEMENT_3D('',#8268,#6841,#6842);
#5700=AXIS2_PLACEMENT_3D('',#8271,#6845,#6846);
#5701=AXIS2_PLACEMENT_3D('',#8272,#6847,#6848);
#5702=AXIS2_PLACEMENT_3D('',#8274,#6849,#6850);
#5703=AXIS2_PLACEMENT_3D('',#8276,#6851,#6852);
#5704=AXIS2_PLACEMENT_3D('',#8278,#6853,#6854);
#5705=AXIS2_PLACEMENT_3D('',#8280,#6855,#6856);
#5706=AXIS2_PLACEMENT_3D('',#8281,#6857,#6858);
#5707=AXIS2_PLACEMENT_3D('',#8283,#6859,#6860);
#5708=AXIS2_PLACEMENT_3D('',#8285,#6861,#6862);
#5709=AXIS2_PLACEMENT_3D('',#8287,#6863,#6864);
#5710=AXIS2_PLACEMENT_3D('',#8289,#6865,#6866);
#5711=AXIS2_PLACEMENT_3D('',#8290,#6867,#6868);
#5712=AXIS2_PLACEMENT_3D('',#8291,#6869,#6870);
#5713=AXIS2_PLACEMENT_3D('',#8292,#6871,#6872);
#5714=AXIS2_PLACEMENT_3D('',#8293,#6873,#6874);
#5715=AXIS2_PLACEMENT_3D('',#8294,#6875,#6876);
#5716=AXIS2_PLACEMENT_3D('',#8303,#6881,#6882);
#5717=AXIS2_PLACEMENT_3D('',#8317,#6890,#6891);
#5718=AXIS2_PLACEMENT_3D('',#8323,#6895,#6896);
#5719=AXIS2_PLACEMENT_3D('',#8326,#6899,#6900);
#5720=AXIS2_PLACEMENT_3D('',#8327,#6901,#6902);
#5721=AXIS2_PLACEMENT_3D('',#8329,#6903,#6904);
#5722=AXIS2_PLACEMENT_3D('',#8330,#6905,#6906);
#5723=AXIS2_PLACEMENT_3D('',#8332,#6907,#6908);
#5724=AXIS2_PLACEMENT_3D('',#8338,#6912,#6913);
#5725=AXIS2_PLACEMENT_3D('',#8344,#6917,#6918);
#5726=AXIS2_PLACEMENT_3D('',#8345,#6919,#6920);
#5727=AXIS2_PLACEMENT_3D('',#8348,#6922,#6923);
#5728=AXIS2_PLACEMENT_3D('',#8349,#6924,#6925);
#5729=AXIS2_PLACEMENT_3D('',#8352,#6927,#6928);
#5730=AXIS2_PLACEMENT_3D('',#8353,#6929,#6930);
#5731=AXIS2_PLACEMENT_3D('',#8354,#6931,#6932);
#5732=AXIS2_PLACEMENT_3D('',#8355,#6933,#6934);
#5733=AXIS2_PLACEMENT_3D('',#8356,#6935,#6936);
#5734=AXIS2_PLACEMENT_3D('',#8373,#6945,#6946);
#5735=AXIS2_PLACEMENT_3D('',#8379,#6950,#6951);
#5736=AXIS2_PLACEMENT_3D('',#8383,#6954,#6955);
#5737=AXIS2_PLACEMENT_3D('',#8387,#6958,#6959);
#5738=AXIS2_PLACEMENT_3D('',#8389,#6961,#6962);
#5739=AXIS2_PLACEMENT_3D('',#8390,#6963,#6964);
#5740=AXIS2_PLACEMENT_3D('',#8396,#6968,#6969);
#5741=AXIS2_PLACEMENT_3D('',#8400,#6972,#6973);
#5742=AXIS2_PLACEMENT_3D('',#8404,#6976,#6977);
#5743=AXIS2_PLACEMENT_3D('',#8406,#6979,#6980);
#5744=AXIS2_PLACEMENT_3D('',#8407,#6981,#6982);
#5745=AXIS2_PLACEMENT_3D('',#8408,#6983,#6984);
#5746=AXIS2_PLACEMENT_3D('',#8417,#6989,#6990);
#5747=AXIS2_PLACEMENT_3D('',#8423,#6994,#6995);
#5748=AXIS2_PLACEMENT_3D('',#8429,#6999,#7000);
#5749=AXIS2_PLACEMENT_3D('',#8435,#7004,#7005);
#5750=AXIS2_PLACEMENT_3D('',#8441,#7009,#7010);
#5751=AXIS2_PLACEMENT_3D('',#8444,#7013,#7014);
#5752=AXIS2_PLACEMENT_3D('',#8453,#7019,#7020);
#5753=AXIS2_PLACEMENT_3D('',#8462,#7025,#7026);
#5754=AXIS2_PLACEMENT_3D('',#8465,#7029,#7030);
#5755=AXIS2_PLACEMENT_3D('',#8467,#7032,#7033);
#5756=AXIS2_PLACEMENT_3D('',#8469,#7035,#7036);
#5757=AXIS2_PLACEMENT_3D('',#8470,#7037,#7038);
#5758=AXIS2_PLACEMENT_3D('',#8471,#7039,#7040);
#5759=AXIS2_PLACEMENT_3D('',#8480,#7045,#7046);
#5760=AXIS2_PLACEMENT_3D('',#8486,#7050,#7051);
#5761=AXIS2_PLACEMENT_3D('',#8492,#7055,#7056);
#5762=AXIS2_PLACEMENT_3D('',#8495,#7059,#7060);
#5763=AXIS2_PLACEMENT_3D('',#8496,#7061,#7062);
#5764=AXIS2_PLACEMENT_3D('',#8498,#7063,#7064);
#5765=AXIS2_PLACEMENT_3D('',#8500,#7065,#7066);
#5766=AXIS2_PLACEMENT_3D('',#8502,#7067,#7068);
#5767=AXIS2_PLACEMENT_3D('',#8503,#7069,#7070);
#5768=AXIS2_PLACEMENT_3D('',#8505,#7071,#7072);
#5769=AXIS2_PLACEMENT_3D('',#8507,#7073,#7074);
#5770=AXIS2_PLACEMENT_3D('',#8509,#7075,#7076);
#5771=AXIS2_PLACEMENT_3D('',#8510,#7077,#7078);
#5772=AXIS2_PLACEMENT_3D('',#8511,#7079,#7080);
#5773=AXIS2_PLACEMENT_3D('',#8512,#7081,#7082);
#5774=AXIS2_PLACEMENT_3D('',#8513,#7083,#7084);
#5775=AXIS2_PLACEMENT_3D('',#8522,#7089,#7090);
#5776=AXIS2_PLACEMENT_3D('',#8528,#7094,#7095);
#5777=AXIS2_PLACEMENT_3D('',#8534,#7099,#7100);
#5778=AXIS2_PLACEMENT_3D('',#8537,#7103,#7104);
#5779=AXIS2_PLACEMENT_3D('',#8538,#7105,#7106);
#5780=AXIS2_PLACEMENT_3D('',#8540,#7107,#7108);
#5781=AXIS2_PLACEMENT_3D('',#8541,#7109,#7110);
#5782=AXIS2_PLACEMENT_3D('',#8542,#7111,#7112);
#5783=AXIS2_PLACEMENT_3D('',#8544,#7113,#7114);
#5784=AXIS2_PLACEMENT_3D('',#8545,#7115,#7116);
#5785=AXIS2_PLACEMENT_3D('',#8546,#7117,#7118);
#5786=AXIS2_PLACEMENT_3D('',#8555,#7123,#7124);
#5787=AXIS2_PLACEMENT_3D('',#8564,#7129,#7130);
#5788=AXIS2_PLACEMENT_3D('',#8573,#7135,#7136);
#5789=AXIS2_PLACEMENT_3D('',#8582,#7141,#7142);
#5790=AXIS2_PLACEMENT_3D('',#8583,#7143,#7144);
#5791=AXIS2_PLACEMENT_3D('',#8585,#7145,#7146);
#5792=AXIS2_PLACEMENT_3D('',#8587,#7147,#7148);
#5793=AXIS2_PLACEMENT_3D('',#8589,#7149,#7150);
#5794=AXIS2_PLACEMENT_3D('',#8591,#7151,#7152);
#5795=AXIS2_PLACEMENT_3D('',#8592,#7153,#7154);
#5796=AXIS2_PLACEMENT_3D('',#8593,#7155,#7156);
#5797=AXIS2_PLACEMENT_3D('',#8594,#7157,#7158);
#5798=AXIS2_PLACEMENT_3D('',#8595,#7159,#7160);
#5799=AXIS2_PLACEMENT_3D('',#8596,#7161,#7162);
#5800=AXIS2_PLACEMENT_3D('',#8598,#7163,#7164);
#5801=AXIS2_PLACEMENT_3D('',#8600,#7165,#7166);
#5802=AXIS2_PLACEMENT_3D('',#8602,#7167,#7168);
#5803=AXIS2_PLACEMENT_3D('',#8604,#7169,#7170);
#5804=AXIS2_PLACEMENT_3D('',#8605,#7171,#7172);
#5805=AXIS2_PLACEMENT_3D('',#8606,#7173,#7174);
#5806=AXIS2_PLACEMENT_3D('',#8607,#7175,#7176);
#5807=AXIS2_PLACEMENT_3D('',#8608,#7177,#7178);
#5808=AXIS2_PLACEMENT_3D('',#8609,#7179,#7180);
#5809=AXIS2_PLACEMENT_3D('',#8610,#7181,#7182);
#5810=AXIS2_PLACEMENT_3D('',#8611,#7183,#7184);
#5811=AXIS2_PLACEMENT_3D('',#8612,#7185,#7186);
#5812=AXIS2_PLACEMENT_3D('',#8613,#7187,#7188);
#5813=AXIS2_PLACEMENT_3D('',#8614,#7189,#7190);
#5814=AXIS2_PLACEMENT_3D('',#8615,#7191,#7192);
#5815=AXIS2_PLACEMENT_3D('',#8616,#7193,#7194);
#5816=AXIS2_PLACEMENT_3D('',#8617,#7195,#7196);
#5817=AXIS2_PLACEMENT_3D('',#8626,#7201,#7202);
#5818=AXIS2_PLACEMENT_3D('',#8632,#7206,#7207);
#5819=AXIS2_PLACEMENT_3D('',#8638,#7211,#7212);
#5820=AXIS2_PLACEMENT_3D('',#8641,#7215,#7216);
#5821=AXIS2_PLACEMENT_3D('',#8642,#7217,#7218);
#5822=AXIS2_PLACEMENT_3D('',#8644,#7219,#7220);
#5823=AXIS2_PLACEMENT_3D('',#8645,#7221,#7222);
#5824=AXIS2_PLACEMENT_3D('',#8647,#7223,#7224);
#5825=DIRECTION('',(0.,0.,1.));
#5826=DIRECTION('',(1.,0.,0.));
#5827=DIRECTION('',(-0.0544337418466352,0.0245405308936886,-0.998215773313581));
#5828=DIRECTION('',(-0.998516490711928,0.,0.0544501402783852));
#5829=DIRECTION('',(0.0544337418466352,-0.0245405308936886,0.998215773313581));
#5830=DIRECTION('',(0.998516490711928,0.,-0.0544501402783852));
#5831=DIRECTION('',(-0.0544337418466352,0.0245405308936886,-0.998215773313581));
#5832=DIRECTION('',(0.0544337418466352,-0.0245405308936886,0.998215773313581));
#5833=DIRECTION('',(0.998516490711928,0.,-0.0544501402783852));
#5834=DIRECTION('',(-0.0544337418466352,0.0245405308936886,-0.998215773313581));
#5835=DIRECTION('',(-0.0544337418466352,0.0245405308936886,-0.998215773313581));
#5836=DIRECTION('',(-0.998516490711928,0.,0.0544501402783852));
#5837=DIRECTION('',(0.0544337418466352,-0.0245405308936886,0.998215773313581));
#5838=DIRECTION('',(0.998516490711928,0.,-0.0544501402783852));
#5839=DIRECTION('',(0.0544337418466352,-0.0245405308936886,0.998215773313581));
#5840=DIRECTION('',(0.998516490711928,0.,-0.0544501402783852));
#5841=DIRECTION('',(0.0544337418466352,-0.0245405308936886,0.998215773313581));
#5842=DIRECTION('',(0.99536101061531,0.0807584994267431,-0.052292669822932));
#5843=DIRECTION('',(0.0544337418466352,-0.0245405308936886,0.998215773313581));
#5844=DIRECTION('',(0.99536101061531,0.0807584994267431,-0.052292669822932));
#5845=DIRECTION('',(0.,0.,1.));
#5846=DIRECTION('',(1.,0.,0.));
#5847=DIRECTION('',(-0.0544337418466352,0.0245405308936886,-0.998215773313581));
#5848=DIRECTION('',(-0.998516490711928,0.,0.0544501402783852));
#5849=DIRECTION('',(0.0544337418466352,-0.0245405308936886,0.998215773313581));
#5850=DIRECTION('',(0.998516490711928,0.,-0.0544501402783852));
#5851=DIRECTION('',(-0.0544337418466352,0.0245405308936886,-0.998215773313581));
#5852=DIRECTION('',(0.0544337418466352,-0.0245405308936886,0.998215773313581));
#5853=DIRECTION('',(0.998516490711928,0.,-0.0544501402783852));
#5854=DIRECTION('',(-0.0544337418466352,0.0245405308936886,-0.998215773313581));
#5855=DIRECTION('',(-0.0544337418466352,0.0245405308936886,-0.998215773313581));
#5856=DIRECTION('',(-0.998516490711928,0.,0.0544501402783852));
#5857=DIRECTION('',(0.0544337418466352,-0.0245405308936886,0.998215773313581));
#5858=DIRECTION('',(0.998516490711928,0.,-0.0544501402783852));
#5859=DIRECTION('',(0.0544337418466352,-0.0245405308936886,0.998215773313581));
#5860=DIRECTION('',(0.998516490711928,0.,-0.0544501402783852));
#5861=DIRECTION('',(0.0544337418466352,-0.0245405308936886,0.998215773313581));
#5862=DIRECTION('',(0.99536101061531,0.0807584994267431,-0.052292669822932));
#5863=DIRECTION('',(0.0544337418466352,-0.0245405308936886,0.998215773313581));
#5864=DIRECTION('',(0.99536101061531,0.0807584994267431,-0.052292669822932));
#5865=DIRECTION('',(0.,0.,1.));
#5866=DIRECTION('',(1.,0.,0.));
#5867=DIRECTION('',(-0.0544337418466352,0.0245405308936886,-0.998215773313581));
#5868=DIRECTION('',(-0.998516490711928,0.,0.0544501402783852));
#5869=DIRECTION('',(0.0544337418466352,-0.0245405308936886,0.998215773313581));
#5870=DIRECTION('',(0.998516490711928,0.,-0.0544501402783852));
#5871=DIRECTION('',(-0.0544337418466352,0.0245405308936886,-0.998215773313581));
#5872=DIRECTION('',(0.0544337418466352,-0.0245405308936886,0.998215773313581));
#5873=DIRECTION('',(0.998516490711928,0.,-0.0544501402783852));
#5874=DIRECTION('',(-0.0544337418466352,0.0245405308936886,-0.998215773313581));
#5875=DIRECTION('',(-0.0544337418466352,0.0245405308936886,-0.998215773313581));
#5876=DIRECTION('',(-0.998516490711928,0.,0.0544501402783852));
#5877=DIRECTION('',(0.0544337418466352,-0.0245405308936886,0.998215773313581));
#5878=DIRECTION('',(0.998516490711928,0.,-0.0544501402783852));
#5879=DIRECTION('',(0.0544337418466352,-0.0245405308936886,0.998215773313581));
#5880=DIRECTION('',(0.998516490711928,0.,-0.0544501402783852));
#5881=DIRECTION('',(0.0544337418466352,-0.0245405308936886,0.998215773313581));
#5882=DIRECTION('',(0.99536101061531,0.0807584994267431,-0.052292669822932));
#5883=DIRECTION('',(0.0544337418466352,-0.0245405308936886,0.998215773313581));
#5884=DIRECTION('',(0.99536101061531,0.0807584994267431,-0.052292669822932));
#5885=DIRECTION('',(0.,0.,1.));
#5886=DIRECTION('',(1.,0.,0.));
#5887=DIRECTION('',(-0.0544337418466352,0.0245405308936886,-0.998215773313581));
#5888=DIRECTION('',(-0.99536101061531,-0.0807584994267431,0.052292669822932));
#5889=DIRECTION('',(0.0544337418466352,-0.0245405308936886,0.998215773313581));
#5890=DIRECTION('',(0.99536101061531,0.0807584994267431,-0.052292669822932));
#5891=DIRECTION('',(0.0544337418466352,-0.0245405308936886,0.998215773313581));
#5892=DIRECTION('',(0.99536101061531,0.0807584994267431,-0.052292669822932));
#5893=DIRECTION('',(0.0544337418466352,-0.0245405308936886,0.998215773313581));
#5894=DIRECTION('',(0.99536101061531,0.0807584994267431,-0.052292669822932));
#5895=DIRECTION('',(0.0544337418466352,-0.0245405308936886,0.998215773313581));
#5896=DIRECTION('',(0.998516490711928,0.,-0.0544501402783852));
#5897=DIRECTION('',(0.0544337418466352,-0.0245405308936886,0.998215773313581));
#5898=DIRECTION('',(0.99536101061531,0.0807584994267431,-0.052292669822932));
#5899=DIRECTION('',(0.0544337418466352,-0.0245405308936886,0.998215773313581));
#5900=DIRECTION('',(0.998516490711928,0.,-0.0544501402783852));
#5901=DIRECTION('',(-0.0544337418466352,0.0245405308936886,-0.998215773313581));
#5902=DIRECTION('',(-0.99536101061531,-0.0807584994267431,0.052292669822932));
#5903=DIRECTION('',(0.,0.,1.));
#5904=DIRECTION('',(1.,0.,0.));
#5905=DIRECTION('',(-0.0544337418466352,0.0245405308936886,-0.998215773313581));
#5906=DIRECTION('',(-0.998516490711928,0.,0.0544501402783852));
#5907=DIRECTION('',(0.0544337418466352,-0.0245405308936886,0.998215773313581));
#5908=DIRECTION('',(0.998516490711928,0.,-0.0544501402783852));
#5909=DIRECTION('',(-0.0544337418466352,0.0245405308936886,-0.998215773313581));
#5910=DIRECTION('',(0.0544337418466352,-0.0245405308936886,0.998215773313581));
#5911=DIRECTION('',(0.998516490711928,0.,-0.0544501402783852));
#5912=DIRECTION('',(-0.0544337418466352,0.0245405308936886,-0.998215773313581));
#5913=DIRECTION('',(-0.0793311180775897,0.996431546627163,0.0288226749410941));
#5914=DIRECTION('',(-0.9968456957399,-0.0793640906508442,0.));
#5915=DIRECTION('',(0.995361010615311,0.0807584994267252,-0.0522926698229325));
#5916=DIRECTION('',(0.995361010615311,0.0807584994267252,-0.0522926698229325));
#5917=DIRECTION('',(0.0544337418466352,-0.0245405308936886,0.998215773313581));
#5918=DIRECTION('',(0.99536101061531,0.0807584994267431,-0.052292669822932));
#5919=DIRECTION('',(0.0544337418466352,-0.0245405308936886,0.998215773313581));
#5920=DIRECTION('',(0.99536101061531,0.0807584994267431,-0.052292669822932));
#5921=DIRECTION('',(0.,0.,1.));
#5922=DIRECTION('',(1.,0.,0.));
#5923=DIRECTION('',(-0.99536101061531,-0.0807584994267431,0.052292669822932));
#5924=DIRECTION('',(0.0544337418466352,-0.0245405308936886,0.998215773313581));
#5925=DIRECTION('',(-0.0793311180776076,0.996431546627161,0.0288226749410951));
#5926=DIRECTION('',(-0.0544337418466352,0.0245405308936886,-0.998215773313581));
#5927=DIRECTION('',(-0.0793311180776076,0.996431546627161,0.0288226749410951));
#5928=DIRECTION('',(-0.0544337418466352,0.0245405308936886,-0.998215773313581));
#5929=DIRECTION('',(-0.0793311180776076,0.996431546627161,0.0288226749410951));
#5930=DIRECTION('',(0.0544337418466352,-0.0245405308936886,0.998215773313581));
#5931=DIRECTION('',(0.99536101061531,0.0807584994267431,-0.052292669822932));
#5932=DIRECTION('',(-0.0544337418466352,0.0245405308936886,-0.998215773313581));
#5933=DIRECTION('',(0.99536101061531,0.0807584994267431,-0.052292669822932));
#5934=DIRECTION('',(-0.99536101061531,-0.0807584994267431,0.052292669822932));
#5935=DIRECTION('',(0.0544337418466352,-0.0245405308936886,0.998215773313581));
#5936=DIRECTION('',(-0.0793311180776076,0.996431546627161,0.0288226749410951));
#5937=DIRECTION('',(-0.0544337418466352,0.0245405308936886,-0.998215773313581));
#5938=DIRECTION('',(-0.0793311180776076,0.996431546627161,0.0288226749410951));
#5939=DIRECTION('',(-0.0793311180776076,0.996431546627161,0.0288226749410951));
#5940=DIRECTION('',(0.0544337418466352,-0.0245405308936886,0.998215773313581));
#5941=DIRECTION('',(0.99536101061531,0.0807584994267431,-0.052292669822932));
#5942=DIRECTION('',(0.99536101061531,0.0807584994267431,-0.052292669822932));
#5943=DIRECTION('',(0.0544337418466352,-0.0245405308936886,0.998215773313581));
#5944=DIRECTION('',(0.99536101061531,0.0807584994267431,-0.052292669822932));
#5945=DIRECTION('',(0.0544337418466352,-0.0245405308936886,0.998215773313581));
#5946=DIRECTION('',(0.998516490711928,0.,-0.0544501402783852));
#5947=DIRECTION('',(0.0544337418466352,-0.0245405308936886,0.998215773313581));
#5948=DIRECTION('',(0.99536101061531,0.0807584994267431,-0.052292669822932));
#5949=DIRECTION('',(0.0544337418466352,-0.0245405308936886,0.998215773313581));
#5950=DIRECTION('',(0.998516490711928,0.,-0.0544501402783852));
#5951=DIRECTION('',(-0.0544337418466352,0.0245405308936886,-0.998215773313581));
#5952=DIRECTION('',(-0.99536101061531,-0.0807584994267431,0.052292669822932));
#5953=DIRECTION('',(0.0544337418466352,-0.0245405308936886,0.998215773313581));
#5954=DIRECTION('',(0.998516490711928,0.,-0.0544501402783852));
#5955=DIRECTION('',(-0.0544337418466352,0.0245405308936886,-0.998215773313581));
#5956=DIRECTION('',(-0.99536101061531,-0.0807584994267431,0.052292669822932));
#5957=DIRECTION('',(0.0544337418466352,-0.0245405308936886,0.998215773313581));
#5958=DIRECTION('',(0.99536101061531,0.0807584994267431,-0.052292669822932));
#5959=DIRECTION('',(0.0544337418466352,-0.0245405308936886,0.998215773313581));
#5960=DIRECTION('',(0.99536101061531,0.0807584994267431,-0.052292669822932));
#5961=DIRECTION('',(0.,0.,1.));
#5962=DIRECTION('',(1.,0.,0.));
#5963=DIRECTION('',(0.0793311180776188,-0.99643154662716,-0.0288226749410957));
#5964=DIRECTION('',(0.996845695739897,0.0793640906508733,0.));
#5965=DIRECTION('',(-0.995361010615309,-0.0807584994267543,0.0522926698229316));
#5966=DIRECTION('',(-0.0544337418466352,0.0245405308936886,-0.998215773313581));
#5967=DIRECTION('',(-0.995361010615309,-0.0807584994267543,0.0522926698229316));
#5968=DIRECTION('',(-0.0544337418466352,0.0245405308936886,-0.998215773313581));
#5969=DIRECTION('',(-0.0544337418466352,0.0245405308936886,-0.998215773313581));
#5970=DIRECTION('',(-0.998516490711928,0.,0.0544501402783852));
#5971=DIRECTION('',(0.0544337418466352,-0.0245405308936886,0.998215773313581));
#5972=DIRECTION('',(0.998516490711928,0.,-0.0544501402783852));
#5973=DIRECTION('',(-0.0544337418466352,0.0245405308936886,-0.998215773313581));
#5974=DIRECTION('',(0.0544337418466352,-0.0245405308936886,0.998215773313581));
#5975=DIRECTION('',(0.998516490711928,0.,-0.0544501402783852));
#5976=DIRECTION('',(-0.0793311180776188,0.99643154662716,0.0288226749410957));
#5977=DIRECTION('',(-0.996845695739897,-0.0793640906508733,0.));
#5978=DIRECTION('',(0.995361010615309,0.0807584994267543,-0.0522926698229316));
#5979=DIRECTION('',(-0.0544337418466352,0.0245405308936886,-0.998215773313581));
#5980=DIRECTION('',(0.995361010615309,0.0807584994267543,-0.0522926698229316));
#5981=DIRECTION('',(-0.0544337418466352,0.0245405308936886,-0.998215773313581));
#5982=DIRECTION('',(-0.998516490711928,0.,0.0544501402783852));
#5983=DIRECTION('',(0.0544337418466352,-0.0245405308936886,0.998215773313581));
#5984=DIRECTION('',(0.998516490711928,0.,-0.0544501402783852));
#5985=DIRECTION('',(0.0544337418466352,-0.0245405308936886,0.998215773313581));
#5986=DIRECTION('',(0.998516490711928,0.,-0.0544501402783852));
#5987=DIRECTION('',(-0.0544337418466352,0.0245405308936886,-0.998215773313581));
#5988=DIRECTION('',(-0.998516490711928,0.,0.0544501402783852));
#5989=DIRECTION('',(0.0544337418466352,-0.0245405308936886,0.998215773313581));
#5990=DIRECTION('',(0.998516490711928,0.,-0.0544501402783852));
#5991=DIRECTION('',(0.0544337418466352,-0.0245405308936886,0.998215773313581));
#5992=DIRECTION('',(0.998516490711928,0.,-0.0544501402783852));
#5993=DIRECTION('',(0.0544337418466352,-0.0245405308936886,0.998215773313581));
#5994=DIRECTION('',(0.99536101061531,0.0807584994267431,-0.052292669822932));
#5995=DIRECTION('',(0.0544337418466352,-0.0245405308936886,0.998215773313581));
#5996=DIRECTION('',(0.99536101061531,0.0807584994267431,-0.052292669822932));
#5997=DIRECTION('',(0.,0.,1.));
#5998=DIRECTION('',(1.,0.,0.));
#5999=DIRECTION('',(-0.99536101061531,-0.0807584994267453,0.0522926698229319));
#6000=DIRECTION('',(0.0808691443993419,-0.996724727035563,0.));
#6001=DIRECTION('',(-0.0793311180776098,0.996431546627161,0.0288226749410952));
#6002=DIRECTION('',(-0.0544337418466352,0.0245405308936886,-0.998215773313581));
#6003=DIRECTION('',(-0.0793311180776098,0.996431546627161,0.0288226749410952));
#6004=DIRECTION('',(-0.0544337418466352,0.0245405308936886,-0.998215773313581));
#6005=DIRECTION('',(-0.0793311180776077,0.996431546627161,0.0288226749410951));
#6006=DIRECTION('',(-0.996845695739898,-0.0793640906508622,0.));
#6007=DIRECTION('',(0.99536101061531,0.0807584994267431,-0.052292669822932));
#6008=DIRECTION('',(-0.0544337418466352,0.0245405308936886,-0.998215773313581));
#6009=DIRECTION('',(0.99536101061531,0.0807584994267431,-0.052292669822932));
#6010=DIRECTION('',(-0.99536101061531,-0.0807584994267453,0.0522926698229319));
#6011=DIRECTION('',(0.0808691443993419,-0.996724727035563,0.));
#6012=DIRECTION('',(-0.0793311180776098,0.996431546627161,0.0288226749410952));
#6013=DIRECTION('',(-0.0544337418466352,0.0245405308936886,-0.998215773313581));
#6014=DIRECTION('',(-0.0793311180776098,0.996431546627161,0.0288226749410952));
#6015=DIRECTION('',(-0.0544337418466352,0.0245405308936886,-0.998215773313581));
#6016=DIRECTION('',(-0.998516490711928,0.,0.0544501402783852));
#6017=DIRECTION('',(0.0544337418466352,-0.0245405308936886,0.998215773313581));
#6018=DIRECTION('',(0.998516490711928,0.,-0.0544501402783852));
#6019=DIRECTION('',(0.0544337418466352,-0.0245405308936886,0.998215773313581));
#6020=DIRECTION('',(0.998516490711928,0.,-0.0544501402783852));
#6021=DIRECTION('',(-0.0544337418466352,0.0245405308936886,-0.998215773313581));
#6022=DIRECTION('',(-0.998516490711928,0.,0.0544501402783852));
#6023=DIRECTION('',(0.0544337418466352,-0.0245405308936886,0.998215773313581));
#6024=DIRECTION('',(0.998516490711928,0.,-0.0544501402783852));
#6025=DIRECTION('',(0.0544337418466352,-0.0245405308936886,0.998215773313581));
#6026=DIRECTION('',(0.998516490711928,0.,-0.0544501402783852));
#6027=DIRECTION('',(-0.0544337418466352,0.0245405308936886,-0.998215773313581));
#6028=DIRECTION('',(-0.998516490711928,0.,0.0544501402783852));
#6029=DIRECTION('',(0.0544337418466352,-0.0245405308936886,0.998215773313581));
#6030=DIRECTION('',(0.998516490711928,0.,-0.0544501402783852));
#6031=DIRECTION('',(0.0544337418466352,-0.0245405308936886,0.998215773313581));
#6032=DIRECTION('',(0.998516490711928,0.,-0.0544501402783852));
#6033=DIRECTION('',(-0.0793311180776077,0.996431546627161,0.0288226749410951));
#6034=DIRECTION('',(-0.996845695739898,-0.0793640906508622,0.));
#6035=DIRECTION('',(0.99536101061531,0.0807584994267431,-0.052292669822932));
#6036=DIRECTION('',(0.99536101061531,0.0807584994267431,-0.052292669822932));
#6037=DIRECTION('',(0.0544337418466352,-0.0245405308936886,0.998215773313581));
#6038=DIRECTION('',(0.99536101061531,0.0807584994267431,-0.052292669822932));
#6039=DIRECTION('',(0.0544337418466352,-0.0245405308936886,0.998215773313581));
#6040=DIRECTION('',(0.99536101061531,0.0807584994267431,-0.052292669822932));
#6041=DIRECTION('',(0.,0.,1.));
#6042=DIRECTION('',(1.,0.,0.));
#6043=DIRECTION('',(0.0544337418466352,-0.0245405308936886,0.998215773313581));
#6044=DIRECTION('',(0.99536101061531,0.0807584994267431,-0.052292669822932));
#6045=DIRECTION('',(0.0544337418466352,-0.0245405308936886,0.998215773313581));
#6046=DIRECTION('',(0.99536101061531,0.0807584994267431,-0.052292669822932));
#6047=DIRECTION('',(0.566383268873486,-0.822555782797968,-0.0511075036154755));
#6048=DIRECTION('',(-0.428977741741824,-0.903314282224712,0.00118516620745652));
#6049=DIRECTION('',(-0.99536101061531,-0.0807584994267431,0.052292669822932));
#6050=DIRECTION('',(-0.566383268873486,0.822555782797968,0.0511075036154755));
#6051=DIRECTION('',(0.428977741741824,0.903314282224712,-0.00118516620745652));
#6052=DIRECTION('',(0.99536101061531,0.0807584994267431,-0.052292669822932));
#6053=DIRECTION('',(-0.0544337418466352,0.0245405308936886,-0.998215773313581));
#6054=DIRECTION('',(-0.99536101061531,-0.0807584994267431,0.052292669822932));
#6055=DIRECTION('',(0.0544337418466352,-0.0245405308936886,0.998215773313581));
#6056=DIRECTION('',(0.99536101061531,0.0807584994267431,-0.052292669822932));
#6057=DIRECTION('',(0.0544337418466352,-0.0245405308936886,0.998215773313581));
#6058=DIRECTION('',(0.99536101061531,0.0807584994267431,-0.052292669822932));
#6059=DIRECTION('',(0.0544337418466352,-0.0245405308936886,0.998215773313581));
#6060=DIRECTION('',(0.998516490711928,0.,-0.0544501402783852));
#6061=DIRECTION('',(-0.0544337418466352,0.0245405308936886,-0.998215773313581));
#6062=DIRECTION('',(-0.99536101061531,-0.0807584994267431,0.052292669822932));
#6063=DIRECTION('',(0.0544337418466352,-0.0245405308936886,0.998215773313581));
#6064=DIRECTION('',(0.998516490711928,0.,-0.0544501402783852));
#6065=DIRECTION('',(-0.901673480168214,0.42827686123851,0.0596981179689185));
#6066=DIRECTION('',(-0.428977741741824,-0.903314282224712,0.00118516620745654));
#6067=DIRECTION('',(-0.0544337418466352,0.0245405308936886,-0.998215773313581));
#6068=DIRECTION('',(0.428977741741824,0.903314282224712,-0.00118516620745653));
#6069=DIRECTION('',(-0.0544337418466352,0.0245405308936886,-0.998215773313581));
#6070=DIRECTION('',(-0.822342362090607,-0.568154685388651,0.0308754430278234));
#6071=DIRECTION('',(0.566383268873486,-0.822555782797969,-0.0511075036154755));
#6072=DIRECTION('',(-0.0544337418466352,0.0245405308936886,-0.998215773313581));
#6073=DIRECTION('',(-0.566383268873486,0.822555782797968,0.0511075036154755));
#6074=DIRECTION('',(0.0793311180776076,-0.996431546627161,-0.0288226749410951));
#6075=DIRECTION('',(-0.0544337418466352,0.0245405308936886,-0.998215773313581));
#6076=DIRECTION('',(-0.0544337418466352,0.0245405308936886,-0.998215773313581));
#6077=DIRECTION('',(-0.99536101061531,-0.0807584994267431,0.052292669822932));
#6078=DIRECTION('',(0.901673480168214,-0.42827686123851,-0.0596981179689185));
#6079=DIRECTION('',(0.428977741741824,0.903314282224712,-0.00118516620745654));
#6080=DIRECTION('',(-0.0544337418466352,0.0245405308936886,-0.998215773313581));
#6081=DIRECTION('',(-0.428977741741824,-0.903314282224712,0.00118516620745653));
#6082=DIRECTION('',(0.822342362090607,0.568154685388651,-0.0308754430278234));
#6083=DIRECTION('',(-0.566383268873486,0.822555782797969,0.0511075036154755));
#6084=DIRECTION('',(-0.0544337418466352,0.0245405308936886,-0.998215773313581));
#6085=DIRECTION('',(0.566383268873486,-0.822555782797968,-0.0511075036154755));
#6086=DIRECTION('',(-0.0793311180776076,0.996431546627161,0.0288226749410951));
#6087=DIRECTION('',(0.0544337418466352,-0.0245405308936886,0.998215773313581));
#6088=DIRECTION('',(0.99536101061531,0.0807584994267431,-0.052292669822932));
#6089=DIRECTION('',(0.0544337418466352,-0.0245405308936886,0.998215773313581));
#6090=DIRECTION('',(0.99536101061531,0.0807584994267431,-0.052292669822932));
#6091=DIRECTION('',(0.,0.,1.));
#6092=DIRECTION('',(1.,0.,0.));
#6093=DIRECTION('',(-0.99536101061531,-0.0807584994267424,0.052292669822932));
#6094=DIRECTION('',(0.0808691443993391,-0.996724727035564,0.));
#6095=DIRECTION('',(-0.079331118077607,0.996431546627161,0.0288226749410951));
#6096=DIRECTION('',(-0.0544337418466352,0.0245405308936886,-0.998215773313581));
#6097=DIRECTION('',(-0.079331118077607,0.996431546627161,0.0288226749410951));
#6098=DIRECTION('',(-0.0544337418466352,0.0245405308936886,-0.998215773313581));
#6099=DIRECTION('',(-0.0793311180776009,0.996431546627162,0.0288226749410947));
#6100=DIRECTION('',(-0.996845695739899,-0.0793640906508554,0.));
#6101=DIRECTION('',(0.99536101061531,0.0807584994267364,-0.0522926698229322));
#6102=DIRECTION('',(-0.0544337418466352,0.0245405308936886,-0.998215773313581));
#6103=DIRECTION('',(0.99536101061531,0.0807584994267364,-0.0522926698229322));
#6104=DIRECTION('',(-0.99536101061531,-0.0807584994267424,0.052292669822932));
#6105=DIRECTION('',(0.0808691443993391,-0.996724727035564,0.));
#6106=DIRECTION('',(-0.079331118077607,0.996431546627161,0.0288226749410951));
#6107=DIRECTION('',(-0.0544337418466352,0.0245405308936886,-0.998215773313581));
#6108=DIRECTION('',(-0.079331118077607,0.996431546627161,0.0288226749410951));
#6109=DIRECTION('',(-0.0793311180776196,0.99643154662716,0.0288226749410957));
#6110=DIRECTION('',(-0.996845695739897,-0.0793640906508741,0.));
#6111=DIRECTION('',(0.995361010615309,0.0807584994267551,-0.0522926698229316));
#6112=DIRECTION('',(-0.0544337418466352,0.0245405308936886,-0.998215773313581));
#6113=DIRECTION('',(0.995361010615309,0.0807584994267551,-0.0522926698229316));
#6114=DIRECTION('',(-0.0544337418466352,0.0245405308936886,-0.998215773313581));
#6115=DIRECTION('',(-0.995361010615309,-0.0807584994267552,0.0522926698229316));
#6116=DIRECTION('',(0.0808691443993519,-0.996724727035563,0.));
#6117=DIRECTION('',(-0.0793311180776197,0.99643154662716,0.0288226749410957));
#6118=DIRECTION('',(-0.0544337418466352,0.0245405308936886,-0.998215773313581));
#6119=DIRECTION('',(-0.0793311180776197,0.99643154662716,0.0288226749410957));
#6120=DIRECTION('',(-0.0793311180776196,0.99643154662716,0.0288226749410957));
#6121=DIRECTION('',(-0.996845695739897,-0.0793640906508741,0.));
#6122=DIRECTION('',(0.995361010615309,0.0807584994267551,-0.0522926698229316));
#6123=DIRECTION('',(-0.0544337418466352,0.0245405308936886,-0.998215773313581));
#6124=DIRECTION('',(0.995361010615309,0.0807584994267551,-0.0522926698229316));
#6125=DIRECTION('',(-0.995361010615309,-0.0807584994267552,0.0522926698229316));
#6126=DIRECTION('',(0.0808691443993519,-0.996724727035563,0.));
#6127=DIRECTION('',(-0.0793311180776197,0.99643154662716,0.0288226749410957));
#6128=DIRECTION('',(-0.0793311180776197,0.99643154662716,0.0288226749410957));
#6129=DIRECTION('',(-0.0793311180776009,0.996431546627162,0.0288226749410947));
#6130=DIRECTION('',(-0.996845695739899,-0.0793640906508554,0.));
#6131=DIRECTION('',(0.99536101061531,0.0807584994267364,-0.0522926698229322));
#6132=DIRECTION('',(0.99536101061531,0.0807584994267364,-0.0522926698229322));
#6133=DIRECTION('',(0.0544337418466352,-0.0245405308936886,0.998215773313581));
#6134=DIRECTION('',(0.99536101061531,0.0807584994267431,-0.052292669822932));
#6135=DIRECTION('',(0.0544337418466352,-0.0245405308936886,0.998215773313581));
#6136=DIRECTION('',(0.99536101061531,0.0807584994267431,-0.052292669822932));
#6137=DIRECTION('',(0.,0.,1.));
#6138=DIRECTION('',(1.,0.,0.));
#6139=DIRECTION('',(-0.99536101061531,-0.0807584994267431,0.052292669822932));
#6140=DIRECTION('',(0.0544337418466352,-0.0245405308936886,0.998215773313581));
#6141=DIRECTION('',(-0.0793311180776076,0.996431546627161,0.0288226749410951));
#6142=DIRECTION('',(-0.0544337418466352,0.0245405308936886,-0.998215773313581));
#6143=DIRECTION('',(-0.0793311180776076,0.996431546627161,0.0288226749410951));
#6144=DIRECTION('',(-0.0544337418466352,0.0245405308936886,-0.998215773313581));
#6145=DIRECTION('',(-0.0793311180776076,0.996431546627161,0.0288226749410951));
#6146=DIRECTION('',(0.0544337418466352,-0.0245405308936886,0.998215773313581));
#6147=DIRECTION('',(0.99536101061531,0.0807584994267431,-0.052292669822932));
#6148=DIRECTION('',(-0.0544337418466352,0.0245405308936886,-0.998215773313581));
#6149=DIRECTION('',(0.99536101061531,0.0807584994267431,-0.052292669822932));
#6150=DIRECTION('',(-0.0793311180776076,0.996431546627161,0.0288226749410951));
#6151=DIRECTION('',(-0.996845695739898,-0.0793640906508621,0.));
#6152=DIRECTION('',(-0.0544337418466352,0.0245405308936886,-0.998215773313581));
#6153=DIRECTION('',(0.99536101061531,0.0807584994267431,-0.052292669822932));
#6154=DIRECTION('',(-0.99536101061531,-0.0807584994267431,0.052292669822932));
#6155=DIRECTION('',(0.0544337418466352,-0.0245405308936886,0.998215773313581));
#6156=DIRECTION('',(-0.0793311180776076,0.996431546627161,0.0288226749410951));
#6157=DIRECTION('',(-0.0544337418466352,0.0245405308936886,-0.998215773313581));
#6158=DIRECTION('',(-0.0793311180776076,0.996431546627161,0.0288226749410951));
#6159=DIRECTION('',(-0.0793311180776076,0.996431546627161,0.0288226749410951));
#6160=DIRECTION('',(0.0544337418466352,-0.0245405308936886,0.998215773313581));
#6161=DIRECTION('',(0.99536101061531,0.0807584994267431,-0.052292669822932));
#6162=DIRECTION('',(0.99536101061531,0.0807584994267431,-0.052292669822932));
#6163=DIRECTION('',(-0.0544337418466352,0.0245405308936886,-0.998215773313581));
#6164=DIRECTION('',(-0.0793311180776076,0.996431546627161,0.0288226749410951));
#6165=DIRECTION('',(-0.996845695739898,-0.0793640906508621,0.));
#6166=DIRECTION('',(0.99536101061531,0.0807584994267431,-0.052292669822932));
#6167=DIRECTION('',(0.0544337418466352,-0.0245405308936886,0.998215773313581));
#6168=DIRECTION('',(0.99536101061531,0.0807584994267431,-0.052292669822932));
#6169=DIRECTION('',(-0.0793311180776076,0.996431546627161,0.0288226749410951));
#6170=DIRECTION('',(0.0544337418466352,-0.0245405308936886,0.998215773313581));
#6171=DIRECTION('',(0.99536101061531,0.0807584994267431,-0.052292669822932));
#6172=DIRECTION('',(-0.99536101061531,-0.0807584994267431,0.052292669822932));
#6173=DIRECTION('',(0.0544337418466352,-0.0245405308936886,0.998215773313581));
#6174=DIRECTION('',(-0.0793311180776076,0.996431546627161,0.0288226749410951));
#6175=DIRECTION('',(-0.0793311180776076,0.996431546627161,0.0288226749410951));
#6176=DIRECTION('',(0.0544337418466352,-0.0245405308936886,0.998215773313581));
#6177=DIRECTION('',(0.99536101061531,0.0807584994267431,-0.052292669822932));
#6178=DIRECTION('',(-0.0793311180776076,0.996431546627161,0.0288226749410951));
#6179=DIRECTION('',(-0.996845695739898,-0.0793640906508621,0.));
#6180=DIRECTION('',(0.,0.,1.));
#6181=DIRECTION('',(1.,0.,0.));
#6182=DIRECTION('',(-0.99536101061531,-0.0807584994267431,0.052292669822932));
#6183=DIRECTION('',(0.0544337418466352,-0.0245405308936886,0.998215773313581));
#6184=DIRECTION('',(-0.0793311180776076,0.996431546627161,0.0288226749410951));
#6185=DIRECTION('',(-0.0544337418466352,0.0245405308936886,-0.998215773313581));
#6186=DIRECTION('',(-0.0793311180776076,0.996431546627161,0.0288226749410951));
#6187=DIRECTION('',(-0.0544337418466352,0.0245405308936886,-0.998215773313581));
#6188=DIRECTION('',(-0.0793311180776076,0.996431546627161,0.0288226749410951));
#6189=DIRECTION('',(0.0544337418466352,-0.0245405308936886,0.998215773313581));
#6190=DIRECTION('',(0.99536101061531,0.0807584994267431,-0.052292669822932));
#6191=DIRECTION('',(-0.0544337418466352,0.0245405308936886,-0.998215773313581));
#6192=DIRECTION('',(0.99536101061531,0.0807584994267431,-0.052292669822932));
#6193=DIRECTION('',(-0.99536101061531,-0.0807584994267431,0.052292669822932));
#6194=DIRECTION('',(0.0544337418466352,-0.0245405308936886,0.998215773313581));
#6195=DIRECTION('',(-0.0793311180776076,0.996431546627161,0.0288226749410951));
#6196=DIRECTION('',(-0.0544337418466352,0.0245405308936886,-0.998215773313581));
#6197=DIRECTION('',(-0.0793311180776076,0.996431546627161,0.0288226749410951));
#6198=DIRECTION('',(-0.0793311180776076,0.996431546627161,0.0288226749410951));
#6199=DIRECTION('',(0.0544337418466352,-0.0245405308936886,0.998215773313581));
#6200=DIRECTION('',(0.99536101061531,0.0807584994267431,-0.052292669822932));
#6201=DIRECTION('',(0.99536101061531,0.0807584994267431,-0.052292669822932));
#6202=DIRECTION('',(0.0544337418466352,-0.0245405308936886,0.998215773313581));
#6203=DIRECTION('',(0.99536101061531,0.0807584994267431,-0.052292669822932));
#6204=DIRECTION('',(0.0544337418466352,-0.0245405308936886,0.998215773313581));
#6205=DIRECTION('',(0.998516490711928,0.,-0.0544501402783852));
#6206=DIRECTION('',(0.0544337418466352,-0.0245405308936886,0.998215773313581));
#6207=DIRECTION('',(0.99536101061531,0.0807584994267431,-0.052292669822932));
#6208=DIRECTION('',(-0.0544337418466352,0.0245405308936886,-0.998215773313581));
#6209=DIRECTION('',(-0.99536101061531,-0.0807584994267431,0.052292669822932));
#6210=DIRECTION('',(0.0544337418466352,-0.0245405308936886,0.998215773313581));
#6211=DIRECTION('',(0.99536101061531,0.0807584994267431,-0.052292669822932));
#6212=DIRECTION('',(0.0544337418466352,-0.0245405308936886,0.998215773313581));
#6213=DIRECTION('',(0.99536101061531,0.0807584994267431,-0.052292669822932));
#6214=DIRECTION('',(0.,0.,1.));
#6215=DIRECTION('',(1.,0.,0.));
#6216=DIRECTION('',(-0.99536101061531,-0.0807584994267433,0.052292669822932));
#6217=DIRECTION('',(0.08086914439934,-0.996724727035564,0.));
#6218=DIRECTION('',(-0.0793311180776078,0.996431546627161,0.0288226749410951));
#6219=DIRECTION('',(-0.0544337418466352,0.0245405308936886,-0.998215773313581));
#6220=DIRECTION('',(-0.0793311180776078,0.996431546627161,0.0288226749410951));
#6221=DIRECTION('',(-0.0544337418466352,0.0245405308936886,-0.998215773313581));
#6222=DIRECTION('',(-0.0793311180776124,0.996431546627161,0.0288226749410953));
#6223=DIRECTION('',(-0.996845695739898,-0.0793640906508669,0.));
#6224=DIRECTION('',(0.995361010615309,0.0807584994267479,-0.0522926698229318));
#6225=DIRECTION('',(-0.0544337418466352,0.0245405308936886,-0.998215773313581));
#6226=DIRECTION('',(0.995361010615309,0.0807584994267479,-0.0522926698229318));
#6227=DIRECTION('',(-0.99536101061531,-0.0807584994267433,0.052292669822932));
#6228=DIRECTION('',(0.08086914439934,-0.996724727035564,0.));
#6229=DIRECTION('',(-0.0793311180776078,0.996431546627161,0.0288226749410951));
#6230=DIRECTION('',(-0.0544337418466352,0.0245405308936886,-0.998215773313581));
#6231=DIRECTION('',(-0.0793311180776078,0.996431546627161,0.0288226749410951));
#6232=DIRECTION('',(-0.0793311180776124,0.996431546627161,0.0288226749410953));
#6233=DIRECTION('',(-0.996845695739898,-0.0793640906508669,0.));
#6234=DIRECTION('',(0.995361010615309,0.0807584994267479,-0.0522926698229318));
#6235=DIRECTION('',(0.995361010615309,0.0807584994267479,-0.0522926698229318));
#6236=DIRECTION('',(0.0544337418466352,-0.0245405308936886,0.998215773313581));
#6237=DIRECTION('',(0.99536101061531,0.0807584994267431,-0.052292669822932));
#6238=DIRECTION('',(0.0544337418466352,-0.0245405308936886,0.998215773313581));
#6239=DIRECTION('',(0.99536101061531,0.0807584994267431,-0.052292669822932));
#6240=DIRECTION('',(0.,0.,1.));
#6241=DIRECTION('',(1.,0.,0.));
#6242=DIRECTION('',(-0.99536101061531,-0.0807584994267415,0.052292669822932));
#6243=DIRECTION('',(0.0808691443993382,-0.996724727035564,0.));
#6244=DIRECTION('',(-0.079331118077606,0.996431546627161,0.028822674941095));
#6245=DIRECTION('',(-0.0544337418466352,0.0245405308936886,-0.998215773313581));
#6246=DIRECTION('',(-0.079331118077606,0.996431546627161,0.028822674941095));
#6247=DIRECTION('',(-0.0544337418466352,0.0245405308936886,-0.998215773313581));
#6248=DIRECTION('',(-0.0793311180775904,0.996431546627163,0.0288226749410942));
#6249=DIRECTION('',(-0.9968456957399,-0.0793640906508449,0.));
#6250=DIRECTION('',(0.995361010615311,0.0807584994267258,-0.0522926698229325));
#6251=DIRECTION('',(-0.0544337418466352,0.0245405308936886,-0.998215773313581));
#6252=DIRECTION('',(0.995361010615311,0.0807584994267258,-0.0522926698229325));
#6253=DIRECTION('',(-0.99536101061531,-0.0807584994267415,0.052292669822932));
#6254=DIRECTION('',(0.0808691443993382,-0.996724727035564,0.));
#6255=DIRECTION('',(-0.079331118077606,0.996431546627161,0.028822674941095));
#6256=DIRECTION('',(-0.0544337418466352,0.0245405308936886,-0.998215773313581));
#6257=DIRECTION('',(-0.079331118077606,0.996431546627161,0.028822674941095));
#6258=DIRECTION('',(-0.0793311180775904,0.996431546627163,0.0288226749410942));
#6259=DIRECTION('',(-0.9968456957399,-0.0793640906508449,0.));
#6260=DIRECTION('',(0.995361010615311,0.0807584994267258,-0.0522926698229325));
#6261=DIRECTION('',(-0.0544337418466352,0.0245405308936886,-0.998215773313581));
#6262=DIRECTION('',(0.995361010615311,0.0807584994267258,-0.0522926698229325));
#6263=DIRECTION('',(-0.99536101061531,-0.0807584994267433,0.052292669822932));
#6264=DIRECTION('',(0.08086914439934,-0.996724727035564,0.));
#6265=DIRECTION('',(-0.0793311180776078,0.996431546627161,0.0288226749410951));
#6266=DIRECTION('',(-0.0544337418466352,0.0245405308936886,-0.998215773313581));
#6267=DIRECTION('',(-0.0793311180776078,0.996431546627161,0.0288226749410951));
#6268=DIRECTION('',(-0.0793311180775904,0.996431546627163,0.0288226749410942));
#6269=DIRECTION('',(-0.9968456957399,-0.0793640906508449,0.));
#6270=DIRECTION('',(0.995361010615311,0.0807584994267258,-0.0522926698229325));
#6271=DIRECTION('',(0.995361010615311,0.0807584994267258,-0.0522926698229325));
#6272=DIRECTION('',(0.0544337418466352,-0.0245405308936886,0.998215773313581));
#6273=DIRECTION('',(0.99536101061531,0.0807584994267431,-0.052292669822932));
#6274=DIRECTION('',(0.0544337418466352,-0.0245405308936886,0.998215773313581));
#6275=DIRECTION('',(0.99536101061531,0.0807584994267431,-0.052292669822932));
#6276=DIRECTION('',(0.,0.,1.));
#6277=DIRECTION('',(1.,0.,0.));
#6278=DIRECTION('',(-0.729001585872049,0.682174258586982,0.0565240543250311));
#6279=DIRECTION('',(-0.682344235371423,-0.730777697569348,0.0192432115467026));
#6280=DIRECTION('',(0.682344235371423,0.730777697569348,-0.0192432115467026));
#6281=DIRECTION('',(-0.0544337418466352,0.0245405308936886,-0.998215773313581));
#6282=DIRECTION('',(0.682344235371423,0.730777697569348,-0.0192432115467026));
#6283=DIRECTION('',(-0.0544337418466352,0.0245405308936886,-0.998215773313581));
#6284=DIRECTION('',(-0.61171820119431,-0.79095340203393,0.0139125173333188));
#6285=DIRECTION('',(0.78920074130488,-0.611384067632129,-0.0580664427136734));
#6286=DIRECTION('',(-0.78920074130488,0.611384067632129,0.0580664427136734));
#6287=DIRECTION('',(-0.0544337418466352,0.0245405308936886,-0.998215773313581));
#6288=DIRECTION('',(-0.78920074130488,0.611384067632129,0.0580664427136734));
#6289=DIRECTION('',(-0.972506010450048,0.225391388959469,0.0585728727437199));
#6290=DIRECTION('',(-0.226426649021497,-0.973959179907648,-0.011596917112673));
#6291=DIRECTION('',(0.226426649021497,0.973959179907648,0.011596917112673));
#6292=DIRECTION('',(-0.0544337418466352,0.0245405308936886,-0.998215773313581));
#6293=DIRECTION('',(0.226426649021497,0.973959179907648,0.011596917112673));
#6294=DIRECTION('',(-0.135163131539152,-0.990677773187175,-0.0169846279155914));
#6295=DIRECTION('',(0.989326991252692,-0.133997433021522,-0.0572432731640944));
#6296=DIRECTION('',(-0.989326991252692,0.133997433021522,0.0572432731640944));
#6297=DIRECTION('',(-0.0544337418466352,0.0245405308936886,-0.998215773313581));
#6298=DIRECTION('',(-0.989326991252692,0.133997433021522,0.0572432731640944));
#6299=DIRECTION('',(-0.955428234893545,-0.291784921320665,0.0449271372123581));
#6300=DIRECTION('',(0.290161775078625,-0.956169086528815,-0.0393296611970173));
#6301=DIRECTION('',(-0.290161775078625,0.956169086528815,0.0393296611970173));
#6302=DIRECTION('',(-0.0544337418466352,0.0245405308936886,-0.998215773313581));
#6303=DIRECTION('',(-0.290161775078625,0.956169086528815,0.0393296611970173));
#6304=DIRECTION('',(0.377608790058382,-0.924950835055452,-0.0433307558307756));
#6305=DIRECTION('',(0.924363872844033,0.379293705555045,-0.0410818147980821));
#6306=DIRECTION('',(-0.924363872844033,-0.379293705555045,0.0410818147980821));
#6307=DIRECTION('',(-0.0544337418466352,0.0245405308936886,-0.998215773313581));
#6308=DIRECTION('',(-0.924363872844033,-0.379293705555045,0.0410818147980821));
#6309=DIRECTION('',(-0.682344235371423,-0.730777697569347,0.0192432115467026));
#6310=DIRECTION('',(0.729001585872048,-0.682174258586983,-0.0565240543250311));
#6311=DIRECTION('',(-0.729001585872048,0.682174258586983,0.0565240543250311));
#6312=DIRECTION('',(-0.0544337418466352,0.0245405308936886,-0.998215773313581));
#6313=DIRECTION('',(-0.729001585872048,0.682174258586983,0.0565240543250311));
#6314=DIRECTION('',(0.78920074130488,-0.611384067632129,-0.0580664427136734));
#6315=DIRECTION('',(0.61171820119431,0.79095340203393,-0.0139125173333188));
#6316=DIRECTION('',(-0.61171820119431,-0.79095340203393,0.0139125173333188));
#6317=DIRECTION('',(-0.0544337418466352,0.0245405308936886,-0.998215773313581));
#6318=DIRECTION('',(-0.61171820119431,-0.79095340203393,0.0139125173333188));
#6319=DIRECTION('',(-0.226426649021497,-0.973959179907648,-0.011596917112673));
#6320=DIRECTION('',(0.972506010450048,-0.225391388959469,-0.0585728727437199));
#6321=DIRECTION('',(-0.972506010450048,0.225391388959469,0.0585728727437199));
#6322=DIRECTION('',(-0.0544337418466352,0.0245405308936886,-0.998215773313581));
#6323=DIRECTION('',(-0.972506010450048,0.225391388959469,0.0585728727437199));
#6324=DIRECTION('',(0.989326991252692,-0.133997433021522,-0.0572432731640944));
#6325=DIRECTION('',(0.135163131539153,0.990677773187175,0.0169846279155913));
#6326=DIRECTION('',(-0.135163131539153,-0.990677773187175,-0.0169846279155913));
#6327=DIRECTION('',(-0.0544337418466352,0.0245405308936886,-0.998215773313581));
#6328=DIRECTION('',(-0.135163131539153,-0.990677773187175,-0.0169846279155913));
#6329=DIRECTION('',(0.290161775078626,-0.956169086528815,-0.0393296611970173));
#6330=DIRECTION('',(0.955428234893545,0.291784921320665,-0.0449271372123581));
#6331=DIRECTION('',(-0.955428234893545,-0.291784921320665,0.0449271372123581));
#6332=DIRECTION('',(-0.0544337418466352,0.0245405308936886,-0.998215773313581));
#6333=DIRECTION('',(-0.955428234893545,-0.291784921320665,0.0449271372123581));
#6334=DIRECTION('',(0.924363872844032,0.379293705555046,-0.041081814798082));
#6335=DIRECTION('',(-0.377608790058383,0.924950835055452,0.0433307558307757));
#6336=DIRECTION('',(0.377608790058383,-0.924950835055452,-0.0433307558307757));
#6337=DIRECTION('',(-0.0544337418466352,0.0245405308936886,-0.998215773313581));
#6338=DIRECTION('',(0.377608790058383,-0.924950835055452,-0.0433307558307757));
#6339=DIRECTION('',(0.729001585872048,-0.682174258586983,-0.0565240543250311));
#6340=DIRECTION('',(0.682344235371423,0.730777697569347,-0.0192432115467026));
#6341=DIRECTION('',(-0.682344235371423,-0.730777697569347,0.0192432115467026));
#6342=DIRECTION('',(-0.0544337418466352,0.0245405308936886,-0.998215773313581));
#6343=DIRECTION('',(-0.682344235371423,-0.730777697569347,0.0192432115467026));
#6344=DIRECTION('',(0.61171820119431,0.79095340203393,-0.0139125173333188));
#6345=DIRECTION('',(-0.78920074130488,0.61138406763213,0.0580664427136734));
#6346=DIRECTION('',(0.78920074130488,-0.61138406763213,-0.0580664427136734));
#6347=DIRECTION('',(-0.0544337418466352,0.0245405308936886,-0.998215773313581));
#6348=DIRECTION('',(0.78920074130488,-0.61138406763213,-0.0580664427136734));
#6349=DIRECTION('',(0.972506010450049,-0.225391388959468,-0.0585728727437199));
#6350=DIRECTION('',(0.226426649021497,0.973959179907648,0.011596917112673));
#6351=DIRECTION('',(-0.226426649021497,-0.973959179907648,-0.011596917112673));
#6352=DIRECTION('',(-0.0544337418466352,0.0245405308936886,-0.998215773313581));
#6353=DIRECTION('',(-0.226426649021497,-0.973959179907648,-0.011596917112673));
#6354=DIRECTION('',(0.135163131539152,0.990677773187175,0.0169846279155914));
#6355=DIRECTION('',(-0.989326991252692,0.133997433021522,0.0572432731640944));
#6356=DIRECTION('',(0.989326991252692,-0.133997433021522,-0.0572432731640944));
#6357=DIRECTION('',(-0.0544337418466352,0.0245405308936886,-0.998215773313581));
#6358=DIRECTION('',(0.989326991252692,-0.133997433021522,-0.0572432731640944));
#6359=DIRECTION('',(0.955428234893545,0.291784921320664,-0.0449271372123581));
#6360=DIRECTION('',(-0.290161775078625,0.956169086528816,0.0393296611970172));
#6361=DIRECTION('',(0.290161775078625,-0.956169086528816,-0.0393296611970172));
#6362=DIRECTION('',(-0.0544337418466352,0.0245405308936886,-0.998215773313581));
#6363=DIRECTION('',(0.290161775078625,-0.956169086528816,-0.0393296611970172));
#6364=DIRECTION('',(-0.377608790058381,0.924950835055453,0.0433307558307756));
#6365=DIRECTION('',(-0.924363872844033,-0.379293705555044,0.0410818147980821));
#6366=DIRECTION('',(0.924363872844033,0.379293705555044,-0.0410818147980821));
#6367=DIRECTION('',(-0.0544337418466352,0.0245405308936886,-0.998215773313581));
#6368=DIRECTION('',(0.924363872844033,0.379293705555044,-0.0410818147980821));
#6369=DIRECTION('',(0.682344235371424,0.730777697569347,-0.0192432115467026));
#6370=DIRECTION('',(-0.729001585872048,0.682174258586983,0.0565240543250311));
#6371=DIRECTION('',(0.729001585872048,-0.682174258586983,-0.0565240543250311));
#6372=DIRECTION('',(-0.0544337418466352,0.0245405308936886,-0.998215773313581));
#6373=DIRECTION('',(0.729001585872048,-0.682174258586983,-0.0565240543250311));
#6374=DIRECTION('',(-0.78920074130488,0.611384067632129,0.0580664427136734));
#6375=DIRECTION('',(-0.61171820119431,-0.79095340203393,0.0139125173333188));
#6376=DIRECTION('',(0.61171820119431,0.79095340203393,-0.0139125173333188));
#6377=DIRECTION('',(-0.0544337418466352,0.0245405308936886,-0.998215773313581));
#6378=DIRECTION('',(0.61171820119431,0.79095340203393,-0.0139125173333188));
#6379=DIRECTION('',(0.226426649021496,0.973959179907648,0.0115969171126731));
#6380=DIRECTION('',(-0.972506010450049,0.225391388959467,0.0585728727437199));
#6381=DIRECTION('',(0.972506010450049,-0.225391388959467,-0.0585728727437199));
#6382=DIRECTION('',(-0.0544337418466352,0.0245405308936886,-0.998215773313581));
#6383=DIRECTION('',(0.972506010450049,-0.225391388959467,-0.0585728727437199));
#6384=DIRECTION('',(-0.989326991252692,0.133997433021521,0.0572432731640944));
#6385=DIRECTION('',(-0.135163131539152,-0.990677773187175,-0.0169846279155914));
#6386=DIRECTION('',(0.135163131539152,0.990677773187175,0.0169846279155914));
#6387=DIRECTION('',(-0.0544337418466352,0.0245405308936886,-0.998215773313581));
#6388=DIRECTION('',(0.135163131539152,0.990677773187175,0.0169846279155914));
#6389=DIRECTION('',(-0.290161775078624,0.956169086528816,0.0393296611970172));
#6390=DIRECTION('',(-0.955428234893546,-0.291784921320664,0.0449271372123581));
#6391=DIRECTION('',(0.955428234893546,0.291784921320664,-0.0449271372123581));
#6392=DIRECTION('',(-0.0544337418466352,0.0245405308936886,-0.998215773313581));
#6393=DIRECTION('',(0.955428234893546,0.291784921320664,-0.0449271372123581));
#6394=DIRECTION('',(-0.924363872844033,-0.379293705555044,0.0410818147980821));
#6395=DIRECTION('',(0.377608790058381,-0.924950835055453,-0.0433307558307756));
#6396=DIRECTION('',(-0.377608790058381,0.924950835055453,0.0433307558307756));
#6397=DIRECTION('',(-0.377608790058381,0.924950835055453,0.0433307558307756));
#6398=DIRECTION('',(0.0544337418466352,-0.0245405308936886,0.998215773313581));
#6399=DIRECTION('',(0.99536101061531,0.0807584994267431,-0.052292669822932));
#6400=DIRECTION('',(0.0544337418466352,-0.0245405308936886,0.998215773313581));
#6401=DIRECTION('',(0.998516490711928,0.,-0.0544501402783852));
#6402=DIRECTION('',(0.0544337418466352,-0.0245405308936886,0.998215773313581));
#6403=DIRECTION('',(0.99536101061531,0.0807584994267431,-0.052292669822932));
#6404=DIRECTION('',(0.0544337418466352,-0.0245405308936886,0.998215773313581));
#6405=DIRECTION('',(0.998516490711928,0.,-0.0544501402783852));
#6406=DIRECTION('',(-0.0544337418466352,0.0245405308936886,-0.998215773313581));
#6407=DIRECTION('',(-0.99536101061531,-0.0807584994267431,0.052292669822932));
#6408=DIRECTION('',(0.,0.,1.));
#6409=DIRECTION('',(1.,0.,0.));
#6410=DIRECTION('',(-0.0793311180775904,0.996431546627163,0.0288226749410942));
#6411=DIRECTION('',(-0.9968456957399,-0.0793640906508449,0.));
#6412=DIRECTION('',(0.995361010615311,0.0807584994267258,-0.0522926698229325));
#6413=DIRECTION('',(-0.0544337418466352,0.0245405308936886,-0.998215773313581));
#6414=DIRECTION('',(0.995361010615311,0.0807584994267258,-0.0522926698229325));
#6415=DIRECTION('',(-0.0544337418466352,0.0245405308936886,-0.998215773313581));
#6416=DIRECTION('',(-0.99536101061531,-0.0807584994267451,0.0522926698229319));
#6417=DIRECTION('',(0.0808691443993417,-0.996724727035563,0.));
#6418=DIRECTION('',(-0.0793311180776096,0.996431546627161,0.0288226749410952));
#6419=DIRECTION('',(-0.0544337418466352,0.0245405308936886,-0.998215773313581));
#6420=DIRECTION('',(-0.0793311180776096,0.996431546627161,0.0288226749410952));
#6421=DIRECTION('',(-0.0793311180775904,0.996431546627163,0.0288226749410942));
#6422=DIRECTION('',(-0.9968456957399,-0.0793640906508449,0.));
#6423=DIRECTION('',(0.995361010615311,0.0807584994267258,-0.0522926698229325));
#6424=DIRECTION('',(-0.0544337418466352,0.0245405308936886,-0.998215773313581));
#6425=DIRECTION('',(0.995361010615311,0.0807584994267258,-0.0522926698229325));
#6426=DIRECTION('',(-0.99536101061531,-0.0807584994267433,0.052292669822932));
#6427=DIRECTION('',(0.08086914439934,-0.996724727035564,0.));
#6428=DIRECTION('',(-0.0793311180776078,0.996431546627161,0.0288226749410951));
#6429=DIRECTION('',(-0.0544337418466352,0.0245405308936886,-0.998215773313581));
#6430=DIRECTION('',(-0.0793311180776078,0.996431546627161,0.0288226749410951));
#6431=DIRECTION('',(-0.0793311180775904,0.996431546627163,0.0288226749410942));
#6432=DIRECTION('',(-0.9968456957399,-0.0793640906508449,0.));
#6433=DIRECTION('',(0.995361010615311,0.0807584994267258,-0.0522926698229325));
#6434=DIRECTION('',(-0.0544337418466352,0.0245405308936886,-0.998215773313581));
#6435=DIRECTION('',(0.995361010615311,0.0807584994267258,-0.0522926698229325));
#6436=DIRECTION('',(-0.99536101061531,-0.0807584994267451,0.0522926698229319));
#6437=DIRECTION('',(0.0808691443993417,-0.996724727035563,0.));
#6438=DIRECTION('',(-0.0793311180776096,0.996431546627161,0.0288226749410952));
#6439=DIRECTION('',(-0.0793311180776096,0.996431546627161,0.0288226749410952));
#6440=DIRECTION('',(0.0544337418466352,-0.0245405308936886,0.998215773313581));
#6441=DIRECTION('',(0.99536101061531,0.0807584994267431,-0.052292669822932));
#6442=DIRECTION('',(0.0544337418466352,-0.0245405308936886,0.998215773313581));
#6443=DIRECTION('',(0.99536101061531,0.0807584994267431,-0.052292669822932));
#6444=DIRECTION('',(0.,0.,1.));
#6445=DIRECTION('',(1.,0.,0.));
#6446=DIRECTION('',(-0.99536101061531,-0.0807584994267451,0.0522926698229319));
#6447=DIRECTION('',(0.0808691443993417,-0.996724727035563,0.));
#6448=DIRECTION('',(-0.0793311180776096,0.996431546627161,0.0288226749410952));
#6449=DIRECTION('',(-0.0544337418466352,0.0245405308936886,-0.998215773313581));
#6450=DIRECTION('',(-0.0793311180776096,0.996431546627161,0.0288226749410952));
#6451=DIRECTION('',(-0.0544337418466352,0.0245405308936886,-0.998215773313581));
#6452=DIRECTION('',(-0.0793311180775904,0.996431546627163,0.0288226749410942));
#6453=DIRECTION('',(-0.9968456957399,-0.0793640906508449,0.));
#6454=DIRECTION('',(0.995361010615311,0.0807584994267258,-0.0522926698229325));
#6455=DIRECTION('',(-0.0544337418466352,0.0245405308936886,-0.998215773313581));
#6456=DIRECTION('',(0.995361010615311,0.0807584994267258,-0.0522926698229325));
#6457=DIRECTION('',(-0.99536101061531,-0.0807584994267415,0.052292669822932));
#6458=DIRECTION('',(0.0808691443993382,-0.996724727035564,0.));
#6459=DIRECTION('',(-0.079331118077606,0.996431546627161,0.028822674941095));
#6460=DIRECTION('',(-0.0544337418466352,0.0245405308936886,-0.998215773313581));
#6461=DIRECTION('',(-0.079331118077606,0.996431546627161,0.028822674941095));
#6462=DIRECTION('',(-0.0793311180775904,0.996431546627163,0.0288226749410942));
#6463=DIRECTION('',(-0.9968456957399,-0.0793640906508449,0.));
#6464=DIRECTION('',(0.995361010615311,0.0807584994267258,-0.0522926698229325));
#6465=DIRECTION('',(0.995361010615311,0.0807584994267258,-0.0522926698229325));
#6466=DIRECTION('',(0.0544337418466352,-0.0245405308936886,0.998215773313581));
#6467=DIRECTION('',(0.99536101061531,0.0807584994267431,-0.052292669822932));
#6468=DIRECTION('',(0.0544337418466352,-0.0245405308936886,0.998215773313581));
#6469=DIRECTION('',(0.99536101061531,0.0807584994267431,-0.052292669822932));
#6470=DIRECTION('',(0.,0.,1.));
#6471=DIRECTION('',(1.,0.,0.));
#6472=DIRECTION('',(-0.0544337418466352,0.0245405308936886,-0.998215773313581));
#6473=DIRECTION('',(-0.998516490711928,0.,0.0544501402783852));
#6474=DIRECTION('',(-0.0544337418466352,0.0245405308936886,-0.998215773313581));
#6475=DIRECTION('',(-0.998516490711928,0.,0.0544501402783852));
#6476=DIRECTION('',(-0.0544337418466352,0.0245405308936886,-0.998215773313581));
#6477=DIRECTION('',(-0.998516490711928,0.,0.0544501402783852));
#6478=DIRECTION('',(-0.0544337418466352,0.0245405308936886,-0.998215773313581));
#6479=DIRECTION('',(-0.998516490711928,0.,0.0544501402783852));
#6480=DIRECTION('',(0.0544337418466352,-0.0245405308936886,0.998215773313581));
#6481=DIRECTION('',(0.998516490711928,0.,-0.0544501402783852));
#6482=DIRECTION('',(-0.0544337418466352,0.0245405308936886,-0.998215773313581));
#6483=DIRECTION('',(-0.998516490711928,0.,0.0544501402783852));
#6484=DIRECTION('',(-0.0544337418466352,0.0245405308936886,-0.998215773313581));
#6485=DIRECTION('',(-0.998516490711928,0.,0.0544501402783852));
#6486=DIRECTION('',(-0.0544337418466352,0.0245405308936886,-0.998215773313581));
#6487=DIRECTION('',(-0.998516490711928,0.,0.0544501402783852));
#6488=DIRECTION('',(0.0544337418466352,-0.0245405308936886,0.998215773313581));
#6489=DIRECTION('',(0.998516490711928,0.,-0.0544501402783852));
#6490=DIRECTION('',(0.,0.,1.));
#6491=DIRECTION('',(1.,0.,0.));
#6492=DIRECTION('',(-0.729001585872038,0.682174258586993,0.0565240543250308));
#6493=DIRECTION('',(-0.683266639585354,-0.730168952523824,0.));
#6494=DIRECTION('',(0.682344235371434,0.730777697569337,-0.0192432115467034));
#6495=DIRECTION('',(-0.0544337418466352,0.0245405308936886,-0.998215773313581));
#6496=DIRECTION('',(0.682344235371434,0.730777697569337,-0.0192432115467034));
#6497=DIRECTION('',(-0.0544337418466352,0.0245405308936886,-0.998215773313581));
#6498=DIRECTION('',(-0.611718201194309,-0.790953402033931,0.0139125173333187));
#6499=DIRECTION('',(0.79102996088214,-0.611777411308068,0.));
#6500=DIRECTION('',(-0.78920074130488,0.611384067632129,0.0580664427136734));
#6501=DIRECTION('',(-0.0544337418466352,0.0245405308936886,-0.998215773313581));
#6502=DIRECTION('',(-0.78920074130488,0.611384067632129,0.0580664427136734));
#6503=DIRECTION('',(-0.97250601045005,0.225391388959462,0.0585728727437198));
#6504=DIRECTION('',(-0.225779020950483,-0.974178543029275,0.));
#6505=DIRECTION('',(0.226426649021491,0.973959179907649,0.0115969171126734));
#6506=DIRECTION('',(-0.0544337418466352,0.0245405308936886,-0.998215773313581));
#6507=DIRECTION('',(0.226426649021491,0.973959179907649,0.0115969171126734));
#6508=DIRECTION('',(-0.135163131539183,-0.99067777318717,-0.0169846279155896));
#6509=DIRECTION('',(0.990820698276902,-0.135182631525179,0.));
#6510=DIRECTION('',(-0.989326991252688,0.133997433021552,0.0572432731640949));
#6511=DIRECTION('',(-0.0544337418466352,0.0245405308936886,-0.998215773313581));
#6512=DIRECTION('',(-0.989326991252688,0.133997433021552,0.0572432731640949));
#6513=DIRECTION('',(-0.955428234893543,-0.291784921320673,0.0449271372123577));
#6514=DIRECTION('',(0.29207984415613,-0.956393937997168,0.));
#6515=DIRECTION('',(-0.290161775078633,0.956169086528813,0.0393296611970176));
#6516=DIRECTION('',(-0.0544337418466352,0.0245405308936886,-0.998215773313581));
#6517=DIRECTION('',(-0.290161775078633,0.956169086528813,0.0393296611970176));
#6518=DIRECTION('',(0.377608790058367,-0.924950835055459,-0.0433307558307749));
#6519=DIRECTION('',(0.925820382469625,0.377963780544906,0.));
#6520=DIRECTION('',(-0.924363872844039,-0.37929370555503,0.0410818147980828));
#6521=DIRECTION('',(-0.0544337418466352,0.0245405308936886,-0.998215773313581));
#6522=DIRECTION('',(-0.924363872844039,-0.37929370555503,0.0410818147980828));
#6523=DIRECTION('',(-0.682344235371424,-0.730777697569347,0.0192432115467026));
#6524=DIRECTION('',(0.730913039084099,-0.682470606910545,0.));
#6525=DIRECTION('',(-0.729001585872048,0.682174258586983,0.056524054325031));
#6526=DIRECTION('',(-0.0544337418466352,0.0245405308936886,-0.998215773313581));
#6527=DIRECTION('',(-0.729001585872048,0.682174258586983,0.056524054325031));
#6528=DIRECTION('',(0.78920074130488,-0.611384067632129,-0.0580664427136734));
#6529=DIRECTION('',(0.612417386836699,0.790534593993273,0.));
#6530=DIRECTION('',(-0.61171820119431,-0.790953402033931,0.0139125173333187));
#6531=DIRECTION('',(-0.0544337418466352,0.0245405308936886,-0.998215773313581));
#6532=DIRECTION('',(-0.61171820119431,-0.790953402033931,0.0139125173333187));
#6533=DIRECTION('',(-0.226426649021496,-0.973959179907648,-0.0115969171126731));
#6534=DIRECTION('',(0.974024679662462,-0.226441876446114,0.));
#6535=DIRECTION('',(-0.972506010450049,0.225391388959467,0.0585728727437198));
#6536=DIRECTION('',(-0.0544337418466352,0.0245405308936886,-0.998215773313581));
#6537=DIRECTION('',(-0.972506010450049,0.225391388959467,0.0585728727437198));
#6538=DIRECTION('',(0.989326991252692,-0.133997433021517,-0.0572432731640943));
#6539=DIRECTION('',(0.134217514921346,0.990951895244334,0.));
#6540=DIRECTION('',(-0.135163131539148,-0.990677773187175,-0.0169846279155916));
#6541=DIRECTION('',(-0.0544337418466352,0.0245405308936886,-0.998215773313581));
#6542=DIRECTION('',(-0.135163131539148,-0.990677773187175,-0.0169846279155916));
#6543=DIRECTION('',(0.290161775078699,-0.956169086528793,-0.0393296611970207));
#6544=DIRECTION('',(0.956909457364998,0.290386450106449,0.));
#6545=DIRECTION('',(-0.955428234893523,-0.291784921320738,0.044927137212355));
#6546=DIRECTION('',(-0.0544337418466352,0.0245405308936886,-0.998215773313581));
#6547=DIRECTION('',(-0.955428234893523,-0.291784921320738,0.044927137212355));
#6548=DIRECTION('',(0.924363872844032,0.379293705555046,-0.041081814798082));
#6549=DIRECTION('',(-0.37961418120024,0.925144893209529,0.));
#6550=DIRECTION('',(0.377608790058384,-0.924950835055452,-0.0433307558307757));
#6551=DIRECTION('',(-0.0544337418466352,0.0245405308936886,-0.998215773313581));
#6552=DIRECTION('',(0.377608790058384,-0.924950835055452,-0.0433307558307757));
#6553=DIRECTION('',(0.729001585872047,-0.682174258586984,-0.056524054325031));
#6554=DIRECTION('',(0.683266639585344,0.730168952523833,0.));
#6555=DIRECTION('',(-0.682344235371424,-0.730777697569346,0.0192432115467027));
#6556=DIRECTION('',(-0.0544337418466352,0.0245405308936886,-0.998215773313581));
#6557=DIRECTION('',(-0.682344235371424,-0.730777697569346,0.0192432115467027));
#6558=DIRECTION('',(0.611718201194322,0.790953402033921,-0.0139125173333197));
#6559=DIRECTION('',(-0.79102996088213,0.611777411308081,0.));
#6560=DIRECTION('',(0.78920074130487,-0.611384067632142,-0.0580664427136732));
#6561=DIRECTION('',(-0.0544337418466352,0.0245405308936886,-0.998215773313581));
#6562=DIRECTION('',(0.78920074130487,-0.611384067632142,-0.0580664427136732));
#6563=DIRECTION('',(0.972506010450048,-0.22539138895947,-0.0585728727437199));
#6564=DIRECTION('',(0.225779020950492,0.974178543029273,0.));
#6565=DIRECTION('',(-0.226426649021499,-0.973959179907647,-0.0115969171126729));
#6566=DIRECTION('',(-0.0544337418466352,0.0245405308936886,-0.998215773313581));
#6567=DIRECTION('',(-0.226426649021499,-0.973959179907647,-0.0115969171126729));
#6568=DIRECTION('',(0.135163131539181,0.99067777318717,0.0169846279155897));
#6569=DIRECTION('',(-0.990820698276902,0.135182631525177,0.));
#6570=DIRECTION('',(0.989326991252688,-0.133997433021551,-0.0572432731640949));
#6571=DIRECTION('',(-0.0544337418466352,0.0245405308936886,-0.998215773313581));
#6572=DIRECTION('',(0.989326991252688,-0.133997433021551,-0.0572432731640949));
#6573=DIRECTION('',(0.955428234893545,0.291784921320664,-0.0449271372123581));
#6574=DIRECTION('',(-0.292079844156121,0.956393937997171,0.));
#6575=DIRECTION('',(0.290161775078625,-0.956169086528816,-0.0393296611970172));
#6576=DIRECTION('',(-0.0544337418466352,0.0245405308936886,-0.998215773313581));
#6577=DIRECTION('',(0.290161775078625,-0.956169086528816,-0.0393296611970172));
#6578=DIRECTION('',(-0.37760879005837,0.924950835055457,0.0433307558307751));
#6579=DIRECTION('',(-0.925820382469624,-0.377963780544909,0.));
#6580=DIRECTION('',(0.924363872844038,0.379293705555033,-0.0410818147980826));
#6581=DIRECTION('',(-0.0544337418466352,0.0245405308936886,-0.998215773313581));
#6582=DIRECTION('',(0.924363872844038,0.379293705555033,-0.0410818147980826));
#6583=DIRECTION('',(0.682344235371424,0.730777697569347,-0.0192432115467026));
#6584=DIRECTION('',(-0.730913039084099,0.682470606910545,0.));
#6585=DIRECTION('',(0.729001585872048,-0.682174258586983,-0.056524054325031));
#6586=DIRECTION('',(-0.0544337418466352,0.0245405308936886,-0.998215773313581));
#6587=DIRECTION('',(0.729001585872048,-0.682174258586983,-0.056524054325031));
#6588=DIRECTION('',(-0.78920074130488,0.611384067632129,0.0580664427136734));
#6589=DIRECTION('',(-0.612417386836699,-0.790534593993273,0.));
#6590=DIRECTION('',(0.61171820119431,0.790953402033931,-0.0139125173333187));
#6591=DIRECTION('',(-0.0544337418466352,0.0245405308936886,-0.998215773313581));
#6592=DIRECTION('',(0.61171820119431,0.790953402033931,-0.0139125173333187));
#6593=DIRECTION('',(0.226426649021492,0.973959179907649,0.0115969171126733));
#6594=DIRECTION('',(-0.974024679662463,0.226441876446111,0.));
#6595=DIRECTION('',(0.97250601045005,-0.225391388959463,-0.0585728727437198));
#6596=DIRECTION('',(-0.0544337418466352,0.0245405308936886,-0.998215773313581));
#6597=DIRECTION('',(0.97250601045005,-0.225391388959463,-0.0585728727437198));
#6598=DIRECTION('',(-0.98932699125269,0.133997433021535,0.0572432731640946));
#6599=DIRECTION('',(-0.134217514921363,-0.990951895244332,0.));
#6600=DIRECTION('',(0.135163131539166,0.990677773187173,0.0169846279155906));
#6601=DIRECTION('',(-0.0544337418466352,0.0245405308936886,-0.998215773313581));
#6602=DIRECTION('',(0.135163131539166,0.990677773187173,0.0169846279155906));
#6603=DIRECTION('',(-0.290161775078694,0.956169086528794,0.0393296611970205));
#6604=DIRECTION('',(-0.956909457364999,-0.290386450106444,0.));
#6605=DIRECTION('',(0.955428234893524,0.291784921320733,-0.0449271372123552));
#6606=DIRECTION('',(-0.0544337418466352,0.0245405308936886,-0.998215773313581));
#6607=DIRECTION('',(0.955428234893524,0.291784921320733,-0.0449271372123552));
#6608=DIRECTION('',(-0.924363872844038,-0.379293705555032,0.0410818147980827));
#6609=DIRECTION('',(0.379614181200225,-0.925144893209535,0.));
#6610=DIRECTION('',(-0.377608790058368,0.924950835055458,0.043330755830775));
#6611=DIRECTION('',(-0.377608790058368,0.924950835055458,0.043330755830775));
#6612=DIRECTION('',(0.0544337418466352,-0.0245405308936886,0.998215773313581));
#6613=DIRECTION('',(0.99536101061531,0.0807584994267431,-0.052292669822932));
#6614=DIRECTION('',(0.0544337418466352,-0.0245405308936886,0.998215773313581));
#6615=DIRECTION('',(0.99536101061531,0.0807584994267431,-0.052292669822932));
#6616=DIRECTION('',(0.,0.,1.));
#6617=DIRECTION('',(1.,0.,0.));
#6618=DIRECTION('',(-0.99536101061531,-0.0807584994267431,0.052292669822932));
#6619=DIRECTION('',(0.0544337418466352,-0.0245405308936886,0.998215773313581));
#6620=DIRECTION('',(-0.0793311180776076,0.996431546627161,0.0288226749410951));
#6621=DIRECTION('',(-0.0544337418466352,0.0245405308936886,-0.998215773313581));
#6622=DIRECTION('',(-0.0793311180776076,0.996431546627161,0.0288226749410951));
#6623=DIRECTION('',(-0.0544337418466352,0.0245405308936886,-0.998215773313581));
#6624=DIRECTION('',(-0.0793311180776076,0.996431546627161,0.0288226749410951));
#6625=DIRECTION('',(0.0544337418466352,-0.0245405308936886,0.998215773313581));
#6626=DIRECTION('',(0.99536101061531,0.0807584994267431,-0.052292669822932));
#6627=DIRECTION('',(-0.0544337418466352,0.0245405308936886,-0.998215773313581));
#6628=DIRECTION('',(0.99536101061531,0.0807584994267431,-0.052292669822932));
#6629=DIRECTION('',(-0.0544337418466352,0.0245405308936886,-0.998215773313581));
#6630=DIRECTION('',(0.99536101061531,0.0807584994267431,-0.052292669822932));
#6631=DIRECTION('',(-0.99536101061531,-0.0807584994267431,0.052292669822932));
#6632=DIRECTION('',(0.0544337418466352,-0.0245405308936886,0.998215773313581));
#6633=DIRECTION('',(-0.0793311180776076,0.996431546627161,0.0288226749410951));
#6634=DIRECTION('',(-0.0544337418466352,0.0245405308936886,-0.998215773313581));
#6635=DIRECTION('',(-0.0793311180776076,0.996431546627161,0.0288226749410951));
#6636=DIRECTION('',(-0.0793311180776076,0.996431546627161,0.0288226749410951));
#6637=DIRECTION('',(0.0544337418466352,-0.0245405308936886,0.998215773313581));
#6638=DIRECTION('',(0.99536101061531,0.0807584994267431,-0.052292669822932));
#6639=DIRECTION('',(0.99536101061531,0.0807584994267431,-0.052292669822932));
#6640=DIRECTION('',(-0.0544337418466352,0.0245405308936886,-0.998215773313581));
#6641=DIRECTION('',(0.99536101061531,0.0807584994267431,-0.052292669822932));
#6642=DIRECTION('',(0.0544337418466352,-0.0245405308936886,0.998215773313581));
#6643=DIRECTION('',(0.99536101061531,0.0807584994267431,-0.052292669822932));
#6644=DIRECTION('',(0.0544337418466352,-0.0245405308936886,0.998215773313581));
#6645=DIRECTION('',(0.998516490711928,0.,-0.0544501402783852));
#6646=DIRECTION('',(-0.0793311180776076,0.996431546627161,0.0288226749410951));
#6647=DIRECTION('',(0.0544337418466352,-0.0245405308936886,0.998215773313581));
#6648=DIRECTION('',(0.99536101061531,0.0807584994267431,-0.052292669822932));
#6649=DIRECTION('',(0.0544337418466352,-0.0245405308936886,0.998215773313581));
#6650=DIRECTION('',(0.998516490711928,0.,-0.0544501402783852));
#6651=DIRECTION('',(-0.99536101061531,-0.0807584994267431,0.052292669822932));
#6652=DIRECTION('',(0.0544337418466352,-0.0245405308936886,0.998215773313581));
#6653=DIRECTION('',(-0.0793311180776076,0.996431546627161,0.0288226749410951));
#6654=DIRECTION('',(0.0544337418466352,-0.0245405308936886,0.998215773313581));
#6655=DIRECTION('',(0.99536101061531,0.0807584994267431,-0.052292669822932));
#6656=DIRECTION('',(-0.0544337418466352,0.0245405308936886,-0.998215773313581));
#6657=DIRECTION('',(-0.99536101061531,-0.0807584994267431,0.052292669822932));
#6658=DIRECTION('',(0.,0.,1.));
#6659=DIRECTION('',(1.,0.,0.));
#6660=DIRECTION('',(-0.99536101061531,-0.0807584994267433,0.052292669822932));
#6661=DIRECTION('',(0.08086914439934,-0.996724727035564,0.));
#6662=DIRECTION('',(-0.0793311180776078,0.996431546627161,0.0288226749410951));
#6663=DIRECTION('',(-0.0544337418466352,0.0245405308936886,-0.998215773313581));
#6664=DIRECTION('',(-0.0793311180776078,0.996431546627161,0.0288226749410951));
#6665=DIRECTION('',(-0.0544337418466352,0.0245405308936886,-0.998215773313581));
#6666=DIRECTION('',(-0.0793311180775904,0.996431546627163,0.0288226749410942));
#6667=DIRECTION('',(-0.9968456957399,-0.0793640906508449,0.));
#6668=DIRECTION('',(0.995361010615311,0.0807584994267258,-0.0522926698229325));
#6669=DIRECTION('',(-0.0544337418466352,0.0245405308936886,-0.998215773313581));
#6670=DIRECTION('',(0.995361010615311,0.0807584994267258,-0.0522926698229325));
#6671=DIRECTION('',(-0.99536101061531,-0.0807584994267433,0.052292669822932));
#6672=DIRECTION('',(0.08086914439934,-0.996724727035564,0.));
#6673=DIRECTION('',(-0.0793311180776078,0.996431546627161,0.0288226749410951));
#6674=DIRECTION('',(-0.0544337418466352,0.0245405308936886,-0.998215773313581));
#6675=DIRECTION('',(-0.0793311180776078,0.996431546627161,0.0288226749410951));
#6676=DIRECTION('',(-0.0793311180775904,0.996431546627163,0.0288226749410942));
#6677=DIRECTION('',(-0.9968456957399,-0.0793640906508449,0.));
#6678=DIRECTION('',(0.995361010615311,0.0807584994267258,-0.0522926698229325));
#6679=DIRECTION('',(0.995361010615311,0.0807584994267258,-0.0522926698229325));
#6680=DIRECTION('',(0.0544337418466352,-0.0245405308936886,0.998215773313581));
#6681=DIRECTION('',(0.99536101061531,0.0807584994267431,-0.052292669822932));
#6682=DIRECTION('',(0.0544337418466352,-0.0245405308936886,0.998215773313581));
#6683=DIRECTION('',(0.99536101061531,0.0807584994267431,-0.052292669822932));
#6684=DIRECTION('',(0.,0.,1.));
#6685=DIRECTION('',(1.,0.,0.));
#6686=DIRECTION('',(-0.901673480168218,0.428276861238503,0.0596981179689185));
#6687=DIRECTION('',(-0.429042067686481,-0.90328450897561,0.));
#6688=DIRECTION('',(0.428977741741817,0.903314282224715,-0.00118516620745603));
#6689=DIRECTION('',(-0.0544337418466352,0.0245405308936886,-0.998215773313581));
#6690=DIRECTION('',(0.428977741741817,0.903314282224715,-0.00118516620745603));
#6691=DIRECTION('',(-0.0544337418466352,0.0245405308936886,-0.998215773313581));
#6692=DIRECTION('',(-0.822342362090601,-0.568154685388659,0.0308754430278229));
#6693=DIRECTION('',(0.568425688099978,-0.822734609159033,0.));
#6694=DIRECTION('',(-0.566383268873494,0.822555782797963,0.0511075036154757));
#6695=DIRECTION('',(-0.0544337418466352,0.0245405308936886,-0.998215773313581));
#6696=DIRECTION('',(-0.566383268873494,0.822555782797963,0.0511075036154757));
#6697=DIRECTION('',(0.0793311180776103,-0.996431546627161,-0.0288226749410952));
#6698=DIRECTION('',(0.996845695739898,0.0793640906508648,0.));
#6699=DIRECTION('',(-0.995361010615309,-0.0807584994267458,0.0522926698229319));
#6700=DIRECTION('',(-0.0544337418466352,0.0245405308936886,-0.998215773313581));
#6701=DIRECTION('',(-0.995361010615309,-0.0807584994267458,0.0522926698229319));
#6702=DIRECTION('',(0.901673480168218,-0.428276861238503,-0.0596981179689185));
#6703=DIRECTION('',(0.429042067686481,0.90328450897561,0.));
#6704=DIRECTION('',(-0.428977741741817,-0.903314282224715,0.00118516620745603));
#6705=DIRECTION('',(-0.0544337418466352,0.0245405308936886,-0.998215773313581));
#6706=DIRECTION('',(-0.428977741741817,-0.903314282224715,0.00118516620745603));
#6707=DIRECTION('',(0.822342362090601,0.568154685388659,-0.0308754430278229));
#6708=DIRECTION('',(-0.568425688099978,0.822734609159033,0.));
#6709=DIRECTION('',(0.566383268873494,-0.822555782797963,-0.0511075036154757));
#6710=DIRECTION('',(-0.0544337418466352,0.0245405308936886,-0.998215773313581));
#6711=DIRECTION('',(0.566383268873494,-0.822555782797963,-0.0511075036154757));
#6712=DIRECTION('',(-0.0544337418466352,0.0245405308936886,-0.998215773313581));
#6713=DIRECTION('',(-0.998516490711928,0.,0.0544501402783852));
#6714=DIRECTION('',(0.0544337418466352,-0.0245405308936886,0.998215773313581));
#6715=DIRECTION('',(0.998516490711928,0.,-0.0544501402783852));
#6716=DIRECTION('',(0.0544337418466352,-0.0245405308936886,0.998215773313581));
#6717=DIRECTION('',(0.998516490711928,0.,-0.0544501402783852));
#6718=DIRECTION('',(-0.0793311180776103,0.996431546627161,0.0288226749410952));
#6719=DIRECTION('',(-0.996845695739898,-0.0793640906508648,0.));
#6720=DIRECTION('',(0.995361010615309,0.0807584994267458,-0.0522926698229319));
#6721=DIRECTION('',(0.995361010615309,0.0807584994267458,-0.0522926698229319));
#6722=DIRECTION('',(0.0544337418466352,-0.0245405308936886,0.998215773313581));
#6723=DIRECTION('',(0.99536101061531,0.0807584994267431,-0.052292669822932));
#6724=DIRECTION('',(0.0544337418466352,-0.0245405308936886,0.998215773313581));
#6725=DIRECTION('',(0.99536101061531,0.0807584994267431,-0.052292669822932));
#6726=DIRECTION('',(0.,0.,1.));
#6727=DIRECTION('',(1.,0.,0.));
#6728=DIRECTION('',(-0.99536101061531,-0.0807584994267433,0.052292669822932));
#6729=DIRECTION('',(0.08086914439934,-0.996724727035564,0.));
#6730=DIRECTION('',(-0.0793311180776078,0.996431546627161,0.0288226749410951));
#6731=DIRECTION('',(-0.0544337418466352,0.0245405308936886,-0.998215773313581));
#6732=DIRECTION('',(-0.0793311180776078,0.996431546627161,0.0288226749410951));
#6733=DIRECTION('',(-0.0544337418466352,0.0245405308936886,-0.998215773313581));
#6734=DIRECTION('',(-0.0793311180776106,0.996431546627161,0.0288226749410952));
#6735=DIRECTION('',(-0.996845695739898,-0.0793640906508651,0.));
#6736=DIRECTION('',(0.995361010615309,0.0807584994267461,-0.0522926698229319));
#6737=DIRECTION('',(-0.0544337418466352,0.0245405308936886,-0.998215773313581));
#6738=DIRECTION('',(0.995361010615309,0.0807584994267461,-0.0522926698229319));
#6739=DIRECTION('',(-0.99536101061531,-0.0807584994267433,0.052292669822932));
#6740=DIRECTION('',(0.08086914439934,-0.996724727035564,0.));
#6741=DIRECTION('',(-0.0793311180776078,0.996431546627161,0.0288226749410951));
#6742=DIRECTION('',(-0.0544337418466352,0.0245405308936886,-0.998215773313581));
#6743=DIRECTION('',(-0.0793311180776078,0.996431546627161,0.0288226749410951));
#6744=DIRECTION('',(-0.0793311180776106,0.996431546627161,0.0288226749410952));
#6745=DIRECTION('',(-0.996845695739898,-0.0793640906508651,0.));
#6746=DIRECTION('',(0.995361010615309,0.0807584994267461,-0.0522926698229319));
#6747=DIRECTION('',(0.995361010615309,0.0807584994267461,-0.0522926698229319));
#6748=DIRECTION('',(0.0544337418466352,-0.0245405308936886,0.998215773313581));
#6749=DIRECTION('',(0.99536101061531,0.0807584994267431,-0.052292669822932));
#6750=DIRECTION('',(0.0544337418466352,-0.0245405308936886,0.998215773313581));
#6751=DIRECTION('',(0.99536101061531,0.0807584994267431,-0.052292669822932));
#6752=DIRECTION('',(0.,0.,1.));
#6753=DIRECTION('',(1.,0.,0.));
#6754=DIRECTION('',(-0.99536101061531,-0.0807584994267431,0.052292669822932));
#6755=DIRECTION('',(0.0544337418466352,-0.0245405308936886,0.998215773313581));
#6756=DIRECTION('',(-0.0793311180776076,0.996431546627161,0.0288226749410951));
#6757=DIRECTION('',(-0.0544337418466352,0.0245405308936886,-0.998215773313581));
#6758=DIRECTION('',(-0.0793311180776076,0.996431546627161,0.0288226749410951));
#6759=DIRECTION('',(-0.0544337418466352,0.0245405308936886,-0.998215773313581));
#6760=DIRECTION('',(-0.0793311180776076,0.996431546627161,0.0288226749410951));
#6761=DIRECTION('',(0.0544337418466352,-0.0245405308936886,0.998215773313581));
#6762=DIRECTION('',(0.99536101061531,0.0807584994267431,-0.052292669822932));
#6763=DIRECTION('',(-0.0544337418466352,0.0245405308936886,-0.998215773313581));
#6764=DIRECTION('',(0.99536101061531,0.0807584994267431,-0.052292669822932));
#6765=DIRECTION('',(-0.99536101061531,-0.0807584994267431,0.052292669822932));
#6766=DIRECTION('',(0.0544337418466352,-0.0245405308936886,0.998215773313581));
#6767=DIRECTION('',(-0.0793311180776076,0.996431546627161,0.0288226749410951));
#6768=DIRECTION('',(-0.0544337418466352,0.0245405308936886,-0.998215773313581));
#6769=DIRECTION('',(-0.0793311180776076,0.996431546627161,0.0288226749410951));
#6770=DIRECTION('',(-0.0793311180776076,0.996431546627161,0.0288226749410951));
#6771=DIRECTION('',(0.0544337418466352,-0.0245405308936886,0.998215773313581));
#6772=DIRECTION('',(0.99536101061531,0.0807584994267431,-0.052292669822932));
#6773=DIRECTION('',(-0.0544337418466352,0.0245405308936886,-0.998215773313581));
#6774=DIRECTION('',(0.99536101061531,0.0807584994267431,-0.052292669822932));
#6775=DIRECTION('',(0.0544337418466352,-0.0245405308936886,0.998215773313581));
#6776=DIRECTION('',(0.99536101061531,0.0807584994267431,-0.052292669822932));
#6777=DIRECTION('',(0.0544337418466352,-0.0245405308936886,0.998215773313581));
#6778=DIRECTION('',(0.998516490711928,0.,-0.0544501402783852));
#6779=DIRECTION('',(0.0544337418466352,-0.0245405308936886,0.998215773313581));
#6780=DIRECTION('',(0.99536101061531,0.0807584994267431,-0.052292669822932));
#6781=DIRECTION('',(0.0544337418466352,-0.0245405308936886,0.998215773313581));
#6782=DIRECTION('',(0.998516490711928,0.,-0.0544501402783852));
#6783=DIRECTION('',(0.0544337418466352,-0.0245405308936886,0.998215773313581));
#6784=DIRECTION('',(0.998516490711928,0.,-0.0544501402783852));
#6785=DIRECTION('',(0.,0.,1.));
#6786=DIRECTION('',(1.,0.,0.));
#6787=DIRECTION('',(-0.99536101061531,-0.0807584994267431,0.052292669822932));
#6788=DIRECTION('',(0.0544337418466352,-0.0245405308936886,0.998215773313581));
#6789=DIRECTION('',(-0.99536101061531,-0.0807584994267431,0.052292669822932));
#6790=DIRECTION('',(0.0808691443993398,-0.996724727035564,0.));
#6791=DIRECTION('',(-0.0793311180776076,0.996431546627161,0.0288226749410951));
#6792=DIRECTION('',(-0.0544337418466352,0.0245405308936886,-0.998215773313581));
#6793=DIRECTION('',(-0.0793311180776076,0.996431546627161,0.0288226749410951));
#6794=DIRECTION('',(-0.0544337418466352,0.0245405308936886,-0.998215773313581));
#6795=DIRECTION('',(-0.0793311180776076,0.996431546627161,0.0288226749410951));
#6796=DIRECTION('',(0.0544337418466352,-0.0245405308936886,0.998215773313581));
#6797=DIRECTION('',(0.99536101061531,0.0807584994267431,-0.052292669822932));
#6798=DIRECTION('',(-0.0544337418466352,0.0245405308936886,-0.998215773313581));
#6799=DIRECTION('',(0.99536101061531,0.0807584994267431,-0.052292669822932));
#6800=DIRECTION('',(-0.99536101061531,-0.0807584994267431,0.052292669822932));
#6801=DIRECTION('',(0.0544337418466352,-0.0245405308936886,0.998215773313581));
#6802=DIRECTION('',(-0.99536101061531,-0.0807584994267431,0.052292669822932));
#6803=DIRECTION('',(0.0808691443993398,-0.996724727035564,0.));
#6804=DIRECTION('',(-0.0793311180776076,0.996431546627161,0.0288226749410951));
#6805=DIRECTION('',(-0.0544337418466352,0.0245405308936886,-0.998215773313581));
#6806=DIRECTION('',(-0.0793311180776076,0.996431546627161,0.0288226749410951));
#6807=DIRECTION('',(-0.0793311180776076,0.996431546627161,0.0288226749410951));
#6808=DIRECTION('',(0.0544337418466352,-0.0245405308936886,0.998215773313581));
#6809=DIRECTION('',(0.99536101061531,0.0807584994267431,-0.052292669822932));
#6810=DIRECTION('',(0.99536101061531,0.0807584994267431,-0.052292669822932));
#6811=DIRECTION('',(0.0544337418466352,-0.0245405308936886,0.998215773313581));
#6812=DIRECTION('',(0.99536101061531,0.0807584994267431,-0.052292669822932));
#6813=DIRECTION('',(0.0544337418466352,-0.0245405308936886,0.998215773313581));
#6814=DIRECTION('',(0.998516490711928,0.,-0.0544501402783852));
#6815=DIRECTION('',(0.0544337418466352,-0.0245405308936886,0.998215773313581));
#6816=DIRECTION('',(0.99536101061531,0.0807584994267431,-0.052292669822932));
#6817=DIRECTION('',(0.0544337418466352,-0.0245405308936886,0.998215773313581));
#6818=DIRECTION('',(0.998516490711928,0.,-0.0544501402783852));
#6819=DIRECTION('',(-0.0544337418466352,0.0245405308936886,-0.998215773313581));
#6820=DIRECTION('',(-0.99536101061531,-0.0807584994267431,0.052292669822932));
#6821=DIRECTION('',(-0.99536101061531,-0.0807584994267431,0.052292669822932));
#6822=DIRECTION('',(0.0544337418466352,-0.0245405308936886,0.998215773313581));
#6823=DIRECTION('',(0.,0.,1.));
#6824=DIRECTION('',(1.,0.,0.));
#6825=DIRECTION('',(-0.99536101061531,-0.0807584994267431,0.052292669822932));
#6826=DIRECTION('',(0.0544337418466352,-0.0245405308936886,0.998215773313581));
#6827=DIRECTION('',(-0.0793311180776076,0.996431546627161,0.0288226749410951));
#6828=DIRECTION('',(-0.0544337418466352,0.0245405308936886,-0.998215773313581));
#6829=DIRECTION('',(-0.0793311180776076,0.996431546627161,0.0288226749410951));
#6830=DIRECTION('',(-0.0544337418466352,0.0245405308936886,-0.998215773313581));
#6831=DIRECTION('',(-0.0793311180776076,0.996431546627161,0.0288226749410951));
#6832=DIRECTION('',(0.0544337418466352,-0.0245405308936886,0.998215773313581));
#6833=DIRECTION('',(0.99536101061531,0.0807584994267431,-0.052292669822932));
#6834=DIRECTION('',(-0.0544337418466352,0.0245405308936886,-0.998215773313581));
#6835=DIRECTION('',(0.99536101061531,0.0807584994267431,-0.052292669822932));
#6836=DIRECTION('',(-0.99536101061531,-0.0807584994267431,0.052292669822932));
#6837=DIRECTION('',(0.0544337418466352,-0.0245405308936886,0.998215773313581));
#6838=DIRECTION('',(-0.0793311180776076,0.996431546627161,0.0288226749410951));
#6839=DIRECTION('',(-0.0544337418466352,0.0245405308936886,-0.998215773313581));
#6840=DIRECTION('',(-0.0793311180776076,0.996431546627161,0.0288226749410951));
#6841=DIRECTION('',(-0.0793311180776076,0.996431546627161,0.0288226749410951));
#6842=DIRECTION('',(0.0544337418466352,-0.0245405308936886,0.998215773313581));
#6843=DIRECTION('',(0.99536101061531,0.0807584994267431,-0.052292669822932));
#6844=DIRECTION('',(0.99536101061531,0.0807584994267431,-0.052292669822932));
#6845=DIRECTION('',(0.0544337418466352,-0.0245405308936886,0.998215773313581));
#6846=DIRECTION('',(0.99536101061531,0.0807584994267431,-0.052292669822932));
#6847=DIRECTION('',(0.0544337418466352,-0.0245405308936886,0.998215773313581));
#6848=DIRECTION('',(0.998516490711928,0.,-0.0544501402783852));
#6849=DIRECTION('',(0.0544337418466352,-0.0245405308936886,0.998215773313581));
#6850=DIRECTION('',(0.998516490711928,0.,-0.0544501402783852));
#6851=DIRECTION('',(0.0544337418466352,-0.0245405308936886,0.998215773313581));
#6852=DIRECTION('',(0.998516490711928,0.,-0.0544501402783852));
#6853=DIRECTION('',(0.0544337418466352,-0.0245405308936886,0.998215773313581));
#6854=DIRECTION('',(0.998516490711928,0.,-0.0544501402783852));
#6855=DIRECTION('',(0.0544337418466352,-0.0245405308936886,0.998215773313581));
#6856=DIRECTION('',(0.99536101061531,0.0807584994267431,-0.052292669822932));
#6857=DIRECTION('',(0.0544337418466352,-0.0245405308936886,0.998215773313581));
#6858=DIRECTION('',(0.998516490711928,0.,-0.0544501402783852));
#6859=DIRECTION('',(0.0544337418466352,-0.0245405308936886,0.998215773313581));
#6860=DIRECTION('',(0.998516490711928,0.,-0.0544501402783852));
#6861=DIRECTION('',(0.0544337418466352,-0.0245405308936886,0.998215773313581));
#6862=DIRECTION('',(0.998516490711928,0.,-0.0544501402783852));
#6863=DIRECTION('',(0.0544337418466352,-0.0245405308936886,0.998215773313581));
#6864=DIRECTION('',(0.998516490711928,0.,-0.0544501402783852));
#6865=DIRECTION('',(-0.0544337418466352,0.0245405308936886,-0.998215773313581));
#6866=DIRECTION('',(-0.99536101061531,-0.0807584994267431,0.052292669822932));
#6867=DIRECTION('',(-0.0544337418466352,0.0245405308936886,-0.998215773313581));
#6868=DIRECTION('',(-0.99536101061531,-0.0807584994267431,0.052292669822932));
#6869=DIRECTION('',(-0.0544337418466352,0.0245405308936886,-0.998215773313581));
#6870=DIRECTION('',(-0.99536101061531,-0.0807584994267431,0.052292669822932));
#6871=DIRECTION('',(-0.0544337418466352,0.0245405308936886,-0.998215773313581));
#6872=DIRECTION('',(-0.99536101061531,-0.0807584994267431,0.052292669822932));
#6873=DIRECTION('',(0.,0.,1.));
#6874=DIRECTION('',(1.,0.,0.));
#6875=DIRECTION('',(-0.99536101061531,-0.0807584994267431,0.052292669822932));
#6876=DIRECTION('',(0.0544337418466352,-0.0245405308936886,0.998215773313581));
#6877=DIRECTION('',(-0.0793311180776076,0.996431546627161,0.0288226749410951));
#6878=DIRECTION('',(-0.0544337418466352,0.0245405308936886,-0.998215773313581));
#6879=DIRECTION('',(-0.0793311180776076,0.996431546627161,0.0288226749410951));
#6880=DIRECTION('',(-0.0544337418466352,0.0245405308936886,-0.998215773313581));
#6881=DIRECTION('',(-0.0793311180776076,0.996431546627161,0.0288226749410951));
#6882=DIRECTION('',(0.0544337418466352,-0.0245405308936886,0.998215773313581));
#6883=DIRECTION('',(0.0544337418466352,-0.0245405308936886,0.998215773313581));
#6884=DIRECTION('',(0.99536101061531,0.0807584994267431,-0.052292669822932));
#6885=DIRECTION('',(0.0544337418466352,-0.0245405308936886,0.998215773313581));
#6886=DIRECTION('',(0.99536101061531,0.0807584994267431,-0.052292669822932));
#6887=DIRECTION('',(0.99536101061531,0.0807584994267431,-0.052292669822932));
#6888=DIRECTION('',(-0.0544337418466352,0.0245405308936886,-0.998215773313581));
#6889=DIRECTION('',(0.99536101061531,0.0807584994267431,-0.052292669822932));
#6890=DIRECTION('',(-0.99536101061531,-0.0807584994267431,0.052292669822932));
#6891=DIRECTION('',(0.0544337418466352,-0.0245405308936886,0.998215773313581));
#6892=DIRECTION('',(-0.0793311180776076,0.996431546627161,0.0288226749410951));
#6893=DIRECTION('',(-0.0544337418466352,0.0245405308936886,-0.998215773313581));
#6894=DIRECTION('',(-0.0793311180776076,0.996431546627161,0.0288226749410951));
#6895=DIRECTION('',(-0.0793311180776076,0.996431546627161,0.0288226749410951));
#6896=DIRECTION('',(0.0544337418466352,-0.0245405308936886,0.998215773313581));
#6897=DIRECTION('',(0.99536101061531,0.0807584994267431,-0.052292669822932));
#6898=DIRECTION('',(0.99536101061531,0.0807584994267431,-0.052292669822932));
#6899=DIRECTION('',(0.0544337418466352,-0.0245405308936886,0.998215773313581));
#6900=DIRECTION('',(0.99536101061531,0.0807584994267431,-0.052292669822932));
#6901=DIRECTION('',(0.0544337418466352,-0.0245405308936886,0.998215773313581));
#6902=DIRECTION('',(0.998516490711928,0.,-0.0544501402783852));
#6903=DIRECTION('',(0.0544337418466352,-0.0245405308936886,0.998215773313581));
#6904=DIRECTION('',(0.99536101061531,0.0807584994267431,-0.052292669822932));
#6905=DIRECTION('',(0.0544337418466352,-0.0245405308936886,0.998215773313581));
#6906=DIRECTION('',(0.998516490711928,0.,-0.0544501402783852));
#6907=DIRECTION('',(-0.99536101061531,-0.0807584994267431,0.052292669822932));
#6908=DIRECTION('',(0.0544337418466352,-0.0245405308936886,0.998215773313581));
#6909=DIRECTION('',(-0.0793311180776076,0.996431546627161,0.0288226749410951));
#6910=DIRECTION('',(-0.0544337418466352,0.0245405308936886,-0.998215773313581));
#6911=DIRECTION('',(-0.0793311180776076,0.996431546627161,0.0288226749410951));
#6912=DIRECTION('',(-0.99536101061531,-0.0807584994267431,0.052292669822932));
#6913=DIRECTION('',(0.0544337418466352,-0.0245405308936886,0.998215773313581));
#6914=DIRECTION('',(-0.0793311180776076,0.996431546627161,0.0288226749410951));
#6915=DIRECTION('',(-0.0544337418466352,0.0245405308936886,-0.998215773313581));
#6916=DIRECTION('',(-0.0793311180776076,0.996431546627161,0.0288226749410951));
#6917=DIRECTION('',(0.0544337418466352,-0.0245405308936886,0.998215773313581));
#6918=DIRECTION('',(0.99536101061531,0.0807584994267431,-0.052292669822932));
#6919=DIRECTION('',(0.0544337418466352,-0.0245405308936886,0.998215773313581));
#6920=DIRECTION('',(0.998516490711928,0.,-0.0544501402783852));
#6921=DIRECTION('',(0.99536101061531,0.0807584994267431,-0.052292669822932));
#6922=DIRECTION('',(0.0544337418466352,-0.0245405308936886,0.998215773313581));
#6923=DIRECTION('',(0.99536101061531,0.0807584994267431,-0.052292669822932));
#6924=DIRECTION('',(0.0544337418466352,-0.0245405308936886,0.998215773313581));
#6925=DIRECTION('',(0.998516490711928,0.,-0.0544501402783852));
#6926=DIRECTION('',(0.99536101061531,0.0807584994267431,-0.052292669822932));
#6927=DIRECTION('',(-0.0544337418466352,0.0245405308936886,-0.998215773313581));
#6928=DIRECTION('',(-0.99536101061531,-0.0807584994267431,0.052292669822932));
#6929=DIRECTION('',(-0.0544337418466352,0.0245405308936886,-0.998215773313581));
#6930=DIRECTION('',(-0.99536101061531,-0.0807584994267431,0.052292669822932));
#6931=DIRECTION('',(-0.0793311180776076,0.996431546627161,0.0288226749410951));
#6932=DIRECTION('',(0.0544337418466352,-0.0245405308936886,0.998215773313581));
#6933=DIRECTION('',(0.,0.,1.));
#6934=DIRECTION('',(1.,0.,0.));
#6935=DIRECTION('',(0.0544337418466352,-0.0245405308936886,0.998215773313581));
#6936=DIRECTION('',(0.99536101061531,0.0807584994267431,-0.052292669822932));
#6937=DIRECTION('',(-0.0793311180776076,0.996431546627161,0.0288226749410951));
#6938=DIRECTION('',(0.99536101061531,0.0807584994267431,-0.052292669822932));
#6939=DIRECTION('',(-0.0793311180776076,0.996431546627161,0.0288226749410951));
#6940=DIRECTION('',(0.99536101061531,0.0807584994267431,-0.052292669822932));
#6941=DIRECTION('',(0.99536101061531,0.0807584994267431,-0.052292669822932));
#6942=DIRECTION('',(-0.0793311180776076,0.996431546627161,0.0288226749410951));
#6943=DIRECTION('',(0.99536101061531,0.0807584994267431,-0.052292669822932));
#6944=DIRECTION('',(-0.0793311180776076,0.996431546627161,0.0288226749410951));
#6945=DIRECTION('',(-0.99536101061531,-0.0807584994267431,0.052292669822932));
#6946=DIRECTION('',(0.0544337418466352,-0.0245405308936886,0.998215773313581));
#6947=DIRECTION('',(-0.0793311180776076,0.996431546627161,0.0288226749410951));
#6948=DIRECTION('',(-0.0544337418466352,0.0245405308936886,-0.998215773313581));
#6949=DIRECTION('',(-0.0544337418466352,0.0245405308936886,-0.998215773313581));
#6950=DIRECTION('',(-0.0793311180776076,0.996431546627161,0.0288226749410951));
#6951=DIRECTION('',(0.0544337418466352,-0.0245405308936886,0.998215773313581));
#6952=DIRECTION('',(0.99536101061531,0.0807584994267431,-0.052292669822932));
#6953=DIRECTION('',(-0.0544337418466352,0.0245405308936886,-0.998215773313581));
#6954=DIRECTION('',(-0.99536101061531,-0.0807584994267431,0.052292669822932));
#6955=DIRECTION('',(0.0544337418466352,-0.0245405308936886,0.998215773313581));
#6956=DIRECTION('',(-0.0793311180776076,0.996431546627161,0.0288226749410951));
#6957=DIRECTION('',(-0.0544337418466352,0.0245405308936886,-0.998215773313581));
#6958=DIRECTION('',(-0.0793311180776076,0.996431546627161,0.0288226749410951));
#6959=DIRECTION('',(0.0544337418466352,-0.0245405308936886,0.998215773313581));
#6960=DIRECTION('',(0.99536101061531,0.0807584994267431,-0.052292669822932));
#6961=DIRECTION('',(0.0544337418466352,-0.0245405308936886,0.998215773313581));
#6962=DIRECTION('',(0.99536101061531,0.0807584994267431,-0.052292669822932));
#6963=DIRECTION('',(-0.99536101061531,-0.0807584994267431,0.052292669822932));
#6964=DIRECTION('',(0.0544337418466352,-0.0245405308936886,0.998215773313581));
#6965=DIRECTION('',(-0.0793311180776076,0.996431546627161,0.0288226749410951));
#6966=DIRECTION('',(-0.0544337418466352,0.0245405308936886,-0.998215773313581));
#6967=DIRECTION('',(-0.0544337418466352,0.0245405308936886,-0.998215773313581));
#6968=DIRECTION('',(-0.0793311180776076,0.996431546627161,0.0288226749410951));
#6969=DIRECTION('',(0.0544337418466352,-0.0245405308936886,0.998215773313581));
#6970=DIRECTION('',(0.99536101061531,0.0807584994267431,-0.052292669822932));
#6971=DIRECTION('',(-0.0544337418466352,0.0245405308936886,-0.998215773313581));
#6972=DIRECTION('',(-0.99536101061531,-0.0807584994267431,0.052292669822932));
#6973=DIRECTION('',(0.0544337418466352,-0.0245405308936886,0.998215773313581));
#6974=DIRECTION('',(-0.0793311180776076,0.996431546627161,0.0288226749410951));
#6975=DIRECTION('',(-0.0544337418466352,0.0245405308936886,-0.998215773313581));
#6976=DIRECTION('',(-0.0793311180776076,0.996431546627161,0.0288226749410951));
#6977=DIRECTION('',(0.0544337418466352,-0.0245405308936886,0.998215773313581));
#6978=DIRECTION('',(0.99536101061531,0.0807584994267431,-0.052292669822932));
#6979=DIRECTION('',(0.0544337418466352,-0.0245405308936886,0.998215773313581));
#6980=DIRECTION('',(0.99536101061531,0.0807584994267431,-0.052292669822932));
#6981=DIRECTION('',(0.,0.,1.));
#6982=DIRECTION('',(1.,0.,0.));
#6983=DIRECTION('',(0.99536101061531,0.0807584994267431,-0.052292669822932));
#6984=DIRECTION('',(-0.0544337418466352,0.0245405308936886,-0.998215773313581));
#6985=DIRECTION('',(0.0793311180776076,-0.996431546627161,-0.0288226749410951));
#6986=DIRECTION('',(-0.0544337418466352,0.0245405308936886,-0.998215773313581));
#6987=DIRECTION('',(0.0793311180776076,-0.996431546627161,-0.0288226749410951));
#6988=DIRECTION('',(-0.0544337418466352,0.0245405308936886,-0.998215773313581));
#6989=DIRECTION('',(-0.0793311180776076,0.996431546627161,0.0288226749410951));
#6990=DIRECTION('',(0.0544337418466352,-0.0245405308936886,0.998215773313581));
#6991=DIRECTION('',(0.99536101061531,0.0807584994267431,-0.052292669822932));
#6992=DIRECTION('',(-0.0544337418466352,0.0245405308936886,-0.998215773313581));
#6993=DIRECTION('',(0.99536101061531,0.0807584994267431,-0.052292669822932));
#6994=DIRECTION('',(-0.99536101061531,-0.0807584994267431,0.052292669822932));
#6995=DIRECTION('',(0.0544337418466352,-0.0245405308936886,0.998215773313581));
#6996=DIRECTION('',(-0.0793311180776076,0.996431546627161,0.0288226749410951));
#6997=DIRECTION('',(-0.0544337418466352,0.0245405308936886,-0.998215773313581));
#6998=DIRECTION('',(-0.0793311180776076,0.996431546627161,0.0288226749410951));
#6999=DIRECTION('',(0.0793311180776076,-0.996431546627161,-0.0288226749410951));
#7000=DIRECTION('',(-0.0544337418466352,0.0245405308936886,-0.998215773313581));
#7001=DIRECTION('',(-0.99536101061531,-0.0807584994267431,0.052292669822932));
#7002=DIRECTION('',(-0.0544337418466352,0.0245405308936886,-0.998215773313581));
#7003=DIRECTION('',(-0.99536101061531,-0.0807584994267431,0.052292669822932));
#7004=DIRECTION('',(-0.99536101061531,-0.0807584994267431,0.052292669822932));
#7005=DIRECTION('',(0.0544337418466352,-0.0245405308936886,0.998215773313581));
#7006=DIRECTION('',(-0.0793311180776076,0.996431546627161,0.0288226749410951));
#7007=DIRECTION('',(-0.0544337418466352,0.0245405308936886,-0.998215773313581));
#7008=DIRECTION('',(-0.0793311180776076,0.996431546627161,0.0288226749410951));
#7009=DIRECTION('',(0.0793311180776076,-0.996431546627161,-0.0288226749410951));
#7010=DIRECTION('',(-0.0544337418466352,0.0245405308936886,-0.998215773313581));
#7011=DIRECTION('',(-0.99536101061531,-0.0807584994267431,0.052292669822932));
#7012=DIRECTION('',(-0.99536101061531,-0.0807584994267431,0.052292669822932));
#7013=DIRECTION('',(0.0544337418466352,-0.0245405308936886,0.998215773313581));
#7014=DIRECTION('',(0.99536101061531,0.0807584994267431,-0.052292669822932));
#7015=DIRECTION('',(0.0793311180776076,-0.996431546627161,-0.0288226749410951));
#7016=DIRECTION('',(-0.99536101061531,-0.0807584994267431,0.052292669822932));
#7017=DIRECTION('',(0.0793311180776076,-0.996431546627161,-0.0288226749410951));
#7018=DIRECTION('',(-0.99536101061531,-0.0807584994267431,0.052292669822932));
#7019=DIRECTION('',(0.0544337418466352,-0.0245405308936886,0.998215773313581));
#7020=DIRECTION('',(0.99536101061531,0.0807584994267431,-0.052292669822932));
#7021=DIRECTION('',(-0.99536101061531,-0.0807584994267431,0.052292669822932));
#7022=DIRECTION('',(0.0793311180776076,-0.996431546627161,-0.0288226749410951));
#7023=DIRECTION('',(-0.99536101061531,-0.0807584994267431,0.052292669822932));
#7024=DIRECTION('',(0.0793311180776076,-0.996431546627161,-0.0288226749410951));
#7025=DIRECTION('',(-0.99536101061531,-0.0807584994267431,0.052292669822932));
#7026=DIRECTION('',(0.0544337418466352,-0.0245405308936886,0.998215773313581));
#7027=DIRECTION('',(-0.0544337418466352,0.0245405308936886,-0.998215773313581));
#7028=DIRECTION('',(-0.0544337418466352,0.0245405308936886,-0.998215773313581));
#7029=DIRECTION('',(-0.0793311180776076,0.996431546627161,0.0288226749410951));
#7030=DIRECTION('',(0.0544337418466352,-0.0245405308936886,0.998215773313581));
#7031=DIRECTION('',(-0.0544337418466352,0.0245405308936886,-0.998215773313581));
#7032=DIRECTION('',(-0.99536101061531,-0.0807584994267431,0.052292669822932));
#7033=DIRECTION('',(0.0544337418466352,-0.0245405308936886,0.998215773313581));
#7034=DIRECTION('',(-0.0544337418466352,0.0245405308936886,-0.998215773313581));
#7035=DIRECTION('',(-0.0793311180776076,0.996431546627161,0.0288226749410951));
#7036=DIRECTION('',(0.0544337418466352,-0.0245405308936886,0.998215773313581));
#7037=DIRECTION('',(0.,0.,1.));
#7038=DIRECTION('',(1.,0.,0.));
#7039=DIRECTION('',(-0.99536101061531,-0.0807584994267431,0.052292669822932));
#7040=DIRECTION('',(0.0544337418466352,-0.0245405308936886,0.998215773313581));
#7041=DIRECTION('',(-0.0793311180776076,0.996431546627161,0.0288226749410951));
#7042=DIRECTION('',(-0.0544337418466352,0.0245405308936886,-0.998215773313581));
#7043=DIRECTION('',(-0.0793311180776076,0.996431546627161,0.0288226749410951));
#7044=DIRECTION('',(-0.0544337418466352,0.0245405308936886,-0.998215773313581));
#7045=DIRECTION('',(-0.0793311180776076,0.996431546627161,0.0288226749410951));
#7046=DIRECTION('',(0.0544337418466352,-0.0245405308936886,0.998215773313581));
#7047=DIRECTION('',(0.99536101061531,0.0807584994267431,-0.052292669822932));
#7048=DIRECTION('',(-0.0544337418466352,0.0245405308936886,-0.998215773313581));
#7049=DIRECTION('',(0.99536101061531,0.0807584994267431,-0.052292669822932));
#7050=DIRECTION('',(-0.99536101061531,-0.0807584994267431,0.052292669822932));
#7051=DIRECTION('',(0.0544337418466352,-0.0245405308936886,0.998215773313581));
#7052=DIRECTION('',(-0.0793311180776076,0.996431546627161,0.0288226749410951));
#7053=DIRECTION('',(-0.0544337418466352,0.0245405308936886,-0.998215773313581));
#7054=DIRECTION('',(-0.0793311180776076,0.996431546627161,0.0288226749410951));
#7055=DIRECTION('',(-0.0793311180776076,0.996431546627161,0.0288226749410951));
#7056=DIRECTION('',(0.0544337418466352,-0.0245405308936886,0.998215773313581));
#7057=DIRECTION('',(0.99536101061531,0.0807584994267431,-0.052292669822932));
#7058=DIRECTION('',(0.99536101061531,0.0807584994267431,-0.052292669822932));
#7059=DIRECTION('',(0.0544337418466352,-0.0245405308936886,0.998215773313581));
#7060=DIRECTION('',(0.99536101061531,0.0807584994267431,-0.052292669822932));
#7061=DIRECTION('',(0.0544337418466352,-0.0245405308936886,0.998215773313581));
#7062=DIRECTION('',(0.998516490711928,0.,-0.0544501402783852));
#7063=DIRECTION('',(0.0544337418466352,-0.0245405308936886,0.998215773313581));
#7064=DIRECTION('',(0.998516490711928,0.,-0.0544501402783852));
#7065=DIRECTION('',(0.0544337418466352,-0.0245405308936886,0.998215773313581));
#7066=DIRECTION('',(0.998516490711928,0.,-0.0544501402783852));
#7067=DIRECTION('',(0.0544337418466352,-0.0245405308936886,0.998215773313581));
#7068=DIRECTION('',(0.99536101061531,0.0807584994267431,-0.052292669822932));
#7069=DIRECTION('',(0.0544337418466352,-0.0245405308936886,0.998215773313581));
#7070=DIRECTION('',(0.998516490711928,0.,-0.0544501402783852));
#7071=DIRECTION('',(0.0544337418466352,-0.0245405308936886,0.998215773313581));
#7072=DIRECTION('',(0.998516490711928,0.,-0.0544501402783852));
#7073=DIRECTION('',(0.0544337418466352,-0.0245405308936886,0.998215773313581));
#7074=DIRECTION('',(0.998516490711928,0.,-0.0544501402783852));
#7075=DIRECTION('',(-0.0544337418466352,0.0245405308936886,-0.998215773313581));
#7076=DIRECTION('',(-0.99536101061531,-0.0807584994267431,0.052292669822932));
#7077=DIRECTION('',(-0.0544337418466352,0.0245405308936886,-0.998215773313581));
#7078=DIRECTION('',(-0.99536101061531,-0.0807584994267431,0.052292669822932));
#7079=DIRECTION('',(-0.0544337418466352,0.0245405308936886,-0.998215773313581));
#7080=DIRECTION('',(-0.99536101061531,-0.0807584994267431,0.052292669822932));
#7081=DIRECTION('',(0.,0.,1.));
#7082=DIRECTION('',(1.,0.,0.));
#7083=DIRECTION('',(-0.99536101061531,-0.0807584994267431,0.052292669822932));
#7084=DIRECTION('',(0.0544337418466352,-0.0245405308936886,0.998215773313581));
#7085=DIRECTION('',(-0.0793311180776076,0.996431546627161,0.0288226749410951));
#7086=DIRECTION('',(-0.0544337418466352,0.0245405308936886,-0.998215773313581));
#7087=DIRECTION('',(-0.0793311180776076,0.996431546627161,0.0288226749410951));
#7088=DIRECTION('',(-0.0544337418466352,0.0245405308936886,-0.998215773313581));
#7089=DIRECTION('',(-0.0793311180776076,0.996431546627161,0.0288226749410951));
#7090=DIRECTION('',(0.0544337418466352,-0.0245405308936886,0.998215773313581));
#7091=DIRECTION('',(0.99536101061531,0.0807584994267431,-0.052292669822932));
#7092=DIRECTION('',(-0.0544337418466352,0.0245405308936886,-0.998215773313581));
#7093=DIRECTION('',(0.99536101061531,0.0807584994267431,-0.052292669822932));
#7094=DIRECTION('',(-0.99536101061531,-0.0807584994267431,0.052292669822932));
#7095=DIRECTION('',(0.0544337418466352,-0.0245405308936886,0.998215773313581));
#7096=DIRECTION('',(-0.0793311180776076,0.996431546627161,0.0288226749410951));
#7097=DIRECTION('',(-0.0544337418466352,0.0245405308936886,-0.998215773313581));
#7098=DIRECTION('',(-0.0793311180776076,0.996431546627161,0.0288226749410951));
#7099=DIRECTION('',(-0.0793311180776076,0.996431546627161,0.0288226749410951));
#7100=DIRECTION('',(0.0544337418466352,-0.0245405308936886,0.998215773313581));
#7101=DIRECTION('',(0.99536101061531,0.0807584994267431,-0.052292669822932));
#7102=DIRECTION('',(0.99536101061531,0.0807584994267431,-0.052292669822932));
#7103=DIRECTION('',(0.0544337418466352,-0.0245405308936886,0.998215773313581));
#7104=DIRECTION('',(0.99536101061531,0.0807584994267431,-0.052292669822932));
#7105=DIRECTION('',(0.0544337418466352,-0.0245405308936886,0.998215773313581));
#7106=DIRECTION('',(0.998516490711928,0.,-0.0544501402783852));
#7107=DIRECTION('',(0.0544337418466352,-0.0245405308936886,0.998215773313581));
#7108=DIRECTION('',(0.99536101061531,0.0807584994267431,-0.052292669822932));
#7109=DIRECTION('',(-0.0544337418466352,0.0245405308936886,-0.998215773313581));
#7110=DIRECTION('',(-0.99536101061531,-0.0807584994267431,0.052292669822932));
#7111=DIRECTION('',(0.0544337418466352,-0.0245405308936886,0.998215773313581));
#7112=DIRECTION('',(0.99536101061531,0.0807584994267431,-0.052292669822932));
#7113=DIRECTION('',(0.0544337418466352,-0.0245405308936886,0.998215773313581));
#7114=DIRECTION('',(0.99536101061531,0.0807584994267431,-0.052292669822932));
#7115=DIRECTION('',(0.,0.,1.));
#7116=DIRECTION('',(1.,0.,0.));
#7117=DIRECTION('',(-0.99536101061531,-0.0807584994267431,0.052292669822932));
#7118=DIRECTION('',(0.0544337418466352,-0.0245405308936886,0.998215773313581));
#7119=DIRECTION('',(-0.0793311180776076,0.996431546627161,0.0288226749410951));
#7120=DIRECTION('',(-0.0544337418466352,0.0245405308936886,-0.998215773313581));
#7121=DIRECTION('',(-0.0793311180776076,0.996431546627161,0.0288226749410951));
#7122=DIRECTION('',(-0.0544337418466352,0.0245405308936886,-0.998215773313581));
#7123=DIRECTION('',(-0.0793311180776076,0.996431546627161,0.0288226749410951));
#7124=DIRECTION('',(0.0544337418466352,-0.0245405308936886,0.998215773313581));
#7125=DIRECTION('',(0.99536101061531,0.0807584994267431,-0.052292669822932));
#7126=DIRECTION('',(-0.0544337418466352,0.0245405308936886,-0.998215773313581));
#7127=DIRECTION('',(0.99536101061531,0.0807584994267431,-0.052292669822932));
#7128=DIRECTION('',(-0.0544337418466352,0.0245405308936886,-0.998215773313581));
#7129=DIRECTION('',(-0.99536101061531,-0.0807584994267431,0.052292669822932));
#7130=DIRECTION('',(0.0544337418466352,-0.0245405308936886,0.998215773313581));
#7131=DIRECTION('',(-0.0793311180776076,0.996431546627161,0.0288226749410951));
#7132=DIRECTION('',(-0.0544337418466352,0.0245405308936886,-0.998215773313581));
#7133=DIRECTION('',(-0.0793311180776076,0.996431546627161,0.0288226749410951));
#7134=DIRECTION('',(-0.0544337418466352,0.0245405308936886,-0.998215773313581));
#7135=DIRECTION('',(-0.0793311180776076,0.996431546627161,0.0288226749410951));
#7136=DIRECTION('',(0.0544337418466352,-0.0245405308936886,0.998215773313581));
#7137=DIRECTION('',(0.99536101061531,0.0807584994267431,-0.052292669822932));
#7138=DIRECTION('',(-0.0544337418466352,0.0245405308936886,-0.998215773313581));
#7139=DIRECTION('',(0.99536101061531,0.0807584994267431,-0.052292669822932));
#7140=DIRECTION('',(-0.0544337418466352,0.0245405308936886,-0.998215773313581));
#7141=DIRECTION('',(0.0544337418466352,-0.0245405308936886,0.998215773313581));
#7142=DIRECTION('',(0.99536101061531,0.0807584994267431,-0.052292669822932));
#7143=DIRECTION('',(0.0544337418466352,-0.0245405308936886,0.998215773313581));
#7144=DIRECTION('',(0.998516490711928,0.,-0.0544501402783852));
#7145=DIRECTION('',(0.0544337418466352,-0.0245405308936886,0.998215773313581));
#7146=DIRECTION('',(0.998516490711928,0.,-0.0544501402783852));
#7147=DIRECTION('',(0.0544337418466352,-0.0245405308936886,0.998215773313581));
#7148=DIRECTION('',(0.998516490711928,0.,-0.0544501402783852));
#7149=DIRECTION('',(0.0544337418466352,-0.0245405308936886,0.998215773313581));
#7150=DIRECTION('',(0.998516490711928,0.,-0.0544501402783852));
#7151=DIRECTION('',(0.0544337418466352,-0.0245405308936886,0.998215773313581));
#7152=DIRECTION('',(0.998516490711928,0.,-0.0544501402783852));
#7153=DIRECTION('',(0.0544337418466352,-0.0245405308936886,0.998215773313581));
#7154=DIRECTION('',(0.998516490711928,0.,-0.0544501402783852));
#7155=DIRECTION('',(0.0544337418466352,-0.0245405308936886,0.998215773313581));
#7156=DIRECTION('',(0.998516490711928,0.,-0.0544501402783852));
#7157=DIRECTION('',(0.0544337418466352,-0.0245405308936886,0.998215773313581));
#7158=DIRECTION('',(0.998516490711928,0.,-0.0544501402783852));
#7159=DIRECTION('',(0.0544337418466352,-0.0245405308936886,0.998215773313581));
#7160=DIRECTION('',(0.99536101061531,0.0807584994267431,-0.052292669822932));
#7161=DIRECTION('',(0.0544337418466352,-0.0245405308936886,0.998215773313581));
#7162=DIRECTION('',(0.998516490711928,0.,-0.0544501402783852));
#7163=DIRECTION('',(0.0544337418466352,-0.0245405308936886,0.998215773313581));
#7164=DIRECTION('',(0.998516490711928,0.,-0.0544501402783852));
#7165=DIRECTION('',(0.0544337418466352,-0.0245405308936886,0.998215773313581));
#7166=DIRECTION('',(0.998516490711928,0.,-0.0544501402783852));
#7167=DIRECTION('',(0.0544337418466352,-0.0245405308936886,0.998215773313581));
#7168=DIRECTION('',(0.998516490711928,0.,-0.0544501402783852));
#7169=DIRECTION('',(0.0544337418466352,-0.0245405308936886,0.998215773313581));
#7170=DIRECTION('',(0.998516490711928,0.,-0.0544501402783852));
#7171=DIRECTION('',(0.0544337418466352,-0.0245405308936886,0.998215773313581));
#7172=DIRECTION('',(0.998516490711928,0.,-0.0544501402783852));
#7173=DIRECTION('',(0.0544337418466352,-0.0245405308936886,0.998215773313581));
#7174=DIRECTION('',(0.998516490711928,0.,-0.0544501402783852));
#7175=DIRECTION('',(0.0544337418466352,-0.0245405308936886,0.998215773313581));
#7176=DIRECTION('',(0.998516490711928,0.,-0.0544501402783852));
#7177=DIRECTION('',(-0.0544337418466352,0.0245405308936886,-0.998215773313581));
#7178=DIRECTION('',(-0.99536101061531,-0.0807584994267431,0.052292669822932));
#7179=DIRECTION('',(-0.0544337418466352,0.0245405308936886,-0.998215773313581));
#7180=DIRECTION('',(-0.99536101061531,-0.0807584994267431,0.052292669822932));
#7181=DIRECTION('',(-0.0544337418466352,0.0245405308936886,-0.998215773313581));
#7182=DIRECTION('',(-0.99536101061531,-0.0807584994267431,0.052292669822932));
#7183=DIRECTION('',(-0.0544337418466352,0.0245405308936886,-0.998215773313581));
#7184=DIRECTION('',(-0.99536101061531,-0.0807584994267431,0.052292669822932));
#7185=DIRECTION('',(0.0544337418466352,-0.0245405308936886,0.998215773313581));
#7186=DIRECTION('',(0.998516490711928,0.,-0.0544501402783852));
#7187=DIRECTION('',(-0.0544337418466352,0.0245405308936886,-0.998215773313581));
#7188=DIRECTION('',(-0.998516490711928,0.,0.0544501402783852));
#7189=DIRECTION('',(-0.0544337418466352,0.0245405308936886,-0.998215773313581));
#7190=DIRECTION('',(-0.998516490711928,0.,0.0544501402783852));
#7191=DIRECTION('',(0.0544337418466352,-0.0245405308936886,0.998215773313581));
#7192=DIRECTION('',(0.998516490711928,0.,-0.0544501402783852));
#7193=DIRECTION('',(0.,0.,1.));
#7194=DIRECTION('',(1.,0.,0.));
#7195=DIRECTION('',(-0.99536101061531,-0.0807584994267431,0.052292669822932));
#7196=DIRECTION('',(0.0544337418466352,-0.0245405308936886,0.998215773313581));
#7197=DIRECTION('',(-0.0793311180776076,0.996431546627161,0.0288226749410951));
#7198=DIRECTION('',(-0.0544337418466352,0.0245405308936886,-0.998215773313581));
#7199=DIRECTION('',(-0.0793311180776076,0.996431546627161,0.0288226749410951));
#7200=DIRECTION('',(-0.0544337418466352,0.0245405308936886,-0.998215773313581));
#7201=DIRECTION('',(-0.0793311180776076,0.996431546627161,0.0288226749410951));
#7202=DIRECTION('',(0.0544337418466352,-0.0245405308936886,0.998215773313581));
#7203=DIRECTION('',(0.99536101061531,0.0807584994267431,-0.052292669822932));
#7204=DIRECTION('',(-0.0544337418466352,0.0245405308936886,-0.998215773313581));
#7205=DIRECTION('',(0.99536101061531,0.0807584994267431,-0.052292669822932));
#7206=DIRECTION('',(-0.99536101061531,-0.0807584994267431,0.052292669822932));
#7207=DIRECTION('',(0.0544337418466352,-0.0245405308936886,0.998215773313581));
#7208=DIRECTION('',(-0.0793311180776076,0.996431546627161,0.0288226749410951));
#7209=DIRECTION('',(-0.0544337418466352,0.0245405308936886,-0.998215773313581));
#7210=DIRECTION('',(-0.0793311180776076,0.996431546627161,0.0288226749410951));
#7211=DIRECTION('',(-0.0793311180776076,0.996431546627161,0.0288226749410951));
#7212=DIRECTION('',(0.0544337418466352,-0.0245405308936886,0.998215773313581));
#7213=DIRECTION('',(0.99536101061531,0.0807584994267431,-0.052292669822932));
#7214=DIRECTION('',(0.99536101061531,0.0807584994267431,-0.052292669822932));
#7215=DIRECTION('',(0.0544337418466352,-0.0245405308936886,0.998215773313581));
#7216=DIRECTION('',(0.99536101061531,0.0807584994267431,-0.052292669822932));
#7217=DIRECTION('',(0.0544337418466352,-0.0245405308936886,0.998215773313581));
#7218=DIRECTION('',(0.998516490711928,0.,-0.0544501402783852));
#7219=DIRECTION('',(0.0544337418466352,-0.0245405308936886,0.998215773313581));
#7220=DIRECTION('',(0.99536101061531,0.0807584994267431,-0.052292669822932));
#7221=DIRECTION('',(0.0544337418466352,-0.0245405308936886,0.998215773313581));
#7222=DIRECTION('',(0.998516490711928,0.,-0.0544501402783852));
#7223=DIRECTION('',(-0.0544337418466352,0.0245405308936886,-0.998215773313581));
#7224=DIRECTION('',(-0.99536101061531,-0.0807584994267431,0.052292669822932));
#7225=CARTESIAN_POINT('',(0.,0.,0.));
#7226=CARTESIAN_POINT('',(0.00278690402199808,1.75001740362415,0.00405942957656861));
#7227=CARTESIAN_POINT('',(0.00256916905461153,1.75011556574772,6.65664833142914E-5));
#7228=CARTESIAN_POINT('',(-0.00073423844954483,1.75385901643595,0.000338735192547466));
#7229=CARTESIAN_POINT('',(-9.95895049238819E-5,1.74588756406293,0.000108153793018703));
#7230=CARTESIAN_POINT('',(-0.000516503482158289,1.75376085431238,0.00433159828580179));
#7231=CARTESIAN_POINT('',(-0.000516503482158289,1.75376085431238,0.00433159828580179));
#7232=CARTESIAN_POINT('',(0.00278690402199808,1.75001740362415,0.00405942957656861));
#7233=CARTESIAN_POINT('',(0.000118145462462659,1.74578940193936,0.00410101688627302));
#7234=CARTESIAN_POINT('',(0.000118145462462659,1.74578940193936,0.00410101688627302));
#7235=CARTESIAN_POINT('',(-0.00318526204169412,1.74953285262759,0.00437318559550622));
#7236=CARTESIAN_POINT('',(-0.00340299700908066,1.74963101475116,0.000380322502251894));
#7237=CARTESIAN_POINT('',(-0.00318526204169412,1.74953285262759,0.00437318559550622));
#7238=CARTESIAN_POINT('',(-0.000199179009847751,1.74977512812587,0.00421630758603741));
#7239=CARTESIAN_POINT('',(-0.000416913977234292,1.74987329024944,0.000223444492783081));
#7240=CARTESIAN_POINT('',(0.,0.,0.));
#7241=CARTESIAN_POINT('',(-0.00318526204169363,1.74953285262759,0.0043731855955062));
#7242=CARTESIAN_POINT('',(-0.00340299700908017,1.74963101475116,0.000380322502251873));
#7243=CARTESIAN_POINT('',(-9.95895049238819E-5,1.74588756406293,0.000108153793018703));
#7244=CARTESIAN_POINT('',(-0.00073423844954483,1.75385901643595,0.000338735192547466));
#7245=CARTESIAN_POINT('',(0.000118145462462659,1.74578940193936,0.00410101688627302));
#7246=CARTESIAN_POINT('',(0.000118145462462659,1.74578940193936,0.00410101688627302));
#7247=CARTESIAN_POINT('',(-0.00318526204169363,1.74953285262759,0.0043731855955062));
#7248=CARTESIAN_POINT('',(-0.000516503482158289,1.75376085431238,0.00433159828580179));
#7249=CARTESIAN_POINT('',(-0.000516503482158289,1.75376085431238,0.00433159828580179));
#7250=CARTESIAN_POINT('',(0.00278690402199828,1.75001740362415,0.00405942957656861));
#7251=CARTESIAN_POINT('',(0.00256916905461174,1.75011556574772,6.65664833142803E-5));
#7252=CARTESIAN_POINT('',(0.00278690402199828,1.75001740362415,0.00405942957656861));
#7253=CARTESIAN_POINT('',(-0.000199179009847751,1.74977512812587,0.00421630758603741));
#7254=CARTESIAN_POINT('',(-0.000416913977234292,1.74987329024944,0.000223444492783081));
#7255=CARTESIAN_POINT('',(0.,0.,0.));
#7256=CARTESIAN_POINT('',(0.00278690402199808,1.75001740362415,0.00405942957656861));
#7257=CARTESIAN_POINT('',(0.00256916905461153,1.75011556574772,6.65664833142914E-5));
#7258=CARTESIAN_POINT('',(-0.00073423844954483,1.75385901643595,0.000338735192547466));
#7259=CARTESIAN_POINT('',(-9.95895049238819E-5,1.74588756406293,0.000108153793018703));
#7260=CARTESIAN_POINT('',(0.000118145462462659,1.74578940193936,0.00410101688627302));
#7261=CARTESIAN_POINT('',(0.000118145462462659,1.74578940193936,0.00410101688627302));
#7262=CARTESIAN_POINT('',(0.00278690402199808,1.75001740362415,0.00405942957656861));
#7263=CARTESIAN_POINT('',(-0.000516503482158289,1.75376085431238,0.00433159828580179));
#7264=CARTESIAN_POINT('',(-0.000516503482158289,1.75376085431238,0.00433159828580179));
#7265=CARTESIAN_POINT('',(-0.00318526204169363,1.74953285262759,0.0043731855955062));
#7266=CARTESIAN_POINT('',(-0.00340299700908017,1.74963101475116,0.000380322502251873));
#7267=CARTESIAN_POINT('',(-0.00318526204169363,1.74953285262759,0.0043731855955062));
#7268=CARTESIAN_POINT('',(-0.000199179009847751,1.74977512812587,0.00421630758603741));
#7269=CARTESIAN_POINT('',(-0.000416913977234292,1.74987329024944,0.000223444492783081));
#7270=CARTESIAN_POINT('',(0.,0.,0.));
#7271=CARTESIAN_POINT('',(0.000345158408618573,1.99952972281693,0.0141984653191732));
#7272=CARTESIAN_POINT('',(0.000345158408618573,1.99952972281693,0.0141984653191732));
#7273=CARTESIAN_POINT('',(0.00930340750415636,2.00025654931177,0.0137278312907668));
#7274=CARTESIAN_POINT('',(-0.00041691397723432,1.99987329024944,0.000223444492783083));
#7275=CARTESIAN_POINT('',(0.00854133511830347,2.00060011674429,-0.000247189535623305));
#7276=CARTESIAN_POINT('',(0.000345158408618573,1.99952972281693,0.0141984653191732));
#7277=CARTESIAN_POINT('',(0.000345158408618572,1.99952972281693,0.0141984653191732));
#7278=CARTESIAN_POINT('',(0.00334070788075436,1.99952972281693,0.014035114898338));
#7279=CARTESIAN_POINT('',(-0.00041691397723432,1.99987329024944,0.000223444492783083));
#7280=CARTESIAN_POINT('',(-0.00041691397723432,1.99987329024944,0.000223444492783078));
#7281=CARTESIAN_POINT('',(0.00257863549490146,1.99987329024944,6.00940719479224E-5));
#7282=CARTESIAN_POINT('',(0.000454025892311843,1.99948064175514,0.0161948968658003));
#7283=CARTESIAN_POINT('',(0.,0.,0.));
#7284=CARTESIAN_POINT('',(0.249800820990152,1.74977512812587,0.00421630758603741));
#7285=CARTESIAN_POINT('',(0.249583086022766,1.74987329024944,0.000223444492783083));
#7286=CARTESIAN_POINT('',(0.254559891075842,1.75027708274658,-3.80188563315809E-5));
#7287=CARTESIAN_POINT('',(0.244606280969689,1.74946949775231,0.000484907841897744));
#7288=CARTESIAN_POINT('',(0.244824015937076,1.74937133562874,0.00447777093515207));
#7289=CARTESIAN_POINT('',(0.244824015937076,1.74937133562874,0.00447777093515207));
#7290=CARTESIAN_POINT('',(0.249800820990152,1.74977512812587,0.00421630758603741));
#7291=CARTESIAN_POINT('',(0.254777626043229,1.750178920623,0.00395484423692274));
#7292=CARTESIAN_POINT('',(0.254777626043229,1.750178920623,0.00395484423692274));
#7293=CARTESIAN_POINT('',(0.249800820990152,1.74977512812587,0.00421630758603741));
#7294=CARTESIAN_POINT('',(0.249583086022766,1.74987329024944,0.000223444492783083));
#7295=CARTESIAN_POINT('',(0.249800820990152,1.74977512812587,0.00421630758603741));
#7296=CARTESIAN_POINT('',(0.249800820990152,1.74977512812587,0.00421630758603741));
#7297=CARTESIAN_POINT('',(0.249583086022766,1.74987329024944,0.000223444492783081));
#7298=CARTESIAN_POINT('',(0.,0.,0.));
#7299=CARTESIAN_POINT('',(2.2491754500243,2.01158506350003,0.010551474325212));
#7300=CARTESIAN_POINT('',(2.24863111260583,2.01183046880897,0.000569316592076223));
#7301=CARTESIAN_POINT('',(2.24958308602276,1.99987329024944,0.000223444492783083));
#7302=CARTESIAN_POINT('',(2.24767913918891,2.02378764736849,0.000915188691369364));
#7303=CARTESIAN_POINT('',(2.25012742344123,1.9996278849405,0.0102056022259189));
#7304=CARTESIAN_POINT('',(2.25012742344123,1.9996278849405,0.0102056022259189));
#7305=CARTESIAN_POINT('',(2.2491754500243,2.01158506350003,0.010551474325212));
#7306=CARTESIAN_POINT('',(2.24822347660737,2.02354224205956,0.0108973464245052));
#7307=CARTESIAN_POINT('',(2.24822347660737,2.02354224205956,0.0108973464245052));
#7308=CARTESIAN_POINT('',(2.26605319961108,2.00092002093134,0.00936891950875198));
#7309=CARTESIAN_POINT('',(2.26550886219261,2.00116542624027,-0.00061323822438383));
#7310=CARTESIAN_POINT('',(2.28143463836246,2.0024575622311,-0.00144992094155074));
#7311=CARTESIAN_POINT('',(2.28197897578092,2.00221215692216,0.00853223679158507));
#7312=CARTESIAN_POINT('',(2.28197897578092,2.00221215692216,0.00853223679158507));
#7313=CARTESIAN_POINT('',(2.26605319961108,2.00092002093134,0.00936891950875198));
#7314=CARTESIAN_POINT('',(2.28102700236399,2.01416933548168,0.00887810889087821));
#7315=CARTESIAN_POINT('',(2.28048266494552,2.01441474079062,-0.0011040488422576));
#7316=CARTESIAN_POINT('',(2.2795306915286,2.02637191935015,-0.00075817674296446));
#7317=CARTESIAN_POINT('',(2.28007502894706,2.02612651404122,0.00922398099017135));
#7318=CARTESIAN_POINT('',(2.28007502894706,2.02612651404122,0.00922398099017135));
#7319=CARTESIAN_POINT('',(2.28102700236399,2.01416933548168,0.00887810889087821));
#7320=CARTESIAN_POINT('',(2.26414925277721,2.02483437805039,0.0100606637073383));
#7321=CARTESIAN_POINT('',(2.26360491535875,2.02507978335932,7.8505974202452E-5));
#7322=CARTESIAN_POINT('',(2.26414925277721,2.02483437805039,0.0100606637073383));
#7323=CARTESIAN_POINT('',(2.26510122619415,2.01287719949086,0.00971479160804512));
#7324=CARTESIAN_POINT('',(2.26510122619415,2.01287719949086,0.00971479160804511));
#7325=CARTESIAN_POINT('',(2.26909529215699,2.01287719949086,0.00949699104693157));
#7326=CARTESIAN_POINT('',(2.26455688877568,2.01312260479979,-0.000267366125090689));
#7327=CARTESIAN_POINT('',(2.26455688877568,2.01312260479979,-0.000267366125090687));
#7328=CARTESIAN_POINT('',(2.2665539217571,2.01312260479979,-0.000376266405647458));
#7329=CARTESIAN_POINT('',(2.265155659936,2.01285265895996,0.0107130073813587));
#7330=CARTESIAN_POINT('',(2.26493792496861,2.01295082108354,0.00672014428810438));
#7331=CARTESIAN_POINT('',(2.26693495795003,2.01295082108354,0.00661124400754761));
#7332=CARTESIAN_POINT('',(2.265155659936,2.01285265895996,0.0107130073813587));
#7333=CARTESIAN_POINT('',(2.26493792496861,2.01295082108354,0.00672014428810438));
#7334=CARTESIAN_POINT('',(2.26891936901107,2.01327385508125,0.00651097360881265));
#7335=CARTESIAN_POINT('',(2.26493792496861,2.01295082108354,0.00672014428810438));
#7336=CARTESIAN_POINT('',(0.,0.,0.));
#7337=CARTESIAN_POINT('',(1.01162987847506,1.7647750302712,0.00394002032751463));
#7338=CARTESIAN_POINT('',(1.01141214350768,1.76487319239477,-5.28427657396935E-5));
#7339=CARTESIAN_POINT('',(1.01738430957137,1.76535774339133,-0.000366598784677291));
#7340=CARTESIAN_POINT('',(1.00543997744399,1.76438864139821,0.000260913253197892));
#7341=CARTESIAN_POINT('',(1.00565771241137,1.76429047927464,0.00425377634645221));
#7342=CARTESIAN_POINT('',(1.00565771241137,1.76429047927464,0.00425377634645221));
#7343=CARTESIAN_POINT('',(1.01162987847506,1.7647750302712,0.00394002032751463));
#7344=CARTESIAN_POINT('',(1.01760204453876,1.76525958126775,0.00362626430857703));
#7345=CARTESIAN_POINT('',(1.01760204453876,1.76525958126775,0.00362626430857703));
#7346=CARTESIAN_POINT('',(1.00605436800176,1.7593083215415,0.00410966297174674));
#7347=CARTESIAN_POINT('',(1.00583663303437,1.75940648366508,0.000116799878492419));
#7348=CARTESIAN_POINT('',(1.00623328862476,1.75442432593194,-2.73134962130592E-5));
#7349=CARTESIAN_POINT('',(1.00645102359215,1.75432616380836,0.00396554959704127));
#7350=CARTESIAN_POINT('',(1.00645102359215,1.75432616380836,0.00396554959704127));
#7351=CARTESIAN_POINT('',(1.00605436800176,1.7593083215415,0.00410966297174674));
#7352=CARTESIAN_POINT('',(1.01242318965584,1.75481071480493,0.00365179357810368));
#7353=CARTESIAN_POINT('',(1.01220545468845,1.7549088769285,-0.000341069515150645));
#7354=CARTESIAN_POINT('',(1.01817762075215,1.75539342792506,-0.000654825534088242));
#7355=CARTESIAN_POINT('',(1.01839535571953,1.75529526580149,0.00333803755916608));
#7356=CARTESIAN_POINT('',(1.01839535571953,1.75529526580149,0.00333803755916608));
#7357=CARTESIAN_POINT('',(1.01242318965584,1.75481071480493,0.00365179357810368));
#7358=CARTESIAN_POINT('',(1.00605436800176,1.7593083215415,0.00410966297174674));
#7359=CARTESIAN_POINT('',(1.00605436800176,1.7593083215415,0.00410966297174674));
#7360=CARTESIAN_POINT('',(1.00705288449247,1.7593083215415,0.00405521283146836));
#7361=CARTESIAN_POINT('',(1.00583663303437,1.75940648366508,0.000116799878492419));
#7362=CARTESIAN_POINT('',(1.00683514952509,1.75940648366508,6.23497382140369E-5));
#7363=CARTESIAN_POINT('',(1.01799870012914,1.76027742353462,0.00348215093387156));
#7364=CARTESIAN_POINT('',(1.01778096516176,1.7603755856582,-0.000510712159382769));
#7365=CARTESIAN_POINT('',(1.01799870012914,1.76027742353462,0.00348215093387156));
#7366=CARTESIAN_POINT('',(1.01202653406545,1.75979287253806,0.00379590695280914));
#7367=CARTESIAN_POINT('',(1.01180879909807,1.75989103466163,-0.000196956140445184));
#7368=CARTESIAN_POINT('',(0.,0.,0.));
#7369=CARTESIAN_POINT('',(0.748848847573221,1.7617323066854,0.00456217968533054));
#7370=CARTESIAN_POINT('',(0.748631112605834,1.76183046880897,0.000569316592076221));
#7371=CARTESIAN_POINT('',(0.749583086022766,1.74987329024944,0.000223444492783081));
#7372=CARTESIAN_POINT('',(0.747679139188903,1.7737876473685,0.00091518869136936));
#7373=CARTESIAN_POINT('',(0.749800820990152,1.74977512812587,0.00421630758603741));
#7374=CARTESIAN_POINT('',(0.749800820990152,1.74977512812587,0.00421630758603741));
#7375=CARTESIAN_POINT('',(0.748848847573221,1.7617323066854,0.00456217968533054));
#7376=CARTESIAN_POINT('',(0.74789687415629,1.77368948524492,0.00490805178462368));
#7377=CARTESIAN_POINT('',(0.74789687415629,1.77368948524492,0.00490805178462368));
#7378=CARTESIAN_POINT('',(0.765726597159997,1.7510672641167,0.00337962486887049));
#7379=CARTESIAN_POINT('',(0.765508862192611,1.75116542624027,-0.000613238224383832));
#7380=CARTESIAN_POINT('',(0.781434638362456,1.7524575622311,-0.00144992094155074));
#7381=CARTESIAN_POINT('',(0.781652373329842,1.75235940010753,0.00254294215170358));
#7382=CARTESIAN_POINT('',(0.781652373329842,1.75235940010753,0.00254294215170358));
#7383=CARTESIAN_POINT('',(0.765726597159997,1.7510672641167,0.00337962486887049));
#7384=CARTESIAN_POINT('',(0.780700399912911,1.76431657866705,0.00288881425099672));
#7385=CARTESIAN_POINT('',(0.780482664945524,1.76441474079062,-0.0011040488422576));
#7386=CARTESIAN_POINT('',(0.779530691528593,1.77637191935015,-0.000758176742964465));
#7387=CARTESIAN_POINT('',(0.77974842649598,1.77627375722657,0.00323468635028986));
#7388=CARTESIAN_POINT('',(0.77974842649598,1.77627375722657,0.00323468635028986));
#7389=CARTESIAN_POINT('',(0.780700399912911,1.76431657866705,0.00288881425099672));
#7390=CARTESIAN_POINT('',(0.757129060130454,1.7583926484943,0.00402854762698271));
#7391=CARTESIAN_POINT('',(0.757129060130454,1.7583926484943,0.00402854762698271));
#7392=CARTESIAN_POINT('',(0.759126093111878,1.7583926484943,0.00391964734642594));
#7393=CARTESIAN_POINT('',(0.756911325163067,1.75849081061788,3.5684533728385E-5));
#7394=CARTESIAN_POINT('',(0.758908358144491,1.75849081061788,-7.32157468283853E-5));
#7395=CARTESIAN_POINT('',(0.773054836300299,1.75968478448513,0.00319186490981579));
#7396=CARTESIAN_POINT('',(0.773054836300299,1.75968478448513,0.00319186490981579));
#7397=CARTESIAN_POINT('',(0.775051869281723,1.75968478448513,0.00308296462925902));
#7398=CARTESIAN_POINT('',(0.772837101332912,1.7597829466087,-0.000800998183438527));
#7399=CARTESIAN_POINT('',(0.774834134314336,1.7597829466087,-0.000909898463995297));
#7400=CARTESIAN_POINT('',(0.764457299270756,1.76701016886273,0.00384078766792802));
#7401=CARTESIAN_POINT('',(0.764457299270756,1.76701016886273,0.00384078766792802));
#7402=CARTESIAN_POINT('',(0.76645433225218,1.76701016886273,0.00373188738737124));
#7403=CARTESIAN_POINT('',(0.764239564303369,1.7671083309863,-0.00015207542532631));
#7404=CARTESIAN_POINT('',(0.766236597284793,1.7671083309863,-0.000260975705883081));
#7405=CARTESIAN_POINT('',(0.763822650326135,1.77498162123575,0.00407136906745677));
#7406=CARTESIAN_POINT('',(0.763604915358748,1.77507978335932,7.85059742024474E-5));
#7407=CARTESIAN_POINT('',(0.763822650326135,1.77498162123575,0.00407136906745677));
#7408=CARTESIAN_POINT('',(0.764774623743066,1.76302444267622,0.00372549696816364));
#7409=CARTESIAN_POINT('',(0.764556888775679,1.76312260479979,-0.000267366125090686));
#7410=CARTESIAN_POINT('',(0.,0.,0.));
#7411=CARTESIAN_POINT('',(1.25023629092493,1.99957880387872,0.012202033772546));
#7412=CARTESIAN_POINT('',(1.25023629092493,1.99957880387872,0.012202033772546));
#7413=CARTESIAN_POINT('',(1.26018990103108,2.00038638887299,0.0116791070743167));
#7414=CARTESIAN_POINT('',(1.25434800273538,2.00241957730566,0.0120476565574069));
#7415=CARTESIAN_POINT('',(1.25271299507163,2.00479409131877,0.0121951912122569));
#7416=CARTESIAN_POINT('',(1.25598301039912,2.00004506329255,0.0119001219025569));
#7417=CARTESIAN_POINT('',(1.25474465832577,1.99743741957252,0.0119035431827015));
#7418=CARTESIAN_POINT('',(1.25350630625241,1.9948297758525,0.011906964462846));
#7419=CARTESIAN_POINT('',(1.25063294651531,1.99459664614559,0.0120579203978406));
#7420=CARTESIAN_POINT('',(1.24775958677821,1.99436351643867,0.0122088763328352));
#7421=CARTESIAN_POINT('',(1.24612457911447,1.99673803045178,0.0123564109876852));
#7422=CARTESIAN_POINT('',(1.24448957145073,1.99911254446488,0.0125039456425352));
#7423=CARTESIAN_POINT('',(1.24572792352408,2.00172018818491,0.0125005243623907));
#7424=CARTESIAN_POINT('',(1.24696627559744,2.00432783190493,0.0124971030822461));
#7425=CARTESIAN_POINT('',(1.24983963533454,2.00456096161186,0.0123461471472515));
#7426=CARTESIAN_POINT('',(1.25023629092493,1.99957880387872,0.012202033772546));
#7427=CARTESIAN_POINT('',(1.24958308602277,1.99987329024944,0.000223444492783083));
#7428=CARTESIAN_POINT('',(1.25953669612892,2.00068087524371,-0.000299482205446237));
#7429=CARTESIAN_POINT('',(1.24958308602277,1.99987329024944,0.000223444492783083));
#7430=CARTESIAN_POINT('',(1.24958308602277,1.99987329024944,0.000223444492783075));
#7431=CARTESIAN_POINT('',(1.25158011900419,1.99987329024944,0.000114544212226304));
#7432=CARTESIAN_POINT('',(1.25029072466677,1.99955426334783,0.0132002495458596));
#7433=CARTESIAN_POINT('',(1.25001855595754,1.9996769660023,0.00820917067929172));
#7434=CARTESIAN_POINT('',(1.25201558893896,1.9996769660023,0.00810027039873495));
#7435=CARTESIAN_POINT('',(1.25479909206761,1.99741287904163,0.012901758956015));
#7436=CARTESIAN_POINT('',(1.25603744414097,2.00002052276166,0.0128983376758705));
#7437=CARTESIAN_POINT('',(1.25576527543173,2.00014322541612,0.00790725880930259));
#7438=CARTESIAN_POINT('',(1.25452692335838,1.9975355816961,0.00791068008944714));
#7439=CARTESIAN_POINT('',(1.25328857128502,1.99492793797607,0.00791410136959168));
#7440=CARTESIAN_POINT('',(1.25356073999426,1.99480523532161,0.0129051802361596));
#7441=CARTESIAN_POINT('',(1.25440243647722,2.00239503677477,0.0130458723307205));
#7442=CARTESIAN_POINT('',(1.25276742881348,2.00476955078787,0.0131934069855705));
#7443=CARTESIAN_POINT('',(1.25249526010425,2.00489225344234,0.00820232811900263));
#7444=CARTESIAN_POINT('',(1.25413026776799,2.00251773942923,0.00805479346415261));
#7445=CARTESIAN_POINT('',(1.24989406907638,2.00453642108096,0.0133443629205651));
#7446=CARTESIAN_POINT('',(1.24702070933929,2.00430329137404,0.0134953188555597));
#7447=CARTESIAN_POINT('',(1.24674854063005,2.00442599402851,0.00850423998899177));
#7448=CARTESIAN_POINT('',(1.24962190036715,2.00465912373543,0.0083532840539972));
#7449=CARTESIAN_POINT('',(1.24578235726593,2.00169564765402,0.0134987401357042));
#7450=CARTESIAN_POINT('',(1.24454400519258,1.99908800393399,0.0135021614158488));
#7451=CARTESIAN_POINT('',(1.24427183648334,1.99921070658846,0.00851108254928087));
#7452=CARTESIAN_POINT('',(1.2455101885567,2.00181835030848,0.00850766126913632));
#7453=CARTESIAN_POINT('',(1.24617901285632,1.99671348992088,0.0133546267609987));
#7454=CARTESIAN_POINT('',(1.24781402052006,1.99433897590777,0.0132070921061487));
#7455=CARTESIAN_POINT('',(1.24754185181083,1.99446167856224,0.00821601323958082));
#7456=CARTESIAN_POINT('',(1.24590684414709,1.99683619257535,0.00836354789443084));
#7457=CARTESIAN_POINT('',(1.25068738025716,1.99457210561469,0.0130561361711542));
#7458=CARTESIAN_POINT('',(1.25041521154793,1.99469480826915,0.00806505730458625));
#7459=CARTESIAN_POINT('',(1.25001855595754,1.9996769660023,0.00820917067929173));
#7460=CARTESIAN_POINT('',(0.,0.,0.));
#7461=CARTESIAN_POINT('',(0.499086840927454,1.75874301204551,0.00447571166050727));
#7462=CARTESIAN_POINT('',(0.498869105960067,1.75884117416909,0.000482848567252942));
#7463=CARTESIAN_POINT('',(0.499583086022766,1.74987329024944,0.000223444492783085));
#7464=CARTESIAN_POINT('',(0.498155125897369,1.76780905808873,0.0007422526417228));
#7465=CARTESIAN_POINT('',(0.499800820990152,1.74977512812587,0.00421630758603741));
#7466=CARTESIAN_POINT('',(0.499800820990152,1.74977512812587,0.00421630758603741));
#7467=CARTESIAN_POINT('',(0.499086840927454,1.75874301204551,0.00447571166050727));
#7468=CARTESIAN_POINT('',(0.498372860864755,1.76771089596516,0.00473511573497712));
#7469=CARTESIAN_POINT('',(0.498372860864755,1.76771089596516,0.00473511573497712));
#7470=CARTESIAN_POINT('',(0.511745153117536,1.75074423011899,0.00358879554816222));
#7471=CARTESIAN_POINT('',(0.51152741815015,1.75084239224257,-0.000404067545092104));
#7472=CARTESIAN_POINT('',(0.523471750277533,1.75181149423569,-0.00103157958296727));
#7473=CARTESIAN_POINT('',(0.52368948524492,1.75171333211211,0.00296128351028705));
#7474=CARTESIAN_POINT('',(0.52368948524492,1.75171333211211,0.00296128351028705));
#7475=CARTESIAN_POINT('',(0.511745153117536,1.75074423011899,0.00358879554816222));
#7476=CARTESIAN_POINT('',(0.522975505182221,1.76068121603176,0.00322068758475691));
#7477=CARTESIAN_POINT('',(0.522757770214835,1.76077937815533,-0.00077217550849742));
#7478=CARTESIAN_POINT('',(0.522043790152136,1.76974726207498,-0.000512771434027572));
#7479=CARTESIAN_POINT('',(0.522261525119523,1.7696490999514,0.00348009165922675));
#7480=CARTESIAN_POINT('',(0.522261525119523,1.7696490999514,0.00348009165922675));
#7481=CARTESIAN_POINT('',(0.522975505182221,1.76068121603176,0.00322068758475691));
#7482=CARTESIAN_POINT('',(0.511348497527148,1.75572638785212,0.0037329089228677));
#7483=CARTESIAN_POINT('',(0.511130762559761,1.7558245499757,-0.000259954170386625));
#7484=CARTESIAN_POINT('',(0.50515859649607,1.75533999897914,5.38018485509666E-5));
#7485=CARTESIAN_POINT('',(0.517102928623453,1.75630910097226,-0.000573710189324217));
#7486=CARTESIAN_POINT('',(0.505376331463456,1.75524183685556,0.00404666494180529));
#7487=CARTESIAN_POINT('',(0.505376331463456,1.75524183685556,0.00404666494180529));
#7488=CARTESIAN_POINT('',(0.511348497527148,1.75572638785212,0.0037329089228677));
#7489=CARTESIAN_POINT('',(0.51732066359084,1.75621093884868,0.0034191529039301));
#7490=CARTESIAN_POINT('',(0.51732066359084,1.75621093884868,0.0034191529039301));
#7491=CARTESIAN_POINT('',(0.505059006991146,1.75922756304208,0.00416195564156967));
#7492=CARTESIAN_POINT('',(0.504841272023759,1.75932572516565,0.000169092548315349));
#7493=CARTESIAN_POINT('',(0.504523947551449,1.76331145135216,0.000284383248079724));
#7494=CARTESIAN_POINT('',(0.504741682518835,1.76321328922858,0.00427724634133404));
#7495=CARTESIAN_POINT('',(0.504741682518835,1.76321328922858,0.00427724634133404));
#7496=CARTESIAN_POINT('',(0.505059006991146,1.75922756304208,0.00416195564156967));
#7497=CARTESIAN_POINT('',(0.510713848582527,1.76369784022514,0.00396349032239646));
#7498=CARTESIAN_POINT('',(0.510496113615141,1.76379600234872,-2.93727708578613E-5));
#7499=CARTESIAN_POINT('',(0.516468279678832,1.76428055334528,-0.000343128789795453));
#7500=CARTESIAN_POINT('',(0.516686014646219,1.7641823912217,0.00364973430345887));
#7501=CARTESIAN_POINT('',(0.516686014646219,1.7641823912217,0.00364973430345887));
#7502=CARTESIAN_POINT('',(0.510713848582527,1.76369784022514,0.00396349032239646));
#7503=CARTESIAN_POINT('',(0.517003339118529,1.7601966650352,0.00353444360369449));
#7504=CARTESIAN_POINT('',(0.516785604151143,1.76029482715877,-0.000458419489559835));
#7505=CARTESIAN_POINT('',(0.517003339118529,1.7601966650352,0.00353444360369449));
#7506=CARTESIAN_POINT('',(0.510317192992139,1.76867999795828,0.00410760369710194));
#7507=CARTESIAN_POINT('',(0.510099458024752,1.76877816008186,0.000114740603847617));
#7508=CARTESIAN_POINT('',(0.510317192992139,1.76867999795828,0.00410760369710194));
#7509=CARTESIAN_POINT('',(0.511031173054838,1.75971211403864,0.00384819962263208));
#7510=CARTESIAN_POINT('',(0.510813438087451,1.75981027616221,-0.000144663470622243));
#7511=CARTESIAN_POINT('',(0.,0.,0.));
#7512=CARTESIAN_POINT('',(0.749275039529225,2.2576974994371,0.00644332053219333));
#7513=CARTESIAN_POINT('',(0.748948437078145,2.25784474262246,0.000454025892311843));
#7514=CARTESIAN_POINT('',(0.749583086022766,2.24987329024944,0.000223444492783083));
#7515=CARTESIAN_POINT('',(0.748313788133524,2.26581619499547,0.000684607291840603));
#7516=CARTESIAN_POINT('',(0.749909688473846,2.24972604706408,0.00621273913266457));
#7517=CARTESIAN_POINT('',(0.750780628343392,2.24933339856978,0.0221841915056818));
#7518=CARTESIAN_POINT('',(0.750145979398771,2.2573048509428,0.0224147729052106));
#7519=CARTESIAN_POINT('',(0.74951133045415,2.26527630331582,0.0226453543047394));
#7520=CARTESIAN_POINT('',(0.748640390584604,2.26566895181011,0.00667390193172209));
#7521=CARTESIAN_POINT('',(0.761854020601229,2.2506951490572,0.00558522709478938));
#7522=CARTESIAN_POINT('',(0.76152741815015,2.25084239224256,-0.000404067545092102));
#7523=CARTESIAN_POINT('',(0.773471750277533,2.25181149423569,-0.00103157958296729));
#7524=CARTESIAN_POINT('',(0.773798352728613,2.25166425105032,0.0049577150569142));
#7525=CARTESIAN_POINT('',(0.773798352728613,2.25166425105032,0.0049577150569142));
#7526=CARTESIAN_POINT('',(0.761854020601229,2.2506951490572,0.00558522709478938));
#7527=CARTESIAN_POINT('',(0.757872576558768,2.25037211505949,0.00579439777408111));
#7528=CARTESIAN_POINT('',(0.757981444042461,2.2503230339977,0.00779082932070827));
#7529=CARTESIAN_POINT('',(0.755990722021231,2.25016151699885,0.00789541466035413));
#7530=CARTESIAN_POINT('',(0.756752794407084,2.24981794956634,0.0218704354867442));
#7531=CARTESIAN_POINT('',(0.756752794407084,2.24981794956634,0.0218704354867442));
#7532=CARTESIAN_POINT('',(0.753766711375238,2.24957567406806,0.0220273134962131));
#7533=CARTESIAN_POINT('',(0.773163703783992,2.25963570342334,0.00518829645644296));
#7534=CARTESIAN_POINT('',(0.772837101332912,2.2597829466087,-0.000800998183438525));
#7535=CARTESIAN_POINT('',(0.772202452388291,2.26775439898172,-0.000570416783909765));
#7536=CARTESIAN_POINT('',(0.772529054839371,2.26760715579635,0.00541887785597172));
#7537=CARTESIAN_POINT('',(0.772529054839371,2.26760715579635,0.00541887785597172));
#7538=CARTESIAN_POINT('',(0.773163703783992,2.25963570342334,0.00518829645644296));
#7539=CARTESIAN_POINT('',(0.760584722711988,2.26663805380324,0.0060463898938469));
#7540=CARTESIAN_POINT('',(0.760258120260908,2.2667852969886,5.70952539654194E-5));
#7541=CARTESIAN_POINT('',(0.752497413485996,2.26551857881409,0.0224884762952706));
#7542=CARTESIAN_POINT('',(0.755483496517842,2.26576085431237,0.0223315982858018));
#7543=CARTESIAN_POINT('',(0.755483496517842,2.26576085431237,0.0223315982858018));
#7544=CARTESIAN_POINT('',(0.754721424131989,2.26610442174489,0.00835657745941165));
#7545=CARTESIAN_POINT('',(0.75671214615322,2.26626593874374,0.00825199211976579));
#7546=CARTESIAN_POINT('',(0.756603278669526,2.26631501980553,0.00625556057313863));
#7547=CARTESIAN_POINT('',(0.760584722711988,2.26663805380324,0.0060463898938469));
#7548=CARTESIAN_POINT('',(0.761219371656608,2.25866660143022,0.00581580849431814));
#7549=CARTESIAN_POINT('',(0.757237927614147,2.25834356743251,0.00602497917360987));
#7550=CARTESIAN_POINT('',(0.760892769205529,2.25881384461558,-0.000173486145563341));
#7551=CARTESIAN_POINT('',(0.756118145462463,2.25778940193936,0.0221010168862731));
#7552=CARTESIAN_POINT('',(0.75535607307661,2.25813296937187,0.00812599605988289));
#7553=CARTESIAN_POINT('',(0.756118145462463,2.25778940193936,0.0221010168862731));
#7554=CARTESIAN_POINT('',(0.753132062430617,2.25754712644108,0.0222578948957418));
#7555=CARTESIAN_POINT('',(0.75734679509784,2.25829448637072,0.00802141072023703));
#7556=CARTESIAN_POINT('',(0.,0.,0.));
#7557=CARTESIAN_POINT('',(1.49916617204553,2.00774658049888,0.00444688898556616));
#7558=CARTESIAN_POINT('',(1.49894843707814,2.00784474262246,0.000454025892311843));
#7559=CARTESIAN_POINT('',(1.49958308602277,1.99987329024944,0.000223444492783083));
#7560=CARTESIAN_POINT('',(1.49831378813352,2.01581619499547,0.000684607291840603));
#7561=CARTESIAN_POINT('',(1.49980082099015,1.99977512812587,0.00421630758603741));
#7562=CARTESIAN_POINT('',(1.49980082099015,1.99977512812587,0.00421630758603741));
#7563=CARTESIAN_POINT('',(1.49916617204553,2.00774658049888,0.00444688898556616));
#7564=CARTESIAN_POINT('',(1.49853152310091,2.0157180328719,0.00467747038509493));
#7565=CARTESIAN_POINT('',(1.49853152310091,2.0157180328719,0.00467747038509493));
#7566=CARTESIAN_POINT('',(1.51174515311753,2.00074423011899,0.00358879554816222));
#7567=CARTESIAN_POINT('',(1.51152741815015,2.00084239224257,-0.000404067545092102));
#7568=CARTESIAN_POINT('',(1.52347175027754,2.00181149423568,-0.00103157958296729));
#7569=CARTESIAN_POINT('',(1.52368948524492,2.00171333211211,0.00296128351028704));
#7570=CARTESIAN_POINT('',(1.52368948524492,2.00171333211211,0.00296128351028704));
#7571=CARTESIAN_POINT('',(1.51174515311753,2.00074423011899,0.00358879554816222));
#7572=CARTESIAN_POINT('',(1.5230548363003,2.00968478448512,0.0031918649098158));
#7573=CARTESIAN_POINT('',(1.52283710133291,2.0097829466087,-0.000800998183438525));
#7574=CARTESIAN_POINT('',(1.52220245238829,2.01775439898172,-0.000570416783909765));
#7575=CARTESIAN_POINT('',(1.52242018735568,2.01765623685815,0.00342244630934456));
#7576=CARTESIAN_POINT('',(1.52242018735568,2.01765623685815,0.00342244630934456));
#7577=CARTESIAN_POINT('',(1.5230548363003,2.00968478448512,0.0031918649098158));
#7578=CARTESIAN_POINT('',(1.51047585522829,2.01668713486503,0.00404995834721974));
#7579=CARTESIAN_POINT('',(1.51025812026091,2.0167852969886,5.70952539654194E-5));
#7580=CARTESIAN_POINT('',(1.51047585522829,2.01668713486503,0.00404995834721974));
#7581=CARTESIAN_POINT('',(1.51111050417291,2.00871568249201,0.00381937694769098));
#7582=CARTESIAN_POINT('',(1.51111050417291,2.00871568249201,0.00381937694769098));
#7583=CARTESIAN_POINT('',(1.51510457013576,2.00871568249201,0.00360157638657744));
#7584=CARTESIAN_POINT('',(1.51089276920553,2.00881384461558,-0.000173486145563341));
#7585=CARTESIAN_POINT('',(1.51154597410769,2.00851935824485,0.0118051031341996));
#7586=CARTESIAN_POINT('',(1.51154597410769,2.00851935824485,0.0118051031341996));
#7587=CARTESIAN_POINT('',(1.51552741815015,2.00884239224256,0.0115959324549079));
#7588=CARTESIAN_POINT('',(1.51154597410769,2.00851935824485,0.0118051031341996));
#7589=CARTESIAN_POINT('',(0.,0.,0.));
#7590=CARTESIAN_POINT('',(1.49940416539976,1.75475728585901,0.00436042096074288));
#7591=CARTESIAN_POINT('',(1.49918643043238,1.75485544798258,0.00036755786748855));
#7592=CARTESIAN_POINT('',(1.49958308602277,1.74987329024944,0.000223444492783077));
#7593=CARTESIAN_POINT('',(1.49878977484199,1.75983760571572,0.000511671242194028));
#7594=CARTESIAN_POINT('',(1.49980082099015,1.74977512812587,0.0042163075860374));
#7595=CARTESIAN_POINT('',(1.49980082099015,1.74977512812587,0.0042163075860374));
#7596=CARTESIAN_POINT('',(1.49940416539976,1.75475728585901,0.00436042096074288));
#7597=CARTESIAN_POINT('',(1.49900750980938,1.75973944359214,0.00450453433544835));
#7598=CARTESIAN_POINT('',(1.49900750980938,1.75973944359214,0.00450453433544835));
#7599=CARTESIAN_POINT('',(1.50477762604323,1.750178920623,0.00395484423692275));
#7600=CARTESIAN_POINT('',(1.50455989107584,1.75027708274658,-3.80188563315782E-5));
#7601=CARTESIAN_POINT('',(1.50953669612892,1.75068087524371,-0.000299482205446238));
#7602=CARTESIAN_POINT('',(1.5097544310963,1.75058271312014,0.00369338088780808));
#7603=CARTESIAN_POINT('',(1.5097544310963,1.75058271312014,0.00369338088780808));
#7604=CARTESIAN_POINT('',(1.50477762604323,1.750178920623,0.00395484423692275));
#7605=CARTESIAN_POINT('',(1.50935777550592,1.75556487085327,0.00383749426251357));
#7606=CARTESIAN_POINT('',(1.50914004053853,1.75566303297685,-0.00015536883074076));
#7607=CARTESIAN_POINT('',(1.50874338494814,1.76064519070998,-1.12554560352872E-5));
#7608=CARTESIAN_POINT('',(1.50896111991553,1.7605470285864,0.00398160763721904));
#7609=CARTESIAN_POINT('',(1.50896111991553,1.7605470285864,0.00398160763721904));
#7610=CARTESIAN_POINT('',(1.50935777550592,1.75556487085327,0.00383749426251357));
#7611=CARTESIAN_POINT('',(1.50398431486245,1.76014323608928,0.00424307098633369));
#7612=CARTESIAN_POINT('',(1.50376657989507,1.76024139821285,0.000250207893079368));
#7613=CARTESIAN_POINT('',(1.50398431486245,1.76014323608928,0.00424307098633369));
#7614=CARTESIAN_POINT('',(1.50935777550592,1.75556487085327,0.00383749426251356));
#7615=CARTESIAN_POINT('',(1.50914004053853,1.75566303297685,-0.000155368830740765));
#7616=CARTESIAN_POINT('',(0.,0.,0.));
#7617=CARTESIAN_POINT('',(1.25378598706726,1.76263431495584,0.00431512767368643));
#7618=CARTESIAN_POINT('',(1.25356825209987,1.76273247707941,0.000322264580432105));
#7619=CARTESIAN_POINT('',(1.25376657989507,1.76024139821285,0.000250207893079366));
#7620=CARTESIAN_POINT('',(1.25336992430468,1.76522355594599,0.000394321267784844));
#7621=CARTESIAN_POINT('',(1.25398431486245,1.76014323608928,0.00424307098633369));
#7622=CARTESIAN_POINT('',(1.25398431486245,1.76014323608928,0.00424307098633369));
#7623=CARTESIAN_POINT('',(1.25378598706726,1.76263431495584,0.00431512767368643));
#7624=CARTESIAN_POINT('',(1.25358765927206,1.76512539382241,0.00438718436103917));
#7625=CARTESIAN_POINT('',(1.25358765927206,1.76512539382241,0.00438718436103917));
#7626=CARTESIAN_POINT('',(1.25647271738899,1.76034513233784,0.00411233931177636));
#7627=CARTESIAN_POINT('',(1.2562549824216,1.76044329446142,0.000119476218522041));
#7628=CARTESIAN_POINT('',(1.25874338494814,1.76064519070998,-1.12554560352893E-5));
#7629=CARTESIAN_POINT('',(1.25896111991553,1.7605470285864,0.00398160763721904));
#7630=CARTESIAN_POINT('',(1.25896111991553,1.7605470285864,0.00398160763721904));
#7631=CARTESIAN_POINT('',(1.25647271738899,1.76034513233784,0.00411233931177636));
#7632=CARTESIAN_POINT('',(1.25915944771072,1.75805594971984,0.0039095509498663));
#7633=CARTESIAN_POINT('',(1.25894171274334,1.75815411184341,-8.33121433880284E-5));
#7634=CARTESIAN_POINT('',(1.25914004053853,1.75566303297685,-0.000155368830740767));
#7635=CARTESIAN_POINT('',(1.25935777550592,1.75556487085327,0.00383749426251356));
#7636=CARTESIAN_POINT('',(1.25935777550592,1.75556487085327,0.00383749426251356));
#7637=CARTESIAN_POINT('',(1.25915944771072,1.75805594971984,0.0039095509498663));
#7638=CARTESIAN_POINT('',(1.26184617803246,1.75576676710184,0.00370676258795622));
#7639=CARTESIAN_POINT('',(1.26162844306507,1.75586492922541,-0.000286100505298104));
#7640=CARTESIAN_POINT('',(1.26411684559161,1.75606682547398,-0.000416832179855423));
#7641=CARTESIAN_POINT('',(1.26433458055899,1.75596866335041,0.0035760309133989));
#7642=CARTESIAN_POINT('',(1.26433458055899,1.75596866335041,0.0035760309133989));
#7643=CARTESIAN_POINT('',(1.26184617803246,1.75576676710184,0.00370676258795622));
#7644=CARTESIAN_POINT('',(1.26393792496861,1.76095082108354,0.00372014428810438));
#7645=CARTESIAN_POINT('',(1.26372019000122,1.76104898320712,-0.000272718805149944));
#7646=CARTESIAN_POINT('',(1.26332353441083,1.76603114094025,-0.000128605430444477));
#7647=CARTESIAN_POINT('',(1.26354126937822,1.76593297881667,0.00386425766280984));
#7648=CARTESIAN_POINT('',(1.26354126937822,1.76593297881667,0.00386425766280984));
#7649=CARTESIAN_POINT('',(1.26393792496861,1.76095082108354,0.00372014428810438));
#7650=CARTESIAN_POINT('',(1.25856446432514,1.76552918631955,0.0041257210119245));
#7651=CARTESIAN_POINT('',(1.25834672935775,1.76562734844312,0.000132857918670184));
#7652=CARTESIAN_POINT('',(1.25856446432514,1.76552918631955,0.0041257210119245));
#7653=CARTESIAN_POINT('',(1.25667104518418,1.75785405347127,0.00404028262442364));
#7654=CARTESIAN_POINT('',(1.2564533102168,1.75795221559485,4.74195311693131E-5));
#7655=CARTESIAN_POINT('',(0.,0.,0.));
#7656=CARTESIAN_POINT('',(1.00870553528668,1.99945936565853,0.00372296144687022));
#7657=CARTESIAN_POINT('',(1.00848780031929,1.9995575277821,-0.000269901646384104));
#7658=CARTESIAN_POINT('',(1.00743890450966,1.99843418032049,-0.000240321087321971));
#7659=CARTESIAN_POINT('',(1.00953669612892,2.00068087524371,-0.000299482205446237));
#7660=CARTESIAN_POINT('',(1.0097544310963,2.00058271312014,0.00369338088780808));
#7661=CARTESIAN_POINT('',(1.0097544310963,2.00058271312014,0.00369338088780808));
#7662=CARTESIAN_POINT('',(1.00870553528668,1.99945936565853,0.00372296144687022));
#7663=CARTESIAN_POINT('',(1.00765663947705,1.99833601819691,0.00375254200593236));
#7664=CARTESIAN_POINT('',(1.00765663947705,1.99833601819691,0.00375254200593236));
#7665=CARTESIAN_POINT('',(1.00854127605286,2.00152252934979,0.00378264030451466));
#7666=CARTESIAN_POINT('',(1.00832354108547,2.00162069147336,-0.000210222788739667));
#7667=CARTESIAN_POINT('',(1.00711038604202,2.00256050770302,-0.000120963372033097));
#7668=CARTESIAN_POINT('',(1.00732812100941,2.00246234557944,0.00387189972122122));
#7669=CARTESIAN_POINT('',(1.00732812100941,2.00246234557944,0.00387189972122122));
#7670=CARTESIAN_POINT('',(1.00854127605286,2.00152252934979,0.00378264030451466));
#7671=CARTESIAN_POINT('',(1.00767618281023,2.0039595102796,0.0038897264384902));
#7672=CARTESIAN_POINT('',(1.00745844784285,2.00405767240317,-0.000103136654764125));
#7673=CARTESIAN_POINT('',(1.00780650964367,2.00555483710333,-8.53099374951526E-5));
#7674=CARTESIAN_POINT('',(1.00802424461106,2.00545667497975,0.00390755315575917));
#7675=CARTESIAN_POINT('',(1.00802424461106,2.00545667497975,0.00390755315575917));
#7676=CARTESIAN_POINT('',(1.00767618281023,2.0039595102796,0.0038897264384902));
#7677=CARTESIAN_POINT('',(1.00650345659574,2.00566265509757,0.00399554720075685));
#7678=CARTESIAN_POINT('',(1.00628572162835,2.00576081722115,2.68410750252303E-6));
#7679=CARTESIAN_POINT('',(1.00476493361303,2.00596679733898,9.06781525001986E-5));
#7680=CARTESIAN_POINT('',(1.00498266858042,2.0058686352154,0.00408354124575452));
#7681=CARTESIAN_POINT('',(1.00498266858042,2.0058686352154,0.00408354124575452));
#7682=CARTESIAN_POINT('',(1.00650345659574,2.00566265509757,0.00399554720075685));
#7683=CARTESIAN_POINT('',(1.00453663349399,2.00733845308176,0.00414399858485868));
#7684=CARTESIAN_POINT('',(1.00431889852661,2.00743661520533,0.000151135491604358));
#7685=CARTESIAN_POINT('',(1.00387286344018,2.00890643307169,0.000211592830708517));
#7686=CARTESIAN_POINT('',(1.00409059840757,2.00880827094811,0.00420445592396284));
#7687=CARTESIAN_POINT('',(1.00409059840757,2.00880827094811,0.00420445592396284));
#7688=CARTESIAN_POINT('',(1.00453663349399,2.00733845308176,0.00414399858485868));
#7689=CARTESIAN_POINT('',(1.00266967134094,2.00822522274788,0.00426760666395574));
#7690=CARTESIAN_POINT('',(1.00245193637356,2.00832338487146,0.000274743570701423));
#7691=CARTESIAN_POINT('',(1.00103100930693,2.00774033667122,0.000337894310694328));
#7692=CARTESIAN_POINT('',(1.00124874427431,2.00764217454764,0.00433075740394865));
#7693=CARTESIAN_POINT('',(1.00124874427431,2.00764217454764,0.00433075740394865));
#7694=CARTESIAN_POINT('',(1.00266967134094,2.00822522274788,0.00426760666395574));
#7695=CARTESIAN_POINT('',(1.00012812704184,2.00869080906989,0.0044176458696985));
#7696=CARTESIAN_POINT('',(0.999910392074458,2.00878897119346,0.000424782776444181));
#7697=CARTESIAN_POINT('',(0.99878977484199,2.00983760571572,0.000511671242194033));
#7698=CARTESIAN_POINT('',(0.999007509809376,2.00973944359214,0.00450453433544836));
#7699=CARTESIAN_POINT('',(0.999007509809376,2.00973944359214,0.00450453433544836));
#7700=CARTESIAN_POINT('',(1.00012812704184,2.00869080906989,0.0044176458696985));
#7701=CARTESIAN_POINT('',(0.998067179951447,2.00852359436825,0.00452592058065397));
#7702=CARTESIAN_POINT('',(0.99784944498406,2.00862175649182,0.000533057487399642));
#7703=CARTESIAN_POINT('',(0.996909115126131,2.00740590726793,0.000554443732605251));
#7704=CARTESIAN_POINT('',(0.997126850093518,2.00730774514436,0.00454730682585957));
#7705=CARTESIAN_POINT('',(0.997126850093518,2.00730774514436,0.00454730682585957));
#7706=CARTESIAN_POINT('',(0.998067179951447,2.00852359436825,0.00452592058065397));
#7707=CARTESIAN_POINT('',(0.995631919197468,2.0076542155491,0.00463734472402587));
#7708=CARTESIAN_POINT('',(0.995414184230081,2.00775237767267,0.000644481630771544));
#7709=CARTESIAN_POINT('',(0.993919253334031,2.00809884807742,0.000734519528937837));
#7710=CARTESIAN_POINT('',(0.994136988301417,2.00800068595385,0.00472738262219216));
#7711=CARTESIAN_POINT('',(0.994136988301417,2.00800068595385,0.00472738262219216));
#7712=CARTESIAN_POINT('',(0.995631919197468,2.0076542155491,0.00463734472402587));
#7713=CARTESIAN_POINT('',(0.993929216278238,2.00647782152396,0.0047012739454785));
#7714=CARTESIAN_POINT('',(0.993711481310852,2.00657598364753,0.000708410852224173));
#7715=CARTESIAN_POINT('',(0.993503709287673,2.00505311921764,0.000682302175510508));
#7716=CARTESIAN_POINT('',(0.99372144425506,2.00495495709407,0.00467516526876483));
#7717=CARTESIAN_POINT('',(0.99372144425506,2.00495495709407,0.00467516526876483));
#7718=CARTESIAN_POINT('',(0.993929216278238,2.00647782152396,0.0047012739454785));
#7719=CARTESIAN_POINT('',(0.992252765221765,2.00450642691616,0.00474422701724571));
#7720=CARTESIAN_POINT('',(0.992035030254378,2.00460458903973,0.000751363923991388));
#7721=CARTESIAN_POINT('',(0.990566351221083,2.00415605886183,0.000820425672472268));
#7722=CARTESIAN_POINT('',(0.99078408618847,2.00405789673825,0.00481328876572659));
#7723=CARTESIAN_POINT('',(0.99078408618847,2.00405789673825,0.00481328876572659));
#7724=CARTESIAN_POINT('',(0.992252765221765,2.00450642691616,0.00474422701724571));
#7725=CARTESIAN_POINT('',(0.991364544345862,2.00263606739654,0.00474668096593452));
#7726=CARTESIAN_POINT('',(0.991146809378476,2.00273422952012,0.000753817872680201));
#7727=CARTESIAN_POINT('',(0.991727267535867,2.0013124001784,0.000687210072888135));
#7728=CARTESIAN_POINT('',(0.991945002503254,2.00121423805483,0.00468007316614246));
#7729=CARTESIAN_POINT('',(0.991945002503254,2.00121423805483,0.00468007316614246));
#7730=CARTESIAN_POINT('',(0.991364544345862,2.00263606739654,0.00474668096593452));
#7731=CARTESIAN_POINT('',(0.990896106693627,2.00009089059321,0.00470965372520459));
#7732=CARTESIAN_POINT('',(0.99067837172624,2.00018905271678,0.000716790631950269));
#7733=CARTESIAN_POINT('',(0.989629475916613,1.99906570525518,0.000746371191012402));
#7734=CARTESIAN_POINT('',(0.989847210883999,1.9989675431316,0.00473923428426673));
#7735=CARTESIAN_POINT('',(0.989847210883999,1.9989675431316,0.00473923428426673));
#7736=CARTESIAN_POINT('',(0.990896106693627,2.00009089059321,0.00470965372520459));
#7737=CARTESIAN_POINT('',(0.991060365927449,1.99802772690194,0.00464997486756016));
#7738=CARTESIAN_POINT('',(0.990842630960062,1.99812588902552,0.000657111774305832));
#7739=CARTESIAN_POINT('',(0.992055786003512,1.99718607279587,0.000567852357599262));
#7740=CARTESIAN_POINT('',(0.992273520970898,1.9970879106723,0.00456071545085358));
#7741=CARTESIAN_POINT('',(0.992273520970898,1.9970879106723,0.00456071545085358));
#7742=CARTESIAN_POINT('',(0.991060365927449,1.99802772690194,0.00464997486756016));
#7743=CARTESIAN_POINT('',(0.991925459170072,1.99559074597214,0.00454288873358461));
#7744=CARTESIAN_POINT('',(0.991707724202686,1.99568890809571,0.000550025640330289));
#7745=CARTESIAN_POINT('',(0.99135966240186,1.99419174339555,0.000532198923061317));
#7746=CARTESIAN_POINT('',(0.991577397369246,1.99409358127198,0.00452506201631564));
#7747=CARTESIAN_POINT('',(0.991577397369246,1.99409358127198,0.00452506201631564));
#7748=CARTESIAN_POINT('',(0.991925459170072,1.99559074597214,0.00454288873358461));
#7749=CARTESIAN_POINT('',(0.993098185384567,1.99388760115416,0.00443706797131796));
#7750=CARTESIAN_POINT('',(0.992880450417181,1.99398576327773,0.000444204878063641));
#7751=CARTESIAN_POINT('',(0.994401238432502,1.99377978315991,0.000356210833065966));
#7752=CARTESIAN_POINT('',(0.994618973399888,1.99368162103633,0.00434907392632029));
#7753=CARTESIAN_POINT('',(0.994618973399888,1.99368162103633,0.00434907392632029));
#7754=CARTESIAN_POINT('',(0.993098185384567,1.99388760115416,0.00443706797131796));
#7755=CARTESIAN_POINT('',(0.995065008486311,1.99221180316998,0.00428861658721613));
#7756=CARTESIAN_POINT('',(0.994847273518925,1.99230996529355,0.000295753493961807));
#7757=CARTESIAN_POINT('',(0.995293308605347,1.99084014742719,0.000235296154857648));
#7758=CARTESIAN_POINT('',(0.995511043572734,1.99074198530362,0.00422815924811197));
#7759=CARTESIAN_POINT('',(0.995511043572734,1.99074198530362,0.00422815924811197));
#7760=CARTESIAN_POINT('',(0.995065008486311,1.99221180316998,0.00428861658721613));
#7761=CARTESIAN_POINT('',(0.996931970639362,1.99132503350386,0.00416500850811907));
#7762=CARTESIAN_POINT('',(0.996714235671976,1.99142319562743,0.000172145414864742));
#7763=CARTESIAN_POINT('',(0.998135162738604,1.99200624382767,0.000108994674871836));
#7764=CARTESIAN_POINT('',(0.998352897705991,1.9919080817041,0.00410185776812616));
#7765=CARTESIAN_POINT('',(0.998352897705991,1.9919080817041,0.00410185776812616));
#7766=CARTESIAN_POINT('',(0.996931970639362,1.99132503350386,0.00416500850811907));
#7767=CARTESIAN_POINT('',(0.999473514938459,1.99085944718185,0.0040149693023763));
#7768=CARTESIAN_POINT('',(0.999255779971073,1.99095760930542,2.21062091219838E-5));
#7769=CARTESIAN_POINT('',(1.00037639720354,1.98990897478317,-6.47822566278683E-5));
#7770=CARTESIAN_POINT('',(1.00059413217093,1.9898108126596,0.00392808083662645));
#7771=CARTESIAN_POINT('',(1.00059413217093,1.9898108126596,0.00392808083662645));
#7772=CARTESIAN_POINT('',(0.999473514938459,1.99085944718185,0.0040149693023763));
#7773=CARTESIAN_POINT('',(1.00153446202886,1.99102666188349,0.00390669459142085));
#7774=CARTESIAN_POINT('',(1.00131672706147,1.99112482400706,-8.61685018334774E-5));
#7775=CARTESIAN_POINT('',(1.0022570569194,1.99234067323095,-0.000107554747039087));
#7776=CARTESIAN_POINT('',(1.00247479188679,1.99224251110738,0.00388530834621523));
#7777=CARTESIAN_POINT('',(1.00247479188679,1.99224251110738,0.00388530834621523));
#7778=CARTESIAN_POINT('',(1.00153446202886,1.99102666188349,0.00390669459142085));
#7779=CARTESIAN_POINT('',(1.00396972278284,1.99189604070264,0.00379527044804895));
#7780=CARTESIAN_POINT('',(1.00375198781545,1.99199420282621,-0.00019759264520538));
#7781=CARTESIAN_POINT('',(1.0052469187115,1.99164773242146,-0.000287630543371672));
#7782=CARTESIAN_POINT('',(1.00546465367889,1.99154957029789,0.00370523254988265));
#7783=CARTESIAN_POINT('',(1.00546465367889,1.99154957029789,0.00370523254988265));
#7784=CARTESIAN_POINT('',(1.00396972278284,1.99189604070264,0.00379527044804895));
#7785=CARTESIAN_POINT('',(1.00567242570207,1.99307243472777,0.00373134122659632));
#7786=CARTESIAN_POINT('',(1.00545469073468,1.99317059685135,-0.000261521866658008));
#7787=CARTESIAN_POINT('',(1.00566246275786,1.99469346128124,-0.000235413189944344));
#7788=CARTESIAN_POINT('',(1.00588019772524,1.99459529915766,0.00375744990330998));
#7789=CARTESIAN_POINT('',(1.00588019772524,1.99459529915766,0.00375744990330998));
#7790=CARTESIAN_POINT('',(1.00567242570207,1.99307243472777,0.00373134122659632));
#7791=CARTESIAN_POINT('',(1.00734887675854,1.99504382933558,0.0036883881548291));
#7792=CARTESIAN_POINT('',(1.00713114179115,1.99514199145915,-0.000304474938425223));
#7793=CARTESIAN_POINT('',(1.00859982082445,1.99559052163706,-0.000373536686906103));
#7794=CARTESIAN_POINT('',(1.00881755579183,1.99549235951349,0.00361932640634822));
#7795=CARTESIAN_POINT('',(1.00881755579183,1.99549235951349,0.00361932640634822));
#7796=CARTESIAN_POINT('',(1.00734887675854,1.99504382933558,0.0036883881548291));
#7797=CARTESIAN_POINT('',(1.00823709763444,1.9969141888552,0.00368593420614029));
#7798=CARTESIAN_POINT('',(1.00801936266706,1.99701235097877,-0.000306928887114037));
#7799=CARTESIAN_POINT('',(1.00823709763444,1.9969141888552,0.00368593420614029));
#7800=CARTESIAN_POINT('',(0.999800820990152,1.99977512812587,0.00421630758603741));
#7801=CARTESIAN_POINT('',(0.999800820990152,1.99977512812587,0.00421630758603741));
#7802=CARTESIAN_POINT('',(1.00279637046229,1.99977512812587,0.00405295716520225));
#7803=CARTESIAN_POINT('',(0.999583086022766,1.99987329024944,0.000223444492783083));
#7804=CARTESIAN_POINT('',(0.999583086022766,1.99987329024944,0.000223444492783083));
#7805=CARTESIAN_POINT('',(1.0025786354949,1.99987329024944,6.00940719479274E-5));
#7806=CARTESIAN_POINT('',(0.999855254731999,1.99975058759498,0.00521452335935099));
#7807=CARTESIAN_POINT('',(0.,0.,0.));
#7808=CARTESIAN_POINT('',(1.25686937297938,1.75536297460471,0.00396822593707089));
#7809=CARTESIAN_POINT('',(1.25665163801199,1.75546113672828,-2.46371561834315E-5));
#7810=CARTESIAN_POINT('',(1.25416323548545,1.75525924047971,0.000106094518373893));
#7811=CARTESIAN_POINT('',(1.25914004053853,1.75566303297685,-0.000155368830740767));
#7812=CARTESIAN_POINT('',(1.25438097045284,1.75516107835613,0.00409895761162821));
#7813=CARTESIAN_POINT('',(1.25438097045284,1.75516107835613,0.00409895761162821));
#7814=CARTESIAN_POINT('',(1.25686937297938,1.75536297460471,0.00396822593707089));
#7815=CARTESIAN_POINT('',(1.25935777550592,1.75556487085327,0.00383749426251356));
#7816=CARTESIAN_POINT('',(1.25935777550592,1.75556487085327,0.00383749426251356));
#7817=CARTESIAN_POINT('',(1.25418264265765,1.75765215722271,0.00417101429898095));
#7818=CARTESIAN_POINT('',(1.25396490769026,1.75775031934628,0.000178151205726626));
#7819=CARTESIAN_POINT('',(1.25376657989507,1.76024139821285,0.000250207893079366));
#7820=CARTESIAN_POINT('',(1.25398431486245,1.76014323608928,0.00424307098633369));
#7821=CARTESIAN_POINT('',(1.25398431486245,1.76014323608928,0.00424307098633369));
#7822=CARTESIAN_POINT('',(1.25418264265765,1.75765215722271,0.00417101429898095));
#7823=CARTESIAN_POINT('',(1.25149591233591,1.75994133984071,0.00437380266089102));
#7824=CARTESIAN_POINT('',(1.25127817736853,1.76003950196428,0.00038093956763669));
#7825=CARTESIAN_POINT('',(1.24878977484199,1.75983760571572,0.000511671242194026));
#7826=CARTESIAN_POINT('',(1.24900750980938,1.75973944359214,0.00450453433544835));
#7827=CARTESIAN_POINT('',(1.24900750980938,1.75973944359214,0.00450453433544835));
#7828=CARTESIAN_POINT('',(1.25149591233591,1.75994133984071,0.00437380266089102));
#7829=CARTESIAN_POINT('',(1.24940416539976,1.75475728585901,0.00436042096074287));
#7830=CARTESIAN_POINT('',(1.24918643043238,1.75485544798258,0.000367557867488548));
#7831=CARTESIAN_POINT('',(1.24958308602277,1.74987329024944,0.000223444492783075));
#7832=CARTESIAN_POINT('',(1.24980082099015,1.74977512812587,0.0042163075860374));
#7833=CARTESIAN_POINT('',(1.24980082099015,1.74977512812587,0.0042163075860374));
#7834=CARTESIAN_POINT('',(1.24940416539976,1.75475728585901,0.00436042096074287));
#7835=CARTESIAN_POINT('',(1.25477762604323,1.750178920623,0.00395484423692274));
#7836=CARTESIAN_POINT('',(1.25455989107584,1.75027708274658,-3.80188563315858E-5));
#7837=CARTESIAN_POINT('',(1.25953669612892,1.75068087524371,-0.000299482205446246));
#7838=CARTESIAN_POINT('',(1.2597544310963,1.75058271312014,0.00369338088780807));
#7839=CARTESIAN_POINT('',(1.2597544310963,1.75058271312014,0.00369338088780807));
#7840=CARTESIAN_POINT('',(1.25477762604323,1.750178920623,0.00395484423692274));
#7841=CARTESIAN_POINT('',(1.25955610330111,1.7530737919867,0.00376543757516082));
#7842=CARTESIAN_POINT('',(1.25933836833372,1.75317195411028,-0.000227425518093501));
#7843=CARTESIAN_POINT('',(1.25955610330111,1.7530737919867,0.00376543757516082));
#7844=CARTESIAN_POINT('',(1.25667104518418,1.75785405347127,0.00404028262442364));
#7845=CARTESIAN_POINT('',(1.2564533102168,1.75795221559485,4.74195311693131E-5));
#7846=CARTESIAN_POINT('',(0.,0.,0.));
#7847=CARTESIAN_POINT('',(1.25418264265765,1.75765215722271,0.00417101429898095));
#7848=CARTESIAN_POINT('',(1.25396490769026,1.75775031934628,0.000178151205726626));
#7849=CARTESIAN_POINT('',(1.25416323548545,1.75525924047971,0.000106094518373893));
#7850=CARTESIAN_POINT('',(1.25376657989507,1.76024139821285,0.000250207893079366));
#7851=CARTESIAN_POINT('',(1.25438097045284,1.75516107835613,0.00409895761162821));
#7852=CARTESIAN_POINT('',(1.25438097045284,1.75516107835613,0.00409895761162821));
#7853=CARTESIAN_POINT('',(1.25418264265765,1.75765215722271,0.00417101429898095));
#7854=CARTESIAN_POINT('',(1.25398431486245,1.76014323608928,0.00424307098633369));
#7855=CARTESIAN_POINT('',(1.25398431486245,1.76014323608928,0.00424307098633369));
#7856=CARTESIAN_POINT('',(1.25686937297938,1.75536297460471,0.00396822593707089));
#7857=CARTESIAN_POINT('',(1.25665163801199,1.75546113672828,-2.46371561834315E-5));
#7858=CARTESIAN_POINT('',(1.25914004053853,1.75566303297685,-0.000155368830740767));
#7859=CARTESIAN_POINT('',(1.25935777550592,1.75556487085327,0.00383749426251356));
#7860=CARTESIAN_POINT('',(1.25935777550592,1.75556487085327,0.00383749426251356));
#7861=CARTESIAN_POINT('',(1.25686937297938,1.75536297460471,0.00396822593707089));
#7862=CARTESIAN_POINT('',(1.25915944771072,1.75805594971984,0.0039095509498663));
#7863=CARTESIAN_POINT('',(1.25894171274334,1.75815411184341,-8.33121433880284E-5));
#7864=CARTESIAN_POINT('',(1.25874338494814,1.76064519070998,-1.12554560352893E-5));
#7865=CARTESIAN_POINT('',(1.25896111991553,1.7605470285864,0.00398160763721904));
#7866=CARTESIAN_POINT('',(1.25896111991553,1.7605470285864,0.00398160763721904));
#7867=CARTESIAN_POINT('',(1.25915944771072,1.75805594971984,0.0039095509498663));
#7868=CARTESIAN_POINT('',(1.25647271738899,1.76034513233784,0.00411233931177636));
#7869=CARTESIAN_POINT('',(1.2562549824216,1.76044329446142,0.000119476218522041));
#7870=CARTESIAN_POINT('',(1.25647271738899,1.76034513233784,0.00411233931177636));
#7871=CARTESIAN_POINT('',(1.25667104518418,1.75785405347127,0.00404028262442364));
#7872=CARTESIAN_POINT('',(1.2564533102168,1.75795221559485,4.74195311693131E-5));
#7873=CARTESIAN_POINT('',(0.,0.,0.));
#7874=CARTESIAN_POINT('',(0.503564530065227,2.25019632424715,1.42738134913462E-5));
#7875=CARTESIAN_POINT('',(0.499583086022766,2.24987329024944,0.000223444492783098));
#7876=CARTESIAN_POINT('',(0.491594954097071,2.24987329024944,0.00065904561501018));
#7877=CARTESIAN_POINT('',(0.499583086022766,2.24987329024944,0.000223444492783083));
#7878=CARTESIAN_POINT('',(0.499909688473846,2.24972604706408,0.00621273913266457));
#7879=CARTESIAN_POINT('',(0.491921556548151,2.24972604706408,0.00664834025489165));
#7880=CARTESIAN_POINT('',(0.506379535042845,2.25025097731036,0.0058728367788155));
#7881=CARTESIAN_POINT('',(0.499909688473846,2.24972604706408,0.00621273913266456));
#7882=CARTESIAN_POINT('',(0.494917106020286,2.24972604706408,0.00648498983405649));
#7883=CARTESIAN_POINT('',(0.499583086022766,2.24987329024944,0.000223444492783083));
#7884=CARTESIAN_POINT('',(0.500562893376005,2.24943156069336,0.0181913284124276));
#7885=CARTESIAN_POINT('',(0.495570310922445,2.24943156069336,0.0184635791138195));
#7886=CARTESIAN_POINT('',(0.503051295902543,2.24963345694192,0.0180605967378702));
#7887=CARTESIAN_POINT('',(0.,0.,0.));
#7888=CARTESIAN_POINT('',(0.258705535286678,2.24945936565853,0.00372296144687022));
#7889=CARTESIAN_POINT('',(0.258487800319291,2.2495575277821,-0.000269901646384105));
#7890=CARTESIAN_POINT('',(0.257438904509664,2.24843418032049,-0.000240321087321974));
#7891=CARTESIAN_POINT('',(0.259536696128918,2.25068087524371,-0.000299482205446235));
#7892=CARTESIAN_POINT('',(0.259754431096305,2.25058271312014,0.00369338088780809));
#7893=CARTESIAN_POINT('',(0.259754431096305,2.25058271312014,0.00369338088780809));
#7894=CARTESIAN_POINT('',(0.258705535286678,2.24945936565853,0.00372296144687022));
#7895=CARTESIAN_POINT('',(0.257656639477051,2.24833601819692,0.00375254200593235));
#7896=CARTESIAN_POINT('',(0.257656639477051,2.24833601819692,0.00375254200593235));
#7897=CARTESIAN_POINT('',(0.258541276052856,2.25152252934979,0.00378264030451464));
#7898=CARTESIAN_POINT('',(0.25832354108547,2.25162069147337,-0.000210222788739686));
#7899=CARTESIAN_POINT('',(0.25711038604202,2.25256050770302,-0.000120963372033099));
#7900=CARTESIAN_POINT('',(0.257328121009406,2.25246234557944,0.00387189972122122));
#7901=CARTESIAN_POINT('',(0.257328121009406,2.25246234557944,0.00387189972122122));
#7902=CARTESIAN_POINT('',(0.258541276052856,2.25152252934979,0.00378264030451464));
#7903=CARTESIAN_POINT('',(0.257676182810232,2.2539595102796,0.0038897264384902));
#7904=CARTESIAN_POINT('',(0.257458447842846,2.25405767240317,-0.00010313665476413));
#7905=CARTESIAN_POINT('',(0.257806509643672,2.25555483710333,-8.53099374951481E-5));
#7906=CARTESIAN_POINT('',(0.258024244611058,2.25545667497975,0.00390755315575917));
#7907=CARTESIAN_POINT('',(0.258024244611058,2.25545667497975,0.00390755315575917));
#7908=CARTESIAN_POINT('',(0.257676182810232,2.2539595102796,0.0038897264384902));
#7909=CARTESIAN_POINT('',(0.256503456595738,2.25566265509757,0.00399554720075685));
#7910=CARTESIAN_POINT('',(0.256285721628351,2.25576081722115,2.68410750252609E-6));
#7911=CARTESIAN_POINT('',(0.25476493361303,2.25596679733898,9.06781525001894E-5));
#7912=CARTESIAN_POINT('',(0.254982668580417,2.2558686352154,0.00408354124575452));
#7913=CARTESIAN_POINT('',(0.254982668580417,2.2558686352154,0.00408354124575452));
#7914=CARTESIAN_POINT('',(0.256503456595738,2.25566265509757,0.00399554720075685));
#7915=CARTESIAN_POINT('',(0.254536633493994,2.25733845308176,0.00414399858485867));
#7916=CARTESIAN_POINT('',(0.254318898526607,2.25743661520533,0.000151135491604345));
#7917=CARTESIAN_POINT('',(0.253872863440184,2.25890643307169,0.000211592830708513));
#7918=CARTESIAN_POINT('',(0.25409059840757,2.25880827094811,0.00420445592396284));
#7919=CARTESIAN_POINT('',(0.25409059840757,2.25880827094811,0.00420445592396284));
#7920=CARTESIAN_POINT('',(0.254536633493994,2.25733845308176,0.00414399858485867));
#7921=CARTESIAN_POINT('',(0.252669671340942,2.25822522274788,0.00426760666395574));
#7922=CARTESIAN_POINT('',(0.252451936373556,2.25832338487146,0.000274743570701419));
#7923=CARTESIAN_POINT('',(0.251031009306928,2.25774033667122,0.000337894310694321));
#7924=CARTESIAN_POINT('',(0.251248744274314,2.25764217454764,0.00433075740394865));
#7925=CARTESIAN_POINT('',(0.251248744274314,2.25764217454764,0.00433075740394865));
#7926=CARTESIAN_POINT('',(0.252669671340942,2.25822522274788,0.00426760666395574));
#7927=CARTESIAN_POINT('',(0.250128127041845,2.25869080906989,0.00441764586969849));
#7928=CARTESIAN_POINT('',(0.249910392074459,2.25878897119346,0.000424782776444172));
#7929=CARTESIAN_POINT('',(0.248789774841989,2.25983760571572,0.000511671242194041));
#7930=CARTESIAN_POINT('',(0.249007509809376,2.25973944359214,0.00450453433544837));
#7931=CARTESIAN_POINT('',(0.249007509809376,2.25973944359214,0.00450453433544837));
#7932=CARTESIAN_POINT('',(0.250128127041845,2.25869080906989,0.00441764586969849));
#7933=CARTESIAN_POINT('',(0.248067179951447,2.25852359436824,0.00452592058065398));
#7934=CARTESIAN_POINT('',(0.247849444984061,2.25862175649182,0.000533057487399654));
#7935=CARTESIAN_POINT('',(0.246909115126132,2.25740590726793,0.000554443732605252));
#7936=CARTESIAN_POINT('',(0.247126850093518,2.25730774514436,0.00454730682585958));
#7937=CARTESIAN_POINT('',(0.247126850093518,2.25730774514436,0.00454730682585958));
#7938=CARTESIAN_POINT('',(0.248067179951447,2.25852359436824,0.00452592058065398));
#7939=CARTESIAN_POINT('',(0.245631919197467,2.2576542155491,0.00463734472402587));
#7940=CARTESIAN_POINT('',(0.245414184230081,2.25775237767267,0.000644481630771545));
#7941=CARTESIAN_POINT('',(0.243919253334031,2.25809884807743,0.000734519528937839));
#7942=CARTESIAN_POINT('',(0.244136988301418,2.25800068595385,0.00472738262219216));
#7943=CARTESIAN_POINT('',(0.244136988301418,2.25800068595385,0.00472738262219216));
#7944=CARTESIAN_POINT('',(0.245631919197467,2.2576542155491,0.00463734472402587));
#7945=CARTESIAN_POINT('',(0.243929216278238,2.25647782152396,0.00470127394547849));
#7946=CARTESIAN_POINT('',(0.243711481310852,2.25657598364754,0.000708410852224168));
#7947=CARTESIAN_POINT('',(0.243503709287674,2.25505311921764,0.000682302175510501));
#7948=CARTESIAN_POINT('',(0.24372144425506,2.25495495709407,0.00467516526876482));
#7949=CARTESIAN_POINT('',(0.24372144425506,2.25495495709407,0.00467516526876482));
#7950=CARTESIAN_POINT('',(0.243929216278238,2.25647782152396,0.00470127394547849));
#7951=CARTESIAN_POINT('',(0.242252765221765,2.25450642691616,0.0047442270172457));
#7952=CARTESIAN_POINT('',(0.242035030254379,2.25460458903974,0.000751363923991379));
#7953=CARTESIAN_POINT('',(0.240566351221084,2.25415605886183,0.000820425672472274));
#7954=CARTESIAN_POINT('',(0.24078408618847,2.25405789673825,0.0048132887657266));
#7955=CARTESIAN_POINT('',(0.24078408618847,2.25405789673825,0.0048132887657266));
#7956=CARTESIAN_POINT('',(0.242252765221765,2.25450642691616,0.0047442270172457));
#7957=CARTESIAN_POINT('',(0.241364544345862,2.25263606739654,0.00474668096593452));
#7958=CARTESIAN_POINT('',(0.241146809378475,2.25273422952011,0.000753817872680201));
#7959=CARTESIAN_POINT('',(0.241727267535867,2.2513124001784,0.000687210072888138));
#7960=CARTESIAN_POINT('',(0.241945002503254,2.25121423805482,0.00468007316614246));
#7961=CARTESIAN_POINT('',(0.241945002503254,2.25121423805482,0.00468007316614246));
#7962=CARTESIAN_POINT('',(0.241364544345862,2.25263606739654,0.00474668096593452));
#7963=CARTESIAN_POINT('',(0.240896106693626,2.25009089059321,0.00470965372520459));
#7964=CARTESIAN_POINT('',(0.24067837172624,2.25018905271678,0.000716790631950267));
#7965=CARTESIAN_POINT('',(0.239629475916613,2.24906570525518,0.000746371191012422));
#7966=CARTESIAN_POINT('',(0.239847210883999,2.2489675431316,0.00473923428426675));
#7967=CARTESIAN_POINT('',(0.239847210883999,2.2489675431316,0.00473923428426675));
#7968=CARTESIAN_POINT('',(0.240896106693626,2.25009089059321,0.00470965372520459));
#7969=CARTESIAN_POINT('',(0.241060365927449,2.24802772690195,0.00464997486756017));
#7970=CARTESIAN_POINT('',(0.240842630960062,2.24812588902553,0.00065711177430585));
#7971=CARTESIAN_POINT('',(0.242055786003511,2.24718607279587,0.000567852357599263));
#7972=CARTESIAN_POINT('',(0.242273520970898,2.24708791067229,0.00456071545085359));
#7973=CARTESIAN_POINT('',(0.242273520970898,2.24708791067229,0.00456071545085359));
#7974=CARTESIAN_POINT('',(0.241060365927449,2.24802772690195,0.00464997486756017));
#7975=CARTESIAN_POINT('',(0.241925459170072,2.24559074597214,0.00454288873358462));
#7976=CARTESIAN_POINT('',(0.241707724202686,2.24568890809572,0.000550025640330294));
#7977=CARTESIAN_POINT('',(0.241359662401859,2.24419174339556,0.000532198923061312));
#7978=CARTESIAN_POINT('',(0.241577397369246,2.24409358127198,0.00452506201631564));
#7979=CARTESIAN_POINT('',(0.241577397369246,2.24409358127198,0.00452506201631564));
#7980=CARTESIAN_POINT('',(0.241925459170072,2.24559074597214,0.00454288873358462));
#7981=CARTESIAN_POINT('',(0.243098185384567,2.24388760115416,0.00443706797131796));
#7982=CARTESIAN_POINT('',(0.242880450417181,2.24398576327774,0.000444204878063638));
#7983=CARTESIAN_POINT('',(0.244401238432501,2.24377978315991,0.000356210833065975));
#7984=CARTESIAN_POINT('',(0.244618973399888,2.24368162103633,0.0043490739263203));
#7985=CARTESIAN_POINT('',(0.244618973399888,2.24368162103633,0.0043490739263203));
#7986=CARTESIAN_POINT('',(0.243098185384567,2.24388760115416,0.00443706797131796));
#7987=CARTESIAN_POINT('',(0.245065008486311,2.24221180316998,0.00428861658721614));
#7988=CARTESIAN_POINT('',(0.244847273518924,2.24230996529355,0.000295753493961818));
#7989=CARTESIAN_POINT('',(0.245293308605347,2.24084014742719,0.00023529615485765));
#7990=CARTESIAN_POINT('',(0.245511043572734,2.24074198530362,0.00422815924811197));
#7991=CARTESIAN_POINT('',(0.245511043572734,2.24074198530362,0.00422815924811197));
#7992=CARTESIAN_POINT('',(0.245065008486311,2.24221180316998,0.00428861658721614));
#7993=CARTESIAN_POINT('',(0.246931970639363,2.24132503350386,0.00416500850811907));
#7994=CARTESIAN_POINT('',(0.246714235671976,2.24142319562743,0.000172145414864744));
#7995=CARTESIAN_POINT('',(0.248135162738604,2.24200624382767,0.000108994674871845));
#7996=CARTESIAN_POINT('',(0.24835289770599,2.2419080817041,0.00410185776812617));
#7997=CARTESIAN_POINT('',(0.24835289770599,2.2419080817041,0.00410185776812617));
#7998=CARTESIAN_POINT('',(0.246931970639363,2.24132503350386,0.00416500850811907));
#7999=CARTESIAN_POINT('',(0.24947351493846,2.24085944718184,0.00401496930237632));
#8000=CARTESIAN_POINT('',(0.249255779971073,2.24095760930542,2.2106209121992E-5));
#8001=CARTESIAN_POINT('',(0.250376397203542,2.23990897478317,-6.4782256627876E-5));
#8002=CARTESIAN_POINT('',(0.250594132170929,2.2398108126596,0.00392808083662644));
#8003=CARTESIAN_POINT('',(0.250594132170929,2.2398108126596,0.00392808083662644));
#8004=CARTESIAN_POINT('',(0.24947351493846,2.24085944718184,0.00401496930237632));
#8005=CARTESIAN_POINT('',(0.251534462028858,2.24102666188349,0.00390669459142083));
#8006=CARTESIAN_POINT('',(0.251316727061471,2.24112482400706,-8.61685018334898E-5));
#8007=CARTESIAN_POINT('',(0.2522570569194,2.24234067323095,-0.000107554747039087));
#8008=CARTESIAN_POINT('',(0.252474791886786,2.24224251110738,0.00388530834621523));
#8009=CARTESIAN_POINT('',(0.252474791886786,2.24224251110738,0.00388530834621523));
#8010=CARTESIAN_POINT('',(0.251534462028858,2.24102666188349,0.00390669459142083));
#8011=CARTESIAN_POINT('',(0.253969722782837,2.24189604070263,0.00379527044804894));
#8012=CARTESIAN_POINT('',(0.25375198781545,2.24199420282621,-0.000197592645205382));
#8013=CARTESIAN_POINT('',(0.255246918711501,2.24164773242146,-0.000287630543371675));
#8014=CARTESIAN_POINT('',(0.255464653678887,2.24154957029789,0.00370523254988265));
#8015=CARTESIAN_POINT('',(0.255464653678887,2.24154957029789,0.00370523254988265));
#8016=CARTESIAN_POINT('',(0.253969722782837,2.24189604070263,0.00379527044804894));
#8017=CARTESIAN_POINT('',(0.255672425702066,2.24307243472778,0.00373134122659632));
#8018=CARTESIAN_POINT('',(0.255454690734679,2.24317059685136,-0.000261521866658003));
#8019=CARTESIAN_POINT('',(0.255662462757858,2.24469346128124,-0.000235413189944334));
#8020=CARTESIAN_POINT('',(0.255880197725244,2.24459529915766,0.00375744990330999));
#8021=CARTESIAN_POINT('',(0.255880197725244,2.24459529915766,0.00375744990330999));
#8022=CARTESIAN_POINT('',(0.255672425702066,2.24307243472778,0.00373134122659632));
#8023=CARTESIAN_POINT('',(0.25734887675854,2.24504382933557,0.00368838815482911));
#8024=CARTESIAN_POINT('',(0.257131141791153,2.24514199145915,-0.000304474938425212));
#8025=CARTESIAN_POINT('',(0.258599820824448,2.24559052163706,-0.000373536686906108));
#8026=CARTESIAN_POINT('',(0.258817555791834,2.24549235951349,0.00361932640634822));
#8027=CARTESIAN_POINT('',(0.258817555791834,2.24549235951349,0.00361932640634822));
#8028=CARTESIAN_POINT('',(0.25734887675854,2.24504382933557,0.00368838815482911));
#8029=CARTESIAN_POINT('',(0.258237097634443,2.2469141888552,0.00368593420614029));
#8030=CARTESIAN_POINT('',(0.258019362667056,2.24701235097877,-0.000306928887114037));
#8031=CARTESIAN_POINT('',(0.258237097634443,2.2469141888552,0.00368593420614029));
#8032=CARTESIAN_POINT('',(0.249800820990152,2.24977512812586,0.00421630758603739));
#8033=CARTESIAN_POINT('',(0.249583086022766,2.24987329024944,0.000223444492783068));
#8034=CARTESIAN_POINT('',(0.,0.,0.));
#8035=CARTESIAN_POINT('',(0.749166172045531,2.00774658049888,0.00444688898556616));
#8036=CARTESIAN_POINT('',(0.748948437078145,2.00784474262246,0.000454025892311843));
#8037=CARTESIAN_POINT('',(0.749583086022766,1.99987329024944,0.000223444492783083));
#8038=CARTESIAN_POINT('',(0.748313788133524,2.01581619499547,0.000684607291840603));
#8039=CARTESIAN_POINT('',(0.749800820990152,1.99977512812587,0.00421630758603741));
#8040=CARTESIAN_POINT('',(0.750562893376005,1.99943156069336,0.0181913284124276));
#8041=CARTESIAN_POINT('',(0.749928244431384,2.00740301306637,0.0184219098119563));
#8042=CARTESIAN_POINT('',(0.749293595486763,2.01537446543939,0.0186524912114851));
#8043=CARTESIAN_POINT('',(0.748531523100911,2.0157180328719,0.00467747038509493));
#8044=CARTESIAN_POINT('',(0.761745153117536,2.00074423011899,0.00358879554816222));
#8045=CARTESIAN_POINT('',(0.76152741815015,2.00084239224257,-0.000404067545092102));
#8046=CARTESIAN_POINT('',(0.773471750277533,2.00181149423568,-0.00103157958296729));
#8047=CARTESIAN_POINT('',(0.77368948524492,2.00171333211211,0.00296128351028704));
#8048=CARTESIAN_POINT('',(0.77368948524492,2.00171333211211,0.00296128351028704));
#8049=CARTESIAN_POINT('',(0.761745153117536,2.00074423011899,0.00358879554816222));
#8050=CARTESIAN_POINT('',(0.753782265032614,2.00009816212357,0.00400713690674568));
#8051=CARTESIAN_POINT('',(0.754544337418466,1.99975459469107,0.0179821577331358));
#8052=CARTESIAN_POINT('',(0.754544337418466,1.99975459469107,0.0179821577331358));
#8053=CARTESIAN_POINT('',(0.752553615397236,1.99959307769221,0.0180867430727817));
#8054=CARTESIAN_POINT('',(0.773054836300299,2.00968478448512,0.0031918649098158));
#8055=CARTESIAN_POINT('',(0.772837101332912,2.0097829466087,-0.000800998183438525));
#8056=CARTESIAN_POINT('',(0.772202452388291,2.01775439898172,-0.000570416783909765));
#8057=CARTESIAN_POINT('',(0.772420187355678,2.01765623685815,0.00342244630934456));
#8058=CARTESIAN_POINT('',(0.772420187355678,2.01765623685815,0.00342244630934456));
#8059=CARTESIAN_POINT('',(0.773054836300299,2.00968478448512,0.0031918649098158));
#8060=CARTESIAN_POINT('',(0.760475855228294,2.01668713486503,0.00404995834721974));
#8061=CARTESIAN_POINT('',(0.760258120260908,2.0167852969886,5.70952539654194E-5));
#8062=CARTESIAN_POINT('',(0.751284317507994,2.01553598243824,0.0185479058718392));
#8063=CARTESIAN_POINT('',(0.753275039529225,2.0156974994371,0.0184433205321934));
#8064=CARTESIAN_POINT('',(0.753275039529225,2.0156974994371,0.0184433205321934));
#8065=CARTESIAN_POINT('',(0.752512967143372,2.01604106686961,0.0044682997058032));
#8066=CARTESIAN_POINT('',(0.760475855228294,2.01668713486503,0.00404995834721974));
#8067=CARTESIAN_POINT('',(0.761110504172915,2.00871568249201,0.00381937694769098));
#8068=CARTESIAN_POINT('',(0.765091948215376,2.00903871648971,0.00361020626839925));
#8069=CARTESIAN_POINT('',(0.7670889811968,2.00903871648971,0.00350130598784247));
#8070=CARTESIAN_POINT('',(0.753147616087993,2.00806961449659,0.00423771830627444));
#8071=CARTESIAN_POINT('',(0.760892769205529,2.00881384461558,-0.000173486145563341));
#8072=CARTESIAN_POINT('',(0.76487421324799,2.00913687861329,-0.00038265682485507));
#8073=CARTESIAN_POINT('',(0.766871246229414,2.00913687861329,-0.00049155710541184));
#8074=CARTESIAN_POINT('',(0.753909688473846,2.00772604706408,0.0182127391326645));
#8075=CARTESIAN_POINT('',(0.753909688473846,2.00772604706408,0.0182127391326645));
#8076=CARTESIAN_POINT('',(0.751918966452615,2.00756453006522,0.0183173244723105));
#8077=CARTESIAN_POINT('',(0.765146381957223,2.00901417595882,0.00460842204171284));
#8078=CARTESIAN_POINT('',(0.,0.,0.));
#8079=CARTESIAN_POINT('',(2.01931138561207,1.75637245584754,0.00331456756428423));
#8080=CARTESIAN_POINT('',(2.01909365064469,1.75647061797111,-0.000678295528970087));
#8081=CARTESIAN_POINT('',(2.01949030623507,1.75148846023798,-0.00082240890367556));
#8082=CARTESIAN_POINT('',(2.01869699505429,1.76145277570425,-0.000534182154264608));
#8083=CARTESIAN_POINT('',(2.01970804120246,1.7513902981144,0.00317045418957877));
#8084=CARTESIAN_POINT('',(2.01970804120246,1.7513902981144,0.00317045418957877));
#8085=CARTESIAN_POINT('',(2.01931138561207,1.75637245584754,0.00331456756428423));
#8086=CARTESIAN_POINT('',(2.01891473002168,1.76135461358068,0.00345868093898971));
#8087=CARTESIAN_POINT('',(2.01891473002168,1.76135461358068,0.00345868093898971));
#8088=CARTESIAN_POINT('',(2.02468484625554,1.75179409061154,0.00290899084046411));
#8089=CARTESIAN_POINT('',(2.02446711128815,1.75189225273511,-0.00108387225279021));
#8090=CARTESIAN_POINT('',(2.02944391634122,1.75229604523224,-0.00134533560190488));
#8091=CARTESIAN_POINT('',(2.02966165130861,1.75219788310867,0.00264752749134944));
#8092=CARTESIAN_POINT('',(2.02966165130861,1.75219788310867,0.00264752749134944));
#8093=CARTESIAN_POINT('',(2.02468484625554,1.75179409061154,0.00290899084046411));
#8094=CARTESIAN_POINT('',(2.02926499571823,1.75718004084181,0.00279164086605492));
#8095=CARTESIAN_POINT('',(2.02904726075083,1.75727820296538,-0.00120122222719941));
#8096=CARTESIAN_POINT('',(2.02865060516045,1.76226036069851,-0.00105710885249393));
#8097=CARTESIAN_POINT('',(2.02886834012783,1.76216219857494,0.00293575424076039));
#8098=CARTESIAN_POINT('',(2.02886834012783,1.76216219857494,0.00293575424076039));
#8099=CARTESIAN_POINT('',(2.02926499571823,1.75718004084181,0.00279164086605492));
#8100=CARTESIAN_POINT('',(2.02389153507476,1.76175840607781,0.00319721758987507));
#8101=CARTESIAN_POINT('',(2.02367380010737,1.76185656820138,-0.000795645503379256));
#8102=CARTESIAN_POINT('',(2.02389153507476,1.76175840607781,0.00319721758987507));
#8103=CARTESIAN_POINT('',(2.01433458055899,1.75596866335041,0.00357603091339894));
#8104=CARTESIAN_POINT('',(2.01411684559161,1.75606682547398,-0.00041683217985539));
#8105=CARTESIAN_POINT('',(0.,0.,0.));
#8106=CARTESIAN_POINT('',(1.75521086187116,1.74720546695844,0.00385811887822389));
#8107=CARTESIAN_POINT('',(1.75499312690378,1.74730362908201,-0.000134744215030434));
#8108=CARTESIAN_POINT('',(1.75350710441575,1.74417445661798,-0.000130638678856978));
#8109=CARTESIAN_POINT('',(1.7564791493918,1.75043280154605,-0.000138849751203889));
#8110=CARTESIAN_POINT('',(1.75669688435919,1.75033463942247,0.00385401334205043));
#8111=CARTESIAN_POINT('',(1.75669688435919,1.75033463942247,0.00385401334205043));
#8112=CARTESIAN_POINT('',(1.75521086187116,1.74720546695844,0.00385811887822389));
#8113=CARTESIAN_POINT('',(1.75372483938314,1.74407629449441,0.00386222441439735));
#8114=CARTESIAN_POINT('',(1.75372483938314,1.74407629449441,0.00386222441439735));
#8115=CARTESIAN_POINT('',(1.75473487516269,1.7531840562382,0.00403105492787046));
#8116=CARTESIAN_POINT('',(1.75451714019531,1.75328221836178,3.81918346161357E-5));
#8117=CARTESIAN_POINT('',(1.75255513099882,1.7561316351775,0.000215233420436173));
#8118=CARTESIAN_POINT('',(1.7527728659662,1.75603347305393,0.0042080965136905));
#8119=CARTESIAN_POINT('',(1.7527728659662,1.75603347305393,0.0042080965136905));
#8120=CARTESIAN_POINT('',(1.75473487516269,1.7531840562382,0.00403105492787046));
#8121=CARTESIAN_POINT('',(1.74932483428168,1.75575371740563,0.00438924363568399));
#8122=CARTESIAN_POINT('',(1.7491070993143,1.7558518795292,0.000396380542429664));
#8123=CARTESIAN_POINT('',(1.74565906762978,1.7555721238809,0.000577527664423144));
#8124=CARTESIAN_POINT('',(1.74587680259717,1.75547396175733,0.00457039075767747));
#8125=CARTESIAN_POINT('',(1.74587680259717,1.75547396175733,0.00457039075767747));
#8126=CARTESIAN_POINT('',(1.74932483428168,1.75575371740563,0.00438924363568399));
#8127=CARTESIAN_POINT('',(1.74439078010914,1.7523447892933,0.00457449629385092));
#8128=CARTESIAN_POINT('',(1.74417304514175,1.75244295141687,0.000581633200596599));
#8129=CARTESIAN_POINT('',(1.74268702265373,1.74931377895284,0.000585738736770055));
#8130=CARTESIAN_POINT('',(1.74290475762111,1.74921561682927,0.00457860183002438));
#8131=CARTESIAN_POINT('',(1.74290475762111,1.74921561682927,0.00457860183002438));
#8132=CARTESIAN_POINT('',(1.74439078010914,1.7523447892933,0.00457449629385092));
#8133=CARTESIAN_POINT('',(1.74486676681761,1.74636620001353,0.00440156024420435));
#8134=CARTESIAN_POINT('',(1.74464903185022,1.74646436213711,0.00040869715095003));
#8135=CARTESIAN_POINT('',(1.74661104104672,1.74361494532138,0.000231655565129993));
#8136=CARTESIAN_POINT('',(1.7468287760141,1.74351678319781,0.00422451865838431));
#8137=CARTESIAN_POINT('',(1.7468287760141,1.74351678319781,0.00422451865838431));
#8138=CARTESIAN_POINT('',(1.74486676681761,1.74636620001353,0.00440156024420435));
#8139=CARTESIAN_POINT('',(1.74980082099015,1.74977512812587,0.00421630758603741));
#8140=CARTESIAN_POINT('',(1.74980082099015,1.74977512812587,0.00421630758603741));
#8141=CARTESIAN_POINT('',(1.75129859572622,1.74977512812587,0.00413463237561983));
#8142=CARTESIAN_POINT('',(1.74958308602276,1.74987329024944,0.000223444492783083));
#8143=CARTESIAN_POINT('',(1.75108086075883,1.74987329024944,0.000141769282365509));
#8144=CARTESIAN_POINT('',(1.75027680769862,1.7437965388461,0.00404337153639083));
#8145=CARTESIAN_POINT('',(1.75005907273123,1.74389470096968,5.05084431365013E-5));
#8146=CARTESIAN_POINT('',(1.75027680769862,1.7437965388461,0.00404337153639083));
#8147=CARTESIAN_POINT('',(1.74980082099015,1.74977512812587,0.0042163075860374));
#8148=CARTESIAN_POINT('',(1.74958308602276,1.74987329024944,0.000223444492783071));
#8149=CARTESIAN_POINT('',(0.,0.,0.));
#8150=CARTESIAN_POINT('',(1.50935777550592,1.75556487085327,0.00383749426251357));
#8151=CARTESIAN_POINT('',(1.50914004053853,1.75566303297685,-0.00015536883074076));
#8152=CARTESIAN_POINT('',(1.50953669612892,1.75068087524371,-0.000299482205446238));
#8153=CARTESIAN_POINT('',(1.50874338494814,1.76064519070998,-1.12554560352872E-5));
#8154=CARTESIAN_POINT('',(1.5097544310963,1.75058271312014,0.00369338088780808));
#8155=CARTESIAN_POINT('',(1.5097544310963,1.75058271312014,0.00369338088780808));
#8156=CARTESIAN_POINT('',(1.50935777550592,1.75556487085327,0.00383749426251357));
#8157=CARTESIAN_POINT('',(1.50896111991553,1.7605470285864,0.00398160763721904));
#8158=CARTESIAN_POINT('',(1.50896111991553,1.7605470285864,0.00398160763721904));
#8159=CARTESIAN_POINT('',(1.51473123614938,1.75098650561727,0.00343191753869341));
#8160=CARTESIAN_POINT('',(1.514513501182,1.75108466774084,-0.000560945554560911));
#8161=CARTESIAN_POINT('',(1.51949030623507,1.75148846023798,-0.000822408903675566));
#8162=CARTESIAN_POINT('',(1.51970804120246,1.7513902981144,0.00317045418957876));
#8163=CARTESIAN_POINT('',(1.51970804120246,1.7513902981144,0.00317045418957876));
#8164=CARTESIAN_POINT('',(1.51473123614938,1.75098650561727,0.00343191753869341));
#8165=CARTESIAN_POINT('',(1.51931138561207,1.75637245584754,0.00331456756428423));
#8166=CARTESIAN_POINT('',(1.51909365064469,1.75647061797111,-0.000678295528970093));
#8167=CARTESIAN_POINT('',(1.5186969950543,1.76145277570425,-0.000534182154264614));
#8168=CARTESIAN_POINT('',(1.51891473002169,1.76135461358068,0.00345868093898971));
#8169=CARTESIAN_POINT('',(1.51891473002169,1.76135461358068,0.00345868093898971));
#8170=CARTESIAN_POINT('',(1.51931138561207,1.75637245584754,0.00331456756428423));
#8171=CARTESIAN_POINT('',(1.5139379249686,1.76095082108354,0.00372014428810437));
#8172=CARTESIAN_POINT('',(1.51372019000122,1.76104898320712,-0.000272718805149954));
#8173=CARTESIAN_POINT('',(1.5139379249686,1.76095082108354,0.00372014428810437));
#8174=CARTESIAN_POINT('',(1.50935777550592,1.75556487085327,0.00383749426251356));
#8175=CARTESIAN_POINT('',(1.50914004053853,1.75566303297685,-0.000155368830740765));
#8176=CARTESIAN_POINT('',(0.,0.,0.));
#8177=CARTESIAN_POINT('',(0.999481794088534,2.26432895283097,0.0206201000831711));
#8178=CARTESIAN_POINT('',(0.998393119251602,2.26481976344885,0.000655784616899508));
#8179=CARTESIAN_POINT('',(0.999583086022766,2.24987329024944,0.000223444492783083));
#8180=CARTESIAN_POINT('',(0.997203152480437,2.27976623664826,0.00108812474101593));
#8181=CARTESIAN_POINT('',(1.0006717608597,2.24938247963157,0.0201877599590547));
#8182=CARTESIAN_POINT('',(1.0006717608597,2.24938247963157,0.0201877599590547));
#8183=CARTESIAN_POINT('',(0.999481794088534,2.26432895283097,0.0206201000831711));
#8184=CARTESIAN_POINT('',(0.99829182731737,2.27927542603038,0.0210524402072876));
#8185=CARTESIAN_POINT('',(0.99829182731737,2.27927542603038,0.0210524402072876));
#8186=CARTESIAN_POINT('',(1.020578981072,2.25099764962011,0.019141906562596));
#8187=CARTESIAN_POINT('',(1.01949030623507,2.25148846023798,-0.000822408903675558));
#8188=CARTESIAN_POINT('',(1.03939752644738,2.25310363022651,-0.00186826230013419));
#8189=CARTESIAN_POINT('',(1.04048620128431,2.25261281960864,0.0180960531661374));
#8190=CARTESIAN_POINT('',(1.04048620128431,2.25261281960864,0.0180960531661374));
#8191=CARTESIAN_POINT('',(1.020578981072,2.25099764962011,0.019141906562596));
#8192=CARTESIAN_POINT('',(1.03929623451315,2.26755929280804,0.0185283932902538));
#8193=CARTESIAN_POINT('',(1.03820755967621,2.26805010342592,-0.00143592217601777));
#8194=CARTESIAN_POINT('',(1.03733491737736,2.27901085043882,-0.00111887275166573));
#8195=CARTESIAN_POINT('',(1.03842359221429,2.27852003982095,0.0188454427146059));
#8196=CARTESIAN_POINT('',(1.03842359221429,2.27852003982095,0.0188454427146059));
#8197=CARTESIAN_POINT('',(1.03929623451315,2.26755929280804,0.0185283932902538));
#8198=CARTESIAN_POINT('',(1.01819904752968,2.28089059601892,0.0200065868108289));
#8199=CARTESIAN_POINT('',(1.01819904752968,2.28089059601892,0.0200065868108289));
#8200=CARTESIAN_POINT('',(1.03412482369952,2.28218273200974,0.019169904093662));
#8201=CARTESIAN_POINT('',(1.03303614886259,2.28267354262762,-0.000794411372609625));
#8202=CARTESIAN_POINT('',(1.03303614886259,2.28267354262762,-0.000794411372609609));
#8203=CARTESIAN_POINT('',(1.01711037269274,2.2813814066368,4.22713445572944E-5));
#8204=CARTESIAN_POINT('',(1.01938901430084,2.26594412281951,0.0195742466867125));
#8205=CARTESIAN_POINT('',(1.03444214817183,2.27819700582324,0.0190546133938976));
#8206=CARTESIAN_POINT('',(1.01830033946391,2.26643493343739,-0.000390068779559132));
#8207=CARTESIAN_POINT('',(1.0333534733349,2.27868781644111,-0.000909702072374011));
#8208=CARTESIAN_POINT('',(1.03444214817183,2.27819700582324,0.0190546133938976));
#8209=CARTESIAN_POINT('',(0.,0.,0.));
#8210=CARTESIAN_POINT('',(0.499719787442767,2.01133965819109,0.0205336320583479));
#8211=CARTESIAN_POINT('',(0.498917198283222,2.01746549065622,0.0147172734681129));
#8212=CARTESIAN_POINT('',(0.499078936572021,2.01547204120215,0.0147172734681129));
#8213=CARTESIAN_POINT('',(0.498631112605834,2.01183046880897,0.000569316592076223));
#8214=CARTESIAN_POINT('',(0.499583086022766,1.99987329024944,0.000223444492783083));
#8215=CARTESIAN_POINT('',(0.497679139188903,2.02378764736849,0.000915188691369364));
#8216=CARTESIAN_POINT('',(0.500671760859698,1.99938247963157,0.0201877599590547));
#8217=CARTESIAN_POINT('',(0.500671760859698,1.99938247963157,0.0201877599590547));
#8218=CARTESIAN_POINT('',(0.499719787442767,2.01133965819109,0.0205336320583479));
#8219=CARTESIAN_POINT('',(0.498767814025836,2.02329683675062,0.020879504157641));
#8220=CARTESIAN_POINT('',(0.498767814025836,2.02329683675062,0.020879504157641));
#8221=CARTESIAN_POINT('',(0.520578981072005,2.0009976496201,0.019141906562596));
#8222=CARTESIAN_POINT('',(0.519490306235072,2.00148846023797,-0.000822408903675558));
#8223=CARTESIAN_POINT('',(0.539397526447378,2.00310363022651,-0.00186826230013419));
#8224=CARTESIAN_POINT('',(0.540486201284311,2.00261281960864,0.0180960531661374));
#8225=CARTESIAN_POINT('',(0.540486201284311,2.00261281960864,0.0180960531661374));
#8226=CARTESIAN_POINT('',(0.520578981072005,2.0009976496201,0.019141906562596));
#8227=CARTESIAN_POINT('',(0.53953422786738,2.01456999816816,0.0184419252654305));
#8228=CARTESIAN_POINT('',(0.538731638707834,2.02069583063329,0.0126255666751956));
#8229=CARTESIAN_POINT('',(0.538893376996633,2.01870238117922,0.0126255666751956));
#8230=CARTESIAN_POINT('',(0.538445553030447,2.01506080878604,-0.00152239020084106));
#8231=CARTESIAN_POINT('',(0.537493579613516,2.02701798734556,-0.00117651810154792));
#8232=CARTESIAN_POINT('',(0.538582254450448,2.02652717672769,0.0187877973647237));
#8233=CARTESIAN_POINT('',(0.538582254450448,2.02652717672769,0.0187877973647237));
#8234=CARTESIAN_POINT('',(0.53953422786738,2.01456999816816,0.0184419252654305));
#8235=CARTESIAN_POINT('',(0.518675034238142,2.02491200673916,0.0198336507611824));
#8236=CARTESIAN_POINT('',(0.517586359401209,2.02540281735703,-0.000130664705089276));
#8237=CARTESIAN_POINT('',(0.518675034238142,2.02491200673916,0.0198336507611824));
#8238=CARTESIAN_POINT('',(0.519627007655073,2.01295482817963,0.0194877786618892));
#8239=CARTESIAN_POINT('',(0.510149384257386,2.0061686539056,0.0198377693104719));
#8240=CARTESIAN_POINT('',(0.51214641723881,2.0061686539056,0.0197288690299152));
#8241=CARTESIAN_POINT('',(0.518538332818141,2.01344563879751,-0.000476536804382417));
#8242=CARTESIAN_POINT('',(0.509060709420453,2.00665946452348,-0.000126546155799673));
#8243=CARTESIAN_POINT('',(0.511057742401877,2.00665946452348,-0.000235446436356444));
#8244=CARTESIAN_POINT('',(0.510203817999233,2.00614411337471,0.0208359850837856));
#8245=CARTESIAN_POINT('',(0.539726999718449,2.02077658913272,0.0125732740053727));
#8246=CARTESIAN_POINT('',(0.,0.,0.));
#8247=CARTESIAN_POINT('',(-0.00133471203916526,2.26469706079438,0.00564686348346741));
#8248=CARTESIAN_POINT('',(-0.00160688074839844,2.26481976344885,0.000655784616899508));
#8249=CARTESIAN_POINT('',(-0.00041691397723432,2.24987329024944,0.000223444492783083));
#8250=CARTESIAN_POINT('',(-0.00279684751956255,2.27976623664826,0.00108812474101593));
#8251=CARTESIAN_POINT('',(-0.000144745268001144,2.24975058759498,0.00521452335935099));
#8252=CARTESIAN_POINT('',(-0.000144745268001144,2.24975058759498,0.00521452335935099));
#8253=CARTESIAN_POINT('',(-0.00133471203916526,2.26469706079438,0.00564686348346741));
#8254=CARTESIAN_POINT('',(-0.00252467881032938,2.27964353399379,0.00607920360758384));
#8255=CARTESIAN_POINT('',(-0.00252467881032938,2.27964353399379,0.00607920360758384));
#8256=CARTESIAN_POINT('',(0.019762474944305,2.25136575758351,0.00416866996289235));
#8257=CARTESIAN_POINT('',(0.0194903062350719,2.25148846023798,-0.000822408903675558));
#8258=CARTESIAN_POINT('',(0.0393975264473781,2.25310363022651,-0.00186826230013419));
#8259=CARTESIAN_POINT('',(0.0396696951566112,2.25298092757205,0.00312281656643371));
#8260=CARTESIAN_POINT('',(0.0396696951566112,2.25298092757205,0.00312281656643371));
#8261=CARTESIAN_POINT('',(0.019762474944305,2.25136575758351,0.00416866996289235));
#8262=CARTESIAN_POINT('',(0.0384797283854472,2.26792740077145,0.00355515669055013));
#8263=CARTESIAN_POINT('',(0.038207559676214,2.26805010342592,-0.00143592217601777));
#8264=CARTESIAN_POINT('',(0.0370175929050498,2.28299657662533,-0.00100358205190135));
#8265=CARTESIAN_POINT('',(0.037289761614283,2.28287387397086,0.00398749681466656));
#8266=CARTESIAN_POINT('',(0.037289761614283,2.28287387397086,0.00398749681466656));
#8267=CARTESIAN_POINT('',(0.0384797283854472,2.26792740077145,0.00355515669055013));
#8268=CARTESIAN_POINT('',(0.0173825414019768,2.28125870398233,0.0050333502111252));
#8269=CARTESIAN_POINT('',(0.0171103726927436,2.2813814066368,4.22713445572944E-5));
#8270=CARTESIAN_POINT('',(0.0173825414019768,2.28125870398233,0.0050333502111252));
#8271=CARTESIAN_POINT('',(0.018572508173141,2.26631223078292,0.00460101008700877));
#8272=CARTESIAN_POINT('',(0.0332215423844537,2.25847496585525,0.00360950863501788));
#8273=CARTESIAN_POINT('',(0.0352185753658776,2.25847496585525,0.0035006083544611));
#8274=CARTESIAN_POINT('',(0.00392347396182813,2.27414949571059,0.00559251153899967));
#8275=CARTESIAN_POINT('',(0.00592050694325199,2.27414949571059,0.0054836112584429));
#8276=CARTESIAN_POINT('',(0.0317935822590568,2.27641073369453,0.00412831678395758));
#8277=CARTESIAN_POINT('',(0.0337906152404807,2.27641073369453,0.00401941650340081));
#8278=CARTESIAN_POINT('',(0.00535143408722507,2.2562137278713,0.00507370339005997));
#8279=CARTESIAN_POINT('',(0.00734846706864893,2.2562137278713,0.0049648031095032));
#8280=CARTESIAN_POINT('',(0.0183003394639077,2.26643493343739,-0.000390068779559132));
#8281=CARTESIAN_POINT('',(0.0329493736752206,2.25859766850972,-0.00138157023155003));
#8282=CARTESIAN_POINT('',(0.0349464066566444,2.25859766850972,-0.0014904705121068));
#8283=CARTESIAN_POINT('',(0.00365130525259496,2.27427219836505,0.000601432672431766));
#8284=CARTESIAN_POINT('',(0.00564833823401881,2.27427219836505,0.000492532391874996));
#8285=CARTESIAN_POINT('',(0.0315214135498237,2.27653343634901,-0.000862762082610329));
#8286=CARTESIAN_POINT('',(0.0335184465312475,2.27653343634901,-0.000971662363167099));
#8287=CARTESIAN_POINT('',(0.00507926537799189,2.25633643052577,8.26245234920604E-5));
#8288=CARTESIAN_POINT('',(0.00707629835941575,2.25633643052577,-2.627575706471E-5));
#8289=CARTESIAN_POINT('',(0.0054058678290717,2.2561891873404,0.00607191916337355));
#8290=CARTESIAN_POINT('',(0.0318480160009035,2.27638619316364,0.00512653255727116));
#8291=CARTESIAN_POINT('',(0.00397790770367477,2.27412495517969,0.00659072731231326));
#8292=CARTESIAN_POINT('',(0.0332759761263004,2.25845042532436,0.00460772440833145));
#8293=CARTESIAN_POINT('',(0.,0.,0.));
#8294=CARTESIAN_POINT('',(1.7496016419803,2.00755025625174,0.0124326151720748));
#8295=CARTESIAN_POINT('',(1.74894843707814,2.00784474262246,0.000454025892311843));
#8296=CARTESIAN_POINT('',(1.74958308602276,1.99987329024944,0.000223444492783083));
#8297=CARTESIAN_POINT('',(1.74831378813352,2.01581619499547,0.000684607291840603));
#8298=CARTESIAN_POINT('',(1.75023629092492,1.99957880387872,0.012202033772546));
#8299=CARTESIAN_POINT('',(1.75023629092492,1.99957880387872,0.012202033772546));
#8300=CARTESIAN_POINT('',(1.7496016419803,2.00755025625174,0.0124326151720748));
#8301=CARTESIAN_POINT('',(1.74896699303569,2.01552170862475,0.0126631965716036));
#8302=CARTESIAN_POINT('',(1.74896699303569,2.01552170862475,0.0126631965716036));
#8303=CARTESIAN_POINT('',(1.76218062305231,2.00054790587184,0.0115745217346709));
#8304=CARTESIAN_POINT('',(1.75819917900985,2.00022487187413,0.0117836924139626));
#8305=CARTESIAN_POINT('',(1.75781814281692,2.00039665559039,0.00479618200076753));
#8306=CARTESIAN_POINT('',(1.75803587778431,2.00029849346681,0.00878904509402185));
#8307=CARTESIAN_POINT('',(1.76201732182677,2.00062152746452,0.00857987441473013));
#8308=CARTESIAN_POINT('',(1.76599876586923,2.00094456146222,0.00837070373543839));
#8309=CARTESIAN_POINT('',(1.76616206709477,2.00087093986954,0.0113653510553791));
#8310=CARTESIAN_POINT('',(1.76578103090185,2.0010427235858,0.00437784064218407));
#8311=CARTESIAN_POINT('',(1.76179958685938,2.00071968958809,0.0045870113214758));
#8312=CARTESIAN_POINT('',(1.76152741815015,2.00084239224257,-0.000404067545092102));
#8313=CARTESIAN_POINT('',(1.77347175027754,2.00181149423568,-0.00103157958296729));
#8314=CARTESIAN_POINT('',(1.77412495517969,2.00151700786496,0.0109470096967957));
#8315=CARTESIAN_POINT('',(1.77412495517969,2.00151700786496,0.0109470096967957));
#8316=CARTESIAN_POINT('',(1.76218062305231,2.00054790587184,0.0115745217346709));
#8317=CARTESIAN_POINT('',(1.77349030623507,2.00948846023798,0.0111775910963244));
#8318=CARTESIAN_POINT('',(1.77283710133291,2.0097829466087,-0.000800998183438525));
#8319=CARTESIAN_POINT('',(1.77220245238829,2.01775439898172,-0.000570416783909765));
#8320=CARTESIAN_POINT('',(1.77285565729045,2.01745991261099,0.0114081724958532));
#8321=CARTESIAN_POINT('',(1.77285565729045,2.01745991261099,0.0114081724958532));
#8322=CARTESIAN_POINT('',(1.77349030623507,2.00948846023798,0.0111775910963244));
#8323=CARTESIAN_POINT('',(1.76091132516306,2.01649081061788,0.0120356845337284));
#8324=CARTESIAN_POINT('',(1.76025812026091,2.0167852969886,5.70952539654194E-5));
#8325=CARTESIAN_POINT('',(1.76091132516306,2.01649081061788,0.0120356845337284));
#8326=CARTESIAN_POINT('',(1.76154597410769,2.00851935824485,0.0118051031341996));
#8327=CARTESIAN_POINT('',(1.76154597410769,2.00851935824485,0.0118051031341996));
#8328=CARTESIAN_POINT('',(1.76354300708911,2.00851935824485,0.0116962028536428));
#8329=CARTESIAN_POINT('',(1.76089276920553,2.00881384461558,-0.000173486145563341));
#8330=CARTESIAN_POINT('',(1.76089276920553,2.00881384461558,-0.000173486145563348));
#8331=CARTESIAN_POINT('',(1.76288980218695,2.00881384461558,-0.000282386426120119));
#8332=CARTESIAN_POINT('',(1.75763922219392,2.00528065119995,0.00893315846872733));
#8333=CARTESIAN_POINT('',(1.75742148722654,2.00537881332353,0.00494029537547301));
#8334=CARTESIAN_POINT('',(1.75686616939999,2.01235383414991,0.00514205410006067));
#8335=CARTESIAN_POINT('',(1.75708390436737,2.01225567202634,0.009134917193315));
#8336=CARTESIAN_POINT('',(1.75708390436737,2.01225567202634,0.009134917193315));
#8337=CARTESIAN_POINT('',(1.75763922219392,2.00528065119995,0.00893315846872733));
#8338=CARTESIAN_POINT('',(1.76560211027884,2.00592671919537,0.00851481711014387));
#8339=CARTESIAN_POINT('',(1.76560211027884,2.00592671919537,0.00851481711014387));
#8340=CARTESIAN_POINT('',(1.7650467924523,2.01290174002176,0.00871657583473154));
#8341=CARTESIAN_POINT('',(1.7650467924523,2.01290174002176,0.00871657583473154));
#8342=CARTESIAN_POINT('',(1.76482905748492,2.01299990214533,0.00472371274147722));
#8343=CARTESIAN_POINT('',(1.76538437531146,2.00602488131894,0.00452195401688955));
#8344=CARTESIAN_POINT('',(1.76162066623638,2.00560368519765,0.0087239877894356));
#8345=CARTESIAN_POINT('',(1.76138267288215,2.00859297983754,0.00881045581425888));
#8346=CARTESIAN_POINT('',(1.76337970586357,2.00859297983754,0.00870155553370211));
#8347=CARTESIAN_POINT('',(1.76106534840984,2.01257870602405,0.00892574651402327));
#8348=CARTESIAN_POINT('',(1.76140293126899,2.00570184732123,0.00473112469618128));
#8349=CARTESIAN_POINT('',(1.76116493791476,2.00869114196111,0.00481759272100455));
#8350=CARTESIAN_POINT('',(1.76316197089618,2.00869114196111,0.00470869244044778));
#8351=CARTESIAN_POINT('',(1.76084761344245,2.01267686814762,0.00493288342076894));
#8352=CARTESIAN_POINT('',(1.76160040784954,2.00849481771396,0.0128033189075132));
#8353=CARTESIAN_POINT('',(1.76160040784954,2.00849481771396,0.0128033189075132));
#8354=CARTESIAN_POINT('',(1.76106534840984,2.01257870602405,0.00892574651402327));
#8355=CARTESIAN_POINT('',(0.,0.,0.));
#8356=CARTESIAN_POINT('',(1.26938901430084,2.26594412281951,0.0195742466867125));
#8357=CARTESIAN_POINT('',(1.24948179408853,2.26432895283097,0.0206201000831711));
#8358=CARTESIAN_POINT('',(1.2506717608597,2.24938247963157,0.0201877599590547));
#8359=CARTESIAN_POINT('',(1.24829182731737,2.27927542603038,0.0210524402072876));
#8360=CARTESIAN_POINT('',(1.270578981072,2.25099764962011,0.019141906562596));
#8361=CARTESIAN_POINT('',(1.29048620128431,2.25261281960864,0.0180960531661374));
#8362=CARTESIAN_POINT('',(1.28929623451315,2.26755929280804,0.0185283932902538));
#8363=CARTESIAN_POINT('',(1.28810626774198,2.28250576600745,0.0189607334143703));
#8364=CARTESIAN_POINT('',(1.26819904752968,2.28089059601892,0.0200065868108289));
#8365=CARTESIAN_POINT('',(1.27042031883585,2.25299051271336,0.0191995519124783));
#8366=CARTESIAN_POINT('',(1.25250382064477,2.25153685972368,0.020140819969291));
#8367=CARTESIAN_POINT('',(1.28833681702692,2.25444416570304,0.0182582838556655));
#8368=CARTESIAN_POINT('',(1.25147251610976,2.26449046982983,0.0205155147435253));
#8369=CARTESIAN_POINT('',(1.25044121157476,2.27744407993598,0.0208902095177595));
#8370=CARTESIAN_POINT('',(1.26835770976583,2.27889773292567,0.0199489414609467));
#8371=CARTESIAN_POINT('',(1.28627420795691,2.28035138591535,0.019007673404134));
#8372=CARTESIAN_POINT('',(1.28730551249192,2.26739777580919,0.0186329786298997));
#8373=CARTESIAN_POINT('',(1.24948179408853,2.26432895283097,0.0206201000831711));
#8374=CARTESIAN_POINT('',(1.2483931192516,2.26481976344885,0.000655784616899508));
#8375=CARTESIAN_POINT('',(1.24958308602277,2.24987329024944,0.000223444492783083));
#8376=CARTESIAN_POINT('',(1.24720315248044,2.27976623664826,0.00108812474101593));
#8377=CARTESIAN_POINT('',(1.2506717608597,2.24938247963157,0.0201877599590547));
#8378=CARTESIAN_POINT('',(1.24829182731737,2.27927542603038,0.0210524402072876));
#8379=CARTESIAN_POINT('',(1.270578981072,2.25099764962011,0.019141906562596));
#8380=CARTESIAN_POINT('',(1.26949030623507,2.25148846023798,-0.000822408903675558));
#8381=CARTESIAN_POINT('',(1.28939752644738,2.25310363022651,-0.00186826230013419));
#8382=CARTESIAN_POINT('',(1.29048620128431,2.25261281960864,0.0180960531661374));
#8383=CARTESIAN_POINT('',(1.28929623451315,2.26755929280804,0.0185283932902538));
#8384=CARTESIAN_POINT('',(1.28820755967621,2.26805010342592,-0.00143592217601777));
#8385=CARTESIAN_POINT('',(1.28701759290505,2.28299657662533,-0.00100358205190135));
#8386=CARTESIAN_POINT('',(1.28810626774198,2.28250576600745,0.0189607334143703));
#8387=CARTESIAN_POINT('',(1.26819904752968,2.28089059601892,0.0200065868108289));
#8388=CARTESIAN_POINT('',(1.26711037269274,2.2813814066368,4.22713445572944E-5));
#8389=CARTESIAN_POINT('',(1.26830033946391,2.26643493343739,-0.000390068779559132));
#8390=CARTESIAN_POINT('',(1.25147251610976,2.26449046982983,0.0205155147435253));
#8391=CARTESIAN_POINT('',(1.25049270875653,2.26493219938592,0.00254763082388081));
#8392=CARTESIAN_POINT('',(1.25152401329153,2.25197858927976,0.00217293604964658));
#8393=CARTESIAN_POINT('',(1.24946140422152,2.27788580949207,0.00292232559811505));
#8394=CARTESIAN_POINT('',(1.25044121157476,2.27744407993598,0.0208902095177595));
#8395=CARTESIAN_POINT('',(1.25250382064477,2.25153685972368,0.0201408199692911));
#8396=CARTESIAN_POINT('',(1.27042031883585,2.25299051271336,0.0191995519124783));
#8397=CARTESIAN_POINT('',(1.26944051148261,2.25343224226945,0.0012316679928338));
#8398=CARTESIAN_POINT('',(1.28735700967369,2.25488589525913,0.000290399936021014));
#8399=CARTESIAN_POINT('',(1.28833681702692,2.25444416570304,0.0182582838556655));
#8400=CARTESIAN_POINT('',(1.28730551249192,2.26739777580919,0.0186329786298997));
#8401=CARTESIAN_POINT('',(1.28632570513868,2.26783950536528,0.000665094710255255));
#8402=CARTESIAN_POINT('',(1.28529440060367,2.28079311547143,0.00103978948448949));
#8403=CARTESIAN_POINT('',(1.28627420795691,2.28035138591535,0.019007673404134));
#8404=CARTESIAN_POINT('',(1.26835770976583,2.27889773292567,0.0199489414609467));
#8405=CARTESIAN_POINT('',(1.26737790241259,2.27933946248175,0.00198105754130228));
#8406=CARTESIAN_POINT('',(1.2684092069476,2.2663858523756,0.00160636276706803));
#8407=CARTESIAN_POINT('',(0.,0.,0.));
#8408=CARTESIAN_POINT('',(2.49911637729307,2.00969036253035,0.00650096588207552));
#8409=CARTESIAN_POINT('',(2.49878977484199,2.00983760571572,0.000511671242194033));
#8410=CARTESIAN_POINT('',(2.49799646366121,2.01980192118199,0.000799897991604984));
#8411=CARTESIAN_POINT('',(2.49958308602276,1.99987329024944,0.000223444492783083));
#8412=CARTESIAN_POINT('',(2.49990968847385,1.99972604706408,0.00621273913266457));
#8413=CARTESIAN_POINT('',(2.49990968847385,1.99972604706408,0.00621273913266457));
#8414=CARTESIAN_POINT('',(2.49911637729307,2.00969036253035,0.00650096588207552));
#8415=CARTESIAN_POINT('',(2.4983230661123,2.01965467799663,0.00678919263148647));
#8416=CARTESIAN_POINT('',(2.4983230661123,2.01965467799663,0.00678919263148647));
#8417=CARTESIAN_POINT('',(2.51185402060123,2.0006951490572,0.00558522709478938));
#8418=CARTESIAN_POINT('',(2.51152741815015,2.00084239224257,-0.000404067545092102));
#8419=CARTESIAN_POINT('',(2.52347175027754,2.00181149423568,-0.00103157958296729));
#8420=CARTESIAN_POINT('',(2.52379835272861,2.00166425105032,0.0049577150569142));
#8421=CARTESIAN_POINT('',(2.52379835272861,2.00166425105032,0.0049577150569142));
#8422=CARTESIAN_POINT('',(2.51185402060123,2.0006951490572,0.00558522709478938));
#8423=CARTESIAN_POINT('',(2.52356035937438,2.0046535456902,0.00504418308173749));
#8424=CARTESIAN_POINT('',(2.5232337569233,2.00480078887556,-0.000945111558144));
#8425=CARTESIAN_POINT('',(2.52299576356907,2.00779008351545,-0.000858643533320715));
#8426=CARTESIAN_POINT('',(2.52332236602015,2.00764284033008,0.00513065110656077));
#8427=CARTESIAN_POINT('',(2.52332236602015,2.00764284033008,0.00513065110656077));
#8428=CARTESIAN_POINT('',(2.52356035937438,2.0046535456902,0.00504418308173749));
#8429=CARTESIAN_POINT('',(2.51436411692461,2.00691601383525,0.00560128513496716));
#8430=CARTESIAN_POINT('',(2.51403751447353,2.0070632570206,-0.000388009504914327));
#8431=CARTESIAN_POINT('',(2.50507926537799,2.00633643052577,8.26245234920607E-5));
#8432=CARTESIAN_POINT('',(2.50540586782907,2.0061891873404,0.00607191916337355));
#8433=CARTESIAN_POINT('',(2.50540586782907,2.0061891873404,0.00607191916337355));
#8434=CARTESIAN_POINT('',(2.51436411692461,2.00691601383525,0.00560128513496716));
#8435=CARTESIAN_POINT('',(2.50485055000253,2.0131642081668,0.00627367788796121));
#8436=CARTESIAN_POINT('',(2.50452394755145,2.01331145135216,0.000284383248079726));
#8437=CARTESIAN_POINT('',(2.50396862972491,2.02028647217855,0.000486141972667392));
#8438=CARTESIAN_POINT('',(2.50429523217599,2.02013922899319,0.00647543661254888));
#8439=CARTESIAN_POINT('',(2.50429523217599,2.02013922899319,0.00647543661254888));
#8440=CARTESIAN_POINT('',(2.50485055000253,2.0131642081668,0.00627367788796121));
#8441=CARTESIAN_POINT('',(2.50130914914414,2.0198969534949,0.00663231462201767));
#8442=CARTESIAN_POINT('',(2.50098254669306,2.02004419668027,0.000643019982136188));
#8443=CARTESIAN_POINT('',(2.50130914914414,2.0198969534949,0.00663231462201767));
#8444=CARTESIAN_POINT('',(2.51106070942045,2.01065946452348,0.00587345384420033));
#8445=CARTESIAN_POINT('',(2.5011070993143,2.00985187952921,0.00639638054242965));
#8446=CARTESIAN_POINT('',(2.5011070993143,2.00985187952921,0.00639638054242965));
#8447=CARTESIAN_POINT('',(2.50126576155045,2.00785901643595,0.00633873519254744));
#8448=CARTESIAN_POINT('',(2.51106070942045,2.01065946452348,0.00587345384420033));
#8449=CARTESIAN_POINT('',(2.50309782133553,2.01001339652806,0.00629179520278377));
#8450=CARTESIAN_POINT('',(2.50309782133553,2.01001339652806,0.00629179520278379));
#8451=CARTESIAN_POINT('',(2.50325648357169,2.0080205334348,0.00623414985290159));
#8452=CARTESIAN_POINT('',(2.51121937165661,2.00866660143022,0.00581580849431815));
#8453=CARTESIAN_POINT('',(2.51073410696937,2.01080670770884,-0.000115840795681151));
#8454=CARTESIAN_POINT('',(2.51073410696937,2.01080670770884,-0.000115840795681154));
#8455=CARTESIAN_POINT('',(2.50277121888445,2.01016063971342,0.000302500562902282));
#8456=CARTESIAN_POINT('',(2.50078049686322,2.00999912271457,0.000407085902548162));
#8457=CARTESIAN_POINT('',(2.50078049686322,2.00999912271457,0.000407085902548159));
#8458=CARTESIAN_POINT('',(2.50093915909938,2.00800625962132,0.000349440552665951));
#8459=CARTESIAN_POINT('',(2.51089276920553,2.00881384461558,-0.000173486145563341));
#8460=CARTESIAN_POINT('',(2.5029298811206,2.00816777662016,0.000244855213020096));
#8461=CARTESIAN_POINT('',(2.50277121888445,2.01016063971342,0.000302500562902301));
#8462=CARTESIAN_POINT('',(2.50124086417422,2.00883090745169,0.00736577364080214));
#8463=CARTESIAN_POINT('',(2.5013201952923,2.00783447590506,0.00733695096586104));
#8464=CARTESIAN_POINT('',(2.50116153305615,2.00982733899831,0.00739459631574323));
#8465=CARTESIAN_POINT('',(2.50231555630292,2.00791523440448,0.00728465829603811));
#8466=CARTESIAN_POINT('',(2.50331091731354,2.00799599290391,0.00723236562621518));
#8467=CARTESIAN_POINT('',(2.50323158619545,2.00899242445054,0.00726118830115627));
#8468=CARTESIAN_POINT('',(2.50315225507738,2.00998885599717,0.00729001097609737));
#8469=CARTESIAN_POINT('',(2.50215689406676,2.00990809749774,0.0073423036459203));
#8470=CARTESIAN_POINT('',(0.,0.,0.));
#8471=CARTESIAN_POINT('',(1.99906658254061,2.01163414456182,0.00855504277858487));
#8472=CARTESIAN_POINT('',(1.99863111260583,2.01183046880897,0.000569316592076223));
#8473=CARTESIAN_POINT('',(1.99958308602276,1.99987329024944,0.000223444492783083));
#8474=CARTESIAN_POINT('',(1.9976791391889,2.02378764736849,0.000915188691369364));
#8475=CARTESIAN_POINT('',(2.00001855595754,1.9996769660023,0.00820917067929173));
#8476=CARTESIAN_POINT('',(2.00001855595754,1.9996769660023,0.00820917067929173));
#8477=CARTESIAN_POINT('',(1.99906658254061,2.01163414456182,0.00855504277858487));
#8478=CARTESIAN_POINT('',(1.99811460912368,2.02359132312135,0.00890091487787801));
#8479=CARTESIAN_POINT('',(1.99811460912368,2.02359132312135,0.00890091487787801));
#8480=CARTESIAN_POINT('',(2.01594433212739,2.00096910199312,0.00737248796212482));
#8481=CARTESIAN_POINT('',(2.01550886219261,2.00116542624027,-0.00061323822438383));
#8482=CARTESIAN_POINT('',(2.03143463836245,2.0024575622311,-0.00144992094155074));
#8483=CARTESIAN_POINT('',(2.03187010829723,2.00226123798395,0.0065358052449579));
#8484=CARTESIAN_POINT('',(2.03187010829723,2.00226123798395,0.0065358052449579));
#8485=CARTESIAN_POINT('',(2.01594433212739,2.00096910199312,0.00737248796212482));
#8486=CARTESIAN_POINT('',(2.0309181348803,2.01421841654347,0.00688167734425104));
#8487=CARTESIAN_POINT('',(2.03048266494552,2.01441474079062,-0.0011040488422576));
#8488=CARTESIAN_POINT('',(2.0295306915286,2.02637191935015,-0.00075817674296446));
#8489=CARTESIAN_POINT('',(2.02996616146336,2.026175595103,0.00722754944354419));
#8490=CARTESIAN_POINT('',(2.02996616146336,2.026175595103,0.00722754944354419));
#8491=CARTESIAN_POINT('',(2.0309181348803,2.01421841654347,0.00688167734425104));
#8492=CARTESIAN_POINT('',(2.01404038529352,2.02488345911218,0.0080642321607111));
#8493=CARTESIAN_POINT('',(2.01360491535875,2.02507978335932,7.8505974202452E-5));
#8494=CARTESIAN_POINT('',(2.01404038529352,2.02488345911218,0.0080642321607111));
#8495=CARTESIAN_POINT('',(2.01499235871045,2.01292628055264,0.00771836006141796));
#8496=CARTESIAN_POINT('',(2.00702947062553,2.01228021255723,0.00813670142000141));
#8497=CARTESIAN_POINT('',(2.00902650360695,2.01228021255723,0.00802780113944464));
#8498=CARTESIAN_POINT('',(2.01499235871046,2.01292628055264,0.00771836006141795));
#8499=CARTESIAN_POINT('',(2.01698939169188,2.01292628055264,0.00760945978086118));
#8500=CARTESIAN_POINT('',(2.02295524679537,2.01357234854806,0.00730001870283449));
#8501=CARTESIAN_POINT('',(2.0249522797768,2.01357234854806,0.00719111842227772));
#8502=CARTESIAN_POINT('',(2.01455688877568,2.01312260479979,-0.000267366125090689));
#8503=CARTESIAN_POINT('',(2.00659400069076,2.01247653680438,0.000150975233492772));
#8504=CARTESIAN_POINT('',(2.00859103367218,2.01247653680438,4.20749529360011E-5));
#8505=CARTESIAN_POINT('',(2.01455688877568,2.01312260479979,-0.000267366125090687));
#8506=CARTESIAN_POINT('',(2.0165539217571,2.01312260479979,-0.000376266405647458));
#8507=CARTESIAN_POINT('',(2.0225197768606,2.01376867279521,-0.000685707483674147));
#8508=CARTESIAN_POINT('',(2.02451680984202,2.01376867279521,-0.000794607764230917));
#8509=CARTESIAN_POINT('',(2.02300968053722,2.01354780801717,0.00829823447614808));
#8510=CARTESIAN_POINT('',(2.0150467924523,2.01290174002176,0.00871657583473154));
#8511=CARTESIAN_POINT('',(2.00708390436737,2.01225567202634,0.009134917193315));
#8512=CARTESIAN_POINT('',(0.,0.,0.));
#8513=CARTESIAN_POINT('',(0.249175450024301,2.01158506350003,0.010551474325212));
#8514=CARTESIAN_POINT('',(0.248631112605834,2.01183046880897,0.000569316592076223));
#8515=CARTESIAN_POINT('',(0.249583086022766,1.99987329024944,0.000223444492783083));
#8516=CARTESIAN_POINT('',(0.247679139188903,2.02378764736849,0.000915188691369364));
#8517=CARTESIAN_POINT('',(0.250127423441232,1.9996278849405,0.0102056022259189));
#8518=CARTESIAN_POINT('',(0.250127423441232,1.9996278849405,0.0102056022259189));
#8519=CARTESIAN_POINT('',(0.249175450024301,2.01158506350003,0.010551474325212));
#8520=CARTESIAN_POINT('',(0.248223476607369,2.02354224205956,0.0108973464245052));
#8521=CARTESIAN_POINT('',(0.248223476607369,2.02354224205956,0.0108973464245052));
#8522=CARTESIAN_POINT('',(0.266053199611077,2.00092002093134,0.00936891950875198));
#8523=CARTESIAN_POINT('',(0.26550886219261,2.00116542624027,-0.00061323822438383));
#8524=CARTESIAN_POINT('',(0.281434638362456,2.0024575622311,-0.00144992094155074));
#8525=CARTESIAN_POINT('',(0.281978975780922,2.00221215692216,0.00853223679158507));
#8526=CARTESIAN_POINT('',(0.281978975780922,2.00221215692216,0.00853223679158507));
#8527=CARTESIAN_POINT('',(0.266053199611077,2.00092002093134,0.00936891950875198));
#8528=CARTESIAN_POINT('',(0.281027002363991,2.01416933548168,0.00887810889087821));
#8529=CARTESIAN_POINT('',(0.280482664945524,2.01441474079062,-0.0011040488422576));
#8530=CARTESIAN_POINT('',(0.279530691528593,2.02637191935015,-0.00075817674296446));
#8531=CARTESIAN_POINT('',(0.280075028947059,2.02612651404122,0.00922398099017135));
#8532=CARTESIAN_POINT('',(0.280075028947059,2.02612651404122,0.00922398099017135));
#8533=CARTESIAN_POINT('',(0.281027002363991,2.01416933548168,0.00887810889087821));
#8534=CARTESIAN_POINT('',(0.264149252777215,2.02483437805039,0.0100606637073383));
#8535=CARTESIAN_POINT('',(0.263604915358748,2.02507978335932,7.8505974202452E-5));
#8536=CARTESIAN_POINT('',(0.264149252777215,2.02483437805039,0.0100606637073383));
#8537=CARTESIAN_POINT('',(0.265101226194146,2.01287719949086,0.00971479160804512));
#8538=CARTESIAN_POINT('',(0.265101226194146,2.01287719949086,0.00971479160804512));
#8539=CARTESIAN_POINT('',(0.268096775666281,2.01287719949086,0.00955144118720996));
#8540=CARTESIAN_POINT('',(0.26455688877568,2.01312260479979,-0.000267366125090689));
#8541=CARTESIAN_POINT('',(0.265210093677839,2.01282811842907,0.0117112231546723));
#8542=CARTESIAN_POINT('',(0.264774623743066,2.01302444267622,0.00372549696816364));
#8543=CARTESIAN_POINT('',(0.267760706774912,2.0132667181745,0.00356861895869484));
#8544=CARTESIAN_POINT('',(0.264774623743066,2.01302444267622,0.00372549696816364));
#8545=CARTESIAN_POINT('',(0.,0.,0.));
#8546=CARTESIAN_POINT('',(1.49866528796083,2.26469706079438,0.00564686348346741));
#8547=CARTESIAN_POINT('',(1.49866528796083,2.26469706079438,0.00564686348346741));
#8548=CARTESIAN_POINT('',(1.49945859914161,2.25473274532811,0.00535863673405647));
#8549=CARTESIAN_POINT('',(1.49787197678006,2.27466137626066,0.00593509023287836));
#8550=CARTESIAN_POINT('',(1.49787197678006,2.27466137626066,0.00593509023287836));
#8551=CARTESIAN_POINT('',(1.49759980807083,2.27478407891512,0.000944011366310453));
#8552=CARTESIAN_POINT('',(1.4983931192516,2.26481976344885,0.000655784616899508));
#8553=CARTESIAN_POINT('',(1.49918643043238,2.25485544798258,0.000367557867488564));
#8554=CARTESIAN_POINT('',(1.49945859914161,2.25473274532811,0.00535863673405646));
#8555=CARTESIAN_POINT('',(1.51976247494431,2.25136575758351,0.00416866996289235));
#8556=CARTESIAN_POINT('',(1.51949030623507,2.25148846023798,-0.000822408903675558));
#8557=CARTESIAN_POINT('',(1.50455989107584,2.25027708274658,-3.80188563315703E-5));
#8558=CARTESIAN_POINT('',(1.5344207213943,2.25269983772938,-0.00160679895101955));
#8559=CARTESIAN_POINT('',(1.53469289010354,2.25257713507491,0.00338427991554836));
#8560=CARTESIAN_POINT('',(1.53469289010354,2.25257713507491,0.00338427991554836));
#8561=CARTESIAN_POINT('',(1.51976247494431,2.25136575758351,0.00416866996289235));
#8562=CARTESIAN_POINT('',(1.50483205978507,2.25015438009211,0.00495306001023633));
#8563=CARTESIAN_POINT('',(1.50455989107584,2.25027708274658,-3.80188563315738E-5));
#8564=CARTESIAN_POINT('',(1.53847972838545,2.26792740077145,0.00355515669055013));
#8565=CARTESIAN_POINT('',(1.53820755967622,2.26805010342592,-0.00143592217601777));
#8566=CARTESIAN_POINT('',(1.53900087085699,2.25808578795965,-0.00172414892542871));
#8567=CARTESIAN_POINT('',(1.53741424849544,2.27801441889219,-0.00114769542660683));
#8568=CARTESIAN_POINT('',(1.53768641720467,2.27789171623773,0.00384338343996108));
#8569=CARTESIAN_POINT('',(1.53768641720467,2.27789171623773,0.00384338343996108));
#8570=CARTESIAN_POINT('',(1.53847972838545,2.26792740077145,0.00355515669055013));
#8571=CARTESIAN_POINT('',(1.53927303956623,2.25796308530518,0.00326692994113919));
#8572=CARTESIAN_POINT('',(1.53927303956623,2.25796308530518,0.00326692994113919));
#8573=CARTESIAN_POINT('',(1.51738254140197,2.28125870398233,0.0050333502111252));
#8574=CARTESIAN_POINT('',(1.51738254140197,2.28125870398233,0.0050333502111252));
#8575=CARTESIAN_POINT('',(1.50245212624275,2.28004732649093,0.00581774025846919));
#8576=CARTESIAN_POINT('',(1.53231295656121,2.28247008147373,0.00424896016378121));
#8577=CARTESIAN_POINT('',(1.53204078785197,2.28259278412819,-0.000742118702786699));
#8578=CARTESIAN_POINT('',(1.53204078785197,2.28259278412819,-0.000742118702786691));
#8579=CARTESIAN_POINT('',(1.51711037269275,2.2813814066368,4.22713445572944E-5));
#8580=CARTESIAN_POINT('',(1.50217995753352,2.28017002914539,0.000826661391901282));
#8581=CARTESIAN_POINT('',(1.50245212624275,2.28004732649093,0.00581774025846918));
#8582=CARTESIAN_POINT('',(1.51857250817314,2.26631223078292,0.00460101008700877));
#8583=CARTESIAN_POINT('',(1.53429623451315,2.25755929280805,0.00352839329025385));
#8584=CARTESIAN_POINT('',(1.53629326749457,2.25755929280805,0.00341949300969707));
#8585=CARTESIAN_POINT('',(1.50284878183313,2.27506516875779,0.0056736268837637));
#8586=CARTESIAN_POINT('',(1.50484581481456,2.27506516875779,0.00556472660320693));
#8587=CARTESIAN_POINT('',(1.5327096121516,2.27748792374059,0.00410484678907575));
#8588=CARTESIAN_POINT('',(1.53470664513302,2.27748792374059,0.00399594650851898));
#8589=CARTESIAN_POINT('',(1.50443540419469,2.25513653782525,0.00509717338494181));
#8590=CARTESIAN_POINT('',(1.50643243717611,2.25513653782525,0.00498827310438504));
#8591=CARTESIAN_POINT('',(1.5327096121516,2.27748792374059,0.00410484678907573));
#8592=CARTESIAN_POINT('',(1.50284878183313,2.27506516875779,0.0056736268837637));
#8593=CARTESIAN_POINT('',(1.50443540419469,2.25513653782525,0.00509717338494181));
#8594=CARTESIAN_POINT('',(1.53429623451315,2.25755929280805,0.00352839329025385));
#8595=CARTESIAN_POINT('',(1.51830033946391,2.26643493343739,-0.000390068779559132));
#8596=CARTESIAN_POINT('',(1.53402406580392,2.25768199546251,-0.00146268557631406));
#8597=CARTESIAN_POINT('',(1.53602109878534,2.25768199546251,-0.00157158585687083));
#8598=CARTESIAN_POINT('',(1.5025766131239,2.27518787141226,0.000682548017195797));
#8599=CARTESIAN_POINT('',(1.50457364610532,2.27518787141226,0.000573647736639027));
#8600=CARTESIAN_POINT('',(1.53243744344236,2.27761062639506,-0.000886232077492154));
#8601=CARTESIAN_POINT('',(1.53443447642378,2.27761062639506,-0.000995132358048924));
#8602=CARTESIAN_POINT('',(1.50416323548546,2.25525924047971,0.000106094518373906));
#8603=CARTESIAN_POINT('',(1.50616026846688,2.25525924047971,-2.80576218286399E-6));
#8604=CARTESIAN_POINT('',(1.53243744344236,2.27761062639506,-0.000886232077492165));
#8605=CARTESIAN_POINT('',(1.53402406580392,2.25768199546251,-0.00146268557631406));
#8606=CARTESIAN_POINT('',(1.50416323548546,2.25525924047971,0.000106094518373906));
#8607=CARTESIAN_POINT('',(1.5025766131239,2.27518787141226,0.000682548017195798));
#8608=CARTESIAN_POINT('',(1.50448983793654,2.25511199729435,0.00609538915825538));
#8609=CARTESIAN_POINT('',(1.53276404589344,2.2774633832097,0.00510306256238932));
#8610=CARTESIAN_POINT('',(1.50290321557498,2.2750406282269,0.00667184265707728));
#8611=CARTESIAN_POINT('',(1.53435066825499,2.25753475227715,0.00452660906356742));
#8612=CARTESIAN_POINT('',(1.5327096121516,2.27748792374059,0.00410484678907573));
#8613=CARTESIAN_POINT('',(1.50284878183313,2.27506516875779,0.0056736268837637));
#8614=CARTESIAN_POINT('',(1.53429623451315,2.25755929280805,0.00352839329025384));
#8615=CARTESIAN_POINT('',(1.50443540419469,2.25513653782525,0.00509717338494181));
#8616=CARTESIAN_POINT('',(0.,0.,0.));
#8617=CARTESIAN_POINT('',(2.78856369849291,2.01885021072539,0.00657862668543197));
#8618=CARTESIAN_POINT('',(2.78812822855814,2.01904653497255,-0.00140709950107668));
#8619=CARTESIAN_POINT('',(2.78876287750276,2.01107508259953,-0.00163768090060543));
#8620=CARTESIAN_POINT('',(2.78749357961351,2.02701798734556,-0.00117651810154792));
#8621=CARTESIAN_POINT('',(2.78919834743753,2.01087875835238,0.00634804528590321));
#8622=CARTESIAN_POINT('',(2.78919834743753,2.01087875835238,0.00634804528590321));
#8623=CARTESIAN_POINT('',(2.78856369849291,2.01885021072539,0.00657862668543197));
#8624=CARTESIAN_POINT('',(2.78792904954829,2.02682166309842,0.00680920808496073));
#8625=CARTESIAN_POINT('',(2.78792904954829,2.02682166309842,0.00680920808496073));
#8626=CARTESIAN_POINT('',(2.80114267956492,2.0118478603455,0.00572053324802802));
#8627=CARTESIAN_POINT('',(2.80070720963014,2.01204418459265,-0.00226519293848062));
#8628=CARTESIAN_POINT('',(2.81265154175752,2.01301328658577,-0.00289270497635581));
#8629=CARTESIAN_POINT('',(2.8130870116923,2.01281696233862,0.00509302121015284));
#8630=CARTESIAN_POINT('',(2.8130870116923,2.01281696233862,0.00509302121015284));
#8631=CARTESIAN_POINT('',(2.80114267956492,2.0118478603455,0.00572053324802802));
#8632=CARTESIAN_POINT('',(2.81245236274767,2.02078841471164,0.0053236026096816));
#8633=CARTESIAN_POINT('',(2.81201689281291,2.02098473895879,-0.00266212357682705));
#8634=CARTESIAN_POINT('',(2.81138224386828,2.0289561913318,-0.00243154217729828));
#8635=CARTESIAN_POINT('',(2.81181771380306,2.02875986708466,0.00555418400921036));
#8636=CARTESIAN_POINT('',(2.81181771380306,2.02875986708466,0.00555418400921036));
#8637=CARTESIAN_POINT('',(2.81245236274767,2.02078841471164,0.0053236026096816));
#8638=CARTESIAN_POINT('',(2.79987338167567,2.02779076509153,0.00618169604708555));
#8639=CARTESIAN_POINT('',(2.7994379117409,2.02798708933868,-0.0018040301394231));
#8640=CARTESIAN_POINT('',(2.79987338167567,2.02779076509153,0.00618169604708555));
#8641=CARTESIAN_POINT('',(2.80050803062029,2.01981931271852,0.00595111464755679));
#8642=CARTESIAN_POINT('',(2.80050803062029,2.01981931271852,0.0059511146475568));
#8643=CARTESIAN_POINT('',(2.80250506360172,2.01981931271852,0.00584221436700003));
#8644=CARTESIAN_POINT('',(2.80007256068552,2.02001563696567,-0.00203461153895186));
#8645=CARTESIAN_POINT('',(2.80007256068552,2.02001563696567,-0.00203461153895186));
#8646=CARTESIAN_POINT('',(2.80206959366694,2.02001563696567,-0.00214351181950863));
#8647=CARTESIAN_POINT('',(2.80056246436214,2.01979477218763,0.00694933042087037));
#8648=MECHANICAL_DESIGN_GEOMETRIC_PRESENTATION_REPRESENTATION('',(#5065),
#8681);
#8649=MECHANICAL_DESIGN_GEOMETRIC_PRESENTATION_REPRESENTATION('',(#5066),
#8682);
#8650=MECHANICAL_DESIGN_GEOMETRIC_PRESENTATION_REPRESENTATION('',(#5067),
#8683);
#8651=MECHANICAL_DESIGN_GEOMETRIC_PRESENTATION_REPRESENTATION('',(#5068),
#8684);
#8652=MECHANICAL_DESIGN_GEOMETRIC_PRESENTATION_REPRESENTATION('',(#5069),
#8685);
#8653=MECHANICAL_DESIGN_GEOMETRIC_PRESENTATION_REPRESENTATION('',(#5070),
#8686);
#8654=MECHANICAL_DESIGN_GEOMETRIC_PRESENTATION_REPRESENTATION('',(#5071),
#8687);
#8655=MECHANICAL_DESIGN_GEOMETRIC_PRESENTATION_REPRESENTATION('',(#5072),
#8688);
#8656=MECHANICAL_DESIGN_GEOMETRIC_PRESENTATION_REPRESENTATION('',(#5073),
#8689);
#8657=MECHANICAL_DESIGN_GEOMETRIC_PRESENTATION_REPRESENTATION('',(#5074),
#8690);
#8658=MECHANICAL_DESIGN_GEOMETRIC_PRESENTATION_REPRESENTATION('',(#5075),
#8691);
#8659=MECHANICAL_DESIGN_GEOMETRIC_PRESENTATION_REPRESENTATION('',(#5076),
#8692);
#8660=MECHANICAL_DESIGN_GEOMETRIC_PRESENTATION_REPRESENTATION('',(#5077),
#8693);
#8661=MECHANICAL_DESIGN_GEOMETRIC_PRESENTATION_REPRESENTATION('',(#5078),
#8694);
#8662=MECHANICAL_DESIGN_GEOMETRIC_PRESENTATION_REPRESENTATION('',(#5079),
#8695);
#8663=MECHANICAL_DESIGN_GEOMETRIC_PRESENTATION_REPRESENTATION('',(#5080),
#8696);
#8664=MECHANICAL_DESIGN_GEOMETRIC_PRESENTATION_REPRESENTATION('',(#5081),
#8697);
#8665=MECHANICAL_DESIGN_GEOMETRIC_PRESENTATION_REPRESENTATION('',(#5082),
#8698);
#8666=MECHANICAL_DESIGN_GEOMETRIC_PRESENTATION_REPRESENTATION('',(#5083),
#8699);
#8667=MECHANICAL_DESIGN_GEOMETRIC_PRESENTATION_REPRESENTATION('',(#5084),
#8700);
#8668=MECHANICAL_DESIGN_GEOMETRIC_PRESENTATION_REPRESENTATION('',(#5085),
#8701);
#8669=MECHANICAL_DESIGN_GEOMETRIC_PRESENTATION_REPRESENTATION('',(#5086),
#8702);
#8670=MECHANICAL_DESIGN_GEOMETRIC_PRESENTATION_REPRESENTATION('',(#5087),
#8703);
#8671=MECHANICAL_DESIGN_GEOMETRIC_PRESENTATION_REPRESENTATION('',(#5088),
#8704);
#8672=MECHANICAL_DESIGN_GEOMETRIC_PRESENTATION_REPRESENTATION('',(#5089),
#8705);
#8673=MECHANICAL_DESIGN_GEOMETRIC_PRESENTATION_REPRESENTATION('',(#5090),
#8706);
#8674=MECHANICAL_DESIGN_GEOMETRIC_PRESENTATION_REPRESENTATION('',(#5091),
#8707);
#8675=MECHANICAL_DESIGN_GEOMETRIC_PRESENTATION_REPRESENTATION('',(#5092),
#8708);
#8676=MECHANICAL_DESIGN_GEOMETRIC_PRESENTATION_REPRESENTATION('',(#5093),
#8709);
#8677=MECHANICAL_DESIGN_GEOMETRIC_PRESENTATION_REPRESENTATION('',(#5094),
#8710);
#8678=MECHANICAL_DESIGN_GEOMETRIC_PRESENTATION_REPRESENTATION('',(#5095),
#8711);
#8679=MECHANICAL_DESIGN_GEOMETRIC_PRESENTATION_REPRESENTATION('',(#5096),
#8712);
#8680=MECHANICAL_DESIGN_GEOMETRIC_PRESENTATION_REPRESENTATION('',(#5097),
#8713);
#8681=(
GEOMETRIC_REPRESENTATION_CONTEXT(3)
GLOBAL_UNCERTAINTY_ASSIGNED_CONTEXT((#8714))
GLOBAL_UNIT_ASSIGNED_CONTEXT((#8813,#8780,#8747))
REPRESENTATION_CONTEXT('AC52_1_V3','TOP_LEVEL_ASSEMBLY_PART')
);
#8682=(
GEOMETRIC_REPRESENTATION_CONTEXT(3)
GLOBAL_UNCERTAINTY_ASSIGNED_CONTEXT((#8715))
GLOBAL_UNIT_ASSIGNED_CONTEXT((#8814,#8781,#8748))
REPRESENTATION_CONTEXT('AC52_2_V3','TOP_LEVEL_ASSEMBLY_PART')
);
#8683=(
GEOMETRIC_REPRESENTATION_CONTEXT(3)
GLOBAL_UNCERTAINTY_ASSIGNED_CONTEXT((#8716))
GLOBAL_UNIT_ASSIGNED_CONTEXT((#8815,#8782,#8749))
REPRESENTATION_CONTEXT('AC52_0_V3','TOP_LEVEL_ASSEMBLY_PART')
);
#8684=(
GEOMETRIC_REPRESENTATION_CONTEXT(3)
GLOBAL_UNCERTAINTY_ASSIGNED_CONTEXT((#8717))
GLOBAL_UNIT_ASSIGNED_CONTEXT((#8816,#8783,#8750))
REPRESENTATION_CONTEXT('AC61_0_V3','TOP_LEVEL_ASSEMBLY_PART')
);
#8685=(
GEOMETRIC_REPRESENTATION_CONTEXT(3)
GLOBAL_UNCERTAINTY_ASSIGNED_CONTEXT((#8718))
GLOBAL_UNIT_ASSIGNED_CONTEXT((#8817,#8784,#8751))
REPRESENTATION_CONTEXT('AC53_0_V3','TOP_LEVEL_ASSEMBLY_PART')
);
#8686=(
GEOMETRIC_REPRESENTATION_CONTEXT(3)
GLOBAL_UNCERTAINTY_ASSIGNED_CONTEXT((#8719))
GLOBAL_UNIT_ASSIGNED_CONTEXT((#8818,#8785,#8752))
REPRESENTATION_CONTEXT('AC75_0_V3','TOP_LEVEL_ASSEMBLY_PART')
);
#8687=(
GEOMETRIC_REPRESENTATION_CONTEXT(3)
GLOBAL_UNCERTAINTY_ASSIGNED_CONTEXT((#8720))
GLOBAL_UNIT_ASSIGNED_CONTEXT((#8819,#8786,#8753))
REPRESENTATION_CONTEXT('AC91_0_V3','TOP_LEVEL_ASSEMBLY_PART')
);
#8688=(
GEOMETRIC_REPRESENTATION_CONTEXT(3)
GLOBAL_UNCERTAINTY_ASSIGNED_CONTEXT((#8721))
GLOBAL_UNIT_ASSIGNED_CONTEXT((#8820,#8787,#8754))
REPRESENTATION_CONTEXT('AC57_0_V3','TOP_LEVEL_ASSEMBLY_PART')
);
#8689=(
GEOMETRIC_REPRESENTATION_CONTEXT(3)
GLOBAL_UNCERTAINTY_ASSIGNED_CONTEXT((#8722))
GLOBAL_UNIT_ASSIGNED_CONTEXT((#8821,#8788,#8755))
REPRESENTATION_CONTEXT('AC62_0_V3','TOP_LEVEL_ASSEMBLY_PART')
);
#8690=(
GEOMETRIC_REPRESENTATION_CONTEXT(3)
GLOBAL_UNCERTAINTY_ASSIGNED_CONTEXT((#8723))
GLOBAL_UNIT_ASSIGNED_CONTEXT((#8822,#8789,#8756))
REPRESENTATION_CONTEXT('AC56_0_V3','TOP_LEVEL_ASSEMBLY_PART')
);
#8691=(
GEOMETRIC_REPRESENTATION_CONTEXT(3)
GLOBAL_UNCERTAINTY_ASSIGNED_CONTEXT((#8724))
GLOBAL_UNIT_ASSIGNED_CONTEXT((#8823,#8790,#8757))
REPRESENTATION_CONTEXT('AC77_0_V3','TOP_LEVEL_ASSEMBLY_PART')
);
#8692=(
GEOMETRIC_REPRESENTATION_CONTEXT(3)
GLOBAL_UNCERTAINTY_ASSIGNED_CONTEXT((#8725))
GLOBAL_UNIT_ASSIGNED_CONTEXT((#8824,#8791,#8758))
REPRESENTATION_CONTEXT('AC67_0_V3','TOP_LEVEL_ASSEMBLY_PART')
);
#8693=(
GEOMETRIC_REPRESENTATION_CONTEXT(3)
GLOBAL_UNCERTAINTY_ASSIGNED_CONTEXT((#8726))
GLOBAL_UNIT_ASSIGNED_CONTEXT((#8825,#8792,#8759))
REPRESENTATION_CONTEXT('AC93_0_V3','TOP_LEVEL_ASSEMBLY_PART')
);
#8694=(
GEOMETRIC_REPRESENTATION_CONTEXT(3)
GLOBAL_UNCERTAINTY_ASSIGNED_CONTEXT((#8727))
GLOBAL_UNIT_ASSIGNED_CONTEXT((#8826,#8793,#8760))
REPRESENTATION_CONTEXT('AC92_2_V3','TOP_LEVEL_ASSEMBLY_PART')
);
#8695=(
GEOMETRIC_REPRESENTATION_CONTEXT(3)
GLOBAL_UNCERTAINTY_ASSIGNED_CONTEXT((#8728))
GLOBAL_UNIT_ASSIGNED_CONTEXT((#8827,#8794,#8761))
REPRESENTATION_CONTEXT('AC51_0_V3','TOP_LEVEL_ASSEMBLY_PART')
);
#8696=(
GEOMETRIC_REPRESENTATION_CONTEXT(3)
GLOBAL_UNCERTAINTY_ASSIGNED_CONTEXT((#8729))
GLOBAL_UNIT_ASSIGNED_CONTEXT((#8828,#8795,#8762))
REPRESENTATION_CONTEXT('AC92_0_V3','TOP_LEVEL_ASSEMBLY_PART')
);
#8697=(
GEOMETRIC_REPRESENTATION_CONTEXT(3)
GLOBAL_UNCERTAINTY_ASSIGNED_CONTEXT((#8730))
GLOBAL_UNIT_ASSIGNED_CONTEXT((#8829,#8796,#8763))
REPRESENTATION_CONTEXT('AC92_1_V3','TOP_LEVEL_ASSEMBLY_PART')
);
#8698=(
GEOMETRIC_REPRESENTATION_CONTEXT(3)
GLOBAL_UNCERTAINTY_ASSIGNED_CONTEXT((#8731))
GLOBAL_UNIT_ASSIGNED_CONTEXT((#8830,#8797,#8764))
REPRESENTATION_CONTEXT('AC72_0_V3','TOP_LEVEL_ASSEMBLY_PART')
);
#8699=(
GEOMETRIC_REPRESENTATION_CONTEXT(3)
GLOBAL_UNCERTAINTY_ASSIGNED_CONTEXT((#8732))
GLOBAL_UNIT_ASSIGNED_CONTEXT((#8831,#8798,#8765))
REPRESENTATION_CONTEXT('AC96_0_V3','TOP_LEVEL_ASSEMBLY_PART')
);
#8700=(
GEOMETRIC_REPRESENTATION_CONTEXT(3)
GLOBAL_UNCERTAINTY_ASSIGNED_CONTEXT((#8733))
GLOBAL_UNIT_ASSIGNED_CONTEXT((#8832,#8799,#8766))
REPRESENTATION_CONTEXT('AC65_0_V3','TOP_LEVEL_ASSEMBLY_PART')
);
#8701=(
GEOMETRIC_REPRESENTATION_CONTEXT(3)
GLOBAL_UNCERTAINTY_ASSIGNED_CONTEXT((#8734))
GLOBAL_UNIT_ASSIGNED_CONTEXT((#8833,#8800,#8767))
REPRESENTATION_CONTEXT('AC99_0_V3','TOP_LEVEL_ASSEMBLY_PART')
);
#8702=(
GEOMETRIC_REPRESENTATION_CONTEXT(3)
GLOBAL_UNCERTAINTY_ASSIGNED_CONTEXT((#8735))
GLOBAL_UNIT_ASSIGNED_CONTEXT((#8834,#8801,#8768))
REPRESENTATION_CONTEXT('AC95_0_V3','TOP_LEVEL_ASSEMBLY_PART')
);
#8703=(
GEOMETRIC_REPRESENTATION_CONTEXT(3)
GLOBAL_UNCERTAINTY_ASSIGNED_CONTEXT((#8736))
GLOBAL_UNIT_ASSIGNED_CONTEXT((#8835,#8802,#8769))
REPRESENTATION_CONTEXT('AC93_1_V3','TOP_LEVEL_ASSEMBLY_PART')
);
#8704=(
GEOMETRIC_REPRESENTATION_CONTEXT(3)
GLOBAL_UNCERTAINTY_ASSIGNED_CONTEXT((#8737))
GLOBAL_UNIT_ASSIGNED_CONTEXT((#8836,#8803,#8770))
REPRESENTATION_CONTEXT('AC81_0_V3','TOP_LEVEL_ASSEMBLY_PART')
);
#8705=(
GEOMETRIC_REPRESENTATION_CONTEXT(3)
GLOBAL_UNCERTAINTY_ASSIGNED_CONTEXT((#8738))
GLOBAL_UNIT_ASSIGNED_CONTEXT((#8837,#8804,#8771))
REPRESENTATION_CONTEXT('AC64_0_V3','TOP_LEVEL_ASSEMBLY_PART')
);
#8706=(
GEOMETRIC_REPRESENTATION_CONTEXT(3)
GLOBAL_UNCERTAINTY_ASSIGNED_CONTEXT((#8739))
GLOBAL_UNIT_ASSIGNED_CONTEXT((#8838,#8805,#8772))
REPRESENTATION_CONTEXT('AC60_0_V3','TOP_LEVEL_ASSEMBLY_PART')
);
#8707=(
GEOMETRIC_REPRESENTATION_CONTEXT(3)
GLOBAL_UNCERTAINTY_ASSIGNED_CONTEXT((#8740))
GLOBAL_UNIT_ASSIGNED_CONTEXT((#8839,#8806,#8773))
REPRESENTATION_CONTEXT('AC68_0_V3','TOP_LEVEL_ASSEMBLY_PART')
);
#8708=(
GEOMETRIC_REPRESENTATION_CONTEXT(3)
GLOBAL_UNCERTAINTY_ASSIGNED_CONTEXT((#8741))
GLOBAL_UNIT_ASSIGNED_CONTEXT((#8840,#8807,#8774))
REPRESENTATION_CONTEXT('AC84_0_V3','TOP_LEVEL_ASSEMBLY_PART')
);
#8709=(
GEOMETRIC_REPRESENTATION_CONTEXT(3)
GLOBAL_UNCERTAINTY_ASSIGNED_CONTEXT((#8742))
GLOBAL_UNIT_ASSIGNED_CONTEXT((#8841,#8808,#8775))
REPRESENTATION_CONTEXT('AC79_0_V3','TOP_LEVEL_ASSEMBLY_PART')
);
#8710=(
GEOMETRIC_REPRESENTATION_CONTEXT(3)
GLOBAL_UNCERTAINTY_ASSIGNED_CONTEXT((#8743))
GLOBAL_UNIT_ASSIGNED_CONTEXT((#8842,#8809,#8776))
REPRESENTATION_CONTEXT('AC71_0_V3','TOP_LEVEL_ASSEMBLY_PART')
);
#8711=(
GEOMETRIC_REPRESENTATION_CONTEXT(3)
GLOBAL_UNCERTAINTY_ASSIGNED_CONTEXT((#8744))
GLOBAL_UNIT_ASSIGNED_CONTEXT((#8843,#8810,#8777))
REPRESENTATION_CONTEXT('AC63_0_V3','TOP_LEVEL_ASSEMBLY_PART')
);
#8712=(
GEOMETRIC_REPRESENTATION_CONTEXT(3)
GLOBAL_UNCERTAINTY_ASSIGNED_CONTEXT((#8745))
GLOBAL_UNIT_ASSIGNED_CONTEXT((#8844,#8811,#8778))
REPRESENTATION_CONTEXT('AC89_0_V3','TOP_LEVEL_ASSEMBLY_PART')
);
#8713=(
GEOMETRIC_REPRESENTATION_CONTEXT(3)
GLOBAL_UNCERTAINTY_ASSIGNED_CONTEXT((#8746))
GLOBAL_UNIT_ASSIGNED_CONTEXT((#8845,#8812,#8779))
REPRESENTATION_CONTEXT('AC98_0_V3','TOP_LEVEL_ASSEMBLY_PART')
);
#8714=UNCERTAINTY_MEASURE_WITH_UNIT(LENGTH_MEASURE(1.E-8),#8813,
'DISTANCE_ACCURACY_VALUE','Maximum Tolerance applied to model');
#8715=UNCERTAINTY_MEASURE_WITH_UNIT(LENGTH_MEASURE(1.E-8),#8814,
'DISTANCE_ACCURACY_VALUE','Maximum Tolerance applied to model');
#8716=UNCERTAINTY_MEASURE_WITH_UNIT(LENGTH_MEASURE(1.E-8),#8815,
'DISTANCE_ACCURACY_VALUE','Maximum Tolerance applied to model');
#8717=UNCERTAINTY_MEASURE_WITH_UNIT(LENGTH_MEASURE(1.E-8),#8816,
'DISTANCE_ACCURACY_VALUE','Maximum Tolerance applied to model');
#8718=UNCERTAINTY_MEASURE_WITH_UNIT(LENGTH_MEASURE(1.E-8),#8817,
'DISTANCE_ACCURACY_VALUE','Maximum Tolerance applied to model');
#8719=UNCERTAINTY_MEASURE_WITH_UNIT(LENGTH_MEASURE(1.E-8),#8818,
'DISTANCE_ACCURACY_VALUE','Maximum Tolerance applied to model');
#8720=UNCERTAINTY_MEASURE_WITH_UNIT(LENGTH_MEASURE(1.E-8),#8819,
'DISTANCE_ACCURACY_VALUE','Maximum Tolerance applied to model');
#8721=UNCERTAINTY_MEASURE_WITH_UNIT(LENGTH_MEASURE(1.E-8),#8820,
'DISTANCE_ACCURACY_VALUE','Maximum Tolerance applied to model');
#8722=UNCERTAINTY_MEASURE_WITH_UNIT(LENGTH_MEASURE(1.E-8),#8821,
'DISTANCE_ACCURACY_VALUE','Maximum Tolerance applied to model');
#8723=UNCERTAINTY_MEASURE_WITH_UNIT(LENGTH_MEASURE(1.E-8),#8822,
'DISTANCE_ACCURACY_VALUE','Maximum Tolerance applied to model');
#8724=UNCERTAINTY_MEASURE_WITH_UNIT(LENGTH_MEASURE(1.E-8),#8823,
'DISTANCE_ACCURACY_VALUE','Maximum Tolerance applied to model');
#8725=UNCERTAINTY_MEASURE_WITH_UNIT(LENGTH_MEASURE(1.E-8),#8824,
'DISTANCE_ACCURACY_VALUE','Maximum Tolerance applied to model');
#8726=UNCERTAINTY_MEASURE_WITH_UNIT(LENGTH_MEASURE(1.E-8),#8825,
'DISTANCE_ACCURACY_VALUE','Maximum Tolerance applied to model');
#8727=UNCERTAINTY_MEASURE_WITH_UNIT(LENGTH_MEASURE(1.E-8),#8826,
'DISTANCE_ACCURACY_VALUE','Maximum Tolerance applied to model');
#8728=UNCERTAINTY_MEASURE_WITH_UNIT(LENGTH_MEASURE(1.E-8),#8827,
'DISTANCE_ACCURACY_VALUE','Maximum Tolerance applied to model');
#8729=UNCERTAINTY_MEASURE_WITH_UNIT(LENGTH_MEASURE(1.E-8),#8828,
'DISTANCE_ACCURACY_VALUE','Maximum Tolerance applied to model');
#8730=UNCERTAINTY_MEASURE_WITH_UNIT(LENGTH_MEASURE(1.E-8),#8829,
'DISTANCE_ACCURACY_VALUE','Maximum Tolerance applied to model');
#8731=UNCERTAINTY_MEASURE_WITH_UNIT(LENGTH_MEASURE(1.E-8),#8830,
'DISTANCE_ACCURACY_VALUE','Maximum Tolerance applied to model');
#8732=UNCERTAINTY_MEASURE_WITH_UNIT(LENGTH_MEASURE(1.E-8),#8831,
'DISTANCE_ACCURACY_VALUE','Maximum Tolerance applied to model');
#8733=UNCERTAINTY_MEASURE_WITH_UNIT(LENGTH_MEASURE(1.E-8),#8832,
'DISTANCE_ACCURACY_VALUE','Maximum Tolerance applied to model');
#8734=UNCERTAINTY_MEASURE_WITH_UNIT(LENGTH_MEASURE(1.E-8),#8833,
'DISTANCE_ACCURACY_VALUE','Maximum Tolerance applied to model');
#8735=UNCERTAINTY_MEASURE_WITH_UNIT(LENGTH_MEASURE(1.E-8),#8834,
'DISTANCE_ACCURACY_VALUE','Maximum Tolerance applied to model');
#8736=UNCERTAINTY_MEASURE_WITH_UNIT(LENGTH_MEASURE(1.E-8),#8835,
'DISTANCE_ACCURACY_VALUE','Maximum Tolerance applied to model');
#8737=UNCERTAINTY_MEASURE_WITH_UNIT(LENGTH_MEASURE(1.E-8),#8836,
'DISTANCE_ACCURACY_VALUE','Maximum Tolerance applied to model');
#8738=UNCERTAINTY_MEASURE_WITH_UNIT(LENGTH_MEASURE(1.E-8),#8837,
'DISTANCE_ACCURACY_VALUE','Maximum Tolerance applied to model');
#8739=UNCERTAINTY_MEASURE_WITH_UNIT(LENGTH_MEASURE(1.E-8),#8838,
'DISTANCE_ACCURACY_VALUE','Maximum Tolerance applied to model');
#8740=UNCERTAINTY_MEASURE_WITH_UNIT(LENGTH_MEASURE(1.E-8),#8839,
'DISTANCE_ACCURACY_VALUE','Maximum Tolerance applied to model');
#8741=UNCERTAINTY_MEASURE_WITH_UNIT(LENGTH_MEASURE(1.E-8),#8840,
'DISTANCE_ACCURACY_VALUE','Maximum Tolerance applied to model');
#8742=UNCERTAINTY_MEASURE_WITH_UNIT(LENGTH_MEASURE(1.E-8),#8841,
'DISTANCE_ACCURACY_VALUE','Maximum Tolerance applied to model');
#8743=UNCERTAINTY_MEASURE_WITH_UNIT(LENGTH_MEASURE(1.E-8),#8842,
'DISTANCE_ACCURACY_VALUE','Maximum Tolerance applied to model');
#8744=UNCERTAINTY_MEASURE_WITH_UNIT(LENGTH_MEASURE(1.E-8),#8843,
'DISTANCE_ACCURACY_VALUE','Maximum Tolerance applied to model');
#8745=UNCERTAINTY_MEASURE_WITH_UNIT(LENGTH_MEASURE(1.E-8),#8844,
'DISTANCE_ACCURACY_VALUE','Maximum Tolerance applied to model');
#8746=UNCERTAINTY_MEASURE_WITH_UNIT(LENGTH_MEASURE(1.E-8),#8845,
'DISTANCE_ACCURACY_VALUE','Maximum Tolerance applied to model');
#8747=(
NAMED_UNIT(*)
SI_UNIT($,.STERADIAN.)
SOLID_ANGLE_UNIT()
);
#8748=(
NAMED_UNIT(*)
SI_UNIT($,.STERADIAN.)
SOLID_ANGLE_UNIT()
);
#8749=(
NAMED_UNIT(*)
SI_UNIT($,.STERADIAN.)
SOLID_ANGLE_UNIT()
);
#8750=(
NAMED_UNIT(*)
SI_UNIT($,.STERADIAN.)
SOLID_ANGLE_UNIT()
);
#8751=(
NAMED_UNIT(*)
SI_UNIT($,.STERADIAN.)
SOLID_ANGLE_UNIT()
);
#8752=(
NAMED_UNIT(*)
SI_UNIT($,.STERADIAN.)
SOLID_ANGLE_UNIT()
);
#8753=(
NAMED_UNIT(*)
SI_UNIT($,.STERADIAN.)
SOLID_ANGLE_UNIT()
);
#8754=(
NAMED_UNIT(*)
SI_UNIT($,.STERADIAN.)
SOLID_ANGLE_UNIT()
);
#8755=(
NAMED_UNIT(*)
SI_UNIT($,.STERADIAN.)
SOLID_ANGLE_UNIT()
);
#8756=(
NAMED_UNIT(*)
SI_UNIT($,.STERADIAN.)
SOLID_ANGLE_UNIT()
);
#8757=(
NAMED_UNIT(*)
SI_UNIT($,.STERADIAN.)
SOLID_ANGLE_UNIT()
);
#8758=(
NAMED_UNIT(*)
SI_UNIT($,.STERADIAN.)
SOLID_ANGLE_UNIT()
);
#8759=(
NAMED_UNIT(*)
SI_UNIT($,.STERADIAN.)
SOLID_ANGLE_UNIT()
);
#8760=(
NAMED_UNIT(*)
SI_UNIT($,.STERADIAN.)
SOLID_ANGLE_UNIT()
);
#8761=(
NAMED_UNIT(*)
SI_UNIT($,.STERADIAN.)
SOLID_ANGLE_UNIT()
);
#8762=(
NAMED_UNIT(*)
SI_UNIT($,.STERADIAN.)
SOLID_ANGLE_UNIT()
);
#8763=(
NAMED_UNIT(*)
SI_UNIT($,.STERADIAN.)
SOLID_ANGLE_UNIT()
);
#8764=(
NAMED_UNIT(*)
SI_UNIT($,.STERADIAN.)
SOLID_ANGLE_UNIT()
);
#8765=(
NAMED_UNIT(*)
SI_UNIT($,.STERADIAN.)
SOLID_ANGLE_UNIT()
);
#8766=(
NAMED_UNIT(*)
SI_UNIT($,.STERADIAN.)
SOLID_ANGLE_UNIT()
);
#8767=(
NAMED_UNIT(*)
SI_UNIT($,.STERADIAN.)
SOLID_ANGLE_UNIT()
);
#8768=(
NAMED_UNIT(*)
SI_UNIT($,.STERADIAN.)
SOLID_ANGLE_UNIT()
);
#8769=(
NAMED_UNIT(*)
SI_UNIT($,.STERADIAN.)
SOLID_ANGLE_UNIT()
);
#8770=(
NAMED_UNIT(*)
SI_UNIT($,.STERADIAN.)
SOLID_ANGLE_UNIT()
);
#8771=(
NAMED_UNIT(*)
SI_UNIT($,.STERADIAN.)
SOLID_ANGLE_UNIT()
);
#8772=(
NAMED_UNIT(*)
SI_UNIT($,.STERADIAN.)
SOLID_ANGLE_UNIT()
);
#8773=(
NAMED_UNIT(*)
SI_UNIT($,.STERADIAN.)
SOLID_ANGLE_UNIT()
);
#8774=(
NAMED_UNIT(*)
SI_UNIT($,.STERADIAN.)
SOLID_ANGLE_UNIT()
);
#8775=(
NAMED_UNIT(*)
SI_UNIT($,.STERADIAN.)
SOLID_ANGLE_UNIT()
);
#8776=(
NAMED_UNIT(*)
SI_UNIT($,.STERADIAN.)
SOLID_ANGLE_UNIT()
);
#8777=(
NAMED_UNIT(*)
SI_UNIT($,.STERADIAN.)
SOLID_ANGLE_UNIT()
);
#8778=(
NAMED_UNIT(*)
SI_UNIT($,.STERADIAN.)
SOLID_ANGLE_UNIT()
);
#8779=(
NAMED_UNIT(*)
SI_UNIT($,.STERADIAN.)
SOLID_ANGLE_UNIT()
);
#8780=(
NAMED_UNIT(*)
PLANE_ANGLE_UNIT()
SI_UNIT($,.RADIAN.)
);
#8781=(
NAMED_UNIT(*)
PLANE_ANGLE_UNIT()
SI_UNIT($,.RADIAN.)
);
#8782=(
NAMED_UNIT(*)
PLANE_ANGLE_UNIT()
SI_UNIT($,.RADIAN.)
);
#8783=(
NAMED_UNIT(*)
PLANE_ANGLE_UNIT()
SI_UNIT($,.RADIAN.)
);
#8784=(
NAMED_UNIT(*)
PLANE_ANGLE_UNIT()
SI_UNIT($,.RADIAN.)
);
#8785=(
NAMED_UNIT(*)
PLANE_ANGLE_UNIT()
SI_UNIT($,.RADIAN.)
);
#8786=(
NAMED_UNIT(*)
PLANE_ANGLE_UNIT()
SI_UNIT($,.RADIAN.)
);
#8787=(
NAMED_UNIT(*)
PLANE_ANGLE_UNIT()
SI_UNIT($,.RADIAN.)
);
#8788=(
NAMED_UNIT(*)
PLANE_ANGLE_UNIT()
SI_UNIT($,.RADIAN.)
);
#8789=(
NAMED_UNIT(*)
PLANE_ANGLE_UNIT()
SI_UNIT($,.RADIAN.)
);
#8790=(
NAMED_UNIT(*)
PLANE_ANGLE_UNIT()
SI_UNIT($,.RADIAN.)
);
#8791=(
NAMED_UNIT(*)
PLANE_ANGLE_UNIT()
SI_UNIT($,.RADIAN.)
);
#8792=(
NAMED_UNIT(*)
PLANE_ANGLE_UNIT()
SI_UNIT($,.RADIAN.)
);
#8793=(
NAMED_UNIT(*)
PLANE_ANGLE_UNIT()
SI_UNIT($,.RADIAN.)
);
#8794=(
NAMED_UNIT(*)
PLANE_ANGLE_UNIT()
SI_UNIT($,.RADIAN.)
);
#8795=(
NAMED_UNIT(*)
PLANE_ANGLE_UNIT()
SI_UNIT($,.RADIAN.)
);
#8796=(
NAMED_UNIT(*)
PLANE_ANGLE_UNIT()
SI_UNIT($,.RADIAN.)
);
#8797=(
NAMED_UNIT(*)
PLANE_ANGLE_UNIT()
SI_UNIT($,.RADIAN.)
);
#8798=(
NAMED_UNIT(*)
PLANE_ANGLE_UNIT()
SI_UNIT($,.RADIAN.)
);
#8799=(
NAMED_UNIT(*)
PLANE_ANGLE_UNIT()
SI_UNIT($,.RADIAN.)
);
#8800=(
NAMED_UNIT(*)
PLANE_ANGLE_UNIT()
SI_UNIT($,.RADIAN.)
);
#8801=(
NAMED_UNIT(*)
PLANE_ANGLE_UNIT()
SI_UNIT($,.RADIAN.)
);
#8802=(
NAMED_UNIT(*)
PLANE_ANGLE_UNIT()
SI_UNIT($,.RADIAN.)
);
#8803=(
NAMED_UNIT(*)
PLANE_ANGLE_UNIT()
SI_UNIT($,.RADIAN.)
);
#8804=(
NAMED_UNIT(*)
PLANE_ANGLE_UNIT()
SI_UNIT($,.RADIAN.)
);
#8805=(
NAMED_UNIT(*)
PLANE_ANGLE_UNIT()
SI_UNIT($,.RADIAN.)
);
#8806=(
NAMED_UNIT(*)
PLANE_ANGLE_UNIT()
SI_UNIT($,.RADIAN.)
);
#8807=(
NAMED_UNIT(*)
PLANE_ANGLE_UNIT()
SI_UNIT($,.RADIAN.)
);
#8808=(
NAMED_UNIT(*)
PLANE_ANGLE_UNIT()
SI_UNIT($,.RADIAN.)
);
#8809=(
NAMED_UNIT(*)
PLANE_ANGLE_UNIT()
SI_UNIT($,.RADIAN.)
);
#8810=(
NAMED_UNIT(*)
PLANE_ANGLE_UNIT()
SI_UNIT($,.RADIAN.)
);
#8811=(
NAMED_UNIT(*)
PLANE_ANGLE_UNIT()
SI_UNIT($,.RADIAN.)
);
#8812=(
NAMED_UNIT(*)
PLANE_ANGLE_UNIT()
SI_UNIT($,.RADIAN.)
);
#8813=(
LENGTH_UNIT()
NAMED_UNIT(*)
SI_UNIT($,.METRE.)
);
#8814=(
LENGTH_UNIT()
NAMED_UNIT(*)
SI_UNIT($,.METRE.)
);
#8815=(
LENGTH_UNIT()
NAMED_UNIT(*)
SI_UNIT($,.METRE.)
);
#8816=(
LENGTH_UNIT()
NAMED_UNIT(*)
SI_UNIT($,.METRE.)
);
#8817=(
LENGTH_UNIT()
NAMED_UNIT(*)
SI_UNIT($,.METRE.)
);
#8818=(
LENGTH_UNIT()
NAMED_UNIT(*)
SI_UNIT($,.METRE.)
);
#8819=(
LENGTH_UNIT()
NAMED_UNIT(*)
SI_UNIT($,.METRE.)
);
#8820=(
LENGTH_UNIT()
NAMED_UNIT(*)
SI_UNIT($,.METRE.)
);
#8821=(
LENGTH_UNIT()
NAMED_UNIT(*)
SI_UNIT($,.METRE.)
);
#8822=(
LENGTH_UNIT()
NAMED_UNIT(*)
SI_UNIT($,.METRE.)
);
#8823=(
LENGTH_UNIT()
NAMED_UNIT(*)
SI_UNIT($,.METRE.)
);
#8824=(
LENGTH_UNIT()
NAMED_UNIT(*)
SI_UNIT($,.METRE.)
);
#8825=(
LENGTH_UNIT()
NAMED_UNIT(*)
SI_UNIT($,.METRE.)
);
#8826=(
LENGTH_UNIT()
NAMED_UNIT(*)
SI_UNIT($,.METRE.)
);
#8827=(
LENGTH_UNIT()
NAMED_UNIT(*)
SI_UNIT($,.METRE.)
);
#8828=(
LENGTH_UNIT()
NAMED_UNIT(*)
SI_UNIT($,.METRE.)
);
#8829=(
LENGTH_UNIT()
NAMED_UNIT(*)
SI_UNIT($,.METRE.)
);
#8830=(
LENGTH_UNIT()
NAMED_UNIT(*)
SI_UNIT($,.METRE.)
);
#8831=(
LENGTH_UNIT()
NAMED_UNIT(*)
SI_UNIT($,.METRE.)
);
#8832=(
LENGTH_UNIT()
NAMED_UNIT(*)
SI_UNIT($,.METRE.)
);
#8833=(
LENGTH_UNIT()
NAMED_UNIT(*)
SI_UNIT($,.METRE.)
);
#8834=(
LENGTH_UNIT()
NAMED_UNIT(*)
SI_UNIT($,.METRE.)
);
#8835=(
LENGTH_UNIT()
NAMED_UNIT(*)
SI_UNIT($,.METRE.)
);
#8836=(
LENGTH_UNIT()
NAMED_UNIT(*)
SI_UNIT($,.METRE.)
);
#8837=(
LENGTH_UNIT()
NAMED_UNIT(*)
SI_UNIT($,.METRE.)
);
#8838=(
LENGTH_UNIT()
NAMED_UNIT(*)
SI_UNIT($,.METRE.)
);
#8839=(
LENGTH_UNIT()
NAMED_UNIT(*)
SI_UNIT($,.METRE.)
);
#8840=(
LENGTH_UNIT()
NAMED_UNIT(*)
SI_UNIT($,.METRE.)
);
#8841=(
LENGTH_UNIT()
NAMED_UNIT(*)
SI_UNIT($,.METRE.)
);
#8842=(
LENGTH_UNIT()
NAMED_UNIT(*)
SI_UNIT($,.METRE.)
);
#8843=(
LENGTH_UNIT()
NAMED_UNIT(*)
SI_UNIT($,.METRE.)
);
#8844=(
LENGTH_UNIT()
NAMED_UNIT(*)
SI_UNIT($,.METRE.)
);
#8845=(
LENGTH_UNIT()
NAMED_UNIT(*)
SI_UNIT($,.METRE.)
);
#8846=PRODUCT_DEFINITION_SHAPE('','',#8879);
#8847=PRODUCT_DEFINITION_SHAPE('','',#8880);
#8848=PRODUCT_DEFINITION_SHAPE('','',#8881);
#8849=PRODUCT_DEFINITION_SHAPE('','',#8882);
#8850=PRODUCT_DEFINITION_SHAPE('','',#8883);
#8851=PRODUCT_DEFINITION_SHAPE('','',#8884);
#8852=PRODUCT_DEFINITION_SHAPE('','',#8885);
#8853=PRODUCT_DEFINITION_SHAPE('','',#8886);
#8854=PRODUCT_DEFINITION_SHAPE('','',#8887);
#8855=PRODUCT_DEFINITION_SHAPE('','',#8888);
#8856=PRODUCT_DEFINITION_SHAPE('','',#8889);
#8857=PRODUCT_DEFINITION_SHAPE('','',#8890);
#8858=PRODUCT_DEFINITION_SHAPE('','',#8891);
#8859=PRODUCT_DEFINITION_SHAPE('','',#8892);
#8860=PRODUCT_DEFINITION_SHAPE('','',#8893);
#8861=PRODUCT_DEFINITION_SHAPE('','',#8894);
#8862=PRODUCT_DEFINITION_SHAPE('','',#8895);
#8863=PRODUCT_DEFINITION_SHAPE('','',#8896);
#8864=PRODUCT_DEFINITION_SHAPE('','',#8897);
#8865=PRODUCT_DEFINITION_SHAPE('','',#8898);
#8866=PRODUCT_DEFINITION_SHAPE('','',#8899);
#8867=PRODUCT_DEFINITION_SHAPE('','',#8900);
#8868=PRODUCT_DEFINITION_SHAPE('','',#8901);
#8869=PRODUCT_DEFINITION_SHAPE('','',#8902);
#8870=PRODUCT_DEFINITION_SHAPE('','',#8903);
#8871=PRODUCT_DEFINITION_SHAPE('','',#8904);
#8872=PRODUCT_DEFINITION_SHAPE('','',#8905);
#8873=PRODUCT_DEFINITION_SHAPE('','',#8906);
#8874=PRODUCT_DEFINITION_SHAPE('','',#8907);
#8875=PRODUCT_DEFINITION_SHAPE('','',#8908);
#8876=PRODUCT_DEFINITION_SHAPE('','',#8909);
#8877=PRODUCT_DEFINITION_SHAPE('','',#8910);
#8878=PRODUCT_DEFINITION_SHAPE('','',#8911);
#8879=PRODUCT_DEFINITION('','',#8945,#8912);
#8880=PRODUCT_DEFINITION('','',#8946,#8913);
#8881=PRODUCT_DEFINITION('','',#8947,#8914);
#8882=PRODUCT_DEFINITION('','',#8948,#8915);
#8883=PRODUCT_DEFINITION('','',#8949,#8916);
#8884=PRODUCT_DEFINITION('','',#8950,#8917);
#8885=PRODUCT_DEFINITION('','',#8951,#8918);
#8886=PRODUCT_DEFINITION('','',#8952,#8919);
#8887=PRODUCT_DEFINITION('','',#8953,#8920);
#8888=PRODUCT_DEFINITION('','',#8954,#8921);
#8889=PRODUCT_DEFINITION('','',#8955,#8922);
#8890=PRODUCT_DEFINITION('','',#8956,#8923);
#8891=PRODUCT_DEFINITION('','',#8957,#8924);
#8892=PRODUCT_DEFINITION('','',#8958,#8925);
#8893=PRODUCT_DEFINITION('','',#8959,#8926);
#8894=PRODUCT_DEFINITION('','',#8960,#8927);
#8895=PRODUCT_DEFINITION('','',#8961,#8928);
#8896=PRODUCT_DEFINITION('','',#8962,#8929);
#8897=PRODUCT_DEFINITION('','',#8963,#8930);
#8898=PRODUCT_DEFINITION('','',#8964,#8931);
#8899=PRODUCT_DEFINITION('','',#8965,#8932);
#8900=PRODUCT_DEFINITION('','',#8966,#8933);
#8901=PRODUCT_DEFINITION('','',#8967,#8934);
#8902=PRODUCT_DEFINITION('','',#8968,#8935);
#8903=PRODUCT_DEFINITION('','',#8969,#8936);
#8904=PRODUCT_DEFINITION('','',#8970,#8937);
#8905=PRODUCT_DEFINITION('','',#8971,#8938);
#8906=PRODUCT_DEFINITION('','',#8972,#8939);
#8907=PRODUCT_DEFINITION('','',#8973,#8940);
#8908=PRODUCT_DEFINITION('','',#8974,#8941);
#8909=PRODUCT_DEFINITION('','',#8975,#8942);
#8910=PRODUCT_DEFINITION('','',#8976,#8943);
#8911=PRODUCT_DEFINITION('','',#8977,#8944);
#8912=PRODUCT_DEFINITION_CONTEXT('',#9143,'design');
#8913=PRODUCT_DEFINITION_CONTEXT('',#9144,'design');
#8914=PRODUCT_DEFINITION_CONTEXT('',#9145,'design');
#8915=PRODUCT_DEFINITION_CONTEXT('',#9146,'design');
#8916=PRODUCT_DEFINITION_CONTEXT('',#9147,'design');
#8917=PRODUCT_DEFINITION_CONTEXT('',#9148,'design');
#8918=PRODUCT_DEFINITION_CONTEXT('',#9149,'design');
#8919=PRODUCT_DEFINITION_CONTEXT('',#9150,'design');
#8920=PRODUCT_DEFINITION_CONTEXT('',#9151,'design');
#8921=PRODUCT_DEFINITION_CONTEXT('',#9152,'design');
#8922=PRODUCT_DEFINITION_CONTEXT('',#9153,'design');
#8923=PRODUCT_DEFINITION_CONTEXT('',#9154,'design');
#8924=PRODUCT_DEFINITION_CONTEXT('',#9155,'design');
#8925=PRODUCT_DEFINITION_CONTEXT('',#9156,'design');
#8926=PRODUCT_DEFINITION_CONTEXT('',#9157,'design');
#8927=PRODUCT_DEFINITION_CONTEXT('',#9158,'design');
#8928=PRODUCT_DEFINITION_CONTEXT('',#9159,'design');
#8929=PRODUCT_DEFINITION_CONTEXT('',#9160,'design');
#8930=PRODUCT_DEFINITION_CONTEXT('',#9161,'design');
#8931=PRODUCT_DEFINITION_CONTEXT('',#9162,'design');
#8932=PRODUCT_DEFINITION_CONTEXT('',#9163,'design');
#8933=PRODUCT_DEFINITION_CONTEXT('',#9164,'design');
#8934=PRODUCT_DEFINITION_CONTEXT('',#9165,'design');
#8935=PRODUCT_DEFINITION_CONTEXT('',#9166,'design');
#8936=PRODUCT_DEFINITION_CONTEXT('',#9167,'design');
#8937=PRODUCT_DEFINITION_CONTEXT('',#9168,'design');
#8938=PRODUCT_DEFINITION_CONTEXT('',#9169,'design');
#8939=PRODUCT_DEFINITION_CONTEXT('',#9170,'design');
#8940=PRODUCT_DEFINITION_CONTEXT('',#9171,'design');
#8941=PRODUCT_DEFINITION_CONTEXT('',#9172,'design');
#8942=PRODUCT_DEFINITION_CONTEXT('',#9173,'design');
#8943=PRODUCT_DEFINITION_CONTEXT('',#9174,'design');
#8944=PRODUCT_DEFINITION_CONTEXT('',#9175,'design');
#8945=PRODUCT_DEFINITION_FORMATION_WITH_SPECIFIED_SOURCE('','',#9011,
 .NOT_KNOWN.);
#8946=PRODUCT_DEFINITION_FORMATION_WITH_SPECIFIED_SOURCE('','',#9012,
 .NOT_KNOWN.);
#8947=PRODUCT_DEFINITION_FORMATION_WITH_SPECIFIED_SOURCE('','',#9013,
 .NOT_KNOWN.);
#8948=PRODUCT_DEFINITION_FORMATION_WITH_SPECIFIED_SOURCE('','',#9014,
 .NOT_KNOWN.);
#8949=PRODUCT_DEFINITION_FORMATION_WITH_SPECIFIED_SOURCE('','',#9015,
 .NOT_KNOWN.);
#8950=PRODUCT_DEFINITION_FORMATION_WITH_SPECIFIED_SOURCE('','',#9016,
 .NOT_KNOWN.);
#8951=PRODUCT_DEFINITION_FORMATION_WITH_SPECIFIED_SOURCE('','',#9017,
 .NOT_KNOWN.);
#8952=PRODUCT_DEFINITION_FORMATION_WITH_SPECIFIED_SOURCE('','',#9018,
 .NOT_KNOWN.);
#8953=PRODUCT_DEFINITION_FORMATION_WITH_SPECIFIED_SOURCE('','',#9019,
 .NOT_KNOWN.);
#8954=PRODUCT_DEFINITION_FORMATION_WITH_SPECIFIED_SOURCE('','',#9020,
 .NOT_KNOWN.);
#8955=PRODUCT_DEFINITION_FORMATION_WITH_SPECIFIED_SOURCE('','',#9021,
 .NOT_KNOWN.);
#8956=PRODUCT_DEFINITION_FORMATION_WITH_SPECIFIED_SOURCE('','',#9022,
 .NOT_KNOWN.);
#8957=PRODUCT_DEFINITION_FORMATION_WITH_SPECIFIED_SOURCE('','',#9023,
 .NOT_KNOWN.);
#8958=PRODUCT_DEFINITION_FORMATION_WITH_SPECIFIED_SOURCE('','',#9024,
 .NOT_KNOWN.);
#8959=PRODUCT_DEFINITION_FORMATION_WITH_SPECIFIED_SOURCE('','',#9025,
 .NOT_KNOWN.);
#8960=PRODUCT_DEFINITION_FORMATION_WITH_SPECIFIED_SOURCE('','',#9026,
 .NOT_KNOWN.);
#8961=PRODUCT_DEFINITION_FORMATION_WITH_SPECIFIED_SOURCE('','',#9027,
 .NOT_KNOWN.);
#8962=PRODUCT_DEFINITION_FORMATION_WITH_SPECIFIED_SOURCE('','',#9028,
 .NOT_KNOWN.);
#8963=PRODUCT_DEFINITION_FORMATION_WITH_SPECIFIED_SOURCE('','',#9029,
 .NOT_KNOWN.);
#8964=PRODUCT_DEFINITION_FORMATION_WITH_SPECIFIED_SOURCE('','',#9030,
 .NOT_KNOWN.);
#8965=PRODUCT_DEFINITION_FORMATION_WITH_SPECIFIED_SOURCE('','',#9031,
 .NOT_KNOWN.);
#8966=PRODUCT_DEFINITION_FORMATION_WITH_SPECIFIED_SOURCE('','',#9032,
 .NOT_KNOWN.);
#8967=PRODUCT_DEFINITION_FORMATION_WITH_SPECIFIED_SOURCE('','',#9033,
 .NOT_KNOWN.);
#8968=PRODUCT_DEFINITION_FORMATION_WITH_SPECIFIED_SOURCE('','',#9034,
 .NOT_KNOWN.);
#8969=PRODUCT_DEFINITION_FORMATION_WITH_SPECIFIED_SOURCE('','',#9035,
 .NOT_KNOWN.);
#8970=PRODUCT_DEFINITION_FORMATION_WITH_SPECIFIED_SOURCE('','',#9036,
 .NOT_KNOWN.);
#8971=PRODUCT_DEFINITION_FORMATION_WITH_SPECIFIED_SOURCE('','',#9037,
 .NOT_KNOWN.);
#8972=PRODUCT_DEFINITION_FORMATION_WITH_SPECIFIED_SOURCE('','',#9038,
 .NOT_KNOWN.);
#8973=PRODUCT_DEFINITION_FORMATION_WITH_SPECIFIED_SOURCE('','',#9039,
 .NOT_KNOWN.);
#8974=PRODUCT_DEFINITION_FORMATION_WITH_SPECIFIED_SOURCE('','',#9040,
 .NOT_KNOWN.);
#8975=PRODUCT_DEFINITION_FORMATION_WITH_SPECIFIED_SOURCE('','',#9041,
 .NOT_KNOWN.);
#8976=PRODUCT_DEFINITION_FORMATION_WITH_SPECIFIED_SOURCE('','',#9042,
 .NOT_KNOWN.);
#8977=PRODUCT_DEFINITION_FORMATION_WITH_SPECIFIED_SOURCE('','',#9043,
 .NOT_KNOWN.);
#8978=PRODUCT_RELATED_PRODUCT_CATEGORY('','',(#9011));
#8979=PRODUCT_RELATED_PRODUCT_CATEGORY('','',(#9012));
#8980=PRODUCT_RELATED_PRODUCT_CATEGORY('','',(#9013));
#8981=PRODUCT_RELATED_PRODUCT_CATEGORY('','',(#9014));
#8982=PRODUCT_RELATED_PRODUCT_CATEGORY('','',(#9015));
#8983=PRODUCT_RELATED_PRODUCT_CATEGORY('','',(#9016));
#8984=PRODUCT_RELATED_PRODUCT_CATEGORY('','',(#9017));
#8985=PRODUCT_RELATED_PRODUCT_CATEGORY('','',(#9018));
#8986=PRODUCT_RELATED_PRODUCT_CATEGORY('','',(#9019));
#8987=PRODUCT_RELATED_PRODUCT_CATEGORY('','',(#9020));
#8988=PRODUCT_RELATED_PRODUCT_CATEGORY('','',(#9021));
#8989=PRODUCT_RELATED_PRODUCT_CATEGORY('','',(#9022));
#8990=PRODUCT_RELATED_PRODUCT_CATEGORY('','',(#9023));
#8991=PRODUCT_RELATED_PRODUCT_CATEGORY('','',(#9024));
#8992=PRODUCT_RELATED_PRODUCT_CATEGORY('','',(#9025));
#8993=PRODUCT_RELATED_PRODUCT_CATEGORY('','',(#9026));
#8994=PRODUCT_RELATED_PRODUCT_CATEGORY('','',(#9027));
#8995=PRODUCT_RELATED_PRODUCT_CATEGORY('','',(#9028));
#8996=PRODUCT_RELATED_PRODUCT_CATEGORY('','',(#9029));
#8997=PRODUCT_RELATED_PRODUCT_CATEGORY('','',(#9030));
#8998=PRODUCT_RELATED_PRODUCT_CATEGORY('','',(#9031));
#8999=PRODUCT_RELATED_PRODUCT_CATEGORY('','',(#9032));
#9000=PRODUCT_RELATED_PRODUCT_CATEGORY('','',(#9033));
#9001=PRODUCT_RELATED_PRODUCT_CATEGORY('','',(#9034));
#9002=PRODUCT_RELATED_PRODUCT_CATEGORY('','',(#9035));
#9003=PRODUCT_RELATED_PRODUCT_CATEGORY('','',(#9036));
#9004=PRODUCT_RELATED_PRODUCT_CATEGORY('','',(#9037));
#9005=PRODUCT_RELATED_PRODUCT_CATEGORY('','',(#9038));
#9006=PRODUCT_RELATED_PRODUCT_CATEGORY('','',(#9039));
#9007=PRODUCT_RELATED_PRODUCT_CATEGORY('','',(#9040));
#9008=PRODUCT_RELATED_PRODUCT_CATEGORY('','',(#9041));
#9009=PRODUCT_RELATED_PRODUCT_CATEGORY('','',(#9042));
#9010=PRODUCT_RELATED_PRODUCT_CATEGORY('','',(#9043));
#9011=PRODUCT('AC52_1_V3','AC52_1_V3','AC52_1_V3',(#9077));
#9012=PRODUCT('AC52_2_V3','AC52_2_V3','AC52_2_V3',(#9078));
#9013=PRODUCT('AC52_0_V3','AC52_0_V3','AC52_0_V3',(#9079));
#9014=PRODUCT('AC61_0_V3','AC61_0_V3','AC61_0_V3',(#9080));
#9015=PRODUCT('AC53_0_V3','AC53_0_V3','AC53_0_V3',(#9081));
#9016=PRODUCT('AC75_0_V3','AC75_0_V3','AC75_0_V3',(#9082));
#9017=PRODUCT('AC91_0_V3','AC91_0_V3','AC91_0_V3',(#9083));
#9018=PRODUCT('AC57_0_V3','AC57_0_V3','AC57_0_V3',(#9084));
#9019=PRODUCT('AC62_0_V3','AC62_0_V3','AC62_0_V3',(#9085));
#9020=PRODUCT('AC56_0_V3','AC56_0_V3','AC56_0_V3',(#9086));
#9021=PRODUCT('AC77_0_V3','AC77_0_V3','AC77_0_V3',(#9087));
#9022=PRODUCT('AC67_0_V3','AC67_0_V3','AC67_0_V3',(#9088));
#9023=PRODUCT('AC93_0_V3','AC93_0_V3','AC93_0_V3',(#9089));
#9024=PRODUCT('AC92_2_V3','AC92_2_V3','AC92_2_V3',(#9090));
#9025=PRODUCT('AC51_0_V3','AC51_0_V3','AC51_0_V3',(#9091));
#9026=PRODUCT('AC92_0_V3','AC92_0_V3','AC92_0_V3',(#9092));
#9027=PRODUCT('AC92_1_V3','AC92_1_V3','AC92_1_V3',(#9093));
#9028=PRODUCT('AC72_0_V3','AC72_0_V3','AC72_0_V3',(#9094));
#9029=PRODUCT('AC96_0_V3','AC96_0_V3','AC96_0_V3',(#9095));
#9030=PRODUCT('AC65_0_V3','AC65_0_V3','AC65_0_V3',(#9096));
#9031=PRODUCT('AC99_0_V3','AC99_0_V3','AC99_0_V3',(#9097));
#9032=PRODUCT('AC95_0_V3','AC95_0_V3','AC95_0_V3',(#9098));
#9033=PRODUCT('AC93_1_V3','AC93_1_V3','AC93_1_V3',(#9099));
#9034=PRODUCT('AC81_0_V3','AC81_0_V3','AC81_0_V3',(#9100));
#9035=PRODUCT('AC64_0_V3','AC64_0_V3','AC64_0_V3',(#9101));
#9036=PRODUCT('AC60_0_V3','AC60_0_V3','AC60_0_V3',(#9102));
#9037=PRODUCT('AC68_0_V3','AC68_0_V3','AC68_0_V3',(#9103));
#9038=PRODUCT('AC84_0_V3','AC84_0_V3','AC84_0_V3',(#9104));
#9039=PRODUCT('AC79_0_V3','AC79_0_V3','AC79_0_V3',(#9105));
#9040=PRODUCT('AC71_0_V3','AC71_0_V3','AC71_0_V3',(#9106));
#9041=PRODUCT('AC63_0_V3','AC63_0_V3','AC63_0_V3',(#9107));
#9042=PRODUCT('AC89_0_V3','AC89_0_V3','AC89_0_V3',(#9108));
#9043=PRODUCT('AC98_0_V3','AC98_0_V3','AC98_0_V3',(#9109));
#9044=PRODUCT_CATEGORY('','');
#9045=PRODUCT_CATEGORY('','');
#9046=PRODUCT_CATEGORY('','');
#9047=PRODUCT_CATEGORY('','');
#9048=PRODUCT_CATEGORY('','');
#9049=PRODUCT_CATEGORY('','');
#9050=PRODUCT_CATEGORY('','');
#9051=PRODUCT_CATEGORY('','');
#9052=PRODUCT_CATEGORY('','');
#9053=PRODUCT_CATEGORY('','');
#9054=PRODUCT_CATEGORY('','');
#9055=PRODUCT_CATEGORY('','');
#9056=PRODUCT_CATEGORY('','');
#9057=PRODUCT_CATEGORY('','');
#9058=PRODUCT_CATEGORY('','');
#9059=PRODUCT_CATEGORY('','');
#9060=PRODUCT_CATEGORY('','');
#9061=PRODUCT_CATEGORY('','');
#9062=PRODUCT_CATEGORY('','');
#9063=PRODUCT_CATEGORY('','');
#9064=PRODUCT_CATEGORY('','');
#9065=PRODUCT_CATEGORY('','');
#9066=PRODUCT_CATEGORY('','');
#9067=PRODUCT_CATEGORY('','');
#9068=PRODUCT_CATEGORY('','');
#9069=PRODUCT_CATEGORY('','');
#9070=PRODUCT_CATEGORY('','');
#9071=PRODUCT_CATEGORY('','');
#9072=PRODUCT_CATEGORY('','');
#9073=PRODUCT_CATEGORY('','');
#9074=PRODUCT_CATEGORY('','');
#9075=PRODUCT_CATEGORY('','');
#9076=PRODUCT_CATEGORY('','');
#9077=PRODUCT_CONTEXT('',#9143,'mechanical');
#9078=PRODUCT_CONTEXT('',#9144,'mechanical');
#9079=PRODUCT_CONTEXT('',#9145,'mechanical');
#9080=PRODUCT_CONTEXT('',#9146,'mechanical');
#9081=PRODUCT_CONTEXT('',#9147,'mechanical');
#9082=PRODUCT_CONTEXT('',#9148,'mechanical');
#9083=PRODUCT_CONTEXT('',#9149,'mechanical');
#9084=PRODUCT_CONTEXT('',#9150,'mechanical');
#9085=PRODUCT_CONTEXT('',#9151,'mechanical');
#9086=PRODUCT_CONTEXT('',#9152,'mechanical');
#9087=PRODUCT_CONTEXT('',#9153,'mechanical');
#9088=PRODUCT_CONTEXT('',#9154,'mechanical');
#9089=PRODUCT_CONTEXT('',#9155,'mechanical');
#9090=PRODUCT_CONTEXT('',#9156,'mechanical');
#9091=PRODUCT_CONTEXT('',#9157,'mechanical');
#9092=PRODUCT_CONTEXT('',#9158,'mechanical');
#9093=PRODUCT_CONTEXT('',#9159,'mechanical');
#9094=PRODUCT_CONTEXT('',#9160,'mechanical');
#9095=PRODUCT_CONTEXT('',#9161,'mechanical');
#9096=PRODUCT_CONTEXT('',#9162,'mechanical');
#9097=PRODUCT_CONTEXT('',#9163,'mechanical');
#9098=PRODUCT_CONTEXT('',#9164,'mechanical');
#9099=PRODUCT_CONTEXT('',#9165,'mechanical');
#9100=PRODUCT_CONTEXT('',#9166,'mechanical');
#9101=PRODUCT_CONTEXT('',#9167,'mechanical');
#9102=PRODUCT_CONTEXT('',#9168,'mechanical');
#9103=PRODUCT_CONTEXT('',#9169,'mechanical');
#9104=PRODUCT_CONTEXT('',#9170,'mechanical');
#9105=PRODUCT_CONTEXT('',#9171,'mechanical');
#9106=PRODUCT_CONTEXT('',#9172,'mechanical');
#9107=PRODUCT_CONTEXT('',#9173,'mechanical');
#9108=PRODUCT_CONTEXT('',#9174,'mechanical');
#9109=PRODUCT_CONTEXT('',#9175,'mechanical');
#9110=APPLICATION_PROTOCOL_DEFINITION('international standard',
'automotive_design',2010,#9143);
#9111=APPLICATION_PROTOCOL_DEFINITION('international standard',
'automotive_design',2010,#9144);
#9112=APPLICATION_PROTOCOL_DEFINITION('international standard',
'automotive_design',2010,#9145);
#9113=APPLICATION_PROTOCOL_DEFINITION('international standard',
'automotive_design',2010,#9146);
#9114=APPLICATION_PROTOCOL_DEFINITION('international standard',
'automotive_design',2010,#9147);
#9115=APPLICATION_PROTOCOL_DEFINITION('international standard',
'automotive_design',2010,#9148);
#9116=APPLICATION_PROTOCOL_DEFINITION('international standard',
'automotive_design',2010,#9149);
#9117=APPLICATION_PROTOCOL_DEFINITION('international standard',
'automotive_design',2010,#9150);
#9118=APPLICATION_PROTOCOL_DEFINITION('international standard',
'automotive_design',2010,#9151);
#9119=APPLICATION_PROTOCOL_DEFINITION('international standard',
'automotive_design',2010,#9152);
#9120=APPLICATION_PROTOCOL_DEFINITION('international standard',
'automotive_design',2010,#9153);
#9121=APPLICATION_PROTOCOL_DEFINITION('international standard',
'automotive_design',2010,#9154);
#9122=APPLICATION_PROTOCOL_DEFINITION('international standard',
'automotive_design',2010,#9155);
#9123=APPLICATION_PROTOCOL_DEFINITION('international standard',
'automotive_design',2010,#9156);
#9124=APPLICATION_PROTOCOL_DEFINITION('international standard',
'automotive_design',2010,#9157);
#9125=APPLICATION_PROTOCOL_DEFINITION('international standard',
'automotive_design',2010,#9158);
#9126=APPLICATION_PROTOCOL_DEFINITION('international standard',
'automotive_design',2010,#9159);
#9127=APPLICATION_PROTOCOL_DEFINITION('international standard',
'automotive_design',2010,#9160);
#9128=APPLICATION_PROTOCOL_DEFINITION('international standard',
'automotive_design',2010,#9161);
#9129=APPLICATION_PROTOCOL_DEFINITION('international standard',
'automotive_design',2010,#9162);
#9130=APPLICATION_PROTOCOL_DEFINITION('international standard',
'automotive_design',2010,#9163);
#9131=APPLICATION_PROTOCOL_DEFINITION('international standard',
'automotive_design',2010,#9164);
#9132=APPLICATION_PROTOCOL_DEFINITION('international standard',
'automotive_design',2010,#9165);
#9133=APPLICATION_PROTOCOL_DEFINITION('international standard',
'automotive_design',2010,#9166);
#9134=APPLICATION_PROTOCOL_DEFINITION('international standard',
'automotive_design',2010,#9167);
#9135=APPLICATION_PROTOCOL_DEFINITION('international standard',
'automotive_design',2010,#9168);
#9136=APPLICATION_PROTOCOL_DEFINITION('international standard',
'automotive_design',2010,#9169);
#9137=APPLICATION_PROTOCOL_DEFINITION('international standard',
'automotive_design',2010,#9170);
#9138=APPLICATION_PROTOCOL_DEFINITION('international standard',
'automotive_design',2010,#9171);
#9139=APPLICATION_PROTOCOL_DEFINITION('international standard',
'automotive_design',2010,#9172);
#9140=APPLICATION_PROTOCOL_DEFINITION('international standard',
'automotive_design',2010,#9173);
#9141=APPLICATION_PROTOCOL_DEFINITION('international standard',
'automotive_design',2010,#9174);
#9142=APPLICATION_PROTOCOL_DEFINITION('international standard',
'automotive_design',2010,#9175);
#9143=APPLICATION_CONTEXT(
'core data for automotive mechanical design processes');
#9144=APPLICATION_CONTEXT(
'core data for automotive mechanical design processes');
#9145=APPLICATION_CONTEXT(
'core data for automotive mechanical design processes');
#9146=APPLICATION_CONTEXT(
'core data for automotive mechanical design processes');
#9147=APPLICATION_CONTEXT(
'core data for automotive mechanical design processes');
#9148=APPLICATION_CONTEXT(
'core data for automotive mechanical design processes');
#9149=APPLICATION_CONTEXT(
'core data for automotive mechanical design processes');
#9150=APPLICATION_CONTEXT(
'core data for automotive mechanical design processes');
#9151=APPLICATION_CONTEXT(
'core data for automotive mechanical design processes');
#9152=APPLICATION_CONTEXT(
'core data for automotive mechanical design processes');
#9153=APPLICATION_CONTEXT(
'core data for automotive mechanical design processes');
#9154=APPLICATION_CONTEXT(
'core data for automotive mechanical design processes');
#9155=APPLICATION_CONTEXT(
'core data for automotive mechanical design processes');
#9156=APPLICATION_CONTEXT(
'core data for automotive mechanical design processes');
#9157=APPLICATION_CONTEXT(
'core data for automotive mechanical design processes');
#9158=APPLICATION_CONTEXT(
'core data for automotive mechanical design processes');
#9159=APPLICATION_CONTEXT(
'core data for automotive mechanical design processes');
#9160=APPLICATION_CONTEXT(
'core data for automotive mechanical design processes');
#9161=APPLICATION_CONTEXT(
'core data for automotive mechanical design processes');
#9162=APPLICATION_CONTEXT(
'core data for automotive mechanical design processes');
#9163=APPLICATION_CONTEXT(
'core data for automotive mechanical design processes');
#9164=APPLICATION_CONTEXT(
'core data for automotive mechanical design processes');
#9165=APPLICATION_CONTEXT(
'core data for automotive mechanical design processes');
#9166=APPLICATION_CONTEXT(
'core data for automotive mechanical design processes');
#9167=APPLICATION_CONTEXT(
'core data for automotive mechanical design processes');
#9168=APPLICATION_CONTEXT(
'core data for automotive mechanical design processes');
#9169=APPLICATION_CONTEXT(
'core data for automotive mechanical design processes');
#9170=APPLICATION_CONTEXT(
'core data for automotive mechanical design processes');
#9171=APPLICATION_CONTEXT(
'core data for automotive mechanical design processes');
#9172=APPLICATION_CONTEXT(
'core data for automotive mechanical design processes');
#9173=APPLICATION_CONTEXT(
'core data for automotive mechanical design processes');
#9174=APPLICATION_CONTEXT(
'core data for automotive mechanical design processes');
#9175=APPLICATION_CONTEXT(
'core data for automotive mechanical design processes');
ENDSEC;
END-ISO-10303-21;
